date,close,high,low,open,volume
2021-02-19,151.7798309326172,152.87983062528312,146.8249900354567,146.980745096185,40700
2021-02-22,154.98248291015625,157.49396276684143,151.16655810360004,151.16655810360004,31600
2021-02-23,154.76834106445312,156.8417730363061,152.79224487865767,155.71258582558167,49400
2021-02-24,156.83200073242188,158.81782549396905,155.6541236725464,155.6541236725464,31500
2021-02-25,152.2276153564453,157.4744930149653,150.60196098267366,157.4744930149653,40700
2021-02-26,148.57720947265625,155.55682216862564,142.60997504688706,145.0435923685063,63500
2021-03-01,153.181640625,155.24534378277954,149.52148477177087,150.845373459726,44500
2021-03-02,150.37808227539062,152.69489079417548,149.11259825621516,152.69489079417548,42700
2021-03-03,150.09580993652344,154.787817209973,150.09580993652344,151.4683739051776,46700
2021-03-04,147.2825469970703,152.69491041551024,146.81529655507606,149.0736860694014,43200
2021-03-05,150.6214141845703,150.95239737428892,146.67895180525406,149.97895060673522,44000
2021-03-08,153.4346923828125,156.05326686506214,151.13735715320965,152.46124550338112,28200
2021-03-09,152.49044799804688,155.19662913948463,151.86744258822569,154.80725632845412,24100
2021-03-10,155.61520385742188,156.501043997854,153.04530493564613,153.85326755073726,28000
2021-03-11,156.42318725585938,157.2506082220076,154.56390008205742,157.2506082220076,26300
2021-03-12,159.2948455810547,160.5798025821642,156.5983935859049,156.7249464324561,25400
2021-03-15,157.3187713623047,158.06832971655123,155.43028179254256,158.06832971655123,27900
2021-03-16,155.77098083496094,156.6665502220169,153.8824914270646,155.77098083496094,28900
2021-03-17,154.9922332763672,156.94885640850686,153.7072761004265,156.32585091964478,27400
2021-03-18,154.51522827148438,157.61079725744142,153.64886109102366,153.89222282546342,25200
2021-03-19,154.69044494628906,154.69044494628906,151.2152325070574,154.47628544761045,113600
2021-03-22,149.20989990234375,154.4665058208227,148.47008580269335,154.4665058208227,21900
2021-03-23,142.794921875,148.33383686965828,141.61704464206514,146.9904754534156,30500
2021-03-24,142.59046936035156,148.68425524727343,142.37630989670535,144.24532579011213,20900
2021-03-25,146.52325439453125,146.85422282727046,140.58522143715948,140.97460917004963,24900
2021-03-26,149.11260986328125,150.3780939809632,146.67899227297866,148.4896043543087,45100
2021-03-29,149.81349182128906,153.24975864536094,147.18518781371998,149.11260877212092,65000
2021-03-30,151.0302734375,151.90638451816102,147.91524647581906,147.92499045067476,36400
2021-03-31,152.0037078857422,156.8320104225056,149.7161168780039,152.70459075162103,60100
2021-04-01,153.28871154785156,153.3081846482975,150.89402521620386,152.82146111251427,21300
2021-04-05,156.06300354003906,157.12405702411758,153.95061083929795,155.53733393170776,27400
2021-04-06,154.73910522460938,157.5134196092655,154.5249457467402,155.07980268222386,33000
2021-04-07,153.11346435546875,155.75151212772565,153.0940061110604,155.44000197373177,40700
2021-04-08,153.9895782470703,154.56390839333062,150.85507782176822,153.3178974625596,23500
2021-04-09,155.1382293701172,155.34265975691136,152.83116494543717,154.45681950350505,23500
2021-04-12,155.69309997558594,156.6178715623149,153.38603556962468,155.53734490630376,20600
2021-04-13,153.4541778564453,155.03115717515868,152.655959074813,154.71966187249933,22400
2021-04-14,154.35055541992188,155.65613035619668,149.8979558635738,152.71371786402378,25300
2021-04-15,154.5161895751953,156.3966201117111,153.75622714355825,156.3966201117111,11400
2021-04-16,154.95460510253906,156.4940201561595,153.84388979382865,156.04584487144393,15200
2021-04-19,153.912109375,154.16542521132214,151.2424884223308,153.68802171722174,24400
2021-04-20,150.01486206054688,153.6685330891044,148.68979677285031,150.98917433482887,28400
2021-04-21,152.09014892578125,152.63576140979436,150.618927906219,150.618927906219,26500
2021-04-22,152.3434600830078,154.12645323862856,150.33637927836662,153.27880636033294,32400
2021-04-23,155.14952087402344,156.49406195410742,153.4931778050563,154.01931485681686,23200
2021-04-26,153.93154907226562,155.042264091499,153.85360233288534,154.81816164072302,20800
2021-04-27,154.0582275390625,155.16894276033915,152.95726495374518,155.05203006341208,20700
2021-04-28,154.7207794189453,155.98738824482436,153.45417059306627,153.46390836295194,23500
2021-04-29,154.4967041015625,156.12380381172497,153.45418283448376,156.00687622964787,29100
2021-04-30,153.21060180664062,155.77304778978916,152.35320226649128,152.85984880083635,37700
2021-05-03,154.61361694335938,155.94841999965973,152.66499239783457,155.59766698679226,48800
2021-05-04,156.30892944335938,158.0432191733954,153.94135747398218,154.95463581721705,32900
2021-05-05,157.2247314453125,158.2477620756939,154.48691695141574,155.93864726438153,32500
2021-05-06,158.65699768066406,158.8323816102876,156.62068871732276,156.62068871732276,38200
2021-05-07,160.5763702392578,160.76149191166587,158.58878015338817,158.65697426769395,28700
2021-05-10,156.91297912597656,161.7163310239425,155.45151086004103,160.2743531642635,60400
2021-05-11,154.4967041015625,157.51706322455863,152.7039582223596,154.17517926779502,25100
2021-05-12,149.40103149414062,154.26285479950562,149.40103149414062,153.86338322328007,42700
2021-05-13,154.0387725830078,155.63664407741447,149.4984739325849,149.4984739325849,41800
2021-05-14,154.97409057617188,155.39305253784312,154.01926881724438,154.69154658974264,20500
2021-05-17,155.51971435546875,155.70483605900375,153.2105991134951,153.51263352796803,31200
2021-05-18,153.55162048339844,155.56843916185542,153.0449739376983,155.50024503335615,34100
2021-05-19,151.71018981933594,151.75889354570515,147.9298529630598,151.33994635123503,26600
2021-05-20,151.34962463378906,152.08035864403348,149.8686810771385,152.08035864403348,23700
2021-05-21,151.82708740234375,154.55516481407963,150.8625128738625,152.94754059994423,32100
2021-05-24,149.2549285888672,152.39221590914082,148.30010653781864,152.39221590914082,44500
2021-05-25,146.5463104248047,150.01485968769293,146.5463104248047,149.14772237197087,30500
2021-05-26,148.2221221923828,149.22566258561784,146.48784763707422,146.48784763707422,25800
2021-05-27,148.93338012695312,150.64816443848866,148.08573317562957,150.08306151533097,38400
2021-05-28,150.21942138671875,151.0183643859965,148.89437130038402,148.89437130038402,22700
2021-06-01,152.13885498046875,154.4577229399453,149.68359876472047,151.01840181694416,44900
2021-06-02,149.71282958984375,152.6844850385864,148.114958033822,151.49582285908934,32100
2021-06-03,147.66676330566406,148.78723132141113,146.64373246235593,148.00777854237518,35200
2021-06-04,147.71548461914062,148.8359377887493,146.44887568817504,148.8359377887493,20700
2021-06-07,145.59149169921875,147.63755364243036,144.5294947738458,147.1796256348242,35100
2021-06-08,147.56930541992188,147.9395338789094,145.17249130397155,146.1662937292994,29300
2021-06-09,147.06265258789062,148.70924221219977,145.90321895340924,147.07239035563163,52900
2021-06-10,145.6401824951172,147.4621564060705,145.20174498148697,147.4621564060705,25400
2021-06-11,145.5330047607422,146.34168564966862,143.82795845521417,145.64017969461975,28100
2021-06-14,145.25047302246094,145.26021079297152,143.97412634479156,144.86073919966006,38100
2021-06-15,145.33816528320312,145.3966216430243,143.6526091521134,144.94844630651133,53200
2021-06-16,145.39659118652344,146.3319373482114,143.49668555618229,145.0263626962665,31600
2021-06-17,144.2079315185547,146.14681798926864,142.7269878003761,146.14681798926864,37000
2021-06-18,138.46922302246094,144.39304203770286,138.36204810288106,143.99357053137584,107400
2021-06-21,141.7916717529297,142.97059620995307,139.91125609797632,139.97945023011377,30900
2021-06-22,146.88731384277344,146.9750132466785,138.49848452517995,140.8270902775197,78700
2021-06-23,146.83860778808594,149.04054815175772,146.24427671261884,146.31247084032145,58600
2021-06-24,148.27084350585938,149.78103059339867,145.53302823240386,148.26110573459962,34100
2021-06-25,148.728759765625,150.7163650910681,147.87137509074333,147.87137509074333,114700
2021-06-28,148.19287109375,148.89437697018226,145.33812901138657,147.68622465703285,42100
2021-06-29,147.881103515625,148.56311907759735,147.5011223548958,148.19289055356907,15500
2021-06-30,148.7579803466797,149.67383619821538,146.7508995827565,146.7508995827565,39000
2021-07-01,150.73587036132812,151.27173026090514,148.77749302109177,150.1610147754624,35700
2021-07-02,147.9785614013672,150.433817768248,147.7836870419541,150.27793909427436,20100
2021-07-06,145.1725616455078,148.45598999379615,143.09727127533782,148.45598999379615,31600
2021-07-07,143.4869384765625,145.93245634802648,142.52236420367606,145.34786317655193,40000
2021-07-08,141.2947998046875,143.22393434954074,138.9661935755824,141.41171254473056,22400
2021-07-09,144.19821166992188,146.04939898111655,142.9998117761869,143.83772089813107,23300
2021-07-12,145.24075317382812,145.2504909455403,142.17166026621655,142.89265677724617,21600
2021-07-13,142.32752990722656,145.64993812271885,141.88909238459308,143.74027964318978,22700
2021-07-14,141.8106689453125,143.52709829727405,140.93293772220622,143.52709829727405,17600
2021-07-15,142.01544189453125,142.62010506220028,140.43554675547963,140.43554675547963,18100
2021-07-16,139.78213500976562,143.21500814283135,139.11895940309913,143.21500814283135,16500
2021-07-19,136.1444549560547,138.73860005294628,134.83761297547863,137.35375142617542,22800
2021-07-20,139.67481994628906,142.58105066223015,136.60279909324242,137.10991661341856,38700
2021-07-21,142.23974609375,144.11221808979104,140.87439169922442,140.87439169922442,29000
2021-07-22,137.51954650878906,141.5863238967425,136.74910808111645,141.5863238967425,38500
2021-07-23,139.39202880859375,139.8211398148993,136.6028370297803,137.8023865202535,17700
2021-07-26,140.45504760742188,140.68909731436875,139.08969316552955,140.0356837473335,19400
2021-07-27,139.28475952148438,140.85489263327193,137.53905936089794,138.58258061280284,22500
2021-07-28,140.30877685546875,141.77164731092248,137.87065942971256,139.47006386576513,17200
2021-07-29,142.24949645996094,143.47830205018255,139.76261418540972,141.84964170719974,17700
2021-07-30,143.13699340820312,143.35154891928102,140.86466631803248,142.19100271329256,19100
2021-08-02,140.65985107421875,145.40931342259742,140.35752692725325,145.40931342259742,28400
2021-08-03,141.69361877441406,142.01545204446066,139.95768044343828,140.39655346328448,40400
2021-08-04,137.56834411621094,140.8159185223558,136.79790550769562,139.37255707998764,16700
2021-08-05,141.80087280273438,146.28701384645964,140.31850844347116,146.28701384645964,17500
2021-08-06,144.71688842773438,144.89244060975787,142.2982802568352,144.0439656786369,16200
2021-08-09,144.5315399169922,146.4625239751783,144.37549689301628,145.1264409249538,29200
2021-08-10,148.54962158203125,149.6906587202356,143.53683800642224,144.15124834279666,59400
2021-08-11,150.78292846679688,151.29006103718285,147.4670948566984,149.74916910180454,20300
2021-08-12,151.95321655273438,152.70416082969444,150.22702537933822,150.44158088704108,28500
2021-08-13,148.38380432128906,151.01698275746955,147.75964692392532,151.01698275746955,10400
2021-08-16,146.85269165039062,148.12051569729528,146.5211112495182,146.57962368719123,15800
2021-08-17,143.7513885498047,144.99970340384195,142.34704549982794,144.98995629193536,17600
2021-08-18,143.0199432373047,143.45881622049168,142.22999567730542,143.45881622049168,18300
2021-08-19,141.59609985351562,142.6883716200426,139.66511515738063,141.06945819387815,29600
2021-08-20,143.527099609375,144.15125709589316,141.3132847464218,141.3132847464218,33400
2021-08-23,144.75587463378906,145.78964873656386,144.28776033890952,144.42429429496127,12300
2021-08-24,145.78965759277344,146.5405869561318,144.59985524015255,144.59985524015255,11000
2021-08-25,146.65762329101562,147.4768270580603,145.77014510284104,146.71613571993515,23100
2021-08-26,148.0229949951172,149.1347760288866,146.27730933583734,146.27730933583734,27900
2021-08-27,152.47984313964844,153.60137100726743,148.8226676394754,148.8226676394754,38500
2021-08-30,150.89019775390625,153.81593838013595,150.04173773424728,153.81593838013595,17900
2021-08-31,151.17303466796875,151.88497570438568,149.27130596204296,151.86546659735123,22600
2021-09-01,151.2218017578125,152.19704878566486,148.4228475498246,152.19704878566486,21400
2021-09-02,151.2803192138672,152.38235315382417,150.1295348257723,152.38235315382417,33400
2021-09-03,150.568359375,152.17751071222756,149.85643334688393,150.35380387922487,19900
2021-09-07,146.41383361816406,149.66140784172316,145.59461484674264,149.66140784172316,40900
2021-09-08,146.03346252441406,147.35003678780072,144.49257078059503,145.12647525395693,21500
2021-09-09,144.6486053466797,146.39429048444433,144.6486053466797,145.2727626724881,21700
2021-09-10,143.38079833984375,145.614107114275,143.00045265752274,145.614107114275,18300
2021-09-13,142.84437561035156,144.57056631848408,141.3912527691337,144.57056631848408,17700
2021-09-14,140.630615234375,143.59537446487326,139.82115843397872,143.59537446487326,33700
2021-09-15,141.33274841308594,141.84962796787508,139.245721093442,140.07468673169512,23900
2021-09-16,141.09872436523438,142.11298954664244,139.8016589915161,142.11298954664244,24900
2021-09-17,141.6253662109375,141.6253662109375,139.58710361456534,141.23527337527057,111300
2021-09-20,136.74913024902344,139.060460787808,134.64259323891997,139.060460787808,24100
2021-09-21,137.47084045410156,138.68989935295957,135.2667724410686,138.16325757524248,22200
2021-09-22,141.888671875,150.09048670747893,138.2314961279261,138.83614442282806,44800
2021-09-23,143.2442626953125,144.85341405217855,142.32752827146453,142.32752827146453,26100
2021-09-24,141.0889434814453,143.2344833239731,139.25547485620748,143.2344833239731,24200
2021-09-27,142.2105255126953,143.71239935377963,141.18651318050271,141.18651318050271,20400
2021-09-28,139.22622680664062,142.76637742705458,139.1287110559951,142.76637742705458,28600
2021-09-29,138.72886657714844,140.13322444403502,138.26075224854833,139.1774866828263,23100
2021-09-30,136.07620239257812,140.76713772560507,135.84213777314972,139.73337836503205,29500
2021-10-01,138.72886657714844,139.94792515866996,135.09119993659235,137.44153357214034,40600
2021-10-04,137.74386596679688,138.77762521316802,136.71985383141745,137.30499299371607,18000
2021-10-05,138.63128662109375,139.68455464656603,135.3252015193672,137.88035751639626,30000
2021-10-06,138.3679962158203,138.53378635669853,135.51051586023524,137.08066352512006,20800
2021-10-07,139.7431182861328,141.0207041935473,138.2412446450742,138.2412446450742,19700
2021-10-08,140.07470703125,141.40104331601685,139.34327190835103,139.46029676606747,13600
2021-10-11,138.9239044189453,141.1279717225034,138.6118331794582,139.99668185705636,15000
2021-10-12,139.528564453125,140.1429598075696,138.37776551047324,138.37776551047324,18700
2021-10-13,139.98692321777344,140.34777466346327,136.82713301727043,139.73336439954963,16700
2021-10-14,141.96859741210938,142.41765545554523,140.95335712065557,140.98264189570432,13400
2021-10-15,143.550048828125,145.54148799681607,141.67574875888255,144.66291495972558,42700
2021-10-18,142.54458618164062,143.1107834051253,141.92957602765273,142.45671694848875,13200
2021-10-19,142.90579223632812,143.14984202257062,141.79292580688704,142.31031016207177,15300
2021-10-20,143.70620727539062,144.82882974476416,142.3492917717473,142.3492917717473,14300
2021-10-21,145.6976776123047,145.7172057599756,143.05217218835693,144.25290749251525,27400
2021-10-22,145.61961364746094,146.42986066394198,144.40912143688402,145.46341822113828,21100
2021-10-25,146.9667510986328,147.5134201131887,144.9264989208748,145.08267942816684,19500
2021-10-26,144.96556091308594,147.0155849044465,144.95580428487366,146.4884290686724,15800
2021-10-27,144.32122802734375,145.96124976854242,143.97956738231898,145.6098176022578,19200
2021-10-28,147.77699279785156,147.806277572915,143.59886273851782,144.53600533177445,22300
2021-10-29,147.60130310058594,149.6903686093286,146.36152605467294,147.9136939670526,17100
2021-11-01,150.0124969482422,151.68180377457176,147.29866494873306,147.84533399962493,32900
2021-11-02,151.5451202392578,152.96060564309977,149.70010494280442,150.66653230556727,25300
2021-11-03,152.76539611816406,153.17539793550463,148.8020154259741,151.90633617957494,54700
2021-11-04,148.72389221191406,150.05152316746936,143.94050918434056,149.3584154697173,60900
2021-11-05,153.07777404785156,155.04970034343057,149.99298140637464,149.99298140637464,27600
2021-11-08,154.4834747314453,156.19182279324644,153.5365606141122,153.5365606141122,20600
2021-11-09,154.20037841796875,154.51275430732528,152.47250226568863,153.93680055510274,21900
2021-11-10,153.64395141601562,155.5084949766203,153.0875257628737,153.7220491191189,33300
2021-11-11,153.17538452148438,154.92277413014628,146.42984603900672,154.92277413014628,48200
2021-11-12,152.76539611816406,154.42493153948035,152.40419233728517,154.42493153948035,23000
2021-11-15,151.2718048095703,153.9172957792832,150.41274491607092,153.9172957792832,26500
2021-11-16,153.32179260253906,154.17108085541122,151.45724918025374,151.798924744032,25000
2021-11-17,150.90084838867188,153.77087593051294,149.5048760250214,153.77087593051294,27400
2021-11-18,149.1827392578125,151.98442563864234,148.6848682315224,151.98442563864234,32600
2021-11-19,148.2748565673828,150.69582577053126,147.49389443538254,147.49389443538254,34700
2021-11-22,148.73367309570312,150.57868852130656,148.6165339879232,149.07534868754647,29600
2021-11-23,148.61651611328125,149.47556095970353,147.0643486438124,148.48960549804104,22200
2021-11-24,151.28155517578125,151.69155695463223,147.48414178826533,148.24557579121918,19200
2021-11-26,145.65866088867188,147.99177592758824,142.97411361020426,147.46462012045396,24900
2021-11-29,142.88623046875,148.4408046802173,141.66598182460035,147.7867531944267,37100
2021-11-30,138.8350067138672,142.4957525351885,138.33715064458812,141.41217117625288,27600
2021-12-01,136.66786193847656,142.515299393837,136.5409513000798,142.515299393837,34500
2021-12-02,140.93386840820312,142.47626487335387,137.94670135245713,138.09314016429036,62400
2021-12-03,139.67449951171875,141.99785698018457,137.97590856053677,141.99785698018457,26700
2021-12-06,144.0478973388672,145.7660168172406,141.4902611643403,142.00764535391082,31000
2021-12-07,147.3181915283203,148.06985401747374,146.01984509849032,146.01984509849032,24100
2021-12-08,147.0448760986328,147.61107336756848,145.96129449518313,146.5665331742864,21000
2021-12-09,145.91246032714844,147.2791329183756,145.34626314060745,145.34626314060745,21900
2021-12-10,145.55126953125,148.93868108237814,144.89720312603458,147.26937432233998,16100
2021-12-13,143.4036407470703,147.06438734438098,142.593408608341,144.25294408666528,21000
2021-12-14,141.14859008789062,145.5610131213499,140.49453863686838,142.690986079578,41100
2021-12-15,142.34934997558594,143.1986383667065,139.30359886716735,142.11505684551832,48300
2021-12-16,140.0650177001953,143.95030014964289,139.85025274487455,143.3645748359293,32700
2021-12-17,137.4976348876953,139.53788721947518,134.7545031897791,138.90334893312422,289500
2021-12-20,132.77281188964844,135.23283737852344,131.33779826243915,135.23283737852344,54000
2021-12-21,137.2438201904297,137.5464395111448,132.45067930352525,134.58855759582275,51200
2021-12-22,138.81549072265625,139.02049906067427,136.82405137551953,138.1126262717576,31200
2021-12-23,140.49453735351562,141.30478419023189,138.4152290268147,138.4152290268147,17000
2021-12-27,142.281005859375,142.5348122398246,140.6409986707195,142.47624268246045,15400
2021-12-28,143.0912628173828,143.63793191843922,141.61720757020456,141.61720757020456,15100
2021-12-29,144.20408630371094,145.18028509271758,142.73978812020098,142.73978812020098,24800
2021-12-30,143.4133758544922,144.89718737364365,143.16932614330923,143.94051667657794,18400
2021-12-31,143.67697143554688,143.93079272599198,142.38839641368455,142.5153070589071,14700
2022-01-03,145.6000518798828,146.39078545722484,144.02837114246003,144.94600044072843,30600
2022-01-04,153.2339630126953,153.4389564675605,146.21508959994335,146.8789126864182,35200
2022-01-05,155.08871459960938,155.93801777230098,152.71655842061918,152.71655842061918,35800
2022-01-06,155.94775390625,156.88491128191515,154.7275054406299,155.18632005535196,53200
2022-01-07,152.68727111816406,155.7037220966889,152.14060212607563,155.10824018124694,37600
2022-01-10,152.86300659179688,153.07777157574884,150.3151264600172,151.48656234799986,37400
2022-01-11,153.71231079101562,154.47374486740154,151.16443064445795,153.8001651316104,27600
2022-01-12,150.6079864501953,155.71350325017005,150.6079864501953,153.79038995290483,21600
2022-01-13,153.46827697753906,155.18638214208912,152.24802802372358,152.24802802372358,18300
2022-01-14,154.9244384765625,155.25672298521832,150.809923534919,150.809923534919,33300
2022-01-18,151.5331573486328,153.50734386420194,151.12268558231054,152.96981598710528,30400
2022-01-19,147.99526977539062,152.46162056146864,147.99526977539062,152.46162056146864,19600
2022-01-20,144.7114715576172,150.4483229753674,144.63328433450266,148.08321539873305,26200
2022-01-21,144.80921936035156,147.57503133988686,143.9491746705482,144.91672494657698,41300
2022-01-24,145.8549346923828,147.33067941279225,142.01406743468524,142.5515952840689,48200
2022-01-25,143.33349609375,145.10243971516232,140.03992349727167,143.31394555347288,51200
2022-01-26,139.7467041015625,146.24586273942708,137.8897909816805,144.8287546431283,34300
2022-01-27,137.54776000976562,141.6524932038156,136.199056208254,140.25492051290155,29900
2022-01-28,137.80184936523438,138.2709578683712,134.52782783013313,138.17323500792503,36100
2022-01-31,137.65524291992188,138.48595425212127,136.08176038165143,136.08176038165143,45000
2022-02-01,136.60948181152344,138.79867906684228,135.59307785425634,138.79867906684228,47200
2022-02-02,131.7424774169922,136.472693246424,131.66429018270117,136.472693246424,71100
2022-02-03,132.7979736328125,133.11070763590803,129.57282127405682,132.73933693927515,57200
2022-02-04,133.77528381347656,134.88942566369036,131.93792132226187,131.93792132226187,46700
2022-02-07,133.71664428710938,134.79168504598633,132.70022530441386,133.29638982906567,24000
2022-02-08,137.01019287109375,137.3327095536904,133.76549042510604,133.76549042510604,20800
2022-02-09,137.64547729492188,138.388248593263,136.98090814660685,137.84093793191508,19300
2022-02-10,135.1435089111328,137.72362739674097,134.24437829325126,135.37807055989234,30000
2022-02-11,134.9480743408203,137.48909225179128,133.86325073930158,137.48909225179128,30900
2022-02-14,134.6450958251953,137.36203848632852,134.08801744521128,134.89919311924575,35700
2022-02-15,135.85696411132812,136.82451425930105,135.27058228354426,135.54423011904777,42900
2022-02-16,135.45628356933594,137.26431295915282,134.73306286579546,136.15995373691868,41900
2022-02-17,133.7948455810547,134.8699014855084,133.42347483353615,134.6646581173159,42500
2022-02-18,133.5211639404297,134.86986738635318,132.41680487709638,132.41680487709638,61700
2022-02-22,131.79132080078125,134.19551441108416,131.57630967625826,133.5504810375152,42400
2022-02-23,131.654541015625,132.45593418339394,130.1787809925056,132.23115517340526,62900
2022-02-24,131.51766967773438,132.14315250258807,128.37070502099604,129.2209667748491,59200
2022-02-25,134.80145263671875,136.82450787554015,132.3874911103017,136.82450787554015,33700
2022-02-28,135.9547119140625,137.6552506568853,133.061843980184,133.061843980184,56500
2022-03-01,135.1728515625,136.3456301918357,134.11734632229104,135.280357140096,52000
2022-03-02,139.02346801757812,140.7826431788969,135.37807651154486,135.37807651154486,29700
2022-03-03,140.12786865234375,140.6262954959314,138.1341314526128,140.22559151103476,41700
2022-03-04,139.95191955566406,140.4112601592444,137.25452753452882,138.43707383615578,26800
2022-03-07,138.02659606933594,142.87409917708152,137.5379371433114,140.89991294039007,33800
2022-03-08,140.1962432861328,143.9100541168469,137.80181752445102,137.80181752445102,44000
2022-03-09,140.68492126464844,141.8674825906574,140.13762557788658,141.8674825906574,41200
2022-03-10,139.43397521972656,140.01058933490833,136.795219262579,139.0332712090988,30700
2022-03-11,140.60671997070312,142.3658951540954,140.15716209270082,140.85104944304408,24300
2022-03-14,142.09225463867188,142.7666064030105,138.1047956556729,140.42103440041143,43400
2022-03-15,143.1770782470703,144.18371453251586,142.0433858573316,143.48982714604168,33900
2022-03-16,143.87094116210938,146.92016752892448,143.11840237856646,146.92016752892448,32300
2022-03-17,144.28146362304688,145.18059440917207,142.58092490488363,142.58092490488363,20000
2022-03-18,145.68878173828125,145.90377794956524,142.13133038264425,144.0077938123359,56200
2022-03-21,145.5421600341797,146.39242171918863,144.02731451318743,144.86780838909576,23600
2022-03-22,145.89404296875,148.58166771047598,144.8483203692957,148.58166771047598,27600
2022-03-23,144.17396545410156,145.94290876976697,143.0793590781687,144.48669948101792,33000
2022-03-24,142.5515899658203,144.70168637045188,142.19975492413968,144.34985132877125,35000
2022-03-25,144.19351196289062,144.96560164539494,139.92263645874232,143.81235848440477,49500
2022-03-28,142.28773498535156,142.81549509705144,141.7306714371021,142.81549509705144,26900
2022-03-29,143.685302734375,144.38897291774762,142.8545764334604,143.685302734375,51600
2022-03-30,143.82212829589844,145.35650988490835,143.62666766778565,144.65283969355028,23900
2022-03-31,140.5285186767578,144.15437424476735,139.51211473519012,142.84477198321548,58600
2022-04-01,139.39486694335938,141.55473130766117,138.09503225270913,140.73378779125747,60600
2022-04-04,139.0723419189453,141.05629608812922,137.18611059339003,138.54458189513696,52800
2022-04-05,136.8440704345703,139.07235427991083,136.1110819351112,139.07235427991083,55400
2022-04-06,135.05557250976562,137.67477750835505,134.351902379135,136.82451564746336,53900
2022-04-07,133.04229736328125,134.82100827845494,132.46566843888786,134.76237158745965,54800
2022-04-08,131.07786560058594,133.7361713523065,130.87263720267293,133.7361713523065,46300
2022-04-11,130.27647399902344,132.58294475006136,129.84645175367427,130.96059351994842,49500
2022-04-12,132.73931884765625,133.7264045172752,131.24400880281087,131.24400880281087,41700
2022-04-13,134.13690185546875,135.11421990177453,131.8108801332002,131.95748678776002,42500
2022-04-14,133.89224243164062,136.17237041217052,133.7650194791847,134.7436208186391,30300
2022-04-18,133.56930541992188,134.313037080231,132.0133179041271,132.90384872825854,37400
2022-04-19,134.24452209472656,135.2720564685939,133.38336308588663,133.38336308588663,55600
2022-04-20,136.13323974609375,137.385848328742,135.21335205177692,135.21335205177692,53100
2022-04-21,134.9002227783203,137.5326482708037,134.2739184154701,137.37608337929657,35300
2022-04-22,131.17173767089844,133.55952770515535,131.16195703157808,133.55952770515535,37400
2022-04-25,130.0072021484375,130.50628348753168,127.57047928334212,130.50628348753168,56200
2022-04-26,126.74845123291016,130.83899771487032,126.7386556627409,128.76436762792568,49600
2022-04-27,126.02427673339844,128.3729139273416,125.26096889875336,125.9068493533826,49500
2022-04-28,127.45304870605467,127.76619338188856,123.47013393448798,126.87566254514348,43600
2022-04-29,123.73435974121094,127.45304793754968,123.0591224060421,126.43529414961434,34200
2022-05-02,124.42916107177734,126.77780576585796,121.66950560941991,124.35087117320968,37100
2022-05-03,124.72272491455078,125.56432257731716,123.33311294714952,123.5288376746155,34900
2022-05-04,126.74845123291016,127.74661386024866,123.01997500655824,123.94965077020576,28300
2022-05-05,118.88050079345705,130.76071366970285,118.69456413917504,128.91115762976295,47500
2022-05-06,114.3006362915039,117.5593729880099,114.19298954983331,117.43215750518806,62500
2022-05-09,112.48045349121094,113.53733738707253,110.85597149412452,113.1752596274866,45700
2022-05-10,111.23760986328124,112.47064961268453,106.9709075257206,112.2357873872243,43100
2022-05-11,109.24127197265624,113.6547663924649,109.03576657388062,110.58195858311008,29900
2022-05-12,111.07125091552734,111.3159012479404,107.27428044428554,109.25105184508335,33900
2022-05-13,111.50183868408205,113.07738743333724,110.24923016778524,111.85413576255746,25600
2022-05-16,110.81681060791016,112.22599888797546,109.64249201861274,110.43515669308172,33100
2022-05-17,113.36116790771484,114.40827843756531,112.73486369013573,112.73486369013573,27600
2022-05-18,111.01252746582033,114.1929815075969,110.34707832151088,111.85412513262736,52100
2022-05-19,110.36666870117188,112.08900931817108,109.4174241141545,110.7385420249894,48300
2022-05-20,109.17278289794922,112.34345719011726,106.03147292285992,111.4235693745471,60300
2022-05-23,109.65229034423828,111.6094931529448,109.36849504103948,110.90489894722867,30400
2022-05-24,110.57217407226562,110.97340424444144,106.6675564363522,109.45656903343324,28200
2022-05-25,112.26513671875,112.72508050134032,110.09264074676555,110.09264074676555,33300
2022-05-26,114.29085540771484,115.05416328513572,113.55690437694308,113.81134282479536,31600
2022-05-27,114.95629119873048,115.94468056177908,114.01683488513248,115.3770900391464,36000
2022-05-31,115.11287689208984,115.57282073227692,113.03824675832485,114.98566140132712,56900
2022-06-01,115.96427154541016,115.98384028926289,112.19665746522118,114.8878114462328,39200
2022-06-02,119.55574035644533,120.04504109373072,116.05234528560892,116.05234528560892,35200
2022-06-03,117.3147430419922,119.51659637776172,117.19731564241202,118.38142254037834,25900
2022-06-06,117.56917572021484,118.3129149008055,116.79607969117684,117.12880806123178,37600
2022-06-07,118.02911376953124,118.12697241490966,116.61014474620416,117.34409578574632,20600
2022-06-08,115.62175750732422,118.37162506652808,115.61196940275497,118.37162506652808,19400
2022-06-09,113.6156234741211,115.55325757261772,113.6156234741211,114.3397864350744,21200
2022-06-10,111.4626922607422,112.99909604027935,110.2785855550218,112.67615581159136,23200
2022-06-13,109.8186492919922,110.06329963974083,106.97091566045266,109.5837870486716,37700
2022-06-14,109.41741943359376,110.91467837127938,107.86144680145335,109.52506618418492,38800
2022-06-15,111.9226303100586,112.76422800234928,110.09264324126184,110.7678805089715,45100
2022-06-16,107.4797821044922,112.13791889666192,106.70668618491058,110.33729609622026,62700
2022-06-17,110.84618377685548,111.2572020631615,107.96910056953288,108.30182148125004,84900
2022-06-21,114.62357330322266,115.44560231864892,110.90489265726664,111.28654658602804,66400
2022-06-22,116.90372467041016,118.48906165771264,113.5569096077968,113.5569096077968,59500
2022-06-23,112.36300659179688,117.4713068280796,111.32569155103636,116.31655693763204,40500
2022-06-24,116.02297973632812,116.55142538890892,112.66637663158926,112.66637663158926,140200
2022-06-27,114.35935974121094,117.27558772044236,113.75262418784288,117.27558772044236,37600
2022-06-28,111.18871307373048,115.47498526261816,110.9146983625688,115.35755038640602,32900
2022-06-29,112.70552825927734,113.05782538186492,108.71283251404265,112.01072211921203,33400
2022-06-30,113.93854522705078,114.79971164975488,111.17888996700768,111.17888996700768,46000
2022-07-01,115.94469451904295,116.34591720152326,112.53915843942826,114.5550748883971,41700
2022-07-05,114.19298553466795,116.9428527370624,111.21803675320312,113.72325363606394,79200
2022-07-06,111.433349609375,114.21257413889236,110.66025356925633,114.21257413889236,39400
2022-07-07,114.79972076416016,114.80950886807456,112.15750013358289,112.51958531705904,26500
2022-07-08,114.13428497314452,116.11106409266276,113.10675792539786,114.37893533681802,31400
2022-07-11,113.45903778076172,114.21255750110916,112.92080407613108,113.31224609166831,34300
2022-07-12,111.68778228759766,113.88963557941108,111.50185308659522,113.50798160612102,35900
2022-07-13,111.10061645507812,111.35505491121693,109.52506759375171,110.90489916028596,35000
2022-07-14,111.01252746582033,111.4431069360429,108.60516930244252,109.24125413788988,26700
2022-07-15,113.29630279541016,113.84519560063056,111.44380733804542,112.92384596308344,29400
2022-07-18,112.79642486572266,114.68812742872032,112.37495722283712,114.68812742872032,34000
2022-07-19,116.55042266845705,117.27573644475773,114.51169518469162,114.51169518469162,38600
2022-07-20,119.00081634521484,119.24585549511144,116.07014272829076,116.66803885227851,31100
2022-07-21,119.62812042236328,119.82414875837468,117.22673217721449,118.05986382226544,24200
2022-07-22,118.36370849609376,119.0792185985228,116.94247699469167,117.6285910747482,26500
2022-07-25,119.7065200805664,120.17699852793984,116.94247883200067,118.34410303650748,23800
2022-07-26,119.04000854492188,120.52004701109269,118.56953759437812,119.47127981458776,38300
2022-07-27,121.1473617553711,122.04910408840868,118.91260576566842,118.91260576566842,31500
2022-07-28,123.54874420166016,123.74477253328456,121.0591455044224,121.30418465795368,18000
2022-07-29,126.8420639038086,126.87146740410172,123.33310162747613,123.33310162747613,34800
2022-08-01,127.66539764404295,128.32210077386395,124.783734835931,125.50905610689888,36600
2022-08-02,124.57789611816406,127.9496295680671,123.73496088618803,126.46959856043568,40600
2022-08-03,124.47988891601562,125.28361703351864,122.6175898697033,124.16623910133154,38300
2022-08-04,129.56689453125,129.73351934719253,123.62714085434892,126.36177847964478,35400
2022-08-05,131.9094696044922,132.29173005875478,129.34146424283068,129.64531037878277,45300
2022-08-08,131.51742553710938,134.35988908573387,130.3118369222817,133.93841390610805,40100
2022-08-09,130.92935180664062,132.5858192506583,130.4294772049811,132.2133548674572,33600
2022-08-10,133.8697967529297,135.70268489841763,132.7426076343434,133.25229327888678,41200
2022-08-11,135.27142333984375,135.82032366526315,133.8109994010805,135.51646251947568,34400
2022-08-12,137.59439086914062,137.71200487742098,134.69312069819915,134.8989601686929,25800
2022-08-15,140.78968811035156,141.10334538939102,136.03592279742526,136.03592279742526,32900
2022-08-16,138.11387634277344,140.27021796911112,137.2219302069872,139.12343648995886,47700
2022-08-17,135.88888549804688,138.06483394736702,135.75166419745912,138.06483394736702,43800
2022-08-18,136.7220458984375,137.56498115036084,134.5656894707249,135.02636425700874,33400
2022-08-19,134.4873046875,136.0751537236989,133.8305865504013,135.69289321661384,60400
2022-08-22,131.1155548095703,134.11483166384747,130.23340488089858,133.17387473113158,37500
2022-08-23,131.3802032470703,133.3993387006329,130.3412394924828,132.36035999004042,29800
2022-08-24,131.23316955566406,132.56618316017284,130.4000304443449,130.45885240472293,25400
2022-08-25,133.42872619628906,133.87958986859326,130.831302165481,131.03714163744814,25800
2022-08-26,130.45884704589844,134.2716555516178,129.85113979498,134.2716555516178,33700
2022-08-29,129.93939208984375,130.76272019931776,128.24371008446786,128.60637826478822,36000
2022-08-30,129.3218994140625,129.92959188562918,128.04769249586832,129.81197784752126,37800
2022-08-31,128.165283203125,129.9785790592379,128.13587969895056,129.38068288101726,42900
2022-09-01,127.64581298828124,128.17510602366906,126.34220267905523,127.76344197170384,25800
2022-09-02,125.8717269897461,129.3512864144065,124.71514173527892,129.3316790918887,33300
2022-09-06,126.51862335205078,127.4497691870002,126.02854502249808,127.01849786403322,34400
2022-09-07,129.33169555664062,129.380706391172,126.46963930089008,126.9695139186935,36800
2022-09-08,128.6161346435547,129.18462719730013,127.17530341988972,128.82195912922057,27400
2022-09-09,129.13563537597656,130.01777035629544,128.12607524845487,128.7337675701855,50800
2022-09-12,131.40960693359375,131.40960693359375,129.96877548694994,130.20400350697128,38800
2022-09-13,126.87147521972656,130.45885203650016,126.02853992872517,129.12583843575385,43200
2022-09-14,126.49905395507812,127.33219334749096,125.3424684514741,127.33219334749096,29700
2022-09-15,126.04813385009766,128.04764656067084,124.37205962829243,127.45954666908968,31600
2022-09-16,121.2159652709961,123.30370362083691,119.87315551110936,122.79401799971087,97500
2022-09-19,124.06824493408205,124.29367680203376,120.40245325397122,120.40245325397122,25900
2022-09-20,122.4117660522461,122.666608880566,120.74550270262031,122.666608880566,34800
2022-09-21,121.84327697753906,125.2052147574798,121.36300228840528,123.65657285484406,47100
2022-09-22,120.36322784423828,121.18655576030716,119.53008879078628,121.18655576030716,51100
2022-09-23,118.42252349853516,118.9518089750274,116.37399973540931,118.9518089750274,42100
2022-09-26,119.09883880615234,119.59871332260226,117.93244997843205,117.93244997843205,41000
2022-09-27,119.4320831298828,120.510253920602,118.06966602086466,120.19660410006549,33600
2022-09-28,122.55878448486328,123.51933378339284,120.43184641726054,120.5494604255694,45900
2022-09-29,121.63743591308594,121.98048923692994,119.471290664812,121.74525374029427,28200
2022-09-30,119.84375,123.31350542952455,119.64772166169988,121.59823129639248,40700
2022-10-03,123.72516632080078,124.24464810305903,120.55925732986672,120.55925732986672,34100
2022-10-04,128.76315307617188,128.86117470739785,125.72467693618124,125.72467693618124,43700
2022-10-05,130.5960693359375,131.03713680989983,127.92023107896092,127.92023107896092,78400
2022-10-06,130.8803253173828,131.45861419138197,129.43949374589025,130.69409314805995,42000
2022-10-07,130.2039794921875,131.24294293833103,127.18509582535502,127.18509582535502,60100
2022-10-10,130.32162475585938,131.30178133058274,129.25324272284905,131.23316319147094,35300
2022-10-11,130.74310302734375,132.72302377041655,129.3316749711336,129.99818931145705,55800
2022-10-12,130.72348022460938,132.07610111096162,129.6257096246729,131.73304032048011,35400
2022-10-13,134.19325256347656,134.89896655859323,129.24345841517348,129.4296905744409,48500
2022-10-14,133.6051483154297,134.13444127286573,131.72324937388635,134.04621580929083,46300
2022-10-17,137.1678009033203,137.43279728099373,135.0871263213235,135.62692821074074,35200
2022-10-18,139.70980834960938,140.32811341361165,138.57131953774172,139.36629388844523,26100
2022-10-19,141.28009033203125,141.417493088789,138.26703881749404,140.0827170335233,34900
2022-10-20,139.87664794921875,142.06528335448385,139.2975794541256,140.6421798842582,51300
2022-10-21,146.1972198486328,146.54071935296477,140.92680797872654,140.92680797872654,38900
2022-10-24,147.13938903808594,147.95399658753544,145.4120376532867,147.67919102576693,38400
2022-10-25,149.63229370117188,149.63229370117188,146.70755370705766,146.70755370705766,28500
2022-10-26,150.1720733642578,153.08698910322568,149.25932953477283,150.29966700846617,35700
2022-10-27,147.53195190429688,153.52861250236649,147.41416741684404,151.62460716857535,274400
2022-10-28,146.73695373535156,150.996468846522,145.58865613990804,148.6998586798587,74400
2022-10-31,149.2593231201172,150.85909575663618,145.57887562563178,147.31605103624707,40500
2022-11-01,150.7511444091797,151.82092428424093,148.37601563821678,151.03575910982,57400
2022-11-02,147.27676391601562,152.9986339498127,146.4032717653612,150.86888376171774,41300
2022-11-03,147.94418334960938,150.2800305598754,145.08815243779767,145.66720592862723,32000
2022-11-04,140.84825134277344,142.29098780248333,134.96936009919654,142.29098780248333,52100
2022-11-07,141.19178771972656,143.23321115738074,139.86682056847383,142.06528003420445,77800
2022-11-08,145.98129272460938,147.24736022871733,141.7610427512811,141.7610427512811,37500
2022-11-09,146.8351593017578,147.10996489760453,143.63562844966722,145.18631075089576,53800
2022-11-10,152.18405151367188,153.9506693484875,149.42617185455006,151.59518888591973,70100
2022-11-11,150.6431884765625,155.51118574588796,150.60392197999826,152.76311504183363,61300
2022-11-14,148.63119506835938,152.59625727455153,148.42508341786242,149.19061530408658,43200
2022-11-15,143.97911071777344,149.0728527196931,143.73374753830356,149.0728527196931,51200
2022-11-16,144.65631103515625,146.27570197948322,143.10561399156012,144.50909912231907,41500
2022-11-17,147.8165740966797,148.1011887563535,142.18303088004606,143.0957895694678,41900
2022-11-18,147.32583618164062,150.09352445940866,146.2462324354118,150.09352445940866,38500
2022-11-21,148.86671447753906,150.08372102167843,146.72715512298174,147.32584177301632,45500
2022-11-22,147.28660583496094,149.39672303442856,146.33459556988197,148.0619468362813,34100
2022-11-23,147.00198364257812,149.48505776596602,146.26589412040906,146.62902682576296,35200
2022-11-25,146.756591796875,149.37706818674417,146.4719771599175,148.18951904275798,21000
2022-11-28,143.9987335205078,147.67918094559758,143.37060442565698,147.4043754025865,32700
2022-11-29,143.2626495361328,145.00963411625614,142.80136557641467,142.80136557641467,36400
2022-11-30,147.7086181640625,148.258229230874,140.6519714848841,143.40985092956362,66200
2022-12-01,147.8362274169922,149.04341006456536,144.56798807531655,148.48397482801929,30600
2022-12-02,149.39671325683594,149.6617096472412,144.42074147683212,146.03032311256902,52000
2022-12-05,146.52105712890625,148.5821136504544,143.48837208427346,148.5821136504544,44900
2022-12-06,144.33242797851562,146.22663942852836,143.62578085450644,145.85368261980702,44200
2022-12-07,143.6748504638672,146.04996404058488,142.09471112440795,142.09471112440795,33600
2022-12-08,143.8809814453125,145.65740855514633,142.39897818457104,142.39897818457104,42400
2022-12-09,143.03692626953125,144.09689701508452,142.0652826754957,143.15469580488823,36200
2022-12-12,144.64649963378906,144.64649963378906,142.2811950993923,144.1263309155397,31400
2022-12-13,144.46002197265625,148.4152750642428,142.99765209215064,148.4152750642428,71600
2022-12-14,142.80136108398438,146.17756060814273,142.53636467432173,144.1753888085702,41700
2022-12-15,137.5996551513672,141.986749587054,137.18744684559658,141.986749587054,55800
2022-12-16,135.2932891845703,136.7163929041883,134.98902620382296,135.676055219168,173000
2022-12-19,138.2376251220703,138.54187307689216,134.9203100517564,136.0587988301314,33800
2022-12-20,139.50367736816406,139.73923139256758,137.0696790191094,138.482973213973,39000
2022-12-21,139.4153594970703,141.2703045072515,138.9148090338949,141.22122887693118,40900
2022-12-22,136.61819458007812,139.34663152324543,135.25397610849447,137.86464353565614,42000
2022-12-23,138.9049835205078,139.4644186837953,135.5876689822773,137.27576863095737,24900
2022-12-27,138.4927978515625,139.81776505150486,138.15910751147257,138.90500620857603,30300
2022-12-28,138.73814392089844,141.39788712881955,137.74688215912917,139.4153486295024,37900
2022-12-29,140.62255859375,140.96607307043288,138.0609661392146,140.18090782071593,35400
2022-12-30,138.97369384765625,139.91587995516858,137.96279886992002,139.16998137207315,47400
2023-01-03,137.6683807373047,140.39681817040045,136.91265793042004,140.39681817040045,50200
2023-01-04,140.13182067871094,140.50477751125462,137.40338326620164,138.96388952482337,49100
2023-01-05,137.83522033691406,140.33792773073858,136.85376763155384,140.33792773073858,57900
2023-01-06,145.99110412597656,146.02054651193947,138.25725126305298,139.99442691377075,44400
2023-01-09,144.19503784179688,146.42293980237378,141.7806724362951,145.93221342189838,74900
2023-01-10,148.8373260498047,148.8373260498047,143.04675993964503,143.0565690773471,40200
2023-01-11,150.42726135253906,151.15352677487687,149.13173658440152,149.34765737909112,39700
2023-01-12,151.96812438964844,153.71510890465268,149.1611692179373,151.00630498803213,55500
2023-01-13,152.5275421142578,153.24399827185192,150.36834953162446,151.6638590908936,46300
2023-01-17,151.28916931152344,154.3065075819125,150.5913584717393,151.96733406920745,57900
2023-01-18,148.36029052734375,153.13691270085764,148.23253101243452,151.14174069187837,60400
2023-01-19,143.93746948242188,148.9892859433581,143.67209746099942,148.6747837302329,108400
2023-01-20,147.82955932617188,148.84188737578756,144.14389458329683,145.29382018343284,50700
2023-01-23,150.09010314941406,151.12207727831046,146.9351675354214,147.77059087472708,57900
2023-01-24,150.45376586914062,151.64299874677607,148.69446665761683,149.15640455134587,52500
2023-01-25,150.11956787109375,150.21784325319126,147.12189127250352,148.80254577733186,63000
2023-01-26,151.49557495117188,151.56438123036813,148.47825164191124,150.57169918316723,44500
2023-01-27,151.43661499023438,152.67499311039265,150.66999782103971,150.9353699171487,39300
2023-01-30,149.8148956298828,153.0287995354614,149.117084825897,150.67980310221185,59300
2023-01-31,153.78558349609375,153.99197231309665,149.50038356847003,151.05327870247666,54200
2023-02-01,155.84957885742188,157.58920192371212,151.97717113321164,152.65533588654915,59100
2023-02-02,157.44180297851562,157.8742567935737,154.08047786648856,155.8496002930847,62400
2023-02-03,157.7169952392578,158.83743692270153,155.7021618180885,155.7021618180885,65600
2023-02-06,155.88890075683594,158.2378975176208,155.2598811429817,156.19358002334195,50000
2023-02-07,156.2132110595703,157.18621691746534,153.89369886765706,154.76842933426377,64500
2023-02-08,154.61117553710938,156.12476358086278,154.15907572965648,155.37779259931918,60600
2023-02-09,152.50790405273438,155.78077642328748,152.44893581133854,154.46376904208267,61900
2023-02-10,152.59634399414062,153.5398807707023,151.31865887587077,151.31865887587077,45300
2023-02-13,155.34832763671875,155.34832763671875,152.33100421150675,152.33100421150675,47300
2023-02-14,153.6676788330078,155.60388288203876,152.02631601214557,154.1689239179052,55600
2023-02-15,156.2132110595703,156.57685850165169,152.3014965569142,152.86170977857986,40500
2023-02-16,156.14442443847656,157.46144682114922,153.78560479260204,154.61119016895717,59400
2023-02-17,160.36083984375,160.38048592703095,154.96502057511486,156.96019280987397,48400
2023-02-21,156.0166473388672,160.1740728701193,155.741452244416,158.41477387665503,58600
2023-02-22,158.1690673828125,159.79076887501654,155.87905420986596,156.7832688311214,53200
2023-02-23,159.1519317626953,159.83009656500377,157.14693647487965,157.26487296327755,90400
2023-02-24,175.19195556640625,177.91443784085075,160.44929450892465,160.80311897418463,141500
2023-02-27,175.6833953857422,179.73270856705787,173.7963363790025,179.73270856705787,76200
2023-02-28,179.26089477539062,180.1454482690913,175.80128011665863,176.3909924437974,104900
2023-03-01,180.8531188964844,181.4919764941792,176.29272334001078,177.30505145944068,69200
2023-03-02,182.5337829589844,183.10383426013496,179.67370341247343,179.67370341247343,52700
2023-03-03,181.2855529785156,183.17261145254025,181.27572993851305,182.9957067504477,63600
2023-03-06,177.16746520996094,182.77951140243624,175.6047467507272,181.62958564958444,100000
2023-03-07,181.10867309570312,181.5018047077888,177.07900658528143,177.79647852599214,70400
2023-03-08,178.95623779296875,181.2167819983496,176.0764970669072,181.2167819983496,83200
2023-03-09,175.18212890625,179.94891355150523,175.0248702589359,179.94891355150523,54000
2023-03-10,170.87725830078125,175.02486117716572,169.54058986198896,175.02486117716572,107400
2023-03-13,168.42994689941406,169.9238737605452,166.65100191856405,168.1842359352744,61300
2023-03-14,171.48663330078125,174.16980847491763,168.4987938540749,172.2139433291753,56600
2023-03-15,166.77880859375,168.80346492933424,164.76397529970384,167.81079784162827,74800
2023-03-16,173.26553344726562,176.38116160830313,166.59203039190135,167.08345231046152,92400
2023-03-17,170.21876525878906,172.80364993727036,169.05900146880882,172.27290574620832,222200
2023-03-20,171.9878692626953,174.55309258778536,171.51609336595996,171.51609336595996,55700
2023-03-21,176.92172241210938,177.41314435480987,174.50393485234716,174.67101651322443,78100
2023-03-22,174.05184936523438,178.47464759404644,173.73734706740854,176.97089739601114,86800
2023-03-23,174.16978454589844,176.7743150380386,171.20159159101914,174.28772102191726,92700
2023-03-24,173.62924194335938,175.57526905813995,171.95840997624433,173.2459333450388,56400
2023-03-27,174.41551208496094,175.69319735508736,173.31471654863824,175.69319735508736,47200
2023-03-28,176.65638732910156,177.08882609496786,174.29755271260046,174.29755271260046,47400
2023-03-29,179.3002166748047,180.3715279904284,177.25591443251545,177.87509593021483,55800
2023-03-30,177.6981964111328,180.74500378226568,177.49179257452587,180.07667706755583,71300
2023-03-31,181.0005340576172,182.0718302965173,178.0126802390424,179.02500824416933,94100
2023-04-03,180.90223693847656,181.61970875103216,178.08147988323188,181.0103503620403,34000
2023-04-04,173.55059814453125,181.3543820310753,172.1058162412537,181.3543820310753,75800
2023-04-05,164.4396209716797,172.87242396984385,162.6311916799032,172.52842258415424,168400
2023-04-06,164.67552185058594,165.60922068889585,162.50342992417183,165.43231596031518,111000
2023-04-10,168.36117553710938,170.07131445166593,162.1889165877936,164.66567260136006,69000
2023-04-11,170.562744140625,173.75698719642054,169.76664288624056,169.76664288624056,40700
2023-04-12,173.0591583251953,173.93388880952526,171.516086180328,171.516086180328,36800
2023-04-13,173.5997314453125,174.317203328649,171.65368962918174,174.317203328649,27800
2023-04-14,173.75718688964844,175.79420327552037,173.36355001663867,173.41275650272885,41700
2023-04-17,174.32791137695312,175.13485559975896,173.3635274411566,173.87524780157713,42600
2023-04-18,176.43385314941406,176.4437034566508,173.47180870362004,174.44604313018542,39100
2023-04-19,174.51490783691406,176.86683369587303,172.89119892339966,176.86683369587303,63100
2023-04-20,177.9788818359375,178.01823802482858,173.2258224405178,173.983560464177,67600
2023-04-21,177.40809631347656,177.91981679648538,175.55804034732296,177.9001311967546,57900
2023-04-24,179.1892547607422,179.41560161150733,177.1030317238636,177.1030317238636,48300
2023-04-25,174.7806396484375,178.60867061076135,174.67239136865092,177.76236997307907,61400
2023-04-26,172.82232666015625,173.89497411182617,171.24782405163447,172.94042524218725,45400
2023-04-27,175.95169067382812,176.1189807450074,172.50744622837288,172.9404393611729,63900
2023-04-28,173.9146270751953,177.55568181965955,173.56036139642137,174.5936375441547,66500
2023-05-01,176.16815185546875,178.95307074959254,173.98351604475272,173.98351604475272,31500
2023-05-02,175.725341796875,177.1325543264822,173.3143589059722,174.27875806861837,56700
2023-05-03,174.54444885253906,178.47089260793746,174.4657214697063,175.55803950597726,52200
2023-05-04,171.37571716308594,173.34385638983724,169.9783401139778,172.85182158314942,49200
2023-05-05,176.43385314941406,178.0674124852141,172.21220066572204,175.12505363818136,64800
2023-05-08,179.0416259765625,179.79936377528935,176.48303900241788,179.4746190044064,38400
2023-05-09,177.51632690429688,179.1597214488455,177.053812958834,178.88418314291587,36300
2023-05-10,178.55943298339844,179.8879330022584,175.94180414003452,179.8879330022584,33500
2023-05-11,175.11521911621094,177.10304433033872,174.24924789691568,176.6700512128343,28400
2023-05-12,175.23329162597656,176.92587762732325,173.87527068966662,176.37480102004133,32300
2023-05-15,174.10162353515625,175.99103570934528,173.58990304556968,175.2333127906705,38200
2023-05-16,173.09783935546875,174.5542731976809,172.25153888553328,173.51116180779292,34600
2023-05-17,176.44371032714844,177.46713626689942,172.92073879732123,174.09178420996116,50200
2023-05-18,177.2899932861328,177.68361514326384,175.28248277391518,175.84340968682378,39000
2023-05-19,175.10536193847656,180.4783740032441,173.9540022103121,179.60255258528764,49100
2023-05-22,177.62457275390625,179.30733847111938,175.26281158783965,176.03038471759686,39700
2023-05-23,176.05990600585938,177.48680400592,175.410416428217,176.33544430866922,45000
2023-05-24,172.3795166015625,175.7745546356514,172.34999570684374,175.15460083084278,28400
2023-05-25,170.94276428222656,172.674721650783,169.08287304009218,171.55288272720531,35000
2023-05-26,170.10629272460938,171.0706768476512,168.6990652141522,170.64753407478523,60000
2023-05-30,166.38650512695312,171.2379614951897,165.58941107989696,171.2379614951897,51000
2023-05-31,163.80824279785156,166.95726271800018,163.5326894776091,166.17000398403516,63000
2023-06-01,164.7037353515625,166.91789210218883,163.768872171107,164.2313861158281,84800
2023-06-02,175.725341796875,176.41418761611322,167.5575598997891,167.5575598997891,56200
2023-06-05,168.3152618408203,173.6686029965828,166.56361911178624,173.6686029965828,105900
2023-06-06,176.71923828125,178.88418861508612,168.6498697556543,168.6498697556543,57800
2023-06-07,180.6161346435547,181.62974018454247,176.7290625789223,178.8448213087832,75800
2023-06-08,180.6259765625,181.9151053251335,179.28764131713868,181.2459301945977,43100
2023-06-09,178.411865234375,180.25207103261403,176.90623957841325,180.25207103261403,43000
2023-06-12,178.48072814941406,180.10445226814784,177.8312535176335,179.09086161329265,37500
2023-06-13,182.65318298339844,183.14521784785285,179.47464196342236,179.63208170810634,72700
2023-06-14,180.7244110107422,183.7848686596852,179.60257205025223,183.7848686596852,50400
2023-06-15,180.7637634277344,181.22627738244472,177.34904040842792,181.0688226285621,37300
2023-06-16,181.5903778076172,182.27922358411075,178.55944137533385,182.0233708716165,170700
2023-06-20,179.59274291992188,183.3420465476811,179.47465934604406,181.82658562529832,46500
2023-06-21,181.0688323974609,183.4994858597056,178.6283436434599,179.77970343888433,43600
2023-06-22,180.0847625732422,180.91137755177456,178.96292366931607,180.91137755177456,37900
2023-06-23,178.5397491455078,180.5374243467046,177.5458442060358,178.59880593762372,125500
2023-06-26,178.12644958496094,181.63958559376505,178.12644958496094,178.57912825030013,27500
2023-06-27,179.8780975341797,180.6948772037664,178.98260550081005,178.98260550081005,24800
2023-06-28,178.8842010498047,180.5472813586027,178.49057914927712,180.5472813586027,30600
2023-06-29,179.60255432128906,183.43058482765647,179.37622249622592,179.37622249622592,29100
2023-06-30,180.9802703857422,182.94840987551405,179.7403328971298,180.8326509145817,61100
2023-07-03,181.88563537597656,181.9545124585164,180.0847857169216,180.0847857169216,22500
2023-07-05,180.17330932617188,181.8757606387064,177.2211003645146,180.08474666109285,65000
2023-07-06,175.90248107910156,178.8842114452273,173.68832397460938,178.8842114452273,46100
2023-07-07,177.26046752929688,179.44510331251055,176.74874711651154,176.74874711651154,49000
2023-07-10,181.24598693847656,181.3345646414024,176.7586305978818,176.7586305978818,40200
2023-07-11,183.97183227539065,184.7197348772181,181.14755696675508,181.26564052884893,41900
2023-07-12,187.5144805908203,189.77784385873125,184.3457750188873,186.44184824302684,41300
2023-07-13,188.50840759277344,188.61665587088933,185.8907783333984,186.82565665154192,41300
2023-07-14,188.1541290283203,189.3743808969424,186.06790600956847,188.6855350903462,46000
2023-07-17,194.4200134277344,195.6416709178796,186.45956904929216,187.18862489497693,59200
2023-07-18,195.0702514648437,195.7894456574665,193.60229315052297,193.66141797566428,39000
2023-07-19,194.89291381835932,195.64166287527576,192.3215327386619,194.10474821302137,71300
2023-07-20,194.93234252929688,195.9471008141008,193.2673464018971,195.9471008141008,38200
2023-07-21,190.8141632080078,195.62196000364088,190.7550534167515,195.62196000364088,45800
2023-07-24,195.08009338378903,195.33625585419944,189.87822133941623,191.06046225259027,46400
2023-07-25,194.4791412353516,197.8386883697056,192.66637062373337,194.5776675865743,78800
2023-07-26,188.7452392578125,195.3953611536967,188.5186467209729,194.99142421580245,49300
2023-07-27,188.52850341796875,188.81420575942727,187.51374522522303,188.81420575942727,56100
2023-07-28,188.3314666748047,190.5481741026164,188.16398391755337,190.5481741026164,34000
2023-07-31,190.8929901123047,190.8929901123047,187.4841950392868,188.78465560616343,35900
2023-08-01,192.8436889648437,192.85353558543,189.6713333071069,189.6713333071069,26100
2023-08-02,191.81906127929688,193.1983547880603,189.81909997294736,190.6368204382196,35900
2023-08-03,178.65675354003906,189.1097606117458,169.7209678900589,189.1097606117458,115500
2023-08-04,178.233154296875,183.4054722512004,177.9277436419966,181.4547586560868,49900
2023-08-07,178.5089874267578,181.22814310908092,178.05578729653266,179.37597113692286,33400
2023-08-08,175.55337524414062,177.67155628746963,173.3268062054503,177.67155628746963,37100
2023-08-09,176.28240966796875,177.36613925224572,174.23320014444076,176.32182621631074,26300
2023-08-10,174.19378662109375,177.0311768306496,172.90317275113873,176.20360969719874,26700
2023-08-11,172.2726287841797,174.410517882408,171.898246764939,174.252881765569,21600
2023-08-14,170.45001220703125,171.277594378317,168.6667966949077,170.6569115081049,49600
2023-08-15,168.90322875976562,170.3416169259618,168.1741730241412,169.66183938695525,38900
2023-08-16,168.0953826904297,169.9475697100061,167.1003327666197,167.612642693249,21400
2023-08-17,167.711181640625,168.2530465529868,167.26784308796965,167.73088991916867,33400
2023-08-18,167.90821838378906,168.9722399239918,165.91811821940252,166.8639051220193,35400
2023-08-21,167.42544555664062,168.34167737887316,166.50919870139927,167.73085616405146,32100
2023-08-22,167.03135681152344,168.0362683623642,166.31216262922993,168.0362683623642,21900
2023-08-23,168.0657958984375,168.68647867188724,166.85400027537483,167.87860490117447,27400
2023-08-24,166.59786987304688,168.58796954601013,165.89836897501954,167.01165341989096,43900
2023-08-25,167.7210235595703,167.86879804872856,166.17424708566705,167.25797678286105,27600
2023-08-28,168.32199096679688,170.21357951174355,167.18899814425995,168.96236710296293,21500
2023-08-29,169.1199951171875,169.4451139967518,166.1052755486931,168.11508358335314,21000
2023-08-30,170.3120880126953,171.4746357126127,169.0214741074633,169.0214741074633,19800
2023-08-31,169.11013793945312,171.96723648715084,168.7751724303121,170.3317954253317,29400
2023-09-01,174.88340759277344,175.4449806100515,171.20860401368034,171.38594839971816,37100
2023-09-05,167.2875213623047,173.01155006212707,164.9624410005635,173.01155006212707,45000
2023-09-06,168.80474853515625,168.8540117122216,166.78507853956543,168.5781559602689,31000
2023-09-07,166.85403442382812,169.11014340598285,165.99691234831667,169.11014340598285,41000
2023-09-08,165.28756713867188,168.40079824119363,164.9131850621304,168.40079824119363,33600
2023-09-11,166.85403442382812,167.6422000842917,166.0067589696065,166.47965235268077,34200
2023-09-12,167.42544555664062,169.14955127345172,166.34171595001297,167.39589066127886,25800
2023-09-13,165.1890106201172,168.18403661938004,164.43039998416478,168.18403661938004,29200
2023-09-14,168.58798217773438,169.2086650610102,167.17914868884955,167.17914868884955,27100
2023-09-15,168.64707946777344,168.88353365173293,165.40576749841395,168.24315757389542,144200
2023-09-18,168.23333740234375,169.4451484818015,167.94763501349505,169.198847616824,19700
2023-09-19,166.23333740234375,168.0953709125975,165.0510965285809,168.0953709125975,27500
2023-09-20,166.32203674316406,168.76533684163212,165.82943506822235,167.1496039491437,21800
2023-09-21,168.17422485351562,168.8441710124794,165.55358008503097,166.18410968775547,44700
2023-09-22,168.49932861328125,169.7603877051173,167.63234485026513,168.08554500811724,45000
2023-09-25,171.08055114746094,171.9869514343143,168.2530224190024,168.28257731607266,28900
2023-09-26,171.18894958496094,172.3810523985319,170.24316267197335,170.24316267197335,42500
2023-09-27,173.90809631347656,174.34158818468757,168.99192627662063,172.80465835957315,51900
2023-09-28,177.35630798339844,177.82920137337575,173.08051409869628,173.08051409869628,81900
2023-09-29,170.30223083496094,178.39075596283752,170.1051931956831,178.39075596283752,54300
2023-10-02,172.34158325195312,172.883448001865,169.0116067609633,170.37117691264257,63900
2023-10-03,171.63226318359375,172.19382121365035,169.19880997632876,171.96722867752283,46200
2023-10-04,170.97216796875,174.75535993088735,170.45001144101653,172.61747065010883,42800
2023-10-05,170.89337158203125,171.89826812749578,168.93281159684372,170.01654124353217,90700
2023-10-06,171.1988067626953,172.4795742471677,170.27271311956892,170.97219914668844,40400
2023-10-09,173.3169403076172,174.75534355403508,169.2579080473536,169.6519833031629,22500
2023-10-10,172.91302490234375,175.74056858158357,172.91302490234375,174.5681742551926,35900
2023-10-11,174.83416748046875,176.24300084863432,173.7602845612777,174.00658536267795,33800
2023-10-12,171.83917236328125,174.82433741294372,169.16927961221538,174.82433741294372,43700
2023-10-13,168.13011169433594,173.1018003941617,167.91309204355048,173.1018003941617,37700
2023-10-16,170.74420166015625,171.0598720989751,169.52101633972072,169.52101633972072,36800
2023-10-17,171.1979522705078,174.21647895890996,170.60607779937314,170.60607779937314,87600
2023-10-18,164.76632690429688,169.56046241990774,164.4605305835636,169.56046241990774,76400
2023-10-19,163.10910034179688,166.95623957562205,162.91179879996434,165.49630148842613,34300
2023-10-20,161.79714965820312,163.7897630970498,161.58998902640388,163.7897630970498,52700
2023-10-23,160.7613525390625,162.8427573954016,159.76504596877487,161.78725133060658,22900
2023-10-24,161.2052459716797,163.03017983722796,160.82053205513634,162.35938772130973,27500
2023-10-25,159.47897338867188,160.20894999341246,158.60103567242749,160.1596246055795,43100
2023-10-26,159.79464721679688,161.12634240454776,159.28169026605073,160.69230306560837,30300
2023-10-27,156.77609252929688,159.69598372571355,155.60223265860992,159.69598372571355,49800
2023-10-30,157.7723846435547,159.89324033218514,157.08187453925578,159.33097319439582,63200
2023-10-31,158.12753295898438,159.3014078603715,156.25327372877177,157.73294493852146,50100
2023-11-01,156.45057678222656,158.57143284930456,156.26314935218826,157.9795583388672,54100
2023-11-02,159.92286682128906,160.38649835896592,156.0165430786432,158.17686555164934,63000
2023-11-03,178.4187469482422,179.33615091140618,165.94019262279244,172.6283051852382,222500
2023-11-06,180.7073211669922,181.9502396067596,176.90949224526702,180.1647720278894,54500
2023-11-07,179.0796661376953,180.5198860591869,177.56054366477397,180.5198860591869,42000
2023-11-08,179.05995178222656,180.03652515959374,178.32011616810277,178.32011616810277,112500
2023-11-09,174.62094116210938,181.2399954768524,173.63449365929867,181.2399954768524,48600
2023-11-10,177.70851135253906,177.91567195070607,174.45324663958547,174.45324663958547,52700
2023-11-13,177.69863891601562,178.3496978303811,176.051273518995,176.88975985282872,35400
2023-11-14,186.547103881836,186.70493910832133,182.561862251051,182.89725081833572,71700
2023-11-15,186.49774169921875,189.3091227898692,185.195638967586,186.0242511651698,55200
2023-11-16,183.1142578125,186.6161344641937,182.6013008879385,186.35966352791027,34200
2023-11-17,183.5088348388672,185.64942419649043,183.40032500728285,184.5347487105729,39300
2023-11-20,183.87380981445312,184.80107288202728,183.3707270031498,183.85409170169223,28900
2023-11-21,180.8553009033203,183.08468213147995,180.7763832884124,182.1968702527629,20000
2023-11-22,183.0353240966797,183.0846494786996,180.3423268207202,182.63087703690744,57200
2023-11-24,184.3473358154297,184.44597154611063,182.1080955062258,182.18701312196825,12900
2023-11-27,184.2782440185547,184.5347299864538,182.8183060206415,183.4298986173362,52700
2023-11-28,179.66168212890625,184.5051277563389,179.66168212890625,184.5051277563389,33300
2023-11-29,179.74061584472656,183.05508023576093,179.7208826790432,181.506350347512,49800
2023-11-30,181.2104034423828,182.4927882077551,179.346018262232,181.2498697716527,44600
2023-12-01,184.8997039794922,185.3041510279723,180.5593263668136,181.00323974060493,62400
2023-12-04,186.0834350585937,187.3855528384277,183.97243824594784,184.89970120092184,42600
2023-12-05,182.7196807861328,185.37322718112736,182.3053746093226,184.7616344989783,37400
2023-12-06,182.0982208251953,186.3596663456932,182.0883467165771,184.40650444263144,48200
2023-12-07,185.4521331787109,185.5507839511996,179.82938534273404,183.27207754346657,60800
2023-12-08,189.51626586914065,190.24624234921268,184.5643108579254,186.3497782077851,55800
2023-12-11,189.48670959472656,190.423831773285,187.46448907131395,189.51630181758665,47100
2023-12-12,189.58534240722656,191.89362588355309,186.8331455260732,189.63466779131767,42500
2023-12-13,194.63592529296875,196.07614505478332,187.602550832065,189.2104648380649,67500
2023-12-14,201.1859588623047,202.84319844195804,198.48310242286087,198.48310242286087,65100
2023-12-15,199.5681915283203,201.44245081150453,197.76299079516664,201.44245081150453,154400
2023-12-18,199.51889038085932,201.1268048195357,198.0096267250697,200.78154213142847,43600
2023-12-19,203.90855407714844,204.45108811992256,201.6101297680383,201.6101297680383,41900
2023-12-20,203.2870941162109,210.0146579582057,202.9122392652281,204.52015343971377,56000
2023-12-21,205.0429534912109,206.89747938661105,204.14528276082112,205.654546051612,41600
2023-12-22,208.92958068847656,209.91602817515303,206.53250546881577,206.5620976892565,45400
2023-12-26,210.133041381836,211.5337949637177,208.9295742808401,210.2514102599688,35600
2023-12-27,210.3599395751953,213.4080588855177,208.54487969966303,211.0997752360694,46400
2023-12-28,208.60406494140625,210.6657367117753,207.3710055019039,208.7421669965507,41300
2023-12-29,207.3414001464844,209.0084988114165,205.87158796897745,208.14042020435264,35900
2024-01-02,203.16873168945312,206.69034140216988,202.8136099909276,205.18107794643493,57800
2024-01-03,198.8974151611328,202.27106382048973,198.3252738022485,202.27106382048973,72800
2024-01-04,198.5619964599609,200.12058520480056,197.70379201293903,199.89370651057507,103500
2024-01-05,197.66433715820312,198.69023584341696,196.2043841515621,196.9540938176732,109500
2024-01-08,198.5619964599609,199.0749533378559,196.55950938224763,198.65078816813025,50400
2024-01-09,195.78024291992188,196.51021951246813,193.71857119010235,195.48430564986288,45800
2024-01-10,197.1119384765625,197.54596271483507,194.8924316938776,196.40169510194383,52800
2024-01-11,197.75314331054688,197.8320609214878,194.11314941037065,197.1711428633521,100700
2024-01-12,200.5780487060547,200.87435522094657,199.26436789438017,199.79773469272752,85900
2024-01-16,201.1410369873047,201.1410369873047,198.57293678399543,200.0841752987672,137300
2024-01-17,196.99256896972656,199.50139265843544,195.7776671685652,198.43464409953503,63900
2024-01-18,200.06442260742188,200.20270400279784,197.69386502328,198.57294283778623,75400
2024-01-19,202.62261962890625,202.62261962890625,197.90127870385123,200.95335608754024,75800
2024-01-22,206.54391479492188,207.343972497748,204.45980698080652,204.45980698080652,63500
2024-01-23,207.03778076171875,211.1763657735452,206.0895547277668,208.8453258062692,46100
2024-01-24,206.6920623779297,209.80341622436,205.6747032193321,209.80341622436,54300
2024-01-25,209.7342529296875,212.95425728368983,207.0179997249034,209.78364236590065,46500
2024-01-26,210.3861541748047,211.6010559155013,208.81566959883835,211.13682235080088,39600
2024-01-29,214.30747985839844,215.0087587384405,209.4083392723763,210.8010402435599,53900
2024-01-30,213.349365234375,214.81119925761595,212.2727447399456,212.76660901132144,53600
2024-01-31,209.6750030517578,213.99137173840492,208.38108113883416,213.7444396154336,63600
2024-02-01,212.97401428222656,213.06292130157053,206.57353782420785,211.2059868992432,62100
2024-02-02,215.0778961181641,215.6804111487276,209.5959995403388,210.5540974589651,42600
2024-02-05,211.44305419921875,213.20120978145025,209.69477047655795,212.41102394109487,38500
2024-02-06,211.37391662597656,213.70495668321817,210.9393136382895,212.35177334827245,42700
2024-02-07,213.1814422607422,213.1814422607422,209.69476188931625,211.25537471543527,62500
2024-02-08,213.3592529296875,215.01864484187297,211.6702454362862,213.75435341903767,67500
2024-02-09,215.6705474853516,216.3421957041396,211.99619585957296,213.1518365218117,60600
2024-02-12,222.4463653564453,228.5603927501108,215.71992090860925,215.71992090860925,155400
2024-02-13,209.6453857421875,216.03599069703665,207.7094311434315,216.03599069703665,114400
2024-02-14,215.06802368164065,216.05575224899567,207.43287100447608,213.3394986887693,64400
2024-02-15,218.4855499267578,219.27573577267933,214.94947994670352,215.83844467519327,60100
2024-02-16,214.6630249023437,219.2757149349583,214.63339425469732,216.9743058480021,91600
2024-02-20,213.2703399658203,214.49512875485905,210.9393000586441,211.81837783749432,64700
2024-02-21,211.91714477539065,213.1913078613298,210.51457216635373,213.1913078613298,47600
2024-02-22,211.6899871826172,212.55917804611204,210.15900493669344,210.47507023118027,64400
2024-02-23,201.05213928222656,207.4229850958628,186.04854094884595,204.8548849660596,166500
2024-02-26,196.9036865234375,201.80281154339107,195.89619921283804,200.0051534738928,117900
2024-02-27,199.6001892089844,200.63730721126984,197.802515995484,199.45202088206256,88400
2024-02-28,200.2323455810547,200.9731420406122,197.5160918960105,197.5160918960105,80200
2024-02-29,199.8076019287109,203.4226920421501,199.3631270951173,202.997975999606,84700
2024-03-01,200.1928253173828,201.0817900998807,199.0371846645237,201.0817900998807,68000
2024-03-04,202.47447204589844,203.3140322338004,199.807593020158,201.93121835282017,47200
2024-03-05,199.42236328125,203.19549310480988,197.66420788780744,201.5854909467261,52500
2024-03-06,200.48912048339844,201.1311530313834,197.9111485756006,200.50887927281624,62300
2024-03-07,203.72886657714844,205.022803518847,201.14102283683167,201.14102283683167,64100
2024-03-08,200.77557373046875,207.14641945597623,200.43973459058824,205.53641719961047,100800
2024-03-11,199.9261474609375,201.28920266609245,198.54331839241425,201.28920266609245,61600
2024-03-12,199.3631134033203,200.4101031839156,198.19760102765096,200.4101031839156,42300
2024-03-13,203.62022399902344,204.93390471101245,198.9581442789637,198.9581442789637,58600
2024-03-14,201.66452026367188,202.8004170490808,199.37299804646904,202.8004170490808,79000
2024-03-15,202.5041046142578,204.25237323644728,200.88423045052824,200.88423045052824,118000
2024-03-18,199.6396942138672,204.70674661274805,199.3433876994056,202.5831362108828,59400
2024-03-19,201.3978271484375,202.53372392139408,199.63967169376272,199.63967169376272,29900
2024-03-20,205.4277801513672,207.11680260780508,201.6349061265227,202.02999151894923,44400
2024-03-21,210.889892578125,211.2948648533508,206.7710668157474,206.8896044765085,69300
2024-03-22,211.7196350097656,213.082690252108,210.5936249896345,211.22577070143544,76600
2024-03-25,213.85308837890625,214.40622898935183,212.8851186858224,212.8851186858224,60400
2024-03-26,218.19911193847656,218.9003907507249,213.64568283821225,216.263157399209,105600
2024-03-27,223.1179962158203,223.7600137293356,219.27573285115497,219.27573285115497,76000
2024-03-28,225.52804565429688,226.0712993326226,222.3179280941928,222.96983250818369,100300
2024-04-01,211.26524353027344,224.4316659489602,211.1961103740231,224.4316659489602,78900
2024-04-02,212.56906127929688,213.13205869812103,208.91445370049468,209.85280785110348,83700
2024-04-03,217.19161987304688,218.25836846463227,210.9096659925156,210.9096659925156,89600
2024-04-04,213.73455810546875,221.2709309811577,212.9641311223085,220.00663977435417,84800
2024-04-05,215.9174346923828,216.43104260988247,213.29007352605683,213.29007352605683,33100
2024-04-08,217.6361083984375,217.95218877358263,215.90758340965965,217.2805255121701,49500
2024-04-09,220.0461578369141,220.1449367172419,216.4014371973172,217.7447485834537,42900
2024-04-10,212.4505157470703,215.75941219304767,211.10720440760835,214.7124224127321,55800
2024-04-11,217.19161987304688,217.19161987304688,212.05543467290812,214.188931856079,51200
2024-04-12,211.26524353027344,214.8111851486825,209.02309566546103,214.8111851486825,48700
2024-04-15,212.76840209960932,218.1679695498488,210.157626047486,213.1244177017118,69600
2024-04-16,210.38511657714844,213.272792328376,209.801636012402,211.3839311234317,46000
2024-04-17,204.32296752929688,211.12681540751944,203.9966185954989,211.10703256883588,86800
2024-04-18,202.5824279785156,206.3008013916743,201.9593969070204,205.371204265914,58400
2024-04-19,200.1002197265625,205.10420629182704,199.88265378112632,201.5836156691453,69500
2024-04-22,202.34510803222656,204.17463583516627,199.94199862128352,202.20665833994195,67200
2024-04-23,202.7209014892578,206.35027520180853,201.58362217597096,202.71100252512872,63900
2024-04-24,201.93960571289065,203.64056738539503,198.7255815778499,201.86048946185764,58000
2024-04-25,197.4202117919922,199.82330580076777,194.6512032162485,199.82330580076777,117000
2024-04-26,196.322509765625,198.97283656866475,195.7093625236705,197.4301072248197,51100
2024-04-29,197.2916412353516,200.26831670584303,196.37194308326264,197.3114240711688,77500
2024-04-30,192.2283477783203,198.9233975256444,191.7437663193888,197.07410200809773,148800
2024-05-01,191.78330993652344,195.402799665854,191.38774372026296,193.7611711975936,88300
2024-05-02,193.07882690429688,193.89964116038985,190.55705071097967,193.52384268196832,121800
2024-05-03,191.8228912353516,193.3359540161129,175.2583018247639,187.8968351051737,114400
2024-05-06,191.11083984375,193.3458175836914,190.9822740360497,192.72280156226856,94400
2024-05-07,191.92176818847656,193.24693156678472,191.08117114513647,191.1405045665707,58100
2024-05-08,191.8426513671875,193.25681487349863,191.19983742714152,191.19983742714152,35400
2024-05-09,196.1049346923828,196.2532682416599,192.089878999865,192.4162278981576,33800
2024-05-10,196.23350524902344,197.28178443282505,194.10731034833373,197.28178443282505,32200
2024-05-13,194.39410400390625,197.2718807106659,194.3842050399369,197.2718807106659,56400
2024-05-14,196.50051879882807,197.2916663434957,195.135804751408,197.02465084057,47400
2024-05-15,198.4981384277344,199.30905362065693,196.66861089986227,197.8355567792847,49800
2024-05-16,193.8501892089844,197.6081286770097,193.42494118500235,197.01476425420628,52200
2024-05-17,192.08990478515625,194.6611155536989,191.6152071839824,194.6611155536989,48000
2024-05-20,193.0194854736328,194.12709811124185,191.7833221070176,191.7833221070176,24600
2024-05-21,192.10964965820312,193.28647946658097,191.5163003622188,191.5163003622188,59200
2024-05-22,191.6349639892578,194.0380731128437,190.7647002618841,192.0404291431372,55500
2024-05-23,188.65830993652344,192.0206682105691,187.64959641835588,192.0206682105691,94200
2024-05-24,190.0032501220703,190.2801494961637,186.4035431689716,189.6175677731628,51900
2024-05-28,189.20220947265625,192.3173348240276,188.4209458489925,190.8537217624519,62700
2024-05-29,185.4838104248047,186.7100897317657,184.55421329903064,186.24529116887868,38000
2024-05-30,187.58035278320312,188.34183358587103,186.81888707041887,187.2737867053441,39100
2024-05-31,187.886947631836,189.19232829871925,184.99927182157643,187.7781646521053,50800
2024-06-03,184.84103393554688,191.1108507205372,183.76310313390888,190.21092019518383,42200
2024-06-04,183.3773956298828,185.82995440553628,182.793930191998,182.95216271104988,40200
2024-06-05,185.2069396972656,185.67173833197188,182.6060471358096,184.74214106255937,53100
2024-06-06,185.83985900878903,187.37270464208297,184.04989682076845,184.8014787352748,40500
2024-06-07,182.9422912597656,185.918967163374,182.6752757519697,185.18715303047884,47700
2024-06-10,180.85565185546875,181.37978392104785,179.44147310295324,181.00398542501568,93200
2024-06-11,177.21636962890625,179.83704490780462,175.2187254888575,179.8172620696184,140200
2024-06-12,179.70851135253906,185.54319720442027,178.07678152155663,182.33907097778032,148200
2024-06-13,175.6835174560547,178.94699149865076,174.95171845957466,178.84810749122883,95400
2024-06-14,173.1123046875,173.19142094634978,168.98846589296232,173.19142094634978,125300
2024-06-17,175.64398193359375,176.22744742403475,172.64752312485135,172.64752312485135,76200
2024-06-18,173.79466247558594,177.60203608705072,173.24084868511787,175.39672515797645,56000
2024-06-20,173.44854736328125,176.32633919731492,171.6981358748639,172.7859656337412,57500
2024-06-21,172.99362182617188,173.6562186042485,171.27289224754213,172.55850503965766,194600
2024-06-24,173.76498413085938,175.93072924208658,172.4892553403981,174.150666420791,75500
2024-06-25,169.384033203125,173.06285626929733,169.3246997810712,172.8354064547965,44200
2024-06-26,168.71156311035156,169.9773930465093,167.13915201866234,168.2467645302127,76600
2024-06-27,169.11700439453125,170.9564157827474,168.56320571246744,169.38401986262713,73600
2024-06-28,171.08499145507812,171.91568952612042,168.6027811154578,171.08499145507812,216300
2024-07-01,165.59645080566406,171.43115127529856,165.09210155632655,171.21358530345438,119100
2024-07-02,166.18978881835938,166.50623876070736,164.57782712643325,164.9239588692008,97000
2024-07-03,166.93150329589844,167.63363563464662,165.88323918009874,166.12057288789654,43100
2024-07-05,163.8855743408203,167.12926538488665,163.35154338570578,165.98210230860192,56000
2024-07-08,164.65695190429688,166.27879755369278,164.61740131816316,165.517316734133,47000
2024-07-09,162.67909240722656,165.0723027765346,161.92751054335696,165.0723027765346,120600
2024-07-10,163.06475830078125,164.36025491099056,162.28350980336285,164.36025491099056,64500
2024-07-11,170.77845764160156,172.2816366420628,165.24043927561974,166.99085096938578,100700
2024-07-12,171.00587463378906,173.90344908926417,170.93665733970525,173.0233014738237,51300
2024-07-15,173.50787353515625,175.63408341319152,171.94536135130696,172.53872575677812,63700
2024-07-16,182.90673828125,183.3821403135783,174.13182445114745,174.13182445114745,77800
2024-07-17,183.68917846679688,185.1648774108252,180.5000946527024,180.5000946527024,114200
2024-07-18,182.97608947753903,186.3137269774112,181.09433871591577,181.98569115831012,119500
2024-07-19,181.77767944335932,183.21376892685288,180.3515187260259,183.0354893920129,52400
2024-07-22,184.11505126953125,185.4619936596472,180.4010573753453,182.43137705995625,217000
2024-07-23,185.33322143554688,187.45267299545048,182.58981416888804,182.58981416888804,67200
2024-07-24,181.5102996826172,185.9670920083132,181.2924108488231,183.6891729082795,68100
2024-07-25,190.18618774414065,192.63247279790872,182.9859877428269,183.0156984833764,77700
2024-07-26,193.0880584716797,196.6237725306395,192.13726945794903,192.9295911173448,61700
2024-07-29,191.41427612304688,194.11805914397144,189.1264585582432,192.54332953602577,53600
2024-07-30,189.1759796142578,192.24622048284104,188.4430945217562,191.5628432170269,95400
2024-07-31,190.8695678710937,193.8011384727662,185.81853032983105,188.85906046486187,107100
2024-08-01,183.0057678222656,186.9376496625609,177.47934436578802,183.2236566229074,160400
2024-08-02,173.40884399414062,177.0634163345556,172.14113531132452,174.7954107556629,167200
2024-08-05,171.32901000976562,171.54689884812106,162.80167991026283,165.25786350084897,154400
2024-08-06,169.9325408935547,173.05228947099,168.62520789315374,170.7149488954708,94800
2024-08-07,167.6546173095703,172.78488818736722,166.93163080661228,172.78488818736722,87800
2024-08-08,173.2008514404297,173.50787248110768,169.070892536035,170.43763184977175,74200
2024-08-09,170.6654510498047,173.86443349118903,167.94185558532726,173.86443349118903,58400
2024-08-12,168.6648406982422,170.54659150350068,167.85270680374828,170.3386163145162,46400
2024-08-13,169.92263793945312,170.6951473788053,167.12970757235053,169.3977129545966,66100
2024-08-14,169.813720703125,171.0319065351769,168.11023420210708,171.0319065351769,46500
2024-08-15,172.87405395507812,175.75611709628473,172.58682993923327,174.0823412834407,52400
2024-08-16,175.9640655517578,176.29089880683946,172.8542154694317,172.87402766702786,85200
2024-08-19,177.56851196289062,177.77650226396727,175.26089712645947,176.657347302365,79100
2024-08-20,175.86505126953125,177.43978109972687,175.21138469810958,176.66727155614862,96200
2024-08-21,178.10333251953125,179.1432537827776,176.42955693305612,176.7365779957058,33000
2024-08-22,178.49948120117188,179.0640154855078,176.34042016319924,177.20206184741858,40500
2024-08-23,182.5502014160156,184.4616626665329,179.82660639677823,180.1732366954968,48400
2024-08-26,183.5207977294922,184.89745068486496,181.8173115399589,183.66935142125692,68600
2024-08-27,180.11383056640625,182.75819214234403,179.30169672849874,181.6885601938279,58100
2024-08-28,179.81671142578125,180.28219983186952,178.01419439324513,179.5394011130834,54100
2024-08-29,182.5304107666016,184.20418632123253,180.28220238117973,181.68856616182828,54000
2024-08-30,183.61984252929688,184.016010924764,180.01479324808082,182.17386944460927,69100
2024-09-03,177.1822509765625,181.8173229090699,175.9046438106622,181.2527886205073,60200
2024-09-04,174.39923095703125,177.1822477291455,174.2605758011626,176.09281867939993,64800
2024-09-05,171.70535278320312,175.22126985969322,170.46735487685302,175.22126985969322,51600
2024-09-06,168.79356384277344,172.5471816142001,168.79356384277344,170.9427413103261,45200
2024-09-09,169.44725036621094,170.3881257778745,167.72396690610364,168.49647641145094,48500
2024-09-10,169.54629516601562,170.20986024395629,167.8130980615756,168.60541976034693,59400
2024-09-11,172.43824768066406,172.85421315093075,166.43643643323546,168.19934418867558,81100
2024-09-12,173.7950897216797,174.6864572604272,171.04178365239855,173.4484593835102,49500
2024-09-13,177.1228485107422,177.48930619981348,175.58772794851075,176.59793856096277,39300
2024-09-16,176.70684814453125,178.16273473316969,175.32029668500772,178.12312545387366,44700
2024-09-17,177.1822509765625,179.1927583296461,176.58802106006794,178.79660505198308,69600
2024-09-18,180.06431579589844,187.72009056337765,176.57810948474634,176.57810948474634,70400
2024-09-19,183.1543426513672,184.94697619318268,181.59942524423911,184.56072147694127,56900
2024-09-20,179.41062927246094,182.40163609102785,178.8758208897273,182.40163609102785,230500
2024-09-23,178.63812255859375,181.2725854574228,177.38032769684312,180.12371989236203,49800
2024-09-24,180.97547912597656,181.62914563814155,178.6480521626433,179.92565933434855,63000
2024-09-25,176.44935607910156,181.4607688127306,175.90463401842928,181.4607688127306,118300
2024-09-26,178.47967529296875,180.74768063620704,177.50907412706843,178.98477296008,111700
2024-09-27,179.35121154785156,183.0255956244916,179.11352564490142,180.6387322671829,60200
2024-09-30,178.40045166015625,179.54930220955538,176.85543272106878,177.44966263718305,69500
2024-10-01,174.7458953857422,177.16246988963638,173.67626330472606,177.15255623381833,56800
2024-10-02,172.95326232910156,176.73657602843235,172.95326232910156,173.47817222629448,40100
2024-10-03,170.74465942382812,172.0024694855753,169.8334948090461,171.95294654854047,46100
2024-10-04,174.0723876953125,174.17143356335498,171.95293608479184,174.17143356335498,93700
2024-10-07,173.8247833251953,174.77557225033652,172.24015526632965,172.82448657968115,133600
2024-10-08,170.5762939453125,173.65643324416405,169.38781901496034,173.42864586798058,60700
2024-10-09,171.63600158691406,173.05226368066812,169.29866135973333,169.8631804441179,115800
2024-10-10,170.11080932617188,170.11080932617188,168.23895711330823,169.72455458739935,61600
2024-10-11,175.31040954589844,175.7164765034167,170.82390615125377,170.82390615125377,69000
2024-10-14,177.10302734375,177.24168249819286,173.66634410976044,174.54779797277837,63500
2024-10-15,180.01904296875,180.57447120325625,177.93617195506727,177.93617195506727,95800
2024-10-16,180.0487823486328,183.1334065251475,180.0487823486328,180.4355994901252,124100
2024-10-17,178.3626708984375,179.81074948802276,177.1625372884009,179.81074948802276,83700
2024-10-18,176.09133911132812,178.58086821759028,176.00207710697097,178.58086821759028,47500
2024-10-21,170.4775390625,175.69461430996137,170.41803105779758,175.69461430996137,63300
2024-10-22,169.1980438232422,172.06446186577702,167.4127281437105,169.23772591294448,81800
2024-10-23,167.42266845703125,170.17998365562434,166.77796309370248,168.26572374622182,57700
2024-10-24,167.5912628173828,168.90048419133154,166.13325631243555,167.92848489946084,104900
2024-10-25,170.3783416748047,170.93376987397312,166.98624934335453,168.0475106951335,63800
2024-10-28,172.73892211914062,174.61349980924624,171.09246347607052,171.09246347607052,42100
2024-10-29,172.04464721679688,172.06447312866288,170.606466489465,171.4296958604211,45400
2024-10-30,171.6776580810547,174.0481561266438,169.60471519424212,170.33868256798638,110000
2024-10-31,168.15663146972656,170.92387493595706,168.10705155222564,170.3386926740248,99900
2024-11-01,185.95025634765625,188.9753729588158,172.7091944936575,173.7902970276224,264700
2024-11-04,181.7746124267578,186.80323588512863,180.93154194918404,186.0097604593448,107500
2024-11-05,185.2757873535156,186.0990166909954,180.98111666087897,181.0406246626249,122400
2024-11-06,195.2834625244141,198.45734888764977,193.33944861389747,195.7000336907496,122200
2024-11-07,195.81903076171875,197.1183543179253,192.2186606243472,195.56115772205555,98300
2024-11-08,193.9841461181641,196.6621121557084,192.59556048568248,194.3908043120233,137800
2024-11-11,194.59909057617188,196.65220754377944,193.240274021405,195.065256791978,61600
2024-11-12,190.71109008789065,194.32138890173613,190.59207407088763,194.06351582013465,118500
2024-11-13,193.92465209960932,194.45032633571023,191.0284797557549,192.91297058695216,103600
2024-11-14,191.43511962890625,195.68019554023297,190.04654905390564,193.88496674888063,84900
2024-11-15,192.7244873046875,195.7496032627612,192.08971011465584,192.85343138734896,98700
2024-11-18,191.91119384765625,195.9678172274352,191.91119384765625,192.6947410613067,63300
2024-11-19,189.1439666748047,191.65332174799067,189.044791712532,189.51095792463693,64700
2024-11-20,190.1754913330078,190.4135233525647,186.46600264064423,188.29098541723937,51400
2024-11-21,194.7577972412109,195.73972476466795,191.5144746342937,191.5144746342937,76000
2024-11-22,196.4835968017578,197.7333103051699,194.678439940323,194.678439940323,67100
2024-11-25,200.956787109375,203.94222131049267,196.6522033400564,198.26889292536129,93900
2024-11-26,196.13644409179688,201.94862958909204,195.987674081724,200.8080191537761,117900
2024-11-27,196.2752990722656,199.439272416848,195.8587279141788,198.57637609897407,46000
2024-11-29,198.3184814453125,198.8342426817892,195.44215038990205,197.9316643015258,44100
2024-12-02,200.3021697998047,200.39143180538,196.91007737938892,199.55828948477625,65800
2024-12-03,198.11021423339844,201.48246566376008,196.2653904161506,201.3535215640452,60200
2024-12-04,198.7647857666016,199.53841997312367,196.5232321854324,199.53841997312367,50300
2024-12-05,194.13291931152344,199.99469976986563,194.13291931152344,199.99469976986563,63100
2024-12-06,194.489990234375,196.0868539644607,192.98240364685728,196.0174330027792,41400
2024-12-09,193.9543914794922,197.20762675110515,193.8552013866827,195.60085016071724,43800
2024-12-10,194.14285278320312,196.48359682226345,190.4333640967267,194.9958361652577,100000
2024-12-11,194.3511199951172,197.34648218896223,194.3015249491174,196.1364357111269,76800
2024-12-12,191.77235412597656,194.8966454419429,191.2665058182771,194.88673248593705,58400
2024-12-13,191.52438354492188,192.8038509767936,190.03662297404247,191.77234364006844,57900
2024-12-16,194.9759826660156,196.82080636824733,190.45319297906897,190.45319297906897,90600
2024-12-17,194.90655517578125,194.9561502235591,192.0996449755327,194.09325390250268,83900
2024-12-18,195.68017578125,199.3896641345887,192.40711473720825,195.98765900221565,263100
2024-12-19,192.92286682128903,199.05244823811293,192.2781766281499,197.53493366780305,128300
2024-12-20,186.80322265625,194.0337478546252,186.80322265625,190.92928247070213,387100
2024-12-23,185.0178985595703,187.6363565677792,182.6275747363497,186.138683036384,144300
2024-12-24,186.723861694336,186.98174987521537,184.29385582658105,184.40295887211852,124200
2024-12-26,186.75363159179688,186.91232969595745,184.55175971727704,186.46600452050453,63400
2024-12-27,183.88720703125,187.22971952372973,181.44728808363868,184.90880144875712,50400
2024-12-30,183.88720703125,184.80962648774968,180.7926697769981,183.47063587273792,74200
2024-12-31,184.39306640625,186.0593511403968,183.381384883784,185.63286700044893,114000
2025-01-02,178.69989013671875,185.9799953291217,178.49161211965998,185.22620204357847,162000
2025-01-03,180.5546417236328,181.0208079790904,178.94786492311914,180.76293489205892,87900
2025-01-06,176.23019409179688,182.5482276982792,176.11117808738604,179.88017461465785,70000
2025-01-07,174.9507293701172,176.35914093665065,173.13565960312644,175.44664957527476,101600
2025-01-08,174.71267700195312,175.18877128136037,170.93376757307175,174.8713750950889,101900
2025-01-10,171.48919677734375,173.1852504973949,169.961769241172,171.85618801167251,114600
2025-01-13,174.9606475830078,174.99040158546862,169.97169137995965,170.3485955901752,191000
2025-01-14,176.2500457763672,176.57735494253794,173.58199253169278,175.1292763538502,124100
2025-01-15,179.57272338867188,180.9612940182308,178.4221847903032,180.9612940182308,67600
2025-01-16,180.1986083984375,180.71521052724816,178.6885044879535,179.88068540279758,183500
2025-01-17,181.16229248046875,182.47368694509805,179.6521885629355,182.47368694509805,172300
2025-01-21,183.92417907714844,185.4640711793597,182.98035467979,182.98035467979,65400
2025-01-22,182.5432281494141,184.7189510076332,182.4637474045464,183.9639066704933,64000
2025-01-23,183.0300445556641,184.54014853528287,181.8875409515085,182.4041582633735,85500
2025-01-24,184.32159423828125,184.37127160731816,181.94716152860087,183.3678554541528,53700
2025-01-27,188.0868988037109,189.59698758850405,182.96050408009427,184.58982157061547,116500
2025-01-28,189.249267578125,190.9183177868491,187.2126170196157,187.3318305604096,61500
2025-01-29,186.5370483398437,189.82550189217469,186.5370483398437,189.0307095386186,72700
2025-01-30,187.3417816162109,190.6699527403177,186.1595300977212,188.6134432933925,71200
2025-01-31,184.3513641357422,187.88817387319347,183.6261231896563,187.88817387319347,62000
2025-02-03,179.36407470703125,182.82141919437584,177.41684934507717,181.3808665710173,81700
2025-02-04,180.61587524414065,181.34111625096511,178.60902797492707,178.60902797492707,63400
2025-02-05,180.94374084472656,181.4504136136453,179.5528503435429,180.3277687710206,75400
2025-02-06,182.0961456298828,182.42399801510305,179.58262583592946,182.42399801510305,136500
2025-02-07,183.80496215820312,184.19242135059503,180.40723958813467,181.70870469182543,85300
2025-02-10,184.65936279296875,185.5435653242864,180.94373234333008,184.5600232214543,96600
2025-02-11,186.3780975341797,186.3780975341797,182.44388381594607,183.5367251708452,78000
2025-02-12,183.6062774658203,185.2753430307484,182.87110699836995,184.02354006720128,73500
2025-02-13,184.0036773681641,186.6066076568817,182.57305410250416,183.0797268593404,86000
2025-02-14,183.3578948974609,186.0403058381204,183.02011307250896,185.583310465398,52200
2025-02-18,185.8217315673828,187.0139276442476,183.92418363582547,183.92418363582547,85500
2025-02-19,187.6398162841797,188.355127875591,184.0632734865262,184.0632734865262,84500
2025-02-20,187.07354736328125,188.00742728040305,184.86800569160323,187.02386999674,127100
2025-02-21,187.66961669921875,189.45789564943368,184.5401399058947,189.45789564943368,151900
2025-02-24,184.5202789306641,188.2557985919736,184.5202789306641,188.2557985919736,89800
2025-02-25,185.32498168945312,187.1033311734845,184.80837957781029,185.64290467452776,82800
2025-02-26,183.7354278564453,186.86490481478543,183.31816527262689,185.19585447951167,69000
2025-02-27,183.05984497070312,186.1396596544963,182.4339586885748,182.4438880977058,87800
2025-02-28,173.8402862548828,179.6323151263153,169.45902173817976,179.14551637968324,321600
2025-03-03,174.87351989746094,176.8008863745873,172.57856822026096,173.86015929578983,172200
2025-03-04,173.67140197753906,174.85365353775916,171.27709546981632,173.07531907248426,151900
2025-03-05,177.06910705566406,177.2678013377042,173.770739527472,174.75428152936144,119200
2025-03-06,181.8378448486328,182.15576782606715,174.9132422751865,176.06569032928303,130700
2025-03-07,182.46376037597656,182.5134377399757,180.3178255902001,180.47678709123608,117400
2025-03-10,185.32498168945312,187.45104238408229,180.42710008094008,180.42710008094008,155100
2025-03-11,184.5798797607422,185.821738084864,182.0067529514185,185.821738084864,114700
2025-03-12,181.59942626953125,185.54356966057824,180.5364033890018,184.68917049668732,113600
2025-03-13,181.41065979003903,184.48052975536515,180.8940425117937,181.7285676201421,79100
2025-03-14,184.69911193847656,186.26882270878755,182.0663631462308,182.0663631462308,95000
2025-03-17,186.8648834228516,191.64355135070969,184.5401285108236,184.5401285108236,151500
2025-03-18,187.7987823486328,190.00432394918744,185.29519171784588,185.29519171784588,156100
2025-03-19,187.0337829589844,190.73949891355585,185.13623506296648,187.17287047742656,117000
2025-03-20,187.15301513671875,190.33216930259945,185.166041888118,185.166041888118,201100
2025-03-21,182.36441040039065,184.95741121092664,179.2150594811333,184.95741121092664,813300
2025-03-24,186.82516479492188,187.5404763850705,183.18900007156688,183.18900007156688,152600
2025-03-25,185.9707794189453,187.94780826715345,184.71897646401928,186.20920652700423,116800
2025-03-26,186.0502471923828,188.35512831274403,183.93411579959616,185.3051322128836,63900
2025-03-27,184.89781188964844,186.9245181044597,183.9142545910377,185.7522110651698,75300
2025-03-28,179.66212463378906,184.9176775742777,178.72824474436214,183.6956780630982,47700
2025-03-31,177.04925537109375,179.08589079329928,176.27432186893722,177.4267699743568,65400
2025-04-01,178.55934143066406,179.61243479559988,175.21129645734885,175.7775759334699,71900
2025-04-02,180.41717529296875,180.824493283849,176.93002757336006,176.93002757336006,48300
2025-04-03,169.94581604003906,176.6121178224397,169.68751498040632,176.01601979633023,80900
2025-04-04,164.73001098632812,166.8063943454223,162.19661712035938,165.87252967381335,138500
2025-04-07,160.45802307128906,166.48849430154573,158.66975923229802,160.99451435050892,133600
2025-04-08,157.4378204345703,164.65052758872332,156.04694527847542,164.65052758872332,124500
2025-04-09,171.47579956054688,172.67790990170477,157.31861498737658,157.31861498737658,226800
2025-04-10,167.93896484375,170.5816427852894,164.82936215617528,168.6344175773988,103300
2025-04-11,170.015380859375,170.74062189310405,164.08426415097645,167.1740083405117,101500
2025-04-14,168.18734741210938,171.11814514151402,167.37269624634024,170.6909380014009,120700
2025-04-15,168.69403076171875,169.4192717481978,166.6077028002388,166.6077028002388,95000
2025-04-16,166.0765380859375,169.67933552507662,165.14100530096053,168.12674047706523,79000
2025-04-17,166.6637420654297,168.5049362885718,165.72820929250264,166.2357787988584,80700
2025-04-21,160.31407165527344,165.38981220921417,159.16953075617357,165.38981220921417,96600
2025-04-22,164.97181701660156,165.46943955063765,161.66761128744386,162.77233392045338,163800
2025-04-23,167.65899658203125,171.45087799124192,167.11160873862818,169.01253052833923,104400
2025-04-24,169.74900817871094,169.76891733360182,164.22539462975402,167.15141776305205,65300
2025-04-25,167.74856567382812,169.09213745534947,166.64384299858517,169.09213745534947,51100
2025-04-28,167.86798095703125,169.11203727098288,166.06658984422674,167.4499798578916,56800
2025-04-29,167.79832458496094,168.61441764410108,164.70311181518915,166.56421523326063,141400
2025-04-30,166.18601989746094,167.07178741489565,163.98653676580423,167.07178741489565,104800
2025-05-01,168.514892578125,169.68927440189552,165.08128514065393,165.08128514065393,73000
2025-05-02,173.13284301757812,174.56598319470777,170.23667615296512,170.23667615296512,59400
2025-05-05,173.20248413085938,174.89439757403443,171.07266046295433,171.62004824386685,55900
2025-05-06,171.71957397460938,173.47121497904058,170.13713799229785,172.26696178849414,142700
2025-05-07,171.27171325683594,173.23234717727257,170.14709670161827,172.94373280103986,53300
2025-05-08,177.68109130859375,179.86068032118646,173.17263260565556,173.1925417581005,118700
2025-05-09,190.49986267089844,190.5894310825856,178.96497594354688,183.503291037178,166600
2025-05-12,198.8101501464844,201.91532509824512,196.02347609344025,198.2130122149326,166300
2025-05-13,201.67645263671875,203.2190854732572,200.5418739079149,200.8503974379758,127500
2025-05-14,199.5466461181641,202.87076116690733,199.1186980069046,200.77079336090767,90500
2025-05-15,201.0594024658203,202.12430673652963,199.29781453464207,199.29781453464207,63900
2025-05-16,202.2238311767578,203.69678950419564,200.93000965744488,201.35797289835423,96100
2025-05-19,202.771240234375,203.38828733097765,199.93478565155232,200.20350607817133,90700
2025-05-20,202.49256896972656,203.0598507637528,201.16889120201927,202.1641362737179,103100
2025-05-21,198.37225341796875,201.83570198805592,197.695478877702,200.41249364989417,68700
2025-05-22,197.77508544921875,198.44189776956893,196.0732098359119,196.37178636988912,50000
2025-05-23,196.08319091796875,197.0386176953704,194.45098958585896,194.45098958585896,60600
2025-05-27,200.7807464599609,201.02955772816867,197.15805500230567,198.1731940425043,55500
2025-05-28,199.44708251953125,202.71148475068253,198.252791613101,200.9200559841536,85900
2025-05-29,200.8404541015625,201.0693562108876,198.25281089739968,200.91011335821176,61200
2025-05-30,197.09832763671875,200.1139341801893,197.06847149941817,200.1139341801893,61700
2025-06-02,197.4665679931641,198.1333803339805,194.48083293421843,195.9537913111528,62900
2025-06-03,202.5025177001953,205.4981999248044,197.9542403939068,198.26277912523184,221700
2025-06-04,203.50770568847656,204.18448022635727,201.74613286574365,202.532369781478,109200
2025-06-05,204.3337554931641,205.04038614922084,201.7958776193114,204.3934677654044,72800
2025-06-06,206.17495727539065,207.68771873712527,205.607660337565,206.8119134661825,50700
2025-06-09,208.28488159179688,209.87727973667813,207.04082528680652,207.29958353120023,246100
2025-06-10,212.5544891357422,212.68386066348347,207.98630288954195,208.0559773312929,123900
2025-06-11,211.41989135742188,213.11182003279208,210.00664525773217,212.9824333211797,258500
2025-06-12,212.07676696777344,212.2360098226532,208.5536061244074,209.5388890182275,151300
2025-06-13,211.44976806640625,212.36539168166385,209.3099821167829,211.39004060751705,131100
2025-06-16,215.5302581787109,217.4908920746161,212.88290279214823,213.61938957083947,206000
2025-06-17,215.9681701660156,216.16721613353013,213.97768011840256,213.97768011840256,153900
2025-06-18,214.0175018310547,218.95392425994976,213.957789554236,215.53027865081475,137700
2025-06-20,213.4900054931641,215.8586935194425,212.12652466437385,214.9729260519556,296900
2025-06-23,211.24075317382807,215.25158934545723,208.61330695734856,213.4701074611756,162500
2025-06-24,215.9781188964844,217.14255376141028,211.4895692698485,212.4051928768099,141700
2025-06-25,215.55018615722656,217.13262222576523,214.52508491638187,216.30656696820623,99800
2025-06-26,218.40652465820312,218.4562899482856,215.63974461544248,216.42599671453624,109700
2025-06-27,216.0677032470703,218.80462709425865,214.39568369085532,218.57570980204164,323600
2025-06-30,217.34161376953125,218.6155261886865,214.6345460822677,216.943506647149,166400
2025-07-01,221.41217041015625,222.82541657745733,215.2416540559769,217.31176560964224,159700
2025-07-02,224.4078521728516,224.4675644467329,219.9690677036841,220.4567280645377,100000
2025-07-03,225.1343688964844,225.92060573228864,223.86044137740856,223.86044137740856,42400
2025-07-07,224.1192321777344,225.45285688182028,221.70077884242968,224.02966376915413,178500
2025-07-08,222.95480346679688,226.7466847304545,222.9448412969678,223.6912750948921,96500
2025-07-09,224.55714416503903,224.70642484716385,221.1733019032808,224.35808300722715,85900
2025-07-10,225.6519012451172,229.06559959251948,223.1637886718223,223.93013159654265,82700
2025-07-11,224.8656616210937,226.34856697756595,222.34769294241903,223.4325063664957,119100
2025-07-14,223.25338745117188,224.1988672560865,220.0785531619053,224.1988672560865,107200
2025-07-15,218.83448791503903,224.42776027379767,218.5458583443203,222.8055059718688,123600
2025-07-16,216.2333526611328,219.65169995206944,214.9377633318718,218.8344918935092,103600
2025-07-17,217.22994995117188,218.0969912628478,215.2666372742876,215.2666372742876,81400
2025-07-18,216.4127349853516,218.1268965272025,215.22678799927675,218.1268965272025,57500
2025-07-21,215.30648803710932,217.9873573042332,214.79822507840973,217.5887214786235,52800
2025-07-22,215.71511840820312,217.628597910153,212.2369771872924,212.7253038350971,87900
2025-07-23,218.2465057373047,218.73483239064635,215.0772943462463,217.34955223101264,73000
2025-07-24,216.54229736328125,217.518965843766,215.0972233937207,217.0904330640064,52000
2025-07-25,218.81455993652344,218.81455993652344,216.55226265352212,217.469152503968,45600
2025-07-28,216.69178771972656,219.0836485113304,216.53234249920632,219.0836485113304,79800
2025-07-29,216.10379028320312,218.55544488552303,214.34977123584892,218.55544488552303,69000
2025-07-30,215.5457000732422,219.93075541857496,214.4793407699429,217.03064680409892,108000
2025-07-31,221.8242950439453,222.8009634760556,212.1771528099557,214.2401320158736,94700
2025-08-01,214.887924194336,220.1499963728233,214.41951871723347,220.1499963728233,63500
2025-08-04,225.8605499267578,225.8605499267578,221.007074226416,222.0335759503875,102900
2025-08-05,225.352279663086,226.38875720389683,222.86076758399827,224.62476239394755,93300
2025-08-06,224.0068817138672,225.7210433131468,222.10336275547203,224.54504165457888,73100
2025-08-07,221.2462615966797,221.68477013386232,210.4231330562385,214.33979775699964,157200
2025-08-08,221.8242950439453,225.36224507486384,219.9706095341136,222.1730975947793,96500
2025-08-11,220.8974609375,223.34911558196728,218.8843300711389,223.34911558196728,124900
2025-08-12,226.2392578125,226.60801194169912,222.7710772493513,222.7710772493513,95600
2025-08-13,231.63088989257807,232.49793121769616,227.5448192644168,227.5448192644168,99200
2025-08-14,225.65126037597656,229.9167277674009,224.2759408651121,229.9167277674009,75600
2025-08-15,221.5253143310547,225.77084531610927,220.35928853671533,225.77084531610927,71400
2025-08-18,224.2460479736328,224.2659843282458,219.84105643710544,219.8609927917184,55200
2025-08-19,219.43243408203125,226.2990556437541,219.27298887386848,225.2426417986552,53000
2025-08-20,213.6820373535156,221.34593064611943,213.65214042627903,218.6451249655532,66200
2025-08-21,211.96788024902344,215.72508465445125,209.77535270038285,213.841502164926,81800
2025-08-22,220.76791381835932,223.9072130584049,213.6322193396273,213.78170398649297,85000
2025-08-25,218.1069793701172,220.7479761624045,216.7715173023917,220.1101496612304,78500
2025-08-26,217.22994995117188,220.92734525140804,216.57218713204688,218.54546038243944,59200
2025-08-27,216.8014068603516,217.7382178286271,214.03084666442072,214.92780013078325,70000
2025-08-28,214.27999877929688,218.3860210149604,212.37649511347573,218.3860210149604,47300
2025-08-29,210.7420654296875,214.0208886508917,208.67908611866,214.0208886508917,97700
2025-09-02,208.06118774414065,211.34001083545832,206.8652650290423,208.00139388943307,57400
2025-09-03,207.14431762695312,208.49970078851632,205.6195134710673,207.4532626875992,74300
2025-09-04,209.83514404296875,210.02450138841223,207.1144171922357,207.1144171922357,72500
2025-09-05,208.50965881347656,212.1173633464432,207.0845060326806,208.6392223045441,52800
2025-09-08,211.051010131836,211.39981269983983,208.8086492534479,210.43310479348727,65100
2025-09-09,207.2539520263672,209.87501245034173,205.0813455380909,209.87501245034173,69100
2025-09-10,205.4002685546875,207.4333357861896,204.58304526684952,206.3570007082237,52900
2025-09-11,210.542724609375,211.40978112627084,203.79572106125227,205.96831222627105,138900
2025-09-12,204.9418182373047,208.7488560170598,203.1877991972872,207.831966184137,77300
2025-09-15,203.7259521484375,207.0047904685355,203.11802260989845,206.51644864020665,84900
2025-09-16,204.6029815673828,206.2972067943455,201.41384904480893,203.0980984906648,81300
2025-09-17,201.05506896972656,207.00480117204123,200.6165604003056,206.40683217610663,55700
2025-09-18,203.40704345703125,205.539777096576,201.4835883072041,201.4835883072041,89100
2025-09-19,197.78619384765625,203.32731406187665,197.33770952536145,203.32731406187665,262000
2025-09-22,197.0785980224609,199.85911870677512,195.0056582260088,197.8260516179949,98200
2025-09-23,196.1318359375,200.7461060149881,195.2348824555536,198.1848394788033,92900
2025-09-24,193.45095825195312,197.38754416884063,192.70350465227887,194.27814206043044,103800
2025-09-25,191.6471099853516,193.7399709837948,189.9030515498241,192.5839209495521,97200
2025-09-26,191.96600341796875,193.74993444882364,190.99929558716624,191.59726452413048,68300
2025-09-29,189.783447265625,191.71686303622084,188.8566120887627,191.71686303622084,64700
2025-09-30,190.2518615722656,190.2917342825513,188.5376999975786,189.45458985035071,86900
2025-10-01,188.5077972412109,190.17214068706764,185.8966974565922,190.17214068706764,95500
2025-10-02,190.9196014404297,191.6969520191941,183.82376445519347,187.58096905721032,84000
2025-10-03,191.00927734375,193.6602497298665,190.91958656249352,190.91958656249352,92100
2025-10-06,188.10916137695312,192.60384367891643,186.27541214221264,192.60384367891643,93300
2025-10-07,187.1723480224609,188.6074613903316,187.1723480224609,187.4314750070381,50000
2025-10-08,188.81675720214844,190.28175230731844,186.63419019804385,187.6606919532281,39800
2025-10-09,184.8602294921875,188.5576247775905,184.43168152133168,188.5576247775905,56600
2025-10-10,181.9302215576172,185.99637124082923,181.19272848133923,185.6375928803404,61300
2025-10-13,181.3721160888672,187.5610234854528,180.74425018803169,183.39522265046747,60700
2025-10-14,182.65773010253903,183.7241045587624,179.42872501282517,179.42872501282517,85000
2025-10-15,183.7058868408203,186.3911516747084,183.3564971648298,183.53618807108404,73600
2025-10-16,183.6260223388672,184.7140989640987,181.5995988141094,183.7657751601637,78700
2025-10-17,180.5115203857422,183.99537921086247,179.67300346633877,182.67769671015853,89000
2025-10-20,182.937240600586,184.1451162743724,177.70647893418845,181.489797358516,43100
2025-10-21,185.43283081054688,186.04175707733512,181.3700068851224,181.3700068851224,44100
2025-10-22,186.7704925537109,187.1797589007525,184.4445942349457,185.273134297744,106600
2025-10-23,187.2396545410156,187.8585577079737,185.2830998378524,186.4510373780385,65500
2025-10-24,187.7687225341797,189.1662507477293,186.56084689596412,188.5373554356744,50500
2025-10-27,184.69415283203125,188.9166988234932,184.22497936276707,188.2179346879664,48900
2025-10-28,182.1486358642578,186.51093456543663,181.28017297861007,183.4862722065444,57300
2025-10-29,179.94252014160156,183.22673431502537,178.09578750550153,181.0905038977975,60600
2025-10-30,176.57846069335938,181.958967215188,175.65010592083308,179.67300706561088,73200
2025-10-31,178.40524291992188,180.8808709256849,175.54030238409163,176.23906651088978,237200
2025-11-03,177.13746643066406,179.18385895254968,173.0746425633106,176.63834704639513,140000
2025-11-04,174.48214721679688,178.02589788267682,173.47393154657013,176.20911124905152,121800
2025-11-05,176.9078826904297,177.98598243040053,173.61369157917136,173.61369157917136,70200
2025-11-06,172.83506774902344,179.0441143943332,172.4058323700687,178.8544465824544,108400
2025-11-07,166.56613159179688,173.07465302085907,159.50857576048202,167.6442313547887,198000
2025-11-10,165.11868286132812,168.72232552327665,164.27017379217114,166.8456317130463,167600
2025-11-11,164.1304168701172,166.4463381297348,161.34533740157664,165.40816127821145,131900
2025-11-12,167.05526733398438,168.3130427238976,163.25196475531527,165.04879762084494,171900
2025-11-13,165.3682403564453,168.59254735882493,164.43987036817035,165.897305692591,129500
2025-11-14,162.1638946533203,166.80571434527752,159.37881502367858,166.2866258894895,133000
2025-11-17,161.3752899169922,164.58962010846074,160.71644864576598,162.19383782179693,211600
2025-11-18,162.56320190429688,165.56789534246943,162.11398223878138,164.1803439580216,157000
2025-11-19,159.17916870117188,162.91257213396216,156.40405077236005,162.91257213396216,133900
2025-11-20,157.52207946777344,160.72641735940098,156.0247213268857,160.51679574954892,108800
2025-11-21,160.72642517089844,163.7710565850592,157.47217213669774,158.42049595896674,156100
2025-11-24,159.59841918945312,161.7146805045593,158.29072883976335,159.81803293708657,109400
2025-11-25,163.35179138183594,164.6195588820979,159.78808690076778,160.70646473947323,194100
2025-11-26,160.65655517578125,165.57786515663082,160.3071655024352,163.67124062172164,176500
2025-11-28,160.08755493164062,163.3318311015541,158.3306600892694,161.2455156202541,88600
2025-12-01,162.6230926513672,164.2502115985751,159.56848424612602,159.56848424612602,180600
2025-12-02,161.61485290527344,164.5896154461507,160.7164440931708,162.87264352051517,92300
2025-12-03,165.29835510253906,165.71761356022438,161.62484372172602,162.39347661152496,92000
2025-12-04,166.3864288330078,167.58432752785794,161.72465566207342,163.7910172019667,108300
2025-12-05,164.5696563720703,166.59608000610996,163.3418268593273,166.09696058428904,75900
2025-12-08,162.7428741455078,167.39467071778736,162.67300534847232,164.73935179212577,73800
2025-12-09,162.15391540527344,164.70940433235378,161.70471098529558,162.81275667826256,70000
2025-12-10,166.5960693359375,167.71409189499596,161.7146823124494,161.77457420212542,126500
2025-12-11,173.6935577392578,175.17094695394263,168.42285789537843,168.42285789537843,152800
2025-12-12,177.03765869140625,177.89614467556208,173.69355259184312,174.4721776435292,137100
2025-12-15,177.71644592285156,178.60487781346745,175.6800455464889,177.07757372321674,161900
2025-12-16,178.05584716796875,179.99243284755894,175.0212079642636,177.1973612037767,175700
2025-12-17,173.3042449951172,181.2901556862452,172.60548085602667,177.3970303170866,149200
2025-12-18,172.0863800048828,175.58021568067352,171.6671215516177,174.12278038244406,89100
2025-12-19,173.56378173828125,176.1092938193562,169.74052516422802,170.74875613815954,363900
2025-12-22,172.03646850585938,174.98126987444957,171.37762725227356,172.5655338432166,82100
2025-12-23,173.2942657470703,173.69355518346143,171.4774637780847,172.35591881644396,59500
2025-12-24,173.3042449951172,173.3042449951172,171.78691769886646,172.68534179076784,38800
2025-12-26,174.05291748046875,174.3324231254389,171.83682612969457,172.97481775047737,62300
2025-12-29,172.03646850585938,174.69178732891854,170.4293034531567,174.1926679365502,75700
2025-12-30,170.26959228515625,172.69530515608747,170.23963110905095,172.04645605607035,61200
2025-12-31,167.5743408203125,170.419327464871,167.03529857569976,170.419327464871,56000
2026-01-02,170.1298370361328,170.89848520265662,166.14687383996974,169.35121196476638,98900
2026-01-05,181.80923461914065,182.67769748707948,171.71703990279093,171.71703990279093,199100
2026-01-06,182.6377716064453,183.5860953892009,177.06759745588616,180.20206657660424,165600
2026-01-07,181.69943237304688,183.74582497893783,178.98422159261,182.1785827366783,123900
2026-01-08,186.1815185546875,188.8468144008801,180.7610890233321,180.7610890233321,90700
2026-01-09,186.580810546875,187.75872497399493,184.38468831820217,185.44281896816813,105300
2026-01-12,187.77870178222656,188.6172187208217,181.1503967416792,185.672417299286,141600
2026-01-13,188.52737426757807,189.37588331284616,186.5209198280918,188.4375364341492,90500
2026-01-14,190.3441619873047,191.7616744495188,188.04822499417688,188.04822499417688,86300
2026-01-15,192.7100067138672,194.51681653595853,189.21617085353984,190.803366917286,119600
2026-01-16,192.5800018310547,195.1699981689453,189.3999938964844,192.17999267578125,122000
2026-01-20,188.67999267578125,193.67999267578125,188.19000244140625,190.44000244140625,86500
2026-01-21,191.9499969482422,192.5200042724609,189.4199981689453,189.8999938964844,100100
2026-01-22,192.77999877929688,193.2899932861328,191.2700042724609,192.0,65400
2026-01-23,191.13999938964844,193.52999877929688,189.0,191.22000122070312,64500
2026-01-26,192.1699981689453,193.07000732421875,190.3999938964844,191.4199981689453,91700
2026-01-27,193.3300018310547,194.1699981689453,187.8099975585937,191.0399932861328,104100
2026-01-28,190.8999938964844,194.3800048828125,189.9600067138672,192.9600067138672,68400
2026-01-29,193.0200042724609,194.1300048828125,188.9600067138672,190.97999572753903,138400
2026-01-30,195.3099975585937,195.9499969482422,190.8500061035156,190.8500061035156,124900
2026-02-02,195.0,197.88999938964844,194.25,194.3099975585937,177500
2026-02-03,195.5200042724609,197.6000061035156,193.6999969482422,195.4199981689453,122500
2026-02-04,203.22999572753903,204.1999969482422,196.7400054931641,196.7400054931641,137100
2026-02-05,202.69000244140625,205.9600067138672,201.5,203.22999572753903,102200
2026-02-06,208.3800048828125,209.5500030517578,203.2700042724609,203.2700042724609,83400
2026-02-09,208.3000030517578,208.4199981689453,205.75,208.3300018310547,92900
2026-02-10,207.32000732421875,211.0800018310547,207.3000030517578,208.33999633789065,83100
2026-02-11,210.259994506836,211.9199981689453,208.8800048828125,209.2700042724609,67600
2026-02-12,209.1999969482422,214.97999572753903,207.3999938964844,211.8099975585937,69800
2026-02-13,210.83999633789065,213.4900054931641,208.3800048828125,208.3800048828125,65100
2026-02-17,208.8999938964844,211.9499969482422,204.3099975585937,211.9499969482422,91200
2026-02-18,203.009994506836,209.6499938964844,202.77999877929688,207.58999633789065,109900
2026-02-19,210.27999877929688,210.38999938964844,201.75999450683597,204.0,107600
2026-02-20,213.4600067138672,214.6499938964844,208.25,210.22000122070312,87788
2026-02-23,211.17999267578125,214.39999389648438,207.94000244140625,212.36000061035156,141000
2026-02-24,215.14999389648438,216.88999938964844,210.9499969482422,210.9499969482422,148900
2026-02-25,213.08999633789062,216.3000030517578,207.75999450683594,215.80999755859375,128200
2026-02-26,216.5,216.6699981689453,210.39999389648438,214.8000030517578,134800
2026-02-27,213.52999877929688,214.5800018310547,210.13999938964844,214.32000732421875,213600
2026-03-02,218.47000122070312,219.8800048828125,209.88999938964844,210.60000610351562,101100
2026-03-03,184.77999877929688,203.75999450683594,179.9199981689453,203.75999450683594,274900
2026-03-04,178.00999450683594,188.22000122070312,177.75999450683594,185.7100067138672,279600
2026-03-05,173.1300048828125,177.67999267578125,172.5,176.0,164400
2026-03-06,168.1300048828125,172.16000366210938,165.30999755859375,170.0,158400
2026-03-09,167.89999389648438,174.3000030517578,158.6999969482422,165.0500030517578,205700
2026-03-10,170.10000610351562,172.1699981689453,165.0,167.97999572753906,235600
2026-03-11,175.9199981689453,177.4600067138672,169.00999450683594,169.52000427246094,321200
2026-03-12,170.14999389648438,174.94000244140625,169.75999450683594,173.27999877929688,186587
