date,close,high,low,open,volume
2021-03-12,21.198198318481445,21.88660478599564,21.032030251308093,21.483055490555266,13500
2021-03-15,20.683874130249023,21.293154655134,20.145808290570518,21.293154655134,20400
2021-03-16,20.525617599487305,21.174461077557403,20.106242456943708,20.54144190904444,17200
2021-03-17,20.865861892700195,21.221933704372695,20.41483518314237,20.41483518314237,21200
2021-03-18,20.88960075378418,21.20610955884107,20.683869653188943,21.12698348950162,17400
2021-03-19,21.3564510345459,21.3564510345459,20.161629018104954,20.850036964776535,119000
2021-03-22,20.45440101623535,21.142807467835397,20.185368158827767,21.09533152512612,29500
2021-03-23,20.375272750854492,20.68386863189347,19.7818182047131,20.248669235082964,39000
2021-03-24,20.414833068847656,21.119066729566292,20.3040553845868,20.581001104471696,19100
2021-03-25,20.660131454467773,20.86586254528823,19.900508849189702,20.454400363647316,15800
2021-03-26,20.99246597290039,21.23776009547795,20.628479733986733,20.968727247786582,15500
2021-03-29,20.375272750854492,20.976640205385728,19.81346983827246,20.976640205385728,13900
2021-03-30,20.49396514892578,21.12698429232733,20.375274531173332,20.873775729426857,10000
2021-03-31,20.240755081176758,20.652217236731346,19.995460973117734,20.652217236731346,27700
2021-04-01,20.588918685913086,20.588918685913086,20.224932411915077,20.34362303045872,10200
2021-04-05,20.375272750854492,20.739257481389394,20.106239902531758,20.66804432434675,19300
2021-04-06,20.375272750854492,20.438574508740256,20.28031935940937,20.375272750854492,14600
2021-04-07,20.098331451416016,20.391103089837216,19.868863094152516,20.185371953774563,16100
2021-04-08,20.042938232421875,20.177454657172344,19.82138132423494,20.09832708216037,17700
2021-04-09,20.21701431274414,20.359443622125823,20.01128476500694,20.201190007771615,9300
2021-04-12,20.13789176940918,20.28823250285912,19.940073585070124,20.25658237816602,21000
2021-04-13,20.098331451416016,20.33571422805752,19.955902087277774,20.035029679491608,10200
2021-04-14,20.193281173706055,20.36736063737777,20.098327778555017,20.224931299267723,6800
2021-04-15,20.248674392700195,20.248674392700195,20.003380207067163,20.114157934275628,6900
2021-04-16,20.019195556640625,20.48604649692852,19.96380671783234,20.48604649692852,22300
2021-04-19,20.019195556640625,20.06667299781858,19.789727294544505,20.019195556640625,16800
2021-04-20,19.940074920654297,20.399013078691222,19.78181975888995,20.074591355384072,21200
2021-04-21,20.019195556640625,20.20118939602412,19.80555310827049,19.94798090410636,16200
2021-04-22,20.019195556640625,20.2565782348324,19.90050497216107,20.129974743489853,16000
2021-04-23,20.050851821899414,20.351534806078448,20.027113095819615,20.209106977298703,16800
2021-04-26,20.23284339904785,20.38318563984582,20.05876394233591,20.185367457986953,21100
2021-04-27,20.019195556640625,20.57308696318877,19.979632531558327,20.414831844394254,30900
2021-04-28,20.066679000854492,20.304060240827255,19.94007547163794,20.04294027316397,24700
2021-04-29,20.25055503845215,20.290527889025576,19.994725135102602,20.19459243770275,20200
2021-04-30,20.210580825805664,20.25854854823434,20.06667613365324,20.15461670396141,32700
2021-05-03,20.41044807434082,20.53036814260719,20.146623314208238,20.146623314208238,24500
2021-05-04,20.058683395385742,20.522375494557277,20.058683395385742,20.426438514616084,14700
2021-05-05,20.162612915039062,20.306517616730567,19.986730237897508,20.170607790118204,33000
2021-05-06,20.2585506439209,20.282535270049575,20.02670383261004,20.25055576854467,32500
2021-05-07,20.2425594329834,20.362479505243297,19.994724413664084,20.074671636792832,32000
2021-05-10,20.18659782409668,20.450422605951598,20.074672621148085,20.20258757447977,28600
2021-05-11,20.146625518798828,20.362481055352227,19.986731060369248,19.986731060369248,25500
2021-05-12,19.602981567382812,20.338493157957465,19.403114303909984,20.202583357801295,35300
2021-05-13,20.586332321166992,20.586332321166992,19.690926127907005,19.690926127907005,29100
2021-05-14,20.786197662353516,20.866144881412765,20.450420562197767,20.58633037713858,30400
2021-05-17,20.642295837402344,20.89013087849656,20.49839112810035,20.69026356554748,18700
2021-05-18,20.34649085998535,20.77820341617155,20.146623568727605,20.69825619469517,26800
2021-05-19,20.290525436401367,20.39445727511589,19.762875943306113,20.290525436401367,46700
2021-05-20,20.106651306152344,20.506385930628003,19.834831639519567,20.402455599205627,48100
2021-05-21,20.282535552978516,20.87414261527271,20.15461907004111,20.226571424564273,20000
2021-05-24,20.466411590576172,20.57034191444463,20.074671870046657,20.330501767138056,19100
2021-05-25,19.882797241210938,20.62630222531524,19.818839774034235,20.61031400217079,29900
2021-05-26,20.11464500427246,20.17060760444479,19.874804853572055,19.986730053916713,18000
2021-05-27,20.330507278442383,20.37847501593376,20.2105871722805,20.25056003271217,12500
2021-05-28,20.226566314697266,20.4104453547287,20.074668293404,20.258545808569234,31800
2021-06-01,20.546361923217773,20.586334778861115,20.24256273080826,20.362482822604985,19500
2021-06-02,20.34649085998535,20.618310498085204,20.194591291666868,20.618310498085204,18900
2021-06-03,20.402456283569336,20.514381494219545,20.0267047480437,20.234566942727394,19700
2021-06-04,20.554353713989258,20.810185155230982,20.38646590319304,20.38646590319304,26200
2021-06-07,20.2585506439209,20.7062529909236,20.034698707986266,20.58633291001334,38500
2021-06-08,20.130634307861328,20.30651697948344,19.994724485514006,20.30651697948344,21400
2021-06-09,20.11464500427246,20.298522554800538,20.074672154111223,20.13063475428355,32200
2021-06-10,20.138628005981445,20.370473262988032,20.106648508537024,20.338495290409977,23400
2021-06-11,20.08266830444336,20.178603760869194,19.986731323150934,20.14662578368278,25300
2021-06-14,19.962745666503906,20.15461809432126,19.922772815866896,20.010714917108125,34500
2021-06-15,20.106651306152344,20.330503244810682,19.970741472835954,20.09865643067884,29700
2021-06-16,20.106651306152344,20.18659853602079,19.87480601688708,20.01871072567697,33100
2021-06-17,19.8028507232666,20.058680600980985,19.706913756690533,20.050685726694116,38100
2021-06-18,19.7229061126709,19.84282619309489,19.47507107647911,19.826836442407277,64000
2021-06-21,19.626964569091797,20.09065655713349,19.547018883978488,19.778864115566236,48300
2021-06-22,19.86680793762207,20.0666752176286,19.347153314578367,19.626966286694437,47900
2021-06-23,19.8348331451416,20.106652832407658,19.579003210036298,19.579003210036298,47900
2021-06-24,19.954748153686523,20.194589800404653,19.60298284495269,19.898785560245518,59900
2021-06-25,19.666946411132812,20.234568920472093,19.65895153460971,20.010718477292333,1234400
2021-06-28,19.738893508911133,19.87480332381147,19.64295654109533,19.746888383301314,72100
2021-06-29,19.54702377319336,19.810848564708778,19.443091916764104,19.810848564708778,46100
2021-06-30,19.594989776611328,19.7308995981493,19.507047678890743,19.58699490183069,48800
2021-07-01,19.76287841796875,19.78686304333686,19.475070537883987,19.626968590615817,40200
2021-07-02,19.650951385498047,19.906781266127958,19.483063598159557,19.786861200190984,65000
2021-07-06,19.059345245361328,19.658947126339893,19.051350370630974,19.658947126339893,90600
2021-07-07,18.94742202758789,19.235229923604802,18.795522441580864,19.075336986899096,53900
2021-07-08,18.603652954101562,18.8434931596443,18.347822994891484,18.74755768737394,48100
2021-07-09,19.059345245361328,19.099318094146657,18.69158863209726,18.747552755209732,31100
2021-07-12,18.93143081665039,19.04335601620047,18.69958401773497,18.93942569159918,15700
2021-07-13,18.915441513061523,18.95541436388214,18.699584458950543,18.85947891196605,25500
2021-07-14,18.891454696655273,18.995386536521494,18.779529507445194,18.84348697626043,18000
2021-07-15,19.187259674072266,19.227232521780024,18.907445165518766,18.907445165518766,26700
2021-07-16,19.051349639892578,19.31517439640916,19.051349639892578,19.203249204210117,16600
2021-07-19,18.587663650512695,19.011382983756025,18.52370615916152,18.98739835267426,35900
2021-07-20,18.539690017700195,19.171269853345898,18.491720770790604,18.651615210756457,42100
2021-07-21,18.64362144470215,19.035361168555802,18.64362144470215,18.723568669438226,38300
2021-07-22,18.611642837524414,18.723568033433143,18.411775544906583,18.595653088147042,44500
2021-07-23,18.739559173583984,19.04335680996848,18.531696990850786,18.747554048866014,60000
2021-07-26,18.98739242553711,19.17926483969541,18.811509760441933,18.811509760441933,47700
2021-07-27,18.88346290588379,19.05135070355576,18.69158895873516,18.891456255887388,23700
2021-07-28,19.16327667236328,19.21924079870348,18.843489289037628,18.8994518905113,20600
2021-07-29,19.066286087036133,19.284510162409365,19.001627273027886,19.284510162409365,22500
2021-07-30,19.066286087036133,19.32492134306912,19.066286087036133,19.098614723246392,20100
2021-08-02,19.147113800048828,19.49465557259628,18.920807135193087,19.187524988750052,15900
2021-08-03,19.389585494995117,19.502738065263316,19.17944390621978,19.17944390621978,18300
2021-08-04,19.147113800048828,19.640136776873508,19.147113800048828,19.268348907740535,14400
2021-08-05,19.389585494995117,19.446161780129216,19.155197807784113,19.446161780129216,9700
2021-08-06,19.494653701782227,19.60780625255734,19.44615843008899,19.60780625255734,9100
2021-08-09,19.438074111938477,19.729039549208572,19.4057454753461,19.591639375118554,25400
2021-08-10,19.260265350341797,19.93918376767154,19.155195340282937,19.470406912047476,39900
2021-08-11,19.28451156616211,19.729040752128387,19.114781203543167,19.252181386010754,18400
2021-08-12,19.44615936279297,19.44615936279297,18.95313640963442,19.211771704718505,15300
2021-08-13,19.397666931152344,20.149326771388587,18.98546632387479,19.567395776837657,21800
2021-08-16,19.2198543548584,19.486572197062106,19.10670025645309,19.284513178980873,17500
2021-08-17,19.30068016052246,19.30068016052246,18.89656205250694,19.21177522503905,23300
2021-08-18,19.07436752319336,19.510814106992914,18.99354362498229,19.227932775635626,17000
2021-08-19,19.03395652770996,19.07436925127058,18.791486352697365,18.920803984915786,12600
2021-08-20,19.01779556274414,19.39766596627876,18.920806554614032,19.090536933444724,8500
2021-08-23,18.831897735595703,19.333004721979442,18.68641655398861,19.139028271582195,10800
2021-08-24,19.01779556274414,19.155195758335466,18.70258244251228,19.033959112775836,23700
2021-08-25,18.97738265991211,19.227936952958807,18.880395194258135,19.163276587072197,12800
2021-08-26,18.94505500793457,19.14711403711855,18.904642277144944,19.11478385248685,10500
2021-08-27,18.993549346923828,19.017796986168214,18.8803967802929,18.8803967802929,10500
2021-08-30,18.97738265991211,19.30875932714113,18.896558744141817,18.993547751383762,11000
2021-08-31,18.920804977416992,19.050122616418843,18.904639887144796,18.993546342054014,9200
2021-09-01,19.147113800048828,19.252183815624832,18.856148308318307,19.15519634610668,21200
2021-09-02,18.961219787597656,19.357256867064127,18.823821118771846,19.195609016604827,7000
2021-09-03,18.920804977416992,19.244099074921618,18.775322248142945,18.953135157961384,14900
2021-09-07,18.815732955932617,18.99354430509384,18.718743966288873,18.985461760824556,11600
2021-09-08,18.759159088134766,18.767241634102533,18.678336711633108,18.718747899883937,8400
2021-09-09,18.767244338989258,18.96122084540912,18.670256856573445,18.79149198038733,14700
2021-09-10,18.637920379638672,18.848061909422505,18.58942665479247,18.775320551359343,13900
2021-09-13,18.508604049682617,19.00162850187195,18.427780141548457,18.613675592733372,33200
2021-09-14,19.001630783081055,19.001630783081055,18.557100005769687,18.58943018953983,8000
2021-09-15,18.75107765197754,18.912723942846668,18.72683001463258,18.791488839297827,8100
2021-09-16,18.759159088134766,18.91272437834634,18.67025416566534,18.75107808375501,13500
2021-09-17,18.9127254486084,19.017797010547326,18.629842490080346,18.629842490080346,22800
2021-09-20,18.783405303955078,18.87231176128145,18.62984002536986,18.751076664119605,8600
2021-09-21,18.734914779663086,18.839984804094716,18.589432021536087,18.72683223292401,6100
2021-09-22,18.662166595458984,18.751073035580983,18.59750778671233,18.6540840516672,5300
2021-09-23,18.75107765197754,18.84806511818142,18.710664923069274,18.710664923069274,9300
2021-09-24,18.9127254486084,18.945055634309025,18.670255222206126,18.702583866318648,6800
2021-09-27,18.799571990966797,18.880395909800207,18.76724180679822,18.82381962909323,8500
2021-09-28,18.791492462158203,18.839986204609378,18.75108126704694,18.799575009498113,11300
2021-09-29,18.775325775146484,18.91272598509549,18.60559692016791,18.91272598509549,9200
2021-09-30,18.734914779663086,18.839984804094716,18.710667139445864,18.807656158726584,5900
2021-10-01,18.71066665649414,18.993549618707405,18.71066665649414,18.79149058021052,21200
2021-10-04,18.726829528808594,18.896558361056158,18.710664437664654,18.872312265928183,21400
2021-10-05,18.8723087310791,18.969296176600782,18.759154655853607,18.856143642962937,7300
2021-10-06,18.9127254486084,18.993549371271857,18.791490335407264,18.799572881832418,17000
2021-10-07,19.066286087036133,19.276427617959868,18.8480620116629,18.888474733910385,12100
2021-10-08,19.203689575195312,19.292596037902566,18.751077798990007,19.058206833160895,24300
2021-10-11,19.001630783081055,19.276431178775205,19.001630783081055,19.276431178775205,7400
2021-10-12,19.001630783081055,19.12286588904306,18.99354823713852,19.02587842090866,8800
2021-10-13,19.001630783081055,19.260266086890137,18.856148039291444,18.99354823713852,14200
2021-10-14,19.03395652770996,19.106697888531297,18.872310258230822,19.106697888531297,10700
2021-10-15,19.001630783081055,19.219854898765472,18.99354823713852,19.074372154975862,15500
2021-10-18,19.025876998901367,19.195605826244922,18.93697054176642,19.195605826244922,12500
2021-10-19,19.03395652770996,19.17943924935263,19.009710435161367,19.009710435161367,8900
2021-10-20,19.122861862182617,19.30067321071114,19.122861862182617,19.19560321875967,11800
2021-10-21,19.106700897216797,19.341090106013745,18.993548336604764,19.05820716289564,4300
2021-10-22,19.179443359375,19.316843565749462,19.01779705525617,19.155197261630633,16700
2021-10-25,19.058202743530273,19.3087554446088,18.993543932232985,19.179437822014226,8700
2021-10-26,19.405744552612305,19.54314472016901,19.163272852554055,19.163272852554055,43800
2021-10-27,19.575477600097656,20.08466720152458,19.52698386620538,19.61589032966456,46500
2021-10-28,20.003843307495117,20.197819784880267,19.8826082018279,20.197819784880267,47500
2021-10-29,20.191707611083984,20.387743425798877,19.815972689035647,19.930326524797458,13100
2021-11-01,20.052852630615234,20.387747407569783,20.036517477997663,20.175376401951095,16400
2021-11-02,20.003843307495117,20.330569716924238,19.783302396897557,20.028348372435207,13500
2021-11-03,19.922163009643555,20.314236292251152,19.791472434759203,19.930331365318146,25500
2021-11-04,19.726125717163086,20.093693906098036,19.644443724293716,19.905826413066585,31900
2021-11-05,19.840478897094727,20.15903691967814,19.660778221418543,19.873150755792235,5800
2021-11-08,20.052852630615234,20.216216620426735,19.815976559138477,19.815976559138477,8100
2021-11-09,20.142704010009766,20.216217653385712,19.86498614791275,20.11003214515076,8400
2021-11-10,20.32240104675293,20.649129009069057,20.134533558989226,20.134533558989226,15600
2021-11-11,20.175376892089844,20.387747902867858,20.052853117777403,20.387747902867858,7200
2021-11-12,20.224382400512695,20.289727676525892,20.012009863981238,20.126363707515765,11400
2021-11-15,20.224382400512695,20.330567889801287,20.061018431502568,20.297896030771824,11600
2021-11-16,20.07735824584961,20.257057393195787,20.07735824584961,20.248890595640766,9900
2021-11-17,20.18354034423828,20.18354034423828,20.01200958135896,20.020177935489535,8300
2021-11-18,20.289730072021484,20.289730072021484,20.02834893710888,20.24888985392431,11100
2021-11-19,20.11819839477539,20.216217102590967,20.052853108883177,20.208048747110126,7400
2021-11-22,20.142704010009766,20.216217653385712,20.05285365522704,20.1181989428996,5900
2021-11-23,20.110029220581055,20.28155999154312,20.0936925115501,20.21621471337362,11500
2021-11-24,20.224382400512695,20.273390968034025,20.052850077256632,20.134532061761696,5200
2021-11-26,19.913990020751953,20.28972650459099,19.4892465301765,20.02834541563558,30400
2021-11-29,20.02834701538086,20.297896479640407,19.603601932925116,19.93849667464291,37100
2021-11-30,20.012012481689453,20.150871406125475,19.832313338635853,20.012012481689453,11800
2021-12-01,19.750629425048828,20.110029234201658,19.60360215957929,20.01201053790386,16300
2021-12-02,19.840478897094727,19.995672952327833,19.7751320637912,19.832310542931786,8700
2021-12-03,19.775135040283203,19.84864868086046,19.660781180698354,19.80780846185287,10000
2021-12-06,20.003843307495117,20.012011662475146,19.807807461837644,19.807807461837644,11900
2021-12-07,19.922163009643555,20.0120133641095,19.824145857457562,20.0120133641095,15900
2021-12-08,19.799640655517578,20.012013227746163,19.79147229989865,20.003844872127235,10500
2021-12-09,19.832305908203125,19.995668279422055,19.791464146932974,19.791464146932974,8100
2021-12-10,20.012012481689453,20.012012481689453,19.815976628007032,19.881321912567838,10100
2021-12-13,19.848648071289062,20.01201205821134,19.848648071289062,20.01201205821134,10000
2021-12-14,19.848648071289062,20.01201205821134,19.848648071289062,19.913993354467085,26600
2021-12-15,19.8568172454834,20.01201288366562,19.807808670566992,19.824145381523962,12600
2021-12-16,19.758800506591797,19.979339877279642,19.603604865181836,19.9466680126407,21800
2021-12-17,19.53009033203125,19.889490174403786,19.53009033203125,19.61177232683698,14300
2021-12-20,19.43207359313965,19.717958244038027,19.2360361783029,19.53009074260352,22800
2021-12-21,19.358556747436523,19.881318945917457,19.276874764435316,19.325883331054342,21200
2021-12-22,19.513751983642578,19.726124529130747,19.39939813528523,19.481080123235195,42300
2021-12-23,19.799640655517578,19.90582772060914,19.47291422053304,19.47291422053304,27300
2021-12-27,19.930326461791992,20.012008440486852,19.824140980056587,19.92215810812709,5600
2021-12-28,19.93849754333496,20.01201117842266,19.85681555346481,19.85681555346481,11100
2021-12-29,19.954835891723633,20.02834953284876,19.81597696492667,19.824145320379962,22200
2021-12-30,19.954835891723633,19.995676111035593,19.873153895145215,19.873153895145215,4600
2021-12-31,20.003843307495117,20.012011662475146,19.8813210987035,19.963003090549382,4600
2022-01-03,19.848648071289062,20.01201205821134,19.832312918960387,19.995675347928223,13200
2022-01-04,19.987506866455078,20.012011931724867,19.938498293869934,19.938498293869934,18700
2022-01-05,20.142704010009766,20.257057873948106,19.946668146992085,19.946668146992085,25100
2022-01-06,20.257055282592773,20.29789705588509,20.093692863286556,20.15903814259991,10200
2022-01-07,20.4285888671875,20.502102505667157,20.20804795174853,20.314235010865566,15600
2022-01-10,20.4285888671875,20.56744778898747,20.338738518389153,20.338738518389153,18100
2022-01-11,20.461257934570312,20.624621899530464,20.37140915600104,20.624621899530464,20400
2022-01-12,20.18354034423828,20.436754648423353,20.069186502318733,20.436754648423353,8400
2022-01-13,20.70630645751953,20.747146674862275,20.273392987096088,20.31423476239326,22500
2022-01-14,20.542943954467773,20.869670390647183,20.493935378529496,20.62462595300126,25000
2022-01-18,20.63279151916504,20.804322290735882,20.19170972148973,20.444924038505256,24700
2022-01-19,20.63279151916504,20.665463379388584,20.493932607817737,20.493932607817737,8900
2022-01-20,20.273391723632812,20.6409598886279,20.248888217936027,20.6409598886279,16500
2022-01-21,20.281558990478516,20.57561350670437,20.281558990478516,20.453091310928347,11900
2022-01-24,20.387744903564453,20.70630448877621,20.044683371412873,20.420418320695617,29600
2022-01-25,20.32240104675293,20.44492481159867,20.257055765880583,20.379579530726325,13600
2022-01-26,20.101858139038086,20.559275024171193,20.101858139038086,20.43675283896909,15800
2022-01-27,20.142704010009766,20.338739873027443,19.80780921594358,20.191712586275546,18700
2022-01-28,20.3305721282959,20.35507719614249,19.864986744892878,20.085527681648394,24900
2022-01-31,20.082942962646484,20.49566271245377,19.86832850381859,20.49566271245377,20400
2022-02-01,20.03341293334961,20.19024527260953,19.992140022175487,20.01690376887996,7400
2022-02-02,20.371841430664062,20.396603601141884,19.934358050883837,20.091191952978704,21100
2022-02-03,20.24802589416504,20.429621967088323,20.074682828483322,20.27278806469067,12600
2022-02-04,20.181991577148438,20.25628124033013,19.9426134236962,19.9426134236962,7400
2022-02-07,20.09944725036621,20.347078410365587,20.01690300556625,20.2232628303659,3900
2022-02-08,19.967374801635742,20.165480021826877,19.967374801635742,20.14071627890286,8600
2022-02-09,19.992141723632812,20.264536662962218,19.97563413215884,20.115958893292216,9900
2022-02-10,19.975629806518555,20.18198961206358,19.87657640712078,20.033410300167102,7700
2022-02-11,20.025157928466797,20.322316585046362,19.81054351809273,20.322316585046362,4200
2022-02-14,19.835302352905273,20.115951775872734,19.827047772888566,20.115951775872734,6800
2022-02-15,19.992141723632812,20.18199398239023,19.827054788088127,20.099449727417536,12500
2022-02-16,20.008651733398438,20.016906316683926,19.89309071620315,19.99214256682746,4100
2022-02-17,19.909597396850586,20.00039465285241,19.89308823234095,19.89308823234095,7200
2022-02-18,19.909597396850586,20.008649235107228,19.90134281459577,19.90134281459577,5400
2022-02-22,19.85181427001953,20.008648175756374,19.85181427001953,19.893087179108438,9500
2022-02-23,19.818798065185547,19.992139564950755,19.810543483139504,19.818798065185547,22500
2022-02-24,19.68672752380371,19.769271768280976,19.472113117923023,19.678472941915935,21100
2022-02-25,19.777523040771484,19.85181269684386,19.678471215608564,19.81054136542604,11400
2022-02-28,19.777523040771484,19.975629839898073,19.678471215608564,19.81054136542604,12800
2022-03-01,19.604183197021484,19.802288438294905,19.521638952890765,19.777524692735536,14900
2022-03-02,19.761018753051758,19.909598090010142,19.661965336945954,19.661965336945954,24400
2022-03-03,19.818798065185547,19.9508682291211,19.785779737001388,19.785779737001388,11800
2022-03-04,19.818798065185547,20.000394146996797,19.612438237236177,19.992139564950755,15000
2022-03-07,19.604183197021484,19.794033856441782,19.604183197021484,19.670218277445958,10100
2022-03-08,19.5711669921875,19.694984159012343,19.554659401091442,19.595930740432603,20700
2022-03-09,19.661962509155273,19.884831482539752,19.612436595425528,19.727997585595073,3100
2022-03-10,19.71973991394043,19.7527582341862,19.612433521942,19.612433521942,2400
2022-03-11,19.711490631103516,19.810544044060073,19.56291287326956,19.63720253938683,21700
2022-03-14,20.06642723083496,20.338822113628183,19.711488110201287,19.711488110201287,22200
2022-03-15,19.975629806518555,20.38009483645876,19.917847738469636,20.38009483645876,6700
2022-03-16,20.09944725036621,20.454386400925696,20.041666751326392,20.041666751326392,64600
2022-03-17,20.34708023071289,20.82583500410376,20.099449048559244,20.099449048559244,36500
2022-03-18,20.272789001464844,20.710272402305122,20.239772247771533,20.51216715694364,45700
2022-03-21,20.305803298950195,20.817574687616293,20.215004489115792,20.512163085373672,31100
2022-03-22,20.487403869628906,20.627728618368856,20.454387115196283,20.454387115196283,11800
2022-03-23,20.495656967163086,20.92488576449855,20.462640215122143,20.520420711994138,38300
2022-03-24,20.5039119720459,20.80932362593133,20.5039119720459,20.5947107972337,10600
2022-03-25,20.545183181762695,20.759797583557305,20.528675592701944,20.553437763493314,17100
2022-03-28,20.36358642578125,20.693761811960023,20.36358642578125,20.644235897633315,25800
2022-03-29,20.462642669677734,20.619475015885524,20.396606008873636,20.594712842484636,14800
2022-03-30,20.47089385986328,20.611218602808492,20.347078280652916,20.347078280652916,4400
2022-03-31,20.52042007446289,20.81757713120109,20.479147167693412,20.60296273920103,19700
2022-04-01,20.47914695739746,20.693761347193693,20.45438478799046,20.47089237612833,11100
2022-04-04,20.231515884399414,20.5121653508843,20.09944573245363,20.479147025697653,21600
2022-04-05,20.14072036743164,20.30580887163708,20.066430697979257,20.30580887163708,9400
2022-04-06,19.926101684570312,20.107699315278616,19.901339516310323,20.041664242584776,14100
2022-04-07,19.909597396850586,20.20675448602109,19.860069903321683,19.860069903321683,10200
2022-04-08,20.09944725036621,20.11595641420631,19.851814515966318,20.11595641420631,5900
2022-04-11,20.074684143066406,20.40485955836673,19.901342640433953,19.901342640433953,2600
2022-04-12,20.14072036743164,20.363589375788788,20.016904776477887,20.016904776477887,19000
2022-04-13,20.00039291381836,20.223261892118217,19.934357835922153,20.173735977296175,19700
2022-04-14,20.058170318603516,20.173732867910505,20.01689899167972,20.107697800192312,16200
2022-04-18,20.06642723083496,20.338822113628183,20.008646736666762,20.008646736666762,11900
2022-04-19,20.01690101623535,20.49565569921466,20.00039185403598,20.2727867327242,24600
2022-04-20,20.11595916748047,20.322319020524624,20.09945000138076,20.322319020524624,7400
2022-04-21,20.31406021118164,20.520420021293116,20.264532723186594,20.33882238077876,10200
2022-04-22,20.21500587463379,20.47914616745574,20.12420705857612,20.2480241984367,7200
2022-04-25,19.810543060302734,20.62772777261216,19.810543060302734,20.38009661411858,22400
2022-04-26,19.661962509155273,20.42136667541318,19.661962509155273,20.215006864738754,11700
2022-04-27,19.57942008972168,19.86832416639678,19.562912499877818,19.79403450169745,19300
2022-04-28,19.621164321899414,19.871646633678537,19.470874297820856,19.871646633678537,18000
2022-04-29,19.53767204284668,19.621166687682823,19.395731624383604,19.621166687682823,17400
2022-05-02,19.287193298339844,19.51262840368753,19.228747513811523,19.228747513811523,9800
2022-05-03,19.320589065551758,19.621169188257458,19.320589065551758,19.42078297062969,10400
2022-05-04,19.445831298828125,19.7130129148271,19.245443494300844,19.328938147432535,13900
2022-05-05,19.195344924926758,19.504274624896563,19.05340451021542,19.495925001380858,22800
2022-05-06,19.49592399597168,19.49592399597168,19.27048895025684,19.328934719324888,13800
2022-05-09,19.454179763793945,19.704663728763226,19.37068670133227,19.37068670133227,9900
2022-05-10,19.303890228271484,19.529323713990042,19.22039557789928,19.437481031855814,10800
2022-05-11,19.671262741088867,19.76310700921093,19.22039420922976,19.37068425069209,5400
2022-05-12,19.17029571533203,19.571069674358654,19.003308025554773,19.445828508893754,13700
2022-05-13,19.48757553100586,19.96349292744622,19.036705412781604,19.404080887720493,24800
2022-05-16,19.220394134521484,19.821552705506264,19.186995639869505,19.33728568074767,8700
2022-05-17,19.42913246154785,19.771459113369062,19.08680580972664,19.245443902258753,10400
2022-05-18,19.17029571533203,19.804852758552375,19.161947684491818,19.21204383217221,7000
2022-05-19,19.103506088256836,19.529327453415053,19.028362640314377,19.028362640314377,24400
2022-05-20,18.969911575317383,19.445830603389386,18.969911575317383,19.07845509826517,37900
2022-05-23,19.07845687866211,19.46253007563468,19.003311845771275,19.003311845771275,26600
2022-05-24,19.036705017089844,19.328935466250467,18.786222684968067,18.978259245763283,26600
2022-05-25,19.045053482055664,19.262138899869665,18.969908468484366,19.07845197365523,24600
2022-05-26,19.003311157226562,19.738060616891552,18.936515751802474,19.09515543688272,36200
2022-05-27,18.994958877563477,19.24544121476196,18.886416956118232,19.078453520805592,15600
2022-05-31,19.02000617980957,19.16194658385769,18.827968038430775,19.028355802698016,24500
2022-06-01,18.911466598510742,19.103503187205277,18.84467119407229,19.103503187205277,19300
2022-06-02,18.978260040283203,19.20369510414728,18.869718116493775,18.919814266509828,27400
2022-06-03,19.01165771484375,19.19534465199399,18.961559974461824,19.045054615903872,28900
2022-06-06,19.24544334411621,19.40408302457565,18.994960979203857,19.036707509179905,39500
2022-06-07,19.445831298828125,19.871651003996462,19.153600809131227,19.170298465735122,45300
2022-06-08,19.412429809570312,19.87164794224795,19.312235922744165,19.445828302688295,26400
2022-06-09,19.37068748474121,19.512627926205877,19.27884320128521,19.3205897342044,13600
2022-06-10,19.228744506835938,19.470877232378484,19.212045258859778,19.228744506835938,23400
2022-06-13,18.84467124938965,19.821555037499596,18.81127434333642,19.086805586519837,27600
2022-06-14,18.677682876586914,19.028359136705884,18.410499674925976,18.819623305504784,40900
2022-06-15,19.02000617980957,19.04505345594718,18.660980358245045,18.660980358245045,30400
2022-06-16,19.070104598999023,19.303889290174535,18.953213049675227,19.078454222883284,28500
2022-06-17,18.886415481567383,19.12019855335933,18.761172730218565,19.003307017463356,22300
2022-06-21,18.919815063476562,19.12020126450961,18.761175390460746,19.12020126450961,16500
2022-06-22,18.769521713256836,18.953210226291368,18.569135547469088,18.861365969774102,25300
2022-06-23,18.702728271484375,18.7862229140524,18.510691708347412,18.761174043523635,15900
2022-06-24,18.62758445739746,18.86971877725501,18.62758445739746,18.86971877725501,8900
2022-06-27,18.552438735961914,18.77787379924437,18.544089112226132,18.644283004527633,14900
2022-06-28,18.502344131469727,18.63593493734454,18.502344131469727,18.61923568847818,7100
2022-06-29,18.418848037719727,18.635933478403455,18.38545113512956,18.635933478403455,4800
2022-06-30,18.519044876098633,18.519044876098633,18.210115117231204,18.393803684541407,10600
2022-07-01,18.535743713378906,18.702731434225708,18.42720018192677,18.42720018192677,7100
2022-07-05,18.410497665405273,18.619233473822693,18.327004616060574,18.619233473822693,21500
2022-07-06,18.493993759155273,18.61923493553226,18.427198358919014,18.53574187963291,7300
2022-07-07,18.535743713378906,18.73612993391194,18.502345213692674,18.59418949530169,5600
2022-07-08,18.702728271484375,18.702728271484375,18.435546689288973,18.493992461328236,10000
2022-07-11,18.535743713378906,18.953215404288088,18.44389943176989,18.686032184382594,7400
2022-07-12,18.452247619628906,18.769525379297896,18.43554837108633,18.744478099012024,11800
2022-07-13,18.452247619628906,18.686030729113007,18.43554837108633,18.468946868171486,6700
2022-07-14,18.368751525878906,18.569137715057877,18.368751525878906,18.435546922271897,7300
2022-07-15,18.493993759155273,18.94486390514598,18.452247231205597,18.76952498419583,6500
2022-07-18,18.477296829223633,18.81962508997872,18.46894879660868,18.56914111326974,23000
2022-07-19,18.519044876098633,19.07845701808051,18.519044876098633,18.58584028443103,6600
2022-07-20,18.535743713378906,18.769526841070054,18.3854536498471,18.52739408845735,15500
2022-07-21,18.519044876098633,18.63593644254829,18.42720059244353,18.42720059244353,10900
2022-07-22,18.51069450378418,18.67768381413852,18.493995254243128,18.577489909420297,5900
2022-07-25,18.435546875,19.103500837217155,18.435546875,18.510691894815412,7700
2022-07-26,18.452247619628906,18.711079601926873,18.377102593715307,18.460597243900196,15000
2022-07-27,18.452247619628906,18.62758495174198,18.368752969444017,18.452247619628906,23400
2022-07-28,18.46059799194336,18.61923608194204,18.368753713765553,18.44389874272411,21600
2022-07-29,18.764896392822266,18.993116872580465,18.51131575322318,18.638105266914653,19000
2022-08-01,18.81560707092285,18.840965612071802,18.485954097065118,18.59583788427912,14700
2022-08-02,18.688819885253906,18.85787201036528,18.56202877615047,18.604293016590255,17500
2022-08-03,18.64655303955078,19.069185711603616,18.53666925419195,18.64655303955078,20100
2022-08-04,18.75644302368164,18.933948015486003,18.60429496658299,18.857873986936678,2400
2022-08-05,18.71417808532715,18.900137531430502,18.6127471258308,18.6127471258308,8500
2022-08-08,18.764896392822266,18.925495691130603,18.595842633089543,18.646558116122904,5100
2022-08-09,18.688819885253906,19.010020051516666,18.604293016590255,18.7648939058296,6800
2022-08-10,18.688819885253906,18.86632485845324,18.646555644814118,18.688819885253906,8200
2022-08-11,18.731081008911133,18.75643955113809,18.604291522207934,18.75643955113809,11000
2022-08-12,18.8325138092041,18.89168212961656,18.646554388232595,18.646554388232595,5700
2022-08-15,18.81560707092285,18.993112022318332,18.739533059691723,18.942396552236154,15000
2022-08-16,18.857868194580078,18.95930073889533,18.697268950053026,18.739531569725283,14100
2022-08-17,18.773344039916992,18.917039224547125,18.773344039916992,18.85787090361986,2100
2022-08-18,18.866323471069336,18.93394463858437,18.773343761155232,18.900134860934756,5400
2022-08-19,18.764896392822266,18.933948540338854,18.595842633089543,18.764896392822266,8700
2022-08-22,18.84096908569336,18.857873170693463,18.621199858531803,18.680368186572217,20700
2022-08-23,18.798702239990234,18.984660046973858,18.680365600293,18.731081072703844,8500
2022-08-24,18.59583854675293,18.832513435927467,18.553575922214804,18.781796351822777,43000
2022-08-25,18.587387084960938,18.646555408611206,18.553577305253313,18.646555408611206,12700
2022-08-26,18.638103485107422,18.655009181907733,18.48595705055257,18.62965224892325,19700
2022-08-29,18.553573608398438,18.646551693230172,18.452141065054494,18.60428907396262,10400
2022-08-30,18.562026977539062,18.621196908421354,18.460596034743812,18.460596034743812,15500
2022-08-31,18.47750473022461,18.646556866411146,18.443693335657684,18.595841386776787,14400
2022-09-01,18.60428810119629,18.629646638760242,18.28308640758153,18.536666946574577,25900
2022-09-02,18.545124053955078,18.638102155290895,18.384523170242858,18.621198071912662,8000
2022-09-06,18.553573608398438,18.6296476128525,18.38451990689706,18.511309376915303,25800
2022-09-07,18.59583854675293,18.638101171291055,18.452143366221208,18.60429139410371,11600
2022-09-08,18.562026977539062,18.57047982480796,18.47750172928161,18.485954576550508,4100
2022-09-09,18.73953628540039,18.900137182557145,18.519767060926934,18.536672757936277,16200
2022-09-12,18.64655303955078,18.933943385523964,18.528216407285008,18.697270120992425,19100
2022-09-13,18.629653930664062,18.76489629284322,18.562031137358357,18.562031137358357,7700
2022-09-14,18.807159423828125,19.103002703500117,18.604295875194346,18.74799109033696,18700
2022-09-15,18.93394660949707,19.077641806951327,18.739535934181305,18.764894479220047,9200
2022-09-16,18.747987747192383,19.356578284569743,18.731082051433486,19.356578284569743,17100
2022-09-19,18.857868194580078,19.035374744077867,18.680363257297884,18.680363257297884,5500
2022-09-20,18.81560707092285,18.976207940434758,17.040549495889426,18.849416846905726,69700
2022-09-21,18.81560707092285,18.959302246335454,18.59583788427912,18.6972704366592,29100
2022-09-22,18.81560707092285,18.933943705186504,18.60429073132877,18.756438753791024,19100
2022-09-23,18.61274528503418,18.849418575262735,18.58738674156003,18.697272151065466,35300
2022-09-26,18.60428810119629,18.807151565061428,18.45214010024356,18.54511979242923,26700
2022-09-27,18.60428810119629,18.671909255818004,18.384518945621846,18.536666946574577,11200
2022-09-28,18.61274528503418,18.756440473622607,18.502859875528745,18.604292437209462,7300
2022-09-29,18.71417808532715,18.824063505700227,18.44369337704885,18.71417808532715,8800
2022-09-30,18.747987747192383,19.01001958259176,18.59583970979407,18.79870322225319,10300
2022-10-03,18.764896392822266,18.78180047902263,18.595842633089543,18.764896392822266,7700
2022-10-04,19.026926040649414,19.103000062396415,18.604293303039828,18.925493474248096,13100
2022-10-05,19.018470764160156,19.102997623332907,18.824060116613854,18.824060116613854,3500
2022-10-06,18.900135040283203,19.094545697206776,18.815608177033358,18.815608177033358,3700
2022-10-07,18.705724716186523,18.98466226536419,18.61274660793796,18.824062981927586,7400
2022-10-10,18.722627639770508,18.781795957768807,18.595838156600472,18.764891875637687,6200
2022-10-11,18.764896392822266,18.84942166047249,18.646558116122904,18.646558116122904,6400
2022-10-12,18.747987747192383,18.80715607013264,18.60429255767352,18.680366576372677,9200
2022-10-13,19.026926040649414,19.221336713017994,18.612746151257934,18.64655593191441,12100
2022-10-14,19.026926040649414,19.339673363639577,18.82406252006273,19.010020344213203,10100
2022-10-17,19.06073570251465,19.212883745060427,18.90858927218481,19.17062111644924,10300
2022-10-18,19.052282333374023,19.102997804472274,18.933944084523766,19.102997804472274,6700
2022-10-19,19.010021209716797,19.179074957343826,18.807157679893976,19.179074957343826,6900
2022-10-20,19.052282333374023,19.221334441106773,18.73953343513401,18.942396931742767,12200
2022-10-21,18.967754364013672,19.001564138696452,18.891680355707837,18.891680355707837,2300
2022-10-24,19.001564025878906,19.06073234038422,18.8916802435427,19.06073234038422,7100
2022-10-25,18.917037963867188,18.93394365792429,18.807154176927472,18.874775340940158,16000
2022-10-26,18.93394660949707,18.93394660949707,18.815609957081556,18.917040912804577,8400
2022-10-27,18.883228302001953,18.9339437722638,18.815607137580916,18.857869760763165,30600
2022-10-28,18.93394660949707,18.93394660949707,18.74798878252755,18.874778283289313,27800
2022-10-31,18.925390243530273,19.20773098039838,18.82272014290283,18.97672447790105,34300
2022-11-01,18.899723052978516,19.1906197789855,18.822720882453964,18.92539098711535,60300
2022-11-02,18.822717666625977,18.976721981363713,18.822717666625977,18.865495917659494,18400
2022-11-03,19.122173309326172,19.250509714378175,18.925390712787372,18.976724948430988,148200
2022-11-04,19.712522506713867,20.200201819498535,19.122173091923315,19.25050949551624,29700
2022-11-07,19.327510833740234,19.72963198289254,19.250508668515305,19.609851562269693,58600
2022-11-08,19.284732818603516,19.455847474212888,19.250508908350124,19.327511074534396,16100
2022-11-09,19.370288848876953,19.669741528605623,19.267620384441067,19.267620384441067,24400
2022-11-10,19.455846786499023,19.729631531305127,19.336066368617804,19.430178854716274,17500
2022-11-11,19.327510833740234,19.68685372749462,19.267620623428808,19.515737442131257,19400
2022-11-14,19.29328727722168,19.378845421470142,19.07083838681589,19.29328727722168,16200
2022-11-15,19.33606719970703,19.669742167795526,19.233397100048947,19.669742167795526,21600
2022-11-16,19.413070678710938,19.609853281814143,19.301844593905834,19.327512528526853,17400
2022-11-17,19.38740348815918,19.592742077350085,19.250511095365244,19.378847509623803,17800
2022-11-18,19.413070678710938,19.61840926002115,19.344624484940866,19.421626656917944,35900
2022-11-21,19.430177688598633,19.532847777681994,19.31895325465355,19.498625502578008,16400
2022-11-22,19.481515884399414,19.541406096924913,19.318955570483137,19.49007186217247,23700
2022-11-23,19.50718116760254,19.661185495707088,19.43873498087672,19.558517031561266,14200
2022-11-25,19.54140853881836,19.549964517660573,19.44729440344014,19.549964517660573,3900
2022-11-28,19.378847122192383,19.669743859035258,19.29328897043518,19.575629728913736,21500
2022-11-29,19.455846786499023,19.592739158902074,19.173506064432004,19.44729080923811,26700
2022-11-30,19.59273910522461,19.65262931400114,19.336066315643535,19.524292919210602,11200
2022-12-01,19.7210750579834,20.071861957428307,19.464402274155436,19.65262887350356,26000
2022-12-02,20.01197052001953,20.046194426098864,19.729629822407674,19.74674177544734,7200
2022-12-05,19.7210750579834,20.011971749994167,19.498626182338235,20.011971749994167,19300
2022-12-06,19.68685531616211,19.823747702745248,19.524294995137392,19.806635746450862,16900
2022-12-07,19.798078536987305,19.90074863648221,19.490071502274333,19.75530028079785,17400
2022-12-08,19.840856552124023,19.95208098684875,19.678296256554916,19.763854392743166,13100
2022-12-09,19.90074920654297,19.969195397538268,19.703966611417222,19.84085899340782,15500
2022-12-12,19.909305572509766,19.969195786812396,19.67829906144023,19.943527852731577,16400
2022-12-13,19.652629852294922,20.191645009819148,19.652629852294922,20.020528724154286,55400
2022-12-14,19.57562828063965,19.78952282826497,19.464403833904274,19.78952282826497,19900
2022-12-15,19.50718116760254,19.609851263634177,19.421624658109625,19.575627354328358,11100
2022-12-16,19.39595603942871,19.575626661265684,19.250507693800124,19.42162397049932,13800
2022-12-19,19.33606719970703,19.507181856622672,19.147838955648186,19.33606719970703,144600
2022-12-20,19.54140853881836,19.678300936521534,19.3360699422636,19.3360699422636,21000
2022-12-21,19.943527221679688,20.01197341184349,19.584184315348256,19.584184315348256,9600
2022-12-22,19.934974670410156,20.003420872338708,19.72108008539766,19.96064260809068,9900
2022-12-23,19.92641830444336,20.14031286778748,19.892194391003013,19.892194391003013,4900
2022-12-27,19.97774887084961,20.20019937166788,19.892190734860165,19.97774887084961,9200
2022-12-28,19.97774887084961,20.165975464517818,19.866522804497617,20.063307006839054,15200
2022-12-29,20.200199127197266,20.311423560317465,19.960636675703242,19.960636675703242,7100
2022-12-30,20.200199127197266,20.328535513685402,20.200199127197266,20.26008933209935,7100
2023-01-03,20.200199127197266,20.319979537001434,20.07186110882344,20.294311606949528,14200
2023-01-04,20.294313430786133,20.49109764843088,20.12319877738589,20.294313430786133,12400
2023-01-05,20.26009178161621,20.362760250465424,20.106087446456506,20.319981993759235,13700
2023-01-06,20.40553855895996,20.4654287664654,20.242978258669652,20.32853639734275,18000
2023-01-09,20.482542037963867,20.508208338896555,20.362759983363137,20.49965236129037,6900
2023-01-10,20.45687484741211,20.533877016775893,20.354206376184347,20.405540611798227,13000
2023-01-11,20.602323532104492,20.739215917150823,20.362761042330433,20.4739871251093,23600
2023-01-12,20.739215850830078,20.961666383790494,20.653657702478235,20.653657702478235,11100
2023-01-13,20.824771881103516,20.841883835410627,20.722101787146645,20.75632569576086,45000
2023-01-17,20.704994201660156,20.824774633871794,20.568101812879426,20.687882245091064,5100
2023-01-18,20.619434356689453,20.713546846315545,20.414095790388163,20.662212612711688,15500
2023-01-19,20.516767501831055,20.71355012166718,20.40554303945424,20.576657722486736,15000
2023-01-20,20.687877655029297,20.713543952302302,20.516761391076304,20.57665159389416,5200
2023-01-23,20.593767166137695,20.696437268931472,20.473986739449895,20.55954488646372,25600
2023-01-24,20.653656005859375,20.653656005859375,20.48254135509805,20.50820765517505,5300
2023-01-25,20.72210121154785,20.876105532262486,20.465428431613955,20.533874615055375,19100
2023-01-26,20.713550567626953,20.790552747809564,20.559547839147886,20.790552747809564,19800
2023-01-27,20.713550567626953,20.739218504983207,20.576658165499232,20.739218504983207,13100
2023-01-30,20.704994201660156,20.722104526343248,20.533877899741245,20.576656159277974,16600
2023-01-31,20.843427658081055,20.929951141009337,20.71364325883772,20.808817604790473,10000
2023-02-01,20.93860626220703,21.10299908491768,20.834777739701757,20.834777739701757,22600
2023-02-02,21.0164737701416,21.094343086285615,20.808816759430538,20.938602803699478,16800
2023-02-03,21.094343185424805,21.111648211448408,20.96455879084401,20.96455879084401,32400
2023-02-06,21.1549129486084,21.180868840010735,21.0510844321042,21.102997865207158,14600
2023-02-07,21.137609481811523,21.276046413841772,21.059738501257208,21.146261996350713,27200
2023-02-08,21.085693359375,21.302001244410327,20.97321233498964,21.198172733462165,15100
2023-02-09,21.077041625976562,21.241434436472716,20.912647165182157,21.241434436472716,10000
2023-02-10,21.025127410888672,21.102998387619973,20.95590894827177,20.95590894827177,8700
2023-02-13,21.0164737701416,21.102995599256754,20.912645264786068,21.059734684699176,10500
2023-02-14,20.912647247314453,21.068389194963103,20.895342219731656,21.068389194963103,11500
2023-02-15,21.137609481811523,21.189522918748267,20.929954083766148,20.999172549781274,73300
2023-02-16,21.051084518432617,21.189521440807074,20.94725600150263,21.111650465684157,42900
2023-02-17,21.102996826171875,21.102996826171875,20.94725488423289,21.102996826171875,18500
2023-02-21,21.492353439331055,21.630790365647332,21.206827072516443,21.501005953513115,124000
2023-02-22,21.276044845581055,21.45774268661588,21.206826384668034,21.44909182301275,29800
2023-02-23,21.2327823638916,21.405827678290933,21.137606368278163,21.310651682677495,22500
2023-02-24,21.025127410888672,21.32795880369948,21.025127410888672,21.16356433612247,12900
2023-02-27,20.999174118041992,21.1635669556686,20.999174118041992,21.111653514854858,7600
2023-02-28,20.955907821655273,21.059736335147832,20.912646903707344,20.955907821655273,15700
2023-03-01,20.955907821655273,21.094344739446527,20.903994390058113,21.051083821498597,20700
2023-03-02,20.878036499023438,21.068388495518228,20.800167178082543,20.85208060880921,21000
2023-03-03,20.878036499023438,20.964559983766687,20.791514664578397,20.89534152603173,20400
2023-03-06,20.79151153564453,20.96455682879108,20.661725502912173,20.826119934154658,25200
2023-03-07,20.679033279418945,20.826122705833022,20.557901393065535,20.77420927600987,23400
2023-03-08,20.609817504882812,20.679035970420603,20.52329401038598,20.60116499040329,33500
2023-03-09,20.255069732666016,20.739598921339745,19.986848423794616,20.739598921339745,54500
2023-03-10,19.70997428894043,20.133937528589826,19.216790944566434,20.133937528589826,62900
2023-03-13,18.36021614074707,19.588845224831275,18.178518275288116,19.554236814871786,24400
2023-03-14,18.273691177368164,19.46770999776663,18.17851517817254,19.11296519205341,47000
2023-03-15,18.014122009277344,18.256387456244067,17.65072466397643,18.178516478658274,71500
2023-03-16,18.515954971313477,19.078355152744134,18.040078275556354,18.040078275556354,70100
2023-03-17,18.23042869567871,18.732262934206,18.152557723295317,18.498650017055823,25300
2023-03-20,18.213125228881836,19.095661891308847,18.195821850434964,18.2390827719997,13100
2023-03-21,18.36021614074707,18.697657627068494,18.204475820481612,18.36886865581157,23100
2023-03-22,17.96220588684082,18.41212665662039,17.69398458767527,18.360211579131757,45400
2023-03-23,17.780508041381836,18.031425987950072,17.780508041381836,17.95355501489774,24200
2023-03-24,17.92759895324707,18.221777842322126,17.737248586909605,17.780509508709542,25400
2023-03-27,18.014122009277344,18.161211450239577,17.962208574319597,18.091992986863136,15100
2023-03-28,17.979511260986328,18.126600682790816,17.92759618249195,18.066033091214038,15000
2023-03-29,17.849727630615234,18.161211542541473,17.771858302932024,18.057384672098294,19300
2023-03-30,17.823768615722656,18.11794744760696,17.47767635771114,17.84107364119775,16800
2023-03-31,17.996816635131836,18.15255858731155,17.763205357160583,17.832423819207307,17300
2023-04-03,17.93625259399414,18.07468953280531,17.884339154514574,18.07468953280531,28000
2023-04-04,17.607463836669922,18.16121154662018,17.607463836669922,17.918946098367766,23500
2023-04-05,17.62476921081543,17.7199435688931,17.48633063031463,17.546898231289273,12200
2023-04-06,17.572853088378906,17.737247552165424,17.572853088378906,17.702637496505826,12000
2023-04-10,17.66802978515625,17.737248248896105,17.52959285767654,17.52959285767654,18500
2023-04-11,17.572853088378906,17.797813499271435,17.572853088378906,17.642071549399816,32200
2023-04-12,17.737245559692383,17.797811499994854,17.520937687013205,17.590156140258618,18400
2023-04-13,17.66802978515625,17.737248248896105,17.572853778652068,17.676682299411027,9200
2023-04-14,17.46037483215332,17.728596179589726,17.399808881148168,17.69398777200038,39300
2023-04-17,17.512285232543945,17.797811559421906,17.47767683095473,17.494980206600285,37400
2023-04-18,17.52094268798828,17.806469095410222,17.52094268798828,17.52094268798828,16900
2023-04-19,17.399808883666992,17.65072520219585,17.321937903706697,17.59881176565512,28100
2023-04-20,17.41710662841797,17.49497758318941,17.321932300595655,17.347888185320897,19800
2023-04-21,17.321935653686523,17.633417882769546,17.321935653686523,17.365196570134724,20900
2023-04-24,16.785491943359375,17.49498155890978,16.569184053237997,17.460373154645442,52100
2023-04-25,15.998132705688477,16.967192861358495,15.582821917672057,16.854711824834233,58500
2023-04-26,15.954870223999023,16.32692005407839,15.729909823246425,16.02408868189996,59500
2023-04-27,16.292306900024414,16.39613539226937,16.00678060922316,16.00678060922316,31500
2023-04-28,16.906782150268555,16.906782150268555,16.397647558329872,16.441537807479232,37300
2023-05-01,16.64344024658203,17.11746310547759,16.6346635337635,16.82778302758791,25900
2023-05-02,15.949962615966797,16.72244217883823,15.800733400214753,16.634661666059582,80000
2023-05-03,16.020187377929688,16.30986741148988,15.853401396696276,15.976297123328948,113200
2023-05-04,15.79195499420166,16.10797019758616,15.677839323149454,15.976297754277937,39900
2023-05-05,16.107967376708984,16.327421968559772,15.800730613256748,15.800730613256748,29900
2023-05-08,16.00263023376465,16.186972982268507,15.862179413145448,16.14308105438385,16400
2023-05-09,15.818289756774902,16.143081663854396,15.74806434381399,15.958740582696723,16300
2023-05-10,15.7129487991333,16.107967743173877,15.66905854948688,15.888513146330379,21800
2023-05-11,15.704171180725098,15.81828851426397,15.625167388061504,15.704171180725098,29900
2023-05-12,15.669061660766602,16.388872613451444,15.572501083204381,15.756843851795347,27700
2023-05-15,15.704171180725098,16.195750707144303,15.625167388061504,15.800731743826333,25300
2023-05-16,15.756841659545898,16.56443469089906,15.712949732985193,15.765618370552238,20300
2023-05-17,15.800732612609863,15.923626663818949,15.756842358408297,15.923626663818949,35500
2023-05-18,15.7129487991333,15.87095637674953,15.625166625534762,15.80073097273184,23200
2023-05-19,15.63394832611084,16.230865224013467,15.581279680503565,15.712952131674779,43000
2023-05-22,15.607613563537598,15.800733031168415,15.511052992569232,15.704172460200047,45600
2023-05-23,15.818289756774902,15.98507406611587,15.686617316761433,15.686617316761433,28700
2023-05-24,15.835848808288574,16.0728585647099,15.704174675013649,16.0728585647099,20000
2023-05-25,15.932406425476074,16.08163564667737,15.809512363653603,15.809512363653603,18000
2023-05-26,15.923625946044922,16.2220843492187,15.923625946044922,15.932404331350716,18600
2023-05-30,15.906073570251465,16.011410863325864,15.818291376485409,15.993854089711435,9200
2023-05-31,16.081634521484375,16.081634521484375,15.800732871655008,15.827068029191224,14700
2023-06-01,16.020187377929688,16.17819497338177,15.809511142095538,15.88851493982158,20700
2023-06-02,16.2571964263916,16.31864344369271,16.07285370018262,16.07285370018262,23800
2023-06-05,16.213308334350586,16.327425685704423,16.151861302532076,16.257200267296692,19900
2023-06-06,16.467878341674805,16.660997845052854,16.2220885129431,16.371317752832663,60100
2023-06-07,16.704883575439453,16.766330591212576,16.55565439100232,16.581987869587596,23000
2023-06-08,16.669771194458008,16.748774984304717,16.529320384576245,16.748774984304717,35000
2023-06-09,16.687332153320312,16.80144783713126,16.511767759743,16.792669450021783,36000
2023-06-12,16.43276023864746,16.766332176244322,16.265975944154796,16.722440250610124,33500
2023-06-13,16.502986907958984,16.564435608548152,16.388871241190888,16.502986907958984,26700
2023-06-14,16.608327865600586,16.66099651243535,16.502988897624963,16.555659218765822,28500
2023-06-15,16.573211669921875,16.67855062106527,16.502986260594884,16.59076844083008,21700
2023-06-16,16.33620262145996,16.511765314734372,16.283532306602332,16.511765314734372,64400
2023-06-20,16.195751190185547,16.388870647842054,16.160637648263002,16.388870647842054,48600
2023-06-21,16.125526428222656,16.230863709608816,16.064077727390515,16.14308152558308,41300
2023-06-22,16.011411666870117,16.10797225228935,15.914851081450884,16.072858703298294,52100
2023-06-23,15.967517852783203,16.116747054185133,15.827067036676187,15.98507294906723,1027800
2023-06-26,15.932406425476074,16.055302161604565,15.853402621645623,15.94996319839529,45300
2023-06-27,15.985072135925293,16.15185809943284,15.853399711811212,15.853399711811212,52500
2023-06-28,15.897293090820312,16.195751505753982,15.862179548213591,15.906071476471991,23400
2023-06-29,15.941183090209961,15.985073343461618,15.888514451446802,15.914847933675462,20700
2023-06-30,15.827066421508789,15.949960462249324,15.80950965160136,15.941182077295611,34400
2023-07-03,15.958739280700684,16.01140791754791,15.879735488276955,15.879735488276955,17500
2023-07-05,15.721728324890137,15.906071070255868,15.712949939462643,15.844622372263409,21500
2023-07-06,15.511049270629883,15.748060611058994,15.370598477999042,15.748060611058994,27500
2023-07-07,16.09041404724121,16.186974624075518,15.467163676816908,15.467163676816908,68900
2023-07-10,15.941183090209961,16.31864529567524,15.888514451446802,16.046522042042113,40900
2023-07-11,15.695394515991211,15.914849147600352,15.546165299524755,15.906072435725237,49100
2023-07-12,15.818289756774902,15.958740582696723,15.74806434381399,15.774397827233136,17900
2023-07-13,16.13430404663086,16.239643008243835,15.712951548790944,15.800733737750758,26000
2023-07-14,16.1606388092041,16.19575235364912,15.923627407118087,15.967519337674359,28200
2023-07-17,16.265975952148438,16.415205150766525,16.055299731918037,16.186972160273818,27000
2023-07-18,16.88922882080078,17.003346170721056,16.362537352206182,16.362537352206182,23800
2023-07-19,17.231576919555664,17.459809937111455,16.854116359992663,16.924341775063215,32800
2023-07-20,17.494922637939453,17.494922637939453,17.029678239096672,17.11746042227722,25500
2023-07-21,17.170127868652344,17.547590058070252,17.161349483514048,17.547590058070252,18800
2023-07-24,17.451030731201172,17.70559889531517,17.143795601140674,17.25791126740516,21300
2023-07-25,17.609041213989258,17.644154762786414,17.293027646345653,17.45981198021366,24000
2023-07-26,17.573925018310547,17.83726987231168,17.512477997330663,17.688040675229505,28300
2023-07-27,17.187686920166016,17.60026103059027,17.143796662954966,17.55637077337922,25100
2023-07-28,17.42469596862793,17.652928958702272,17.15257272728404,17.15257272728404,17100
2023-07-31,17.13991928100586,17.335701753901066,16.99753171937414,17.32680231912488,16000
2023-08-01,17.09542465209961,17.175517879615033,16.81064948644205,17.086526913392454,19500
2023-08-02,17.5225887298584,17.593782519777122,17.033129938947564,17.095424292952217,27700
2023-08-03,17.380203247070312,17.647179567129722,17.317907188155342,17.362404373094606,22200
2023-08-04,17.193313598632812,17.638275137717073,17.122119820275074,17.638275137717073,12900
2023-08-07,17.504793167114258,17.504793167114258,17.139924712632297,17.39800161335151,24900
2023-08-08,17.220014572143555,17.38910045848392,17.08652642919856,17.38910045848392,23300
2023-08-09,17.175518035888672,17.237814089162715,16.979735532066215,17.237814089162715,12000
2023-08-10,16.970834732055664,17.22001383294536,16.9174398166485,17.22001383294536,14200
2023-08-11,16.917442321777344,17.131023712426813,16.84624852489419,17.059829915543656,15900
2023-08-14,16.881845474243164,16.944141535055333,16.65936463495343,16.91744322327869,16400
2023-08-15,16.721654891967773,16.97973169332493,16.614863379320788,16.97973169332493,18100
2023-08-16,16.356788635253906,16.766154214077694,16.31229315158332,16.66826211312972,14800
2023-08-17,16.232202529907227,16.3300946465764,16.19660647673291,16.312295771292153,11200
2023-08-18,16.383487701416016,16.463580933641467,16.09871251901174,16.09871251901174,14300
2023-08-21,16.214399337768555,16.374585777891035,16.143205552980085,16.347889169466434,12100
2023-08-22,15.938525199890137,16.21440093087676,15.929625763742969,16.161006011387645,11300
2023-08-23,16.15210723876953,16.32119313772398,15.965224164183525,16.22330103347762,25400
2023-08-24,16.11651039123535,16.241099101450303,16.018618291841392,16.11651039123535,9100
2023-08-25,16.312294006347656,16.365688929029037,16.027518822188313,16.24110021030782,10600
2023-08-28,16.214399337768555,16.276695384677968,16.045315159767018,16.196602164616728,15400
2023-08-29,16.347890853881836,16.37458746505714,16.169905524874974,16.18770439725444,8400
2023-08-30,16.063114166259766,16.32119272644447,16.01861868221119,16.2499989335304,24200
2023-08-31,15.974122047424316,16.152105668191012,15.974122047424316,16.08981131605298,21400
2023-09-01,16.214399337768555,16.25889651413242,16.089810638737166,16.116508944555484,15700
2023-09-05,15.876233100891113,16.16990774591479,15.831737611224606,16.152108871090537,12900
2023-09-06,15.91182804107666,15.983021838003852,15.831736504753326,15.92962691465696,20100
2023-09-07,15.813935279846191,15.991918897003314,15.73384205803767,15.929624546128634,39000
2023-09-08,15.90292739868164,16.00081779071588,15.733841525322575,15.911825136453546,16900
2023-09-11,15.894030570983887,16.027518725579707,15.805037902122011,16.027518725579707,11900
2023-09-12,15.95632266998291,16.054214761605348,15.796136228198463,15.80503566356357,13100
2023-09-13,15.90292739868164,16.12540818564063,15.849530787688021,16.12540818564063,11500
2023-09-14,15.831734657287598,16.107610376013223,15.716043689910075,16.107610376013223,23900
2023-09-15,16.063114166259766,16.196604013193323,15.733843510554905,15.822836176045973,67900
2023-09-18,15.644851684570312,16.089813338508485,15.627052811038224,16.072014464976395,36500
2023-09-19,15.769439697265625,15.867331799907756,15.591456062109122,15.635951546549766,19200
2023-09-20,15.573657989501953,15.885131488770796,15.573657989501953,15.76944050745099,15700
2023-09-21,15.413468360900879,15.698243491303737,15.368972883298058,15.573654796100904,23300
2023-09-22,15.43127155303955,15.742745075680826,15.306682822940699,15.422372115547613,26100
2023-09-25,15.413468360900879,15.627049708703023,15.315576273302272,15.431267230899476,27500
2023-09-26,15.048602104187012,15.386773891581047,14.986307747928612,15.351176146636874,26500
2023-09-27,14.692634582519531,15.155395127810085,14.57694359749986,15.048603579899162,30700
2023-09-28,14.728228569030762,14.941811634913599,14.648135343673156,14.737128004892032,36000
2023-09-29,14.763826370239258,14.924012821581199,14.674833708672198,14.719330888152648,20900
2023-10-02,14.746026039123535,14.852817561914275,14.639236213726466,14.852817561914275,20800
2023-10-03,14.363359451293945,14.754926122200029,14.318863971656462,14.754926122200029,24800
2023-10-04,14.220973014831543,14.550245361573225,14.060787408215981,14.381159470144043,28800
2023-10-05,14.425655364990234,14.559145213155896,14.096384706246223,14.274370038871151,28100
2023-10-06,14.407857894897461,14.470152250823636,14.131981313930075,14.318865230405544,23600
2023-10-09,14.407857894897461,14.603640398864565,14.274369746856532,14.274369746856532,21400
2023-10-10,14.390059471130371,14.657035775535215,14.247671882461928,14.43455495606653,19200
2023-10-11,14.345563888549805,14.452353730627289,14.238772349078385,14.42565542141095,18000
2023-10-12,14.19427490234375,14.576941302094795,14.096383655653373,14.265469539305819,25100
2023-10-13,13.945096015930176,14.443452511361865,13.829405903030747,14.443452511361865,18000
2023-10-16,13.962894439697266,14.318864223947237,13.80270884304682,13.927297546141958,17300
2023-10-17,14.078584671020508,14.203174223831066,13.84720528536789,13.856103872306798,20900
2023-10-18,14.069684982299805,14.140878764417332,14.016289221363245,14.025188656302143,24400
2023-10-19,14.060787200927734,14.158678450677266,14.016290869697247,14.158678450677266,27200
2023-10-20,13.651421546936035,14.220971831875156,13.642522111559645,14.158677481634157,34900
2023-10-23,13.51793384552002,13.82050788746307,13.4645389255871,13.713717198900278,21600
2023-10-24,13.437840461730957,13.633622951788103,13.357747239118083,13.633622951788103,22900
2023-10-25,13.936197280883789,13.936197280883789,13.393344430337285,13.393344430337285,36800
2023-10-26,14.398958206176758,14.41675707824176,13.98959348434797,13.98959348434797,30500
2023-10-27,14.390059471130371,14.487951574862656,14.32776511326217,14.407858344062413,19300
2023-10-30,15.164294242858887,15.3333784521519,14.487952313504737,14.639239346352298,46900
2023-10-31,15.299930572509766,15.327058729763557,14.9743995843535,15.091953207730956,14300
2023-11-01,15.363224983215332,15.426522280144614,15.073864925983196,15.227587671978018,15600
2023-11-02,15.652586936950684,15.7249269600236,15.10099490779052,15.10099490779052,26200
2023-11-03,16.104711532592773,16.24939156993687,15.733968721308264,15.788223304131778,39400
2023-11-06,16.077585220336914,16.195137104762157,15.896734309981966,15.98715976515944,20600
2023-11-07,16.095670700073242,16.231309760103567,16.00524695968275,16.077586986828518,9100
2023-11-08,16.186094284057617,16.21322243785534,16.02332881071547,16.21322243785534,16000
2023-11-09,16.077585220336914,16.36694529712715,16.077585220336914,16.113754367574643,15600
2023-11-10,15.950989723205566,16.22226610285379,15.842480551124032,15.914820574085786,13400
2023-11-13,16.086627960205078,16.24939171007937,15.788223440296942,15.97811706890011,15100
2023-11-14,17.20789909362793,17.235025522868412,16.03237162608072,16.30364799154028,27500
2023-11-15,17.361623764038086,17.84087579715848,17.045135498471115,17.84087579715848,70700
2023-11-16,17.225982666015625,17.443004446522615,17.17172808324992,17.37970542112019,11900
2023-11-17,17.551515579223633,17.587686454936183,17.180772726781395,17.34353821804331,25100
2023-11-20,17.461090087890625,17.596727422160146,17.207900857180125,17.596727422160146,21500
2023-11-21,16.819072723388672,17.39779294148852,16.819072723388672,17.216943735693466,15500
2023-11-22,16.71055793762207,16.936620685884453,16.5297087738453,16.81906881566565,7900
2023-11-24,16.882366180419922,16.900451614290436,16.556835269638256,16.556835269638256,4500
2023-11-27,16.80098533630371,17.008962674965524,16.63821986266504,16.97279352789143,9900
2023-11-28,16.25843620300293,16.674392652905837,16.25843620300293,16.602052625712588,14700
2023-11-29,16.511625289916992,16.556837155019803,16.240348925133837,16.240348925133837,12200
2023-11-30,16.71055793762207,16.855237958532243,16.502580623153932,16.61109150119751,18200
2023-12-01,17.27120018005371,17.33449749511684,16.837159969858707,16.837159969858707,39500
2023-12-04,17.79566192626953,17.87704466325788,17.10843088321352,17.253110921254564,13500
2023-12-05,17.71428108215332,18.066938496971563,17.641941055402853,17.877046573522442,15500
2023-12-06,17.79566192626953,17.931299246342746,17.59672558042152,17.813747362205188,18300
2023-12-07,17.858957290649414,17.940340018812407,17.406831789620316,17.542469094984664,11400
2023-12-08,17.976512908935547,18.428638504202482,17.632898215410478,17.632898215410478,22700
2023-12-11,17.913211822509766,18.103105429316734,17.623851778539063,17.895128113303027,16400
2023-12-12,17.669065475463867,17.931297370205357,17.632894607377086,17.90416921914027,14700
2023-12-13,18.944063186645508,19.21533785470538,17.542472802410103,17.632898266670818,44400
2023-12-14,19.35097312927246,19.369058565144286,19.043527618339848,19.13395307297687,16500
2023-12-15,20.182886123657227,20.345651612512892,19.01640299472873,19.369060404101162,86200
2023-12-18,19.396188735961914,20.18288630625187,19.28767783416902,20.18288630625187,29800
2023-12-19,19.296716690063477,19.441396713675868,18.98927120870666,19.414268562477822,33400
2023-12-20,19.522785186767578,20.26427095713008,19.12491414240632,19.12491414240632,23600
2023-12-21,19.613208770751953,20.11958895362892,19.133955019720553,19.133955019720553,14200
2023-12-22,20.0472469329834,20.0472469329834,19.29671858983356,19.775972293183543,9600
2023-12-26,19.821186065673828,20.210014351600858,19.468528655052694,20.14671704453781,24400
2023-12-27,19.730756759643555,20.119584969847807,19.287673971768594,19.287673971768594,19200
2023-12-28,19.77597427368164,19.830228862130607,19.09778588154159,19.51374060085413,32700
2023-12-29,19.296716690063477,19.56799130315623,19.242462112389312,19.549907593746127,19600
2024-01-02,19.269590377807617,19.721715925924226,19.06161303960728,19.070655757536265,14000
2024-01-03,18.736083984375,19.314805917194636,18.555234781705703,19.314805917194636,17800
2024-01-04,18.591402053833008,19.070655755690172,18.55523290684267,18.85363569958186,11800
2024-01-05,18.699914932250977,19.052572345328013,18.537149441685493,18.57332031724328,32500
2024-01-08,18.690872192382812,18.790340375332804,18.419597524893,18.419597524893,6500
2024-01-09,18.265871047973633,18.871719292205917,18.17544560224665,18.48289108288524,6800
2024-01-10,18.175447463989258,18.374382085188298,17.985553836039266,18.374382085188298,15300
2024-01-11,18.085023880004883,18.175449344349364,17.759492898253665,17.97651297784705,9500
2024-01-12,17.949384689331055,18.229702047555456,17.858959234339345,18.14831931053513,6300
2024-01-16,17.52438735961914,17.91321564852381,17.36162359366297,17.831832903184587,7700
2024-01-17,17.461090087890625,17.687152886580588,17.298324596878285,17.298324596878285,6200
2024-01-18,17.443002700805664,17.55151185547734,17.443002700805664,17.488214561131876,6400
2024-01-19,17.849918365478516,17.85896108438665,17.488218232764506,17.696195593484777,7300
2024-01-22,18.573320388793945,18.573320388793945,17.714281062932255,18.05789575844356,9200
2024-01-23,18.76321029663086,19.34193044784479,18.455764785117935,18.75416757867788,9800
2024-01-24,18.925975799560547,19.260547740726867,18.844593062580177,18.86267849851406,14500
2024-01-25,19.01640510559082,19.17012789271559,18.81746871947497,19.17012789271559,13600
2024-01-26,19.079700469970703,19.341932418435388,18.862680391155088,19.251508679137252,10200
2024-01-29,19.586078643798828,19.80309870034217,19.124910376873448,19.396186741094194,10200
2024-01-30,20.110544204711914,20.26426696030086,19.658418655888205,19.730758674711115,21000
2024-01-31,19.350791931152344,20.31192505601341,19.350791931152344,19.936626003594288,17700
2024-02-01,18.334739685058594,18.957185675224242,18.234049096598547,18.948033572562508,20700
2024-02-02,18.014362335205078,18.591040840130706,17.931979442227398,18.05097598435175,13600
2024-02-05,17.510910034179688,18.224894480057756,17.263763116610917,17.758058697666485,12000
2024-02-06,17.282068252563477,17.501757107031867,16.934230767171417,17.126456332433833,21300
2024-02-07,16.705394744873047,17.199692194543026,16.63216568706103,17.199692194543026,11100
2024-02-08,16.76031494140625,17.16307560444776,16.476552580269846,16.476552580269846,6500
2024-02-09,16.595544815063477,16.82438576353655,16.558931171185083,16.62300635741068,29700
2024-02-12,17.318683624267578,17.767211688630105,16.476548836139294,16.476548836139294,17100
2024-02-13,16.256864547729492,17.666524173684085,16.23855684904896,16.943387534985373,24100
2024-02-14,17.13561248779297,17.13561248779297,16.64131686346878,17.117306535720353,15400
2024-02-15,17.098997116088867,17.39191327077611,16.851848455852256,17.39191327077611,32300
2024-02-16,16.732852935791016,17.336992977889555,16.577241000952416,17.025769108212355,15600
2024-02-20,16.513166427612305,17.025769748631053,16.485704880695558,16.485704880695558,16900
2024-02-21,16.75115966796875,16.925079308170314,16.58639562274,16.58639562274,13400
2024-02-22,16.879310607910156,17.16307292474217,16.677929434872286,16.677929434872286,29000
2024-02-23,17.0532283782959,17.245455701673283,16.851848952493068,16.989153185809457,10500
2024-02-26,17.20884132385254,17.263764417154736,16.879311493630123,16.879311493630123,7700
2024-02-27,17.291223526000977,17.492604701548043,17.126457744523588,17.2637637263668,10600
2024-02-28,16.89761734008789,17.465143745910495,16.851849841873,17.144766020651836,22800
2024-02-29,17.364450454711914,17.446833335423392,17.0806881688823,17.0806881688823,8300
2024-03-01,17.080690383911133,17.336992906686216,16.961693844072972,17.336992906686216,8200
2024-03-04,16.943387985229492,17.208842639478323,16.943387985229492,16.98915548722879,5900
2024-03-05,16.970849990844727,17.391916607512115,16.714547433361318,16.98915594458628,13900
2024-03-06,16.925081253051758,17.080693213025622,16.732855638570246,17.016618008198453,7400
2024-03-07,17.0532283782959,17.153918964156343,16.94338569001001,17.03492242752695,6400
2024-03-08,17.08984375,17.39191376128025,17.08984375,17.31868472054316,7200
2024-03-11,17.428529739379883,17.639063020323192,17.22714856115749,17.245456258435546,17400
2024-03-12,17.410221099853516,17.629908217546298,17.373605707279047,17.373605707279047,8400
2024-03-13,17.89536476135254,17.904518610484065,17.538373374814103,17.538373374814103,7100
2024-03-14,17.68482780456543,18.30727544918456,17.56583128234958,17.89536105321077,12400
2024-03-15,18.84734344482422,18.97549383623829,17.55668044412552,17.55668044412552,69000
2024-03-18,18.4262752532959,18.691731632629953,18.4262752532959,18.691731632629953,8600
2024-03-19,19.131107330322266,19.2134902303381,18.36220142745335,18.36220142745335,9500
2024-03-20,18.865652084350586,19.112799030714612,18.764961488401912,18.82903668730808,8600
2024-03-21,19.067031860351562,19.341640359250533,18.407970415443078,18.472045615458285,14000
2024-03-22,18.307279586791992,19.186028168917254,18.307279586791992,19.186028168917254,7300
2024-03-25,18.023515701293945,18.316431870295443,17.474297011457097,18.279816476211213,13300
2024-03-26,17.931982040405273,18.29812731451372,17.931982040405273,18.215744409599523,11200
2024-03-27,18.343894958496094,18.38966245903213,17.931980469998816,17.931980469998816,14100
2024-03-28,18.472043991088867,18.581886682621956,18.224895316262263,18.298124359257024,16600
2024-04-01,17.950288772583008,18.36220152902235,17.941134922984137,18.36220152902235,13800
2024-04-02,17.776365280151367,18.270660830233368,17.776365280151367,18.078435267956454,13900
2024-04-03,18.005210876464844,18.288973242211398,17.858752768600922,17.941135672514175,11200
2024-04-04,18.206588745117188,18.49035283195112,18.169975094314292,18.38966223688629,9800
2024-04-05,18.11505126953125,18.362198179950543,18.11505126953125,18.234047800776246,5700
2024-04-08,18.481199264526367,18.490353113846197,18.481199264526367,18.490353113846197,3800
2024-04-09,18.243202209472656,18.517810672120888,17.785520274446924,18.517810672120888,4400
2024-04-10,17.419374465942383,18.23404772308135,17.21799330419174,17.90451618270246,14800
2024-04-11,17.794675827026367,17.84044332654533,17.39191519677038,17.39191519677038,16000
2024-04-12,17.666521072387695,18.206585867229283,17.309529740377062,17.812979144285286,10200
2024-04-15,17.40106773376465,17.739751394870847,17.382760036970243,17.58413946395452,7400
2024-04-16,17.35529899597168,17.620755369448215,17.327839195900392,17.327839195900392,7000
2024-04-17,17.39191436767578,17.574987848860665,17.30037762708334,17.30037762708334,5600
2024-04-18,17.446836471557617,17.620756111646546,17.300378378614788,17.373607425086202,13500
2024-04-19,17.529220581054688,17.611603482280188,17.346148825156707,17.346148825156707,9300
2024-04-22,17.68482780456543,17.86790125742441,17.428527065664262,17.492602250389556,5400
2024-04-23,17.849594116210938,17.93197699795919,17.629907013521567,17.849594116210938,5900
2024-04-24,17.69398307800293,17.849595001700628,17.620754040140366,17.849595001700628,11700
2024-04-25,17.68482780456543,18.142509690795045,17.529215893410647,17.611598772605404,8100
2024-04-26,18.06928062438965,18.124201961775512,17.849593528928363,17.858747376145647,12900
2024-04-29,17.986900329589844,18.124204565740374,17.822134547841973,18.124204565740374,9300
2024-04-30,17.86624526977539,18.088993050320173,17.819840146002644,18.088993050320173,11400
2024-05-01,18.181804656982422,18.20036741416858,18.033306139977068,18.098274019886663,10400
2024-05-02,18.441679000854492,18.56233338897633,17.791996624143497,18.014744412382164,18400
2024-05-03,18.812925338745117,18.812925338745117,18.441679024537247,18.553052033678576,6300
2024-05-06,18.952144622802734,19.035675274200734,18.20965191064526,18.840769830857983,23400
2024-05-07,18.86861228942871,19.137766979994364,18.86861228942871,19.12848560063947,23000
2024-05-08,19.20273208618164,19.258418584009856,18.562331165310702,18.9521401905919,12400
2024-05-09,19.490449905395508,19.490449905395508,19.063517090517312,19.258420739855087,19300
2024-05-10,19.48116683959961,19.59254160832231,19.21201395140275,19.49044821784666,17800
2024-05-13,19.184171676635742,19.676074149969708,19.184171676635742,19.52757562410324,12700
2024-05-14,19.629667282104492,19.629667282104492,18.803644009519253,19.379075355508274,8100
2024-05-15,19.46260643005371,20.14013296185444,19.351233418142705,20.14013296185444,16300
2024-05-16,19.388355255126953,19.58326066213131,19.388355255126953,19.48116726940322,12800
2024-05-17,19.490449905395508,19.546136409457436,19.43476340133358,19.518294042547495,8800
2024-05-20,19.546138763427734,19.731762826311872,19.379077460880463,19.462608112154097,5900
2024-05-21,19.518295288085938,19.70391757021833,19.518295288085938,19.694636190575388,4300
2024-05-22,19.444047927856445,19.62967022819085,19.425485166750306,19.490453060379465,9600
2024-05-23,18.76651954650879,19.638949763876308,18.76651954650879,19.638949763876308,11600
2024-05-24,18.896455764770508,18.95214226870478,18.553051821651415,18.664426599762,6200
2024-05-28,18.627300262451172,18.627300262451172,18.49736450225214,18.534488246491023,7800
2024-05-29,18.57161521911621,19.04495494445933,18.42311669001744,18.534489701720467,11800
2024-05-30,19.026391983032227,19.026391983032227,18.553052262732617,18.812925571007526,11200
2024-05-31,19.026391983032227,19.16560913129868,18.887174834765773,19.16560913129868,8700
2024-06-03,18.970705032348633,19.202734197425453,18.395271924051617,19.202734197425453,10600
2024-06-04,18.682987213134766,19.017109770528,18.682987213134766,18.79436198901318,7700
2024-06-05,18.933578491210938,19.0263905062655,18.74795623134376,18.74795623134376,8800
2024-06-06,18.905736923217773,18.905736923217773,18.905736923217773,18.905736923217773,4000
2024-06-07,18.664426803588867,18.970705233935167,18.599458919915723,18.868611833739045,5500
2024-06-10,18.664426803588867,18.757237054412183,18.56233340339275,18.571614782523493,5800
2024-06-11,18.729394912719727,18.729394912719727,18.56233362683944,18.56233362683944,7700
2024-06-12,18.83148956298828,19.128486637474865,18.478804209353815,19.128486637474865,9900
2024-06-13,18.57161521911621,18.803644392113302,18.48808457521789,18.74795788626179,9800
2024-06-14,18.367431640625,18.590179451936105,18.367431640625,18.54377255151156,14900
2024-06-17,18.942861557006836,18.942861557006836,18.098275508241596,18.33030468142418,13800
2024-06-18,18.497365951538086,19.054236320688343,18.44167944569569,18.775800250992162,15400
2024-06-20,18.478803634643555,18.608739408129743,18.348867861157363,18.348867861157363,6900
2024-06-21,18.56233024597168,18.952139251946754,18.469518240693468,18.469518240693468,27000
2024-06-24,18.50664710998535,18.543770856689797,18.33030444497352,18.543770856689797,11500
2024-06-25,18.02402687072754,18.35814945821278,18.02402687072754,18.35814945821278,11000
2024-06-26,18.12611961364746,18.23749262523883,17.838402164845206,17.838402164845206,12500
2024-06-27,18.135400772094727,18.18180589798556,17.959058107273826,18.18180589798556,10700
2024-06-28,19.01711082458496,19.026392203942766,18.09827551106751,18.283899557739403,86800
2024-07-01,18.608739852905273,19.0171117125053,18.413836188017513,19.0171117125053,22100
2024-07-02,18.720111846923828,18.85004760412792,18.62729983310294,18.747955982142674,7900
2024-07-03,18.729394912719727,18.81292555565987,18.590177764566846,18.81292555565987,9000
2024-07-05,18.19108772277832,18.72939533941064,18.16324358441657,18.72939533941064,22600
2024-07-08,18.25605583190918,18.367430616475712,18.051870792153043,18.367430616475712,5100
2024-07-09,17.968339920043945,18.302460729052232,17.884809275231344,18.302460729052232,7200
2024-07-10,18.16324234008789,18.265335736844634,17.91265042272607,18.256054358026564,9100
2024-07-11,19.026391983032227,19.109922626040515,18.358148609208,18.543770883482576,27600
2024-07-12,19.06351661682129,19.19345237981779,18.747956817908076,19.14704548571761,15800
2024-07-15,19.31410789489746,19.75960525313448,19.13776699771746,19.13776699771746,26100
2024-07-16,19.95450782775879,19.95450782775879,19.481168127322448,19.490449506183005,34500
2024-07-17,20.297914505004883,20.41856890599737,19.536857267868765,19.86169849087626,18700
2024-07-18,19.926664352416992,20.418566826897578,19.815291342878563,19.815291342878563,19400
2024-07-19,19.47188949584961,19.935947882901747,19.37907746439073,19.935947882901747,18700
2024-07-22,19.174888610839844,19.304824366983162,18.952140841633334,19.304824366983162,13600
2024-07-23,19.685352325439453,19.926662854961386,18.877891871117917,18.896454628060052,15100
2024-07-24,19.536855697631836,20.279350114864176,19.536855697631836,19.80601038856711,13600
2024-07-25,19.713197708129883,20.084444019252075,19.713197708129883,19.95450825291982,20400
2024-07-26,20.06588363647461,20.075163245570703,19.69463554391519,19.98235299267295,11500
2024-07-29,19.34195327758789,20.05660360238344,19.32339051766645,19.83385579405279,9700
2024-07-30,19.843135833740234,19.843135833740234,19.425484347911265,19.499733618963674,10000
2024-07-31,20.260786056518555,20.446410091480477,20.038038276709447,20.038038276709447,49000
2024-08-01,18.766599655151367,20.35476012235991,18.65383190396666,20.21379953717348,16400
2024-08-02,17.761077880859375,18.1839614130462,17.544938205479895,18.146370969113587,30100
2024-08-05,16.943506240844727,17.761078718411856,16.90591579513947,17.037478770285652,20400
2024-08-06,17.37578582763672,17.526144027501598,16.94350645112797,16.94350645112797,13300
2024-08-07,17.09386444091797,17.90203930715686,16.680378500165517,17.855053042430693,20200
2024-08-08,17.939632415771484,17.949030028593892,17.385185806129055,17.385185806129055,9600
2024-08-09,17.234827041625977,17.591927355545618,17.234827041625977,17.591927355545618,6600
2024-08-12,16.727365493774414,17.36638875939742,16.623995348390352,17.36638875939742,6400
2024-08-13,16.971696853637695,17.310003686787564,16.89651775653895,17.310003686787564,8300
2024-08-14,17.187841415405273,17.338199636627326,16.91531601918319,17.065674240405244,10700
2024-08-15,17.68589973449707,17.920834644450352,17.544939147007327,17.695297345984535,16000
2024-08-16,18.07119369506836,18.249744736922537,17.648311912669985,17.695298179910516,19000
2024-08-19,17.732887268066406,18.456485407113394,17.58252728112004,18.155769018042793,21900
2024-08-20,17.206634521484375,17.432171849027796,17.206634521484375,17.422776028740085,7800
2024-08-21,16.849531173706055,17.460361550109415,16.783749689042605,17.460361550109415,18700
2024-08-22,16.445444107055664,16.802544390433674,16.285688292604963,16.689776634592686,18100
2024-08-23,17.065671920776367,17.159646244369657,16.248099428060346,16.42664867123535,25600
2024-08-26,17.676502227783203,17.676502227783203,16.97169749374579,17.234825239721097,17900
2024-08-27,16.89651870727539,17.17844168156726,16.530020812348237,16.530020812348237,13400
2024-08-28,17.366390228271484,17.47915978744189,16.858931693033004,16.91531557641254,11400
2024-08-29,17.563735961914062,17.648312680555946,17.084468487080468,17.338198643006127,9800
2024-08-30,17.836259841918945,17.836259841918945,17.39458280921621,17.620120131814073,17000
2024-09-03,17.338197708129883,17.836258588375216,17.338197708129883,17.836258588375216,7500
2024-09-04,17.056276321411133,17.24422499077119,16.586406440422333,17.169045881509437,34700
2024-09-05,17.065671920776367,17.3381972799558,16.915313719991556,17.25362056796295,10400
2024-09-06,16.99989128112793,17.197235757361163,16.99049366905808,17.197235757361163,5800
2024-09-09,16.924711227416992,17.30060672706531,16.887120781246598,16.887120781246598,13100
2024-09-10,17.291210174560547,17.4133773396856,16.72736599434864,16.73676360646682,9800
2024-09-11,17.16904640197754,17.310007012065036,16.727367553315606,17.06567445145472,15200
2024-09-12,17.31940269470215,17.385184185917122,17.272414634969163,17.36638896202393,8900
2024-09-13,17.38518524169922,17.563736294705354,17.2912109089375,17.441569124391727,16300
2024-09-16,17.347593307495117,17.554337180365646,17.169044062175683,17.38518375434836,9300
2024-09-17,17.42277717590332,17.638916904978913,17.347596269360714,17.394584335949844,13200
2024-09-18,17.291210174560547,17.69529853358593,16.91531465188969,17.347594054858366,10000
2024-09-19,17.620121002197266,17.817465497064404,17.3851860555013,17.6671072745719,13000
2024-09-20,17.770477294921875,17.79867013073192,17.3569913317639,17.3569913317639,69400
2024-09-23,17.554338455200195,17.667106219127053,17.37578740450283,17.667106219127053,14500
2024-09-24,17.488555908203125,17.620118889002768,17.488555908203125,17.620118889002768,7700
2024-09-25,17.131454467773438,17.47915894882288,17.04687775055631,17.385184619424823,24200
2024-09-26,17.112659454345703,17.432171102790722,17.056275572976368,17.29121050316175,25200
2024-09-27,17.38518524169922,17.38518524169922,17.2912109089375,17.300608521454805,7700
2024-09-30,17.131454467773438,17.310005514388624,17.06567297491817,17.310005514388624,9800
2024-10-01,16.586406707763672,16.952906439681932,16.511227597290173,16.952906439681932,14700
2024-10-02,16.436046600341797,16.66158390587587,16.257495561306467,16.58640480403118,32700
2024-10-03,16.342073440551758,16.45484299756781,16.266894333344823,16.379663890360874,9700
2024-10-04,16.61459732055664,16.699174032560357,16.548815831756226,16.548815831756226,10300
2024-10-07,16.445444107055664,16.708571858036574,16.398457840857112,16.708571858036574,7700
2024-10-08,16.23870086669922,16.445442932583727,16.23870086669922,16.445442932583727,5900
2024-10-09,16.276290893554688,16.473637157471753,16.276290893554688,16.295086117244157,8400
2024-10-10,16.210508346557617,16.210508346557617,16.08834298536037,16.08834298536037,13600
2024-10-11,16.633392333984375,16.633392333984375,16.229304002265344,16.248099225231606,25300
2024-10-14,16.699172973632812,16.774352069267625,16.670980140615626,16.699172973632812,6500
2024-10-15,16.868328094482422,17.2442236107081,16.699174664078065,16.699174664078065,12000
2024-10-16,17.563735961914062,17.610722231198984,16.887122212778976,16.887122212778976,10700
2024-10-17,17.065671920776367,17.469760257539726,16.915313719991556,17.469760257539726,20400
2024-10-18,17.056276321411133,17.1972369272255,16.915315715596762,17.1972369272255,7700
2024-10-21,16.23870086669922,17.10326136685149,16.23870086669922,16.78374976076841,8500
2024-10-22,16.5206241607666,16.990494019482842,16.464240279595806,16.990494019482842,6600
2024-10-23,16.567609786987305,16.567609786987305,16.31388143535566,16.567609786987305,6800
2024-10-24,16.689775466918945,16.887119922039364,16.37966147143612,16.746159340894632,9900
2024-10-25,15.693655014038086,16.727367336203645,14.744516726692474,16.727367336203645,53800
2024-10-28,16.19171142578125,16.370262435644246,15.797020757479874,15.797020757479874,12000
2024-10-29,16.069549560546875,16.229305384544553,15.88160089969857,16.229305384544553,18100
2024-10-30,16.116533279418945,16.276289078138312,16.022558963864437,16.069547017847185,14000
2024-10-31,15.975573539733887,16.238701278597492,15.844010566507624,16.238701278597492,13700
2024-11-01,15.956557273864746,16.22281569911133,15.928028808124258,16.156251092799682,11500
2024-11-04,15.452563285827637,16.165758514404295,15.27188665340509,15.956555233638209,31500
2024-11-05,15.92802906036377,16.01361264519106,15.775880868170704,16.01361264519106,15800
2024-11-06,17.297361373901367,17.297361373901367,16.19428627960494,16.403489551368338,59700
2024-11-07,17.40196418762207,17.58264083391415,16.73631634476869,17.230798843173645,19700
2024-11-08,17.19276237487793,17.468532112167654,17.03110469082005,17.41147517867695,14900
2024-11-11,17.354419708251953,17.753809165868553,17.306874078386688,17.487548922874314,21800
2024-11-12,17.30687141418457,17.63969439950604,17.25932397788919,17.30687141418457,17500
2024-11-13,17.164234161376953,17.59215210012302,17.126198018904848,17.306874683458695,16100
2024-11-14,17.30687141418457,17.57312980244175,16.821898446467117,17.373436011248863,14200
2024-11-15,17.28785514831543,17.535096414541282,17.07865002333612,17.506567948294233,19300
2024-11-18,16.90748405456543,17.44951219737569,16.86944610094743,17.420983732162192,12600
2024-11-19,16.745826721191406,16.92650156331848,16.52711211091998,16.916993888469264,7800
2024-11-20,16.584169387817383,16.74582706986246,16.33692812035141,16.74582706986246,8200
2024-11-21,16.869443893432617,17.078647169707146,16.698276752049267,16.926499002643993,20900
2024-11-22,16.75533676147461,17.031104684919235,16.631715219370477,16.926502120638744,17700
2024-11-25,16.57465934753418,17.11668749466533,16.57465934753418,16.831410095254032,24700
2024-11-26,16.07066535949707,16.66975036365911,15.994591274781966,16.66975036365911,23500
2024-11-27,16.07066535949707,16.213304041619235,15.966064626607082,16.03262922401414,28400
2024-11-29,16.156248092651367,16.32741522781028,16.023118904749612,16.0801740118862,15700
2024-12-02,16.612695693969727,16.641224159764857,16.0421408880631,16.051648562911982,26500
2024-12-03,16.413000106811523,16.68876799146356,16.403490619237413,16.68876799146356,11200
2024-12-04,16.622203826904297,16.707787403560214,16.14674031826001,16.384472072582156,27200
2024-12-05,16.498584747314453,16.736316510780803,16.31790809923019,16.66975190721013,11900
2024-12-06,16.346437454223633,16.546131275813423,16.213306426080923,16.49858564603,11300
2024-12-09,16.298891067504883,16.650734917463986,16.298891067504883,16.593679795274543,10800
2024-12-10,16.470056533813477,16.641223696318377,16.289379882975034,16.289379882975034,23800
2024-12-11,16.384469985961914,16.47005355171846,16.298886420205363,16.47005355171846,18600
2024-12-12,15.98508358001709,16.38447302299563,15.98508358001709,16.365454046246782,29900
2024-12-13,15.870973587036133,15.956557169950756,15.690296932688652,15.947047681432522,13400
2024-12-16,15.889989852905273,16.146740587148653,15.547657354330147,15.547657354330147,11800
2024-12-17,15.699807167053223,15.889991505204492,15.54765897103238,15.54765897103238,27200
2024-12-18,15.262378692626953,15.880482736883973,15.243361529745528,15.880482736883973,38600
2024-12-19,15.176795959472656,15.832935233819109,15.100721866994073,15.462074259704698,29000
2024-12-20,15.633241653442383,15.661768304952204,15.02464799769867,15.02464799769867,84000
2024-12-23,15.14826774597168,15.614221768957549,14.977100591864756,15.59520279322359,30000
2024-12-24,15.386001586914062,15.386001586914062,15.28139901994815,15.366982608602152,35300
2024-12-26,15.85195541381836,15.861464902818799,15.395510824294691,15.500111575800384,26100
2024-12-27,15.690298080444336,15.861465258794576,15.509621412880238,15.585695512841498,28500
2024-12-30,15.623732566833496,15.737842803306386,15.347962836816587,15.366981814145236,32700
2024-12-31,15.623732566833496,15.785390246628012,15.538148982604076,15.538148982604076,42900
2025-01-02,15.585693359375,15.75686051407517,15.452564156274583,15.6998054004249,20900
2025-01-03,15.728333473205566,15.737841147119836,15.385999172313758,15.414525821555198,22500
2025-01-06,15.642751693725586,15.88999114636392,15.633242204970339,15.690297323752299,25100
2025-01-07,15.680787086486816,15.737842202545295,15.36698122754103,15.623731970428338,34100
2025-01-08,15.67127799987793,15.804409025759428,15.642751347992203,15.67127799987793,8500
2025-01-10,15.319436073303223,15.614222964758147,15.252871466885933,15.614222964758147,25400
2025-01-13,15.956557273864746,16.089686486488038,15.309926560409632,15.309926560409632,15400
2025-01-14,16.14674186706543,16.27036340687043,15.747352408944575,15.9375385561448,19300
2025-01-15,16.75533676147461,17.050123662742877,16.260854220557185,16.40349292673541,41400
2025-01-16,16.441530227661133,16.793372234640007,16.441530227661133,16.61269558000926,10700
2025-01-17,16.565149307250977,16.698278514041643,16.1182142460613,16.489075215692107,21200
2025-01-21,16.8218994140625,16.993066567072926,16.783861462838253,16.869445039343464,20500
2025-01-22,16.641223907470703,16.859936700669017,16.536621348223914,16.70778851290067,16100
2025-01-23,16.774354934692383,16.783864424176297,16.57466109677922,16.57466109677922,10900
2025-01-24,16.888465881347656,17.0311045867033,16.631715123457766,16.631715123457766,23000
2025-01-27,17.11668586730957,17.30687199133495,16.8123895198684,16.974047181165183,36000
2025-01-28,17.28785514831543,17.401965385804576,17.19276207457479,17.211781052072823,30900
2025-01-29,17.38294792175293,17.401965085172904,17.173742800387792,17.344909967413997,12200
2025-01-30,17.44951057434082,17.611168234682097,17.411472624260853,17.411472624260853,23000
2025-01-31,17.430282592773438,17.728319646867917,17.30530067253768,17.35337021868936,13500
2025-02-03,17.132247924804688,17.161090753667054,16.40157943057942,16.565018459994754,19600
2025-02-04,17.420669555664062,17.50719436903538,16.99765059577875,17.209159158853616,17400
2025-02-05,17.526424407958984,17.526424407958984,17.353371099056606,17.420671034313102,20500
2025-02-06,17.661022186279297,17.757161282053033,17.574495533094364,17.757161282053033,7500
2025-02-07,17.468738555908203,17.49758138195705,17.305299542435776,17.401440462196412,7800
2025-02-10,17.555267333984375,17.574495887020642,17.382214024129453,17.382214024129453,8900
2025-02-11,17.60333824157715,17.7667772875292,17.228390597107804,17.228390597107804,11900
2025-02-12,17.334142684936523,17.49758170139269,17.295685582835986,17.295685582835986,10800
2025-02-13,17.584110260009766,17.584110260009766,17.372599842921908,17.430283668611434,7600
2025-02-14,17.680246353149414,17.901371009223766,17.61294826232761,17.689860628086162,18700
2025-02-18,17.72831916809082,17.843686809233454,17.593721141776957,17.64179252036605,8600
2025-02-19,17.9013729095459,17.9013729095459,17.59372158011748,17.786003431793286,11700
2025-02-20,17.593721389770508,17.766774687659336,17.536037568386106,17.766774687659336,8200
2025-02-21,17.584110260009766,17.834074115909633,17.574495983438883,17.766776013649224,18700
2025-02-24,17.612951278686523,17.757161759964077,17.555267452922653,17.641794108436336,12700
2025-02-25,17.930213928222656,18.026354854192142,17.728319634048813,17.737933910019326,15000
2025-02-26,18.08403778076172,18.08403778076172,17.71870448065167,17.968670142299832,13200
2025-02-27,17.882143020629883,18.074423024193774,17.882143020629883,17.997510656021117,9400
2025-02-28,18.045583724975586,18.045583724975586,17.882144698060394,17.920599968886258,14600
2025-03-03,17.91098403930664,18.141722977904035,17.91098403930664,18.103265876892632,8600
2025-03-04,17.72831916809082,17.882143912104727,17.55526587264128,17.55526587264128,11800
2025-03-05,17.60333824157715,17.920602056221032,17.593723964316926,17.90137533543647,11100
2025-03-06,17.60333824157715,17.60333824157715,17.247619151628253,17.53604013449146,14300
2025-03-07,17.8629150390625,17.949441685229434,17.459124634862,17.72831884890752,11800
2025-03-10,17.64179229736328,17.766774212643888,17.64179229736328,17.670633290416575,18200
2025-03-11,17.6225643157959,17.77638906283754,17.353370091605207,17.747546235116374,9300
2025-03-12,17.31491470336914,17.63217847119106,17.305300427527797,17.63217847119106,22400
2025-03-13,17.305299758911133,17.401440679874415,17.2668426570316,17.401440679874415,11000
2025-03-14,17.28607177734375,17.353369874114062,17.247616507933117,17.257230783719677,8000
2025-03-17,17.093791961669922,17.362984351882666,16.90151011117314,17.362984351882666,17200
2025-03-18,17.276456832885742,17.295685383714638,17.026491173316725,17.161089195383447,11900
2025-03-19,17.257230758666992,17.295686028021798,16.8534403448957,17.151475558903964,8800
2025-03-20,17.161090850830078,17.305301328486994,16.988037544147495,16.988037544147495,5000
2025-03-21,16.82459831237793,17.151476369145843,16.82459831237793,16.95919451208153,38700
2025-03-24,17.084177017211914,17.084177017211914,16.824597079320156,17.036105639601093,9400
2025-03-25,16.959196090698242,17.295688455014734,16.891897984582116,16.911126538825542,5900
2025-03-26,17.084177017211914,17.209158931528933,16.85343990588665,16.90150944976191,7600
2025-03-27,17.113019943237305,17.161091326278573,16.77652943062726,17.132248496453812,10600
2025-03-28,17.026491165161133,17.218773005886902,16.997650172667143,17.218773005886902,6400
2025-03-31,16.843826293945312,16.93996721921897,16.603474897628978,16.77652819637444,11800
2025-04-01,16.93035316467285,16.93035316467285,16.6227036667633,16.641930385080908,10600
2025-04-02,16.76691436767578,16.824598190884252,16.632316335208447,16.795755362412176,29500
2025-04-03,15.920876502990723,16.35350976410556,15.911262226773093,16.35350976410556,19200
2025-04-04,16.516950607299805,16.516950607299805,15.469018222990151,15.709369653634827,20300
2025-04-07,16.420808792114258,16.641931656412083,16.161228820772045,16.190071651055334,11300
2025-04-08,16.017017364501953,16.690002027038275,15.863192613134053,16.690002027038275,17800
2025-04-09,16.709228515625,17.286072242181177,15.699753369453433,15.91126194123858,28200
2025-04-10,15.88241958618164,16.372736620061826,15.67090919878107,16.372736620061826,29100
2025-04-11,15.920876502990723,16.055474536301833,15.747823198544786,16.00740315521369,13200
2025-04-14,16.16122817993164,16.324667210917845,15.728596745252197,16.170842456311505,18400
2025-04-15,15.988174438476562,16.286211496953214,15.988174438476562,16.180456293381777,6800
2025-04-16,16.065086364746094,16.286211041828373,15.978561549565956,16.286211041828373,12700
2025-04-17,16.151611328125,16.353507432437663,15.949717057547765,16.04585797228068,11300
2025-04-21,16.4688777923584,16.574632999463944,15.901650152277394,15.901650152277394,11700
2025-04-22,16.863054275512695,16.863054275512695,16.555402958293275,16.699615258194953,7200
2025-04-23,16.680387496948242,17.064949369514107,16.661158944886036,17.064949369514107,10700
2025-04-24,16.65154457092285,17.093792097074363,16.6034750247857,17.093792097074363,7800
2025-04-25,16.16122817993164,16.55540434282736,16.045860530844745,16.526563347423497,10600
2025-04-28,16.218914031982422,16.295826410204487,15.88242168960999,16.02663216955939,18900
2025-04-29,16.391965866088867,16.391965866088867,15.901650590287357,16.074702069768946,11000
2025-04-30,16.69000244140625,17.141862430550965,16.10354441617115,16.39196537371276,36100
2025-05-01,16.959196090698242,16.959196090698242,16.382354133282384,16.440037962276797,15800
2025-05-02,17.007265090942383,17.132247008523507,16.50733375314668,17.132247008523507,10700
2025-05-05,16.343894958496094,16.71884255016031,16.315052130777453,16.641930176646223,17800
2025-05-06,16.555402755737305,16.593859857570045,16.315051370489307,16.315051370489307,14300
2025-05-07,16.891897201538086,17.113020063879475,16.478492473147625,16.51694957985175,17000
2025-05-08,17.007265090942383,17.007265090942383,16.68038704959408,16.882281339625653,8800
2025-05-09,16.78614044189453,16.94957946282442,16.78614044189453,16.94957946282442,5100
2025-05-12,16.968809127807617,17.1226338830424,16.728457718536305,17.1226338830424,10600
2025-05-13,16.997650146484375,17.16108916072886,16.66115784260037,16.66115784260037,13800
2025-05-14,16.91112518310547,17.238003244095303,16.83421280603349,16.83421280603349,10100
2025-05-15,17.247617721557617,17.247617721557617,17.141862514199623,17.141862514199623,4400
2025-05-16,17.10340690612793,17.305301206679385,17.10340690612793,17.247617382769782,9900
2025-05-19,17.161090850830078,17.170705127171967,16.978423267805603,17.064949921146898,5700
2025-05-20,17.170705795288086,17.401442935264328,17.113020134992187,17.113020134992187,6400
2025-05-21,17.209157943725586,17.353368400809273,16.939965579498825,17.170702677579815,16600
2025-05-22,16.69000244140625,17.247617637392896,16.69000244140625,17.247617637392896,8300
2025-05-23,16.73807144165039,16.96880856687516,16.613089519804515,16.62270379590584,10700
2025-05-27,17.084177017211914,17.35336939689028,16.891895174239746,17.07456274168975,8900
2025-05-28,16.7476863861084,17.39182824071779,16.7476863861084,17.074564451655593,9600
2025-05-29,16.997650146484375,17.29568534878825,16.709227385840002,16.83421113223989,6600
2025-05-30,16.919857025146484,17.153234145974846,16.919857025146484,17.055995070000392,7000
2025-06-02,16.968481063842773,17.104617275208696,16.773999172134218,16.919859663557247,9800
2025-06-03,17.201858520507812,17.201858520507812,16.910135677866755,16.919859958093138,6800
2025-06-04,16.83234214782715,17.240752616019403,16.773998325147307,17.240752616019403,7300
2025-06-05,16.861513137817383,16.880961694817206,16.647584574968786,16.725376948251593,6000
2025-06-06,17.39633560180664,17.39633560180664,17.08516610635887,17.08516610635887,11700
2025-06-09,17.376890182495117,17.503302103836397,17.11434020580558,17.406061165649536,14900
2025-06-10,17.250476837158203,17.41578587978842,17.2310282780919,17.35744205730619,7800
2025-06-11,17.036548614501953,17.29909860334001,17.036548614501953,17.29909860334001,10300
2025-06-12,17.39633560180664,17.39633560180664,17.114338942075783,17.133787499220393,8100
2025-06-13,17.337993621826172,17.39633744472428,16.91985887250356,17.39633744472428,20500
2025-06-16,17.017099380493164,17.406061281103966,16.744825122707283,17.406061281103966,40400
2025-06-17,16.55034637451172,17.017100691195335,16.55034637451172,16.880964479175145,11100
2025-06-18,16.793445587158203,16.910133223504964,16.472551805129804,16.54061990211817,8700
2025-06-20,16.696205139160156,17.075442750388113,16.550344662127603,17.075442750388113,26200
2025-06-23,17.231027603149414,17.231027603149414,16.67675667448742,16.851789989794703,22700
2025-06-24,17.192134857177734,17.30882251464775,16.919860565219565,17.250478685912743,13000
2025-06-25,16.968481063842773,17.14351254072034,16.71565534650836,16.900411103443034,11100
2025-06-26,17.18240737915039,17.18240737915039,16.929581695390855,16.939305974156593,4900
2025-06-27,17.036548614501953,17.172684821432775,17.017100055021345,17.09489243822706,69200
2025-06-30,17.318544387817383,17.474129145961225,17.172683908897106,17.221303450298326,11700
2025-07-01,17.65888786315918,17.668612143000264,17.289374502781687,17.289374502781687,15800
2025-07-02,17.668611526489258,17.746403907786778,17.493578204890664,17.60054342469351,16800
2025-07-03,18.067296981811523,18.16453791818003,17.824195568248552,17.824195568248552,16000
2025-07-07,17.775575637817383,18.06729658581237,17.658886145789456,17.989504209365936,23000
2025-07-08,17.872817993164062,17.979783225901777,17.726957492432472,17.726957492432472,10800
2025-07-09,17.89226531982422,17.970057705160624,17.814472934487814,17.970057705160624,6200
2025-07-10,17.89226531982422,17.97978198516727,17.7561291091647,17.765853389171347,16200
2025-07-11,17.590818405151367,17.707506044830303,17.522750306219223,17.678335062268864,9400
2025-07-14,17.74640464782715,17.756128927734434,17.46440609466613,17.649163703471046,14900
2025-07-15,17.50330352783203,17.892265457507165,17.50330352783203,17.892265457507165,15500
2025-07-16,17.551921844482422,17.65888706317184,17.260200881332477,17.561646123882973,15000
2025-07-17,17.610267639160156,17.901988604269363,17.503302419752337,17.68806002017039,15100
2025-07-18,17.50330352783203,17.79502451140919,17.50330352783203,17.79502451140919,13300
2025-07-21,17.765851974487305,17.814471515932226,17.610267216203614,17.610267216203614,7900
2025-07-22,17.80474853515625,17.979781864669306,17.78530182999005,17.979781864669306,14100
2025-07-23,18.135366439819336,18.174263559168114,17.90198928787687,17.921437847551257,11400
2025-07-24,17.67833709716797,18.067299032064284,17.67833709716797,18.03812619142826,5200
2025-07-25,17.901988983154297,18.02840276416931,17.67833611485598,17.814472320825963,27200
2025-07-28,18.125640869140625,18.281225626022096,17.999228949693155,17.999228949693155,10900
2025-07-29,18.09646987915039,18.388190834506755,18.09646987915039,18.27150319425085,10500
2025-07-30,17.756128311157227,18.349296381886752,17.610267827046417,18.04784927937884,17500
2025-07-31,17.551921844482422,17.911712763436228,17.40606136290745,17.775576561261808,22000
2025-08-01,17.51302719116211,17.931161946356333,17.50330291142309,17.551922455401467,24500
2025-08-04,17.999229431152344,18.038124694054815,17.571370410925255,17.571370410925255,11900
2025-08-05,18.067296981811523,18.106194098245567,17.707506073663023,17.989504603660038,18800
2025-08-06,17.989505767822266,18.154814813931463,17.989505767822266,17.989505767822266,7300
2025-08-07,18.008953094482422,18.145089292058916,17.79502266432897,18.05757263512643,7900
2025-08-08,17.999229431152344,18.11591707457641,17.999229431152344,18.11591707457641,5400
2025-08-11,18.25205421447754,18.42708752553598,18.01867708463847,18.183986116780712,8100
2025-08-12,18.660465240478516,18.660465240478516,18.3006743281641,18.3006743281641,14500
2025-08-13,18.796602249145508,18.87439463154591,18.670190323263615,18.73825842602438,10300
2025-08-14,18.747982025146484,18.83549868400983,18.572948707419794,18.611843969849822,6600
2025-08-15,18.5340518951416,18.91329137469312,18.456259514285307,18.91329137469312,8100
2025-08-18,18.553499221801758,18.650740155093022,18.553499221801758,18.650740155093022,3100
2025-08-19,18.57295036315918,18.63129418936376,18.563226083005617,18.63129418936376,5000
2025-08-20,18.718809127807617,18.718809127807617,18.4368105935403,18.572948648404388,6000
2025-08-21,18.407642364501953,18.709087647664138,18.407642364501953,18.572951427149004,3500
2025-08-22,19.350873947143555,19.39949534720499,18.650742478709805,18.650742478709805,24500
2025-08-25,19.059152603149414,19.380046418584623,19.020255483840064,19.195288811298674,7700
2025-08-26,19.243911743164062,19.418943229846754,19.156395072464274,19.156395072464274,5900
2025-08-27,19.38004493713379,19.43838875692116,19.166114506719115,19.166114506719115,6500
2025-08-28,19.37032127380371,19.448113654231975,19.136944132518927,19.399494111983053,4600
2025-08-29,19.62571144104004,19.74358440887964,19.409613185782575,19.448902926044266,14400
2025-09-02,19.429258346557617,19.84181090998591,19.321208285758456,19.419435443437038,24900
2025-09-03,19.26227378845215,19.625711856048998,19.25245088479719,19.25245088479719,16300
2025-09-04,19.74358367919922,19.74358367919922,19.448902207254637,19.448902207254637,6100
2025-09-05,19.802518844604492,19.871277291348783,19.399789193507523,19.831987553292258,9400
2025-09-08,19.910568237304688,19.910568237304688,19.665001293697657,19.753405543278355,6700
2025-09-09,19.881099700927734,20.03826239630842,19.645355657856708,19.851630992971188,19400
2025-09-10,19.920392990112305,19.949859827024735,19.792697118400863,19.851632665752998,12900
2025-09-11,20.332944869995117,20.38205751217985,19.92039230565087,20.018617590020334,8500
2025-09-12,20.136491775512695,20.313300295744984,19.95968325528041,20.195427324414354,8900
2025-09-15,20.234716415405273,20.352587498506026,20.136489263803256,20.352587498506026,22400
2025-09-16,20.05790901184082,20.244540422716923,19.900746310111636,20.175781974901305,38100
2025-09-17,20.05790901184082,20.34276570615227,19.94003604878034,20.205248810521034,31400
2025-09-18,20.283830642700195,20.401703608557682,20.1266679372417,20.13649084052376,18300
2025-09-19,20.34276580810547,20.362411614301873,20.126667560526602,20.244540524177836,43500
2025-09-22,20.24454116821289,20.34276645526534,20.205249554570106,20.254364071623588,9200
2025-09-23,20.283830642700195,20.519574700887937,20.254363806381246,20.283830642700195,13300
2025-09-24,20.293651580810547,20.411524535253598,20.156134695232865,20.382055828261073,9700
2025-09-25,20.19542694091797,20.382058361344424,20.19542694091797,20.274008295803746,13400
2025-09-26,20.048086166381836,20.411526086129083,20.028440360227457,20.13649042054935,20800
2025-09-29,19.940034866333008,20.25436212467891,19.85163061766183,20.057907822403607,16100
2025-09-30,19.8614559173584,20.06773314699734,19.615888946638464,20.06773314699734,23400
2025-10-01,19.74358367919922,19.82216503034567,19.64535652188436,19.76322948536763,13700
2025-10-02,19.566776275634766,19.94986014991479,19.399790660828316,19.674826342135205,9300
2025-10-03,19.684648513793945,19.841811219117364,19.635533997425856,19.635533997425856,11900
2025-10-06,19.77305030822754,19.91056907644167,19.62571051055906,19.763229278773192,21900
2025-10-07,19.70429229736328,19.959682159958593,19.66500255809404,19.861455001494672,22900
2025-10-08,19.74358367919922,19.940036120301745,19.66500232805277,19.66500232805277,11800
2025-10-09,19.665000915527344,19.87127624489744,19.56677376526808,19.69446774913618,12700
2025-10-10,19.360498428344727,19.98915112647761,19.350677398546598,19.66500281084942,13300
2025-10-13,19.468547821044922,19.517662335980628,19.311385120305022,19.488193627019204,6600
2025-10-14,19.89092445373535,19.998974519432522,19.340854968738213,19.340854968738213,11900
2025-10-15,19.733760833740234,19.97932779098088,19.733760833740234,19.89092353649207,7200
2025-10-16,19.331029891967773,19.61588656924482,19.232802740879208,19.498015486760206,9500
2025-10-17,19.26227378845215,19.596245018611434,19.213159270177368,19.331032240509536,10500
2025-10-20,19.920392990112305,19.930215893592205,19.331031896009144,19.448902990713414,37700
2025-10-21,20.077556610107422,20.323123587670043,19.890925182572172,20.11684635228322,42800
2025-10-22,20.598155975341797,20.60797887858653,19.989150962386226,20.018617798593198,69400
2025-10-23,20.352588653564453,20.62762431895362,20.274007302528574,20.62762431895362,10600
2025-10-24,20.46063995361328,20.627625568873828,20.332945953015127,20.549044213076353,45300
2025-10-27,20.67673683166504,20.716028443701223,20.46063858604757,20.46063858604757,49900
2025-10-28,21.01070785522461,21.099112108001957,20.588332397183315,20.686559552883388,14000
2025-10-29,20.39188003540039,21.079466380812217,20.30347578229317,20.92230368051653,45200
2025-10-30,20.470460891723633,20.666915199117607,20.323121097941716,20.529396434530977,18700
2025-10-31,20.490108489990234,20.607979585918276,20.283831261825224,20.3722355205349,11200
2025-11-03,20.62762451171875,20.765141408934834,20.431170195529592,20.431170195529592,12700
2025-11-04,20.490108489990234,20.735675458955498,20.450816875662692,20.490108489990234,31000
2025-11-05,20.98124122619629,20.98124122619629,20.490107316396017,20.490107316396017,11900
2025-11-06,20.696382522583008,21.079466370169428,20.598155366566004,20.971418184725177,27700
2025-11-07,20.716028213500977,20.82407827187263,20.716028213500977,20.77496375737317,6900
2025-11-10,20.77496337890625,20.80443208706908,20.77496337890625,20.794609184348136,3500
2025-11-11,20.833898544311523,20.883013057026563,20.666914821661663,20.883013057026563,5000
2025-11-12,20.902660369873047,20.922304302848936,20.784787404381575,20.873191660118373,15700
2025-11-13,20.94194984436035,21.089289644214887,20.77496423825129,20.833899783487663,12400
2025-11-14,21.049999237060547,21.05982213987601,20.647269589262297,20.76514067599356,20100
2025-11-17,20.52939796447754,21.02053189603694,20.450816610369124,20.87319209127457,18800
2025-11-18,20.60797882080078,21.010708485069387,20.14631361075627,20.431170309945838,15000
2025-11-19,20.57851219177246,20.883014700460826,20.56868928845642,20.883014700460826,12800
2025-11-20,20.57851219177246,20.873191797144784,20.53922057850829,20.57851219177246,12300
2025-11-21,21.079465866088867,21.11875747696694,20.431169274817634,20.56868803936377,26300
2025-11-24,21.040176391601562,21.118757740812338,20.93212633386407,21.118757740812338,11400
2025-11-25,21.36432647705078,21.482199447483076,21.059823957597704,21.118759506050196,29300
2025-11-26,21.472375869750977,21.511665609643472,21.305390259771563,21.315213163126497,18500
2025-11-28,21.433082580566406,21.56077844066931,21.3446783308112,21.56077844066931,8400
2025-12-01,21.43308448791504,21.65118179075387,21.244726609046875,21.244726609046875,14000
2025-12-02,21.274465560913086,21.63135376751015,21.274465560913086,21.63135376751015,9100
2025-12-03,21.760231018066406,21.90893380797025,21.6214401087454,21.720575932300815,26600
2025-12-04,21.908933639526367,22.107203394254267,21.849452902193853,21.849452902193853,13500
2025-12-05,21.88910675048828,22.047723315350915,21.67100944651681,21.99815634790332,16500
2025-12-08,21.93867301940918,22.166685978640572,21.68092252785812,22.02789507066091,26300
2025-12-09,22.493833541870117,22.553314280862754,22.156772869480843,22.156772869480843,17900
2025-12-10,23.25717544555664,23.435619556430353,22.573142208352245,22.573142208352245,55300
2025-12-11,23.52484130859375,23.871815754057504,23.158041210622994,23.158041210622994,32400
2025-12-12,23.67354393005371,23.901556895383766,23.495101713636,23.495101713636,27900
2025-12-15,23.63389015197754,24.14939491787959,23.524840557805575,23.92138195816925,67300
2025-12-16,23.51492691040039,23.792506837547524,23.405879206512115,23.683457242800692,49300
2025-12-17,23.505014419555664,23.71319984897278,23.395966709726373,23.544669507390793,28300
2025-12-18,23.52484130859375,23.911470840788724,23.445533025989914,23.663632221294417,26900
2025-12-19,23.068819046020508,23.782593586041727,23.05890527438511,23.495101772049598,55800
2025-12-22,22.900287628173828,23.366223527876063,22.69210221538193,22.98950967781914,25000
2025-12-23,22.73175811767578,23.088646329093738,22.73175811767578,22.761497541388227,16600
2025-12-24,22.880460739135742,22.979596562778728,22.424438597579993,22.424438597579993,12200
2025-12-26,22.880460739135742,23.039077300621095,22.652449668357868,22.920115824936364,14100
2025-12-29,22.811065673828125,23.039076739048276,22.702016081393044,22.811065673828125,30400
2025-12-30,22.751585006713867,22.97959607262831,22.682188608042992,22.97959607262831,22000
2025-12-31,22.761497497558594,22.979596688942294,22.652449792725317,22.70201675938966,12900
2026-01-02,22.543399810791016,22.76149710757942,22.424438336491356,22.70201637042959,20000
2026-01-05,22.820980072021484,23.217521476963853,22.474005633624948,22.474005633624948,21500
2026-01-06,22.820980072021484,22.92011589597172,22.52357260017078,22.70201670510949,41900
2026-01-07,22.751585006713867,22.969682301389614,22.26581967031037,22.900287793577263,22200
2026-01-08,23.237348556518555,23.445532080889667,22.652449286820858,22.652449286820858,21100
2026-01-09,22.95977020263672,23.47527499944931,22.95977020263672,23.23735014496473,28600
2026-01-12,22.84080696105957,23.098557448748885,22.602880234047333,22.731757368750504,18200
2026-01-13,22.84080696105957,23.078731797213294,22.652449090032597,22.652449090032597,24400
2026-01-14,22.989511489868164,23.158041831275376,22.80115360456395,23.00933714290651,30900
2026-01-15,23.445531845092773,23.683456680920553,23.05890422322994,23.05890422322994,27700
2026-01-16,23.346397399902344,23.59423602151854,23.336485518993285,23.356311171670026,23200
2026-01-20,23.306743621826172,23.415793217689583,22.959769182054153,22.959769182054153,12000
2026-01-21,24.268356323242188,24.268356323242188,23.237348685241482,23.26708810839722,34800
2026-01-22,24.25844383239746,24.744207308454058,23.891643727818987,24.28818514798165,28300
2026-01-23,24.06017303466797,24.446800666368514,23.792506878479024,23.792506878479024,23500
2026-01-26,25.0019588470459,25.09118089988072,24.060173242807387,24.060173242807387,31000
2026-01-27,24.982133865356445,25.309280770911556,24.783862211322415,25.061442148798335,13700
2026-01-28,24.843341827392578,25.26962454068167,24.337750834249135,25.00195838710128,67700
2026-01-29,25.51746368408203,25.596771965591387,24.84334234582322,24.84334234582322,20000
2026-01-30,25.874351501464844,26.05279560485251,25.229971487677147,25.229971487677147,39000
2026-02-02,26.558387756347656,26.717004323847075,25.963574682795514,25.963574682795514,42000
2026-02-03,27.173025131225586,27.2721609536968,26.518731350117537,26.55838643544944,76500
2026-02-04,27.252334594726562,28.05533119899004,26.80622621051735,27.410951161226542,57900
2026-02-05,27.401037216186523,27.668703379534577,27.232506878988705,27.401037216186523,30200
2026-02-06,27.708358764648438,28.104900182659964,27.55965407839281,27.668703677417966,61600
2026-02-09,27.480344772338867,27.78766601436471,27.361383296790883,27.539827400971422,44300
2026-02-10,27.282075881958008,27.708358613060263,27.12345931562116,27.559653927618175,31100
2026-02-11,27.1531982421875,27.60922228018901,26.826051343758444,27.45060571676029,39000
2026-02-12,27.063976287841797,27.48034524107899,26.835965213436776,27.4010369590747,42600
2026-02-13,27.52991485595703,27.65879010868501,26.826052179317408,27.24242114400121,40300
2026-02-17,27.71826934814453,27.96610795915809,27.569566559708104,27.658788610941667,40300
2026-02-18,27.56956672668457,28.055330180310175,27.51008598912146,27.76783837303968,29400
2026-02-19,27.648876190185547,27.738098245777415,27.321729283301572,27.420865110721277,23400
2026-02-20,27.609222412109375,27.90662799724462,27.510086586778097,27.64887560772673,19300
2026-02-23,27.044151306152344,27.936369973541428,26.845879650795375,27.738098318184456,56300
2026-02-24,27.27216148376465,27.490258784753472,26.86570630550541,27.143284344789624,34700
2026-02-25,27.520000457763672,27.71827021828353,27.361383893004344,27.420864632074444,68600
2026-02-26,27.520000457763672,27.94628318462634,27.24242052400555,27.698444565832567,46600
2026-02-27,27.010000228881836,27.780000686645508,26.899999618530273,27.270000457763672,40200
2026-03-02,27.209999084472656,27.5,26.600000381469727,26.639999389648438,41900
2026-03-03,26.959999084472656,27.209999084472656,26.5,26.860000610351562,43400
2026-03-04,27.290000915527344,27.440000534057617,26.899999618530273,27.229999542236328,37500
2026-03-05,26.899999618530273,27.280000686645508,26.770000457763672,27.100000381469727,32700
2026-03-06,26.639999389648438,26.739999771118164,26.209999084472656,26.5,42700
2026-03-09,26.670000076293945,27.010000228881836,25.950000762939453,26.440000534057617,49000
2026-03-10,26.809999465942383,27.18000030517578,26.559999465942383,26.579999923706055,33600
2026-03-11,26.68000030517578,27.024999618530273,26.395000457763672,26.690000534057617,26956
