date,close,high,low,open,volume
2021-03-15,9.0600004196167,9.477999687194824,9.010000228881836,9.199999809265137,268600
2021-03-16,8.970000267028809,9.199999809265137,8.710000038146973,9.100000381469727,248800
2021-03-17,9.029999732971191,9.220000267028809,8.6899995803833,8.8100004196167,137900
2021-03-18,8.960000038146973,9.092000007629395,8.859999656677246,8.90999984741211,225800
2021-03-19,8.859999656677246,9.0,8.670000076293945,8.989999771118164,191300
2021-03-22,8.760000228881836,8.949000358581543,8.59000015258789,8.899999618530273,205400
2021-03-23,8.430000305175781,8.779999732971191,8.220000267028809,8.649999618530273,263200
2021-03-24,8.300000190734863,8.920000076293945,8.199999809265137,8.579999923706055,616900
2021-03-25,8.470000267028809,8.800000190734863,8.380000114440918,8.5,460800
2021-03-26,8.40999984741211,8.588000297546387,8.0600004196167,8.520000457763672,391000
2021-03-29,7.900000095367432,8.399999618530273,7.849999904632568,8.399999618530273,328700
2021-03-30,7.659999847412109,8.0600004196167,7.599999904632568,8.0600004196167,402400
2021-03-31,7.619999885559082,7.800000190734863,7.590000152587891,7.800000190734863,214700
2021-04-01,8.0600004196167,8.100000381469727,7.619999885559082,7.690000057220459,518200
2021-04-05,8.119999885559082,8.279999732971191,8.0,8.25,172300
2021-04-06,8.239999771118164,8.369999885559082,8.010000228881836,8.180000305175781,353200
2021-04-07,8.289999961853027,8.390000343322754,8.199999809265137,8.3100004196167,245800
2021-04-08,8.170000076293945,8.390000343322754,8.079999923706055,8.390000343322754,258500
2021-04-09,8.130000114440918,8.260000228881836,7.973999977111816,8.170000076293945,185600
2021-04-12,7.760000228881836,8.039999961853027,7.650000095367432,7.78000020980835,407500
2021-04-13,7.579999923706055,7.869999885559082,7.519999980926514,7.769999980926514,461000
2021-04-14,7.800000190734863,7.880000114440918,7.550000190734863,7.599999904632568,179000
2021-04-15,7.570000171661377,7.809999942779541,7.53000020980835,7.75,128300
2021-04-16,7.460000038146973,7.610000133514404,7.369999885559082,7.579999923706055,185300
2021-04-19,7.360000133514404,7.46999979019165,7.269999980926514,7.389999866485596,209700
2021-04-20,7.139999866485596,7.449999809265137,7.139999866485596,7.320000171661377,268400
2021-04-21,7.570000171661377,7.639999866485596,7.091000080108643,7.099999904632568,169900
2021-04-22,7.53000020980835,7.699999809265137,7.449999809265137,7.539999961853027,122900
2021-04-23,7.829999923706055,7.840000152587891,7.539999961853027,7.579999923706055,143700
2021-04-26,7.860000133514404,7.929999828338623,7.71999979019165,7.849999904632568,157400
2021-04-27,7.849999904632568,8.0,7.820000171661377,7.920000076293945,113800
2021-04-28,8.109999656677246,8.180000305175781,7.789999961853027,7.849999904632568,169200
2021-04-29,7.820000171661377,8.145000457763672,7.629000186920166,8.119999885559082,168300
2021-04-30,7.659999847412109,7.96999979019165,7.599999904632568,7.710000038146973,118800
2021-05-03,7.699999809265137,7.820000171661377,7.519999980926514,7.659999847412109,147500
2021-05-04,7.28000020980835,7.670000076293945,7.269999980926514,7.670000076293945,161500
2021-05-05,7.449999809265137,7.570000171661377,7.313000202178955,7.349999904632568,119000
2021-05-06,7.260000228881836,7.480000019073486,7.159999847412109,7.429999828338623,148400
2021-05-07,7.289999961853027,7.420000076293945,7.190000057220459,7.300000190734863,99400
2021-05-10,7.320000171661377,7.400000095367432,7.139999866485596,7.340000152587891,84500
2021-05-11,7.019999980926514,7.260000228881836,7.0,7.110000133514404,221300
2021-05-12,7.179999828338623,7.349999904632568,7.03000020980835,7.039999961853027,120800
2021-05-13,7.010000228881836,7.28000020980835,6.920000076293945,7.239999771118164,178800
2021-05-14,7.090000152587891,7.239999771118164,7.019999980926514,7.050000190734863,115800
2021-05-17,7.460000038146973,7.5,7.090000152587891,7.099999904632568,150500
2021-05-18,7.650000095367432,7.789999961853027,7.349999904632568,7.489999771118164,119500
2021-05-19,7.480000019073486,7.640999794006348,7.329999923706055,7.599999904632568,119500
2021-05-20,7.869999885559082,7.880000114440918,7.409999847412109,7.489999771118164,104800
2021-05-21,8.039999961853027,8.180000305175781,7.75,7.940000057220459,152200
2021-05-24,7.539999961853027,8.100000381469727,7.53000020980835,8.039999961853027,140000
2021-05-25,7.369999885559082,7.570000171661377,7.309999942779541,7.53000020980835,112000
2021-05-26,7.440000057220459,7.559999942779541,7.260000228881836,7.340000152587891,121600
2021-05-27,7.53000020980835,7.710000038146973,7.409999847412109,7.53000020980835,158100
2021-05-28,8.15999984741211,8.529999732971191,8.010000228881836,8.34000015258789,574800
2021-06-01,8.630000114440918,8.630000114440918,8.199999809265137,8.420000076293945,308500
2021-06-02,8.109999656677246,8.710000038146973,8.069999694824219,8.680000305175781,223500
2021-06-03,8.5,8.550000190734863,8.050000190734863,8.109999656677246,200000
2021-06-04,8.300000190734863,8.609999656677246,8.260000228881836,8.609999656677246,243900
2021-06-07,8.510000228881836,8.579999923706055,8.270000457763672,8.40999984741211,206500
2021-06-08,8.510000228881836,8.65999984741211,8.420000076293945,8.569999694824219,104300
2021-06-09,8.430000305175781,8.729999542236328,8.420000076293945,8.5,135600
2021-06-10,8.479999542236328,8.5,8.399999618530273,8.460000038146973,86400
2021-06-11,8.510000228881836,8.520000457763672,8.399999618530273,8.449999809265137,112300
2021-06-14,8.550000190734863,8.640000343322754,8.460000038146973,8.510000228881836,187000
2021-06-15,8.420000076293945,8.800000190734863,8.319999694824219,8.5,421600
2021-06-16,8.260000228881836,8.539999961853027,8.135000228881836,8.460000038146973,270700
2021-06-17,8.430000305175781,8.664999961853027,8.300000190734863,8.539999961853027,325100
2021-06-18,8.029999732971191,8.4399995803833,8.020000457763672,8.279999732971191,385100
2021-06-21,7.75,8.199999809265137,7.690000057220459,8.149999618530273,293700
2021-06-22,7.699999809265137,7.980000019073486,7.650000095367432,7.760000228881836,236600
2021-06-23,7.78000020980835,7.955999851226807,7.730000019073486,7.800000190734863,201300
2021-06-24,7.840000152587891,7.929999828338623,7.769999980926514,7.849999904632568,131400
2021-06-25,8.40999984741211,8.470000267028809,7.840000152587891,7.840000152587891,283800
2021-06-28,8.220000267028809,8.517000198364258,8.130000114440918,8.430000305175781,175100
2021-06-29,7.980000019073486,8.272000312805176,7.949999809265137,8.180000305175781,135400
2021-06-30,7.909999847412109,8.0,7.78000020980835,7.889999866485596,115800
2021-07-01,7.739999771118164,8.0,7.670000076293945,8.0,202200
2021-07-02,7.670000076293945,7.802000045776367,7.605000019073486,7.730000019073486,105300
2021-07-06,7.460000038146973,7.659999847412109,7.420000076293945,7.650000095367432,143100
2021-07-07,7.199999809265137,7.510000228881836,7.159999847412109,7.5,156800
2021-07-08,7.210000038146973,7.289999961853027,7.050000190734863,7.050000190734863,124000
2021-07-09,7.260000228881836,7.389999866485596,7.150000095367432,7.239999771118164,129100
2021-07-12,7.239999771118164,7.360000133514404,7.170000076293945,7.360000133514404,231100
2021-07-13,6.980000019073486,7.296000003814697,6.949999809265137,7.159999847412109,189900
2021-07-14,6.78000020980835,7.079999923706055,6.763000011444092,6.960000038146973,127100
2021-07-15,6.840000152587891,6.880000114440918,6.619999885559082,6.78000020980835,182600
2021-07-16,7.179999828338623,7.379000186920166,6.841000080108643,6.949999809265137,163300
2021-07-19,7.070000171661377,7.164999961853027,6.800000190734863,7.159999847412109,149400
2021-07-20,7.019999980926514,7.119999885559082,6.980000019073486,7.010000228881836,95100
2021-07-21,7.21999979019165,7.239999771118164,6.949999809265137,7.0,109300
2021-07-22,7.309999942779541,7.579999923706055,7.139999866485596,7.579999923706055,155800
2021-07-23,7.070000171661377,7.300000190734863,6.949999809265137,7.25,109900
2021-07-26,6.880000114440918,7.110000133514404,6.760000228881836,7.050000190734863,182100
2021-07-27,6.760000228881836,6.900000095367432,6.650000095367432,6.809999942779541,92700
2021-07-28,6.96999979019165,6.96999979019165,6.699999809265137,6.71999979019165,94500
2021-07-29,6.769999980926514,7.070000171661377,6.760000228881836,7.010000228881836,113500
2021-07-30,6.659999847412109,6.85699987411499,6.619999885559082,6.800000190734863,85500
2021-08-02,6.909999847412109,6.909999847412109,6.650000095367432,6.659999847412109,79900
2021-08-03,6.909999847412109,7.0,6.710000038146973,6.96999979019165,100000
2021-08-04,6.639999866485596,6.929999828338623,6.559999942779541,6.909999847412109,168900
2021-08-05,6.940000057220459,6.940000057220459,6.617000102996826,6.699999809265137,140000
2021-08-06,6.920000076293945,6.949999809265137,6.760000228881836,6.949999809265137,62200
2021-08-09,6.929999828338623,7.03000020980835,6.869999885559082,6.909999847412109,42200
2021-08-10,6.809999942779541,6.960000038146973,6.760000228881836,6.889999866485596,88200
2021-08-11,6.489999771118164,6.86299991607666,6.400000095367432,6.820000171661377,329600
2021-08-12,6.400000095367432,6.480000019073486,6.300000190734863,6.429999828338623,142900
2021-08-13,6.320000171661377,6.550000190734863,6.260000228881836,6.420000076293945,168600
2021-08-16,6.039999961853027,6.418000221252441,6.010000228881836,6.320000171661377,239800
2021-08-17,6.429999828338623,6.46999979019165,6.039999961853027,6.079999923706055,171300
2021-08-18,6.199999809265137,6.539000034332275,6.199999809265137,6.449999809265137,72400
2021-08-19,6.039999961853027,6.190000057220459,6.019999980926514,6.130000114440918,119500
2021-08-20,6.03000020980835,6.192999839782715,6.019999980926514,6.050000190734863,187600
2021-08-23,6.159999847412109,6.28000020980835,6.079999923706055,6.099999904632568,151500
2021-08-24,6.170000076293945,6.21999979019165,6.059999942779541,6.110000133514404,144400
2021-08-25,6.119999885559082,6.199999809265137,6.074999809265137,6.199999809265137,180300
2021-08-26,6.070000171661377,6.210000038146973,6.0,6.119999885559082,143500
2021-08-27,6.059999942779541,6.150000095367432,6.010000228881836,6.150000095367432,182900
2021-08-30,6.0,6.239999771118164,5.929999828338623,6.170000076293945,245100
2021-08-31,6.079999923706055,6.079999923706055,5.909999847412109,6.0,367600
2021-09-01,6.070000171661377,6.400000095367432,6.03000020980835,6.090000152587891,311100
2021-09-02,6.46999979019165,6.480000019073486,6.059999942779541,6.059999942779541,179200
2021-09-03,6.349999904632568,6.539999961853027,6.28000020980835,6.539999961853027,112100
2021-09-07,6.130000114440918,6.340000152587891,6.03000020980835,6.28000020980835,232800
2021-09-08,6.090000152587891,6.150000095367432,5.980000019073486,6.099999904632568,118500
2021-09-09,6.119999885559082,6.199999809265137,5.980000019073486,6.119999885559082,126700
2021-09-10,6.019999980926514,6.164999961853027,6.0,6.110000133514404,183000
2021-09-13,5.920000076293945,6.150000095367432,5.880000114440918,6.070000171661377,199200
2021-09-14,5.760000228881836,6.070000171661377,5.699999809265137,5.909999847412109,230900
2021-09-15,6.829999923706055,6.980000019073486,6.010000228881836,6.159999847412109,1036700
2021-09-16,6.679999828338623,7.099999904632568,6.510000228881836,6.980000019073486,371000
2021-09-17,7.829999923706055,7.849999904632568,6.619999885559082,6.78000020980835,775400
2021-09-20,7.400000095367432,7.798999786376953,7.25,7.5,466900
2021-09-21,8.100000381469727,8.289999961853027,7.440000057220459,7.449999809265137,531800
2021-09-22,8.239999771118164,8.569999694824219,8.0,8.380000114440918,450700
2021-09-23,8.930000305175781,8.970000267028809,8.25,8.25,506400
2021-09-24,9.670000076293945,10.300000190734863,8.710000038146973,8.979999542236328,1113700
2021-09-27,9.65999984741211,10.25,9.413999557495117,10.0,518600
2021-09-28,9.25,9.680000305175781,9.109999656677246,9.550000190734863,332200
2021-09-29,8.75,9.479999542236328,8.619999885559082,9.25,344900
2021-09-30,8.859999656677246,8.949999809265137,8.350000381469727,8.699999809265137,303800
2021-10-01,8.579999923706055,8.949999809265137,8.5600004196167,8.819999694824219,135900
2021-10-04,8.470000267028809,8.729999542236328,8.3100004196167,8.729999542236328,164100
2021-10-05,8.34000015258789,8.84000015258789,8.300000190734863,8.510000228881836,178300
2021-10-06,8.149999618530273,8.399999618530273,8.010000228881836,8.300000190734863,163500
2021-10-07,7.849999904632568,8.157999992370605,7.686999797821045,8.079999923706055,339300
2021-10-08,8.010000228881836,8.072999954223633,7.519999980926514,7.860000133514404,240500
2021-10-11,8.029999732971191,8.253999710083008,7.841000080108643,7.949999809265137,84500
2021-10-12,8.069999694824219,8.149999618530273,7.96999979019165,8.0,94200
2021-10-13,8.489999771118164,8.529999732971191,8.029999732971191,8.1899995803833,131700
2021-10-14,8.199999809265137,8.720000267028809,8.180000305175781,8.600000381469727,109400
2021-10-15,8.039999961853027,8.329999923706055,7.934999942779541,8.260000228881836,95200
2021-10-18,7.800000190734863,8.199999809265137,7.710000038146973,7.909999847412109,132500
2021-10-19,7.849999904632568,8.010000228881836,7.699999809265137,7.78000020980835,100300
2021-10-20,7.96999979019165,8.0600004196167,7.710000038146973,7.78000020980835,66100
2021-10-21,7.869999885559082,7.960000038146973,7.710000038146973,7.889999866485596,90400
2021-10-22,8.25,8.350000381469727,7.5,7.800000190734863,255700
2021-10-25,7.739999771118164,8.300000190734863,7.650000095367432,8.300000190734863,164000
2021-10-26,8.0,8.0,7.53000020980835,7.800000190734863,214400
2021-10-27,7.849999904632568,7.980000019073486,7.710000038146973,7.980000019073486,69400
2021-10-28,8.140000343322754,8.170000076293945,7.728000164031982,7.840000152587891,123600
2021-10-29,7.849999904632568,8.180000305175781,7.829999923706055,8.140000343322754,76400
2021-11-01,8.319999694824219,8.369999885559082,7.840000152587891,7.880000114440918,129000
2021-11-02,8.5,8.520000457763672,8.100000381469727,8.210000038146973,143700
2021-11-03,8.800000190734863,9.100000381469727,8.460000038146973,8.460000038146973,168700
2021-11-04,8.40999984741211,9.210000038146973,8.319999694824219,9.140000343322754,229000
2021-11-05,8.279999732971191,8.600000381469727,8.010000228881836,8.399999618530273,119300
2021-11-08,8.220000267028809,8.529999732971191,8.180000305175781,8.260000228881836,71200
2021-11-09,8.079999923706055,8.40999984741211,8.010000228881836,8.300000190734863,79200
2021-11-10,7.710000038146973,8.218000411987305,7.699999809265137,7.989999771118164,115500
2021-11-11,7.840000152587891,8.0,7.685999870300293,7.699999809265137,79700
2021-11-12,7.96999979019165,8.220000267028809,7.75,8.0,79100
2021-11-15,8.09000015258789,8.25,7.702000141143799,7.869999885559082,317600
2021-11-16,7.989999771118164,8.239999771118164,7.789999961853027,8.1899995803833,138400
2021-11-17,7.78000020980835,8.0,7.699999809265137,8.0,92000
2021-11-18,7.739999771118164,7.880000114440918,7.550000190734863,7.760000228881836,115400
2021-11-19,7.619999885559082,7.910999774932861,7.550000190734863,7.739999771118164,114400
2021-11-22,7.420000076293945,7.670000076293945,7.380000114440918,7.590000152587891,138000
2021-11-23,7.320000171661377,7.550000190734863,7.050000190734863,7.5,163900
2021-11-24,7.400000095367432,7.480000019073486,7.199999809265137,7.25,98200
2021-11-26,7.289999961853027,7.389999866485596,7.199999809265137,7.289999961853027,61600
2021-11-29,6.989999771118164,7.380000114440918,6.989999771118164,7.340000152587891,104800
2021-11-30,7.170000076293945,7.239999771118164,6.559999942779541,6.929999828338623,174400
2021-12-01,6.860000133514404,7.3460001945495605,6.690000057220459,7.239999771118164,90000
2021-12-02,6.800000190734863,6.949999809265137,6.5,6.889999866485596,149800
2021-12-03,6.349999904632568,6.690000057220459,6.099999904632568,6.679999828338623,237400
2021-12-06,6.53000020980835,6.699999809265137,6.258999824523926,6.380000114440918,110400
2021-12-07,7.050000190734863,7.210000038146973,6.559999942779541,6.559999942779541,85900
2021-12-08,7.369999885559082,7.5,6.885000228881836,7.050000190734863,96200
2021-12-09,6.829999923706055,7.427000045776367,6.829999923706055,7.28000020980835,118200
2021-12-10,6.849999904632568,7.050000190734863,6.739999771118164,6.889999866485596,58700
2021-12-13,6.869999885559082,7.380000114440918,6.534999847412109,7.050000190734863,192500
2021-12-14,6.380000114440918,7.019999980926514,6.269999980926514,6.880000114440918,205800
2021-12-15,6.820000171661377,6.960000038146973,6.099999904632568,6.420000076293945,305800
2021-12-16,6.840000152587891,6.980000019073486,6.579999923706055,6.980000019073486,134200
2021-12-17,7.0,7.170000076293945,6.559999942779541,6.679999828338623,158600
2021-12-20,6.760000228881836,7.061999797821045,6.75,7.03000020980835,41900
2021-12-21,6.420000076293945,6.90500020980835,6.349999904632568,6.769999980926514,213600
2021-12-22,6.610000133514404,6.806000232696533,6.239999771118164,6.429999828338623,104500
2021-12-23,6.659999847412109,6.820000171661377,6.570000171661377,6.639999866485596,95700
2021-12-27,6.389999866485596,6.840000152587891,6.349999904632568,6.739999771118164,103800
2021-12-28,6.099999904632568,6.480000019073486,5.880000114440918,6.389999866485596,209100
2021-12-29,6.050000190734863,6.329999923706055,5.920000076293945,6.050000190734863,113600
2021-12-30,6.090000152587891,6.360000133514404,6.0,6.0,119300
2021-12-31,6.010000228881836,6.256999969482422,5.929999828338623,6.03000020980835,159300
2022-01-03,6.400000095367432,6.460000038146973,5.949999809265137,6.019999980926514,84600
2022-01-04,6.309999942779541,6.479000091552734,6.081999778747559,6.449999809265137,62800
2022-01-05,5.840000152587891,6.394999980926514,5.670000076293945,6.309999942779541,202200
2022-01-06,5.929999828338623,6.189000129699707,5.829999923706055,5.920000076293945,115000
2022-01-07,6.150000095367432,6.179999828338623,5.880000114440918,5.929999828338623,46100
2022-01-10,6.050000190734863,6.110000133514404,5.840000152587891,6.110000133514404,124500
2022-01-11,6.0,6.150000095367432,6.0,6.010000228881836,120600
2022-01-12,5.860000133514404,6.110000133514404,5.860000133514404,6.050000190734863,81800
2022-01-13,5.699999809265137,5.954999923706055,5.650000095367432,5.880000114440918,91500
2022-01-14,5.809999942779541,5.829999923706055,5.570000171661377,5.690000057220459,75400
2022-01-18,5.550000190734863,5.769999980926514,5.46999979019165,5.760000228881836,97200
2022-01-19,5.5,5.699999809265137,5.349999904632568,5.599999904632568,170700
2022-01-20,5.309999942779541,5.650000095367432,5.309999942779541,5.480000019073486,78500
2022-01-21,5.349999904632568,5.659999847412109,5.210000038146973,5.25,116900
2022-01-24,5.420000076293945,5.5,4.909999847412109,5.25,300500
2022-01-25,5.519999980926514,5.690000057220459,5.269999980926514,5.269999980926514,66100
2022-01-26,5.369999885559082,5.730000019073486,5.28000020980835,5.610000133514404,48300
2022-01-27,5.099999904632568,5.480000019073486,4.989999771118164,5.360000133514404,89600
2022-01-28,5.230000019073486,5.307000160217285,4.949999809265137,5.179999828338623,70800
2022-01-31,5.409999847412109,5.534999847412109,5.059999942779541,5.179999828338623,82700
2022-02-01,5.420000076293945,5.630000114440918,5.340000152587891,5.440000057220459,79300
2022-02-02,5.199999809265137,5.489999771118164,5.0,5.420000076293945,121200
2022-02-03,4.949999809265137,5.170000076293945,4.909999847412109,5.059999942779541,79800
2022-02-04,5.159999847412109,5.269999980926514,4.869999885559082,4.869999885559082,99600
2022-02-07,5.329999923706055,5.360000133514404,5.159999847412109,5.239999771118164,46200
2022-02-08,5.150000095367432,5.360000133514404,5.114999771118164,5.300000190734863,53800
2022-02-09,5.369999885559082,5.400000095367432,5.150000095367432,5.25,52400
2022-02-10,5.159999847412109,5.480000019073486,5.159999847412109,5.21999979019165,55200
2022-02-11,5.059999942779541,5.265999794006348,4.960000038146973,5.199999809265137,65300
2022-02-14,5.03000020980835,5.172999858856201,4.949999809265137,5.059999942779541,51000
2022-02-15,5.199999809265137,5.329999923706055,5.03000020980835,5.059999942779541,77600
2022-02-16,5.320000171661377,5.389999866485596,5.070000171661377,5.170000076293945,108400
2022-02-17,5.079999923706055,5.340000152587891,5.059999942779541,5.300000190734863,38500
2022-02-18,5.079999923706055,5.199999809265137,5.0,5.050000190734863,95000
2022-02-22,5.03000020980835,5.190000057220459,4.929999828338623,5.019999980926514,98000
2022-02-23,4.760000228881836,5.135000228881836,4.75,5.03000020980835,116300
2022-02-24,5.031000137329102,5.050000190734863,4.53000020980835,4.539999961853027,136700
2022-02-25,5.050000190734863,5.130000114440918,4.894999980926514,4.989999771118164,99400
2022-02-28,5.400000095367432,5.489999771118164,5.000999927520752,5.110000133514404,186200
2022-03-01,5.329999923706055,5.489999771118164,5.230000019073486,5.329999923706055,85100
2022-03-02,5.260000228881836,5.389999866485596,5.25,5.320000171661377,51700
2022-03-03,5.079999923706055,5.340000152587891,5.039999961853027,5.239999771118164,53200
2022-03-04,4.96999979019165,5.239999771118164,4.949999809265137,5.039999961853027,84300
2022-03-07,4.869999885559082,5.074999809265137,4.795000076293945,4.989999771118164,190700
2022-03-08,4.800000190734863,5.059999942779541,4.71999979019165,4.880000114440918,59100
2022-03-09,5.039999961853027,5.090000152587891,4.920000076293945,5.0,116900
2022-03-10,4.960000038146973,5.099999904632568,4.860000133514404,5.099999904632568,43400
2022-03-11,4.800000190734863,5.054999828338623,4.789999961853027,4.940000057220459,64700
2022-03-14,4.570000171661377,4.820000171661377,4.409999847412109,4.800000190734863,259500
2022-03-15,4.630000114440918,4.755000114440918,4.409999847412109,4.579999923706055,105900
2022-03-16,4.809999942779541,4.900000095367432,4.699999809265137,4.789999961853027,73200
2022-03-17,5.239999771118164,5.28000020980835,4.840000152587891,4.840000152587891,104700
2022-03-18,5.090000152587891,5.300000190734863,4.949999809265137,5.179999828338623,100200
2022-03-21,5.050000190734863,5.099999904632568,4.958000183105469,5.099999904632568,37200
2022-03-22,5.170000076293945,5.28000020980835,5.0279998779296875,5.059999942779541,69100
2022-03-23,4.909999847412109,5.179999828338623,4.900000095367432,5.179999828338623,146400
2022-03-24,5.050000190734863,5.099999904632568,4.929999828338623,4.929999828338623,31000
2022-03-25,5.090000152587891,5.139999866485596,4.998000144958496,5.119999885559082,45800
2022-03-28,4.940000057220459,5.150000095367432,4.840000152587891,5.059999942779541,76300
2022-03-29,5.03000020980835,5.179999828338623,4.989999771118164,5.0,73900
2022-03-30,5.099999904632568,5.239999771118164,5.019999980926514,5.079999923706055,53100
2022-03-31,5.110000133514404,5.369999885559082,5.079999923706055,5.079999923706055,84900
2022-04-01,5.130000114440918,5.245999813079834,5.019999980926514,5.110000133514404,39200
2022-04-04,5.300000190734863,5.389999866485596,5.170000076293945,5.170000076293945,54600
2022-04-05,5.139999866485596,5.349999904632568,5.130000114440918,5.260000228881836,41000
2022-04-06,5.239999771118164,5.329999923706055,5.050000190734863,5.079999923706055,91800
2022-04-07,5.150000095367432,5.349999904632568,5.074999809265137,5.239999771118164,75700
2022-04-08,5.199999809265137,5.265999794006348,5.090000152587891,5.099999904632568,41100
2022-04-11,5.289999961853027,5.489999771118164,5.090000152587891,5.400000095367432,110000
2022-04-12,6.559999942779541,7.489999771118164,5.769999980926514,6.590000152587891,33361100
2022-04-13,6.96999979019165,7.28000020980835,6.190000057220459,6.429999828338623,4048900
2022-04-14,6.800000190734863,7.340000152587891,6.5,7.0,2278900
2022-04-18,6.619999885559082,6.760000228881836,6.400000095367432,6.650000095367432,698600
2022-04-19,7.050000190734863,7.46999979019165,6.670000076293945,6.710000038146973,2229100
2022-04-20,7.110000133514404,7.309999942779541,6.710000038146973,7.019999980926514,855800
2022-04-21,6.579999923706055,7.239999771118164,6.449999809265137,7.110000133514404,1562900
2022-04-22,6.860000133514404,6.940000057220459,6.420000076293945,6.610000133514404,449200
2022-04-25,6.949999809265137,7.03000020980835,6.679999828338623,6.809999942779541,441600
2022-04-26,6.28000020980835,6.909999847412109,6.21999979019165,6.860000133514404,487600
2022-04-27,6.130000114440918,6.425000190734863,6.03000020980835,6.260000228881836,418800
2022-04-28,5.909999847412109,6.230000019073486,5.610000133514404,6.130000114440918,560800
2022-04-29,5.980000019073486,6.329999923706055,5.900000095367432,5.929999828338623,302200
2022-05-02,6.050000190734863,6.190000057220459,5.811999797821045,5.900000095367432,275100
2022-05-03,6.400000095367432,6.440000057220459,5.869999885559082,6.039999961853027,248100
2022-05-04,6.289999961853027,6.400000095367432,5.980000019073486,6.400000095367432,178100
2022-05-05,6.010000228881836,6.1620001792907715,5.869999885559082,6.130000114440918,244700
2022-05-06,5.71999979019165,6.099999904632568,5.699999809265137,5.989999771118164,260700
2022-05-09,5.519999980926514,5.815000057220459,5.429999828338623,5.670000076293945,420700
2022-05-10,5.380000114440918,5.730000019073486,5.210000038146973,5.590000152587891,451800
2022-05-11,5.150000095367432,5.449999809265137,5.090000152587891,5.349999904632568,350400
2022-05-12,5.510000228881836,5.550000190734863,5.139999866485596,5.21999979019165,467600
2022-05-13,5.75,5.829999923706055,5.320000171661377,5.630000114440918,548600
2022-05-16,5.739999771118164,6.0,5.380000114440918,5.409999847412109,238900
2022-05-17,6.199999809265137,6.269999980926514,5.769999980926514,5.880000114440918,261000
2022-05-18,6.03000020980835,6.241000175476074,5.900000095367432,6.170000076293945,132200
2022-05-19,6.079999923706055,6.340000152587891,5.920000076293945,5.920000076293945,202700
2022-05-20,6.050000190734863,6.179999828338623,5.769999980926514,6.119999885559082,229000
2022-05-23,5.920000076293945,6.110000133514404,5.835999965667725,6.110000133514404,117600
2022-05-24,5.570000171661377,5.889999866485596,5.519000053405762,5.820000171661377,179000
2022-05-25,5.559999942779541,5.63700008392334,5.409999847412109,5.570000171661377,140400
2022-05-26,5.5,5.743000030517578,5.449999809265137,5.550000190734863,192200
2022-05-27,5.630000114440918,5.630000114440918,5.320000171661377,5.5,219700
2022-05-31,5.519999980926514,5.630000114440918,5.394999980926514,5.630000114440918,140600
2022-06-01,5.5,5.769999980926514,5.449999809265137,5.769999980926514,145300
2022-06-02,5.440000057220459,5.559999942779541,5.369999885559082,5.440000057220459,114100
2022-06-03,5.360000133514404,5.46999979019165,5.300000190734863,5.420000076293945,188700
2022-06-06,5.199999809265137,5.5,5.1579999923706055,5.480000019073486,125500
2022-06-07,5.289999961853027,5.360000133514404,5.099999904632568,5.150000095367432,423600
2022-06-08,5.400000095367432,5.5,5.300000190734863,5.300000190734863,126200
2022-06-09,5.199999809265137,5.400000095367432,5.139999866485596,5.400000095367432,87500
2022-06-10,5.079999923706055,5.25,5.010000228881836,5.25,137900
2022-06-13,4.789999961853027,5.010000228881836,4.71999979019165,4.949999809265137,218900
2022-06-14,4.710000038146973,4.800000190734863,4.670000076293945,4.739999771118164,123200
2022-06-15,5.070000171661377,5.090000152587891,4.760000228881836,4.820000171661377,167700
2022-06-16,5.170000076293945,5.179999828338623,4.849999904632568,5.019999980926514,121500
2022-06-17,5.159999847412109,5.396999835968018,5.059999942779541,5.210000038146973,199800
2022-06-21,5.300000190734863,5.369999885559082,5.199999809265137,5.329999923706055,172300
2022-06-22,5.210000038146973,5.369999885559082,5.114999771118164,5.199999809265137,176800
2022-06-23,5.210000038146973,5.289999961853027,5.170000076293945,5.199999809265137,124700
2022-06-24,5.110000133514404,5.289999961853027,5.093999862670898,5.210000038146973,221200
2022-06-27,5.159999847412109,5.190000057220459,5.0,5.119999885559082,117900
2022-06-28,5.03000020980835,5.179999828338623,5.0,5.150000095367432,155000
2022-06-29,4.96999979019165,5.050000190734863,4.889999866485596,5.050000190734863,121700
2022-06-30,4.809999942779541,5.014999866485596,4.800000190734863,4.869999885559082,122700
2022-07-01,4.960000038146973,5.059999942779541,4.78000020980835,4.78000020980835,134300
2022-07-05,4.96999979019165,5.090000152587891,4.89900016784668,4.989999771118164,160600
2022-07-06,4.96999979019165,5.090000152587891,4.920000076293945,4.940000057220459,113800
2022-07-07,5.170000076293945,5.25,4.980000019073486,4.989999771118164,162300
2022-07-08,5.21999979019165,5.21999979019165,5.085000038146973,5.110000133514404,98700
2022-07-11,5.03000020980835,5.25,5.0,5.25,71400
2022-07-12,5.179999828338623,5.210000038146973,4.920000076293945,5.070000171661377,46900
2022-07-13,5.110000133514404,5.25,5.099999904632568,5.099999904632568,61700
2022-07-14,5.070000171661377,5.110000133514404,5.004000186920166,5.070000171661377,32800
2022-07-15,5.050000190734863,5.110000133514404,4.96999979019165,5.110000133514404,122000
2022-07-18,4.989999771118164,5.110000133514404,4.909999847412109,5.110000133514404,116000
2022-07-19,4.929999828338623,5.25,4.918000221252441,5.019999980926514,107100
2022-07-20,5.119999885559082,5.179999828338623,4.929999828338623,5.050000190734863,95200
2022-07-21,5.099999904632568,5.179999828338623,5.019999980926514,5.179999828338623,57000
2022-07-22,4.840000152587891,5.070000171661377,4.840000152587891,5.070000171661377,121200
2022-07-25,4.889999866485596,4.960000038146973,4.820000171661377,4.940000057220459,86400
2022-07-26,4.849999904632568,4.909999847412109,4.730000019073486,4.860000133514404,99500
2022-07-27,4.900000095367432,4.940000057220459,4.769999980926514,4.849999904632568,48400
2022-07-28,4.880000114440918,4.960000038146973,4.820000171661377,4.889999866485596,72900
2022-07-29,4.929999828338623,4.9770002365112305,4.829999923706055,4.840000152587891,81600
2022-08-01,4.809999942779541,5.090000152587891,4.800000190734863,4.949999809265137,91500
2022-08-02,4.980000019073486,5.0,4.820000171661377,4.820000171661377,68100
2022-08-03,5.099999904632568,5.289999961853027,5.0,5.0,132600
2022-08-04,5.570000171661377,5.692999839782715,5.199999809265137,5.25,204900
2022-08-05,5.730000019073486,5.739999771118164,5.5,5.579999923706055,103600
2022-08-08,5.46999979019165,5.699999809265137,5.300000190734863,5.699999809265137,140500
2022-08-09,5.409999847412109,5.550000190734863,5.388999938964844,5.400000095367432,47000
2022-08-10,5.650000095367432,5.715000152587891,5.420000076293945,5.46999979019165,67500
2022-08-11,5.699999809265137,5.849999904632568,5.559999942779541,5.650000095367432,70300
2022-08-12,5.909999847412109,5.909999847412109,5.590000152587891,5.820000171661377,124300
2022-08-15,6.019999980926514,6.199999809265137,5.760000228881836,5.96999979019165,141100
2022-08-16,5.920000076293945,6.079999923706055,5.800000190734863,6.03000020980835,106900
2022-08-17,5.849999904632568,5.980000019073486,5.699999809265137,5.889999866485596,51800
2022-08-18,5.829999923706055,5.909999847412109,5.800000190734863,5.809999942779541,42800
2022-08-19,5.880000114440918,5.960000038146973,5.800000190734863,5.869999885559082,79100
2022-08-22,5.699999809265137,5.949999809265137,5.659999847412109,5.909999847412109,94700
2022-08-23,5.909999847412109,5.935999870300293,5.60699987411499,5.75,47000
2022-08-24,6.179999828338623,6.25,5.90500020980835,5.949999809265137,150800
2022-08-25,6.480000019073486,6.739999771118164,6.25,6.489999771118164,286300
2022-08-26,6.670000076293945,6.789999961853027,6.420000076293945,6.429999828338623,159100
2022-08-29,6.840000152587891,6.989999771118164,6.5,6.550000190734863,240000
2022-08-30,6.730000019073486,7.050000190734863,6.650000095367432,6.849999904632568,172800
2022-08-31,7.03000020980835,7.090000152587891,6.675000190734863,6.730000019073486,212000
2022-09-01,7.449999809265137,7.51200008392334,6.923999786376953,7.039999961853027,319000
2022-09-02,7.960000038146973,8.119999885559082,7.409999847412109,7.449999809265137,479600
2022-09-06,7.190000057220459,7.929999828338623,7.159999847412109,7.929999828338623,340800
2022-09-07,7.510000228881836,7.559999942779541,7.144999980926514,7.25,113100
2022-09-08,8.180000305175781,8.420000076293945,7.619999885559082,7.809999942779541,362500
2022-09-09,8.479999542236328,8.630000114440918,8.210000038146973,8.3100004196167,165800
2022-09-12,8.460000038146973,8.529999732971191,8.210000038146973,8.529999732971191,175700
2022-09-13,8.25,8.404000282287598,8.0600004196167,8.270000457763672,148700
2022-09-14,8.149999618530273,8.550000190734863,8.130000114440918,8.199999809265137,153800
2022-09-15,8.100000381469727,8.449999809265137,8.100000381469727,8.149999618530273,109500
2022-09-16,7.980000019073486,8.079999923706055,7.510000228881836,8.069999694824219,262600
2022-09-19,7.650000095367432,8.029999732971191,7.639999866485596,8.029999732971191,91600
2022-09-20,7.659999847412109,7.71999979019165,7.534999847412109,7.710000038146973,105900
2022-09-21,7.909999847412109,8.267999649047852,7.690000057220459,7.809999942779541,277100
2022-09-22,7.400000095367432,7.949999809265137,7.119999885559082,7.800000190734863,224400
2022-09-23,7.300000190734863,7.343999862670898,7.079999923706055,7.289999961853027,129200
2022-09-26,7.300000190734863,7.699999809265137,7.099999904632568,7.099999904632568,84800
2022-09-27,7.440000057220459,7.539000034332275,7.170000076293945,7.349999904632568,101800
2022-09-28,7.340000152587891,7.560999870300293,7.300000190734863,7.510000228881836,78600
2022-09-29,7.199999809265137,7.340000152587891,7.050000190734863,7.269999980926514,113100
2022-09-30,7.380000114440918,7.630000114440918,7.110000133514404,7.190000057220459,134700
2022-10-03,7.389999866485596,7.519999980926514,6.78000020980835,7.460000038146973,142200
2022-10-04,7.889999866485596,7.940000057220459,7.389999866485596,7.46999979019165,171300
2022-10-05,7.940000057220459,8.029999732971191,7.568999767303467,7.889999866485596,144300
2022-10-06,7.869999885559082,8.100000381469727,7.789999961853027,7.96999979019165,62900
2022-10-07,7.699999809265137,7.965000152587891,7.699999809265137,7.900000095367432,88000
2022-10-10,7.889999866485596,8.0,7.610000133514404,7.639999866485596,114000
2022-10-11,7.760000228881836,8.050000190734863,7.610000133514404,7.989999771118164,145900
2022-10-12,7.630000114440918,7.730000019073486,7.53000020980835,7.639999866485596,81300
2022-10-13,7.699999809265137,7.739999771118164,7.300000190734863,7.519999980926514,100700
2022-10-14,7.389999866485596,7.800000190734863,7.210000038146973,7.699999809265137,118900
2022-10-17,7.309999942779541,7.5,7.079999923706055,7.360000133514404,99500
2022-10-18,7.389999866485596,7.570000171661377,7.329999923706055,7.389999866485596,132700
2022-10-19,7.050000190734863,7.449999809265137,7.0,7.360000133514404,114500
2022-10-20,7.079999923706055,7.264999866485596,6.949999809265137,7.050000190734863,83900
2022-10-21,7.210000038146973,7.289999961853027,7.008999824523926,7.050000190734863,64800
2022-10-24,7.289999961853027,7.53000020980835,7.105000019073486,7.289999961853027,87600
2022-10-25,7.920000076293945,8.029999732971191,7.429999828338623,7.449999809265137,412000
2022-10-26,8.6899995803833,8.760000228881836,7.949999809265137,7.96999979019165,449900
2022-10-27,8.979999542236328,9.079999923706055,8.510000228881836,9.079999923706055,270400
2022-10-28,9.729999542236328,10.048999786376953,8.760000228881836,9.050000190734863,501900
2022-10-31,13.539999961853027,13.890000343322754,10.010000228881836,10.319999694824219,8647500
2022-11-01,13.25,14.300000190734863,12.550000190734863,13.09000015258789,3288100
2022-11-02,14.40999984741211,14.789999961853027,12.670000076293945,13.100000381469727,2350500
2022-11-03,12.760000228881836,15.119999885559082,12.600000381469727,14.470000267028809,1860900
2022-11-04,10.899999618530273,12.680000305175781,10.520000457763672,12.630000114440918,1276200
2022-11-07,12.180000305175781,12.449999809265137,10.609999656677246,10.899999618530273,687400
2022-11-08,11.920000076293945,12.826000213623047,11.510000228881836,12.0,540200
2022-11-09,11.180000305175781,12.199999809265137,11.069999694824219,11.869999885559082,430500
2022-11-10,11.819999694824219,11.979999542236328,11.3100004196167,11.5600004196167,335700
2022-11-11,11.850000381469727,12.149999618530273,11.220000267028809,11.859999656677246,520100
2022-11-14,12.510000228881836,13.0,12.029999732971191,12.029999732971191,653700
2022-11-15,12.270000457763672,13.0,12.199999809265137,13.0,473700
2022-11-16,11.65999984741211,12.3100004196167,11.619999885559082,12.109999656677246,417800
2022-11-17,12.0600004196167,12.4399995803833,11.3100004196167,11.65999984741211,402600
2022-11-18,11.930000305175781,12.170000076293945,11.729999542236328,12.170000076293945,313100
2022-11-21,11.779999732971191,12.59000015258789,11.600000381469727,12.050000190734863,504100
2022-11-22,10.239999771118164,11.989999771118164,9.3100004196167,11.800000190734863,1516100
2022-11-23,10.829999923706055,10.949999809265137,10.020000457763672,10.140000343322754,353000
2022-11-25,11.0,11.430000305175781,10.649999618530273,10.800000190734863,116200
2022-11-28,10.970000267028809,11.399999618530273,10.817999839782715,11.069999694824219,224100
2022-11-29,10.6899995803833,11.14799976348877,10.604999542236328,10.989999771118164,159200
2022-11-30,11.069999694824219,11.210000038146973,10.5,10.770000457763672,157200
2022-12-01,10.859999656677246,11.145000457763672,10.704999923706055,11.100000381469727,100600
2022-12-02,11.270000457763672,11.350000381469727,10.729999542236328,10.800000190734863,233200
2022-12-05,10.75,11.239999771118164,10.699999809265137,11.15999984741211,164300
2022-12-06,10.279999732971191,10.930000305175781,10.220000267028809,10.75,305800
2022-12-07,10.539999961853027,10.699999809265137,10.079999923706055,10.420000076293945,150600
2022-12-08,11.050000190734863,11.319999694824219,10.630000114440918,10.699999809265137,331800
2022-12-09,10.770000457763672,11.300000190734863,10.520000457763672,11.109999656677246,217600
2022-12-12,10.59000015258789,10.770000457763672,10.300000190734863,10.59000015258789,238400
2022-12-13,11.140000343322754,11.470000267028809,10.600000381469727,10.75,378600
2022-12-14,11.010000228881836,11.390000343322754,10.600000381469727,11.140000343322754,230800
2022-12-15,11.020000457763672,11.170000076293945,10.774999618530273,10.920000076293945,142600
2022-12-16,11.09000015258789,11.319999694824219,10.510000228881836,10.8100004196167,554900
2022-12-19,10.199999809265137,11.050000190734863,10.170000076293945,11.0,337700
2022-12-20,10.319999694824219,10.520000457763672,9.994999885559082,10.420000076293945,267700
2022-12-21,10.369999885559082,10.489999771118164,10.095999717712402,10.34000015258789,188200
2022-12-22,10.579999923706055,10.640000343322754,10.020000457763672,10.399999618530273,225800
2022-12-23,10.039999961853027,10.489999771118164,9.890000343322754,10.489999771118164,188100
2022-12-27,9.710000038146973,10.039999961853027,9.710000038146973,10.029999732971191,158400
2022-12-28,10.029999732971191,10.149999618530273,9.470000267028809,9.710000038146973,219200
2022-12-29,10.4399995803833,10.489999771118164,9.920000076293945,10.039999961853027,184800
2022-12-30,10.649999618530273,10.729999542236328,10.289999961853027,10.449999809265137,287500
2023-01-03,10.020000457763672,10.729999542236328,9.960000038146973,10.579999923706055,226800
2023-01-04,10.260000228881836,10.260000228881836,9.720000267028809,10.069999694824219,195500
2023-01-05,10.25,10.319999694824219,10.029999732971191,10.109999656677246,76600
2023-01-06,9.880000114440918,10.5,9.850000381469727,10.25,251000
2023-01-09,9.380000114440918,10.03499984741211,9.380000114440918,9.949999809265137,262500
2023-01-10,10.149999618530273,10.180000305175781,9.515000343322754,9.5600004196167,274800
2023-01-11,9.850000381469727,10.1899995803833,9.550000190734863,10.1899995803833,354300
2023-01-12,10.1899995803833,10.788000106811523,9.829999923706055,10.079999923706055,778700
2023-01-13,10.149999618530273,10.59000015258789,10.015999794006348,10.220000267028809,361200
2023-01-17,10.890000343322754,10.949999809265137,10.001999855041504,10.069999694824219,453300
2023-01-18,10.550000190734863,11.095000267028809,10.3100004196167,11.0,285800
2023-01-19,10.460000038146973,10.798999786376953,10.279999732971191,10.529999732971191,140000
2023-01-20,11.0,11.039999961853027,10.449999809265137,10.550000190734863,273300
2023-01-23,11.600000381469727,11.720000267028809,10.72700023651123,11.069999694824219,565900
2023-01-24,11.369999885559082,11.850000381469727,11.3100004196167,11.649999618530273,263700
2023-01-25,11.170000076293945,11.300000190734863,10.6899995803833,11.300000190734863,231700
2023-01-26,11.4399995803833,11.489999771118164,10.899999618530273,11.1899995803833,176400
2023-01-27,11.5600004196167,11.699999809265137,11.350000381469727,11.449999809265137,234000
2023-01-30,11.140000343322754,11.65999984741211,11.130000114440918,11.430000305175781,207300
2023-01-31,11.720000267028809,11.774999618530273,11.170000076293945,11.170000076293945,246600
2023-02-01,11.59000015258789,11.8100004196167,11.366999626159668,11.739999771118164,163100
2023-02-02,11.930000305175781,12.182000160217285,11.479999542236328,11.729999542236328,309400
2023-02-03,12.210000038146973,12.25,11.75,11.75,219900
2023-02-06,12.079999923706055,12.460000038146973,11.9399995803833,12.300000190734863,257900
2023-02-07,12.5600004196167,12.880000114440918,12.010000228881836,12.010000228881836,301800
2023-02-08,12.359999656677246,12.699999809265137,12.220000267028809,12.5600004196167,192900
2023-02-09,12.140000343322754,12.539999961853027,11.989999771118164,12.289999961853027,248000
2023-02-10,13.0,13.0,12.020000457763672,12.140000343322754,328900
2023-02-13,13.0,13.130000114440918,12.53499984741211,13.0,199900
2023-02-14,13.420000076293945,13.649999618530273,12.920000076293945,13.229999542236328,518100
2023-02-15,13.369999885559082,13.850000381469727,13.09000015258789,13.789999961853027,495200
2023-02-16,14.260000228881836,14.260000228881836,13.09000015258789,13.619999885559082,567900
2023-02-17,13.760000228881836,14.451000213623047,13.619999885559082,14.449999809265137,728000
2023-02-21,11.4399995803833,14.699999809265137,11.15999984741211,14.5,4191300
2023-02-22,8.729999542236328,11.350000381469727,8.640000343322754,11.279999732971191,2757200
2023-02-23,9.720000267028809,9.960000038146973,8.737000465393066,9.0,1346300
2023-02-24,9.260000228881836,9.604999542236328,9.069999694824219,9.489999771118164,508600
2023-02-27,9.880000114440918,10.149999618530273,9.248000144958496,9.300000190734863,534300
2023-02-28,9.649999618530273,10.175000190734863,9.494999885559082,10.069999694824219,412800
2023-03-01,10.369999885559082,10.385000228881836,9.5,9.670000076293945,466800
2023-03-02,10.0600004196167,10.460000038146973,9.920000076293945,10.460000038146973,287100
2023-03-03,10.130000114440918,10.380000114440918,9.92199993133545,10.010000228881836,207900
2023-03-06,10.199999809265137,10.199999809265137,9.869999885559082,10.0,218900
2023-03-07,9.9399995803833,10.199999809265137,9.859999656677246,10.199999809265137,186200
2023-03-08,9.680000305175781,9.989999771118164,9.430000305175781,9.869999885559082,250700
2023-03-09,9.25,9.645000457763672,9.121000289916992,9.59000015258789,398200
2023-03-10,8.510000228881836,9.369999885559082,8.430000305175781,9.369999885559082,599000
2023-03-13,8.920000076293945,9.149999618530273,8.5,8.529999732971191,314900
2023-03-14,9.59000015258789,9.630000114440918,9.010000228881836,9.0600004196167,305200
2023-03-15,9.34000015258789,9.350000381469727,9.0,9.25,195500
2023-03-16,9.5600004196167,9.619999885559082,9.029999732971191,9.229999542236328,195400
2023-03-17,9.279999732971191,9.539999961853027,8.920000076293945,9.529999732971191,485200
2023-03-20,9.149999618530273,9.302000045776367,8.899999618530273,9.260000228881836,179800
2023-03-21,9.430000305175781,9.5600004196167,9.029999732971191,9.119999885559082,201000
2023-03-22,9.170000076293945,9.40999984741211,9.0,9.380000114440918,156500
2023-03-23,9.199999809265137,9.449999809265137,9.0,9.25,137900
2023-03-24,9.34000015258789,9.359999656677246,8.75,9.210000038146973,173000
2023-03-27,9.079999923706055,9.444999694824219,8.970000267028809,9.3100004196167,136700
2023-03-28,9.039999961853027,9.300000190734863,8.949999809265137,9.079999923706055,178200
2023-03-29,9.220000267028809,9.260000228881836,9.0,9.130000114440918,145900
2023-03-30,9.149999618530273,9.295000076293945,8.9399995803833,9.199999809265137,154000
2023-03-31,9.449999809265137,9.479999542236328,9.119999885559082,9.140000343322754,215800
2023-04-03,9.199999809265137,9.399999618530273,8.970000267028809,9.300000190734863,265300
2023-04-04,8.960000038146973,9.470000267028809,8.9399995803833,9.470000267028809,303400
2023-04-05,8.710000038146973,8.9399995803833,8.569999694824219,8.9399995803833,290000
2023-04-06,8.979999542236328,9.0,8.619999885559082,8.779999732971191,184900
2023-04-10,9.1899995803833,9.199999809265137,8.720000267028809,9.079999923706055,149900
2023-04-11,9.079999923706055,9.25,8.970000267028809,9.069999694824219,129800
2023-04-12,8.859999656677246,9.140000343322754,8.729999542236328,9.079999923706055,162300
2023-04-13,9.170000076293945,9.300000190734863,8.859999656677246,8.859999656677246,184100
2023-04-14,9.109999656677246,9.279999732971191,8.979999542236328,9.1899995803833,121900
2023-04-17,9.289999961853027,9.470000267028809,9.074999809265137,9.079999923706055,264100
2023-04-18,9.300000190734863,9.40999984741211,9.180000305175781,9.25,131900
2023-04-19,9.170000076293945,9.380000114440918,9.100000381469727,9.220000267028809,153100
2023-04-20,8.899999618530273,9.220000267028809,8.850000381469727,9.180000305175781,176900
2023-04-21,9.300000190734863,9.359999656677246,8.829999923706055,8.920000076293945,223500
2023-04-24,9.390000343322754,9.404999732971191,9.180000305175781,9.25,159700
2023-04-25,8.899999618530273,9.390000343322754,8.850000381469727,9.359999656677246,506600
2023-04-26,8.800000190734863,9.298999786376953,8.770000457763672,9.289999961853027,446800
2023-04-27,8.770000457763672,8.960000038146973,8.680000305175781,8.800000190734863,263100
2023-04-28,8.800000190734863,8.920000076293945,8.6850004196167,8.859999656677246,262100
2023-05-01,9.149999618530273,9.1850004196167,8.8100004196167,8.890000343322754,505900
2023-05-02,9.029999732971191,9.199999809265137,8.911999702453613,9.180000305175781,196800
2023-05-03,8.970000267028809,9.130000114440918,8.970000267028809,9.029999732971191,194000
2023-05-04,8.869999885559082,9.050000190734863,8.722999572753906,8.9399995803833,119300
2023-05-05,8.800000190734863,9.029999732971191,8.800000190734863,8.890000343322754,155200
2023-05-08,8.649999618530273,8.9399995803833,8.600000381469727,8.869999885559082,191000
2023-05-09,8.4399995803833,8.649999618530273,8.170000076293945,8.600000381469727,413100
2023-05-10,8.470000267028809,8.609999656677246,8.329999923706055,8.470000267028809,128000
2023-05-11,8.279999732971191,8.430000305175781,8.229999542236328,8.399999618530273,163900
2023-05-12,8.34000015258789,8.390000343322754,8.229999542236328,8.350000381469727,126400
2023-05-15,8.9399995803833,8.979999542236328,8.34000015258789,8.34000015258789,118700
2023-05-16,8.40999984741211,8.890000343322754,8.289999961853027,8.65999984741211,141300
2023-05-17,8.390000343322754,8.550000190734863,8.25,8.449999809265137,103500
2023-05-18,8.369999885559082,8.550000190734863,8.279999732971191,8.350000381469727,145200
2023-05-19,8.680000305175781,8.930000305175781,8.399999618530273,8.399999618530273,206300
2023-05-22,8.949999809265137,9.045000076293945,8.800000190734863,8.859999656677246,202700
2023-05-23,8.699999809265137,9.09000015258789,8.569999694824219,8.760000228881836,149200
2023-05-24,8.4399995803833,8.630000114440918,8.255000114440918,8.630000114440918,150900
2023-05-25,8.25,8.321000099182129,7.973999977111816,8.210000038146973,235600
2023-05-26,8.1899995803833,8.350000381469727,8.109999656677246,8.1899995803833,93700
2023-05-30,8.050000190734863,8.220000267028809,7.880000114440918,8.149999618530273,169800
2023-05-31,8.300000190734863,8.359999656677246,7.900000095367432,7.900000095367432,153600
2023-06-01,8.34000015258789,8.420000076293945,8.010000228881836,8.3100004196167,132200
2023-06-02,8.390000343322754,8.550000190734863,8.170000076293945,8.460000038146973,136100
2023-06-05,8.420000076293945,8.600000381469727,8.34000015258789,8.359999656677246,67600
2023-06-06,8.069999694824219,8.550000190734863,8.069999694824219,8.319999694824219,196700
2023-06-07,8.510000228881836,8.720000267028809,8.300000190734863,8.350000381469727,223800
2023-06-08,8.670000076293945,8.725000381469727,8.40999984741211,8.569999694824219,113700
2023-06-09,8.279999732971191,8.75,8.239999771118164,8.649999618530273,181800
2023-06-12,8.3100004196167,8.550000190734863,8.149999618530273,8.449999809265137,184700
2023-06-13,8.210000038146973,8.5600004196167,8.210000038146973,8.329999923706055,129300
2023-06-14,7.960000038146973,8.380000114440918,7.900000095367432,8.25,209700
2023-06-15,7.739999771118164,8.065999984741211,7.610000133514404,7.949999809265137,321900
2023-06-16,7.75,7.880000114440918,7.510000228881836,7.739999771118164,278900
2023-06-20,7.949999809265137,8.085000038146973,7.53000020980835,7.630000114440918,241800
2023-06-21,8.34000015258789,8.420000076293945,7.901000022888184,8.020000457763672,357500
2023-06-22,8.069999694824219,8.319999694824219,7.980000019073486,8.25,174900
2023-06-23,7.510000228881836,8.130000114440918,7.400000095367432,8.0,3696500
2023-06-26,7.260000228881836,7.489999771118164,7.079999923706055,7.480000019073486,377100
2023-06-27,7.269999980926514,7.380000114440918,7.059999942779541,7.21999979019165,171800
2023-06-28,7.360000133514404,7.440000057220459,7.099999904632568,7.199999809265137,130000
2023-06-29,7.150000095367432,7.369999885559082,6.989999771118164,7.369999885559082,268300
2023-06-30,7.420000076293945,7.440000057220459,7.079999923706055,7.170000076293945,175700
2023-07-03,7.369999885559082,7.429999828338623,7.110000133514404,7.429999828338623,72800
2023-07-05,7.369999885559082,7.46999979019165,7.159999847412109,7.349999904632568,130600
2023-07-06,7.320000171661377,7.389999866485596,7.059999942779541,7.28000020980835,180800
2023-07-07,7.210000038146973,7.380000114440918,7.099999904632568,7.360000133514404,144600
2023-07-10,7.28000020980835,7.349999904632568,7.111999988555908,7.199999809265137,105600
2023-07-11,7.119999885559082,7.260000228881836,7.079999923706055,7.260000228881836,126400
2023-07-12,7.190000057220459,7.28000020980835,7.079999923706055,7.079999923706055,105500
2023-07-13,7.150000095367432,7.307000160217285,7.099999904632568,7.21999979019165,146800
2023-07-14,6.989999771118164,7.170000076293945,6.96999979019165,7.139999866485596,166100
2023-07-17,7.210000038146973,7.28000020980835,6.96999979019165,6.989999771118164,145700
2023-07-18,7.360000133514404,7.539999961853027,7.23799991607666,7.320000171661377,152300
2023-07-19,7.239999771118164,7.610000133514404,7.150000095367432,7.440000057220459,125700
2023-07-20,7.210000038146973,7.289999961853027,7.099999904632568,7.230000019073486,77800
2023-07-21,7.150000095367432,7.329999923706055,7.119999885559082,7.260000228881836,89100
2023-07-24,7.150000095367432,7.199999809265137,7.0,7.159999847412109,108000
2023-07-25,7.110000133514404,7.269999980926514,7.059999942779541,7.090000152587891,94000
2023-07-26,7.019999980926514,7.164999961853027,6.96999979019165,7.119999885559082,107900
2023-07-27,6.909999847412109,7.090000152587891,6.900000095367432,7.039999961853027,140500
2023-07-28,6.949999809265137,7.050000190734863,6.7220001220703125,7.0,251500
2023-07-31,7.119999885559082,7.150000095367432,6.909999847412109,6.989999771118164,129100
2023-08-01,7.139999866485596,7.150000095367432,6.881999969482422,7.019999980926514,154800
2023-08-02,7.0,7.139999866485596,6.920000076293945,6.980000019073486,108600
2023-08-03,6.869999885559082,7.019999980926514,6.849999904632568,6.960000038146973,86100
2023-08-04,6.789999961853027,7.03000020980835,6.78000020980835,6.869999885559082,91200
2023-08-07,6.679999828338623,6.789999961853027,6.51200008392334,6.789999961853027,130800
2023-08-08,6.599999904632568,6.7729997634887695,6.519999980926514,6.699999809265137,171500
2023-08-09,6.650000095367432,6.760000228881836,6.559999942779541,6.650000095367432,102700
2023-08-10,6.579999923706055,6.840000152587891,6.559999942779541,6.699999809265137,165300
2023-08-11,6.380000114440918,6.550000190734863,6.369999885559082,6.510000228881836,270400
2023-08-14,6.329999923706055,6.420000076293945,6.110000133514404,6.349999904632568,177500
2023-08-15,6.480000019073486,6.599999904632568,6.179999828338623,6.309999942779541,156000
2023-08-16,6.349999904632568,6.691999912261963,6.309999942779541,6.53000020980835,152800
2023-08-17,6.150000095367432,6.400000095367432,6.110000133514404,6.360000133514404,159800
2023-08-18,6.190000057220459,6.329999923706055,6.059999942779541,6.079999923706055,88900
2023-08-21,6.010000228881836,6.184999942779541,6.0,6.139999866485596,123800
2023-08-22,5.909999847412109,6.110000133514404,5.869999885559082,6.039999961853027,144600
2023-08-23,5.989999771118164,6.125,5.880000114440918,5.880000114440918,81500
2023-08-24,5.980000019073486,6.119999885559082,5.889999866485596,6.119999885559082,101900
2023-08-25,6.019999980926514,6.079999923706055,5.949999809265137,5.949999809265137,106400
2023-08-28,6.110000133514404,6.199999809265137,6.050000190734863,6.090000152587891,100300
2023-08-29,6.400000095367432,6.420000076293945,6.070000171661377,6.070000171661377,85900
2023-08-30,6.099999904632568,6.414999961853027,6.090000152587891,6.369999885559082,157600
2023-08-31,6.010000228881836,6.300000190734863,6.0,6.150000095367432,217300
2023-09-01,6.650000095367432,6.715000152587891,6.090000152587891,6.090000152587891,236300
2023-09-05,6.53000020980835,6.78000020980835,6.445000171661377,6.5,246800
2023-09-06,6.619999885559082,6.75,6.570000171661377,6.670000076293945,119700
2023-09-07,6.440000057220459,6.679999828338623,6.389999866485596,6.619999885559082,242400
2023-09-08,6.53000020980835,6.642000198364258,6.360000133514404,6.480000019073486,129500
2023-09-11,7.360000133514404,7.688000202178955,6.579999923706055,6.659999847412109,684800
2023-09-12,6.980000019073486,7.690000057220459,6.949999809265137,7.320000171661377,316400
2023-09-13,6.710000038146973,7.119999885559082,6.710000038146973,7.0,193900
2023-09-14,6.650000095367432,6.800000190734863,6.510000228881836,6.800000190734863,213000
2023-09-15,6.579999923706055,6.650000095367432,6.360000133514404,6.639999866485596,402300
2023-09-18,6.190000057220459,6.630000114440918,6.159999847412109,6.599999904632568,244700
2023-09-19,6.260000228881836,6.289999961853027,6.03000020980835,6.25,152000
2023-09-20,6.260000228881836,6.429999828338623,6.139999866485596,6.269999980926514,162600
2023-09-21,6.289999961853027,6.340000152587891,6.159999847412109,6.199999809265137,104900
2023-09-22,6.300000190734863,6.499000072479248,6.21999979019165,6.340000152587891,203900
2023-09-25,6.210000038146973,6.360000133514404,6.179999828338623,6.260000228881836,162800
2023-09-26,6.269999980926514,6.440000057220459,6.21999979019165,6.21999979019165,140600
2023-09-27,6.179999828338623,6.47599983215332,6.150000095367432,6.300000190734863,134300
2023-09-28,6.159999847412109,6.25,6.059999942779541,6.179999828338623,120800
2023-09-29,5.920000076293945,6.150000095367432,5.900000095367432,6.150000095367432,222100
2023-10-02,5.599999904632568,6.0,5.53000020980835,5.929999828338623,237500
2023-10-03,5.739999771118164,5.869999885559082,5.519999980926514,5.71999979019165,352500
2023-10-04,5.75,5.929999828338623,5.650000095367432,5.789999961853027,235400
2023-10-05,6.079999923706055,6.130000114440918,5.599999904632568,5.71999979019165,185800
2023-10-06,6.070000171661377,6.260000228881836,5.960000038146973,6.090000152587891,131900
2023-10-09,5.989999771118164,6.139999866485596,5.900000095367432,6.010000228881836,105200
2023-10-10,6.019999980926514,6.090000152587891,5.880000114440918,5.989999771118164,156000
2023-10-11,5.96999979019165,6.099999904632568,5.909999847412109,6.039999961853027,75800
2023-10-12,5.940000057220459,5.980000019073486,5.760000228881836,5.96999979019165,185800
2023-10-13,5.929999828338623,5.985000133514404,5.820000171661377,5.949999809265137,69100
2023-10-16,6.0,6.045000076293945,5.789999961853027,5.929999828338623,129700
2023-10-17,6.039999961853027,6.199999809265137,5.980000019073486,5.989999771118164,147000
2023-10-18,5.840000152587891,6.03000020980835,5.789999961853027,5.980000019073486,138700
2023-10-19,5.760000228881836,5.809999942779541,5.659999847412109,5.809999942779541,133300
2023-10-20,5.710000038146973,5.869999885559082,5.670000076293945,5.789999961853027,131400
2023-10-23,5.400000095367432,5.679999828338623,5.400000095367432,5.679999828338623,176200
2023-10-24,5.400000095367432,5.599999904632568,5.369999885559082,5.5,108300
2023-10-25,5.480000019073486,5.6570000648498535,5.340000152587891,5.400000095367432,127700
2023-10-26,5.539999961853027,5.590000152587891,5.414999961853027,5.53000020980835,105500
2023-10-27,5.400000095367432,5.599999904632568,5.320000171661377,5.53000020980835,154300
2023-10-30,5.570000171661377,5.570000171661377,5.329999923706055,5.449999809265137,71800
2023-10-31,5.579999923706055,5.789999961853027,5.484000205993652,5.570000171661377,122800
2023-11-01,5.420000076293945,5.610000133514404,5.341000080108643,5.610000133514404,128800
2023-11-02,4.579999923706055,5.699999809265137,4.460000038146973,5.489999771118164,763800
2023-11-03,4.760000228881836,4.920000076293945,4.519999980926514,4.699999809265137,338400
2023-11-06,4.550000190734863,5.0,4.5,4.789999961853027,253200
2023-11-07,4.900000095367432,4.929999828338623,4.400000095367432,4.599999904632568,343000
2023-11-08,4.840000152587891,4.949999809265137,4.619999885559082,4.869999885559082,140100
2023-11-09,4.670000076293945,4.820000171661377,4.53000020980835,4.820000171661377,154200
2023-11-10,4.409999847412109,4.670000076293945,4.309999942779541,4.670000076293945,300700
2023-11-13,4.510000228881836,4.53000020980835,4.300000190734863,4.5,122600
2023-11-14,4.760000228881836,4.789999961853027,4.5,4.539999961853027,200900
2023-11-15,4.599999904632568,4.980000019073486,4.590000152587891,4.699999809265137,152500
2023-11-16,4.539999961853027,4.679999828338623,4.489999771118164,4.599999904632568,133700
2023-11-17,4.489999771118164,4.639999866485596,4.460000038146973,4.559999942779541,163400
2023-11-20,4.579999923706055,4.710000038146973,4.491000175476074,4.5,160800
2023-11-21,4.309999942779541,4.579999923706055,4.28000020980835,4.5,206200
2023-11-22,4.420000076293945,4.460000038146973,4.329999923706055,4.389999866485596,78800
2023-11-24,4.460000038146973,4.590000152587891,4.349999904632568,4.449999809265137,75400
2023-11-27,4.269999980926514,4.480000019073486,4.25,4.420000076293945,254500
2023-11-28,4.019999980926514,4.289999961853027,4.0,4.289999961853027,231200
2023-11-29,4.179999828338623,4.25,4.019999980926514,4.019999980926514,138800
2023-11-30,4.579999923706055,4.650000095367432,4.139999866485596,4.230000019073486,243400
2023-12-01,5.039999961853027,5.050000190734863,4.5,4.53000020980835,243800
2023-12-04,5.559999942779541,5.559999942779541,5.039999961853027,5.039999961853027,244900
2023-12-05,5.179999828338623,5.579999923706055,5.119999885559082,5.579999923706055,220800
2023-12-06,5.260000228881836,5.380000114440918,5.03000020980835,5.139999866485596,167300
2023-12-07,5.300000190734863,5.329999923706055,5.172999858856201,5.210000038146973,92800
2023-12-08,5.320000171661377,5.440000057220459,5.190000057220459,5.349999904632568,103900
2023-12-11,4.920000076293945,5.699999809265137,4.869999885559082,5.679999828338623,272500
2023-12-12,4.619999885559082,4.909999847412109,4.510000228881836,4.909999847412109,236400
2023-12-13,5.170000076293945,5.190000057220459,4.519999980926514,4.630000114440918,171600
2023-12-14,5.090000152587891,5.380000114440918,4.991000175476074,5.150000095367432,219900
2023-12-15,4.849999904632568,5.389999866485596,4.840000152587891,5.110000133514404,716800
2023-12-18,4.78000020980835,4.989999771118164,4.695000171661377,4.900000095367432,206400
2023-12-19,4.840000152587891,4.929999828338623,4.710000038146973,4.820000171661377,161300
2023-12-20,4.650000095367432,4.940000057220459,4.590000152587891,4.809999942779541,144800
2023-12-21,4.789999961853027,4.909999847412109,4.659999847412109,4.699999809265137,163300
2023-12-22,5.309999942779541,5.349999904632568,4.849999904632568,4.849999904632568,272600
2023-12-26,5.75,6.199999809265137,5.5,5.599999904632568,547400
2023-12-27,5.28000020980835,5.804999828338623,5.25,5.760000228881836,409900
2023-12-28,5.0,5.300000190734863,4.960000038146973,5.239999771118164,411000
2023-12-29,5.079999923706055,5.360000133514404,4.829999923706055,4.900000095367432,286100
2024-01-02,5.320000171661377,5.449999809265137,5.070000171661377,5.170000076293945,302700
2024-01-03,5.320000171661377,5.389999866485596,5.150000095367432,5.25,184900
2024-01-04,5.21999979019165,5.449999809265137,5.03000020980835,5.300000190734863,202400
2024-01-05,5.050000190734863,5.150000095367432,4.974999904632568,5.150000095367432,166100
2024-01-08,5.449999809265137,5.5,5.010000228881836,5.050000190734863,204500
2024-01-09,5.170000076293945,5.449999809265137,5.150000095367432,5.389999866485596,235000
2024-01-10,5.340000152587891,5.400000095367432,5.190000057220459,5.190000057220459,142800
2024-01-11,5.170000076293945,5.380000114440918,5.110000133514404,5.369999885559082,151900
2024-01-12,5.139999866485596,5.360000133514404,5.103000164031982,5.199999809265137,165400
2024-01-16,5.340000152587891,5.389999866485596,5.070000171661377,5.139999866485596,155000
2024-01-17,5.210000038146973,5.304999828338623,5.090000152587891,5.239999771118164,140600
2024-01-18,5.0,5.170000076293945,4.800000190734863,5.170000076293945,275400
2024-01-19,5.019999980926514,5.050000190734863,4.860000133514404,5.019999980926514,119800
2024-01-22,5.309999942779541,5.320000171661377,4.96999979019165,5.0,186600
2024-01-23,5.139999866485596,5.329999923706055,5.070000171661377,5.300000190734863,109100
2024-01-24,5.090000152587891,5.179999828338623,5.039999961853027,5.170000076293945,152700
2024-01-25,5.239999771118164,5.28000020980835,5.0,5.110000133514404,142800
2024-01-26,5.599999904632568,5.690000057220459,5.230000019073486,5.230000019073486,296200
2024-01-29,5.929999828338623,5.949999809265137,5.480000019073486,5.559999942779541,246800
2024-01-30,5.550000190734863,6.090000152587891,5.550000190734863,5.909999847412109,227500
2024-01-31,5.380000114440918,5.730000019073486,5.369999885559082,5.539999961853027,166600
2024-02-01,5.559999942779541,5.650000095367432,5.331999778747559,5.389999866485596,144100
2024-02-02,5.300000190734863,5.5,5.289999961853027,5.489999771118164,93300
2024-02-05,5.170000076293945,5.320000171661377,5.079999923706055,5.269999980926514,120400
2024-02-06,5.289999961853027,5.315000057220459,5.150000095367432,5.150000095367432,92300
2024-02-07,5.099999904632568,5.249000072479248,5.099999904632568,5.239999771118164,98800
2024-02-08,5.150000095367432,5.230999946594238,5.0929999351501465,5.119999885559082,76400
2024-02-09,5.460000038146973,5.5,5.230000019073486,5.230000019073486,184200
2024-02-12,5.670000076293945,5.809999942779541,5.429999828338623,5.429999828338623,196800
2024-02-13,5.349999904632568,5.630000114440918,5.320000171661377,5.5,205100
2024-02-14,5.650000095367432,5.690000057220459,5.300000190734863,5.46999979019165,139000
2024-02-15,5.880000114440918,5.920000076293945,5.605000019073486,5.679999828338623,168300
2024-02-16,6.369999885559082,6.670000076293945,5.900000095367432,5.929999828338623,339200
2024-02-20,6.940000057220459,6.96999979019165,6.2729997634887695,6.340000152587891,305700
2024-02-21,6.659999847412109,7.059000015258789,6.519999980926514,6.949999809265137,220800
2024-02-22,6.739999771118164,6.980000019073486,6.519999980926514,6.639999866485596,140600
2024-02-23,6.860000133514404,7.170000076293945,6.519999980926514,7.039999961853027,215500
2024-02-26,8.3100004196167,8.39900016784668,6.960000038146973,7.0,690900
2024-02-27,8.270000457763672,8.65999984741211,7.820000171661377,8.5,462500
2024-02-28,8.3100004196167,8.350000381469727,8.050000190734863,8.119999885559082,158500
2024-02-29,8.529999732971191,8.779999732971191,8.210000038146973,8.489999771118164,256000
2024-03-01,8.470000267028809,8.5,8.170000076293945,8.489999771118164,217500
2024-03-04,7.880000114440918,8.5,7.71999979019165,8.5,263200
2024-03-05,7.769999980926514,8.0,7.519999980926514,7.75,116000
2024-03-06,7.760000228881836,8.0600004196167,7.690000057220459,7.880000114440918,91000
2024-03-07,7.610000133514404,7.800000190734863,7.440000057220459,7.739999771118164,166300
2024-03-08,7.650000095367432,8.029999732971191,7.510000228881836,7.610000133514404,174800
2024-03-11,6.920000076293945,7.749000072479248,6.829999923706055,7.670000076293945,244400
2024-03-12,6.590000152587891,7.0,6.579999923706055,6.809999942779541,151700
2024-03-13,6.699999809265137,6.75,6.480000019073486,6.570000171661377,104100
2024-03-14,6.269999980926514,6.869999885559082,6.21999979019165,6.730000019073486,194300
2024-03-15,6.75,6.78000020980835,6.159999847412109,6.199999809265137,331900
2024-03-18,6.539999961853027,6.980000019073486,6.349999904632568,6.980000019073486,260000
2024-03-19,8.210000038146973,8.5,7.300000190734863,7.599999904632568,2036300
2024-03-20,8.600000381469727,8.699999809265137,7.900000095367432,8.199999809265137,1087800
2024-03-21,9.109999656677246,9.300000190734863,8.630000114440918,8.699999809265137,1690200
2024-03-22,9.199999809265137,9.859999656677246,8.880000114440918,9.149999618530273,1780400
2024-03-25,8.670000076293945,9.449999809265137,8.600000381469727,9.34000015258789,549800
2024-03-26,8.119999885559082,9.050000190734863,8.0,8.770000457763672,566400
2024-03-27,7.940000057220459,8.34000015258789,7.889999866485596,8.079999923706055,470400
2024-03-28,7.829999923706055,8.1899995803833,7.71999979019165,7.980000019073486,557300
2024-04-01,8.5600004196167,8.739999771118164,7.699999809265137,7.829999923706055,627400
2024-04-02,8.600000381469727,8.779999732971191,8.300000190734863,8.369999885559082,287800
2024-04-03,8.84000015258789,9.220000267028809,8.529999732971191,8.529999732971191,402300
2024-04-04,9.130000114440918,9.359999656677246,8.958000183105469,8.989999771118164,392400
2024-04-05,9.539999961853027,9.569999694824219,8.84000015258789,9.029999732971191,486900
2024-04-08,9.130000114440918,9.680000305175781,8.869999885559082,9.5,432200
2024-04-09,8.979999542236328,9.130000114440918,8.699999809265137,9.119999885559082,343900
2024-04-10,8.989999771118164,9.149999618530273,8.720000267028809,8.789999961853027,344900
2024-04-11,9.09000015258789,9.279999732971191,9.0,9.020000457763672,461300
2024-04-12,9.0,9.039999961853027,8.550000190734863,8.970000267028809,303600
2024-04-15,8.4399995803833,9.100000381469727,8.279999732971191,8.949999809265137,255400
2024-04-16,7.739999771118164,8.449999809265137,7.650000095367432,8.449999809265137,373900
2024-04-17,7.25,7.816999912261963,7.199999809265137,7.730000019073486,297400
2024-04-18,6.670000076293945,7.513000011444092,6.659999847412109,7.260000228881836,420900
2024-04-19,6.849999904632568,7.010000228881836,6.599999904632568,6.639999866485596,347600
2024-04-22,7.170000076293945,7.340000152587891,6.820000171661377,6.920000076293945,192600
2024-04-23,6.960000038146973,7.429999828338623,6.849999904632568,7.03000020980835,185200
2024-04-24,7.059999942779541,7.320000171661377,6.88100004196167,6.929999828338623,153400
2024-04-25,6.559999942779541,6.96999979019165,6.46999979019165,6.960000038146973,328800
2024-04-26,6.869999885559082,6.920000076293945,6.485000133514404,6.579999923706055,206400
2024-04-29,7.380000114440918,7.480000019073486,6.880000114440918,6.900000095367432,244800
2024-04-30,7.699999809265137,7.979000091552734,7.309999942779541,7.309999942779541,282700
2024-05-01,7.78000020980835,7.960000038146973,7.605000019073486,7.679999828338623,227300
2024-05-02,8.75,8.8100004196167,7.909999847412109,7.949999809265137,682900
2024-05-03,8.960000038146973,9.199999809265137,8.539999961853027,8.949999809265137,528700
2024-05-06,8.84000015258789,9.0,8.350000381469727,9.0,288200
2024-05-07,8.8100004196167,8.9399995803833,8.449999809265137,8.880000114440918,227000
2024-05-08,8.710000038146973,8.75,8.359999656677246,8.75,157700
2024-05-09,8.899999618530273,8.970000267028809,8.539999961853027,8.680000305175781,224400
2024-05-10,8.729999542236328,9.0,8.399999618530273,8.90999984741211,196200
2024-05-13,8.859999656677246,9.069999694824219,8.800000190734863,8.979999542236328,275800
2024-05-14,9.890000343322754,10.239999771118164,9.0600004196167,9.0600004196167,970100
2024-05-15,9.729999542236328,10.138999938964844,9.649999618530273,9.989999771118164,370400
2024-05-16,9.850000381469727,9.979999542236328,9.569999694824219,9.949999809265137,236900
2024-05-17,9.800000190734863,9.949999809265137,9.460000038146973,9.84000015258789,203800
2024-05-20,9.6899995803833,9.869999885559082,9.600000381469727,9.779999732971191,141200
2024-05-21,8.859999656677246,9.744000434875488,8.800000190734863,9.670000076293945,340200
2024-05-22,8.65999984741211,8.814000129699707,8.199999809265137,8.789999961853027,503600
2024-05-23,8.420000076293945,8.710000038146973,8.170000076293945,8.5600004196167,278000
2024-05-24,8.5,8.680000305175781,8.3100004196167,8.399999618530273,243700
2024-05-28,8.220000267028809,8.59000015258789,8.109999656677246,8.59000015258789,172400
2024-05-29,8.0,8.24899959564209,8.0,8.0600004196167,164600
2024-05-30,8.109999656677246,8.194999694824219,7.849999904632568,8.010000228881836,203100
2024-05-31,8.149999618530273,8.430000305175781,8.0600004196167,8.25,198900
2024-06-03,8.149999618530273,8.380000114440918,8.01099967956543,8.149999618530273,204100
2024-06-04,8.010000228881836,8.199999809265137,7.96999979019165,8.149999618530273,137700
2024-06-05,8.520000457763672,8.579999923706055,7.994999885559082,8.029999732971191,167000
2024-06-06,7.989999771118164,8.449999809265137,7.980000019073486,8.300000190734863,162400
2024-06-07,7.960000038146973,8.140000343322754,7.875,7.920000076293945,129100
2024-06-10,7.989999771118164,8.260000228881836,7.889999866485596,8.0,188500
2024-06-11,8.079999923706055,8.204999923706055,7.849999904632568,7.860000133514404,138800
2024-06-12,7.929999828338623,8.260000228881836,7.869999885559082,8.25,181100
2024-06-13,8.020000457763672,8.09000015258789,7.849999904632568,7.920000076293945,91500
2024-06-14,7.820000171661377,8.09000015258789,7.75,7.949999809265137,190100
2024-06-17,7.929999828338623,8.170000076293945,7.888999938964844,8.0,243600
2024-06-18,7.869999885559082,8.1899995803833,7.840000152587891,7.929999828338623,238500
2024-06-20,7.550000190734863,7.936999797821045,7.550000190734863,7.869999885559082,222300
2024-06-21,7.309999942779541,7.699999809265137,7.309999942779541,7.570000171661377,418500
2024-06-24,7.480000019073486,7.670000076293945,7.329999923706055,7.340000152587891,157600
2024-06-25,7.159999847412109,7.630000114440918,7.130000114440918,7.480000019073486,246100
2024-06-26,7.369999885559082,7.429999828338623,7.0,7.150000095367432,194500
2024-06-27,7.389999866485596,7.510000228881836,7.300000190734863,7.409999847412109,97800
2024-06-28,7.400000095367432,7.449999809265137,7.010000228881836,7.329999923706055,960300
2024-07-01,7.199999809265137,7.375,7.050000190734863,7.28000020980835,236300
2024-07-02,6.960000038146973,7.309999942779541,6.900000095367432,7.190000057220459,183700
2024-07-03,7.28000020980835,7.289999961853027,6.920000076293945,6.989999771118164,149000
2024-07-05,6.96999979019165,7.269999980926514,6.75,7.239999771118164,175100
2024-07-08,7.21999979019165,7.489999771118164,7.0,7.0,200100
2024-07-09,6.980000019073486,7.295000076293945,6.96999979019165,7.159999847412109,147200
2024-07-10,7.070000171661377,7.170000076293945,6.860000133514404,7.010000228881836,233200
2024-07-11,7.380000114440918,7.480000019073486,7.150000095367432,7.239999771118164,288900
2024-07-12,7.449999809265137,7.78000020980835,7.329999923706055,7.46999979019165,305800
2024-07-15,7.650000095367432,7.71999979019165,7.46999979019165,7.570000171661377,172800
2024-07-16,7.760000228881836,7.78000020980835,7.572999954223633,7.599999904632568,246700
2024-07-17,7.380000114440918,7.75,7.244999885559082,7.659999847412109,202600
2024-07-18,7.21999979019165,7.630000114440918,7.150000095367432,7.369999885559082,183400
2024-07-19,7.110000133514404,7.25,7.050000190734863,7.239999771118164,92700
2024-07-22,7.320000171661377,7.380000114440918,7.059999942779541,7.130000114440918,135000
2024-07-23,8.0,8.640000343322754,7.421000003814697,7.449999809265137,809000
2024-07-24,7.739999771118164,8.28499984741211,7.619999885559082,7.960000038146973,467500
2024-07-25,7.900000095367432,8.09000015258789,7.75,7.889999866485596,334400
2024-07-26,7.820000171661377,8.079999923706055,7.710000038146973,7.960000038146973,430600
2024-07-29,7.28000020980835,7.949999809265137,7.139999866485596,7.940000057220459,420600
2024-07-30,6.96999979019165,7.429999828338623,6.880000114440918,7.239999771118164,337300
2024-07-31,6.920000076293945,7.159999847412109,6.7129998207092285,6.960000038146973,268200
2024-08-01,6.619999885559082,7.010000228881836,6.559999942779541,6.900000095367432,271200
2024-08-02,6.170000076293945,6.510000228881836,6.110000133514404,6.5,414600
2024-08-05,2.4800000190734863,2.5,1.3300000429153442,1.7100000381469727,15985400
2024-08-06,2.869999885559082,3.450000047683716,2.359999895095825,2.359999895095825,8988200
2024-08-07,2.0999999046325684,2.9200000762939453,2.0299999713897705,2.8399999141693115,2012500
2024-08-08,2.4100000858306885,2.559999942779541,2.0799999237060547,2.119999885559082,1672900
2024-08-09,2.049999952316284,2.380000114440918,2.0299999713897705,2.319999933242798,890400
2024-08-12,1.9900000095367432,2.1449999809265137,1.909999966621399,2.130000114440918,576600
2024-08-13,2.0,2.0840001106262207,1.9199999570846558,2.0,727800
2024-08-14,1.940000057220459,2.059999942779541,1.899999976158142,2.0,623700
2024-08-15,1.9500000476837158,2.115000009536743,1.899999976158142,1.9900000095367432,861700
2024-08-16,1.8200000524520874,2.0799999237060547,1.7599999904632568,1.9500000476837158,1295500
2024-08-19,2.0899999141693115,2.190000057220459,1.809999942779541,1.8300000429153442,946600
2024-08-20,2.119999885559082,2.2799999713897705,2.049999952316284,2.119999885559082,753500
2024-08-21,2.119999885559082,2.140000104904175,1.9600000381469727,2.0899999141693115,735000
2024-08-22,2.0399999618530273,2.1500000953674316,2.015000104904175,2.130000114440918,380400
2024-08-23,2.009999990463257,2.049999952316284,1.9600000381469727,2.0199999809265137,416300
2024-08-26,2.109999895095825,2.140000104904175,1.9950000047683716,2.0299999713897705,609200
2024-08-27,1.9900000095367432,2.1489999294281006,1.9700000286102295,2.119999885559082,329500
2024-08-28,1.899999976158142,2.0350000858306885,1.8799999952316284,1.9900000095367432,482000
2024-08-29,1.909999966621399,2.0,1.909999966621399,1.9199999570846558,262800
2024-08-30,1.9900000095367432,2.0,1.8799999952316284,1.9299999475479126,331500
2024-09-03,1.8700000047683716,2.0,1.809999942779541,1.9600000381469727,325100
2024-09-04,1.7999999523162842,1.840000033378601,1.7599999904632568,1.8300000429153442,510700
2024-09-05,1.7200000286102295,1.850000023841858,1.7000000476837158,1.7999999523162842,608300
2024-09-06,1.7799999713897705,1.7999999523162842,1.6799999475479126,1.7100000381469727,334200
2024-09-09,1.8300000429153442,1.909999966621399,1.7510000467300415,1.7799999713897705,351000
2024-09-10,1.8799999952316284,1.8799999952316284,1.7649999856948853,1.840000033378601,232500
2024-09-11,1.9500000476837158,1.9500000476837158,1.7699999809265137,1.850000023841858,422600
2024-09-12,1.9600000381469727,1.9800000190734863,1.8600000143051147,1.9700000286102295,335800
2024-09-13,1.8600000143051147,2.009999990463257,1.8200000524520874,1.9600000381469727,307100
2024-09-16,1.7699999809265137,1.8899999856948853,1.75,1.8700000047683716,277000
2024-09-17,1.8200000524520874,1.8600000143051147,1.7799999713897705,1.7899999618530273,236800
2024-09-18,1.7799999713897705,1.9199999570846558,1.7799999713897705,1.8300000429153442,354000
2024-09-19,1.8799999952316284,1.9149999618530273,1.8200000524520874,1.8700000047683716,240400
2024-09-20,1.7999999523162842,1.909999966621399,1.7799999713897705,1.899999976158142,496900
2024-09-23,1.840000033378601,1.8799999952316284,1.7899999618530273,1.809999942779541,279400
2024-09-24,1.809999942779541,1.9299999475479126,1.7999999523162842,1.809999942779541,264900
2024-09-25,1.7999999523162842,1.8300000429153442,1.7699999809265137,1.7999999523162842,337700
2024-09-26,1.7899999618530273,1.8350000381469727,1.774999976158142,1.809999942779541,275300
2024-09-27,1.7999999523162842,1.840000033378601,1.7799999713897705,1.809999942779541,245900
2024-09-30,1.8799999952316284,1.8949999809265137,1.7999999523162842,1.7999999523162842,164100
2024-10-01,1.8200000524520874,1.9299999475479126,1.7899999618530273,1.8899999856948853,281200
2024-10-02,1.899999976158142,1.9299999475479126,1.7699999809265137,1.840000033378601,527000
2024-10-03,1.7799999713897705,1.8899999856948853,1.7599999904632568,1.8799999952316284,317700
2024-10-04,1.7899999618530273,1.8600000143051147,1.7599999904632568,1.850000023841858,317000
2024-10-07,1.659999966621399,1.7799999713897705,1.659999966621399,1.75,312400
2024-10-08,1.6299999952316284,1.684000015258789,1.6100000143051147,1.6799999475479126,154400
2024-10-09,1.5800000429153442,1.659999966621399,1.5199999809265137,1.659999966621399,437000
2024-10-10,1.6299999952316284,1.649999976158142,1.4800000190734863,1.5499999523162842,267700
2024-10-11,1.7999999523162842,1.7999999523162842,1.6299999952316284,1.6399999856948853,290900
2024-10-14,1.7599999904632568,1.7899999618530273,1.7100000381469727,1.7400000095367432,257100
2024-10-15,1.75,1.7599999904632568,1.690000057220459,1.7400000095367432,171400
2024-10-16,1.6799999475479126,1.75,1.659999966621399,1.7300000190734863,207500
2024-10-17,1.7200000286102295,1.7300000190734863,1.6399999856948853,1.6699999570846558,156200
2024-10-18,1.8200000524520874,1.840000033378601,1.6799999475479126,1.7200000286102295,363400
2024-10-21,1.7799999713897705,1.8350000381469727,1.7649999856948853,1.8200000524520874,194400
2024-10-22,1.8799999952316284,1.8899999856948853,1.7400000095367432,1.7999999523162842,276500
2024-10-23,1.7999999523162842,1.9199999570846558,1.7999999523162842,1.8799999952316284,355800
2024-10-24,1.6799999475479126,1.840000033378601,1.659999966621399,1.840000033378601,210700
2024-10-25,1.6799999475479126,1.75,1.659999966621399,1.7200000286102295,210000
2024-10-28,1.8300000429153442,1.8300000429153442,1.7100000381469727,1.7100000381469727,212400
2024-10-29,1.8799999952316284,1.8899999856948853,1.7999999523162842,1.8300000429153442,167100
2024-10-30,1.7799999713897705,1.8899999856948853,1.7799999713897705,1.8600000143051147,101900
2024-10-31,1.7999999523162842,1.850000023841858,1.7400000095367432,1.7999999523162842,139400
2024-11-01,1.7100000381469727,1.875,1.7000000476837158,1.7999999523162842,272100
2024-11-04,1.7599999904632568,1.7599999904632568,1.690000057220459,1.7100000381469727,158800
2024-11-05,1.8799999952316284,1.8799999952316284,1.7599999904632568,1.7599999904632568,225200
2024-11-06,1.9299999475479126,1.9299999475479126,1.8300000429153442,1.909999966621399,338000
2024-11-07,1.8300000429153442,1.9299999475479126,1.8200000524520874,1.8799999952316284,206500
2024-11-08,1.9199999570846558,1.9199999570846558,1.8300000429153442,1.850000023841858,198000
2024-11-11,1.9299999475479126,1.9700000286102295,1.8899999856948853,1.9199999570846558,225400
2024-11-12,1.7999999523162842,1.9299999475479126,1.7999999523162842,1.8899999856948853,230300
2024-11-13,1.7100000381469727,1.8140000104904175,1.659999966621399,1.7899999618530273,323900
2024-11-14,1.649999976158142,1.75,1.649999976158142,1.7000000476837158,233500
2024-11-15,1.5,1.6790000200271606,1.4500000476837158,1.659999966621399,630600
2024-11-18,1.4199999570846558,1.628999948501587,1.399999976158142,1.559999942779541,371100
2024-11-19,1.4199999570846558,1.4900000095367432,1.399999976158142,1.409999966621399,313500
2024-11-20,1.3899999856948853,1.4600000381469727,1.3799999952316284,1.4199999570846558,286400
2024-11-21,1.4700000286102295,1.4700000286102295,1.3650000095367432,1.409999966621399,277800
2024-11-22,1.4500000476837158,1.4900000095367432,1.409999966621399,1.4700000286102295,222700
2024-11-25,1.4500000476837158,1.5399999618530273,1.4299999475479126,1.4500000476837158,286400
2024-11-26,1.409999966621399,1.4800000190734863,1.3899999856948853,1.4700000286102295,296300
2024-11-27,1.440000057220459,1.4500000476837158,1.3700000047683716,1.409999966621399,206000
2024-11-29,1.440000057220459,1.4850000143051147,1.3899999856948853,1.3899999856948853,156200
2024-12-02,1.409999966621399,1.434999942779541,1.3899999856948853,1.409999966621399,331400
2024-12-03,1.340000033378601,1.409999966621399,1.340000033378601,1.3899999856948853,244900
2024-12-04,1.2100000381469727,1.340000033378601,1.190000057220459,1.340000033378601,615700
2024-12-05,1.2200000286102295,1.2599999904632568,1.2200000286102295,1.2200000286102295,354000
2024-12-06,1.3600000143051147,1.3799999952316284,1.2000000476837158,1.2400000095367432,528400
2024-12-09,1.3200000524520874,1.4010000228881836,1.309999942779541,1.3600000143051147,368200
2024-12-10,1.2999999523162842,1.371000051498413,1.2599999904632568,1.3300000429153442,391200
2024-12-11,1.2799999713897705,1.340000033378601,1.2699999809265137,1.2999999523162842,308700
2024-12-12,1.25,1.340000033378601,1.2200000286102295,1.3200000524520874,284900
2024-12-13,1.2300000190734863,1.2300000190734863,1.159999966621399,1.2300000190734863,433900
2024-12-16,1.2699999809265137,1.2799999713897705,1.2000000476837158,1.2100000381469727,381300
2024-12-17,1.2200000286102295,1.2899999618530273,1.2200000286102295,1.2699999809265137,294600
2024-12-18,1.159999966621399,1.2599999904632568,1.159999966621399,1.2200000286102295,383500
2024-12-19,1.1200000047683716,1.1990000009536743,1.100000023841858,1.190000057220459,357400
2024-12-20,1.2899999618530273,1.2899999618530273,1.125,1.1399999856948853,1084000
2024-12-23,1.2400000095367432,1.2899999618530273,1.190000057220459,1.2799999713897705,301800
2024-12-24,1.2200000286102295,1.2400000095367432,1.149999976158142,1.2400000095367432,141900
2024-12-26,1.2899999618530273,1.2899999618530273,1.1649999618530273,1.2000000476837158,295900
2024-12-27,1.2000000476837158,1.2899999618530273,1.1749999523162842,1.2799999713897705,477500
2024-12-30,1.1699999570846558,1.215000033378601,1.159999966621399,1.2000000476837158,418700
2024-12-31,1.2599999904632568,1.2799999713897705,1.1699999570846558,1.190000057220459,580100
2025-01-02,1.2599999904632568,1.340000033378601,1.25,1.2699999809265137,468700
2025-01-03,1.440000057220459,1.4500000476837158,1.2699999809265137,1.2699999809265137,388300
2025-01-06,1.4299999475479126,1.4800000190734863,1.3899999856948853,1.4500000476837158,283800
2025-01-07,1.3899999856948853,1.4700000286102295,1.3600000143051147,1.4299999475479126,207300
2025-01-08,1.309999942779541,1.4190000295639038,1.309999942779541,1.3899999856948853,166200
2025-01-10,1.2799999713897705,1.309999942779541,1.25,1.2899999618530273,216900
2025-01-13,1.2599999904632568,1.2999999523162842,1.2400000095367432,1.2999999523162842,118500
2025-01-14,1.2200000286102295,1.2699999809265137,1.1699999570846558,1.2699999809265137,234600
2025-01-15,1.2200000286102295,1.2699999809265137,1.2000000476837158,1.2300000190734863,122800
2025-01-16,1.2200000286102295,1.2300000190734863,1.1799999475479126,1.2200000286102295,140100
2025-01-17,1.399999976158142,1.399999976158142,1.2200000286102295,1.2200000286102295,457800
2025-01-21,1.2999999523162842,1.4299999475479126,1.2999999523162842,1.3899999856948853,270000
2025-01-22,1.3200000524520874,1.350000023841858,1.2949999570846558,1.3200000524520874,125400
2025-01-23,1.340000033378601,1.340000033378601,1.2999999523162842,1.3200000524520874,69800
2025-01-24,1.2899999618530273,1.350000023841858,1.2799999713897705,1.340000033378601,135700
2025-01-27,1.2899999618530273,1.3300000429153442,1.2699999809265137,1.2999999523162842,123200
2025-01-28,1.2899999618530273,1.309999942779541,1.2599999904632568,1.2799999713897705,163200
2025-01-29,1.2300000190734863,1.2999999523162842,1.2300000190734863,1.2999999523162842,133900
2025-01-30,1.2200000286102295,1.2599999904632568,1.180999994277954,1.2400000095367432,145800
2025-01-31,1.159999966621399,1.2400000095367432,1.159999966621399,1.2300000190734863,266200
2025-02-03,1.1799999475479126,1.1799999475479126,1.100000023841858,1.149999976158142,257600
2025-02-04,1.1699999570846558,1.2289999723434448,1.1649999618530273,1.190000057220459,143600
2025-02-05,1.2300000190734863,1.2300000190734863,1.1699999570846558,1.2000000476837158,142200
2025-02-06,1.149999976158142,1.2300000190734863,1.149999976158142,1.2300000190734863,125700
2025-02-07,1.1200000047683716,1.1799999475479126,1.1100000143051147,1.149999976158142,219700
2025-02-10,1.1299999952316284,1.159999966621399,1.1200000047683716,1.159999966621399,162000
2025-02-11,1.1100000143051147,1.149999976158142,1.100000023841858,1.1299999952316284,190100
2025-02-12,1.090000033378601,1.1200000047683716,1.0700000524520874,1.100000023841858,129200
2025-02-13,1.100000023841858,1.1299999952316284,1.0700000524520874,1.1100000143051147,175800
2025-02-14,1.149999976158142,1.159999966621399,1.1200000047683716,1.1200000047683716,94200
2025-02-18,1.2599999904632568,1.2799999713897705,1.1699999570846558,1.1699999570846558,318200
2025-02-19,1.1699999570846558,1.284999966621399,1.1699999570846558,1.2400000095367432,172100
2025-02-20,1.2300000190734863,1.2300000190734863,1.149999976158142,1.159999966621399,130800
2025-02-21,1.1699999570846558,1.2599999904632568,1.1699999570846558,1.2400000095367432,124100
2025-02-24,1.1699999570846558,1.1749999523162842,1.1150000095367432,1.1699999570846558,122800
2025-02-25,1.149999976158142,1.2000000476837158,1.1200000047683716,1.159999966621399,140100
2025-02-26,1.1100000143051147,1.159999966621399,1.1100000143051147,1.1399999856948853,171400
2025-02-27,1.100000023841858,1.1460000276565552,1.100000023841858,1.100000023841858,144600
2025-02-28,1.149999976158142,1.159999966621399,1.090000033378601,1.1100000143051147,114000
2025-03-03,1.059999942779541,1.1699999570846558,1.059999942779541,1.1699999570846558,214300
2025-03-04,1.100000023841858,1.1200000047683716,1.0290000438690186,1.059999942779541,210800
2025-03-05,1.149999976158142,1.159999966621399,1.0800000429153442,1.100000023841858,201800
2025-03-06,1.1399999856948853,1.149999976158142,1.1200000047683716,1.1399999856948853,95200
2025-03-07,1.1399999856948853,1.1399999856948853,1.100000023841858,1.1299999952316284,59800
2025-03-10,1.1200000047683716,1.1299999952316284,1.090000033378601,1.100000023841858,119000
2025-03-11,1.149999976158142,1.149999976158142,1.090000033378601,1.1100000143051147,128300
2025-03-12,1.149999976158142,1.1699999570846558,1.1200000047683716,1.1699999570846558,116000
2025-03-13,1.2000000476837158,1.215000033378601,1.159999966621399,1.1699999570846558,243900
2025-03-14,1.2300000190734863,1.2599999904632568,1.2100000381469727,1.2400000095367432,124900
2025-03-17,1.2999999523162842,1.2999999523162842,1.2309999465942383,1.2599999904632568,187600
2025-03-18,1.190000057220459,1.2960000038146973,1.1799999475479126,1.2799999713897705,228800
2025-03-19,1.2100000381469727,1.2350000143051147,1.159999966621399,1.2300000190734863,211500
2025-03-20,1.409999966621399,1.4900000095367432,1.2699999809265137,1.2899999618530273,1716000
2025-03-21,1.5499999523162842,1.5700000524520874,1.3830000162124634,1.3899999856948853,617900
2025-03-24,1.4900000095367432,1.590000033378601,1.399999976158142,1.590000033378601,576900
2025-03-25,1.5800000429153442,2.240000009536743,1.5399999618530273,1.659999966621399,4698300
2025-03-26,1.8700000047683716,2.4100000858306885,1.7999999523162842,1.9199999570846558,14574300
2025-03-27,1.8899999856948853,2.009999990463257,1.659999966621399,1.9800000190734863,1533500
2025-03-28,1.809999942779541,1.9800000190734863,1.7599999904632568,1.9600000381469727,957500
2025-03-31,1.6100000143051147,1.7970000505447388,1.600000023841858,1.7300000190734863,481400
2025-04-01,1.4900000095367432,1.659999966621399,1.409999966621399,1.600000023841858,700600
2025-04-02,1.5199999809265137,1.5499999523162842,1.4199999570846558,1.4500000476837158,357200
2025-04-03,1.3899999856948853,1.5049999952316284,1.3600000143051147,1.4299999475479126,298600
2025-04-04,1.2899999618530273,1.402999997138977,1.2699999809265137,1.309999942779541,308400
2025-04-07,1.2200000286102295,1.350000023841858,1.159999966621399,1.25,598100
2025-04-08,1.2100000381469727,1.2999999523162842,1.2000000476837158,1.2699999809265137,249800
2025-04-09,1.2599999904632568,1.350000023841858,1.1399999856948853,1.1799999475479126,582400
2025-04-10,1.149999976158142,1.2699999809265137,1.149999976158142,1.2200000286102295,326800
2025-04-11,1.2999999523162842,1.2999999523162842,1.1299999952316284,1.149999976158142,259700
2025-04-14,1.3200000524520874,1.3350000381469727,1.2400000095367432,1.3300000429153442,357800
2025-04-15,1.2599999904632568,1.340000033378601,1.1799999475479126,1.2999999523162842,393600
2025-04-16,1.25,1.2599999904632568,1.190000057220459,1.2100000381469727,188000
2025-04-17,1.2100000381469727,1.2400000095367432,1.1699999570846558,1.2300000190734863,323400
2025-04-21,1.2000000476837158,1.2100000381469727,1.1649999618530273,1.1799999475479126,259800
2025-04-22,1.3799999952316284,1.3899999856948853,1.2300000190734863,1.25,580000
2025-04-23,1.2999999523162842,1.4500000476837158,1.2699999809265137,1.399999976158142,322500
2025-04-24,1.2699999809265137,1.399999976158142,1.2599999904632568,1.2999999523162842,342900
2025-04-25,1.309999942779541,1.3600000143051147,1.2109999656677246,1.2300000190734863,324500
2025-04-28,1.2999999523162842,1.4299999475479126,1.25,1.340000033378601,552400
2025-04-29,1.4299999475479126,1.5700000524520874,1.2999999523162842,1.2999999523162842,819100
2025-04-30,1.5199999809265137,1.5199999809265137,1.3450000286102295,1.4299999475479126,529000
2025-05-01,1.4900000095367432,1.5399999618530273,1.4299999475479126,1.5099999904632568,318000
2025-05-02,1.5499999523162842,1.6399999856948853,1.5399999618530273,1.5499999523162842,376200
2025-05-05,1.5,1.61899995803833,1.4709999561309814,1.559999942779541,247100
2025-05-06,1.3799999952316284,1.5099999904632568,1.3799999952316284,1.5099999904632568,315600
2025-05-07,1.399999976158142,1.4199999570846558,1.3600000143051147,1.4199999570846558,179300
2025-05-08,1.4299999475479126,1.4850000143051147,1.350000023841858,1.3899999856948853,148900
2025-05-09,1.4800000190734863,1.5299999713897705,1.4079999923706055,1.4500000476837158,176800
2025-05-12,1.5499999523162842,1.590000033378601,1.4700000286102295,1.5,222700
2025-05-13,1.5199999809265137,1.5700000524520874,1.4500000476837158,1.5399999618530273,191800
2025-05-14,1.4600000381469727,1.5399999618530273,1.4179999828338623,1.5099999904632568,160900
2025-05-15,1.5299999713897705,1.5399999618530273,1.399999976158142,1.4700000286102295,183200
2025-05-16,1.6699999570846558,1.690000057220459,1.5,1.5199999809265137,376900
2025-05-19,1.7899999618530273,1.7999999523162842,1.6399999856948853,1.6699999570846558,334900
2025-05-20,1.8300000429153442,1.8350000381469727,1.7200000286102295,1.7699999809265137,275000
2025-05-21,1.7100000381469727,1.7599999904632568,1.6200000047683716,1.7400000095367432,363000
2025-05-22,1.7000000476837158,1.7699999809265137,1.649999976158142,1.6699999570846558,291700
2025-05-23,1.6399999856948853,1.6799999475479126,1.6100000143051147,1.649999976158142,141800
2025-05-27,1.649999976158142,1.690000057220459,1.6100000143051147,1.649999976158142,181400
2025-05-28,1.600000023841858,1.649999976158142,1.559999942779541,1.649999976158142,204400
2025-05-29,1.5800000429153442,1.6299999952316284,1.565000057220459,1.6100000143051147,148200
2025-05-30,1.5399999618530273,1.565000057220459,1.5099999904632568,1.5399999618530273,75400
2025-06-02,1.6200000047683716,1.6299999952316284,1.5399999618530273,1.5499999523162842,255600
2025-06-03,1.6799999475479126,1.690000057220459,1.5700000524520874,1.649999976158142,198700
2025-06-04,1.7100000381469727,1.7300000190734863,1.6399999856948853,1.6699999570846558,141200
2025-06-05,1.690000057220459,1.7300000190734863,1.6299999952316284,1.7200000286102295,191700
2025-06-06,1.8300000429153442,1.850000023841858,1.649999976158142,1.690000057220459,336400
2025-06-09,1.940000057220459,1.940000057220459,1.7999999523162842,1.850000023841858,316400
2025-06-10,1.7699999809265137,1.9450000524520874,1.6799999475479126,1.940000057220459,537200
2025-06-11,1.659999966621399,1.7949999570846558,1.649999976158142,1.7699999809265137,256800
2025-06-12,1.590000033378601,1.687000036239624,1.559999942779541,1.6299999952316284,271500
2025-06-13,1.4900000095367432,1.6150000095367432,1.4600000381469727,1.5800000429153442,489200
2025-06-16,1.5299999713897705,1.5499999523162842,1.4800000190734863,1.5099999904632568,225300
2025-06-17,1.4299999475479126,1.5199999809265137,1.4299999475479126,1.5,242200
2025-06-18,1.4600000381469727,1.4800000190734863,1.409999966621399,1.4500000476837158,171700
2025-06-20,1.5,1.5700000524520874,1.4299999475479126,1.4700000286102295,255100
2025-06-23,1.5199999809265137,1.5800000429153442,1.4700000286102295,1.4800000190734863,484700
2025-06-24,1.7000000476837158,1.7100000381469727,1.5399999618530273,1.559999942779541,369400
2025-06-25,1.649999976158142,1.7100000381469727,1.6200000047683716,1.7100000381469727,164300
2025-06-26,1.6200000047683716,1.6399999856948853,1.4800000190734863,1.6399999856948853,404000
2025-06-27,1.4199999570846558,1.6299999952316284,1.4199999570846558,1.6100000143051147,4277000
2025-06-30,1.399999976158142,1.4700000286102295,1.3899999856948853,1.440000057220459,370200
2025-07-01,1.350000023841858,1.4490000009536743,1.350000023841858,1.399999976158142,476400
2025-07-02,1.4299999475479126,1.4900000095367432,1.350000023841858,1.3600000143051147,409700
2025-07-03,1.440000057220459,1.4600000381469727,1.4199999570846558,1.4299999475479126,118700
2025-07-07,1.4199999570846558,1.4500000476837158,1.399999976158142,1.440000057220459,184600
2025-07-08,1.4299999475479126,1.4900000095367432,1.399999976158142,1.4199999570846558,203700
2025-07-09,1.5800000429153442,1.5800000429153442,1.4500000476837158,1.4500000476837158,267200
2025-07-10,1.5499999523162842,1.6299999952316284,1.5399999618530273,1.5800000429153442,263300
2025-07-11,1.5199999809265137,1.5700000524520874,1.4900000095367432,1.5499999523162842,203700
2025-07-14,1.5700000524520874,1.5700000524520874,1.4800000190734863,1.5,121400
2025-07-15,1.4900000095367432,1.590000033378601,1.4900000095367432,1.5499999523162842,201300
2025-07-16,1.590000033378601,1.6089999675750732,1.5,1.5199999809265137,165900
2025-07-17,1.6200000047683716,1.690000057220459,1.5700000524520874,1.5700000524520874,340900
2025-07-18,1.7100000381469727,1.7699999809265137,1.6299999952316284,1.649999976158142,242500
2025-07-21,1.690000057220459,1.7899999618530273,1.6699999570846558,1.7400000095367432,334400
2025-07-22,1.8200000524520874,1.8350000381469727,1.6299999952316284,1.7100000381469727,380600
2025-07-23,1.8700000047683716,1.8899999856948853,1.781000018119812,1.850000023841858,282800
2025-07-24,1.8200000524520874,1.8700000047683716,1.75,1.8700000047683716,180600
2025-07-25,1.7899999618530273,1.8600000143051147,1.7510000467300415,1.8300000429153442,147200
2025-07-28,1.7200000286102295,1.7899999618530273,1.7000000476837158,1.7899999618530273,189300
2025-07-29,1.6100000143051147,1.7599999904632568,1.600000023841858,1.7200000286102295,193000
2025-07-30,1.5700000524520874,1.7400000095367432,1.5399999618530273,1.600000023841858,206000
2025-07-31,1.6299999952316284,1.7400000095367432,1.590000033378601,1.590000033378601,605300
2025-08-01,1.6100000143051147,1.6799999475479126,1.5700000524520874,1.6299999952316284,151200
2025-08-04,1.659999966621399,1.6749999523162842,1.6200000047683716,1.6200000047683716,90800
2025-08-05,1.6200000047683716,1.659999966621399,1.6050000190734863,1.6399999856948853,82800
2025-08-06,1.600000023841858,1.6480000019073486,1.590000033378601,1.6200000047683716,73600
2025-08-07,1.559999942779541,1.6299999952316284,1.5499999523162842,1.6299999952316284,65500
2025-08-08,1.5399999618530273,1.600000023841858,1.5099999904632568,1.5700000524520874,99200
2025-08-11,1.4700000286102295,1.559000015258789,1.3899999856948853,1.5499999523162842,431500
2025-08-12,1.5099999904632568,1.6100000143051147,1.4199999570846558,1.4800000190734863,301800
2025-08-13,1.600000023841858,1.6399999856948853,1.4900000095367432,1.5299999713897705,258200
2025-08-14,1.649999976158142,1.649999976158142,1.5299999713897705,1.590000033378601,98100
2025-08-15,1.690000057220459,1.690000057220459,1.6100000143051147,1.649999976158142,103700
2025-08-18,1.7100000381469727,1.7599999904632568,1.6510000228881836,1.6799999475479126,191300
2025-08-19,1.649999976158142,1.7300000190734863,1.649999976158142,1.7000000476837158,97000
2025-08-20,1.6399999856948853,1.6799999475479126,1.600000023841858,1.6200000047683716,52700
2025-08-21,1.7100000381469727,1.7599999904632568,1.6200000047683716,1.6200000047683716,109800
2025-08-22,1.7400000095367432,1.7899999618530273,1.7200000286102295,1.7300000190734863,123000
2025-08-25,1.7899999618530273,1.7999999523162842,1.659999966621399,1.7200000286102295,135100
2025-08-26,1.7799999713897705,1.805999994277954,1.7450000047683716,1.7699999809265137,122500
2025-08-27,1.7599999904632568,1.7999999523162842,1.7300000190734863,1.75,156600
2025-08-28,1.7400000095367432,1.7999999523162842,1.7259999513626099,1.7799999713897705,141500
2025-08-29,1.7799999713897705,1.7999999523162842,1.75,1.7599999904632568,144400
2025-09-02,1.7300000190734863,1.7799999713897705,1.7100000381469727,1.7799999713897705,161600
2025-09-03,1.7100000381469727,1.75600004196167,1.690000057220459,1.7000000476837158,59100
2025-09-04,1.690000057220459,1.7050000429153442,1.659999966621399,1.690000057220459,107200
2025-09-05,1.5800000429153442,1.6699999570846558,1.5199999809265137,1.6699999570846558,391600
2025-09-08,1.600000023841858,1.6200000047683716,1.5299999713897705,1.5700000524520874,124800
2025-09-09,1.600000023841858,1.6399999856948853,1.559999942779541,1.590000033378601,131100
2025-09-10,1.6100000143051147,1.6699999570846558,1.559999942779541,1.600000023841858,144000
2025-09-11,1.6799999475479126,1.7000000476837158,1.6299999952316284,1.6299999952316284,86600
2025-09-12,1.6299999952316284,1.6799999475479126,1.6299999952316284,1.6799999475479126,102800
2025-09-15,1.6200000047683716,1.6399999856948853,1.600000023841858,1.6299999952316284,55400
2025-09-16,1.659999966621399,1.659999966621399,1.6200000047683716,1.649999976158142,77100
2025-09-17,1.6100000143051147,1.6699999570846558,1.6050000190734863,1.6399999856948853,79000
2025-09-18,1.649999976158142,1.7000000476837158,1.6299999952316284,1.6299999952316284,74400
2025-09-19,1.590000033378601,1.659999966621399,1.590000033378601,1.659999966621399,133800
2025-09-22,1.6299999952316284,1.6299999952316284,1.5800000429153442,1.600000023841858,141500
2025-09-23,1.6200000047683716,1.659999966621399,1.559999942779541,1.659999966621399,142100
2025-09-24,1.6200000047683716,1.6399999856948853,1.600000023841858,1.600000023841858,72800
2025-09-25,1.590000033378601,1.6100000143051147,1.559999942779541,1.600000023841858,148300
2025-09-26,1.6100000143051147,1.6100000143051147,1.559999942779541,1.590000033378601,100600
2025-09-29,1.6200000047683716,1.6799999475479126,1.590000033378601,1.590000033378601,110300
2025-09-30,1.600000023841858,1.6299999952316284,1.590999960899353,1.6299999952316284,56000
2025-10-01,1.600000023841858,1.6399999856948853,1.5800000429153442,1.600000023841858,82900
2025-10-02,1.600000023841858,1.628000020980835,1.5700000524520874,1.590000033378601,113600
2025-10-03,1.5800000429153442,1.6399999856948853,1.559999942779541,1.6100000143051147,334900
2025-10-06,1.559999942779541,1.6200000047683716,1.5499999523162842,1.5800000429153442,147900
2025-10-07,1.5800000429153442,1.590000033378601,1.5499999523162842,1.5800000429153442,71600
2025-10-08,1.5399999618530273,1.590000033378601,1.5299999713897705,1.5700000524520874,125200
2025-10-09,1.5,1.5859999656677246,1.4800000190734863,1.5399999618530273,241700
2025-10-10,1.4900000095367432,1.5299999713897705,1.4800000190734863,1.5199999809265137,136500
2025-10-13,1.6100000143051147,1.6100000143051147,1.4700000286102295,1.4900000095367432,428400
2025-10-14,1.559999942779541,1.6100000143051147,1.5299999713897705,1.6100000143051147,191900
2025-10-15,1.5499999523162842,1.590000033378601,1.5099999904632568,1.5499999523162842,267400
2025-10-16,1.4600000381469727,1.5700000524520874,1.4500000476837158,1.5499999523162842,219900
2025-10-17,1.4600000381469727,1.4900000095367432,1.4500000476837158,1.4600000381469727,142000
2025-10-20,1.5199999809265137,1.524999976158142,1.4500000476837158,1.4900000095367432,142700
2025-10-21,1.5099999904632568,1.5360000133514404,1.4500000476837158,1.5299999713897705,71700
2025-10-22,1.440000057220459,1.5,1.399999976158142,1.5,281000
2025-10-23,1.4299999475479126,1.4600000381469727,1.3899999856948853,1.4500000476837158,168900
2025-10-24,1.6699999570846558,1.7400000095367432,1.5099999904632568,1.559999942779541,1888000
2025-10-27,1.5299999713897705,1.690000057220459,1.5299999713897705,1.6799999475479126,584400
2025-10-28,1.4800000190734863,1.5540000200271606,1.440000057220459,1.5399999618530273,193700
2025-10-29,1.4600000381469727,1.4800000190734863,1.4110000133514404,1.4700000286102295,221900
2025-10-30,1.4199999570846558,1.4500000476837158,1.399999976158142,1.4299999475479126,125500
2025-10-31,1.4299999475479126,1.440000057220459,1.399999976158142,1.409999966621399,97100
2025-11-03,1.3799999952316284,1.4299999475479126,1.3600000143051147,1.409999966621399,305800
2025-11-04,1.350000023841858,1.399999976158142,1.3300000429153442,1.350000023841858,273000
2025-11-05,1.340000033378601,1.3600000143051147,1.3250000476837158,1.3300000429153442,90700
2025-11-06,1.3200000524520874,1.399999976158142,1.2999999523162842,1.3600000143051147,145300
2025-11-07,1.2599999904632568,1.3200000524520874,1.2300000190734863,1.2999999523162842,286600
2025-11-10,1.3300000429153442,1.3300000429153442,1.2599999904632568,1.2799999713897705,87600
2025-11-11,1.309999942779541,1.3300000429153442,1.274999976158142,1.2899999618530273,136000
2025-11-12,1.2999999523162842,1.3200000524520874,1.2799999713897705,1.2799999713897705,71300
2025-11-13,1.25,1.309999942779541,1.2339999675750732,1.2999999523162842,102200
2025-11-14,1.2699999809265137,1.340000033378601,1.2350000143051147,1.2400000095367432,63000
2025-11-17,1.4500000476837158,1.600000023841858,1.350000023841858,1.3799999952316284,1620600
2025-11-18,1.4299999475479126,1.4800000190734863,1.3799999952316284,1.4600000381469727,193600
2025-11-19,1.3600000143051147,1.440000057220459,1.3300000429153442,1.440000057220459,123200
2025-11-20,1.2899999618530273,1.409999966621399,1.2899999618530273,1.350000023841858,168300
2025-11-21,1.3300000429153442,1.340000033378601,1.25,1.2799999713897705,118500
2025-11-24,1.3700000047683716,1.4199999570846558,1.2999999523162842,1.309999942779541,101100
2025-11-25,1.399999976158142,1.399999976158142,1.3200000524520874,1.3799999952316284,53500
2025-11-26,1.4500000476837158,1.4800000190734863,1.371999979019165,1.3799999952316284,94400
2025-11-28,1.3799999952316284,1.440000057220459,1.3799999952316284,1.440000057220459,58000
2025-12-01,1.3700000047683716,1.4199999570846558,1.3550000190734863,1.399999976158142,385800
2025-12-02,1.3799999952316284,1.399999976158142,1.3300000429153442,1.3700000047683716,112600
2025-12-03,1.4500000476837158,1.475000023841858,1.3799999952316284,1.3799999952316284,151000
2025-12-04,1.4500000476837158,1.5399999618530273,1.409999966621399,1.4500000476837158,82200
2025-12-05,1.4299999475479126,1.4700000286102295,1.399999976158142,1.4500000476837158,86000
2025-12-08,1.399999976158142,1.4700000286102295,1.399999976158142,1.4500000476837158,141800
2025-12-09,1.4299999475479126,1.4500000476837158,1.371000051498413,1.399999976158142,259500
2025-12-10,1.4199999570846558,1.4600000381469727,1.409999966621399,1.440000057220459,155900
2025-12-11,1.4500000476837158,1.475000023841858,1.409999966621399,1.4199999570846558,88400
2025-12-12,1.5099999904632568,1.5549999475479126,1.4700000286102295,1.5099999904632568,433200
2025-12-15,1.590000033378601,1.690000057220459,1.5199999809265137,1.5199999809265137,312100
2025-12-16,1.5199999809265137,1.5640000104904175,1.4800000190734863,1.559999942779541,143800
2025-12-17,1.659999966621399,1.6649999618530273,1.4800000190734863,1.5,301200
2025-12-18,1.590000033378601,1.6699999570846558,1.5700000524520874,1.649999976158142,167400
2025-12-19,1.690000057220459,1.7100000381469727,1.565999984741211,1.600000023841858,220800
2025-12-22,1.600000023841858,1.7200000286102295,1.600000023841858,1.7100000381469727,195400
2025-12-23,1.5800000429153442,1.6349999904632568,1.559999942779541,1.590000033378601,119100
2025-12-24,1.590000033378601,1.6100000143051147,1.5499999523162842,1.600000023841858,53900
2025-12-26,1.5199999809265137,1.600000023841858,1.4800000190734863,1.590000033378601,136300
2025-12-29,1.4199999570846558,1.5199999809265137,1.409999966621399,1.5199999809265137,173000
2025-12-30,1.409999966621399,1.4520000219345093,1.3799999952316284,1.4199999570846558,196600
2025-12-31,1.3600000143051147,1.4259999990463257,1.350000023841858,1.3799999952316284,245600
2026-01-02,1.3700000047683716,1.375,1.3300000429153442,1.3600000143051147,130000
2026-01-05,1.4500000476837158,1.4500000476837158,1.350000023841858,1.3799999952316284,117300
2026-01-06,1.4299999475479126,1.4900000095367432,1.4019999504089355,1.4199999570846558,125900
2026-01-07,1.4600000381469727,1.4700000286102295,1.4199999570846558,1.4500000476837158,68400
2026-01-08,1.4299999475479126,1.4800000190734863,1.4199999570846558,1.4500000476837158,59400
2026-01-09,1.3899999856948853,1.4700000286102295,1.3700000047683716,1.4299999475479126,61500
2026-01-12,1.2999999523162842,1.3990000486373901,1.2699999809265137,1.3600000143051147,349000
2026-01-13,1.350000023841858,1.3550000190734863,1.2999999523162842,1.2999999523162842,98600
2026-01-14,1.3300000429153442,1.3600000143051147,1.2999999523162842,1.350000023841858,73000
2026-01-15,1.309999942779541,1.350000023841858,1.2999999523162842,1.350000023841858,111400
2026-01-16,1.3300000429153442,1.340000033378601,1.2999999523162842,1.309999942779541,75500
2026-01-20,1.2799999713897705,1.3300000429153442,1.2799999713897705,1.3300000429153442,160500
2026-01-21,1.3200000524520874,1.340000033378601,1.2799999713897705,1.2799999713897705,172200
2026-01-22,1.340000033378601,1.3799999952316284,1.309999942779541,1.3200000524520874,106700
2026-01-23,1.2999999523162842,1.3600000143051147,1.2899999618530273,1.3600000143051147,180400
2026-01-26,1.2699999809265137,1.2999999523162842,1.2680000066757202,1.2799999713897705,110500
2026-01-27,1.2899999618530273,1.2899999618530273,1.2599999904632568,1.2599999904632568,96700
2026-01-28,1.2200000286102295,1.2929999828338623,1.2100000381469727,1.2699999809265137,145700
2026-01-29,1.2300000190734863,1.25,1.2000000476837158,1.2400000095367432,100300
2026-01-30,1.159999966621399,1.2400000095367432,1.159999966621399,1.2200000286102295,108200
2026-02-02,1.2200000286102295,1.2269999980926514,1.1540000438690186,1.159999966621399,67400
2026-02-03,1.2000000476837158,1.2300000190734863,1.190000057220459,1.2000000476837158,96400
2026-02-04,1.159999966621399,1.2100000381469727,1.149999976158142,1.2000000476837158,134500
2026-02-05,1.159999966621399,1.2100000381469727,1.149999976158142,1.149999976158142,162900
2026-02-06,1.149999976158142,1.190000057220459,1.149999976158142,1.190000057220459,94000
2026-02-09,1.149999976158142,1.1729999780654907,1.1299999952316284,1.159999966621399,73900
2026-02-10,1.1399999856948853,1.2000000476837158,1.1200000047683716,1.1699999570846558,177500
2026-02-11,1.1200000047683716,1.1649999618530273,1.1150000095367432,1.149999976158142,64000
2026-02-12,1.1100000143051147,1.1799999475479126,1.1100000143051147,1.1200000047683716,116700
2026-02-13,1.1100000143051147,1.190000057220459,1.100000023841858,1.1299999952316284,95000
2026-02-17,1.0800000429153442,1.1549999713897705,1.059999942779541,1.149999976158142,187200
2026-02-18,1.0399999618530273,1.100000023841858,1.0199999809265137,1.100000023841858,187000
2026-02-19,1.1100000143051147,1.1200000047683716,1.0399999618530273,1.0399999618530273,75900
2026-02-20,1.059999942779541,1.159999966621399,1.0499999523162842,1.1200000047683716,87000
2026-02-23,1.0499999523162842,1.0800000429153442,1.0299999713897705,1.0499999523162842,170600
2026-02-24,1.0700000524520874,1.090000033378601,1.0299999713897705,1.0399999618530273,113100
2026-02-25,1.1399999856948853,1.1699999570846558,1.059999942779541,1.059999942779541,174300
2026-02-26,1.149999976158142,1.1699999570846558,1.1100000143051147,1.1399999856948853,60800
2026-02-27,1.1799999475479126,1.218000054359436,1.1399999856948853,1.159999966621399,107700
2026-03-02,1.1399999856948853,1.1799999475479126,1.1299999952316284,1.1799999475479126,112800
2026-03-03,1.1100000143051147,1.1649999618530273,1.090000033378601,1.1299999952316284,167500
2026-03-04,1.2300000190734863,1.2300000190734863,1.100000023841858,1.100000023841858,94300
2026-03-05,1.1799999475479126,1.2450000047683716,1.1699999570846558,1.2100000381469727,155600
2026-03-06,1.2000000476837158,1.2000000476837158,1.159999966621399,1.190000057220459,70500
2026-03-09,1.2000000476837158,1.215000033378601,1.1699999570846558,1.1799999475479126,51800
2026-03-10,1.2100000381469727,1.2200000286102295,1.190000057220459,1.2100000381469727,32400
2026-03-11,1.1799999475479126,1.2300000190734863,1.159999966621399,1.2300000190734863,67600
2026-03-12,1.1299999952316284,1.159999966621399,1.1200000047683716,1.1799999475479126,65332
