date,close,high,low,open,volume
2021-03-12,73.81999969482422,74.33999633789062,72.8499984741211,73.44000244140625,302100
2021-03-15,73.86000061035156,74.2300033569336,73.12000274658203,73.7699966430664,318800
2021-03-16,71.76000213623047,74.16000366210938,70.0199966430664,73.87999725341797,188300
2021-03-17,72.54000091552734,72.83000183105469,71.01000213623047,72.18000030517578,284700
2021-03-18,68.66000366210938,72.73999786376953,68.37000274658203,72.18000030517578,372400
2021-03-19,70.87000274658203,71.66000366210938,66.77999877929688,68.16999816894531,1126800
2021-03-22,72.02999877929688,72.31999969482422,69.91999816894531,71.31999969482422,440300
2021-03-23,70.4000015258789,72.44000244140625,70.0,71.5199966430664,291500
2021-03-24,68.88999938964844,71.29000091552734,68.69000244140625,70.91999816894531,284200
2021-03-25,70.2300033569336,70.48999786376953,67.26000213623047,68.05000305175781,436000
2021-03-26,73.25,73.2699966430664,69.5199966430664,70.77999877929688,261100
2021-03-29,70.13999938964844,74.3499984741211,70.12999725341797,73.13999938964844,280600
2021-03-30,70.19000244140625,70.44999694824219,68.72000122070312,69.77999877929688,271700
2021-03-31,71.08000183105469,71.79000091552734,69.58000183105469,69.58000183105469,278600
2021-04-01,71.2300033569336,72.37000274658203,70.6500015258789,71.3499984741211,245100
2021-04-05,72.08999633789062,72.2300033569336,70.79000091552734,72.1500015258789,152000
2021-04-06,72.0199966430664,72.54000091552734,71.5999984741211,71.80999755859375,171800
2021-04-07,70.55999755859375,72.43000030517578,70.41000366210938,71.9800033569336,166800
2021-04-08,72.22000122070312,72.27999877929688,70.3499984741211,71.25,239300
2021-04-09,71.97000122070312,72.37000274658203,71.0,71.72000122070312,150800
2021-04-12,71.55000305175781,72.63999938964844,71.19999694824219,71.93000030517578,260800
2021-04-13,70.55999755859375,73.08000183105469,69.69999694824219,71.2300033569336,300200
2021-04-14,70.61000061035156,72.19999694824219,70.47000122070312,70.93000030517578,162400
2021-04-15,70.56999969482422,71.79000091552734,67.91000366210938,70.95999908447266,150600
2021-04-16,71.75,71.97000122070312,70.44000244140625,71.12000274658203,172700
2021-04-19,70.69999694824219,71.81999969482422,70.05000305175781,71.69000244140625,197100
2021-04-20,69.30999755859375,71.37000274658203,68.95999908447266,70.31999969482422,221000
2021-04-21,70.48999786376953,70.76000213623047,68.62999725341797,69.08999633789062,244000
2021-04-22,70.41999816894531,71.54000091552734,69.88999938964844,70.52999877929688,345800
2021-04-23,70.83999633789062,71.69000244140625,70.12999725341797,70.66999816894531,230300
2021-04-26,72.54000091552734,73.26000213623047,71.16000366210938,71.16000366210938,351900
2021-04-27,72.04000091552734,73.25,71.72000122070312,73.0199966430664,270900
2021-04-28,74.68000030517578,75.08999633789062,71.48999786376953,72.0999984741211,462400
2021-04-29,70.87999725341797,75.0,69.36000061035156,75.0,470000
2021-04-30,71.12000274658203,71.2300033569336,69.66999816894531,70.18000030517578,350500
2021-05-03,68.72000122070312,71.02999877929688,68.48999786376953,70.79000091552734,436100
2021-05-04,67.05999755859375,68.98999786376953,65.02999877929688,67.06999969482422,556200
2021-05-05,65.9800033569336,67.29000091552734,65.69999694824219,66.5,362400
2021-05-06,67.11000061035156,67.19999694824219,64.3499984741211,65.5,268000
2021-05-07,67.02999877929688,68.13999938964844,66.52999877929688,67.19999694824219,175400
2021-05-10,66.11000061035156,67.12000274658203,65.91000366210938,66.63999938964844,220000
2021-05-11,67.4800033569336,67.4800033569336,64.61000061035156,64.61000061035156,306600
2021-05-12,67.9800033569336,68.62999725341797,65.91999816894531,66.55000305175781,607100
2021-05-13,68.5,68.93000030517578,66.37999725341797,67.69999694824219,374500
2021-05-14,69.31999969482422,69.87999725341797,68.70999908447266,68.8499984741211,254600
2021-05-17,69.66999816894531,69.68000030517578,67.41999816894531,68.62000274658203,327800
2021-05-18,69.7699966430664,70.91000366210938,67.88999938964844,69.88999938964844,591100
2021-05-19,69.19999694824219,69.19999694824219,68.0,68.51000213623047,466600
2021-05-20,70.05000305175781,70.30999755859375,68.52999877929688,69.0,379600
2021-05-21,70.41000366210938,70.86000061035156,69.43000030517578,70.6500015258789,327800
2021-05-24,70.25,70.8499984741211,69.5,70.41000366210938,145400
2021-05-25,69.58999633789062,70.63999938964844,69.08000183105469,70.26000213623047,237000
2021-05-26,70.52999877929688,70.62999725341797,68.97000122070312,70.05000305175781,145600
2021-05-27,70.44000244140625,71.4000015258789,69.8499984741211,70.5999984741211,297800
2021-05-28,70.69000244140625,71.1500015258789,70.0,70.69999694824219,177000
2021-06-01,70.66000366210938,70.94000244140625,70.30000305175781,70.58999633789062,199900
2021-06-02,71.68000030517578,71.7300033569336,70.44000244140625,70.69000244140625,325700
2021-06-03,71.58000183105469,72.18000030517578,70.7300033569336,71.45999908447266,210300
2021-06-04,73.33000183105469,73.33000183105469,71.22000122070312,73.18000030517578,193900
2021-06-07,72.5999984741211,74.0999984741211,72.30999755859375,73.0,263900
2021-06-08,75.31999969482422,75.5999984741211,72.5999984741211,72.5999984741211,254000
2021-06-09,74.37999725341797,76.62999725341797,74.20999908447266,75.56999969482422,226600
2021-06-10,75.62999725341797,75.97000122070312,74.13999938964844,74.31999969482422,165800
2021-06-11,76.5,76.5,75.3499984741211,76.0,127800
2021-06-14,76.36000061035156,77.0199966430664,75.81999969482422,76.81999969482422,217500
2021-06-15,75.62000274658203,76.61000061035156,75.41000366210938,76.05999755859375,191700
2021-06-16,76.43000030517578,76.95999908447266,75.12999725341797,75.69999694824219,195700
2021-06-17,77.33999633789062,77.69000244140625,75.73999786376953,76.37999725341797,176200
2021-06-18,75.86000061035156,77.2699966430664,75.0999984741211,76.87000274658203,932500
2021-06-21,77.41000366210938,77.58000183105469,75.75,76.20999908447266,203900
2021-06-22,77.83000183105469,77.91999816894531,76.56999969482422,77.06999969482422,166500
2021-06-23,78.12999725341797,78.8499984741211,77.41999816894531,78.0,226700
2021-06-24,78.9800033569336,79.13999938964844,78.43000030517578,78.69000244140625,130500
2021-06-25,79.0199966430664,79.56999969482422,78.75,79.08999633789062,659700
2021-06-28,78.79000091552734,79.98999786376953,78.37999725341797,79.4000015258789,207100
2021-06-29,77.5999984741211,79.16000366210938,77.55000305175781,78.29000091552734,105000
2021-06-30,76.56999969482422,77.51000213623047,76.48999786376953,77.51000213623047,159500
2021-07-01,77.05000305175781,77.1500015258789,76.3499984741211,77.0199966430664,179200
2021-07-02,76.9800033569336,77.91999816894531,76.86000061035156,77.27999877929688,100600
2021-07-06,76.4000015258789,77.5999984741211,75.47000122070312,77.16000366210938,132500
2021-07-07,75.94999694824219,77.2699966430664,75.58000183105469,76.66000366210938,111200
2021-07-08,74.4800033569336,75.23999786376953,73.93000030517578,74.80999755859375,159300
2021-07-09,75.3499984741211,75.6500015258789,73.95999908447266,74.94000244140625,143100
2021-07-12,74.08000183105469,76.19000244140625,73.26000213623047,75.23999786376953,206300
2021-07-13,72.73999786376953,74.27999877929688,72.62000274658203,74.08000183105469,145400
2021-07-14,71.94999694824219,73.08999633789062,71.63999938964844,73.06999969482422,149800
2021-07-15,71.0999984741211,72.13999938964844,70.4000015258789,71.80999755859375,137100
2021-07-16,70.77999877929688,72.2699966430664,70.69999694824219,71.77999877929688,194400
2021-07-19,69.83999633789062,70.83999633789062,68.9000015258789,69.7300033569336,193300
2021-07-20,71.0199966430664,71.62999725341797,69.88999938964844,70.16000366210938,324200
2021-07-21,71.7300033569336,72.12999725341797,70.73999786376953,71.5199966430664,280200
2021-07-22,70.30000305175781,72.30999755859375,70.11000061035156,71.61000061035156,154800
2021-07-23,71.69000244140625,72.2699966430664,69.73999786376953,70.81999969482422,147200
2021-07-26,72.41999816894531,72.6500015258789,71.30999755859375,72.06999969482422,143300
2021-07-27,70.31999969482422,72.01000213623047,69.27999877929688,72.01000213623047,179500
2021-07-28,71.62000274658203,72.02999877929688,70.5,70.88999938964844,106600
2021-07-29,71.8499984741211,72.80000305175781,71.81999969482422,71.81999969482422,90800
2021-07-30,71.33000183105469,72.81999969482422,71.0,71.38999938964844,146300
2021-08-02,70.79000091552734,72.33999633789062,69.19999694824219,71.72000122070312,185100
2021-08-03,70.98999786376953,71.38999938964844,69.45999908447266,70.93000030517578,184500
2021-08-04,70.06999969482422,71.54000091552734,69.25,71.33999633789062,150000
2021-08-05,71.13999938964844,71.52999877929688,70.01000213623047,70.48999786376953,173400
2021-08-06,72.6500015258789,72.72000122070312,70.86000061035156,71.37999725341797,254000
2021-08-09,70.33000183105469,73.19000244140625,70.22000122070312,72.77999877929688,343100
2021-08-10,69.51000213623047,70.33999633789062,68.58000183105469,70.33999633789062,121900
2021-08-11,70.69000244140625,70.83000183105469,69.44999694824219,69.86000061035156,158600
2021-08-12,68.83999633789062,70.73999786376953,68.55000305175781,70.48999786376953,243000
2021-08-13,68.54000091552734,68.97000122070312,68.05999755859375,68.63999938964844,101400
2021-08-16,67.44000244140625,68.26000213623047,67.12999725341797,68.26000213623047,107200
2021-08-17,65.70999908447266,67.37999725341797,64.93000030517578,67.37999725341797,210200
2021-08-18,63.150001525878906,65.70999908447266,63.099998474121094,65.41999816894531,397100
2021-08-19,65.26000213623047,65.37000274658203,61.20000076293945,62.560001373291016,931100
2021-08-20,66.05000305175781,66.70999908447266,65.16000366210938,65.25,208600
2021-08-23,67.45999908447266,67.7699966430664,66.05999755859375,66.33000183105469,166200
2021-08-24,68.41000366210938,68.55999755859375,67.02999877929688,68.13999938964844,148700
2021-08-25,68.2699966430664,69.02999877929688,68.0999984741211,68.95999908447266,154800
2021-08-26,68.12000274658203,69.2300033569336,67.81999969482422,67.97000122070312,147900
2021-08-27,69.80999755859375,70.30999755859375,67.94000244140625,67.94000244140625,235600
2021-08-30,69.48999786376953,70.30999755859375,69.2699966430664,70.30999755859375,162300
2021-08-31,69.69000244140625,70.2699966430664,68.01000213623047,68.01000213623047,220500
2021-09-01,70.68000030517578,71.20999908447266,69.04000091552734,70.13999938964844,240000
2021-09-02,71.05000305175781,71.4000015258789,70.41000366210938,70.9000015258789,140000
2021-09-03,71.36000061035156,71.97000122070312,70.0,71.18000030517578,141200
2021-09-07,67.30000305175781,71.2699966430664,67.11000061035156,71.08000183105469,496200
2021-09-08,68.05000305175781,68.12000274658203,66.66000366210938,67.08000183105469,308000
2021-09-09,67.33000183105469,68.33999633789062,66.8499984741211,67.88999938964844,284900
2021-09-10,67.11000061035156,68.05000305175781,66.97000122070312,67.70999908447266,305300
2021-09-13,68.18000030517578,68.51000213623047,67.13999938964844,67.80000305175781,223300
2021-09-14,67.80000305175781,68.87999725341797,66.77999877929688,68.62000274658203,270900
2021-09-15,67.55000305175781,68.81999969482422,67.37000274658203,68.04000091552734,295000
2021-09-16,67.93000030517578,68.4000015258789,66.80999755859375,67.37999725341797,229500
2021-09-17,69.58000183105469,69.9000015258789,68.30999755859375,68.33000183105469,2436500
2021-09-20,68.12999725341797,69.5999984741211,66.83000183105469,68.54000091552734,398600
2021-09-21,68.2699966430664,69.69999694824219,68.22000122070312,68.9000015258789,238700
2021-09-22,69.94000244140625,70.16999816894531,68.29000091552734,68.88999938964844,447100
2021-09-23,72.73999786376953,72.86000061035156,70.16999816894531,70.44999694824219,249200
2021-09-24,72.47000122070312,73.25,71.63999938964844,72.83000183105469,176300
2021-09-27,72.2300033569336,73.3499984741211,72.0999984741211,72.91000366210938,234100
2021-09-28,71.56999969482422,72.77999877929688,70.94999694824219,71.75,234600
2021-09-29,71.72000122070312,72.30999755859375,70.9800033569336,71.62000274658203,122700
2021-09-30,70.3499984741211,72.56999969482422,70.20999908447266,72.0,210300
2021-10-01,72.72000122070312,73.26000213623047,70.62999725341797,70.62999725341797,214300
2021-10-04,72.22000122070312,72.55000305175781,71.33000183105469,72.43000030517578,193800
2021-10-05,72.9800033569336,73.41999816894531,71.94000244140625,72.12999725341797,149200
2021-10-06,72.69000244140625,73.12000274658203,71.9000015258789,72.68000030517578,149500
2021-10-07,74.69000244140625,75.41000366210938,72.76000213623047,72.76000213623047,193300
2021-10-08,73.47000122070312,74.9800033569336,73.30000305175781,74.88999938964844,138900
2021-10-11,72.8499984741211,74.41000366210938,72.61000061035156,73.33999633789062,104700
2021-10-12,72.44000244140625,73.19000244140625,72.18000030517578,72.73999786376953,146100
2021-10-13,72.12000274658203,73.20999908447266,71.76000213623047,72.56999969482422,189600
2021-10-14,74.66000366210938,74.77999877929688,72.69000244140625,72.93000030517578,211400
2021-10-15,75.0199966430664,76.04000091552734,74.81999969482422,75.58999633789062,274600
2021-10-18,74.41000366210938,75.12000274658203,74.05999755859375,74.62000274658203,121200
2021-10-19,74.4000015258789,75.3499984741211,72.91000366210938,74.4800033569336,78500
2021-10-20,73.55000305175781,74.5199966430664,73.37000274658203,74.2699966430664,145100
2021-10-21,74.58999633789062,74.70999908447266,73.1500015258789,73.41000366210938,126900
2021-10-22,73.5999984741211,74.98999786376953,73.19999694824219,74.55000305175781,129700
2021-10-25,72.7300033569336,74.01000213623047,72.45999908447266,73.79000091552734,143300
2021-10-26,72.55999755859375,73.19000244140625,72.5,72.83999633789062,178800
2021-10-27,69.61000061035156,72.41999816894531,69.33999633789062,72.41999816894531,142600
2021-10-28,71.2699966430664,71.37999725341797,68.76000213623047,69.30000305175781,224800
2021-10-29,71.01000213623047,71.58000183105469,70.13999938964844,71.2699966430664,171600
2021-11-01,71.94000244140625,72.44000244140625,70.29000091552734,71.1500015258789,251400
2021-11-02,72.05000305175781,72.94000244140625,70.30999755859375,72.30999755859375,180500
2021-11-03,73.01000213623047,73.62999725341797,71.4800033569336,72.05999755859375,173800
2021-11-04,83.56999969482422,84.27999877929688,76.37999725341797,78.0,554900
2021-11-05,84.12000274658203,86.79000091552734,83.01000213623047,83.9800033569336,402400
2021-11-08,86.4800033569336,86.95999908447266,84.04000091552734,84.58000183105469,369800
2021-11-09,85.4000015258789,86.79000091552734,84.13999938964844,86.58000183105469,162600
2021-11-10,83.73999786376953,85.68000030517578,82.70999908447266,85.05999755859375,173700
2021-11-11,84.38999938964844,84.80000305175781,82.68000030517578,84.02999877929688,115400
2021-11-12,83.2699966430664,85.18000030517578,83.08000183105469,84.25,122100
2021-11-15,82.4800033569336,83.87000274658203,82.04000091552734,83.55999755859375,106000
2021-11-16,81.9800033569336,82.87000274658203,81.61000061035156,82.16000366210938,164800
2021-11-17,80.16999816894531,81.66000366210938,79.80000305175781,81.52999877929688,329500
2021-11-18,81.12000274658203,81.20999908447266,79.0999984741211,80.16000366210938,287600
2021-11-19,82.91000366210938,83.29000091552734,81.3499984741211,81.5199966430664,205900
2021-11-22,81.54000091552734,83.37000274658203,81.01000213623047,83.37000274658203,289000
2021-11-23,80.62000274658203,82.33999633789062,79.72000122070312,81.18000030517578,277500
2021-11-24,80.0999984741211,81.18000030517578,79.27999877929688,79.93000030517578,146300
2021-11-26,77.51000213623047,80.16999816894531,76.73999786376953,78.63999938964844,157000
2021-11-29,76.4000015258789,78.62000274658203,76.19000244140625,78.62000274658203,253500
2021-11-30,75.45999908447266,77.08999633789062,74.0,76.22000122070312,254600
2021-12-01,71.73999786376953,81.51000213623047,71.62999725341797,76.58000183105469,240400
2021-12-02,73.31999969482422,73.47000122070312,71.22000122070312,71.80999755859375,182100
2021-12-03,71.5199966430664,73.87000274658203,69.87999725341797,73.52999877929688,266200
2021-12-06,74.76000213623047,75.02999877929688,71.12999725341797,72.27999877929688,208100
2021-12-07,77.33000183105469,77.87000274658203,75.30999755859375,75.83999633789062,157900
2021-12-08,78.5199966430664,78.62999725341797,76.33000183105469,77.26000213623047,147000
2021-12-09,78.33000183105469,80.02999877929688,76.37999725341797,77.97000122070312,264400
2021-12-10,78.44999694824219,79.38999938964844,77.79000091552734,78.73999786376953,163300
2021-12-13,78.25,79.48999786376953,76.7699966430664,78.0199966430664,276500
2021-12-14,77.52999877929688,78.86000061035156,76.4800033569336,77.61000061035156,371800
2021-12-15,80.27999877929688,80.81999969482422,76.5999984741211,76.77999877929688,386900
2021-12-16,78.3499984741211,81.70999908447266,77.94000244140625,80.48999786376953,288700
2021-12-17,78.76000213623047,81.36000061035156,77.87999725341797,78.41999816894531,961900
2021-12-20,77.01000213623047,77.77999877929688,73.94999694824219,77.63999938964844,241200
2021-12-21,79.83000183105469,79.8499984741211,76.91999816894531,77.86000061035156,172400
2021-12-22,81.0999984741211,81.30999755859375,79.76000213623047,79.88999938964844,130000
2021-12-23,81.63999938964844,81.91999816894531,81.0999984741211,81.30999755859375,93000
2021-12-27,82.7300033569336,83.22000122070312,81.43000030517578,81.5999984741211,126300
2021-12-28,81.37000274658203,82.97000122070312,80.52999877929688,82.51000213623047,97400
2021-12-29,81.01000213623047,82.0999984741211,80.23999786376953,81.66000366210938,96200
2021-12-30,80.08000183105469,81.66999816894531,79.91999816894531,80.91000366210938,119800
2021-12-31,78.9800033569336,80.61000061035156,78.7300033569336,79.95999908447266,193800
2022-01-03,79.38999938964844,80.5,78.70999908447266,79.2300033569336,138000
2022-01-04,78.08000183105469,83.9800033569336,74.95999908447266,79.29000091552734,813700
2022-01-05,71.94000244140625,78.55000305175781,71.87999725341797,77.41000366210938,585400
2022-01-06,71.05000305175781,72.8499984741211,70.9800033569336,71.0,262600
2022-01-07,69.38999938964844,73.86000061035156,68.54000091552734,70.52999877929688,259600
2022-01-10,72.29000091552734,72.44000244140625,66.7699966430664,68.69000244140625,392900
2022-01-11,73.5199966430664,73.66000366210938,69.58000183105469,71.94999694824219,382600
2022-01-12,72.83999633789062,74.93000030517578,71.72000122070312,73.94999694824219,194400
2022-01-13,72.37999725341797,73.20999908447266,71.37999725341797,73.20999908447266,335900
2022-01-14,72.0199966430664,72.73999786376953,69.76000213623047,72.04000091552734,396400
2022-01-18,72.05999755859375,72.2300033569336,70.05000305175781,71.01000213623047,738200
2022-01-19,73.75,74.13999938964844,71.70999908447266,72.05000305175781,635100
2022-01-20,69.4800033569336,77.91000366210938,69.12000274658203,77.91000366210938,393900
2022-01-21,68.25,70.6500015258789,68.25,68.76000213623047,275900
2022-01-24,71.02999877929688,71.18000030517578,66.79000091552734,67.3499984741211,370000
2022-01-25,67.08000183105469,71.56999969482422,66.97000122070312,69.76000213623047,537800
2022-01-26,64.66999816894531,69.76000213623047,64.20999908447266,68.36000061035156,440400
2022-01-27,66.0199966430664,67.7699966430664,65.3499984741211,65.44999694824219,674400
2022-01-28,67.7300033569336,67.75,64.70999908447266,66.4000015258789,266700
2022-01-31,68.13999938964844,68.81999969482422,66.80000305175781,67.33000183105469,395700
2022-02-01,67.79000091552734,68.7699966430664,66.61000061035156,68.41999816894531,327800
2022-02-02,66.45999908447266,69.08999633789062,66.12999725341797,68.19999694824219,202300
2022-02-03,63.869998931884766,66.19999694824219,63.66999816894531,65.25,219200
2022-02-04,64.41999816894531,65.23999786376953,62.93000030517578,63.34000015258789,173400
2022-02-07,65.66000366210938,66.41999816894531,64.4000015258789,64.4000015258789,227500
2022-02-08,67.55000305175781,67.6500015258789,65.18000030517578,65.37999725341797,213900
2022-02-09,70.66999816894531,70.9800033569336,68.23999786376953,68.23999786376953,321200
2022-02-10,68.08000183105469,70.5,67.51000213623047,68.80999755859375,220200
2022-02-11,66.33000183105469,69.51000213623047,65.95999908447266,68.4000015258789,280600
2022-02-14,66.19999694824219,67.52999877929688,65.52999877929688,66.1500015258789,173500
2022-02-15,68.08999633789062,68.33999633789062,65.98999786376953,67.4000015258789,231000
2022-02-16,67.54000091552734,67.93000030517578,66.13999938964844,67.41999816894531,143900
2022-02-17,64.04000091552734,66.58000183105469,64.02999877929688,66.51000213623047,185000
2022-02-18,62.349998474121094,64.8499984741211,62.220001220703125,63.97999954223633,313700
2022-02-22,61.689998626708984,62.720001220703125,60.810001373291016,61.72999954223633,257400
2022-02-23,58.33000183105469,60.33000183105469,53.810001373291016,56.75,542800
2022-02-24,62.45000076293945,62.52000045776367,56.709999084472656,56.709999084472656,453300
2022-02-25,62.02000045776367,63.33000183105469,60.470001220703125,62.189998626708984,315500
2022-02-28,62.4900016784668,63.400001525878906,61.36000061035156,61.36000061035156,366000
2022-03-01,60.869998931884766,62.959999084472656,60.45000076293945,61.66999816894531,403300
2022-03-02,61.36000061035156,61.88999938964844,60.34000015258789,60.939998626708984,470900
2022-03-03,60.13999938964844,61.91999816894531,59.0,61.91999816894531,364000
2022-03-04,59.40999984741211,60.689998626708984,58.380001068115234,60.0,403300
2022-03-07,58.209999084472656,60.5,58.099998474121094,59.63999938964844,455900
2022-03-08,56.939998626708984,59.04999923706055,56.709999084472656,58.18000030517578,359700
2022-03-09,59.84000015258789,60.029998779296875,57.779998779296875,58.09000015258789,275000
2022-03-10,60.119998931884766,60.380001068115234,57.90999984741211,58.380001068115234,267200
2022-03-11,59.540000915527344,60.849998474121094,59.25,60.79999923706055,260500
2022-03-14,61.16999816894531,63.84000015258789,59.2599983215332,59.2599983215332,590100
2022-03-15,61.43000030517578,62.15999984741211,60.11000061035156,61.13999938964844,447400
2022-03-16,62.650001525878906,63.650001525878906,60.56999969482422,61.68000030517578,582000
2022-03-17,62.380001068115234,62.63999938964844,60.70000076293945,62.06999969482422,517600
2022-03-18,61.2400016784668,62.88999938964844,61.130001068115234,62.16999816894531,2767600
2022-03-21,59.959999084472656,60.95000076293945,59.18000030517578,59.970001220703125,438600
2022-03-22,62.13999938964844,62.400001525878906,59.459999084472656,60.02000045776367,369200
2022-03-23,59.63999938964844,61.310001373291016,59.36000061035156,61.310001373291016,261900
2022-03-24,59.970001220703125,60.290000915527344,58.470001220703125,59.880001068115234,232500
2022-03-25,58.81999969482422,60.16999816894531,57.310001373291016,60.099998474121094,248500
2022-03-28,59.189998626708984,59.810001373291016,58.33000183105469,58.869998931884766,198600
2022-03-29,61.68000030517578,62.22999954223633,60.279998779296875,60.279998779296875,363200
2022-03-30,60.34000015258789,61.939998626708984,59.91999816894531,61.22999954223633,212700
2022-03-31,59.869998931884766,61.029998779296875,59.83000183105469,60.47999954223633,225900
2022-04-01,60.41999816894531,60.880001068115234,59.29999923706055,60.18000030517578,283900
2022-04-04,61.33000183105469,61.720001220703125,60.2599983215332,60.2599983215332,151600
2022-04-05,60.02000045776367,61.68000030517578,59.83000183105469,61.119998931884766,191900
2022-04-06,58.91999816894531,59.880001068115234,58.36000061035156,59.4900016784668,201600
2022-04-07,58.369998931884766,59.72999954223633,57.939998626708984,58.560001373291016,183900
2022-04-08,57.31999969482422,58.779998779296875,57.15999984741211,58.060001373291016,159400
2022-04-11,56.599998474121094,57.75,56.099998474121094,56.70000076293945,147800
2022-04-12,56.34000015258789,58.189998626708984,56.150001525878906,57.36000061035156,184100
2022-04-13,57.650001525878906,57.970001220703125,56.22999954223633,56.22999954223633,153800
2022-04-14,56.90999984741211,57.849998474121094,56.43000030517578,57.849998474121094,212400
2022-04-18,56.720001220703125,57.18000030517578,55.5099983215332,56.52000045776367,308800
2022-04-19,58.599998474121094,58.93000030517578,56.7400016784668,56.88999938964844,243400
2022-04-20,57.77000045776367,59.970001220703125,57.59000015258789,59.29999923706055,205700
2022-04-21,56.40999984741211,59.0,56.13999938964844,58.470001220703125,222100
2022-04-22,54.45000076293945,56.7599983215332,54.20000076293945,56.369998931884766,198100
2022-04-25,56.2400016784668,56.27000045776367,54.29999923706055,54.380001068115234,237600
2022-04-26,55.11000061035156,55.720001220703125,54.34000015258789,55.66999816894531,340200
2022-04-27,55.18000030517578,56.459999084472656,54.4900016784668,54.90999984741211,284100
2022-04-28,57.91999816894531,57.959999084472656,54.54999923706055,55.790000915527344,255600
2022-04-29,58.0099983215332,58.58000183105469,56.900001525878906,57.34000015258789,358300
2022-05-02,58.88999938964844,59.5099983215332,57.130001068115234,57.959999084472656,290100
2022-05-03,57.2400016784668,59.20000076293945,56.77000045776367,58.470001220703125,449300
2022-05-04,56.70000076293945,57.75,53.029998779296875,57.029998779296875,407800
2022-05-05,52.959999084472656,56.349998474121094,52.220001220703125,55.61000061035156,254300
2022-05-06,53.36000061035156,54.529998779296875,51.06999969482422,52.5,283400
2022-05-09,52.93000030517578,53.7400016784668,52.2400016784668,52.619998931884766,267100
2022-05-10,49.27000045776367,53.95000076293945,48.97999954223633,53.939998626708984,432300
2022-05-11,50.5099983215332,50.529998779296875,48.52000045776367,48.95000076293945,773800
2022-05-12,51.09000015258789,52.04999923706055,49.43000030517578,49.83000183105469,641400
2022-05-13,54.33000183105469,54.91999816894531,51.939998626708984,51.939998626708984,293000
2022-05-16,57.060001373291016,57.34000015258789,53.65999984741211,53.75,585600
2022-05-17,58.59000015258789,58.77000045776367,56.959999084472656,58.0,454500
2022-05-18,57.689998626708984,59.560001373291016,56.04999923706055,57.66999816894531,593100
2022-05-19,60.029998779296875,60.72999954223633,57.130001068115234,57.27000045776367,541600
2022-05-20,62.900001525878906,63.810001373291016,60.209999084472656,60.709999084472656,606100
2022-05-23,61.439998626708984,62.79999923706055,59.34000015258789,62.79999923706055,407500
2022-05-24,61.220001220703125,61.38999938964844,59.529998779296875,60.290000915527344,309700
2022-05-25,62.13999938964844,62.52000045776367,58.54999923706055,60.689998626708984,286000
2022-05-26,63.02000045776367,63.27000045776367,60.18000030517578,61.4900016784668,281800
2022-05-27,63.41999816894531,64.5199966430664,63.209999084472656,63.43000030517578,198500
2022-05-31,63.650001525878906,64.31999969482422,61.65999984741211,62.709999084472656,480100
2022-06-01,63.7599983215332,64.83000183105469,62.5,63.95000076293945,255100
2022-06-02,65.33000183105469,65.4000015258789,62.45000076293945,63.7599983215332,230500
2022-06-03,64.68000030517578,65.37999725341797,63.869998931884766,64.69000244140625,358100
2022-06-06,62.52000045776367,65.0,61.79999923706055,64.97000122070312,540400
2022-06-07,64.36000061035156,64.62999725341797,61.88999938964844,61.88999938964844,330400
2022-06-08,61.4900016784668,63.66999816894531,61.2400016784668,63.56999969482422,278600
2022-06-09,60.130001068115234,61.90999984741211,59.61000061035156,60.93000030517578,363600
2022-06-10,60.0,60.560001373291016,58.77000045776367,59.209999084472656,462800
2022-06-13,55.630001068115234,59.58000183105469,55.47999954223633,58.79999923706055,945000
2022-06-14,56.06999969482422,57.220001220703125,55.43000030517578,56.099998474121094,600100
2022-06-15,56.75,58.2400016784668,55.36000061035156,56.540000915527344,470300
2022-06-16,53.45000076293945,55.15999984741211,52.83000183105469,55.15999984741211,965800
2022-06-17,55.06999969482422,55.189998626708984,53.279998779296875,53.720001220703125,2483400
2022-06-21,55.65999984741211,56.86000061035156,55.34000015258789,56.060001373291016,314800
2022-06-22,55.619998931884766,56.119998931884766,54.970001220703125,54.970001220703125,264500
2022-06-23,57.619998931884766,57.939998626708984,55.650001525878906,56.04999923706055,248900
2022-06-24,59.880001068115234,60.06999969482422,58.060001373291016,58.060001373291016,877000
2022-06-27,60.560001373291016,60.779998779296875,58.779998779296875,59.959999084472656,272600
2022-06-28,58.16999816894531,61.810001373291016,58.099998474121094,60.869998931884766,407100
2022-06-29,58.349998474121094,58.72999954223633,57.689998626708984,58.400001525878906,196500
2022-06-30,58.06999969482422,58.56999969482422,56.02000045776367,57.2599983215332,305800
2022-07-01,57.47999954223633,58.279998779296875,56.83000183105469,57.95000076293945,288600
2022-07-05,58.29999923706055,58.470001220703125,55.779998779296875,56.36000061035156,335300
2022-07-06,57.63999938964844,58.75,57.0099983215332,58.5099983215332,203300
2022-07-07,58.88999938964844,59.25,57.22999954223633,57.529998779296875,269700
2022-07-08,58.81999969482422,59.029998779296875,58.15999984741211,58.650001525878906,206800
2022-07-11,57.290000915527344,59.15999984741211,56.939998626708984,58.529998779296875,283800
2022-07-12,55.650001525878906,57.86000061035156,55.150001525878906,57.400001525878906,190900
2022-07-13,55.54999923706055,56.38999938964844,54.560001373291016,54.7599983215332,156700
2022-07-14,55.0,55.08000183105469,53.959999084472656,54.7599983215332,249800
2022-07-15,55.93000030517578,56.13999938964844,55.33000183105469,55.95000076293945,170300
2022-07-18,55.310001373291016,57.34000015258789,55.150001525878906,56.279998779296875,166200
2022-07-19,57.20000076293945,57.349998474121094,55.880001068115234,55.959999084472656,263100
2022-07-20,58.54999923706055,58.88999938964844,56.72999954223633,57.2400016784668,294400
2022-07-21,59.20000076293945,59.33000183105469,57.27000045776367,58.08000183105469,290800
2022-07-22,57.630001068115234,59.58000183105469,56.880001068115234,58.959999084472656,403600
2022-07-25,57.099998474121094,58.099998474121094,56.150001525878906,57.70000076293945,256900
2022-07-26,57.650001525878906,57.81999969482422,55.779998779296875,56.810001373291016,255200
2022-07-27,60.029998779296875,60.45000076293945,58.31999969482422,58.31999969482422,182900
2022-07-28,60.84000015258789,60.869998931884766,59.02000045776367,60.279998779296875,200200
2022-07-29,61.31999969482422,61.58000183105469,60.599998474121094,60.95000076293945,160500
2022-08-01,61.439998626708984,61.779998779296875,59.630001068115234,60.52000045776367,216200
2022-08-02,61.310001373291016,61.68000030517578,59.58000183105469,60.91999816894531,163800
2022-08-03,57.560001373291016,60.97999954223633,57.54999923706055,60.97999954223633,343800
2022-08-04,56.63999938964844,59.459999084472656,55.56999969482422,58.0099983215332,330900
2022-08-05,56.029998779296875,57.349998474121094,55.060001373291016,55.84000015258789,200300
2022-08-08,57.099998474121094,58.150001525878906,55.20000076293945,56.22999954223633,210500
2022-08-09,56.119998931884766,57.41999816894531,55.849998474121094,57.040000915527344,188100
2022-08-10,57.43000030517578,58.18000030517578,56.91999816894531,57.060001373291016,189900
2022-08-11,57.20000076293945,58.150001525878906,56.93000030517578,57.84000015258789,181000
2022-08-12,57.470001220703125,57.630001068115234,56.45000076293945,57.349998474121094,211100
2022-08-15,57.790000915527344,57.9900016784668,56.7599983215332,57.099998474121094,277600
2022-08-16,57.79999923706055,58.09000015258789,57.22999954223633,57.790000915527344,231300
2022-08-17,56.18000030517578,57.34000015258789,55.97999954223633,57.099998474121094,363300
2022-08-18,57.41999816894531,57.43000030517578,55.619998931884766,56.16999816894531,145800
2022-08-19,56.38999938964844,57.369998931884766,55.790000915527344,57.16999816894531,292200
2022-08-22,55.83000183105469,56.630001068115234,55.31999969482422,55.599998474121094,372700
2022-08-23,55.04999923706055,56.56999969482422,54.650001525878906,56.099998474121094,313000
2022-08-24,55.290000915527344,55.65999984741211,54.81999969482422,55.029998779296875,154100
2022-08-25,56.380001068115234,56.59000015258789,54.619998931884766,55.27000045776367,311600
2022-08-26,54.47999954223633,56.880001068115234,54.34000015258789,56.84000015258789,384100
2022-08-29,53.91999816894531,54.91999816894531,53.18000030517578,53.900001525878906,298800
2022-08-30,52.9900016784668,54.119998931884766,52.75,54.119998931884766,246100
2022-08-31,52.29999923706055,53.65999984741211,52.13999938964844,53.439998626708984,419400
2022-09-01,51.720001220703125,52.0,50.83000183105469,51.66999816894531,335800
2022-09-02,51.22999954223633,52.31999969482422,50.68000030517578,52.31999969482422,450700
2022-09-06,50.150001525878906,52.130001068115234,49.90999984741211,51.16999816894531,365100
2022-09-07,50.95000076293945,51.220001220703125,49.9900016784668,50.2400016784668,290200
2022-09-08,50.09000015258789,50.400001525878906,49.36000061035156,50.310001373291016,576000
2022-09-09,50.86000061035156,51.38999938964844,50.470001220703125,50.540000915527344,388300
2022-09-12,51.33000183105469,52.75,50.27000045776367,51.29999923706055,487800
2022-09-13,47.68000030517578,49.9900016784668,47.630001068115234,49.599998474121094,1378700
2022-09-14,47.900001525878906,48.060001373291016,46.560001373291016,47.86000061035156,962500
2022-09-15,47.06999969482422,47.72999954223633,46.459999084472656,47.560001373291016,1012100
2022-09-16,46.59000015258789,46.79999923706055,44.9900016784668,46.65999984741211,3498500
2022-09-19,45.75,47.06999969482422,45.33000183105469,46.45000076293945,569800
2022-09-20,44.86000061035156,45.54999923706055,44.439998626708984,45.54999923706055,528300
2022-09-21,44.43000030517578,45.97999954223633,44.279998779296875,44.900001525878906,494500
2022-09-22,45.290000915527344,45.709999084472656,43.93000030517578,44.0,475300
2022-09-23,45.56999969482422,45.619998931884766,43.84000015258789,44.77000045776367,638000
2022-09-26,44.790000915527344,46.5,44.7400016784668,45.529998779296875,331800
2022-09-27,44.470001220703125,45.470001220703125,44.2400016784668,45.060001373291016,357900
2022-09-28,44.83000183105469,45.189998626708984,44.15999984741211,44.5,438800
2022-09-29,45.06999969482422,45.119998931884766,43.540000915527344,44.130001068115234,390200
2022-09-30,44.060001373291016,45.5099983215332,44.0099983215332,45.11000061035156,356800
2022-10-03,45.0099983215332,45.31999969482422,44.08000183105469,44.470001220703125,244500
2022-10-04,53.130001068115234,53.16999816894531,49.16999816894531,49.25,1694400
2022-10-05,52.09000015258789,53.16999816894531,51.95000076293945,52.36000061035156,526800
2022-10-06,52.2400016784668,52.83000183105469,51.849998474121094,51.849998474121094,477700
2022-10-07,51.849998474121094,51.95000076293945,51.380001068115234,51.75,495700
2022-10-10,51.810001373291016,52.29999923706055,51.04999923706055,51.939998626708984,504300
2022-10-11,51.86000061035156,52.40999984741211,50.54999923706055,51.810001373291016,531200
2022-10-12,51.2400016784668,52.31999969482422,50.93000030517578,51.849998474121094,262600
2022-10-13,53.099998474121094,53.790000915527344,49.84000015258789,50.11000061035156,383700
2022-10-14,52.720001220703125,53.619998931884766,52.63999938964844,53.20000076293945,337700
2022-10-17,52.560001373291016,54.27000045776367,52.369998931884766,53.5099983215332,367000
2022-10-18,53.939998626708984,54.31999969482422,53.349998474121094,53.650001525878906,262300
2022-10-19,52.560001373291016,54.0,52.38999938964844,53.56999969482422,268000
2022-10-20,52.220001220703125,53.77000045776367,51.970001220703125,52.70000076293945,205300
2022-10-21,51.91999816894531,52.689998626708984,51.18000030517578,52.27000045776367,321600
2022-10-24,51.70000076293945,52.290000915527344,51.439998626708984,52.119998931884766,265700
2022-10-25,52.70000076293945,52.90999984741211,51.68000030517578,51.720001220703125,226500
2022-10-26,52.4900016784668,53.77000045776367,51.52000045776367,52.689998626708984,194100
2022-10-27,52.459999084472656,53.959999084472656,51.900001525878906,52.900001525878906,209200
2022-10-28,53.970001220703125,54.099998474121094,52.279998779296875,52.790000915527344,220400
2022-10-31,54.70000076293945,55.2400016784668,53.4900016784668,53.7400016784668,293100
2022-11-01,54.40999984741211,55.22999954223633,53.88999938964844,55.22999954223633,255800
2022-11-02,55.45000076293945,57.970001220703125,54.97999954223633,56.900001525878906,554700
2022-11-03,57.0099983215332,58.43000030517578,55.119998931884766,55.119998931884766,433800
2022-11-04,57.349998474121094,57.47999954223633,55.59000015258789,57.150001525878906,310500
2022-11-07,58.790000915527344,58.91999816894531,56.81999969482422,57.33000183105469,284000
2022-11-08,56.650001525878906,58.90999984741211,53.02000045776367,58.90999984741211,297000
2022-11-09,56.4900016784668,57.369998931884766,55.33000183105469,56.18000030517578,221700
2022-11-10,59.459999084472656,59.970001220703125,58.18000030517578,58.18000030517578,372500
2022-11-11,59.43000030517578,60.40999984741211,58.22999954223633,59.5,255400
2022-11-14,58.47999954223633,59.380001068115234,57.88999938964844,58.68000030517578,200100
2022-11-15,59.209999084472656,60.650001525878906,56.47999954223633,59.380001068115234,261800
2022-11-16,57.61000061035156,58.93000030517578,57.61000061035156,58.86000061035156,182000
2022-11-17,57.5,58.310001373291016,56.34000015258789,57.029998779296875,150700
2022-11-18,57.380001068115234,58.54999923706055,56.91999816894531,58.54999923706055,164600
2022-11-21,56.709999084472656,57.38999938964844,56.56999969482422,57.31999969482422,160700
2022-11-22,57.36000061035156,58.25,55.06999969482422,56.959999084472656,226600
2022-11-23,57.939998626708984,58.349998474121094,56.7400016784668,57.18000030517578,126400
2022-11-25,58.630001068115234,58.9900016784668,55.15999984741211,57.939998626708984,82500
2022-11-28,58.150001525878906,58.95000076293945,57.97999954223633,58.20000076293945,154100
2022-11-29,58.38999938964844,58.52000045776367,57.720001220703125,58.119998931884766,119800
2022-11-30,59.27000045776367,59.290000915527344,57.33000183105469,58.02000045776367,282200
2022-12-01,60.25,61.18000030517578,57.720001220703125,59.599998474121094,157500
2022-12-02,60.150001525878906,60.84000015258789,58.90999984741211,59.4900016784668,156500
2022-12-05,58.86000061035156,60.20000076293945,58.040000915527344,59.59000015258789,187000
2022-12-06,57.689998626708984,59.2599983215332,57.529998779296875,58.7400016784668,140500
2022-12-07,56.43000030517578,57.97999954223633,55.93000030517578,57.880001068115234,203900
2022-12-08,57.27000045776367,58.41999816894531,56.75,56.77000045776367,149900
2022-12-09,56.560001373291016,57.779998779296875,56.560001373291016,57.18000030517578,133200
2022-12-12,57.68000030517578,57.7400016784668,56.47999954223633,56.47999954223633,194300
2022-12-13,57.900001525878906,59.95000076293945,57.810001373291016,59.540000915527344,260600
2022-12-14,58.599998474121094,59.189998626708984,57.70000076293945,57.70000076293945,365900
2022-12-15,57.83000183105469,58.279998779296875,56.79999923706055,58.0,280900
2022-12-16,57.86000061035156,58.04999923706055,57.08000183105469,57.2400016784668,615600
2022-12-19,56.54999923706055,58.2599983215332,56.41999816894531,57.810001373291016,232900
2022-12-20,57.41999816894531,58.0,56.630001068115234,56.630001068115234,186000
2022-12-21,58.400001525878906,58.880001068115234,57.13999938964844,57.68000030517578,212200
2022-12-22,58.20000076293945,58.599998474121094,57.310001373291016,58.119998931884766,154900
2022-12-23,58.279998779296875,58.279998779296875,57.34000015258789,58.16999816894531,113800
2022-12-27,58.36000061035156,58.5,57.470001220703125,58.20000076293945,115900
2022-12-28,58.25,58.90999984741211,58.25,58.310001373291016,153300
2022-12-29,59.599998474121094,59.689998626708984,58.02000045776367,58.41999816894531,168700
2022-12-30,58.86000061035156,59.63999938964844,58.70000076293945,59.029998779296875,103800
2023-01-03,59.869998931884766,60.540000915527344,59.099998474121094,59.369998931884766,173900
2023-01-04,60.45000076293945,61.029998779296875,59.900001525878906,60.0,177900
2023-01-05,59.47999954223633,60.0,59.04999923706055,59.95000076293945,127400
2023-01-06,61.61000061035156,61.630001068115234,59.310001373291016,60.02000045776367,178200
2023-01-09,61.11000061035156,63.08000183105469,61.060001373291016,61.79999923706055,354200
2023-01-10,61.56999969482422,61.849998474121094,60.72999954223633,60.86000061035156,195200
2023-01-11,61.38999938964844,61.95000076293945,61.11000061035156,61.7599983215332,103100
2023-01-12,61.79999923706055,61.959999084472656,61.06999969482422,61.630001068115234,204300
2023-01-13,61.43000030517578,62.099998474121094,61.349998474121094,61.470001220703125,133900
2023-01-17,61.189998626708984,61.689998626708984,60.869998931884766,61.47999954223633,143600
2023-01-18,60.75,61.720001220703125,60.5099983215332,61.20000076293945,191400
2023-01-19,60.5,61.400001525878906,59.900001525878906,60.349998474121094,156300
2023-01-20,61.0099983215332,61.18000030517578,60.09000015258789,60.75,315800
2023-01-23,62.93000030517578,62.97999954223633,60.97999954223633,61.04999923706055,112800
2023-01-24,63.52000045776367,63.93000030517578,62.56999969482422,62.72999954223633,108300
2023-01-25,62.18000030517578,63.25,62.0099983215332,63.25,206700
2023-01-26,62.369998931884766,63.25,61.619998931884766,62.79999923706055,147600
2023-01-27,61.779998779296875,62.91999816894531,61.77000045776367,62.08000183105469,122200
2023-01-30,61.060001373291016,62.27000045776367,60.95000076293945,61.29999923706055,154800
2023-01-31,62.209999084472656,62.40999984741211,60.959999084472656,61.31999969482422,198100
2023-02-01,63.63999938964844,64.16000366210938,61.650001525878906,62.060001373291016,252100
2023-02-02,63.310001373291016,64.83000183105469,63.15999984741211,63.88999938964844,239700
2023-02-03,62.79999923706055,63.9900016784668,61.09000015258789,62.599998474121094,234800
2023-02-06,61.90999984741211,62.70000076293945,61.70000076293945,62.349998474121094,137400
2023-02-07,62.70000076293945,63.0,61.15999984741211,61.869998931884766,159200
2023-02-08,61.540000915527344,62.43000030517578,61.130001068115234,62.400001525878906,99200
2023-02-09,61.63999938964844,62.599998474121094,61.380001068115234,61.959999084472656,113100
2023-02-10,61.119998931884766,61.75,61.0099983215332,61.220001220703125,118800
2023-02-13,61.36000061035156,62.25,60.880001068115234,61.119998931884766,210500
2023-02-14,58.06999969482422,60.0,56.86000061035156,59.9900016784668,624800
2023-02-15,59.959999084472656,60.279998779296875,57.63999938964844,57.95000076293945,263500
2023-02-16,57.93000030517578,58.90999984741211,57.63999938964844,58.84000015258789,238100
2023-02-17,58.61000061035156,58.90999984741211,57.7599983215332,57.9900016784668,265500
2023-02-21,58.06999969482422,58.25,56.810001373291016,57.95000076293945,208600
2023-02-22,57.790000915527344,58.86000061035156,57.060001373291016,58.2400016784668,209700
2023-02-23,58.02000045776367,58.63999938964844,57.58000183105469,58.040000915527344,163600
2023-02-24,57.150001525878906,57.97999954223633,57.099998474121094,57.279998779296875,226100
2023-02-27,57.0099983215332,57.720001220703125,56.689998626708984,57.41999816894531,172500
2023-02-28,55.689998626708984,56.959999084472656,55.380001068115234,56.349998474121094,542900
2023-03-01,55.93000030517578,56.290000915527344,55.619998931884766,55.650001525878906,360500
2023-03-02,56.119998931884766,56.689998626708984,55.58000183105469,55.7400016784668,205200
2023-03-03,56.599998474121094,56.95000076293945,56.18000030517578,56.18000030517578,158300
2023-03-06,56.130001068115234,56.869998931884766,55.65999984741211,56.43000030517578,155000
2023-03-07,55.86000061035156,56.61000061035156,55.59000015258789,56.220001220703125,185600
2023-03-08,56.02000045776367,56.189998626708984,55.790000915527344,55.95000076293945,145200
2023-03-09,55.970001220703125,56.7400016784668,55.779998779296875,56.0099983215332,292000
2023-03-10,55.220001220703125,56.15999984741211,54.95000076293945,55.689998626708984,541100
2023-03-13,53.41999816894531,54.79999923706055,53.38999938964844,54.65999984741211,372900
2023-03-14,55.720001220703125,55.91999816894531,54.29999923706055,54.29999923706055,222300
2023-03-15,55.18000030517578,55.52000045776367,54.38999938964844,54.88999938964844,225700
2023-03-16,57.900001525878906,58.27000045776367,54.029998779296875,54.86000061035156,296200
2023-03-17,57.13999938964844,58.189998626708984,56.68000030517578,57.869998931884766,492800
2023-03-20,57.83000183105469,58.52000045776367,57.029998779296875,57.369998931884766,185900
2023-03-21,58.25,58.529998779296875,57.13999938964844,58.16999816894531,210600
2023-03-22,56.2599983215332,58.400001525878906,56.209999084472656,58.08000183105469,258000
2023-03-23,57.060001373291016,57.45000076293945,56.04999923706055,56.40999984741211,167700
2023-03-24,57.83000183105469,57.900001525878906,56.40999984741211,56.65999984741211,138700
2023-03-27,63.93000030517578,66.75,63.81999969482422,65.20999908447266,1024100
2023-03-28,64.87999725341797,65.3499984741211,63.11000061035156,63.560001373291016,440100
2023-03-29,67.27999877929688,67.37000274658203,65.5,65.5,505400
2023-03-30,68.08000183105469,68.5999984741211,67.02999877929688,67.30000305175781,279600
2023-03-31,69.30000305175781,69.56999969482422,68.05000305175781,68.1500015258789,387300
2023-04-03,69.61000061035156,69.7699966430664,68.68000030517578,68.80000305175781,342000
2023-04-04,69.06999969482422,69.58000183105469,68.5199966430664,69.4000015258789,273600
2023-04-05,67.5,69.06999969482422,67.36000061035156,69.06999969482422,264900
2023-04-06,67.88999938964844,67.93000030517578,66.58000183105469,67.55000305175781,249800
2023-04-10,68.06999969482422,68.33999633789062,67.13999938964844,67.72000122070312,202000
2023-04-11,67.45999908447266,68.51000213623047,66.70999908447266,67.91000366210938,263800
2023-04-12,67.11000061035156,67.87000274658203,66.95999908447266,67.77999877929688,107400
2023-04-13,69.02999877929688,69.08000183105469,67.16999816894531,67.26000213623047,162400
2023-04-14,68.0199966430664,69.27999877929688,67.29000091552734,69.11000061035156,119200
2023-04-17,67.08000183105469,67.91000366210938,67.02999877929688,67.91000366210938,134400
2023-04-18,67.0,67.33000183105469,66.04000091552734,67.16999816894531,150900
2023-04-19,66.58000183105469,66.86000061035156,66.4800033569336,66.81999969482422,74500
2023-04-20,66.48999786376953,66.5999984741211,66.05000305175781,66.36000061035156,88900
2023-04-21,66.80000305175781,67.23999786376953,66.3499984741211,66.54000091552734,103100
2023-04-24,66.98999786376953,67.08999633789062,66.3499984741211,66.58000183105469,86100
2023-04-25,66.38999938964844,66.61000061035156,65.91000366210938,66.52999877929688,98200
2023-04-26,68.02999877929688,68.18000030517578,66.25,66.37000274658203,226500
2023-04-27,68.83000183105469,69.0,67.43000030517578,68.23999786376953,156400
2023-04-28,69.36000061035156,69.43000030517578,67.7300033569336,68.48999786376953,178300
2023-05-01,68.69999694824219,69.44999694824219,68.51000213623047,68.93000030517578,255400
2023-05-02,67.51000213623047,68.4800033569336,66.93000030517578,68.4800033569336,378500
2023-05-03,67.33000183105469,69.6500015258789,67.08000183105469,69.0,428400
2023-05-04,70.0999984741211,70.69000244140625,68.01000213623047,68.69000244140625,413000
2023-05-05,70.0,71.37000274658203,69.94999694824219,70.0199966430664,282700
2023-05-08,70.13999938964844,70.30999755859375,69.55999755859375,69.80000305175781,171200
2023-05-09,69.69000244140625,70.08999633789062,69.52999877929688,69.6500015258789,135300
2023-05-10,70.11000061035156,70.7300033569336,69.22000122070312,70.25,238300
2023-05-11,69.79000091552734,70.08999633789062,69.08000183105469,69.94999694824219,149200
2023-05-12,70.37000274658203,70.37999725341797,69.4000015258789,69.86000061035156,296500
2023-05-15,70.8499984741211,71.25,70.19000244140625,70.43000030517578,238900
2023-05-16,71.13999938964844,71.44999694824219,70.02999877929688,70.44999694824219,168500
2023-05-17,72.4000015258789,72.62000274658203,71.13999938964844,71.13999938964844,284200
2023-05-18,72.5199966430664,73.38999938964844,71.97000122070312,72.23999786376953,203900
2023-05-19,71.87999725341797,73.04000091552734,71.7300033569336,73.04000091552734,236800
2023-05-22,72.88999938964844,73.01000213623047,71.5,71.87999725341797,310100
2023-05-23,72.05999755859375,73.20999908447266,71.9800033569336,72.45999908447266,207600
2023-05-24,71.98999786376953,72.33000183105469,71.5,71.66999816894531,165900
2023-05-25,72.4800033569336,72.94000244140625,71.70999908447266,72.01000213623047,170800
2023-05-26,72.87999725341797,73.66999816894531,71.72000122070312,72.4000015258789,179500
2023-05-30,72.33000183105469,73.5999984741211,71.94999694824219,73.0,108800
2023-05-31,73.36000061035156,73.69999694824219,71.55999755859375,72.08999633789062,618300
2023-06-01,72.48999786376953,73.05000305175781,71.97000122070312,73.04000091552734,140100
2023-06-02,74.04000091552734,74.33999633789062,72.45999908447266,72.69999694824219,239700
2023-06-05,74.05999755859375,75.5,73.87999725341797,75.0,244500
2023-06-06,73.72000122070312,74.06999969482422,73.23999786376953,73.69000244140625,312600
2023-06-07,73.51000213623047,75.05000305175781,73.0,73.86000061035156,275800
2023-06-08,73.02999877929688,73.54000091552734,72.37999725341797,73.54000091552734,131700
2023-06-09,72.91000366210938,73.55000305175781,72.58000183105469,73.30000305175781,131500
2023-06-12,73.4800033569336,73.62000274658203,72.44000244140625,72.87000274658203,173400
2023-06-13,73.94999694824219,74.2300033569336,73.52999877929688,73.61000061035156,147700
2023-06-14,72.91000366210938,74.06999969482422,72.54000091552734,73.80000305175781,169900
2023-06-15,72.7300033569336,72.94000244140625,72.05999755859375,72.62000274658203,193500
2023-06-16,72.43000030517578,73.93000030517578,72.16000366210938,72.83999633789062,520000
2023-06-20,71.12000274658203,72.18000030517578,70.98999786376953,72.04000091552734,224600
2023-06-21,70.18000030517578,71.45999908447266,70.08999633789062,70.91999816894531,167000
2023-06-22,70.20999908447266,70.55999755859375,69.33999633789062,70.0199966430664,137000
2023-06-23,69.30000305175781,70.12999725341797,68.77999877929688,69.62000274658203,658900
2023-06-26,68.52999877929688,69.95999908447266,68.47000122070312,69.12000274658203,172400
2023-06-27,68.55999755859375,69.05999755859375,68.22000122070312,68.62000274658203,122700
2023-06-28,68.7300033569336,68.94000244140625,68.2699966430664,68.41000366210938,99200
2023-06-29,70.16999816894531,70.19999694824219,68.83999633789062,68.95999908447266,184200
2023-06-30,71.18000030517578,71.5999984741211,70.5199966430664,70.72000122070312,226700
2023-07-03,71.27999877929688,71.33999633789062,70.69999694824219,70.75,49600
2023-07-05,71.27999877929688,71.43000030517578,70.2699966430664,70.66000366210938,152200
2023-07-06,71.2300033569336,71.29000091552734,69.72000122070312,70.6500015258789,164400
2023-07-07,72.98999786376953,73.48999786376953,70.9800033569336,70.9800033569336,202700
2023-07-10,73.7699966430664,74.31999969482422,72.58999633789062,72.72000122070312,191500
2023-07-11,73.94999694824219,74.12999725341797,73.08000183105469,73.7300033569336,130400
2023-07-12,74.41999816894531,74.91999816894531,73.91000366210938,74.7699966430664,109800
2023-07-13,75.83000183105469,75.94999694824219,74.68000030517578,74.68000030517578,130600
2023-07-14,76.55999755859375,76.55999755859375,73.79000091552734,75.58000183105469,175100
2023-07-17,77.62000274658203,78.04000091552734,76.37000274658203,76.80000305175781,165100
2023-07-18,77.79000091552734,77.8499984741211,76.9000015258789,77.44999694824219,97000
2023-07-19,78.47000122070312,78.66999816894531,77.54000091552734,77.87000274658203,229600
2023-07-20,75.86000061035156,78.70999908447266,75.76000213623047,78.52999877929688,193200
2023-07-21,74.4800033569336,76.63999938964844,74.05999755859375,76.29000091552734,151000
2023-07-24,73.97000122070312,74.58999633789062,73.63999938964844,74.4800033569336,75800
2023-07-25,75.13999938964844,75.20999908447266,73.29000091552734,73.87000274658203,105300
2023-07-26,75.0,75.62999725341797,74.22000122070312,74.9000015258789,101800
2023-07-27,74.16000366210938,76.66999816894531,73.77999877929688,75.66999816894531,95700
2023-07-28,74.19000244140625,75.2300033569336,73.63999938964844,74.80000305175781,118900
2023-07-31,75.44999694824219,75.48999786376953,74.12999725341797,74.12999725341797,89400
2023-08-01,75.06999969482422,75.55999755859375,74.38999938964844,75.0199966430664,138700
2023-08-02,74.27999877929688,74.5,69.69999694824219,72.76000213623047,257800
2023-08-03,74.02999877929688,74.58999633789062,72.4000015258789,74.05000305175781,170500
2023-08-04,73.55000305175781,74.25,72.87999725341797,74.25,179100
2023-08-07,73.94999694824219,74.2699966430664,73.19999694824219,74.04000091552734,114900
2023-08-08,73.05999755859375,73.5,72.30999755859375,72.94000244140625,148100
2023-08-09,73.02999877929688,73.38999938964844,72.12999725341797,72.87000274658203,123500
2023-08-10,72.61000061035156,73.87000274658203,72.44000244140625,73.26000213623047,184600
2023-08-11,73.0199966430664,73.54000091552734,71.95999908447266,72.0,152700
2023-08-14,74.69000244140625,74.81999969482422,71.54000091552734,72.83999633789062,93600
2023-08-15,73.87999725341797,74.69999694824219,73.33999633789062,74.45999908447266,110500
2023-08-16,74.16999816894531,74.25,73.19000244140625,73.83999633789062,140100
2023-08-17,71.94999694824219,74.29000091552734,71.56999969482422,74.29000091552734,168700
2023-08-18,71.76000213623047,72.5199966430664,71.1500015258789,71.37000274658203,166300
2023-08-21,72.73999786376953,73.2699966430664,71.58999633789062,71.73999786376953,149000
2023-08-22,72.80999755859375,73.31999969482422,72.33000183105469,72.8499984741211,86500
2023-08-23,72.9000015258789,73.51000213623047,72.0199966430664,72.80999755859375,150400
2023-08-24,71.02999877929688,72.83999633789062,70.97000122070312,72.83999633789062,94700
2023-08-25,72.5999984741211,73.54000091552734,70.87999725341797,70.88999938964844,210400
2023-08-28,73.69000244140625,74.22000122070312,72.86000061035156,72.86000061035156,142100
2023-08-29,74.61000061035156,74.80000305175781,73.4000015258789,73.45999908447266,99800
2023-08-30,74.98999786376953,75.29000091552734,74.41999816894531,74.41999816894531,95000
2023-08-31,76.11000061035156,76.68000030517578,74.5,74.88999938964844,301800
2023-09-01,76.12999725341797,76.88999938964844,75.86000061035156,76.27999877929688,104800
2023-09-05,75.0199966430664,75.87999725341797,74.16000366210938,75.62999725341797,139200
2023-09-06,73.08000183105469,75.31999969482422,72.72000122070312,75.12999725341797,103500
2023-09-07,72.62999725341797,73.16000366210938,72.2300033569336,72.4800033569336,108500
2023-09-08,72.73999786376953,73.2699966430664,72.41999816894531,72.69000244140625,74100
2023-09-11,73.0,73.43000030517578,72.62000274658203,73.13999938964844,116700
2023-09-12,73.27999877929688,73.36000061035156,71.94000244140625,72.54000091552734,148800
2023-09-13,72.86000061035156,73.23999786376953,72.0999984741211,73.19999694824219,127400
2023-09-14,73.7300033569336,74.0999984741211,72.41999816894531,73.11000061035156,141100
2023-09-15,72.83000183105469,73.79000091552734,72.5,73.66000366210938,838100
2023-09-18,73.6500015258789,74.36000061035156,73.02999877929688,73.02999877929688,139900
2023-09-19,73.16999816894531,73.55000305175781,72.81999969482422,73.55000305175781,110500
2023-09-20,73.05000305175781,74.16000366210938,72.94000244140625,73.48999786376953,94700
2023-09-21,72.16000366210938,73.13999938964844,71.77999877929688,72.44999694824219,123900
2023-09-22,72.12000274658203,72.80999755859375,71.81999969482422,72.08999633789062,101400
2023-09-25,72.26000213623047,72.87000274658203,71.69000244140625,71.73999786376953,66300
2023-09-26,71.0199966430664,72.01000213623047,70.80999755859375,71.77999877929688,129300
2023-09-27,70.73999786376953,72.37999725341797,70.69999694824219,71.36000061035156,151900
2023-09-28,70.52999877929688,71.72000122070312,70.23999786376953,70.72000122070312,165100
2023-09-29,70.31999969482422,71.87000274658203,70.0199966430664,71.0,158800
2023-10-02,69.47000122070312,70.26000213623047,69.0,70.26000213623047,81200
2023-10-03,68.4800033569336,69.41999816894531,68.19000244140625,69.36000061035156,103600
2023-10-04,69.5999984741211,69.91999816894531,68.1500015258789,68.1500015258789,83500
2023-10-05,69.18000030517578,70.05999755859375,68.27999877929688,69.29000091552734,184200
2023-10-06,69.91999816894531,70.58999633789062,68.66000366210938,68.79000091552734,134100
2023-10-09,69.66000366210938,70.22000122070312,68.91999816894531,69.36000061035156,100300
2023-10-10,70.11000061035156,70.87999725341797,69.45999908447266,69.80000305175781,140900
2023-10-11,69.93000030517578,70.56999969482422,69.3499984741211,70.01000213623047,152700
2023-10-12,69.16000366210938,70.9800033569336,67.9800033569336,70.12999725341797,95700
2023-10-13,69.16000366210938,69.37000274658203,68.5,69.04000091552734,131700
2023-10-16,70.58000183105469,71.12999725341797,69.11000061035156,69.76000213623047,90100
2023-10-17,70.77999877929688,71.37000274658203,70.27999877929688,70.27999877929688,163900
2023-10-18,69.22000122070312,70.19000244140625,69.08999633789062,70.19000244140625,85700
2023-10-19,68.93000030517578,70.16000366210938,68.51000213623047,69.0999984741211,126500
2023-10-20,68.70999908447266,69.16999816894531,67.81999969482422,69.12999725341797,120700
2023-10-23,67.97000122070312,68.73999786376953,67.97000122070312,68.23999786376953,78900
2023-10-24,68.0,68.80000305175781,67.25,68.0999984741211,79400
2023-10-25,66.51000213623047,67.93000030517578,66.33000183105469,67.5999984741211,104900
2023-10-26,66.29000091552734,67.2300033569336,66.16000366210938,66.62999725341797,98800
2023-10-27,65.30000305175781,66.16000366210938,65.0199966430664,66.08000183105469,120800
2023-10-30,65.36000061035156,66.06999969482422,64.31999969482422,65.79000091552734,160300
2023-10-31,65.4000015258789,66.2699966430664,64.73999786376953,65.30000305175781,223500
2023-11-01,70.94000244140625,72.56999969482422,69.45999908447266,69.80999755859375,375700
2023-11-02,71.48999786376953,72.30999755859375,70.33000183105469,71.83999633789062,327300
2023-11-03,73.12999725341797,74.3499984741211,71.3499984741211,72.23999786376953,404700
2023-11-06,73.38999938964844,74.0,72.29000091552734,73.12999725341797,200500
2023-11-07,72.86000061035156,74.0199966430664,71.43000030517578,73.41999816894531,163900
2023-11-08,73.0999984741211,73.38999938964844,72.5199966430664,73.04000091552734,118600
2023-11-09,72.55000305175781,73.69000244140625,72.33000183105469,73.2699966430664,95500
2023-11-10,72.62999725341797,73.12999725341797,72.19999694824219,72.4800033569336,247000
2023-11-13,72.12999725341797,72.79000091552734,72.05000305175781,72.62999725341797,133500
2023-11-14,74.0,74.27999877929688,73.41000366210938,73.9800033569336,231000
2023-11-15,73.37999725341797,74.91000366210938,72.91000366210938,73.69999694824219,229400
2023-11-16,72.72000122070312,73.83000183105469,72.47000122070312,73.26000213623047,95800
2023-11-17,74.08000183105469,74.33000183105469,73.0,73.19999694824219,462400
2023-11-20,74.54000091552734,74.69999694824219,73.80999755859375,74.12999725341797,83300
2023-11-21,74.5199966430664,74.98999786376953,73.80999755859375,74.31999969482422,97800
2023-11-22,75.52999877929688,75.97000122070312,74.72000122070312,75.0,104500
2023-11-24,75.62999725341797,75.91000366210938,75.0999984741211,75.12000274658203,56900
2023-11-27,75.56999969482422,76.05000305175781,74.58999633789062,75.2300033569336,84100
2023-11-28,75.44000244140625,75.6500015258789,73.91000366210938,75.20999908447266,115700
2023-11-29,75.45999908447266,76.70999908447266,75.19999694824219,76.02999877929688,99200
2023-11-30,75.23999786376953,76.48999786376953,74.62999725341797,75.26000213623047,269200
2023-12-01,77.47000122070312,77.61000061035156,75.08000183105469,75.23999786376953,212600
2023-12-04,80.48999786376953,80.63999938964844,77.33000183105469,77.33000183105469,310300
2023-12-05,83.05999755859375,83.77999877929688,79.8499984741211,80.11000061035156,421800
2023-12-06,82.56999969482422,84.18000030517578,82.12000274658203,83.4000015258789,263600
2023-12-07,84.12000274658203,84.44999694824219,82.16999816894531,82.61000061035156,297000
2023-12-08,85.86000061035156,86.43000030517578,82.91999816894531,83.37999725341797,215400
2023-12-11,86.48999786376953,86.70999908447266,85.18000030517578,85.9000015258789,208400
2023-12-12,86.63999938964844,87.97000122070312,86.13999938964844,86.58999633789062,246400
2023-12-13,86.33999633789062,87.41999816894531,85.08999633789062,86.48999786376953,256700
2023-12-14,86.91999816894531,87.98999786376953,85.12999725341797,87.38999938964844,294300
2023-12-15,86.54000091552734,87.63999938964844,85.83999633789062,87.33000183105469,667100
2023-12-18,86.70999908447266,87.16999816894531,86.01000213623047,86.70999908447266,233800
2023-12-19,87.51000213623047,88.04000091552734,87.12000274658203,87.12000274658203,227500
2023-12-20,86.44000244140625,88.55999755859375,86.43000030517578,87.66999816894531,220200
2023-12-21,86.52999877929688,87.52999877929688,85.47000122070312,86.86000061035156,152800
2023-12-22,86.86000061035156,87.70999908447266,83.33000183105469,86.48999786376953,105900
2023-12-26,87.55999755859375,87.98999786376953,86.75,87.0199966430664,68900
2023-12-27,87.75,88.33999633789062,87.22000122070312,87.5,90500
2023-12-28,87.58000183105469,87.68000030517578,86.98999786376953,87.2300033569336,98900
2023-12-29,86.69999694824219,88.2300033569336,86.6500015258789,87.68000030517578,155700
2024-01-02,85.56999969482422,86.36000061035156,84.77999877929688,85.91000366210938,245100
2024-01-03,83.91000366210938,85.56999969482422,83.86000061035156,85.33000183105469,218800
2024-01-04,83.44999694824219,84.6500015258789,83.33999633789062,84.16000366210938,190300
2024-01-05,81.7300033569336,83.66000366210938,80.0199966430664,82.81999969482422,255200
2024-01-08,82.58999633789062,83.26000213623047,82.01000213623047,82.01000213623047,287900
2024-01-09,81.27999877929688,82.06999969482422,81.12000274658203,81.62000274658203,147600
2024-01-10,82.76000213623047,83.2300033569336,81.25,81.25,195700
2024-01-11,82.55999755859375,83.56999969482422,82.18000030517578,82.69999694824219,296500
2024-01-12,82.29000091552734,83.68000030517578,81.30000305175781,83.68000030517578,215700
2024-01-16,80.77999877929688,81.91000366210938,80.66000366210938,81.56999969482422,151400
2024-01-17,80.87999725341797,81.69999694824219,79.80000305175781,79.80000305175781,238200
2024-01-18,81.5,81.5,80.12999725341797,81.29000091552734,151800
2024-01-19,81.80999755859375,82.1500015258789,80.70999908447266,81.9800033569336,181400
2024-01-22,82.55999755859375,83.04000091552734,82.13999938964844,82.55999755859375,155900
2024-01-23,84.25,85.37999725341797,83.2300033569336,85.0,262600
2024-01-24,83.2300033569336,84.7699966430664,82.80999755859375,84.69999694824219,162600
2024-01-25,84.04000091552734,84.73999786376953,83.54000091552734,84.31999969482422,113100
2024-01-26,83.55000305175781,84.88999938964844,83.4000015258789,84.4800033569336,84000
2024-01-29,84.1500015258789,84.20999908447266,83.25,83.51000213623047,73500
2024-01-30,83.62999725341797,84.13999938964844,83.58000183105469,83.68000030517578,73900
2024-01-31,80.91999816894531,83.66999816894531,80.83999633789062,83.66999816894531,142100
2024-02-01,82.2699966430664,82.73999786376953,80.80999755859375,81.37999725341797,182900
2024-02-02,80.33999633789062,81.8499984741211,79.68000030517578,81.73999786376953,157300
2024-02-05,79.22000122070312,80.18000030517578,78.94999694824219,79.7300033569336,116100
2024-02-06,80.08999633789062,80.97000122070312,78.94000244140625,79.54000091552734,129700
2024-02-07,79.91000366210938,80.66999816894531,79.7300033569336,80.55000305175781,100400
2024-02-08,80.66999816894531,80.95999908447266,80.1500015258789,80.1500015258789,120400
2024-02-09,82.05000305175781,82.1500015258789,80.66999816894531,80.66999816894531,157800
2024-02-12,82.6500015258789,82.94999694824219,80.83000183105469,81.33000183105469,317900
2024-02-13,70.37999725341797,73.93000030517578,69.87999725341797,72.5,870900
2024-02-14,71.61000061035156,72.91999816894531,70.1500015258789,71.0199966430664,323700
2024-02-15,72.27999877929688,72.4800033569336,70.44000244140625,71.41000366210938,285500
2024-02-16,69.13999938964844,71.2699966430664,68.75,71.26000213623047,713300
2024-02-20,68.98999786376953,69.98999786376953,67.05000305175781,67.75,403700
2024-02-21,67.7300033569336,68.58000183105469,67.2300033569336,68.1500015258789,250400
2024-02-22,67.68000030517578,68.02999877929688,67.0,67.68000030517578,242000
2024-02-23,68.61000061035156,69.47000122070312,67.63999938964844,67.70999908447266,211600
2024-02-26,68.88999938964844,69.73999786376953,67.73999786376953,68.33999633789062,207900
2024-02-27,67.41999816894531,69.08000183105469,66.66000366210938,68.80000305175781,471100
2024-02-28,67.3499984741211,68.02999877929688,66.47000122070312,66.87999725341797,822000
2024-02-29,69.18000030517578,69.38999938964844,67.58000183105469,67.97000122070312,1090100
2024-03-01,70.36000061035156,70.76000213623047,68.47000122070312,68.87999725341797,417100
2024-03-04,72.4800033569336,72.80000305175781,70.80999755859375,71.55000305175781,632300
2024-03-05,71.83999633789062,72.33999633789062,71.18000030517578,72.0,487300
2024-03-06,72.87000274658203,72.9000015258789,71.37999725341797,72.0,247600
2024-03-07,73.6500015258789,74.41000366210938,72.55999755859375,73.0,284100
2024-03-08,73.12999725341797,74.6500015258789,72.83000183105469,74.0,241200
2024-03-11,74.08000183105469,74.12999725341797,72.94999694824219,73.0,234900
2024-03-12,74.45999908447266,75.0,73.29000091552734,73.80000305175781,166000
2024-03-13,73.77999877929688,74.97000122070312,73.62000274658203,74.19999694824219,193800
2024-03-14,72.69999694824219,73.87000274658203,72.44000244140625,73.44999694824219,293200
2024-03-15,70.94000244140625,72.73999786376953,70.72000122070312,72.11000061035156,590000
2024-03-18,70.51000213623047,71.5199966430664,70.38999938964844,70.76000213623047,221700
2024-03-19,71.05999755859375,71.5999984741211,70.30000305175781,70.30000305175781,246800
2024-03-20,71.58999633789062,71.98999786376953,70.69000244140625,70.80999755859375,217300
2024-03-21,71.66000366210938,72.75,71.58000183105469,72.04000091552734,228200
2024-03-22,71.5999984741211,71.87999725341797,70.95999908447266,71.8499984741211,148100
2024-03-25,70.5,71.88999938964844,70.26000213623047,71.66999816894531,163400
2024-03-26,70.70999908447266,71.3499984741211,70.2699966430664,70.88999938964844,164100
2024-03-27,72.91000366210938,72.98999786376953,70.95999908447266,71.22000122070312,183600
2024-03-28,74.13999938964844,74.37999725341797,72.83999633789062,72.83999633789062,238900
2024-04-01,75.30999755859375,76.01000213623047,73.68000030517578,74.0,368400
2024-04-02,71.76000213623047,74.5999984741211,71.20999908447266,74.30000305175781,252300
2024-04-03,71.66999816894531,73.12999725341797,71.08000183105469,71.08000183105469,195100
2024-04-04,70.80999755859375,72.44999694824219,70.66000366210938,72.41999816894531,141100
2024-04-05,72.01000213623047,72.58000183105469,70.16000366210938,70.55000305175781,305000
2024-04-08,73.41999816894531,73.45999908447266,71.93000030517578,72.19999694824219,131700
2024-04-09,74.94000244140625,75.01000213623047,73.27999877929688,73.41999816894531,172300
2024-04-10,72.87999725341797,73.69000244140625,72.36000061035156,73.36000061035156,217000
2024-04-11,75.97000122070312,80.0,72.5,73.19000244140625,1082400
2024-04-12,76.72000122070312,77.80999755859375,75.55999755859375,75.87999725341797,351500
2024-04-15,79.12999725341797,79.6500015258789,78.30000305175781,79.04000091552734,746400
2024-04-16,78.26000213623047,78.83999633789062,77.41999816894531,78.5,349900
2024-04-17,77.5199966430664,78.80000305175781,77.19999694824219,78.44000244140625,196300
2024-04-18,76.70999908447266,78.4000015258789,76.44000244140625,77.83999633789062,217600
2024-04-19,76.4800033569336,77.19000244140625,75.68000030517578,76.44999694824219,331200
2024-04-22,78.62999725341797,78.8499984741211,76.30000305175781,76.69000244140625,183900
2024-04-23,79.18000030517578,79.4000015258789,77.63999938964844,78.41000366210938,131300
2024-04-24,78.37999725341797,79.18000030517578,77.83999633789062,78.54000091552734,163700
2024-04-25,78.27999877929688,78.48999786376953,75.56999969482422,77.80000305175781,162700
2024-04-26,77.94999694824219,79.33000183105469,77.69999694824219,78.62000274658203,142000
2024-04-29,78.9000015258789,79.01000213623047,78.0,78.0,108300
2024-04-30,77.91999816894531,78.88999938964844,76.76000213623047,78.33000183105469,345200
2024-05-01,76.05000305175781,77.9000015258789,75.0,75.31999969482422,383900
2024-05-02,78.43000030517578,78.61000061035156,77.16999816894531,77.68000030517578,190300
2024-05-03,78.02999877929688,79.16999816894531,77.7300033569336,79.05000305175781,279900
2024-05-06,79.16000366210938,79.37000274658203,78.41000366210938,78.41000366210938,192800
2024-05-07,78.5999984741211,79.3499984741211,78.01000213623047,78.94000244140625,262600
2024-05-08,77.26000213623047,78.36000061035156,77.05000305175781,78.20999908447266,235700
2024-05-09,77.66000366210938,77.91999816894531,76.79000091552734,77.4000015258789,163200
2024-05-10,77.6500015258789,78.19999694824219,77.30000305175781,77.58999633789062,96000
2024-05-13,77.31999969482422,78.25,77.13999938964844,77.68000030517578,148000
2024-05-14,77.66999816894531,78.37999725341797,77.55999755859375,78.0199966430664,103200
2024-05-15,79.01000213623047,79.18000030517578,78.05999755859375,78.44999694824219,207600
2024-05-16,78.5199966430664,78.77999877929688,77.5999984741211,78.44999694824219,577800
2024-05-17,79.30000305175781,79.43000030517578,78.0199966430664,78.44000244140625,171000
2024-05-20,79.5999984741211,79.69000244140625,78.62999725341797,79.01000213623047,140300
2024-05-21,79.91999816894531,79.97000122070312,78.77999877929688,79.30999755859375,117300
2024-05-22,79.63999938964844,80.0,79.23999786376953,79.72000122070312,324900
2024-05-23,79.20999908447266,79.83999633789062,78.31999969482422,79.62000274658203,190100
2024-05-24,79.31999969482422,79.58999633789062,78.29000091552734,79.58999633789062,214500
2024-05-28,78.05000305175781,79.06999969482422,77.16000366210938,79.06999969482422,263000
2024-05-29,77.48999786376953,78.1500015258789,77.12999725341797,77.1500015258789,210300
2024-05-30,77.0,77.81999969482422,76.4800033569336,77.12999725341797,289300
2024-05-31,77.94000244140625,77.94999694824219,75.94000244140625,77.01000213623047,332000
2024-06-03,77.51000213623047,78.23999786376953,76.97000122070312,78.19999694824219,161000
2024-06-04,78.94000244140625,79.26000213623047,76.36000061035156,77.30999755859375,243100
2024-06-05,79.02999877929688,79.73999786376953,78.75,79.0999984741211,254100
2024-06-06,78.73999786376953,79.43000030517578,78.52999877929688,78.70999908447266,95800
2024-06-07,78.12000274658203,78.68000030517578,77.5,78.31999969482422,233700
2024-06-10,75.80999755859375,77.38999938964844,75.43000030517578,77.38999938964844,270900
2024-06-11,76.75,76.83000183105469,75.19999694824219,75.44999694824219,341200
2024-06-12,76.69999694824219,78.88999938964844,76.55000305175781,78.33999633789062,144500
2024-06-13,76.58999633789062,76.9000015258789,75.44000244140625,76.48999786376953,153500
2024-06-14,76.19999694824219,76.25,74.70999908447266,75.81999969482422,257600
2024-06-17,76.70999908447266,76.91000366210938,75.43000030517578,75.94000244140625,148800
2024-06-18,76.97000122070312,77.43000030517578,75.37000274658203,76.52999877929688,211000
2024-06-20,75.72000122070312,76.97000122070312,75.20999908447266,76.72000122070312,170000
2024-06-21,75.70999908447266,76.0199966430664,75.25,75.83999633789062,862600
2024-06-24,75.43000030517578,77.19999694824219,75.30000305175781,75.5,189100
2024-06-25,75.26000213623047,75.58000183105469,75.12000274658203,75.5,333600
2024-06-26,74.93000030517578,75.47000122070312,74.6500015258789,75.20999908447266,302600
2024-06-27,76.47000122070312,76.95999908447266,74.76000213623047,75.31999969482422,263300
2024-06-28,76.16999816894531,76.86000061035156,75.97000122070312,76.83000183105469,337700
2024-07-01,76.16999816894531,76.51000213623047,74.95999908447266,76.1500015258789,164600
2024-07-02,75.5999984741211,76.38999938964844,75.3499984741211,76.31999969482422,113300
2024-07-03,75.95999908447266,76.37999725341797,75.77999877929688,75.77999877929688,46600
2024-07-05,75.4000015258789,76.5,74.94999694824219,75.5,127500
2024-07-08,75.08000183105469,75.8499984741211,75.04000091552734,75.8499984741211,110900
2024-07-09,74.5,75.18000030517578,74.41000366210938,75.0,148000
2024-07-10,74.9800033569336,75.45999908447266,74.23999786376953,74.62999725341797,102800
2024-07-11,77.04000091552734,77.83000183105469,76.33000183105469,76.38999938964844,144700
2024-07-12,77.38999938964844,78.12000274658203,77.25,77.61000061035156,131600
2024-07-15,77.38999938964844,78.19000244140625,76.86000061035156,77.98999786376953,174700
2024-07-16,77.69999694824219,78.19999694824219,77.02999877929688,78.19999694824219,252200
2024-07-17,77.47000122070312,77.86000061035156,76.79000091552734,76.9000015258789,249300
2024-07-18,76.98999786376953,77.91999816894531,76.41000366210938,76.91000366210938,139000
2024-07-19,77.3499984741211,78.0,76.76000213623047,77.25,188200
2024-07-22,78.0999984741211,78.70999908447266,77.61000061035156,77.77999877929688,244600
2024-07-23,79.2300033569336,79.9000015258789,77.69000244140625,77.72000122070312,218100
2024-07-24,78.36000061035156,79.55999755859375,78.18000030517578,79.0,153600
2024-07-25,78.83999633789062,79.31999969482422,78.04000091552734,78.76000213623047,222900
2024-07-26,79.9800033569336,80.30000305175781,79.38999938964844,79.5199966430664,199400
2024-07-29,80.01000213623047,80.47000122070312,79.5,79.9800033569336,159800
2024-07-30,80.36000061035156,80.6500015258789,79.77999877929688,80.2300033569336,277100
2024-07-31,79.37999725341797,81.0,77.81999969482422,81.0,290200
2024-08-01,78.16000366210938,80.0,77.38999938964844,79.7300033569336,230900
2024-08-02,76.31999969482422,77.48999786376953,75.37999725341797,75.4000015258789,301100
2024-08-05,74.5,76.0,73.25,76.0,553300
2024-08-06,75.43000030517578,76.31999969482422,74.38999938964844,74.4800033569336,264100
2024-08-07,76.44999694824219,78.16999816894531,75.30000305175781,75.66000366210938,692200
2024-08-08,76.38999938964844,77.5,75.4800033569336,77.0199966430664,108800
2024-08-09,76.26000213623047,76.5199966430664,74.73999786376953,76.22000122070312,116200
2024-08-12,75.4800033569336,76.91000366210938,74.83000183105469,75.97000122070312,123600
2024-08-13,76.08000183105469,76.36000061035156,75.41000366210938,75.9800033569336,128400
2024-08-14,76.2300033569336,76.69000244140625,75.8499984741211,76.22000122070312,82000
2024-08-15,77.62999725341797,78.0,76.94000244140625,77.37999725341797,105300
2024-08-16,78.0999984741211,78.66999816894531,77.4800033569336,77.51000213623047,110100
2024-08-19,78.58000183105469,78.91000366210938,77.72000122070312,77.86000061035156,95700
2024-08-20,77.44000244140625,78.80000305175781,77.31999969482422,78.38999938964844,96500
2024-08-21,79.30000305175781,79.44000244140625,77.5,77.9800033569336,155900
2024-08-22,79.4800033569336,79.94000244140625,79.02999877929688,79.19000244140625,141600
2024-08-23,81.7699966430664,81.94000244140625,79.95999908447266,80.0,278900
2024-08-26,82.12999725341797,82.81999969482422,81.66999816894531,81.9800033569336,152800
2024-08-27,82.36000061035156,83.19999694824219,81.79000091552734,81.8499984741211,135200
2024-08-28,81.91999816894531,82.87999725341797,81.66000366210938,82.31999969482422,143900
2024-08-29,83.44999694824219,83.47000122070312,82.16999816894531,82.43000030517578,151100
2024-08-30,83.5999984741211,84.51000213623047,82.44999694824219,83.4000015258789,573000
2024-09-03,81.86000061035156,83.23999786376953,81.66000366210938,83.12000274658203,216100
2024-09-04,82.16000366210938,82.37999725341797,81.38999938964844,81.5199966430664,98700
2024-09-05,81.88999938964844,82.91000366210938,80.69999694824219,82.2699966430664,130800
2024-09-06,81.47000122070312,82.19999694824219,81.08999633789062,82.12999725341797,127700
2024-09-09,81.62999725341797,82.05000305175781,81.11000061035156,81.22000122070312,131500
2024-09-10,81.66999816894531,82.11000061035156,81.04000091552734,81.91999816894531,115000
2024-09-11,81.3499984741211,81.63999938964844,80.41000366210938,81.29000091552734,137500
2024-09-12,82.05000305175781,82.29000091552734,80.83999633789062,81.79000091552734,89500
2024-09-13,84.7699966430664,84.80000305175781,82.0,82.25,139700
2024-09-16,84.44999694824219,85.41999816894531,84.2699966430664,85.1500015258789,140900
2024-09-17,84.18000030517578,85.31999969482422,83.7699966430664,84.97000122070312,124900
2024-09-18,84.0999984741211,85.62000274658203,83.55999755859375,83.95999908447266,130600
2024-09-19,85.69000244140625,85.94000244140625,84.44000244140625,85.58000183105469,136800
2024-09-20,84.73999786376953,86.1500015258789,84.51000213623047,85.87000274658203,758900
2024-09-23,84.69000244140625,85.37999725341797,84.33000183105469,85.05000305175781,138700
2024-09-24,84.06999969482422,85.04000091552734,83.75,84.69000244140625,138000
2024-09-25,83.69999694824219,84.54000091552734,83.08000183105469,84.19999694824219,143200
2024-09-26,83.98999786376953,85.58000183105469,83.0999984741211,84.41999816894531,118600
2024-09-27,84.0999984741211,85.0,83.4800033569336,84.55000305175781,147600
2024-09-30,84.68000030517578,84.83000183105469,83.41999816894531,83.41999816894531,130000
2024-10-01,83.7300033569336,84.80999755859375,82.9800033569336,84.51000213623047,164400
2024-10-02,83.38999938964844,84.47000122070312,83.37000274658203,83.66999816894531,106700
2024-10-03,81.94999694824219,83.26000213623047,81.91000366210938,82.95999908447266,152200
2024-10-04,82.41000366210938,82.87999725341797,82.11000061035156,82.66999816894531,146900
2024-10-07,80.87000274658203,82.62000274658203,80.70999908447266,81.93000030517578,160300
2024-10-08,81.0999984741211,81.83999633789062,80.80000305175781,81.08000183105469,113900
2024-10-09,81.4000015258789,81.93000030517578,81.05999755859375,81.0999984741211,99400
2024-10-10,82.47000122070312,82.77999877929688,80.5999984741211,80.75,161600
2024-10-11,83.5199966430664,83.55000305175781,82.31999969482422,82.31999969482422,85300
2024-10-14,83.9000015258789,84.0199966430664,82.6500015258789,83.55000305175781,78700
2024-10-15,85.22000122070312,85.62000274658203,83.38999938964844,84.18000030517578,120300
2024-10-16,86.5999984741211,86.70999908447266,85.55000305175781,85.80000305175781,124700
2024-10-17,86.33999633789062,87.0,85.91999816894531,86.80000305175781,116900
2024-10-18,85.88999938964844,86.54000091552734,85.87000274658203,86.16999816894531,114900
2024-10-21,85.94999694824219,86.19999694824219,85.45999908447266,85.68000030517578,112500
2024-10-22,87.19000244140625,87.26000213623047,85.73999786376953,86.02999877929688,122100
2024-10-23,86.05999755859375,87.30999755859375,86.0,86.9000015258789,132000
2024-10-24,85.93000030517578,86.58000183105469,85.61000061035156,86.05999755859375,98700
2024-10-25,85.54000091552734,87.08000183105469,85.51000213623047,86.27999877929688,114200
2024-10-28,86.20999908447266,87.66999816894531,85.95999908447266,85.95999908447266,184400
2024-10-29,87.4800033569336,87.51000213623047,85.33999633789062,86.08999633789062,218900
2024-10-30,74.29000091552734,78.0199966430664,74.29000091552734,75.41999816894531,436000
2024-10-31,75.51000213623047,76.30000305175781,73.11000061035156,73.11000061035156,282800
2024-11-01,77.72000122070312,78.05000305175781,74.83000183105469,75.6500015258789,386700
2024-11-04,76.69000244140625,79.2699966430664,76.30000305175781,77.41999816894531,224000
2024-11-05,77.7699966430664,78.16999816894531,76.05000305175781,76.80000305175781,218100
2024-11-06,83.45999908447266,84.91000366210938,82.01000213623047,82.13999938964844,466400
2024-11-07,83.4800033569336,84.0999984741211,82.27999877929688,83.2300033569336,310300
2024-11-08,83.9800033569336,85.16000366210938,82.91999816894531,83.9800033569336,221600
2024-11-11,86.62999725341797,86.91000366210938,84.22000122070312,84.33999633789062,249700
2024-11-12,85.75,87.08000183105469,85.33000183105469,86.61000061035156,303500
2024-11-13,86.5999984741211,87.12000274658203,84.5999984741211,86.41000366210938,300700
2024-11-14,84.0,86.41000366210938,83.58000183105469,86.41000366210938,275200
2024-11-15,81.0,84.29000091552734,79.26000213623047,84.29000091552734,248700
2024-11-18,82.33999633789062,82.94000244140625,80.1500015258789,80.76000213623047,270500
2024-11-19,83.5,83.62999725341797,81.72000122070312,81.72000122070312,243600
2024-11-20,83.0199966430664,83.41000366210938,82.22000122070312,83.4000015258789,200400
2024-11-21,85.37000274658203,86.01000213623047,82.48999786376953,83.0199966430664,261300
2024-11-22,86.9800033569336,87.11000061035156,85.13999938964844,85.2300033569336,268000
2024-11-25,87.47000122070312,88.94999694824219,87.23999786376953,87.37000274658203,354900
2024-11-26,86.41000366210938,87.62000274658203,86.06999969482422,87.19999694824219,225100
2024-11-27,84.2300033569336,86.7699966430664,84.01000213623047,86.7699966430664,133900
2024-11-29,83.94000244140625,84.83999633789062,83.5199966430664,84.80999755859375,96000
2024-12-02,83.2300033569336,84.56999969482422,83.08999633789062,84.56999969482422,168200
2024-12-03,82.66999816894531,83.55999755859375,81.7699966430664,83.01000213623047,271000
2024-12-04,82.88999938964844,84.04000091552734,82.77999877929688,83.2300033569336,259000
2024-12-05,80.80000305175781,83.19999694824219,80.70999908447266,83.04000091552734,189300
2024-12-06,79.93000030517578,81.7300033569336,79.80999755859375,81.52999877929688,209800
2024-12-09,78.12999725341797,80.5,78.0999984741211,80.13999938964844,191600
2024-12-10,80.2300033569336,80.43000030517578,77.12000274658203,78.04000091552734,154900
2024-12-11,81.1500015258789,81.97000122070312,80.22000122070312,80.66000366210938,147300
2024-12-12,80.26000213623047,81.62999725341797,80.08000183105469,80.95999908447266,148100
2024-12-13,78.45999908447266,79.91000366210938,78.30999755859375,79.30000305175781,145300
2024-12-16,78.37999725341797,80.5,78.02999877929688,78.56999969482422,389400
2024-12-17,77.68000030517578,78.18000030517578,76.86000061035156,78.18000030517578,290200
2024-12-18,75.5999984741211,78.83999633789062,75.04000091552734,78.08999633789062,267500
2024-12-19,76.19000244140625,77.45999908447266,75.91000366210938,76.41999816894531,159600
2024-12-20,76.30999755859375,76.94000244140625,75.5999984741211,75.5999984741211,667900
2024-12-23,75.70999908447266,76.19999694824219,75.05999755859375,75.9000015258789,160200
2024-12-24,76.12000274658203,76.16999816894531,75.55000305175781,76.0,49000
2024-12-26,76.27999877929688,76.58000183105469,75.41999816894531,75.93000030517578,72800
2024-12-27,74.93000030517578,76.29000091552734,74.58000183105469,75.94000244140625,99600
2024-12-30,73.80000305175781,74.83000183105469,73.62000274658203,74.56999969482422,65800
2024-12-31,73.91999816894531,74.2699966430664,73.33999633789062,74.20999908447266,156300
2025-01-02,73.72000122070312,74.9000015258789,73.0199966430664,74.9000015258789,126400
2025-01-03,74.41000366210938,74.69000244140625,73.4000015258789,74.16000366210938,161900
2025-01-06,75.20999908447266,75.29000091552734,73.94999694824219,74.44000244140625,196100
2025-01-07,75.18000030517578,75.44000244140625,74.4000015258789,75.41000366210938,170300
2025-01-08,75.41999816894531,75.47000122070312,74.0999984741211,75.11000061035156,119100
2025-01-10,74.61000061035156,74.93000030517578,73.73999786376953,74.08000183105469,136800
2025-01-13,74.87000274658203,75.02999877929688,73.77999877929688,73.87000274658203,122100
2025-01-14,75.0999984741211,75.66000366210938,74.5999984741211,74.7300033569336,160600
2025-01-15,76.5,77.05000305175781,75.76000213623047,76.3499984741211,116600
2025-01-16,77.4000015258789,77.66999816894531,75.97000122070312,76.69999694824219,143100
2025-01-17,78.06999969482422,78.37000274658203,77.3499984741211,78.37000274658203,117800
2025-01-21,78.36000061035156,79.26000213623047,78.11000061035156,78.33000183105469,123100
2025-01-22,77.2300033569336,78.36000061035156,77.06999969482422,78.08999633789062,325700
2025-01-23,76.25,77.0999984741211,76.02999877929688,76.79000091552734,159100
2025-01-24,76.26000213623047,76.43000030517578,75.73999786376953,75.83000183105469,130900
2025-01-27,78.08999633789062,78.7699966430664,76.0,76.0,138700
2025-01-28,77.44000244140625,78.98999786376953,77.36000061035156,77.83999633789062,213700
2025-01-29,76.7699966430664,77.3499984741211,76.23999786376953,77.3499984741211,120800
2025-01-30,76.83999633789062,78.31999969482422,76.7300033569336,77.47000122070312,84300
2025-01-31,77.1500015258789,77.86000061035156,76.7699966430664,76.7699966430664,251600
2025-02-03,76.4800033569336,76.66000366210938,75.08999633789062,75.97000122070312,277000
2025-02-04,78.7699966430664,78.94000244140625,76.4800033569336,76.4800033569336,165200
2025-02-05,78.83000183105469,80.0,78.47000122070312,79.08999633789062,239200
2025-02-06,78.70999908447266,79.08000183105469,78.01000213623047,79.0199966430664,140200
2025-02-07,78.05999755859375,79.62999725341797,77.91000366210938,78.86000061035156,130000
2025-02-10,79.76000213623047,79.95999908447266,78.05999755859375,78.18000030517578,140800
2025-02-11,79.5999984741211,80.11000061035156,77.94000244140625,79.41999816894531,145000
2025-02-12,79.08000183105469,79.83000183105469,78.12999725341797,78.86000061035156,133300
2025-02-13,80.79000091552734,80.91000366210938,77.5,79.69999694824219,152400
2025-02-14,79.87999725341797,81.38999938964844,79.70999908447266,81.0,128900
2025-02-18,70.95999908447266,75.83000183105469,69.69999694824219,75.61000061035156,427500
2025-02-19,68.5199966430664,70.55999755859375,68.12000274658203,70.25,341600
2025-02-20,66.22000122070312,68.6500015258789,66.06999969482422,68.5,352000
2025-02-21,68.23999786376953,68.3499984741211,66.23999786376953,66.7300033569336,320700
2025-02-24,68.9000015258789,69.18000030517578,67.55999755859375,68.33999633789062,338600
2025-02-25,66.86000061035156,69.06999969482422,66.83000183105469,68.2699966430664,383000
2025-02-26,65.9000015258789,67.08999633789062,65.76000213623047,66.1500015258789,300800
2025-02-27,65.12999725341797,67.19000244140625,64.94000244140625,65.75,368600
2025-02-28,66.0999984741211,66.31999969482422,65.12999725341797,65.55000305175781,388500
2025-03-03,65.30999755859375,66.76000213623047,65.23999786376953,66.06999969482422,448300
2025-03-04,64.05000305175781,65.22000122070312,63.869998931884766,64.8499984741211,443100
2025-03-05,65.01000213623047,65.08000183105469,63.689998626708984,64.0999984741211,269500
2025-03-06,64.6500015258789,65.83000183105469,64.19000244140625,64.6500015258789,400300
2025-03-07,65.7300033569336,65.80000305175781,64.22000122070312,64.51000213623047,305400
2025-03-10,66.58000183105469,67.44999694824219,65.04000091552734,65.04000091552734,517700
2025-03-11,67.02999877929688,69.5199966430664,66.44999694824219,66.76000213623047,512400
2025-03-12,64.69999694824219,68.0,64.43000030517578,68.0,516700
2025-03-13,63.29999923706055,64.83999633789062,63.13999938964844,64.68000030517578,500500
2025-03-14,63.45000076293945,64.25,62.9900016784668,63.540000915527344,422800
2025-03-17,64.51000213623047,64.9000015258789,63.380001068115234,63.400001525878906,453800
2025-03-18,63.88999938964844,64.9800033569336,63.630001068115234,64.29000091552734,442000
2025-03-19,64.62999725341797,64.83000183105469,63.97999954223633,64.33000183105469,465800
2025-03-20,63.93000030517578,65.12999725341797,63.81999969482422,64.26000213623047,443800
2025-03-21,63.130001068115234,64.37999725341797,62.7599983215332,63.13999938964844,1238600
2025-03-24,61.900001525878906,63.9900016784668,61.22999954223633,63.9900016784668,519200
2025-03-25,62.130001068115234,62.959999084472656,61.7400016784668,62.20000076293945,465800
2025-03-26,62.310001373291016,62.81999969482422,61.65999984741211,62.13999938964844,218500
2025-03-27,62.31999969482422,62.790000915527344,61.54999923706055,62.209999084472656,294000
2025-03-28,62.11000061035156,62.470001220703125,61.38999938964844,62.470001220703125,262500
2025-03-31,62.04999923706055,62.630001068115234,61.20000076293945,61.900001525878906,413200
2025-04-01,63.47999954223633,63.630001068115234,61.97999954223633,62.04999923706055,315800
2025-04-02,63.81999969482422,63.880001068115234,62.13999938964844,62.95000076293945,338700
2025-04-03,63.650001525878906,64.16000366210938,61.9900016784668,62.4900016784668,294600
2025-04-04,62.20000076293945,62.77000045776367,61.16999816894531,62.4900016784668,423600
2025-04-07,60.599998474121094,62.90999984741211,59.70000076293945,59.779998779296875,396500
2025-04-08,59.040000915527344,62.70000076293945,58.52000045776367,61.04999923706055,331600
2025-04-09,62.040000915527344,62.209999084472656,58.04999923706055,58.959999084472656,475700
2025-04-10,60.20000076293945,61.29999923706055,59.040000915527344,60.95000076293945,409800
2025-04-11,61.130001068115234,61.33000183105469,59.209999084472656,60.279998779296875,250100
2025-04-14,61.220001220703125,62.13999938964844,60.36000061035156,62.040000915527344,472600
2025-04-15,61.54999923706055,62.58000183105469,61.310001373291016,61.45000076293945,267800
2025-04-16,61.380001068115234,61.54999923706055,60.650001525878906,61.4900016784668,250500
2025-04-17,62.02000045776367,62.15999984741211,60.400001525878906,61.349998474121094,244900
2025-04-21,60.75,61.529998779296875,60.189998626708984,61.529998779296875,234700
2025-04-22,61.43000030517578,61.88999938964844,60.130001068115234,61.2599983215332,226200
2025-04-23,62.150001525878906,63.20000076293945,61.849998474121094,61.849998474121094,250300
2025-04-24,63.43000030517578,63.5,62.06999969482422,62.45000076293945,229200
2025-04-25,63.77000045776367,63.810001373291016,62.70000076293945,63.11000061035156,235800
2025-04-28,63.849998474121094,64.76000213623047,63.15999984741211,63.540000915527344,234100
2025-04-29,64.05999755859375,64.41999816894531,63.54999923706055,63.619998931884766,293100
2025-04-30,60.540000915527344,65.54000091552734,60.439998626708984,64.93000030517578,551700
2025-05-01,61.09000015258789,62.040000915527344,60.25,60.56999969482422,700600
2025-05-02,61.400001525878906,61.81999969482422,60.63999938964844,61.41999816894531,386200
2025-05-05,62.540000915527344,63.5,61.22999954223633,61.22999954223633,515100
2025-05-06,62.209999084472656,62.9900016784668,61.63999938964844,62.11000061035156,281400
2025-05-07,62.84000015258789,63.150001525878906,62.2599983215332,62.58000183105469,258300
2025-05-08,64.1500015258789,64.2300033569336,62.83000183105469,63.470001220703125,242600
2025-05-09,63.380001068115234,64.66000366210938,63.130001068115234,64.19999694824219,269300
2025-05-12,64.55000305175781,65.22000122070312,63.970001220703125,64.66000366210938,269900
2025-05-13,63.65999984741211,64.88999938964844,63.599998474121094,64.70999908447266,229300
2025-05-14,63.15999984741211,63.349998474121094,62.709999084472656,63.349998474121094,211700
2025-05-15,63.81999969482422,63.959999084472656,62.83000183105469,63.20000076293945,192300
2025-05-16,64.47000122070312,64.58000183105469,63.52000045776367,63.84000015258789,252000
2025-05-19,63.849998474121094,64.36000061035156,63.5099983215332,63.70000076293945,176000
2025-05-20,63.7599983215332,63.84000015258789,62.970001220703125,63.61000061035156,210300
2025-05-21,62.119998931884766,63.43000030517578,62.06999969482422,63.119998931884766,224900
2025-05-22,61.68000030517578,62.400001525878906,61.4900016784668,62.18000030517578,152500
2025-05-23,61.119998931884766,61.349998474121094,60.650001525878906,60.849998474121094,137800
2025-05-27,62.209999084472656,62.2599983215332,61.400001525878906,61.779998779296875,227200
2025-05-28,61.41999816894531,62.439998626708984,61.41999816894531,62.13999938964844,279200
2025-05-29,61.529998779296875,61.61000061035156,60.75,61.459999084472656,170700
2025-05-30,62.22999954223633,62.45000076293945,61.16999816894531,61.470001220703125,433900
2025-06-02,62.22999954223633,62.40999984741211,61.38999938964844,61.939998626708984,264000
2025-06-03,63.959999084472656,64.02999877929688,61.779998779296875,62.13999938964844,196900
2025-06-04,63.33000183105469,64.38999938964844,63.310001373291016,64.27999877929688,175000
2025-06-05,63.45000076293945,63.58000183105469,62.790000915527344,63.25,191600
2025-06-06,63.81999969482422,64.38999938964844,63.400001525878906,63.93000030517578,173900
2025-06-09,62.689998626708984,63.959999084472656,62.47999954223633,63.900001525878906,235300
2025-06-10,63.31999969482422,63.540000915527344,62.619998931884766,62.95000076293945,198200
2025-06-11,61.939998626708984,63.369998931884766,61.709999084472656,63.31999969482422,219200
2025-06-12,61.290000915527344,62.4900016784668,61.099998474121094,61.959999084472656,246900
2025-06-13,60.599998474121094,61.2400016784668,60.209999084472656,60.630001068115234,229800
2025-06-16,62.13999938964844,62.5,60.41999816894531,60.970001220703125,304000
2025-06-17,60.84000015258789,61.790000915527344,60.75,61.58000183105469,422200
2025-06-18,60.029998779296875,61.34000015258789,59.849998474121094,60.79999923706055,536300
2025-06-20,61.5,61.619998931884766,59.939998626708984,60.189998626708984,710100
2025-06-23,64.55000305175781,64.83000183105469,61.59000015258789,61.59000015258789,474700
2025-06-24,64.41999816894531,66.66000366210938,63.630001068115234,64.75,441500
2025-06-25,64.0199966430664,65.31999969482422,63.88999938964844,64.44999694824219,284500
2025-06-26,64.25,64.93000030517578,63.650001525878906,64.38999938964844,166100
2025-06-27,64.06999969482422,64.41999816894531,63.2599983215332,64.30000305175781,503400
2025-06-30,64.20999908447266,64.6500015258789,63.470001220703125,64.37999725341797,199300
2025-07-01,65.72000122070312,66.70999908447266,63.400001525878906,63.86000061035156,332300
2025-07-02,64.94000244140625,65.91999816894531,64.72000122070312,65.47000122070312,261500
2025-07-03,65.75,65.75,64.95999908447266,64.95999908447266,155800
2025-07-07,65.26000213623047,65.7300033569336,64.62999725341797,65.31999969482422,188200
2025-07-08,66.0,66.9800033569336,62.709999084472656,65.25,244000
2025-07-09,66.16000366210938,66.25,64.93000030517578,66.0,151900
2025-07-10,65.83000183105469,66.1500015258789,65.11000061035156,65.80999755859375,203000
2025-07-11,63.630001068115234,65.36000061035156,63.45000076293945,65.36000061035156,175500
2025-07-14,63.79999923706055,64.48999786376953,63.36000061035156,63.40999984741211,276400
2025-07-15,62.56999969482422,64.30000305175781,62.209999084472656,63.77000045776367,289200
2025-07-16,63.540000915527344,64.22000122070312,62.75,62.75,218100
2025-07-17,63.959999084472656,64.5,63.31999969482422,63.54999923706055,230800
2025-07-18,64.08000183105469,64.94000244140625,63.70000076293945,64.48999786376953,188400
2025-07-21,64.18000030517578,64.68000030517578,63.97999954223633,64.0,220100
2025-07-22,65.02999877929688,65.26000213623047,64.3499984741211,64.52999877929688,205600
2025-07-23,65.83000183105469,66.01000213623047,64.04000091552734,65.04000091552734,157400
2025-07-24,65.25,65.88999938964844,64.8499984741211,65.52999877929688,188500
2025-07-25,65.4000015258789,65.69000244140625,65.05999755859375,65.4000015258789,168000
2025-07-28,64.05999755859375,65.56999969482422,63.95000076293945,65.33999633789062,312600
2025-07-29,64.5,64.81999969482422,63.720001220703125,64.52999877929688,312300
2025-07-30,71.61000061035156,74.87999725341797,70.22000122070312,71.0,722000
2025-07-31,67.41999816894531,70.94000244140625,67.33000183105469,70.55000305175781,837600
2025-08-01,65.27999877929688,67.45999908447266,65.20999908447266,67.3499984741211,465400
2025-08-04,64.77999877929688,65.9000015258789,63.7599983215332,65.47000122070312,432600
2025-08-05,63.119998931884766,65.08999633789062,62.779998779296875,65.08999633789062,537000
2025-08-06,65.22000122070312,65.5,63.22999954223633,63.27000045776367,610700
2025-08-07,63.869998931884766,66.0,63.040000915527344,65.68000030517578,411400
2025-08-08,64.08999633789062,65.02999877929688,63.650001525878906,64.05999755859375,463700
2025-08-11,61.349998474121094,64.30999755859375,61.02000045776367,63.91999816894531,258600
2025-08-12,61.380001068115234,61.790000915527344,59.86000061035156,61.52000045776367,423800
2025-08-13,63.18000030517578,63.369998931884766,61.56999969482422,61.61000061035156,311300
2025-08-14,62.540000915527344,63.16999816894531,61.75,62.72999954223633,311000
2025-08-15,63.279998779296875,63.619998931884766,62.7400016784668,62.77000045776367,330300
2025-08-18,64.30999755859375,64.3499984741211,62.529998779296875,63.349998474121094,469100
2025-08-19,64.47000122070312,65.41999816894531,63.790000915527344,64.5999984741211,245000
2025-08-20,64.55999755859375,64.77999877929688,63.77000045776367,64.2300033569336,236800
2025-08-21,65.11000061035156,65.26000213623047,64.13999938964844,64.30000305175781,180000
2025-08-22,66.45999908447266,66.91999816894531,64.9800033569336,65.47000122070312,288800
2025-08-25,65.22000122070312,66.37999725341797,65.06999969482422,66.36000061035156,163300
2025-08-26,65.16000366210938,66.0,64.88999938964844,65.05999755859375,355400
2025-08-27,66.55000305175781,66.75,65.30999755859375,65.3499984741211,271100
2025-08-28,66.16000366210938,67.0,65.72000122070312,66.55999755859375,197400
2025-08-29,66.70999908447266,67.47000122070312,66.19000244140625,66.3499984741211,208400
2025-09-02,65.79000091552734,67.79000091552734,65.70999908447266,65.94000244140625,206400
2025-09-03,66.55999755859375,66.62000274658203,64.9000015258789,65.43000030517578,252800
2025-09-04,66.3499984741211,66.45999908447266,65.63999938964844,66.23999786376953,236400
2025-09-05,66.5999984741211,67.70999908447266,65.73999786376953,66.45999908447266,260600
2025-09-08,67.87000274658203,67.9800033569336,66.02999877929688,66.79000091552734,299800
2025-09-09,68.55999755859375,68.73999786376953,67.12999725341797,68.0,269500
2025-09-10,68.58000183105469,68.76000213623047,66.5,68.36000061035156,330200
2025-09-11,70.16999816894531,70.19000244140625,68.44000244140625,68.93000030517578,423500
2025-09-12,69.5999984741211,70.33999633789062,69.26000213623047,70.25,262000
2025-09-15,69.62999725341797,70.12999725341797,69.44999694824219,69.87999725341797,303800
2025-09-16,68.22000122070312,69.8499984741211,68.05999755859375,69.66000366210938,235500
2025-09-17,69.12999725341797,70.02999877929688,68.47000122070312,68.47000122070312,579300
2025-09-18,68.30999755859375,69.7300033569336,67.81999969482422,69.36000061035156,439600
2025-09-19,66.51000213623047,69.05000305175781,65.95999908447266,68.01000213623047,1073100
2025-09-22,66.72000122070312,67.16000366210938,65.94999694824219,66.25,436600
2025-09-23,66.0199966430664,67.23999786376953,65.75,66.80000305175781,428000
2025-09-24,64.9000015258789,67.0999984741211,64.88999938964844,66.16000366210938,230600
2025-09-25,63.52000045776367,65.13999938964844,63.439998626708984,64.80000305175781,255900
2025-09-26,64.16999816894531,64.16999816894531,63.369998931884766,63.47999954223633,425900
2025-09-29,63.189998626708984,64.44000244140625,62.369998931884766,64.37000274658203,368600
2025-09-30,64.30999755859375,64.43000030517578,63.029998779296875,63.189998626708984,336800
2025-10-01,64.55999755859375,64.9000015258789,63.689998626708984,64.04000091552734,349600
2025-10-02,63.11000061035156,64.76000213623047,62.97999954223633,64.36000061035156,187400
2025-10-03,63.040000915527344,63.70000076293945,62.869998931884766,63.18000030517578,202500
2025-10-06,63.22999954223633,63.34000015258789,61.9900016784668,63.34000015258789,221800
2025-10-07,62.75,64.47000122070312,62.5,63.41999816894531,214900
2025-10-08,63.04999923706055,63.11000061035156,61.310001373291016,62.5,198000
2025-10-09,62.650001525878906,62.88999938964844,61.939998626708984,62.88999938964844,396400
2025-10-10,63.38999938964844,64.1500015258789,62.31999969482422,62.95000076293945,264900
2025-10-13,63.619998931884766,64.52999877929688,62.599998474121094,63.5,239500
2025-10-14,63.810001373291016,64.0999984741211,62.66999816894531,63.130001068115234,259900
2025-10-15,63.439998626708984,65.02999877929688,62.95000076293945,63.9900016784668,221300
2025-10-16,62.439998626708984,64.0,62.040000915527344,63.22999954223633,211000
2025-10-17,63.040000915527344,63.650001525878906,62.189998626708984,62.439998626708984,194700
2025-10-20,64.36000061035156,64.54000091552734,63.16999816894531,63.2400016784668,178400
2025-10-21,65.23999786376953,65.62000274658203,64.12000274658203,64.2699966430664,134200
2025-10-22,64.4800033569336,66.11000061035156,64.38999938964844,65.19000244140625,235600
2025-10-23,64.70999908447266,64.70999908447266,63.790000915527344,64.30999755859375,139100
2025-10-24,65.18000030517578,65.62000274658203,64.33000183105469,64.9800033569336,167500
2025-10-27,64.45999908447266,65.45999908447266,64.27999877929688,65.25,156800
2025-10-28,64.1500015258789,64.69000244140625,63.779998779296875,64.5,278100
2025-10-29,67.94999694824219,70.70999908447266,66.25,67.33999633789062,573000
2025-10-30,65.91999816894531,68.5,65.81999969482422,67.51000213623047,447400
2025-10-31,64.04000091552734,65.52999877929688,62.70000076293945,65.29000091552734,399900
2025-11-03,63.880001068115234,64.27999877929688,62.66999816894531,64.25,404900
2025-11-04,62.060001373291016,63.810001373291016,61.900001525878906,63.810001373291016,297000
2025-11-05,59.58000183105469,63.349998474121094,58.75,62.18000030517578,510300
2025-11-06,57.0,59.709999084472656,56.84000015258789,59.709999084472656,880900
2025-11-07,57.36000061035156,57.56999969482422,56.220001220703125,56.95000076293945,396400
2025-11-10,58.75,59.13999938964844,57.43000030517578,57.720001220703125,274500
2025-11-11,58.779998779296875,59.59000015258789,58.02000045776367,58.75,311400
2025-11-12,59.599998474121094,60.16999816894531,58.060001373291016,58.68000030517578,582800
2025-11-13,60.279998779296875,61.40999984741211,59.04999923706055,59.540000915527344,374900
2025-11-14,61.279998779296875,61.45000076293945,59.4900016784668,60.220001220703125,324300
2025-11-17,57.779998779296875,61.380001068115234,57.75,60.939998626708984,289700
2025-11-18,57.81999969482422,58.4900016784668,56.689998626708984,57.709999084472656,398600
2025-11-19,57.290000915527344,57.63999938964844,56.77000045776367,57.5,287100
2025-11-20,56.15999984741211,58.0,56.09000015258789,57.970001220703125,291500
2025-11-21,56.4900016784668,57.52000045776367,55.83000183105469,56.77000045776367,420400
2025-11-24,54.880001068115234,56.529998779296875,54.560001373291016,56.279998779296875,487300
2025-11-25,56.40999984741211,56.619998931884766,54.84000015258789,54.970001220703125,356500
2025-11-26,56.86000061035156,57.08000183105469,55.84000015258789,56.16999816894531,280600
2025-11-28,56.380001068115234,57.38999938964844,56.099998474121094,56.939998626708984,228500
2025-12-01,57.38999938964844,57.72999954223633,55.880001068115234,56.27000045776367,341700
2025-12-02,60.33000183105469,60.869998931884766,58.75,59.15999984741211,435900
2025-12-03,61.689998626708984,62.290000915527344,59.869998931884766,60.060001373291016,440000
2025-12-04,62.970001220703125,63.29999923706055,61.58000183105469,61.689998626708984,386600
2025-12-05,63.689998626708984,64.79000091552734,62.72999954223633,62.970001220703125,311700
2025-12-08,61.09000015258789,64.0,60.810001373291016,63.540000915527344,466900
2025-12-09,61.36000061035156,62.29999923706055,60.7400016784668,61.18000030517578,358400
2025-12-10,62.33000183105469,62.61000061035156,60.619998931884766,61.15999984741211,416000
2025-12-11,62.369998931884766,63.380001068115234,62.0099983215332,62.33000183105469,323900
2025-12-12,62.900001525878906,63.59000015258789,61.5,62.630001068115234,293700
2025-12-15,61.7400016784668,62.900001525878906,61.0,62.900001525878906,352700
2025-12-16,62.869998931884766,62.93000030517578,60.20000076293945,61.81999969482422,325100
2025-12-17,63.5,64.83999633789062,62.540000915527344,62.77000045776367,275000
2025-12-18,64.0199966430664,64.4800033569336,63.060001373291016,63.790000915527344,282600
2025-12-19,63.630001068115234,64.4000015258789,63.45000076293945,63.7599983215332,828900
2025-12-22,63.470001220703125,64.3499984741211,62.720001220703125,63.25,265700
2025-12-23,63.40999984741211,63.599998474121094,62.56999969482422,63.22999954223633,204000
2025-12-24,63.36000061035156,63.95000076293945,63.22999954223633,63.349998474121094,148900
2025-12-26,64.20999908447266,64.30999755859375,63.09000015258789,63.310001373291016,170300
2025-12-29,64.30000305175781,64.63999938964844,63.810001373291016,64.0,232100
2025-12-30,63.52000045776367,64.45999908447266,63.36000061035156,64.06999969482422,190700
2025-12-31,63.31999969482422,63.630001068115234,62.709999084472656,63.630001068115234,206000
2026-01-02,59.52000045776367,63.540000915527344,59.34000015258789,63.209999084472656,377300
2026-01-05,61.060001373291016,61.83000183105469,58.29999923706055,59.47999954223633,364200
2026-01-06,60.310001373291016,61.310001373291016,59.84000015258789,60.65999984741211,335000
2026-01-07,61.65999984741211,61.75,60.34000015258789,60.63999938964844,320800
2026-01-08,61.84000015258789,62.5,61.130001068115234,61.599998474121094,340200
2026-01-09,62.209999084472656,62.4900016784668,60.7599983215332,61.77000045776367,216400
2026-01-12,61.90999984741211,62.869998931884766,61.56999969482422,61.779998779296875,264000
2026-01-13,60.779998779296875,63.0,60.400001525878906,62.13999938964844,217500
2026-01-14,59.380001068115234,61.099998474121094,59.15999984741211,60.529998779296875,259100
2026-01-15,56.93000030517578,59.869998931884766,56.79999923706055,59.38999938964844,409900
2026-01-16,55.47999954223633,57.20000076293945,54.83000183105469,56.790000915527344,391300
2026-01-20,53.880001068115234,55.380001068115234,53.79999923706055,54.61000061035156,294600
2026-01-21,55.209999084472656,55.41999816894531,53.65999984741211,54.20000076293945,410600
2026-01-22,56.0,57.04999923706055,55.060001373291016,55.45000076293945,527100
2026-01-23,56.34000015258789,56.869998931884766,55.599998474121094,55.72999954223633,326300
2026-01-26,56.81999969482422,57.59000015258789,56.18000030517578,56.18000030517578,235700
2026-01-27,54.72999954223633,56.56999969482422,53.75,56.54999923706055,351900
2026-01-28,54.869998931884766,55.7400016784668,54.68000030517578,54.68000030517578,246600
2026-01-29,53.310001373291016,54.630001068115234,52.209999084472656,54.630001068115234,359200
2026-01-30,53.70000076293945,54.27000045776367,52.38999938964844,53.29999923706055,350000
2026-02-02,52.36000061035156,55.529998779296875,52.0,53.939998626708984,731100
2026-02-03,48.54999923706055,52.15999984741211,47.88999938964844,51.900001525878906,652300
2026-02-04,47.849998474121094,49.65999984741211,46.709999084472656,48.04999923706055,555000
2026-02-05,46.290000915527344,48.75,46.02000045776367,48.150001525878906,467000
2026-02-06,47.47999954223633,48.0,45.810001373291016,46.90999984741211,551600
2026-02-09,48.25,48.720001220703125,46.029998779296875,47.02000045776367,808800
2026-02-10,47.68000030517578,53.25,45.709999084472656,51.5,1152800
2026-02-11,50.369998931884766,50.43000030517578,46.34000015258789,47.189998626708984,897100
2026-02-12,47.709999084472656,50.369998931884766,47.33000183105469,49.810001373291016,611600
2026-02-13,49.08000183105469,50.279998779296875,48.09000015258789,48.09000015258789,512400
2026-02-17,47.34000015258789,49.90999984741211,46.77000045776367,48.88999938964844,658400
2026-02-18,49.5099983215332,50.31999969482422,46.68000030517578,47.36000061035156,794400
2026-02-19,49.31999969482422,49.75,48.0,49.20000076293945,510400
2026-02-20,49.130001068115234,50.18000030517578,48.5,49.08000183105469,894500
2026-02-23,46.27000045776367,48.68000030517578,45.95000076293945,48.65999984741211,545300
2026-02-24,47.209999084472656,48.279998779296875,46.029998779296875,46.13999938964844,571500
2026-02-25,47.84000015258789,48.0099983215332,46.47999954223633,47.209999084472656,424500
2026-02-26,48.83000183105469,49.4900016784668,47.709999084472656,48.08000183105469,634800
2026-02-27,48.540000915527344,48.88999938964844,47.38999938964844,47.880001068115234,574100
2026-03-02,48.959999084472656,49.709999084472656,47.779998779296875,47.779998779296875,714300
2026-03-03,50.349998474121094,50.7599983215332,47.95000076293945,48.459999084472656,524200
2026-03-04,49.77000045776367,50.59000015258789,49.09000015258789,50.20000076293945,357600
2026-03-05,49.29999923706055,50.56999969482422,49.04999923706055,49.16999816894531,464300
2026-03-06,48.15999984741211,49.31999969482422,47.56999969482422,49.189998626708984,515500
2026-03-09,47.15999984741211,47.959999084472656,46.220001220703125,47.70000076293945,477000
2026-03-10,45.36000061035156,46.95000076293945,44.540000915527344,46.95000076293945,443600
2026-03-11,45.0099983215332,46.2599983215332,44.72999954223633,45.38999938964844,635749
