date,close,high,low,open,volume
2021-03-12,45.821781158447266,46.105534802932674,43.864839908529945,44.031178123139696,505100
2021-03-15,44.99986267089844,45.958763371239705,44.29536267368078,45.82177809012938,545600
2021-03-16,43.20926284790039,45.49888427015278,42.59282530621764,44.99986589145576,827700
2021-03-17,42.91572570800781,44.08010450294781,41.775806441145114,42.72981388525882,666300
2021-03-18,41.71219253540039,42.90592383769837,39.75525181336045,42.465615161293954,575200
2021-03-19,41.115333557128906,42.44605412170168,40.44997327484252,41.25231883891099,764700
2021-03-22,42.96464538574219,43.05760129038592,37.798321633112714,39.403012875516154,1074900
2021-03-23,42.064453125,43.669144326616056,41.3893060159175,42.72980970518421,458500
2021-03-24,41.66327667236328,43.091842740517315,41.25231711165514,42.35798984806669,482700
2021-03-25,43.453880310058594,44.0311781281527,40.60653094040749,41.09576625294252,759500
2021-03-26,43.57130432128906,44.07032652859567,42.299293004689986,43.51259846106708,283100
2021-03-29,43.6300048828125,45.00964830099681,42.66131733139539,43.512589454103185,400500
2021-03-30,44.34428787231445,44.569335665344184,43.29732461525175,43.46366282779014,550700
2021-03-31,45.91963195800781,47.44604765052188,44.109462588689745,44.74546632781004,927800
2021-04-01,46.90789031982422,47.44605226322174,45.28362888878718,46.0468386755282,735900
2021-04-05,46.86874771118164,47.82764854289316,46.22295720278126,47.16228817271464,603700
2021-04-06,47.07422637939453,48.111402941477365,46.956810939503356,47.22099474611611,604900
2021-04-07,47.12315368652344,47.729804538791996,46.02726743313542,46.98616837142117,352600
2021-04-08,47.92550277709961,48.33646248354249,46.858969379220675,46.96660177215976,789600
2021-04-09,47.935279846191406,48.404945320672404,46.97637530331879,47.26013269391233,603800
2021-04-12,48.79633331298828,48.874612761502526,45.332549832762965,47.935281774748866,805700
2021-04-13,48.90396499633789,49.01159737023703,47.954847225666775,48.33645393291903,717700
2021-04-14,48.79633331298828,49.004748798716385,48.12118986611588,48.60063842427221,552900
2021-04-15,48.71805953979492,49.23664784288836,47.92549688854579,48.92353750148443,684900
2021-04-16,49.559532165527344,49.83350271026231,48.16031905622738,48.91374178681726,859600
2021-04-19,48.85503387451172,49.794364687745265,48.639769163432376,49.256206642615766,978900
2021-04-20,48.6397705078125,49.56246901972541,48.287520509971685,49.16814550457372,900900
2021-04-21,49.84329605102539,50.16129977463576,48.34623707634736,48.61042461292045,1296400
2021-04-22,49.31492233276367,50.46951800023605,48.796330349278044,49.95092601675042,1084500
2021-04-23,49.68674087524414,49.90689902194761,48.98224451047372,49.334490826574175,653700
2021-04-26,50.50865173339844,51.056596617533444,49.38341277388345,49.38341277388345,1053300
2021-04-27,50.74348831176758,50.84133388336492,49.158366909960996,49.510613207253,612700
2021-04-28,50.55757522583008,51.066380396964256,50.18575907707638,50.90004218292748,828600
2021-04-29,49.83350372314453,50.929389656927356,49.432330960527764,50.88046687759728,488700
2021-04-30,50.097686767578125,50.3912271500941,49.21706188746171,49.63780447100972,519300
2021-05-03,50.616275787353516,50.97830880770981,48.80121355564816,48.80121355564816,493500
2021-05-04,49.57910919189453,50.37167181244328,48.7767635065551,50.07813134531878,876400
2021-05-05,49.2072868347168,50.04877213877721,48.72783460360014,50.04877213877721,714000
2021-05-06,47.309059143066406,49.412772742973345,46.487143565959705,49.021382950991224,966800
2021-05-07,47.426475524902344,48.49300872599434,47.02530269142203,47.30905635468655,735500
2021-05-10,44.63783645629883,47.70045107834604,44.569343799509866,47.54389590103273,1182800
2021-05-11,44.8824462890625,45.489100760841794,40.76308587515803,44.03117789488085,2056100
2021-05-12,48.25817108154297,49.08008655848817,44.53019664458273,45.391251842470375,2628000
2021-05-13,47.07422637939453,49.39320091323525,46.42843586113878,47.81786247546467,1817900
2021-05-14,48.88439178466797,49.549752111750884,47.494965281539635,47.494965281539635,1623700
2021-05-17,49.02138137817383,50.322749222076645,47.690664339783076,47.690664339783076,1572800
2021-05-18,50.54779815673828,51.36971372565149,49.24643401662466,49.579110484152494,1541700
2021-05-19,50.880470275878906,50.99788570062699,49.05073133223106,49.05073133223106,939300
2021-05-20,51.08594512939453,51.86872080157774,50.37166209524181,50.8804672153031,1826200
2021-05-21,52.01549530029297,52.299252661128016,51.41862765597408,51.69260195344919,1636700
2021-05-24,53.786529541015625,53.81588246430132,51.810018500782085,51.810018500782085,1562700
2021-05-25,55.33251190185547,55.68476191645669,53.56148249771036,53.81588321238393,2557100
2021-05-26,54.82371520996094,55.944064672379724,54.2464173151899,55.293380724467426,2007400
2021-05-27,56.28164291381836,56.40884516757093,54.24642178405727,55.322741942801315,10652500
2021-05-28,56.12507629394531,56.92742191708527,55.89024169890883,56.0565836480116,1263400
2021-06-01,57.2796745300293,57.39708996656523,55.92938394587307,56.61431416870997,1236600
2021-06-02,58.121158599853516,58.70823950184422,56.888283480075955,57.26010337537372,1842200
2021-06-03,59.05070114135742,59.35402838096734,56.2424914729609,56.86871208015755,1656100
2021-06-04,60.37163543701172,60.4792677978525,58.16028983947119,59.119190558446014,1913800
2021-06-07,61.04711151123047,62.17779365659541,60.04858551576618,61.409320713166494,2121300
2021-06-08,61.1547966003418,62.37260568881955,60.45974166139616,60.85132180349553,1467300
2021-06-09,61.38973617553711,62.60363151933641,61.18415829990176,61.18415829990176,1605900
2021-06-10,62.34910583496094,62.46658211237432,60.841530952004014,61.331004238072,1483900
2021-06-11,62.437217712402344,62.730904702297174,61.370165687688704,62.22185198336739,1970100
2021-06-14,62.094581604003906,62.593842714550746,60.939424345767094,62.55468768964979,2263700
2021-06-15,62.99520492553711,63.13225683617391,61.91346950585724,62.49594386044813,1801300
2021-06-16,63.817527770996094,64.11120725375187,61.8987897012831,62.71131339318463,4160800
2021-06-17,63.77836608886719,64.42446689632406,62.99520589988464,63.523837907132496,3597300
2021-06-18,62.56446838378906,63.9839415038953,62.074995151641005,62.074995151641005,3590500
2021-06-21,65.04122161865234,65.58942938469693,62.51553732148294,62.51553732148294,4116200
2021-06-22,64.59088897705078,65.47193479230137,63.90562199224986,65.09014628068783,3399500
2021-06-23,60.3520622253418,62.99521518228282,59.74511261600733,61.55616615190907,5110300
2021-06-24,60.538063049316406,61.10095813913437,59.66680109861385,60.39121955305599,3401300
2021-06-25,59.568904876708984,60.792588245042246,59.226275027329784,60.547851571375595,9986800
2021-06-28,60.60658264160156,61.086268109114336,59.382899416133604,59.86258488364638,1221600
2021-06-29,63.03437042236328,63.592369680707115,60.616371146616736,60.68490084364842,2048800
2021-06-30,63.41617202758789,64.16017368119596,62.49596338695228,62.98543304885091,1280100
2021-07-01,62.16310501098633,63.083317144462235,60.870895882737074,62.94626522697893,1112900
2021-07-02,63.465110778808594,63.54342830043422,62.454836409270804,62.495951987808766,652400
2021-07-06,64.4538345336914,64.48320920271205,63.43573673738309,63.62173149523236,780300
2021-07-07,64.38530731201172,65.32510251421277,63.40636082275719,64.55173389144942,1035100
2021-07-08,62.466575622558594,63.602153378882775,60.74362774334536,63.602153378882775,1630100
2021-07-09,62.84837341308594,63.553216212581845,61.9477442665169,62.89732373423942,733500
2021-07-12,62.593849182128906,63.63153400411312,61.864534953401936,63.63153400411312,1282600
2021-07-13,62.18268966674805,63.45531952415645,61.820480463463845,62.613424834589125,773500
2021-07-14,60.224796295166016,62.73090097778294,60.097532189393306,62.36868804092099,1155800
2021-07-15,58.4920539855957,60.56741954163267,58.30703390179134,59.803842458664775,1210500
2021-07-16,57.65995407104492,58.736793796900855,57.45437245462333,58.36479305722608,1368500
2021-07-19,57.5914306640625,58.17781872546711,55.985955092207966,56.710377224287754,830900
2021-07-20,59.46120834350586,59.666786199428124,57.4641567118442,57.83615740426375,934300
2021-07-21,59.31437301635742,60.048582946217735,58.89342569115339,59.88216008690263,642000
2021-07-22,59.754913330078125,60.293333321054924,59.20670177988437,59.6961751779334,668000
2021-07-23,59.65700912475586,60.15627402105356,59.15774796284337,59.950696115229896,369800
2021-07-26,59.8430061340332,60.5184779372254,59.54932290370551,60.00942526194444,1016100
2021-07-27,58.96195602416992,60.073062558328715,57.6501673695168,60.03879957510358,1136100
2021-07-28,58.75637435913086,59.06474118839387,58.48227051089707,59.010898827578686,1481600
2021-07-29,59.58848190307617,60.57722011685839,58.74658718144303,58.99132384543475,502400
2021-07-30,59.529747009277344,59.960482190018844,58.72602891338625,59.1577462374094,651300
2021-08-02,59.69615936279297,60.136686051206695,59.04515901960294,59.69615936279297,1115300
2021-08-03,60.02900695800781,60.07306149816842,58.71721832650494,59.64721837041262,1017200
2021-08-04,60.15626907348633,60.48911106551506,59.81363552424167,60.35205913957115,907300
2021-08-05,61.526790618896484,61.60510813724069,60.23458144129566,60.2835317574532,924100
2021-08-06,61.54636764526367,61.864526016198816,60.96878903990569,61.683419562741044,1271200
2021-08-09,63.53362274169922,64.00841234236329,61.63446433904291,61.77151623729972,1277600
2021-08-10,63.05394744873047,64.32657341340659,61.74215525915801,63.12247340476096,1221100
2021-08-11,61.27226638793945,62.946267872308454,59.71084540302562,61.23310762861723,1129900
2021-08-12,62.055419921875,62.65257790250984,60.606579506005616,61.115632149589665,665500
2021-08-13,62.7994270324707,63.377001952026085,62.16800601579466,62.27079496254867,621200
2021-08-16,61.67363357543945,63.09310310673143,61.24289843135459,63.09310310673143,742800
2021-08-17,61.28206253051758,61.34080067747547,60.107329466442366,61.017750205170394,1114000
2021-08-18,61.59532165527344,62.35890258450382,60.73385128881704,61.203745234443744,575000
2021-08-19,62.44700622558594,63.220374957081695,60.68490304406036,61.05690007352147,602900
2021-08-20,62.93647766113281,63.925215816045686,62.486163122452155,62.50573876814704,766500
2021-08-23,62.30016326904297,63.04416480307946,61.93795405963274,62.740686267392014,675600
2021-08-24,62.75047302246094,63.54342481507967,62.65257986018331,63.38678978041983,696500
2021-08-25,63.376983642578125,63.43572550144574,62.96582797434391,63.01477827860561,542900
2021-08-26,61.918365478515625,67.0059490116431,60.75342050005715,63.44551961256464,3896400
2021-08-27,63.69026184082031,63.88605563727062,60.019215915420325,60.70937130957976,1151200
2021-08-30,63.308475494384766,65.46705456255974,62.965845674540304,64.65942659658566,426800
2021-08-31,63.161556243896484,63.26929093094454,62.123393774780865,63.23991010215602,1359600
2021-09-01,64.83634185791016,65.41419232141293,63.24971705325595,63.43579815825135,1226100
2021-09-02,64.99305725097656,65.4435808579318,64.45438365992281,65.31626140560881,628000
2021-09-03,65.79615783691406,66.45235469720156,64.73840298997406,64.73840298997406,807400
2021-09-07,67.56886291503906,68.48754438442936,66.13893856296683,66.29564628648815,3383800
2021-09-08,66.9420394897461,68.39155588150311,66.43275438964669,67.4023590358899,1903100
2021-09-09,67.74515533447266,68.5580598373087,66.883285272237,66.94204693241075,1672400
2021-09-10,67.62763977050781,68.55806770040446,66.93225850826427,68.55806770040446,1230000
2021-09-13,67.41215515136719,68.29361731735601,66.29955434950729,67.82350167141708,1175500
2021-09-14,67.72555541992188,68.54531177893142,66.60903929354959,67.63740547719046,2029300
2021-09-15,69.70396423339844,70.43851495027425,65.93816636265731,67.74516232172961,3749400
2021-09-16,67.41215515136719,69.83127618993413,67.32400519865097,69.7431262372179,3078700
2021-09-17,66.39358520507812,68.73435266301694,65.2182996895773,67.46112855594993,14517100
2021-09-20,62.58372116088867,65.49254312967541,62.09402069401511,64.55231912994651,2190400
2021-09-21,63.44560241699219,64.65026906450863,62.975494070818044,63.12239825884907,2080000
2021-09-22,63.65127944946289,65.47296620922903,62.750232173430014,63.62189861015019,925100
2021-09-23,63.85693359375,64.56210341414672,63.58270254631475,63.778587203222514,988800
2021-09-24,62.82857131958008,63.69044145024721,62.054843686172,63.21053708550816,1407300
2021-09-27,61.47699737548828,62.68166008185221,61.144000906858714,62.39763291293797,1454000
2021-09-28,59.7728385925293,60.95791657770388,58.81302611292106,60.52697776996108,1498200
2021-09-29,58.871788024902344,61.085232389749436,58.83261109268115,60.31150852702922,853300
2021-09-30,59.390872955322266,60.19398143469045,58.65632224350126,59.3810805897233,754900
2021-10-01,60.13521957397461,60.37027370876942,58.57797192051606,59.53778439918412,604800
2021-10-04,57.667137145996094,59.738568356270534,56.56041286970509,59.59655475008162,880400
2021-10-05,57.50062561035156,58.068679922408506,57.36351008292207,57.79444513143161,1117400
2021-10-06,57.36351013183594,57.37330623301378,56.100082080384716,56.71710569046149,745700
2021-10-07,57.490840911865234,58.53782084664976,57.37331383498423,57.89239518265053,648800
2021-10-08,56.217620849609375,57.53981075114577,55.698535760995945,57.53981075114577,718700
2021-10-11,55.355743408203125,56.579994623699164,55.18924330011419,55.88462082996578,504600
2021-10-12,55.41450119018555,56.090286423193525,54.99335853108678,55.688732229182804,747800
2021-10-13,56.02173614501953,56.9717525438973,55.61038579547103,56.9717525438973,676000
2021-10-14,56.168643951416016,57.285164191904975,56.00214758039709,56.658344434815,1011800
2021-10-15,56.25678253173828,56.491840375672155,55.63976269663252,56.02172842392209,858700
2021-10-18,55.355743408203125,56.12947107306499,54.65057351251958,56.03152873415438,934700
2021-10-19,56.69751739501953,56.7171058613163,55.43408933976235,55.7964703620757,535300
2021-10-20,56.599578857421875,57.334129531769776,56.29596323368895,57.23618720018596,778600
2021-10-21,57.14804458618164,57.30474859051413,56.46246690230085,56.726901874015915,485100
2021-10-22,57.853206634521484,58.303730118915865,57.36350622032298,57.383094685225046,438200
2021-10-25,57.20680618286133,58.10785694991454,56.648547971060566,57.784652860915195,629500
2021-10-26,57.627952575683594,58.411472595642,57.45166010417819,57.745479644647816,451800
2021-10-27,56.599578857421875,58.03929563858357,56.570194289887766,57.62794905428535,428600
2021-10-28,57.872802734375,57.88259510005907,56.47225906610917,56.62896306988138,398900
2021-10-29,57.93157196044922,58.47024177546224,57.578986994660795,57.578986994660795,487200
2021-11-01,57.29495620727539,58.724880713386895,56.83169997125838,58.07847622869826,435700
2021-11-02,57.13826370239258,57.53981802769429,55.953189197980095,57.53981802769429,1265200
2021-11-03,57.6573371887207,57.90218744451667,56.44288201219903,57.24599055232032,510200
2021-11-04,58.724884033203125,58.773853336788214,57.62795594119993,57.97074480241393,588200
2021-11-05,57.42227554321289,58.803230656277314,56.97174829188086,58.764053723793154,512000
2021-11-08,59.253753662109375,59.27334212818306,58.08826795160917,58.14702961371234,1230800
2021-11-09,59.01869583129883,61.085232301508036,57.78465235705694,61.085232301508036,1466500
2021-11-10,56.00214767456055,58.21559221935369,55.35574318483174,58.21559221935369,1533300
2021-11-11,55.590797424316406,57.16763358410757,55.40471258498211,56.38411355517606,772000
2021-11-12,55.78667449951172,56.23719801791088,54.89541982784471,55.92379002805773,1034800
2021-11-15,56.932579040527344,57.3292352350906,55.87482420686777,56.5212286931759,470300
2021-11-16,57.578975677490234,57.716091195875975,56.69751343627093,56.756278831058104,787400
2021-11-17,57.89237976074219,58.95992674300079,57.530002524156764,57.80423354253304,1249400
2021-11-18,55.38512420654297,57.471249322532685,55.081512296408974,57.471249322532685,1053600
2021-11-19,54.03355026245117,56.01194068998949,53.96499249275435,55.33615535892728,1054700
2021-11-22,50.468536376953125,55.22842621599746,50.38039013044791,54.27840597434333,1539700
2021-11-23,50.61543655395508,51.01699075560512,49.185512200383485,49.92006284262999,1041500
2021-11-24,49.91027069091797,51.403858609444256,48.823135056596286,51.403858609444256,1058200
2021-11-26,48.362815856933594,49.88088645350857,48.059200243171475,49.66541706721818,342300
2021-11-29,49.0288200378418,49.91027877946175,48.31385768861765,48.402000200272845,1060500
2021-11-30,47.00144958496094,49.40097873725482,46.79577256198097,48.9504552319041,1353900
2021-12-01,45.884925842285156,49.24427087468558,45.84575264985681,48.13755066414576,1367300
2021-12-02,46.247314453125,47.118980708358265,45.522556099986936,45.522556099986936,776200
2021-12-03,45.689056396484375,47.89760287698505,44.9251211051504,47.15815784027978,1145200
2021-12-06,47.34424591064453,47.5107422923057,44.73903932188506,45.69885188236292,1336900
2021-12-07,48.686012268066406,49.792736204465974,48.02981553353373,48.02981553353373,1327400
2021-12-08,48.499820709228516,49.195614346989146,48.01962283598413,48.754617063065524,1034700
2021-12-09,46.67702865600586,48.803609895642786,46.54962862565423,48.225414358968145,775400
2021-12-10,46.39284133911133,48.029426887036195,46.23604270135581,47.23563541893766,691600
2021-12-13,46.667240142822266,47.46593639446425,46.05964586118555,46.255645101886785,793100
2021-12-14,46.0400390625,47.862825388410286,45.48144373531769,45.90284073489369,653300
2021-12-15,47.078834533691406,47.08373180393087,45.06788826864338,45.83424377038351,831500
2021-12-16,46.05964279174805,48.50962379130912,45.91068352827681,47.38263103616129,1218300
2021-12-17,48.333221435546875,48.774218731895196,45.0502486241048,45.559845084510194,3028900
2021-12-20,46.5300407409668,47.715830699683245,46.255644053230625,47.18663762167413,502700
2021-12-21,48.57822799682617,48.57822799682617,46.51044322066845,47.25523961524526,724700
2021-12-22,48.91142272949219,49.18092214693641,48.02942803456065,48.60762372604366,629800
2021-12-23,48.81342315673828,49.24461847016476,47.98042736745218,48.460625291946464,377200
2021-12-27,48.75462341308594,49.0878209889616,48.33322636893806,48.833024601938774,285000
2021-12-28,47.76483154296875,49.43081564350322,47.598230889890694,48.71542163528415,582400
2021-12-29,47.686424255371094,47.91182203145033,46.745632562595006,47.627623372682386,431900
2021-12-30,48.019630432128906,48.81342566876057,47.4316364527996,47.68643284694242,933500
2021-12-31,47.363033294677734,48.90162102489406,47.294430389099524,47.85302948234852,479100
2022-01-03,47.57862854003906,47.93142638933397,45.97144166069488,47.38262931950032,982800
2022-01-04,45.12864685058594,47.480629979721165,44.16825479872839,47.480629979721165,1199300
2022-01-05,43.188262939453125,45.22664883952573,42.71786705598425,45.01104932437885,1348000
2022-01-06,43.07065200805664,43.64884747599032,41.92405934795596,43.11965086363616,1022700
2022-01-07,41.845680236816406,43.629266276627874,41.747678744402506,42.786472133741746,855300
2022-01-10,42.090660095214844,42.12986067516947,40.37567397511716,41.15966688234435,1256900
2022-01-11,42.61988067626953,43.810571858757676,41.57128513386984,42.04168488110296,1057300
2022-01-12,41.73787307739258,43.01676335464644,41.247876917168846,42.76686426618762,1035700
2022-01-13,39.58189392089844,42.120074481532924,39.464295875237134,41.77707862403143,998900
2022-01-14,38.494102478027344,40.24828987159695,37.5729109151393,39.297695992932226,752800
2022-01-18,38.043304443359375,38.98409624457128,37.59250883924212,37.87670753076686,1340200
2022-01-19,38.10209655761719,39.67988454702507,38.013897112918194,38.49409118198893,843300
2022-01-20,37.9453010559082,39.993485004684466,37.62190181950333,38.47449402890219,780200
2022-01-21,37.739501953125,38.670495388883644,36.88690969604555,37.533704466653056,1312200
2022-01-24,39.00368881225586,39.07228796718585,35.90691360979631,36.7595057770502,1677800
2022-01-25,37.37691116333008,38.7685023758031,37.09271245776083,38.690101185973866,1602500
2022-01-26,37.08291244506836,39.20949415174032,36.779113456240516,38.06290484188478,1202400
2022-01-27,36.3479118347168,37.96490050398241,36.14211436433715,37.376902924988705,1323600
2022-01-28,37.36711120605469,37.4347309208153,35.32872522250927,36.45571797626987,1117700
2022-01-31,39.36629104614258,39.46429252451823,37.46510722614471,37.66110644452186,794300
2022-02-01,39.523101806640625,39.73869762811344,38.258910504874116,39.35650112720146,780200
2022-02-02,39.01350021362305,39.81709371188047,38.508800968969474,39.62109447705255,526000
2022-02-03,37.13190841674805,38.56269630712699,37.073111270091445,37.95510211530665,822500
2022-02-04,37.906105041503906,38.25890289164161,36.8673117870289,37.09270958275595,421400
2022-02-07,37.69050216674805,39.2045921823045,37.445504096909524,38.10210086803117,732600
2022-02-08,38.35689926147461,38.51369788499888,37.06330968280588,37.42590579876061,564100
2022-02-09,40.00328826904297,40.0522871398984,38.82729667664163,38.82729667664163,511300
2022-02-10,39.875885009765625,40.92447646298057,38.88119343167262,39.013494484562436,1009500
2022-02-11,38.86649703979492,40.7333812985246,38.719496689720096,39.87588797929455,1056200
2022-02-14,38.24910354614258,39.6210944506492,38.05310804981974,38.905700421622356,861300
2022-02-15,39.6896858215332,39.84648443079937,38.739092150021825,38.94489336211233,785900
2022-02-16,39.31728744506836,39.46428777575612,38.5920952842221,39.19968942354237,371200
2022-02-17,37.06330871582031,39.278093420987474,36.92611039111286,38.807693824313375,791100
2022-02-18,36.71050262451172,37.60229527275486,36.475306617487774,37.033901807136054,930700
2022-02-22,36.05392074584961,37.053513427279,35.89712211376505,36.377316288985256,706300
2022-02-23,35.09352493286133,37.42590387030701,35.024925772252566,36.53411104401922,794700
2022-02-24,37.3572998046875,37.62189813445408,33.81952753619966,34.32912390407898,770800
2022-02-25,37.710105895996094,37.798305358707104,36.602713472707684,37.3377077491747,766400
2022-02-28,37.62190246582031,38.3666986809197,36.5733110410445,37.44550355900066,1252600
2022-03-01,37.87671661376953,40.78729218038605,37.60231613549956,38.92530842793907,1532500
2022-03-02,39.91508483886719,40.16008290716741,38.22949693268204,39.1996909280354,1163500
2022-03-03,39.17030334472656,40.307094551013385,38.660706771098,40.16009417344509,812200
2022-03-04,37.27891540527344,39.31729785082365,36.96531810595802,38.91550107742735,503300
2022-03-07,36.12160873413086,38.00761808724325,36.023529902482025,37.46525692645845,956300
2022-03-08,35.72930145263672,36.553144944831516,35.10161188550257,35.60180084014855,1735000
2022-03-09,37.13179397583008,37.327947885094574,35.778336117362166,36.406025633948836,951400
2022-03-10,36.53352355957031,37.4554420018478,35.39583545877761,36.445254493934485,597000
2022-03-11,35.739112854003906,37.40641585642646,35.739112854003906,36.90622682636245,821900
2022-03-14,34.00315856933594,36.092191390135206,33.7873925734796,35.59200233005265,1314800
2022-03-15,34.71910858154297,34.738720603914814,33.84622393302084,33.97372452638409,999700
2022-03-16,36.778717041015625,36.9454454290991,35.26833682994669,35.42525920633537,691100
2022-03-17,38.504859924316406,38.504859924316406,36.22948378848333,36.621791566933545,1006200
2022-03-18,40.18197250366211,40.6527395974684,38.4852482672381,38.66178265375671,1633000
2022-03-21,39.86812210083008,40.260426085844436,39.18158545040025,39.652352477211736,1221700
2022-03-22,41.162742614746094,41.41774008146663,39.24043876637523,39.70139989846297,1316500
2022-03-23,40.652740478515625,41.506005620699156,39.858318886005485,40.61350895118378,1081400
2022-03-24,41.17254638671875,41.22158392672884,39.96620494411305,40.868507652537026,865600
2022-03-25,41.0450553894043,41.77082387180231,40.40755973752431,41.77082387180231,866600
2022-03-28,42.673126220703125,42.682935975663014,40.94697973896809,40.94697973896809,1046600
2022-03-29,44.46792221069336,44.82099850277629,43.09484857288743,43.22234917643397,1156300
2022-03-30,43.60485076904297,44.46302092668109,43.291005982127025,43.98734886926396,484700
2022-03-31,43.330238342285156,44.81119322495905,43.14389416566362,43.60485160074322,653300
2022-04-01,43.39888381958008,43.88926668759793,42.9477324789215,43.28119297882662,912000
2022-04-04,43.98735046386719,44.56600251221884,43.349854854163745,43.39889240239861,684200
2022-04-05,43.153690338134766,44.0952245021399,42.61426995717292,43.70292047113319,1318300
2022-04-06,41.7315788269043,42.86926686308438,41.03523609383807,42.39849978687098,931500
2022-04-07,42.3298454284668,43.300805070996425,41.12350412438844,41.52561789241456,861300
2022-04-08,41.8100471496582,42.27100453208763,41.52562416941317,42.0552385999402,769500
2022-04-11,41.486385345458984,42.0748469674693,41.059754691424764,41.3000412228839,679300
2022-04-12,41.407936096191406,42.61918254037953,41.20197242074322,42.02581589856136,1183900
2022-04-13,41.947357177734375,42.39850858505924,41.19216700043409,41.319667612530225,674600
2022-04-14,41.36870193481445,41.937544155959,41.2019698025538,41.70216245801113,855400
2022-04-18,41.41773986816406,41.623699791145874,40.31928320426971,41.05485756462591,835100
2022-04-19,43.526390075683594,43.712734242897255,41.04504989658663,41.251013571356836,1398400
2022-04-20,42.66331481933594,43.83042484337876,42.32691359667017,43.83042484337876,1451200
2022-04-21,42.70254898071289,44.15898696800084,42.18274049991269,43.06543132291298,2184700
2022-04-22,41.00581741333008,43.771576533000406,40.96658588535581,42.761385264947464,1236200
2022-04-25,42.486778259277344,42.56524132668966,40.31438165285467,40.62332156280949,1523300
2022-04-26,40.68216323852539,42.271002720697176,40.58898929418702,42.065042809203966,982600
2022-04-27,40.368324279785156,41.63351318824677,40.14274857182553,40.682169068365944,1225500
2022-04-28,42.65351486206055,43.114472336617894,40.73121066424721,40.86851730523558,964400
2022-04-29,41.57466506958008,42.92812303203912,41.545243290393444,42.20235463439444,784600
2022-05-02,40.49582290649414,42.10427830434778,39.985824214753386,41.398125694041376,995800
2022-05-03,40.43697738647461,41.36870573463439,39.946594439161565,40.3879398400083,789000
2022-05-04,40.46639633178711,40.721397541671365,38.50486467992235,40.348705480246146,1434800
2022-05-05,37.82814407348633,40.50563478702983,37.710453201826546,39.84852336716025,1423900
2022-05-06,37.74968338012695,38.642180252502754,36.062764734672605,37.18083732849227,1256200
2022-05-09,35.48410415649414,37.07294358014071,35.31737203809996,36.739483084676685,1745200
2022-05-10,30.6489315032959,37.22986917776568,30.49200912365201,37.023909255981444,1891900
2022-05-11,27.186832427978516,30.403745531887783,25.8137604232516,30.276246776942404,3162900
2022-05-12,30.138935089111328,30.148742972405685,26.598371528996694,26.598371528996694,2857400
2022-05-13,31.4727725982666,32.36526926781707,30.648929230887372,30.648929230887372,1604900
2022-05-16,30.39393424987793,31.512008619726636,30.325280937915608,31.07066322759393,1521400
2022-05-17,30.786239624023438,31.595372203561872,29.55047442087174,31.22758500752848,1143900
2022-05-18,30.25662612915039,30.962776850966815,29.776051098525862,30.24681824640348,1115000
2022-05-19,31.668930053710938,32.34565714032727,29.942781940900833,30.001627367853906,1645500
2022-05-20,32.17892837524414,33.12536755514323,31.060854051918547,32.84584944197742,1775200
2022-05-23,31.247201919555664,32.35546842515134,30.021244554484113,32.21815805755035,1065200
2022-05-24,30.050662994384766,31.188351153082834,29.393549844907238,30.668546485284228,849700
2022-05-25,31.178544998168945,31.374697031482505,29.554396734194825,29.932972010445646,917500
2022-05-26,32.37507629394531,32.51238664391683,30.796044682517714,30.98239070186886,1002300
2022-05-27,33.30680847167969,33.635364144398196,32.88507884289999,32.89488859686692,976800
2022-05-31,33.718727111816406,34.0718033760225,32.7183456103406,33.47353567737599,3150900
2022-06-01,33.70892333984375,34.71911477306428,33.022386453342186,33.94430880485073,1021000
2022-06-02,35.02315139770508,35.032961152409115,33.59123399958253,33.59123399958253,794000
2022-06-03,34.72891616821289,35.16045176513332,33.94430429139187,34.46410895828745,569700
2022-06-06,34.493526458740234,35.184968044722964,33.93449033196973,34.71910585285557,676500
2022-06-07,35.091793060302734,35.3566002294833,33.94429906851091,34.08160565816217,611500
2022-06-08,34.55192947387695,35.69057242980808,34.345796706859595,35.14088130663068,1031400
2022-06-09,33.58997344970703,34.3261651267558,33.4231013891211,34.28690067197505,635200
2022-06-10,32.45132064819336,33.25622300520474,31.656232529673808,32.84395384374385,607200
2022-06-13,30.389991760253906,31.60716365643159,29.97281722232371,31.175264011730874,1220300
2022-06-14,30.262386322021484,31.086921164417813,30.026805205941432,30.42925651327389,827600
2022-06-15,31.734769821166992,32.32372164272225,30.075882241899325,30.713916502304482,1297800
2022-06-16,30.23293685913086,31.27342242351809,29.776497878581797,30.58630945626103,1618100
2022-06-17,31.764219284057617,32.25992275636115,30.242755275623576,30.468522158889048,3007500
2022-06-21,31.243974685668945,32.578934319693936,31.175263762064336,31.931085793947272,1147500
2022-06-22,31.332313537597656,31.955622629709726,30.40961957180171,30.900413955616067,800100
2022-06-23,33.78628921508789,33.796107201300224,31.55317664325183,31.695507487613806,835700
2022-06-24,34.9249382019043,35.14088523433609,34.05132085194282,34.090585310372184,2598900
2022-06-27,34.512664794921875,34.964194780054804,34.08567228505619,34.90530184384188,684500
2022-06-28,33.55070877075195,35.82799471031627,33.45255137892044,34.45376875788821,556500
2022-06-29,33.167884826660156,33.67831142700364,32.66727246627192,33.57033606517622,617200
2022-06-30,32.68690872192383,33.678315580551356,31.92127059921438,32.73598741668082,611700
2022-07-01,33.020652770996094,33.45255431973801,32.510226050778705,32.942127599520624,615500
2022-07-05,34.69916534423828,34.70898332991969,32.09795706386279,32.529854822234405,594900
2022-07-06,34.30653762817383,34.846410850199405,34.11021907167407,34.836596607383676,667500
2022-07-07,35.18994903564453,35.25865993657115,34.247624899110896,34.247624899110896,479400
2022-07-08,35.33720016479492,35.51388646517605,34.228003666727695,34.59119425332473,437100
2022-07-11,34.49302673339844,35.052531999565076,33.87462479651708,34.81695280563374,338400
2022-07-12,33.18751907348633,34.885667268488966,32.92248964497644,34.463583779876636,782300
2022-07-13,32.85377883911133,33.200280319906184,32.05869055088567,32.14703369402186,590800
2022-07-14,31.980167388916016,32.77525198230454,31.499187191938823,32.46114384142881,653300
2022-07-15,33.61941909790039,33.65868355172268,32.23537892861212,32.54948707026163,530000
2022-07-18,33.501617431640625,34.26725528348244,33.20714162281401,34.06112259175011,761700
2022-07-19,34.63044738769531,34.68443506458307,33.688123154776825,34.08076012405802,422900
2022-07-20,36.534732818603516,36.81939069741904,34.82676682339162,34.895477733222656,563400
2022-07-21,36.75068283081055,36.85865819647581,35.592407762797095,36.00467700038591,604800
2022-07-22,36.01449966430664,36.65253402276321,35.71020946567515,36.45621547058696,419000
2022-07-25,36.02431106567383,36.28934050099131,35.00345777655412,36.05375753255435,374200
2022-07-26,35.8279914855957,35.98504554506906,34.44395141634167,35.98504554506906,504700
2022-07-27,37.300376892089844,37.50650965519047,36.00467988907966,36.00467988907966,546900
2022-07-28,38.06601333618164,38.272149834687845,36.426761800041604,36.94700267770882,903800
2022-07-29,38.87091064453125,39.096679338465684,37.30037023757666,38.16416933363353,738600
2022-08-01,38.53717803955078,38.83165770109621,37.72246121081122,38.20343766833514,396400
2022-08-02,38.70405197143555,39.19975543161018,38.1543608203278,38.1543608203278,392300
2022-08-03,39.40097427368164,39.97029758139369,38.73349358265712,39.06723392816938,671100
2022-08-04,40.32366943359375,40.43164105552696,39.04760100649555,39.51876317803134,614700
2022-08-05,40.29422378540039,40.804650465133996,38.99558358176549,39.86232601537865,404400
2022-08-08,39.9801139831543,40.98133507381434,39.80342768806933,40.58869803041122,990000
2022-08-09,39.52858352661133,40.40219700593695,38.57644114176846,39.263554087187096,773100
2022-08-10,40.402191162109375,40.60832389258036,37.791165342752315,37.80097958229027,1652500
2022-08-11,39.75434494018555,40.9224342212852,39.56784442304109,40.834091082750675,736100
2022-08-12,40.402191162109375,40.529798742885404,39.558024272222006,40.10771529794172,524200
2022-08-15,40.75557327270508,40.804651970853776,39.56785155296915,40.02919580892451,779500
2022-08-16,40.68685531616211,40.9518847337285,39.607105421136396,40.49053681302434,815300
2022-08-17,39.35189437866211,40.245140019561624,38.81202129802421,40.245140019561624,842800
2022-08-18,39.52858352661133,39.69348973484036,38.95926019500424,39.09668577965942,573400
2022-08-19,38.25251388549805,39.20465240435506,37.89914134470005,39.18502018048141,515400
2022-08-22,37.80097579956055,37.95802982769788,36.8193871875864,37.62429329431152,706300
2022-08-23,37.38871765136719,37.92859074405676,36.8782910245354,37.92859074405676,623400
2022-08-24,37.81080627441406,38.19362536044459,37.61448773826735,37.61448773826735,404200
2022-08-25,38.11509323120117,38.29177576255225,37.653745317188175,38.085643022256036,570100
2022-08-26,36.60344696044922,38.33693162918764,36.505285834549056,38.124908839492996,454200
2022-08-29,36.46603012084961,36.632898441028026,36.02431435498822,36.02431435498822,529100
2022-08-30,36.01449966430664,37.12369630130724,35.641498534083205,36.7899558859471,551400
2022-08-31,36.09302520751953,36.578910676755086,35.70038813988672,36.397319122158194,985300
2022-09-01,35.2095947265625,35.877075514745506,34.414510070392076,35.641496262718974,705300
2022-09-02,35.43535614013672,35.80836095319644,34.74824693774292,35.80836095319644,594300
2022-09-06,34.31634521484375,35.553149259770905,34.0709480029336,35.43535590203974,1732600
2022-09-07,36.35980224609375,36.4089268382599,34.21810419460101,34.21810419460101,664400
2022-09-08,37.627140045166016,37.686087306803,35.750695314710796,35.976654196132294,890700
2022-09-09,37.79416275024414,38.403269581361684,37.49943013251803,38.36397139930741,1197200
2022-09-12,36.8804931640625,37.93169496129504,36.72330421534586,37.86292503046152,871000
2022-09-13,35.12194061279297,36.006130826592745,35.03352159141299,35.68192649897273,871100
2022-09-14,34.62089920043945,35.23982855254742,34.36546482695489,35.12193778276686,856800
2022-09-15,34.10020446777344,34.935273687344456,33.88407203547569,34.12967996811194,1373500
2022-09-16,33.058834075927734,33.69741254574328,32.990064144527295,33.471453664330376,2523000
2022-09-19,32.616737365722656,33.00970784743016,31.634305539933905,32.911466163923286,1054200
2022-09-20,32.135353088378906,33.01954347736389,32.11570399665912,32.2532476386976,677800
2022-09-21,31.801315307617188,32.9900605961359,31.801315307617188,32.40059928623113,440100
2022-09-22,31.21185874938965,31.649040600766703,31.113615194578635,31.53605929473807,471000
2022-09-23,30.543806076049805,30.917129351011276,29.973995683420174,30.848359421979428,824500
2022-09-26,31.241329193115234,32.08622110565846,30.494682705100143,30.52415445861871,1259300
2022-09-27,30.77958869934082,31.820965898915613,30.52415620249418,31.781667726859215,679500
2022-09-28,31.08414649963379,31.25116000716877,30.366971621211903,30.966255714221006,842300
2022-09-29,30.730470657348633,31.211862065849562,30.38661911589364,30.700997025621582,664700
2022-09-30,30.052593231201172,31.369052182315773,29.99364783940446,30.730471795304116,672400
2022-10-03,31.850444793701172,32.096052802589114,30.21960963843289,30.21960963843289,1038900
2022-10-04,33.96267318725586,33.982322276541936,32.361308013406465,32.6363915157309,1294900
2022-10-05,33.63846969604492,34.00196844743669,33.18654817661487,33.44198256772928,1096200
2022-10-06,33.47145462036133,33.893900638276,33.3240883359054,33.47145462036133,542400
2022-10-07,32.58726501464844,33.35356446130917,32.312185276077095,32.95076752368098,666400
2022-10-10,31.899564743041992,32.72480768250198,31.56651964197074,32.72480768250198,707000
2022-10-11,31.192211151123047,32.00763138325144,30.77958970031207,31.88973686324825,785600
2022-10-12,31.45747184753418,31.712902508468282,30.740296965575542,31.31993009875398,714400
2022-10-13,31.516420364379883,31.929040005565085,30.0231214005576,30.494690184758444,745800
2022-10-14,30.61257553100586,32.23358954206459,30.5732792323848,31.830792643538725,822300
2022-10-17,31.93885612487793,32.19232670696016,31.457466642244007,31.781667187002377,710800
2022-10-18,32.97041702270508,33.53040292473564,32.390782032291646,33.00971145179042,631000
2022-10-19,32.72480773925781,33.0981291606589,32.24145067774834,32.714981321616584,508500
2022-10-20,32.8328742980957,33.71706456100046,32.582356846673115,32.99006700943922,510600
2022-10-21,33.59917449951172,33.68759352770835,32.00763573965291,32.881999603108184,514100
2022-10-24,33.96267318725586,34.03144312591682,33.117781086357645,33.785835131361786,642900
2022-10-25,34.93528747558594,35.09247646460522,33.952855357295135,34.00197621367346,930700
2022-10-26,34.709320068359375,35.3675476281071,34.02161700383237,34.670021893773786,668500
2022-10-27,34.46371078491211,35.47561438199447,34.2377481634991,35.24965550826152,759000
2022-10-28,34.79773712158203,34.837035298180005,34.02161874601421,34.3556457517362,580000
2022-10-31,34.66019821166992,34.886157111849435,34.08056320766839,34.44406572975241,733200
2022-11-01,33.59917449951172,35.18089058854005,33.59917449951172,35.00405253214679,542900
2022-11-02,31.467294692993164,33.58934759108038,31.437822933251013,33.58934759108038,748900
2022-11-03,32.30236053466797,32.351481378023244,31.241332329329474,31.339575889880084,1023800
2022-11-04,32.46937561035156,32.867263103577784,31.29045837968249,32.71498360097099,1098000
2022-11-07,33.265140533447266,33.34373312673012,31.192208886554553,32.32200692797412,1260300
2022-11-08,34.48335647583008,35.68192453347462,32.76410073634066,33.46163019888466,1720000
2022-11-09,33.82513427734375,34.39494289221424,33.353567364032784,34.39494289221424,1415200
2022-11-10,37.902225494384766,38.33449419255055,36.21244138283423,36.21244138283423,1953600
2022-11-11,38.04957962036133,38.747105233951,37.420823926552075,37.72537910535073,1529900
2022-11-14,38.039764404296875,38.59975028802771,37.4110085873135,37.970994471044335,1505600
2022-11-15,39.228511810302734,39.297281753556994,38.68817493572749,38.874835674891784,1078300
2022-11-16,38.70781326293945,38.90429661892693,38.06923111294079,38.570269666996516,773200
2022-11-17,38.147830963134766,38.42291068496879,37.617316858729026,37.862924823989445,740200
2022-11-18,37.8629264831543,38.928864199650995,37.55837124372083,38.8748301451115,772500
2022-11-21,37.18504333496094,37.88257278378331,36.97382034121445,37.71555742358189,702700
2022-11-22,37.411006927490234,37.47977685769164,36.4678694961793,37.23416889334944,569500
2022-11-23,37.63697052001953,38.079061913075385,36.75278023854664,37.16540361912752,604200
2022-11-25,37.872745513916016,38.049583539474156,37.42082778090296,37.45029953593601,326700
2022-11-28,37.401180267333984,37.87274710608706,37.32258766804852,37.5780183003264,489500
2022-11-29,36.87025451660156,37.50934042847715,36.70311116309836,37.31269832092803,639600
2022-11-30,38.94481658935547,39.19061825553354,36.909579093451896,36.909579093451896,1543300
2022-12-01,39.397090911865234,39.4413371622841,37.981274659270085,38.82683299439172,1187100
2022-12-02,39.60356903076172,40.08534201701918,38.463049283371085,38.84649933843503,938000
2022-12-05,38.90548324584961,39.41675110668825,38.42174504864707,39.24960404130092,780900
2022-12-06,37.59783172607422,38.91041197527254,37.322531256676385,38.79734153684613,1066300
2022-12-07,37.843624114990234,38.14841576405243,37.40118038982753,37.56832371342479,849800
2022-12-08,38.71868133544922,39.057885100365134,37.97045946799595,38.08942964041198,833900
2022-12-09,38.964481353759766,39.456084688399955,38.29590051859824,38.5908617692552,803900
2022-12-12,39.131629943847656,39.81987545492422,38.62527904125105,38.88582824350862,994300
2022-12-13,38.77766418457031,40.26230814490442,38.51219797145159,39.328261191479726,1271200
2022-12-14,38.70885467529297,39.682231158395474,38.25658040059902,38.9448259820149,715800
2022-12-15,37.07672119140625,38.22707490114076,37.06689077536625,37.88295032957015,646900
2022-12-16,36.70310974121094,37.41888113396805,36.35898512867238,36.634281818194346,1255800
2022-12-19,36.476966857910156,36.94890937172901,36.17217518308718,36.5457910264596,776100
2022-12-20,36.37864685058594,36.663777685513395,36.06402101571282,36.368816434149316,585000
2022-12-21,36.93907165527344,37.01772998356428,35.99519421959655,36.40813919121686,543900
2022-12-22,36.26066589355469,36.722770514390774,35.803474605997515,36.67361092714899,464500
2022-12-23,36.17217254638672,36.29998670686983,35.64124007001872,35.98536088768189,543000
2022-12-27,35.81822204589844,36.51629793519271,35.49376201951215,36.1918416594425,472200
2022-12-28,35.28728485107422,36.162338139285325,35.17913152320352,35.64123983296536,497900
2022-12-29,36.476966857910156,36.78176228336902,34.93333264792549,35.59208308343055,809600
2022-12-30,36.33931350708008,36.44746682863184,35.47409443593677,35.955863549313214,696600
2023-01-03,36.113182067871094,37.73547464230498,35.788725803365885,37.391350042855024,792800
2023-01-04,36.2016716003418,36.49663287004397,35.48393113549996,36.378649112290304,513800
2023-01-05,34.117279052734375,35.8329739863616,34.0582852904546,35.77889730859761,1299300
2023-01-06,34.81534957885742,34.84484458006217,33.18322658429248,34.195928299105894,885200
2023-01-09,35.81822204589844,36.093518734490864,35.04148781664285,35.23812991591005,1122500
2023-01-10,36.614620208740234,36.698191880485254,35.49376138804903,35.49376138804903,664300
2023-01-11,37.558494567871094,37.59290665040119,36.58511833959226,36.870249166633464,844800
2023-01-12,37.02756881713867,37.80922019202868,36.496636232379764,37.51917222881106,582800
2023-01-13,37.34218215942383,37.3815113193019,36.49662397522084,36.77192434373224,497100
2023-01-17,37.4995002746582,37.61748402010086,37.0078969595722,37.184874453054015,602800
2023-01-18,37.13571548461914,38.22609279567043,36.80142507481758,37.72563797220509,583800
2023-01-19,36.476966857910156,37.19372462806293,36.339318520811275,36.7522672827438,479200
2023-01-20,37.65681838989258,37.73547673148257,36.69327620923212,36.83092455637845,503100
2023-01-23,38.23690414428711,38.25656872639957,37.33235587092702,37.74530084338214,649300
2023-01-24,37.676483154296875,38.118926951252305,37.4995056355147,37.89278984406091,542400
2023-01-25,37.42085266113281,37.67648478228832,35.975537445505424,36.9784088450595,550900
2023-01-26,37.94194412231445,38.50237160314478,37.56832455154902,38.03043286932112,581400
2023-01-27,38.50237274169922,38.640021074305395,37.57815982946075,37.72563857840918,816700
2023-01-30,38.148414611816406,38.404050423360545,37.63714673936359,38.04026128775046,675500
2023-01-31,38.39421463012695,38.44337420699126,38.069758422314315,38.17791174179696,562700
2023-02-01,39.908355712890625,39.91818612852943,38.148415013340994,38.34505708183649,932300
2023-02-02,41.560150146484375,41.62897431955268,39.911310491574426,40.25248335691424,1313700
2023-02-03,40.685096740722656,41.4126676420823,39.854285829100284,40.685096740722656,902600
2023-02-06,40.222991943359375,40.61627618224398,40.0066852369092,40.242656530367256,524200
2023-02-07,40.842411041259766,40.94073022020869,39.84937008094876,40.24265429801701,545800
2023-02-08,39.878868103027344,41.11770698796749,39.69205641556319,40.675263189547366,467200
2023-02-09,39.583900451660156,40.58677174485566,39.53474086634032,40.58677174485566,716000
2023-02-10,38.443382263183594,39.308605249725524,38.35489350603003,39.22995066038685,505900
2023-02-13,38.630191802978516,38.90548847635079,38.44338013121658,38.699015971321586,708400
2023-02-14,40.2623176574707,40.37047100140174,38.31556871862055,38.40405747723356,658700
2023-02-15,40.99971389770508,41.12753179942219,39.95751360415663,40.12466066803828,343800
2023-02-16,40.29180908203125,40.862070753703506,39.80020574464585,40.29180908203125,503000
2023-02-17,40.25243377685547,40.419785053222554,39.809449522022234,40.20321413858904,656800
2023-02-21,39.38616180419922,40.3508849335194,39.17943702872423,39.69132963124691,644100
2023-02-22,39.38616180419922,40.055559534019764,39.15974841840969,39.62242137275524,582300
2023-02-23,40.23274612426758,40.31150055153498,39.54365990654896,39.917735925633544,511400
2023-02-24,38.874267578125,40.011257441138284,38.73644732499248,39.59288485669245,551100
2023-02-27,38.59862518310547,39.43241862878762,38.352523257038406,39.22864551300236,811500
2023-02-28,39.82913589477539,41.02026834802624,37.78156976702043,37.978452064262775,1385800
2023-03-01,39.238494873046875,39.91773489216264,38.88410746995423,39.86851525400371,950700
2023-03-02,41.05964660644531,41.256528908712504,39.0022342459492,39.19911654821639,1415900
2023-03-03,41.81764221191406,41.91608524344048,40.902142672415614,41.22699904362627,954300
2023-03-06,40.34103012084961,42.11788645302675,40.166791777428244,42.11788645302675,857600
2023-03-07,39.38616180419922,40.44932422987365,38.94318121538665,40.2622880647132,908500
2023-03-08,39.356624603271484,39.72085444900763,39.28771635557053,39.28771635557053,824000
2023-03-09,38.943172454833984,40.02109640173436,38.706912939426275,39.494438398755975,814400
2023-03-10,37.68313217163086,38.99239644504695,37.24999405944842,38.844733762029875,769800
2023-03-13,38.313148498535156,38.46573425600557,36.6298121178044,37.29920969994604,911600
2023-03-14,39.376312255859375,39.829138945549495,38.923485566169255,38.96286277967738,912300
2023-03-15,39.691322326660156,39.74054196577915,38.42143535921419,38.92348544179411,897700
2023-03-16,40.35087203979492,40.74463285460797,39.39599539836267,39.45506121043239,799500
2023-03-17,40.34103012084961,40.89721916118414,40.09492817739258,40.55760103276144,1042600
2023-03-20,40.6363525390625,40.74463799724909,40.00633215166893,40.36071955838224,974300
2023-03-21,41.18761444091797,41.30574230233687,40.6560334317074,40.76431886934848,616300
2023-03-22,39.809452056884766,41.148247332198316,39.78976344928098,41.059650475590274,779500
2023-03-23,40.626502990722656,41.03995238925653,40.075233370793775,40.075233370793775,592700
2023-03-24,40.78401184082031,40.87753177520382,40.23274216978623,40.744634631057004,531400
2023-03-27,40.843074798583984,41.404186855201665,40.65603494289999,40.81354001571869,704400
2023-03-28,40.843074798583984,41.108861557851604,40.38040200427156,40.74463178106158,546900
2023-03-29,41.51247024536133,41.61091326692392,41.03011258296515,41.325434137218345,635100
2023-03-30,41.61091613769531,41.91116080254508,41.52231928978525,41.89639528709633,512500
2023-03-31,42.31968688964844,42.3295293139375,41.61091217388509,41.817636880910335,1367800
2023-04-03,42.605167388916016,42.644544601250125,41.77826470598799,41.95545840627383,711600
2023-04-04,41.92592239379883,42.75282497849016,41.85701415800932,42.60516232738852,526900
2023-04-05,41.20730972290039,42.152340277863715,40.59697795888878,41.96530415403273,535700
2023-04-06,41.1088752746582,41.43373170805132,40.54776303081408,40.81355363398526,549000
2023-04-10,41.35496520996094,41.364811389736296,40.38532679425724,40.606817021377836,359000
2023-04-11,41.17777633666992,41.443563113939106,40.847996899655556,41.12855294696628,404100
2023-04-12,41.05964660644531,41.89639545227648,40.971049758185956,41.60107012126691,710500
2023-04-13,41.91608810424805,42.18187491946534,41.345129748079486,41.345129748079486,513200
2023-04-14,41.83732223510742,42.191709565463036,41.22699058572659,41.65028614640503,286800
2023-04-17,42.05390167236328,42.181871980338535,41.43372371789351,41.66013705725474,413100
2023-04-18,42.87096405029297,42.89065265926649,42.181877757092366,42.329540446784705,697700
2023-04-19,42.55594253540039,42.93001849629192,42.19171275399445,42.44765709236201,650600
2023-04-20,41.68966293334961,42.32952941496504,41.43371859383377,42.10311610360408,796200
2023-04-21,41.98500061035156,42.30985328145345,41.66014418403136,41.857026525266186,409900
2023-04-24,41.542015075683594,42.20156658117669,41.19747004971798,41.945622173652644,429600
2023-04-25,40.25243377685547,41.463254903254516,40.25243377685547,41.463254903254516,644800
2023-04-26,40.734798431396484,40.97105421564659,40.28196796035082,40.79386049985002,735200
2023-04-27,41.52231979370117,41.542008399610964,41.04980451751893,41.27621785265515,717000
2023-04-28,41.896392822265625,41.935766276073366,40.823388285244846,41.37465419072664,785700
2023-05-01,42.11296463012695,42.36891276194715,41.56169866353163,41.6699841227465,613700
2023-05-02,40.86276626586914,42.10312220104567,40.7889386847901,42.10312220104567,1009600
2023-05-03,41.90624237060547,42.70361409043152,41.01535445746959,41.05965100873983,783200
2023-05-04,41.58138656616211,42.18187216171908,41.45833559281379,41.984993608535916,508100
2023-05-05,41.935768127441406,42.23109345295012,41.34512498685899,42.034211154350146,942700
2023-05-08,41.414031982421875,41.92592444129794,40.94151673312491,41.709353543830304,1487100
2023-05-09,45.587921142578125,46.23763006302074,41.45340812375363,41.45340812375363,2748200
2023-05-10,45.17446517944336,45.686357593585306,44.067990471400044,45.65682656659039,1459400
2023-05-11,44.514915466308594,44.95789590793509,44.07685435921238,44.367252815621626,1317800
2023-05-12,44.36725616455078,44.56709006286303,43.766766847416214,44.327878954033025,754900
2023-05-15,45.11540985107422,45.19416051987285,44.34264614748081,44.406635055798425,657900
2023-05-16,44.770870208740234,45.40089065500285,44.53461441900079,44.99728357191473,901400
2023-05-17,44.938209533691406,45.218765556297775,44.6625728454483,44.908674751426425,691900
2023-05-18,45.85371780395508,45.91967069414838,45.13509679474644,45.194162615497476,639600
2023-05-19,45.34182357788086,46.05059462404457,45.01696720884185,46.05059462404457,614400
2023-05-22,46.168724060058594,46.47388805315803,45.440260687232005,45.440260687232005,1019600
2023-05-23,45.65683364868164,46.956251611057056,45.637145042558664,45.79465013632485,1037600
2023-05-24,46.32622528076172,46.72983226635503,45.09079263068747,45.1252467481692,1410700
2023-05-25,46.72983169555664,47.24172411704474,46.54279184132578,46.769205147042555,1046100
2023-05-26,47.074378967285156,47.53705181796818,46.62155229716258,46.97593969298637,924400
2023-05-30,47.73393630981445,48.491927018138654,47.379548897746226,47.50751920915704,1398700
2023-05-31,48.01941680908203,48.28520739629909,47.23189122948603,47.62565589689312,3922300
2023-06-01,48.61990737915039,48.875855545542876,47.51737154181653,47.51737154181653,1144300
2023-06-02,49.181007385253906,49.564925784253745,48.57067566774691,48.94475164212354,1831000
2023-06-05,49.48617935180664,49.5649300211761,48.77740455139321,49.02350649540147,919400
2023-06-06,49.43695831298828,49.81103055352279,49.023505106058636,49.30898425426987,751600
2023-06-07,48.520545959472656,49.92964847923333,48.466349274986484,49.279292024359194,967300
2023-06-08,49.32857131958008,49.34827954930749,48.06727092974878,48.638798314962415,968000
2023-06-09,49.90009307861328,50.37307929749109,49.24973655778624,49.34827770273599,1047100
2023-06-12,51.112117767333984,51.190950678355236,49.92965041473589,50.2548305342584,933600
2023-06-13,52.06794357299805,52.09750403369407,51.02343010720628,51.240216842870204,1390100
2023-06-14,52.63947296142578,53.082898715924266,52.077801592047805,52.314296580767106,1295600
2023-06-15,53.230709075927734,53.36866292113383,52.2945888647945,52.43254271000059,1104600
2023-06-16,52.51137924194336,53.44749951752612,52.41776608669689,53.417935292260566,1724200
2023-06-20,52.22560501098633,53.03855150115687,51.486563430642185,52.127067637191054,811200
2023-06-21,51.81174850463867,52.127072641809036,51.38803099051095,51.949702344780675,700600
2023-06-22,51.82160186767578,51.910287018120876,51.29934695892151,51.73291671723069,631700
2023-06-23,50.96431350708008,51.61269655613805,50.86577236480485,51.44715194786793,2438400
2023-06-26,51.033294677734375,51.604818314691784,50.905193061587156,50.905193061587156,640400
2023-06-27,51.9496955871582,52.048232957596106,51.04806398770843,51.24021449133416,784800
2023-06-28,52.51137924194336,52.639477101905165,51.92507160049129,51.95956006416726,850900
2023-06-29,52.37342071533203,52.6690366288932,52.00882412161164,52.42268940776551,523800
2023-06-30,53.43764114379883,53.72340483522674,52.777432365976196,52.87596975524629,968200
2023-07-03,52.35371017456055,53.40807593370813,52.12017350039169,53.21099741371716,461900
2023-07-05,51.77233123779297,52.1270718262999,51.545692252682464,52.1270718262999,1122900
2023-07-06,50.639129638671875,51.033286660762215,50.26468084358204,50.92489329173937,986900
2023-07-07,50.717960357666016,51.10620076004365,50.451904943082084,50.451904943082084,673500
2023-07-10,51.76247024536133,51.96940474131275,50.412488699658134,50.42234093329401,533500
2023-07-11,52.304443359375,52.36356428621965,51.516129251150666,51.75262423541002,465400
2023-07-12,52.560646057128906,53.004071830631666,52.32415105827394,52.8365537566593,606100
2023-07-13,53.408077239990234,53.57559154275564,52.75772073938534,52.885818585396464,483900
2023-07-14,53.132164001464844,53.57558972752605,53.02377438750329,53.408075430436305,489700
2023-07-17,54.294925689697266,54.56098113790836,53.1223142777686,53.210999427172304,925400
2023-07-18,54.0091667175293,54.39346778535451,53.5706689597328,54.048579416540875,486300
2023-07-19,53.15187072753906,54.45258364793108,52.67888455275651,54.19638421286719,847000
2023-07-20,53.18144226074219,53.75296589091815,52.73801648623296,53.21100272605597,794500
2023-07-21,53.08289337158203,54.08799039426615,52.95479553459284,53.782522273335054,449000
2023-07-24,52.40298843383789,53.082905505054526,52.05810378009629,53.04349280102749,691800
2023-07-25,52.96464920043945,53.19621617512149,52.11721421179881,52.28473226625478,742600
2023-07-26,52.31428909301758,52.89566860815595,51.86101116839032,52.89566860815595,533200
2023-07-27,52.00882339477539,52.866114418770316,51.62452233662054,52.82669796179027,776200
2023-07-28,52.52122497558594,52.97450294462863,52.07287500330419,52.304441984586475,650400
2023-07-31,53.092750549316406,53.092750549316406,52.18619088238802,52.5606396856167,725700
2023-08-01,53.02377700805664,53.27012422815899,52.16156173769839,52.76757379413244,613200
2023-08-02,51.033294677734375,52.343860027989486,50.619429363628186,52.274883102131874,802400
2023-08-03,50.86577606201172,51.26978537730524,50.59972059697054,50.81650736677309,802800
2023-08-04,50.915042877197266,51.457009781691355,50.43220441914299,51.092413180675265,728900
2023-08-07,50.29425048828125,51.328908084166244,50.205565336693375,51.12197731678132,1456500
2023-08-08,49.909942626953125,52.166480049956384,49.51578561597832,52.028526223803155,1178700
2023-08-09,47.150848388671875,49.55519925286171,46.884796744186254,49.505930569029545,1410900
2023-08-10,47.2198371887207,47.62385027117801,46.74685093869726,47.51545688407586,1327300
2023-08-11,46.076786041259766,47.10947400046087,45.83043880165753,46.87495245079682,1533700
2023-08-14,46.55027770996094,46.56014425441465,45.59342986207908,45.91895433235273,1031200
2023-08-15,46.234619140625,46.944859869846525,46.09651761282846,46.836350451439415,701700
2023-08-16,46.126102447509766,47.152004725034594,46.086647562207894,46.21488252466064,1181400
2023-08-17,44.82399368286133,46.18528683930919,44.79440158043318,46.12609887146937,971700
2023-08-18,45.28762435913086,45.336945785263886,44.153212743153325,44.33077288761909,1095800
2023-08-21,45.51450729370117,45.84989826963371,45.24816706902089,45.41586443847902,893400
2023-08-22,45.88935852050781,46.03732280851162,45.327085947528865,45.978138598503634,636000
2023-08-23,46.76729202270508,46.95471495642814,45.741389751519925,45.99786720080811,566500
2023-08-24,45.90909194946289,47.2309266939252,45.711802451501434,47.2309266939252,640900
2023-08-25,46.70810317993164,47.02376483241438,45.79071032647126,45.94854491569636,566500
2023-08-28,47.40848159790039,47.90170340650657,46.83634249368501,46.83634249368501,1031300
2023-08-29,48.483707427978516,48.8092318792537,47.05336336738502,47.230923527347464,681400
2023-08-30,49.12489700317383,49.341915827936596,48.49357361802855,48.55276159650499,776900
2023-08-31,49.233394622802734,49.623040254394034,49.110089186083336,49.32217468776003,1142000
2023-09-01,49.49974060058594,50.16065601238277,49.3912312015187,49.50960338096308,873300
2023-09-05,49.05584716796875,49.4701554991465,48.76977757774891,49.262999452065486,830500
2023-09-06,49.480018615722656,49.59346130329615,48.799373779234585,48.986796738068726,567200
2023-09-07,49.095298767089844,49.55892846648876,48.35546606191305,48.91773861680871,880800
2023-09-08,48.355472564697266,49.55893513111313,48.25682593295091,49.14462680374692,617300
2023-09-11,48.819095611572266,49.01638132196064,48.35546591359541,48.58234749092902,617500
2023-09-12,47.605770111083984,48.48370814294887,47.605770111083984,48.23709722414035,724200
2023-09-13,47.951026916503906,48.16804572586703,47.56631449116668,47.6057693777004,651900
2023-09-14,48.730316162109375,48.79443364251011,47.891836830262875,48.089126306166975,787200
2023-09-15,48.8684196472168,49.026250481740966,48.16804555420231,48.61194218925008,3323500
2023-09-18,49.341915130615234,49.736490359262625,48.47384360681633,48.552760910336296,1016300
2023-09-19,48.276546478271484,49.35177010933661,47.40847885470195,49.23339793575595,1087100
2023-09-20,48.276546478271484,49.144617864824575,48.227225052861506,48.434377297373544,644600
2023-09-21,47.4775390625,47.93130228745519,47.240790905184426,47.694554130139615,957400
2023-09-22,48.15817642211914,48.86841702079818,47.497261014002376,47.57617454553131,1007700
2023-09-25,48.6119384765625,48.86841591494102,47.447934749727416,48.010207289963255,577900
2023-09-26,47.67482376098633,49.32218286235676,47.33943276700295,48.3850606353752,783700
2023-09-27,48.55276107788086,48.7747094095744,47.74387752893066,47.84252039568686,864200
2023-09-28,49.33204650878906,49.70196288674723,48.059537028480776,48.35546937825052,782500
2023-09-29,49.480018615722656,50.68348120135322,49.29259565688851,49.68717090122107,954400
2023-10-02,49.272865295410156,49.91405146510368,49.13476377464491,49.42082959780826,765900
2023-10-03,48.34067153930664,49.480012737170995,48.05953525296412,48.84868941085683,860400
2023-10-04,50.38754653930664,50.4072721020909,48.661270045906484,48.661270045906484,1235500
2023-10-05,50.7327995300293,51.01886910466807,49.79567726727225,50.3086284401812,1274300
2023-10-06,51.65019226074219,52.16807294070575,49.48198719167593,50.17052672430221,1194200
2023-10-09,52.23219680786133,52.311110350343164,51.09285172884639,51.245753067440845,784200
2023-10-10,52.173004150390625,53.22849855695525,52.07633309395218,52.103953395791734,1352000
2023-10-11,52.98188400268555,53.27781632533999,52.399882137505564,52.419611460747014,1078000
2023-10-12,52.35057067871094,53.25810090569777,51.76856870271479,53.06081139870199,1591800
2023-10-13,51.669925689697266,52.34070775386167,51.50222829216399,52.33084120889741,1101500
2023-10-16,52.35057067871094,52.804333910712174,51.72418053920753,52.034908972711435,791200
2023-10-17,53.24822998046875,53.42579014586029,51.78829376957037,51.82775242032051,1251400
2023-10-18,52.36043167114258,53.090397877738056,52.32097302133094,52.92270426051454,690900
2023-10-19,50.66374969482422,52.85365594153946,50.55524028433161,52.636637120554234,865300
2023-10-20,49.341915130615234,50.466460364885734,48.8585560540158,50.466460364885734,1028600
2023-10-23,49.06570816040039,49.91404652731928,48.36533031825828,49.10516304601291,760300
2023-10-24,49.58852767944336,49.80554650822802,49.03611782571162,49.223544546201744,923700
2023-10-25,48.23710250854492,49.69210558371809,48.138455872424316,49.312326382860874,1005700
2023-10-26,48.05953598022461,48.99172493130794,47.61563558376019,48.32587621810326,705900
2023-10-27,47.67482376098633,48.44424860948424,47.35915832872204,48.12858694020387,667900
2023-10-30,47.79319381713867,48.23709419572188,47.35422671025743,48.23709419572188,855100
2023-10-31,47.980621337890625,48.217369483439,47.398619399859314,47.84251982089745,643200
2023-11-01,47.369022369384766,48.256819356201866,46.82647913916592,47.81292274428518,1119400
2023-11-02,47.29996871948242,48.273588016408986,46.65877891025408,47.783323949099554,1728100
2023-11-03,48.68099594116211,48.95720274082172,47.329569102163276,47.329569102163276,1092300
2023-11-06,47.34929275512695,48.64646473322349,46.82647885177721,48.483704399245354,1750500
2023-11-07,51.32466506958008,52.76980525644428,48.335741829963766,49.85486604773596,2104300
2023-11-08,50.66374969482422,51.55450824712583,50.545377502915976,51.39371593507321,1152700
2023-11-09,49.70689392089844,51.028728535811275,49.480012337523284,50.80184695243612,665500
2023-11-10,51.19643020629883,51.295073072398246,49.75621952555201,49.91405036910157,630500
2023-11-13,50.91035842895508,51.0336638877491,50.19025500115604,50.70320616129727,648100
2023-11-14,52.537986755371094,52.75500556092357,51.687672817011354,51.78829124261941,1075700
2023-11-15,52.370296478271484,53.11012925743543,51.96585470951456,52.70568748867851,664200
2023-11-16,52.370296478271484,52.5083979949713,51.90666673250716,52.31110850126409,496900
2023-11-17,52.173004150390625,52.29137633499102,51.5712729206141,51.89680113199506,697600
2023-11-20,52.28151321411133,53.06080459721138,52.168070539160254,52.261783889642274,911300
2023-11-21,51.9263916015625,52.58731078431025,51.44303633459741,52.163139726288925,725900
2023-11-22,51.373985290527344,52.42947965784878,51.3147973189358,52.35056236239339,947600
2023-11-24,51.55154800415039,51.82775480914809,50.74759771372734,51.16683554906471,346900
2023-11-27,50.969539642333984,51.487424043995404,50.8807633296896,51.29506784063173,778300
2023-11-28,51.245750427246094,51.52195345617882,50.653881955696484,50.85117144621302,615200
2023-11-29,51.916534423828125,52.55772058881217,51.71924492576219,51.827754337847665,628800
2023-11-30,51.3542594909668,52.103955034323796,50.703206810714875,51.965853520783085,1650200
2023-12-01,52.292274475097656,52.312022765223894,51.20120687018109,51.26538598814046,804500
2023-12-04,52.035560607910156,52.183667152089356,51.364133727813126,51.93681914518903,1081500
2023-12-05,51.472747802734375,51.92793408417186,50.66308663593609,51.857830093455306,1343100
2023-12-06,50.969173431396484,53.44752943375751,50.969173431396484,51.344383441966976,1646400
2023-12-07,50.001529693603516,50.95930112773456,48.41182798950615,50.880307960688015,1357100
2023-12-08,49.95215606689453,50.47547256538928,49.61644267227875,49.84354235590102,1196700
2023-12-11,49.804054260253906,50.35699517104993,49.71025457563628,49.74481314714841,1223100
2023-12-12,49.88304138183594,49.927472211275116,49.142497425038975,49.73493108383601,1048600
2023-12-13,50.880306243896484,51.265388503751254,49.41896660225719,49.991655744216565,1120400
2023-12-14,50.64333724975586,51.68997037289019,50.01140696410457,51.29501582765894,1319900
2023-12-15,49.6164436340332,50.80131468309156,48.806782566606934,50.78156639283711,2171100
2023-12-18,50.001529693603516,50.371801689280794,49.50783369936714,49.616447420755385,962600
2023-12-19,50.47547912597656,50.67789629851946,50.04102799213557,50.149641717246226,902300
2023-12-20,49.88304138183594,50.78156789875221,49.71518279299593,49.99165509815571,699000
2023-12-21,50.71245193481445,50.830937915988855,50.15951107833154,50.43598338987371,427700
2023-12-22,51.93681335449219,52.331771628137496,50.95435945121607,51.05803515056268,994700
2023-12-26,52.35152053833008,52.57862023005459,51.798579701999984,51.996058841160824,730200
2023-12-27,52.28240966796875,52.44039224490324,52.05827049800855,52.124427091034256,374400
2023-12-28,52.0651741027832,52.381139207438956,51.680091866896575,52.31202207620808,473800
2023-12-29,51.52211380004883,52.257719770247995,51.43324837121526,51.93681662353781,354400
2024-01-02,48.737667083740234,51.008667807455886,48.569808494196174,50.870433537596874,1154700
2024-01-03,46.47654342651367,48.273596653646806,46.2790642634723,48.273596653646806,1418900
2024-01-04,46.358055114746094,46.88137166899815,45.98284510040987,46.47654109999907,2140800
2024-01-05,46.14082717895508,46.692781198993536,45.7557449060267,46.10133059542357,1701800
2024-01-08,47.7798957824707,47.789771811251896,46.081580425837366,46.48641474063606,1095500
2024-01-09,46.812252044677734,47.592292586593295,46.624648930772025,47.592292586593295,1188600
2024-01-10,46.970237731933594,47.167716887748185,46.75301028387739,46.81225516060224,953200
2024-01-11,48.036617279052734,48.20447209351603,46.93073564284292,47.059097644056784,736900
2024-01-12,48.036617279052734,48.59943035881971,47.7403966967744,48.2340926451034,840700
2024-01-16,48.04648971557617,48.06623800557334,47.25163893454558,47.52317321375523,875500
2024-01-17,47.97737503051758,47.98724729271901,47.20721051435881,47.63178935444669,878100
2024-01-18,48.36246109008789,48.55994024905167,47.99712709429598,48.174857960703214,805500
2024-01-19,49.636192321777344,49.655940612189944,48.00403359685892,48.69816924348602,1068900
2024-01-22,50.27799606323242,50.75194751174139,49.54732813276703,49.87316551619042,811100
2024-01-23,50.16938400268555,50.5050974007395,50.02127371043188,50.416231978707536,866900
2024-01-24,49.88304138183594,50.712450764112596,49.6658139491964,50.64333362947299,683500
2024-01-25,49.41896438598633,50.6137076941611,49.310350673133854,50.12001173872347,681900
2024-01-26,49.636192321777344,49.78923686422338,49.33009947028401,49.39921660342747,477400
2024-01-29,51.058040618896484,51.06791664842603,49.468338858788314,49.69544233874804,848800
2024-01-30,51.37400436401367,51.66034894693528,50.82600150471945,50.840815548609775,1151800
2024-01-31,49.764556884765625,50.98892082048617,49.764556884765625,50.98892082048617,962000
2024-02-01,50.71245193481445,50.830937915988855,49.71024969280284,50.14963881598427,683100
2024-02-02,50.85068130493164,51.12714982321893,50.39648194871651,50.60383333743197,535900
2024-02-05,49.981781005859375,51.03829012382686,49.92253989764532,50.8803075575869,841800
2024-02-06,50.29774475097656,50.83093730980492,49.962031336151455,50.29774475097656,666200
2024-02-07,51.2752571105957,51.6603393147105,50.23849646107106,50.70256805153207,840800
2024-02-08,51.670223236083984,52.26265690729301,51.06297552148352,51.26538891528273,650300
2024-02-09,52.16392135620117,52.31202789677467,51.63566301835746,52.14417306413772,458900
2024-02-12,50.84081268310547,51.93681457331919,50.81118836359605,51.887445729605275,523800
2024-02-13,49.03388977050781,49.97191298506686,48.73767290448964,49.557206359359974,696200
2024-02-14,50.90993118286133,51.087662038278644,49.50783263085821,49.53745318456062,701400
2024-02-15,51.66034698486328,51.84795010106522,51.008668442696944,51.4134989951548,834200
2024-02-16,52.48975372314453,53.546262764272704,51.26538609888133,51.45299297218526,1942600
2024-02-20,51.670223236083984,52.3613945969607,51.166651225615034,52.00593288759472,877000
2024-02-21,50.880306243896484,50.94942337942932,50.16444858304866,50.70257539064023,936300
2024-02-22,51.996063232421875,52.31696638983455,51.45299837881669,51.838080661071245,782000
2024-02-23,51.52211380004883,52.23303723071736,51.16665208471456,52.09479918961954,779000
2024-02-26,51.828208923339844,52.450263185621786,51.47274719254922,52.450263185621786,1244300
2024-02-27,48.83640670776367,52.62305406886329,48.73273100125942,52.38114408702003,2083700
2024-02-28,50.179256439208984,50.22862528126511,47.849010934788375,48.16497604386901,2004300
2024-02-29,50.72232437133789,50.850686381901774,49.99165642388504,50.40635924272021,2455300
2024-03-01,50.51497268676758,51.04816525088118,49.98474443797319,50.64333469663228,1229800
2024-03-04,50.60383605957031,51.0679114687461,50.317491497883076,50.564339478661466,1362800
2024-03-05,47.47380447387695,50.35698702082628,47.33556644360028,50.199004467111266,1701500
2024-03-06,49.211612701416016,49.68556036387734,48.184724216115875,48.34270677026965,1956200
2024-03-07,49.02401351928711,49.843546907492126,48.441452097979315,49.50783348221981,1245800
2024-03-08,48.777164459228516,49.6263183831219,48.72779184781723,49.043756974522076,1340000
2024-03-11,48.12548828125,48.910463122153544,48.076115667410704,48.80678741297392,832800
2024-03-12,48.27359390258789,48.82653477427188,47.928008211911354,48.27359390258789,1434100
2024-03-13,48.066246032714844,48.772231509959475,47.96750833284081,48.36246289893877,1015700
2024-03-14,48.204471588134766,48.268650704768255,47.72558592062014,48.07610958826666,1049800
2024-03-15,48.17485427856445,48.22422312288158,47.77989599082466,47.9082579993303,1433800
2024-03-18,48.253841400146484,49.03388191000939,48.17485200628508,48.303210242135016,1076600
2024-03-19,49.58846664428711,49.67744131689799,47.80897696330131,47.80897696330131,1279800
2024-03-20,50.211280822753906,50.68581107232225,49.86526658972221,49.94435685026587,690000
2024-03-21,51.08125305175781,51.81282290536789,50.21128277926588,50.28048487432248,1143900
2024-03-22,51.26908874511719,51.77327595874648,50.883533151536334,51.298745707321494,1088200
2024-03-25,50.60672378540039,51.36795061732194,50.448547026249905,50.952738038763684,760000
2024-03-26,50.50786209106445,51.1702260569538,50.44854439526477,50.77478606531621,642600
2024-03-27,50.992286682128906,51.38772672161509,50.69570193847468,51.1702322485971,570600
2024-03-28,51.6249885559082,52.020428555514236,51.05159546531722,51.40749410482455,824700
2024-04-01,49.79607009887695,51.51130166224256,49.54891866372298,51.29084300446316,778200
2024-04-02,49.55881118774414,50.201402712869914,48.84009357453853,48.955761029581474,1311100
2024-04-03,48.72837829589844,49.983908050258364,48.698717558977165,49.27211070385421,1162800
2024-04-04,48.52077102661133,50.36946268531004,48.402135623753885,49.16336248821373,1057700
2024-04-05,48.95576095581055,49.281998917348226,48.14016039511844,48.481230611880875,1113900
2024-04-08,49.83561706542969,49.944364304291774,48.95575852733722,48.95575852733722,914900
2024-04-09,50.1519660949707,50.19151122758252,49.776294877621275,49.776294877621275,796200
2024-04-10,49.2622184753418,49.677431013923986,48.63939589623746,49.03483587042559,1115900
2024-04-11,49.370967864990234,50.072880786153604,49.291881369126116,49.499487663404864,1560100
2024-04-12,47.62113571166992,49.04967444628679,47.250408566751965,48.827235896597095,1736800
2024-04-15,47.008201599121094,48.17970074411967,46.89451405232229,48.046236858986994,974400
2024-04-16,48.34282684326172,48.97553397430739,46.3161818643891,46.919232027176996,2937700
2024-04-17,49.53902816772461,50.84398728300701,48.50099302209968,48.6888267320522,4239300
2024-04-18,51.466819763183594,53.55277485189299,48.72838122029105,50.57707302678101,11920900
2024-04-19,51.86225509643555,52.0204318605738,50.4584367861125,51.26909317372498,4315700
2024-04-22,52.59382247924805,52.68279714053433,51.60521680772546,52.317010326784406,2409300
2024-04-23,53.799922943115234,54.37331608658312,52.82614945012646,52.9002918641683,2385300
2024-04-24,53.81969451904297,54.34365811975236,53.35999270429475,53.62197639026523,1034300
2024-04-25,53.75049591064453,54.05696506412471,52.7025761836299,52.949727631885324,987900
2024-04-26,53.374820709228516,54.353538190956115,53.3451599752877,54.2447909660461,904300
2024-04-29,52.94972610473633,53.80981206391414,52.671925863529154,53.62197832630087,1104900
2024-04-30,51.931453704833984,53.19687150412532,51.882024176468754,52.92005935706372,1078900
2024-05-01,50.883541107177734,51.95123339700983,50.79456643542241,51.82271358864507,1060100
2024-05-02,51.15045928955078,51.516242333396825,50.9131922681825,51.13068672350081,998000
2024-05-03,52.63337326049805,52.80143443250434,51.743626552136064,51.743626552136064,873200
2024-05-06,52.929954528808594,53.13756083815039,52.603712810215676,52.712460049746646,1353600
2024-05-07,54.30411148071289,54.44251567551469,53.04858178736139,53.38470787669354,2106300
2024-05-08,53.74060821533203,54.20525411634265,53.15733068238119,54.11627944957959,1015500
2024-05-09,54.38320541381836,54.43263872263558,53.73072571249011,53.987765341904506,871600
2024-05-10,54.847843170166016,55.085110194854835,54.447459072937015,54.47217195242181,886600
2024-05-13,54.21513748168945,55.3124904271221,54.155819781233376,55.11476853016668,932500
2024-05-14,54.85773849487305,54.89727986145298,53.97787614910307,54.22502760357924,915900
2024-05-15,54.96647262573242,55.78701712533722,54.86761356923532,54.96647262573242,1205800
2024-05-16,55.441009521484375,55.569525547325895,54.521605917868904,54.966475466327424,948700
2024-05-17,55.81667709350586,55.8463378290371,55.174085649211605,55.490439172514016,894800
2024-05-20,56.39995574951172,56.47904601755213,55.510212861446405,55.856223356044325,1268500
2024-05-21,56.07371520996094,56.538357313744484,55.806791224605426,56.3999531223523,898000
2024-05-22,52.64325714111328,53.09801488925545,51.367954795416054,51.90180281518211,3679800
2024-05-23,52.079750061035156,52.84592100884984,51.68233013593791,52.47519386079078,2564900
2024-05-24,52.68280792236328,52.850869110725725,51.812833697433575,51.98089865702814,1135100
2024-05-28,52.119293212890625,52.860747480807404,51.476698005536846,52.791545384167016,1648800
2024-05-29,51.37784194946289,52.06986295633495,50.48809526743931,51.4470440501501,1359000
2024-05-30,49.66755676269531,51.43715826827494,49.514320300148206,50.932970972547075,1281100
2024-05-31,49.66755676269531,50.784678594916144,48.60974509330957,49.66755676269531,4548900
2024-06-03,49.123817443847656,50.053109245107464,48.56031247855383,49.41051401109724,1927600
2024-06-04,49.084232330322266,50.222505004304494,49.014946561553735,49.25249668996263,1382300
2024-06-05,50.15321350097656,50.420460216842486,49.55933442735745,49.59892737247634,1477800
2024-06-06,49.86616516113281,50.17300099139577,49.252485949026116,49.955247383806984,1692000
2024-06-07,50.30167770385742,50.400656276197495,49.173305365702326,49.6484093093576,1099000
2024-06-10,48.45075607299805,49.55933205267099,47.59259809641047,49.480149942018365,1384300
2024-06-11,50.18290710449219,50.252192866422085,48.084530223634964,48.3517731477698,1399400
2024-06-12,50.8559684753418,51.880412198925875,50.52933238409935,50.974743519525155,1181000
2024-06-13,49.925559997558594,50.96485404564359,49.70780634982084,50.96485404564359,1246000
2024-06-14,49.678104400634766,50.25219071870772,49.341571953162166,49.895861800702534,1308500
2024-06-17,50.74708938598633,50.79657867269763,49.613766974082004,49.63851350533293,1141500
2024-06-18,51.340965270996094,51.46964042929061,50.16310370507184,50.70749337753127,2017800
2024-06-20,50.865867614746094,51.588421818194824,50.65801033206717,51.25188936137575,2197200
2024-06-21,51.044029235839844,51.41025449099049,50.20270002854472,50.96484713171105,3274400
2024-06-24,49.85627365112305,51.19250722206253,49.76719141306042,50.915360383761545,2052300
2024-06-25,49.74738693237305,50.281880274706985,49.658304708650725,50.093819480533384,2582600
2024-06-26,49.3316764831543,50.03443420850157,49.3316764831543,49.59892317641116,811800
2024-06-27,49.173301696777344,49.834487874637,48.95554432292791,49.3316696661796,1143100
2024-06-28,48.85657501220703,49.836475828558264,48.470553249657094,49.47025053790716,4350400
2024-07-01,48.529937744140625,49.618721018133044,48.46065198202548,48.87637033050719,719100
2024-07-02,48.7476921081543,49.470246279200595,48.29238462104961,48.82687798893282,800300
2024-07-03,48.9555549621582,49.282191093918314,48.698208371873214,48.70810472020335,375200
2024-07-05,48.975345611572266,49.03473502186496,48.619016701397264,48.856570566777464,635200
2024-07-08,48.84667205810547,49.173308161824,48.51013960690639,48.97534723009677,999600
2024-07-09,47.31248092651367,49.28218632314456,47.297634517560155,48.7575892934461,919000
2024-07-10,47.916263580322266,47.94595640040918,47.03534134369474,47.51044534404022,805200
2024-07-11,48.302284240722656,48.797184701746026,48.153816367890165,48.36167365533017,672300
2024-07-12,49.42076110839844,49.6781076907846,48.20330640844323,48.500245934516784,970600
2024-07-15,48.93575668334961,49.6781073818119,48.757592213655386,49.3910679813409,629800
2024-07-16,49.16340637207031,49.49004246471693,48.66850594742314,49.12381720769939,591200
2024-07-17,49.25249481201172,49.48015235876077,48.44085831527767,48.69820868299787,860400
2024-07-18,48.33197784423828,49.64841102566377,48.193402552065024,49.014939078891445,946900
2024-07-19,47.97565460205078,48.43096214564733,47.86677589036659,48.06473684108411,606800
2024-07-22,48.9555549621582,49.04463720029359,48.20330788796351,48.50024742315112,725300
2024-07-23,48.77738571166992,49.470247076486054,48.76748936430842,48.935753699988695,541600
2024-07-24,48.015235900878906,48.91595449199584,47.965746615259604,48.411157737414236,636500
2024-07-25,47.876670837402344,48.98525061865488,47.787588600976534,48.16371401875118,603200
2024-07-26,48.02513885498047,49.09412183538705,47.67375999783897,48.10432096148174,700300
2024-07-29,48.07462692260742,48.57447740845672,47.65891237850427,48.12411620988771,420600
2024-07-30,47.37187576293945,48.71800570714095,47.243200577622545,48.20330874166443,556200
2024-07-31,48.242897033691406,48.66850794260872,47.34217837493985,48.00534315877428,548600
2024-08-01,47.1145133972168,48.4705431204773,46.674052372938576,48.02513203531108,710100
2024-08-02,45.550636291503906,46.2731904703525,44.99634644744072,46.243497652635234,1200200
2024-08-05,44.33317565917969,45.19430123815182,43.37306774160779,44.19460416093017,1540000
2024-08-06,47.0947265625,48.223098934732,44.83797804224538,46.4018652078235,1900700
2024-08-07,46.3820686340332,48.039984309734955,46.28803634462696,46.995744106443546,1161000
2024-08-08,48.7476921081543,48.78728504854356,46.95615120134157,46.99574414173083,1322200
2024-08-09,47.88656234741211,48.96544533859064,47.738090721479445,48.80707736629793,1035800
2024-08-12,47.84697723388672,48.66752078733139,47.5896306527535,47.985548760326985,464200
2024-08-13,49.3118782043457,49.39106408498117,47.807380454387285,48.29238453380301,794700
2024-08-14,49.13371658325195,49.48014916733206,48.74769483236081,49.3514739917714,764300
2024-08-15,49.410858154296875,50.22249835023336,49.143615239192165,49.49004403713583,1523300
2024-08-16,49.49004364013672,49.8364724353014,49.044632492217346,49.351472122070845,965000
2024-08-19,49.767181396484375,50.02453171055365,49.22279172935513,49.559324141437074,940300
2024-08-20,49.034732818603516,49.99483703255656,48.87636484072947,49.747386831141476,894700
2024-08-21,49.7770881652832,49.91565968715137,48.80708373641525,49.331677005142105,820400
2024-08-22,49.37126922607422,50.12351623770802,49.272286872049555,49.83647307472258,634200
2024-08-23,49.707801818847656,50.22249873386029,49.47024794430692,49.598923117007764,609600
2024-08-26,50.34127426147461,50.380867203572656,49.594962783668684,49.70780229106903,692100
2024-08-27,51.420162200927734,51.420162200927734,50.21260378451598,50.262093078872454,1060400
2024-08-28,50.06413269042969,51.49934101367148,49.975050455985155,51.19250514286655,953100
2024-08-29,50.87576675415039,51.340970600320915,50.26208748983833,50.65800935224671,779400
2024-08-30,50.94505310058594,51.449849893970665,50.79658145652474,51.07372449792884,1352200
2024-09-03,48.19340515136719,50.940104198489,48.15381598440166,50.638214617605676,1096300
2024-09-04,47.995445251464844,48.44580267830951,47.431255288845605,48.005341598694024,1157200
2024-09-05,48.14391326904297,48.32207772606449,47.19370534878858,47.62921636829085,1125000
2024-09-06,47.7974853515625,48.63386452675292,47.43125630777497,48.60912177025314,1038700
2024-09-09,45.86737060546875,47.658911466750126,45.70900262372717,47.6292148743176,3069100
2024-09-10,47.42136001586914,47.50054589865887,45.758494235191954,46.223701857104835,1327300
2024-09-11,48.411163330078125,48.450756273463696,46.60972593973453,47.49064816321354,1192300
2024-09-12,48.37156677246094,48.500241940954226,47.62921613050756,48.500241940954226,789100
2024-09-13,49.06442642211914,49.07432654477731,48.218147172789635,48.50024025589947,944700
2024-09-16,48.85657501220703,49.18320735906046,48.49034972155593,49.1238217191549,1176100
2024-09-17,49.67911148071289,49.90208622718585,48.95072176433461,49.05477689804775,840700
2024-09-18,49.520545959472656,50.38271968448033,49.2232412856757,49.77820572565926,956100
2024-09-19,50.333168029785156,50.7989380235562,50.06559610295373,50.59082778503812,798600
2024-09-20,49.63946533203125,50.48181848954534,49.25792988031594,50.15478864241592,7890900
2024-09-23,49.74848175048828,49.956592018670186,49.46108921992107,49.728661184891955,714700
2024-09-24,49.98631286621094,50.18451470962809,49.40161950734249,49.936763350453084,609700
2024-09-25,49.560184478759766,50.08541997594355,49.50072656690255,49.89712650736621,836700
2024-09-26,50.20433807373047,50.49173057370439,49.71874371927847,50.09532686474823,762400
2024-09-27,50.382720947265625,50.600743372078284,50.115149002373556,50.35299199129519,487400
2024-09-30,50.352989196777344,50.352989196777344,49.84757429101343,50.125058392753054,747600
2024-10-01,49.33224868774414,50.54127651207001,49.07855078562953,50.54127651207001,864100
2024-10-02,49.44126892089844,50.01605398513194,49.0775692900369,49.27279978300084,497800
2024-10-03,48.88631057739258,49.63947320876674,48.70792925778539,49.27280217641265,477800
2024-10-04,48.44035339355469,49.58991970528224,48.3313421758276,49.58991970528224,521500
2024-10-07,47.32051467895508,48.49485760836659,47.280873549941816,48.281791265402966,989200
2024-10-08,48.01422119140625,48.172781933269285,47.412678565301064,47.568267923545754,666600
2024-10-09,48.53944778442383,48.802063630829714,47.92502544751326,48.00430391983114,728000
2024-10-10,49.70883560180664,49.83766737498562,48.03403767202375,48.03403767202375,900800
2024-10-11,50.19443130493164,50.63047237457157,49.634510764400275,49.66919580652633,748000
2024-10-14,50.51155090332031,50.78903123007331,49.986315424327366,50.36289856805353,542300
2024-10-15,49.540367126464844,50.917864181009,49.51063439049144,50.50163990085541,562700
2024-10-16,49.25297927856445,49.73856990754444,48.96558674609021,49.550280203709434,408300
2024-10-17,49.59982681274414,49.90703989289064,49.12414460439179,49.59982681274414,469000
2024-10-18,49.490814208984375,49.88721792834683,49.23315443766901,49.57009646501128,602300
2024-10-21,49.084503173828125,49.65928820146535,48.77233778974757,49.23315551694427,500000
2024-10-22,49.21333694458008,49.52055003527541,48.52954445541646,48.896215461456116,717600
2024-10-23,48.747562408447266,49.32234745105144,48.31152132054447,49.11423718957871,456600
2024-10-24,48.29169845581055,49.262883410152476,48.172778852116,49.20342549849822,573000
2024-10-25,48.707923889160156,49.20342666003509,48.49980985229923,48.49980985229923,545600
2024-10-28,48.4205322265625,49.17369478817196,48.291700445360526,49.17369478817196,757500
2024-10-29,49.054771423339844,49.20342375798918,48.25205562092808,48.35115843748961,779800
2024-10-30,49.16378402709961,49.77325029961531,49.05576327711596,49.074593379855116,614400
2024-10-31,47.825927734375,48.81693331659101,47.77637821134145,48.65837257465191,848900
2024-11-01,47.97457504272461,48.74755810590493,47.77637319103107,47.8358348806549,688600
2024-11-04,48.60882568359375,48.81693595983475,47.81602193097101,47.97458268149556,1158100
2024-11-05,49.11423110961914,49.20342175069295,48.41061437208765,48.53944613816887,942300
2024-11-06,49.490814208984375,50.3529917315398,49.12414322582503,49.79802728050958,1532700
2024-11-07,50.63047409057617,51.49264786720689,48.261971412700206,48.50972280210792,1377400
2024-11-08,48.14305114746094,50.32326032019456,48.043948324818224,50.154791192281166,1122700
2024-11-11,48.26197052001953,48.63855368346189,47.44934628022388,48.301611648884226,1962100
2024-11-12,48.95568084716797,49.183611694069214,48.28179669963969,48.35116679302761,1159600
2024-11-13,47.99440002441406,49.163786898638065,47.92502993699283,48.72774202869175,843600
2024-11-14,47.6574592590332,48.44035458710314,47.15700037458517,47.70700878275196,1042600
2024-11-15,46.17094421386719,47.72682247289508,46.081753571867495,47.43942998418654,1271400
2024-11-18,46.55743408203125,46.74077144529236,46.111480887872915,46.24031265071547,1174400
2024-11-19,46.339420318603516,46.810150248115,45.9826614771582,46.07185213261612,726200
2024-11-20,46.270050048828125,46.57726314540713,46.03221082212325,46.50789305591935,866600
2024-11-21,47.35023880004883,47.469162174943996,46.31959601365763,46.31959601365763,1654200
2024-11-22,48.07367706298828,48.143050928716036,47.261052822941046,47.261052822941046,883200
2024-11-25,49.17369079589844,49.778204742783316,48.395751646313606,48.57908902081692,1650600
2024-11-26,48.77729034423828,49.69892573190074,48.66827913789754,49.1439613088869,614300
2024-11-27,48.73765182495117,49.193513457316094,48.19259954448129,48.757472389017394,749000
2024-11-29,49.054771423339844,49.19351158614007,48.759451456642545,48.78719948920259,330400
2024-12-02,49.520545959472656,49.698927251596444,48.757471272139995,49.12414224800069,793600
2024-12-03,49.083984375,49.3915630074407,48.81609074405,49.332033612739146,715400
2024-12-04,50.18531799316406,50.5028206792278,49.28241523506524,49.51062383904596,876900
2024-12-05,49.173274993896484,50.11585893023291,49.11374182305116,49.97695198319093,1010600
2024-12-06,49.35187530517578,49.689222401436986,49.232808952426566,49.32210682452308,715400
2024-12-09,48.2406120300293,49.11374635840376,47.90822697820935,49.11374635840376,1146500
2024-12-10,47.03013610839844,48.285264622259895,46.68286491110973,48.22076939929993,931100
2024-12-11,46.97060012817383,47.51630765144174,46.62333273652989,47.149195868142336,1162800
2024-12-12,47.87350082397461,47.96279869711604,46.772161650207195,46.90114830806279,1105600
2024-12-13,46.76224136352539,47.774282664519966,46.72255257879678,47.60560722188879,754400
2024-12-16,47.655216217041016,48.31006602405778,46.84161505635142,46.84161505635142,1638000
2024-12-17,48.16123580932617,48.38944062969603,47.377399392666256,47.407164086866054,893200
2024-12-18,46.811851501464844,48.473780603693854,46.61440301020453,48.19100462979179,1190500
2024-12-19,47.36748123168945,48.39936312156379,46.61340947512774,47.13927261606865,1264200
2024-12-20,47.76435852050781,48.022331836013926,46.91106857448591,47.12935310530942,2583400
2024-12-23,47.53614807128906,47.585757153817376,46.8068828248387,47.42700581876855,683100
2024-12-24,47.63536834716797,47.86853520880656,47.41708761738485,47.675057128921466,299900
2024-12-26,47.15911865234375,47.74650207843936,47.089665170361314,47.446856669088646,400500
2024-12-27,47.20873260498047,47.23849730224405,46.66302125560824,46.99044806523158,652500
2024-12-30,47.20873260498047,47.377404269382076,46.315753837763175,46.78208761452454,561000
2024-12-31,46.335594177246094,47.19384234266405,46.1867631340867,47.099586214598375,554900
2025-01-02,46.13715744018555,46.97556506076037,45.90895259951182,46.64317621125668,904400
2025-01-03,46.70270538330078,47.089661548852256,46.10242674380034,46.137153482120844,688000
2025-01-06,46.504268646240234,47.431974130324406,46.41497077191699,46.82177135829378,635600
2025-01-07,46.057777404785156,47.14919624497468,45.70058970692406,46.54395554190307,1404600
2025-01-08,46.375282287597656,46.58364271705488,45.730352823166534,45.81965069078114,772800
2025-01-10,45.50214767456055,46.147073349411876,45.2044893796345,45.64105462653066,935800
2025-01-13,45.00605010986328,45.21937258585087,44.5000275924366,45.144957064472756,931400
2025-01-14,46.13715744018555,46.16692213703357,45.095351416264315,45.32355625693804,701400
2025-01-15,46.018089294433594,46.8416106819136,45.77004009092641,46.712627821239806,914200
2025-01-16,45.621212005615234,46.712630842597754,45.50214944001139,45.81171513852596,2137700
2025-01-17,45.085426330566406,46.563801395204926,44.71831453281046,46.563801395204926,3051600
2025-01-21,45.81965255737305,45.90895042862545,44.89690914940842,45.11519367578781,1485300
2025-01-22,46.19668960571289,46.32567247917969,45.46246222513881,46.06770294731524,1632300
2025-01-23,45.98832321166992,46.166918950292114,45.50214886703337,45.9089494305771,883000
2025-01-24,45.74027633666992,46.10739192092508,45.39300892986732,46.08754752840338,1071900
2025-01-27,46.87138366699219,47.04005532482902,45.30371073332099,45.34339951808172,1356300
2025-01-28,46.216529846191406,47.33770953137313,46.156996674218284,46.79200203554292,1393200
2025-01-29,45.224334716796875,46.25621657513399,44.96636141351461,46.236372183732996,803300
2025-01-30,45.561676025390625,45.79980492686888,45.06557761683055,45.11519048563095,1269800
2025-01-31,46.186763763427734,46.21653224342363,45.3930070206001,45.61129154422672,1825800
2025-02-03,45.50214767456055,45.918868530470895,44.97628456069352,45.41284980758968,1025100
2025-02-04,46.335594177246094,46.37528296007935,45.63609357329987,45.84941604986531,954600
2025-02-05,46.62333297729492,46.84161371677088,46.00221449157032,46.37528375771669,660900
2025-02-06,46.375282287597656,46.77215875538323,46.0974645967241,46.643172105510885,750900
2025-02-07,45.41284942626953,46.692784247127854,45.14495582760636,46.37528156388199,957500
2025-02-10,45.948638916015625,45.98832391470337,45.4277340395826,45.641056520368515,561700
2025-02-11,46.266143798828125,46.385206370372494,45.57656723686519,45.62121428184524,1153100
2025-02-12,45.72043228149414,46.077619965158135,45.35331672492161,45.799806060664835,690200
2025-02-13,46.34551239013672,46.365356780658296,45.35331557364089,45.79980489805011,772000
2025-02-14,46.88130569458008,46.911070391779674,46.17684677136241,46.49434949126139,895700
2025-02-18,47.327796936035156,47.417094816072115,46.62829624492378,46.831698443592295,1710800
2025-02-19,47.069820404052734,47.33771402597188,46.52907490077714,47.27818463327709,757100
2025-02-20,46.16692352294922,47.08966700224786,45.92879837115469,47.07974669797769,1068800
2025-02-21,45.234256744384766,46.26614242698854,45.12511447998407,46.26614242698854,946700
2025-02-24,46.266143798828125,46.35544167371913,44.85722219331798,45.472387013647506,1296800
2025-02-25,45.32355880737305,46.464586859880214,45.22434062234249,46.186769128918584,1948200
2025-02-26,44.27182388305664,47.883419933494785,44.12299662148649,45.343398334029224,3064300
2025-02-27,43.696353912353516,44.84730220520254,43.40861589290852,44.08331011129563,2413000
2025-02-28,43.55744171142578,43.73603744099793,42.12867587484856,42.3568806882062,2708600
2025-03-03,42.49579620361328,44.15276325507044,42.18821379364328,44.15276325507044,1824800
2025-03-04,41.89055252075195,42.7140739440363,41.635557958739575,42.337038078532416,1703800
2025-03-05,43.05142593383789,43.32428161463084,41.51352138692663,41.81117972101734,1553400
2025-03-06,42.674381256103516,42.93235453492007,42.22789573918231,42.624772174771195,1120300
2025-03-07,42.68431091308594,43.091111488981745,41.90047445699157,42.57516864895498,1222700
2025-03-10,40.818973541259766,42.35687774119194,40.660222213233155,42.12867294371183,2350000
2025-03-11,41.196014404296875,41.9401620551297,40.46178705677232,40.977729882208095,1848400
2025-03-12,40.471710205078125,41.64250278465855,40.37248824964639,41.49367174397623,964800
2025-03-13,39.797019958496094,40.446907744479844,39.668033296225325,40.3228831267009,1387100
2025-03-14,41.116634368896484,41.255545101384925,39.9349298779449,40.084752564924074,1601200
2025-03-17,42.098915100097656,42.31719963098815,40.928122446117285,41.40437650766223,1017400
2025-03-18,41.612735748291016,42.11875827621039,41.2952330497627,42.02946040569113,1032900
2025-03-19,41.75188064575195,42.23887165772439,41.51335737596632,41.722066184843506,1293900
2025-03-20,41.39408874511719,42.26867897486326,41.31457847445389,41.642552654052444,1118300
2025-03-21,41.68230438232422,41.82641390578598,40.69838941697625,40.817651032812094,1666700
2025-03-24,42.397884368896484,42.596656268829165,42.13451321277061,42.14942044179529,1251100
2025-03-25,41.6226806640625,42.72586117416884,41.39409429216119,42.407823840155196,944900
2025-03-26,41.920833587646484,42.12954237403917,41.45372019702214,41.69224723236994,1158700
2025-03-27,40.11201477050781,41.503410410258915,40.00269004205241,41.25494649695425,1970500
2025-03-28,39.45606994628906,40.360478433457715,39.336808330194955,40.112014521694256,1317200
2025-03-31,39.09828186035156,39.316931319002016,38.42245970748513,38.9790202425688,2659200
2025-04-01,40.24121856689453,40.28096991314852,39.07840543783259,39.118160575345165,1664300
2025-04-02,40.87728500366211,41.03630176012598,38.85478885523481,38.85478885523481,1701800
2025-04-03,39.972877502441406,40.1020760138491,39.14797545091007,39.47594965200334,1449000
2025-04-04,38.42245864868164,39.52563900873276,38.04479244630865,38.96907848898616,1804400
2025-04-07,38.87963104248047,39.297052377014914,36.285667251024186,36.63351899501261,2502100
2025-04-08,38.3827018737793,40.0424426826754,37.82614516906633,39.754223651301494,2224900
2025-04-09,41.89101791381836,42.14941871928981,37.38884916067749,37.93546901970985,2168100
2025-04-10,41.34439468383789,41.751875360123606,39.95299900954306,41.751875360123606,1404600
2025-04-11,41.642555236816406,42.06991348999143,40.5095565571435,40.857408325982426,1544900
2025-04-14,42.73579025268555,42.88487010727959,41.533225901988686,42.23886245904967,1718200
2025-04-15,42.35812759399414,43.33707603554889,41.64255408964745,42.2587435434972,1311100
2025-04-16,43.09358596801758,43.23272516654989,42.05500473681484,42.54696606324399,1955900
2025-04-17,42.924625396728516,43.23272202196803,42.37800553171396,42.427697557395554,1926500
2025-04-21,42.14942169189453,42.73579672889483,41.61273868353654,42.73579672889483,1557300
2025-04-22,43.03395080566406,43.10352040096554,42.12954227548615,42.248803897251754,1765000
2025-04-23,43.15321350097656,44.624123301465595,43.05382944557589,43.72965163782479,1461200
2025-04-24,43.63026809692383,44.06756325360565,43.13334023154319,43.48118822080614,998200
2025-04-25,43.17308807373047,43.99799008308388,42.73579295255734,43.570631850257634,826400
2025-04-28,42.85505676269531,43.4364652290979,42.41776161913773,43.30229258636706,1188500
2025-04-29,42.86499786376953,43.302293011621614,42.179234996985365,42.91468989105248,998500
2025-04-30,42.725860595703125,42.840151884476946,41.77175618909758,42.43764151671542,1238600
2025-05-01,42.576778411865234,43.20290856547963,42.55690084288049,43.08364315157114,809500
2025-05-02,43.3917350769043,43.52093736566026,42.389929214550186,43.16314874526418,833900
2025-05-05,43.58057403564453,44.087442601887375,43.07370926066057,43.07370926066057,1089100
2025-05-06,43.50106430053711,43.81909782018793,42.85505658116341,43.39173956729615,1484100
2025-05-07,45.95589065551758,46.025460253365566,42.45751802851808,43.01407481130201,2525700
2025-05-08,46.770851135253906,47.387040614662986,46.055273809966806,46.21429057211297,1757100
2025-05-09,46.30373764038086,46.98949671483283,45.92607140935607,46.98949671483283,1039800
2025-05-12,47.436729431152344,47.665315774311615,46.44287378719459,47.57586861470508,1536000
2025-05-13,47.84421157836914,48.00322833468712,47.39200921778864,47.5559925227745,1315300
2025-05-14,47.65538024902344,47.99329132928405,47.20317409828502,47.85415214175177,1026800
2025-05-15,47.933658599853516,48.167215289346835,47.50630035764415,47.75476427561431,1089400
2025-05-16,47.675262451171875,48.04298802414198,47.36716579793489,48.04298802414198,1010700
2025-05-19,47.80445861816406,48.09764802703494,47.16839156392996,47.16839156392996,1592900
2025-05-20,47.764705657958984,47.824334572743396,47.297592272102065,47.705072951916,1410300
2025-05-21,47.01931381225586,47.80445692188325,46.98949556365634,47.69513598121357,1032100
2025-05-22,47.35722351074219,47.546054720472675,46.86029568289078,46.959679731957685,1381300
2025-05-23,47.128631591796875,47.36318157833507,46.9099859338645,47.02924754648746,858400
2025-05-27,48.04298400878906,48.092676034833104,47.24790021830865,47.70507292392757,1415800
2025-05-28,47.635501861572266,48.092674553105766,47.41685240420475,48.04298252859273,1261200
2025-05-29,47.6851921081543,48.0032256026901,47.37510888229314,48.0032256026901,1642600
2025-05-30,47.436729431152344,47.83427320523881,47.198206199707194,47.5659317264192,6092600
2025-06-02,47.347286224365234,47.396978252460016,46.83048079141035,47.287657307154994,1247300
2025-06-03,47.426910400390625,47.556299023532695,46.979016482644454,47.08850208440878,1866100
2025-06-04,48.29283905029297,48.322697381014756,47.17310608617495,47.387099648968785,2762100
2025-06-05,48.919891357421875,49.755958802571,48.422232254281624,48.50185573642849,2648400
2025-06-06,49.5170783996582,49.532007564546014,48.840261747935976,48.999512501468416,1876000
2025-06-09,47.56625747680664,49.626565837858145,47.481656341425506,49.53698704838471,1774000
2025-06-10,47.73545837402344,47.9842879157523,47.38709853433803,47.61602125710808,1632400
2025-06-11,48.044010162353516,48.272932893651344,47.68569500142208,47.825038942487055,1156400
2025-06-12,48.94974899291992,48.97960732369593,47.939501635397455,48.024102770487865,1290000
2025-06-13,49.10900115966797,49.118952671266065,48.32767650831653,48.34260567413253,1252400
2025-06-16,49.78581619262695,49.91520862011194,49.07914119076772,49.10899952140365,2316300
2025-06-17,50.16403579711914,50.303379729287336,49.53698430552487,49.6564214192637,2269100
2025-06-18,50.482540130615234,50.75127649923297,49.26327306206229,49.83558178429428,2420500
2025-06-20,50.492488861083984,50.980196421012074,49.99482979034966,50.48253735027775,2809700
2025-06-23,51.58734130859375,51.617199637973584,50.09436409020348,50.53230270740316,1862000
2025-06-24,52.30397033691406,52.42838511116783,51.26883850388174,51.75654608956503,1932000
2025-06-25,52.17457962036133,52.65233571038746,51.86603340006502,52.30397205294498,1739200
2025-06-26,52.38359451293945,52.7220028307438,52.05513770587758,52.612517228389834,1229700
2025-06-27,52.39354705810547,53.040505377422505,52.09495237105047,52.50303266262104,2746000
2025-06-30,53.717323303222656,53.77703996395062,52.68716914045241,53.27938087475074,2189900
2025-07-01,53.43863296508789,53.772067448769846,52.298993166757704,53.772067448769846,2203700
2025-07-02,53.82680892944336,54.114453544251056,52.72200514353354,53.43863165038617,2150700
2025-07-03,55.08588409423828,55.24015719212923,54.03582314476703,54.04577465563463,1818000
2025-07-07,55.25010681152344,55.8373446503805,54.712637915812785,54.99132577261366,1556700
2025-07-08,55.63828659057617,55.71791006891742,54.99132826868024,55.260064627152204,1846000
2025-07-09,55.75772476196289,55.82739673064438,55.18541605050422,55.737817942791395,1178000
2025-07-10,56.414634704589844,56.53407182298735,54.93160894687378,55.82739682694892,1638500
2025-07-11,56.086181640625,56.673419557609826,55.54871267340798,55.73782177327713,1677400
2025-07-14,56.71323013305664,57.15116877074088,56.03641345864799,56.08617860888795,2320500
2025-07-15,57.16112518310547,57.26065548550807,56.444494855926266,56.71323122861847,1465700
2025-07-16,57.240745544433594,57.42488077035929,56.374819810867734,57.36018645700902,1328800
2025-07-17,57.310420989990234,57.698594461609275,57.06656530913217,57.24074522628977,1425000
2025-07-18,57.539344787597656,57.718502361985244,57.061592521509915,57.718502361985244,1437300
2025-07-21,57.62892532348633,58.226114725007776,57.53436887945768,57.69859729376925,1201900
2025-07-22,57.90761184692383,57.97728381557322,57.12130957578063,57.72845427130038,1152100
2025-07-23,58.23606872558594,58.37043881461609,57.74836491275963,58.056914934942036,819200
2025-07-24,58.07681655883789,58.36545975358358,57.67869154934789,58.2261158104202,995700
2025-07-25,58.31568908691406,58.57845301112542,57.2307921789526,58.14648303133392,913700
2025-07-28,58.44508361816406,58.763585125878514,58.17634725912296,58.35550483181703,908000
2025-07-29,58.43513107299805,58.97260381649064,58.17635000955956,58.68396062496636,1281300
2025-07-30,57.808082580566406,58.696899480857994,57.26563219000638,58.594381068917606,2435900
2025-07-31,57.70854568481445,58.36844362074689,57.335301379835784,57.81803128843551,1428100
2025-08-01,56.85257339477539,57.40995294259661,56.325055974212255,57.36018779294986,1519800
2025-08-04,57.62892532348633,57.778220775447885,56.98196697447342,57.10140409541018,1225000
2025-08-05,56.782901763916016,57.91259003149346,56.434541917477524,57.80808207756191,2322000
2025-08-06,54.96146774291992,56.91229034480368,53.77703675140404,56.588811196780334,3170900
2025-08-07,53.269432067871094,55.04109730037566,51.57739031932519,54.86193971542152,3582000
2025-08-08,53.23957061767578,53.63769560782579,52.975808113114994,53.498351671431415,1589100
2025-08-11,52.66228485107422,53.64267386771401,52.413455305605744,53.199757580527134,1190400
2025-08-12,52.12480926513672,52.916089150719166,51.93570018780554,52.74190923780396,1879400
2025-08-13,51.846126556396484,52.29402051756928,51.358418954933285,52.16462808504431,2126300
2025-08-14,51.47785949707031,51.79636102337485,51.17926099392683,51.776454203376105,1633900
2025-08-15,52.89120864868164,52.911115468342864,51.45795180461182,51.61720256506402,1782900
2025-08-18,53.38886642456055,53.64765127689572,52.81158385606387,52.871300516727736,1538400
2025-08-19,53.16989517211914,53.71732320672564,53.050458054040234,53.528210323193385,1286200
2025-08-20,53.3590087890625,53.418725450503985,52.89120802463711,53.10022393335746,1150600
2025-08-21,53.159942626953125,53.51825777105782,52.94097141736971,53.19975626448419,896500
2025-08-22,54.394142150878906,54.473765633990304,53.31222945543866,53.39882393254141,1495200
2025-08-25,53.697418212890625,54.92165915611781,53.667556084727664,54.50362353337521,1170700
2025-08-26,53.53816604614258,54.065683468847396,53.448587257679726,53.66755467638193,3165800
2025-08-27,54.51357650756836,54.5434348376152,53.58295265378754,53.59290796169482,1547500
2025-08-28,54.732547760009766,55.26006517436133,54.025868974731964,54.722592452095114,1473000
2025-08-29,55.38945770263672,55.568615277059415,54.71264104300377,54.75245088422409,2244900
2025-09-02,54.045772552490234,55.27001337078477,53.871592642804735,54.792261134145726,1909000
2025-09-03,53.159942626953125,54.224932751465715,53.11017747845802,54.0656819981789,1854800
2025-09-04,53.48839569091797,53.48839569091797,52.61251471083533,53.030546485088315,1834400
2025-09-05,53.548118591308594,54.155263302964556,53.19478108467093,53.488401929072026,1499400
2025-09-08,54.0258674621582,54.11544624669462,52.816555769335324,53.54811521024313,1302100
2025-09-09,53.25947189331055,54.065680951945026,53.0106423588127,54.065680951945026,1362200
2025-09-10,52.40350341796875,53.49337423744233,52.19946136966826,53.2992874971181,1261200
2025-09-11,53.20970916748047,53.37891523299542,52.06609030623736,52.274111442048714,1271500
2025-09-12,52.692142486572266,53.31919399599699,52.244252348106386,53.27938035800614,862500
2025-09-15,52.4134521484375,53.02059681030272,52.34378018365008,52.47317260261414,957500
2025-09-16,51.97551727294922,52.3139256105697,51.69185173971129,52.27411197159373,1100300
2025-09-17,52.49308395385742,53.249524121232724,52.075048332194974,52.17457863424727,1221100
2025-09-18,52.70209884643555,53.47844581856581,52.53886520551736,52.75186399649869,949400
2025-09-19,52.57270431518555,53.03552740624503,52.29401644851315,52.97083309343534,2880100
2025-09-22,53.33910369873047,53.70737037796219,52.0402131145459,52.22434835258061,1473900
2025-09-23,52.332515716552734,53.608191930771106,51.95380284524442,53.189609544320234,1955000
2025-09-24,52.10329055786133,52.75109505588541,51.933866988663205,52.52187292013317,795500
2025-09-25,51.933868408203125,51.98369864745853,51.37575984385336,51.92390007926991,877500
2025-09-26,52.173057556152344,52.29265469821178,51.753482891775604,51.97373658966077,726900
2025-09-29,51.80430603027344,52.531838158419035,51.734542935917254,52.1830226866381,938600
2025-09-30,51.30599594116211,51.804305929481636,50.82761880859178,51.69467712376278,1418300
2025-10-01,52.163089752197266,52.18800677234555,50.997042402081256,51.19636715785703,1815900
2025-10-02,55.76089096069336,56.209370730708244,53.847378542564414,55.013425944603114,6387100
2025-10-03,54.804134368896484,56.279131482969795,54.614774139556395,55.96021339353792,22864700
2025-10-06,56.59804916381836,56.946864633552764,54.77423278885521,54.804133973263504,3150300
2025-10-07,52.372379302978516,57.056493979565566,52.30261620837049,56.7973744569934,3868200
2025-10-08,50.73792266845703,53.14974497982188,49.88082888347126,52.29265119483611,3521000
2025-10-09,50.553550720214844,51.565123268575775,49.83100270176083,50.32931272877844,2399400
2025-10-10,49.183197021484375,51.10667398594189,48.99882474885743,50.71799278204284,1777700
2025-10-13,50.67812728881836,50.95718348400893,49.22306294929593,49.761238680945176,1763700
2025-10-14,50.159889221191406,50.71799401915047,49.02373916433802,50.030327549463564,1317700
2025-10-15,50.53860092163086,51.70962869913296,50.25954852918541,50.379141868547215,2131800
2025-10-16,50.12002182006836,50.99704470215168,49.546964547043274,50.538600404453085,1712200
2025-10-17,51.12660598754883,51.37576099119361,50.25954763937,50.419006689630514,1180300
2025-10-20,51.47542190551758,51.744505946259636,51.1465354973609,51.45548905031384,1210400
2025-10-21,52.073394775390625,52.671365252089956,51.16647073137463,51.16647073137463,921500
2025-10-22,51.83420181274414,52.342480115136546,51.6199283718931,51.894000378261886,949700
2025-10-23,51.136573791503906,51.82424022585148,50.93724903027453,51.654816649978855,1099100
2025-10-24,51.555152893066406,52.212921950554026,51.27610050558792,51.624915989936035,906400
2025-10-27,52.023563385009766,52.078377787704916,51.29603126046002,51.754475535907225,1317300
2025-10-28,51.4355583190918,52.06841034027924,51.28805974665735,52.00363140954464,923900
2025-10-29,50.3193473815918,51.22627146392262,50.00042547183461,51.22627146392262,1211900
2025-10-30,50.159889221191406,51.051860825330095,49.8908013499738,50.00042636257019,1311500
2025-10-31,50.65819549560547,50.698057405503526,50.04028836964161,50.26951050922039,1646800
2025-11-03,50.12002182006836,50.62829635850748,49.79113538793436,50.369176825574606,1948800
2025-11-04,48.784549713134766,49.82103542456426,48.71478661734658,49.621710664396495,1760500
2025-11-05,48.31613540649414,50.349241045823206,46.21326667381781,50.349241045823206,3465000
2025-11-06,46.273067474365234,48.2164772586745,46.19333604851698,47.598570113761475,2589500
2025-11-07,46.552120208740234,46.66174901919814,45.4957054209902,45.84452090717112,3004500
2025-11-10,46.16343688964844,46.70161258801927,45.56546642599428,46.67171520537761,1889400
2025-11-11,44.81800079345703,46.19333360021224,44.59375902149665,46.02391003196983,1984100
2025-11-12,44.22999572753906,45.037255477283814,44.01073811560666,44.847899049944424,4168600
2025-11-13,43.143680572509766,44.20009533592932,43.07889783956557,43.98084152186684,3814800
2025-11-14,43.02408218383789,43.602123590011125,42.46597743503997,42.77492719189497,1703900
2025-11-17,41.69858169555664,43.20846041418916,41.389628121398715,42.87459362066919,1756100
2025-11-18,41.39959716796875,41.93777289932291,41.030845017705495,41.60888646289413,1701300
2025-11-19,40.38304138183594,41.42949158326944,40.31327828852727,41.33979563447208,1303700
2025-11-20,39.94453430175781,41.4593934652741,39.70035964687324,41.4593934652741,2309400
2025-11-21,41.02088165283203,41.569021927279266,39.82493681652654,39.96446301709814,2332800
2025-11-24,40.951114654541016,41.87797152931795,40.45280467032991,41.87797152931795,2683200
2025-11-25,41.100608825683594,41.59891880571378,40.81158812483326,41.14047073471539,1703300
2025-11-26,40.981014251708984,41.46935973542052,40.66209614872321,41.18033901652601,1302700
2025-11-28,41.818172454833984,42.176956247398415,41.12053772504797,41.12053772504797,1050800
2025-12-01,41.70854568481445,42.1769583036999,41.05576079817474,41.4095604437018,1738000
2025-12-02,42.26665496826172,42.784897835762614,41.63380292727528,41.97763424953558,2173000
2025-12-03,42.47594451904297,42.63540357141399,42.037433075473594,42.206856655328686,1138100
2025-12-04,42.39608383178711,42.81535101021899,42.15649986692752,42.81535101021899,1293800
2025-12-05,43.114830017089844,43.264570477756905,42.24634524617195,42.445997924375334,1849700
2025-12-08,42.00676345825195,43.2945153764662,41.96483293211395,43.09486270596495,2098800
2025-12-09,41.208152770996094,42.31622147448178,41.12829398764055,41.98679780504595,1861500
2025-12-10,40.83879852294922,41.25806951911627,40.439493174986126,41.048432117003735,2297600
2025-12-11,41.0384521484375,41.48766972329691,40.38958189496745,40.74895595485498,1547900
2025-12-12,40.50937271118164,41.29799482932527,40.499387983577265,41.03844903247885,1819200
2025-12-15,40.17994689941406,40.81883240231423,39.83255300241355,40.629164458658856,3231200
2025-12-16,40.26979064941406,40.57925248273681,39.93038224798388,40.06015705654607,2527500
2025-12-17,40.0102424621582,40.699040144093246,39.87048293382878,40.16996382933406,3202900
2025-12-18,39.850521087646484,40.419532558541015,39.66085313605373,40.40954783010773,2458600
2025-12-19,39.680816650390625,40.169965499739675,39.52109527657301,39.8505189440465,5032100
2025-12-22,39.91041564941406,40.359633200617225,39.71076298131733,39.870484354183134,1636500
2025-12-23,39.09184265136719,39.90542278927654,38.952086927854694,39.79062507698751,1569300
2025-12-24,38.84227752685547,39.146746983187306,38.55278135394031,39.09184240528761,771500
2025-12-26,38.93212127685547,39.01198386631679,38.57274724039524,38.85225868739415,1148400
2025-12-29,39.011985778808594,39.20864151250811,38.54280256286712,38.84227967191268,2132000
2025-12-30,38.61267852783203,39.041930425960906,38.5128540990821,38.93212126950126,1360500
2025-12-31,38.098575592041016,38.66259085138073,38.03368628591825,38.51285420783301,1213100
2026-01-02,38.08360290527344,38.44297314025414,37.63438535147515,38.19340825570597,2125300
2026-01-05,38.00374221801758,38.932123939685496,37.78911625423289,37.98377656928666,2585500
2026-01-06,39.35139083862305,39.56601680077022,37.86398619607034,37.9238831418061,2952700
2026-01-07,39.62091827392578,39.71076178145178,39.19566103593353,39.471181633420976,2025800
2026-01-08,39.83055877685547,39.87048626594298,39.11181066046697,39.481165638918576,3129600
2026-01-09,40.060157775878906,40.559287562941236,39.50113104346819,39.8405394509929,1574700
2026-01-12,40.07013702392578,40.589232437775436,39.43624389635488,39.965320229983725,2194200
2026-01-13,39.391319274902344,40.08012077263454,39.226605542135275,39.70078109330795,1754600
2026-01-14,39.26155090332031,39.980295207670615,39.12179136408463,39.36137533757344,2302700
2026-01-15,39.00199890136719,39.516101941709266,38.66259051433681,39.516101941709266,2297500
2026-01-16,39.071876525878906,39.610937574023076,38.88220859029832,38.992017745445224,2036100
2026-01-20,38.043670654296875,38.95707902273566,37.96380806537951,38.57274697767203,2099100
2026-01-21,38.033687591552734,38.33316850504462,37.489637960954624,38.11355018396604,2571000
2026-01-22,39.13177490234375,39.56102681108315,38.527828334944815,38.95208787970596,1956400
2026-01-23,38.77239990234375,39.6658426295545,38.48290372766048,39.311460956983396,1902500
2026-01-26,38.512855529785156,39.00699294415227,38.462939505498014,38.82231355524064,1422500
2026-01-27,37.0953254699707,38.40304687761014,37.03542852486804,38.32318428413991,1719100
2026-01-28,37.28499221801758,37.78412198697663,37.11928076914962,37.32492351346821,1747000
2026-01-29,35.00896072387695,36.68603700593579,34.429972188054975,36.68603700593579,3453900
2026-01-30,35.058876037597656,35.4481966717737,34.66955540342161,34.79933021749968,2303800
2026-02-02,34.1804084777832,35.25852680560757,34.10054588635875,35.0089619194931,2612500
2026-02-03,31.73467254638672,33.721206952049144,31.654809953165092,33.661313815190965,2557500
2026-02-04,32.69300079345703,33.361832874951496,30.911107620090167,31.155680147555962,3252200
2026-02-05,31.954286575317383,33.47663391492814,31.654809471410115,32.82277512712384,4069500
2026-02-06,33.112266540527344,33.19212913021217,31.884409688586054,32.50333143044094,3930600
2026-02-09,34.38005828857422,34.43995523379476,32.848727709097304,33.112268175174805,2273900
2026-02-10,34.71946716308594,35.01894808516495,34.2103564500562,34.41000912875618,2448000
2026-02-11,33.8609619140625,34.48487412923663,33.57146954034575,34.10054588023487,6121500
2026-02-12,34.0406494140625,34.879187595338486,33.35185168975144,33.771122684418444,7329000
2026-02-13,34.0406494140625,34.97901583600111,33.96079062959041,34.260267735462264,3774300
2026-02-17,33.222076416015625,34.16543138074273,32.802809235273784,33.92085885864332,4208900
2026-02-18,34.1804084777832,34.24030161329358,32.78284359231899,33.39178252372757,3708200
2026-02-19,34.11052703857422,34.45492780233634,33.64134763896299,34.18040871057553,2743000
2026-02-20,33.78110122680664,34.8292729276126,33.49160506134795,34.110524877662115,3182900
2026-02-23,32.143959045410156,33.56148581266632,32.10402774851498,33.22207740517345,3040300
2026-02-24,32.283714294433594,33.14221812457061,31.95428681205441,32.31366086262879,2891300
2026-02-25,32.42346954345703,33.022427554900624,31.94430541913693,32.30367946439149,4163300
2026-02-26,36.97553253173828,37.01546382538899,34.05063191283429,35.55800207160002,6894400
2026-02-27,36.486385345458984,37.025446409811984,35.10878611702062,36.03716779183148,17745000
2026-03-02,38.063636779785156,38.14848792553262,36.05713300069018,36.276751314914556,4349600
2026-03-03,38.69253921508789,38.72248959163442,37.1951498617352,37.49463077885218,3149900
2026-03-04,38.80234909057617,38.97205520060075,38.193410133057704,38.52283762472171,3027700
2026-03-05,39.44123458862305,39.52608954760306,38.51285667655494,38.80234906252718,3973600
2026-03-06,39.72074890136719,39.870485550890635,39.09184431080627,39.51111530719956,3037200
2026-03-09,40.150001525878906,40.289757257788565,38.85226102544212,39.57100914161534,2596500
2026-03-10,38.970001220703125,40.09000015258789,38.59000015258789,40.08000183105469,2189600
2026-03-11,38.65999984741211,39.599998474121094,38.1619987487793,39.31999969482422,1842251
