date,close,high,low,open,volume
2021-03-15,83.02642822265625,84.18215691875183,82.04909754226237,83.33669258825118,856000
2021-03-16,82.2352523803711,83.1970724889559,81.28895466239,82.9721309757127,726100
2021-03-17,82.30503845214844,82.64632973148755,81.14931014411178,82.01029065859103,708300
2021-03-18,81.97927856445312,83.38321735364181,81.4983685758196,82.47569910597176,973200
2021-03-19,80.97093200683594,82.46795207003423,80.80028631292726,81.65350886467021,1356900
2021-03-22,79.4583969116211,81.32772936729357,79.37307406947421,80.67617957395383,1371900
2021-03-23,79.31101989746094,80.23405468776312,78.70600768518896,79.32653045155504,1016900
2021-03-24,79.69884490966797,81.13381076341103,79.6755761207759,79.6755761207759,1076800
2021-03-25,81.1881103515625,81.40529361505283,78.11650580119918,79.31101966819605,727700
2021-03-26,83.04969024658203,83.14277132401531,81.21137891242499,81.5992078583636,764400
2021-03-29,79.95482635498047,82.79373149717529,79.84623471072061,82.57654820865557,1463000
2021-03-30,80.66744232177734,81.15296236175719,79.75903996699915,80.22890057568362,1122700
2021-03-31,79.29698181152344,80.52645282296072,78.72531420638911,80.18188571988802,1268900
2021-04-01,81.64631652832031,81.7559504650823,79.55542707812768,79.55542707812768,776700
2021-04-05,81.45836639404297,82.32761114825972,80.06444409617508,82.04569360772449,1199800
2021-04-06,81.64631652832031,81.88124383226679,80.84754816093846,81.02766447110541,1450900
2021-04-07,81.99089813232422,82.55473336119248,81.1216531502528,81.84211259525277,856400
2021-04-08,81.34089660644531,81.92822375424248,80.86320338160222,81.66979837530755,768200
2021-04-09,82.02217864990234,82.31976151243421,81.2077510899515,81.66978480959848,963400
2021-04-12,82.37460327148438,82.56254631127118,81.28609062187515,82.3119536000216,947500
2021-04-13,82.69566345214844,82.87577974450336,81.58365878947275,82.38242110326209,1185400
2021-04-14,82.78182220458984,83.56492524991708,82.34328641107926,82.85230458546238,833300
2021-04-15,82.60169982910156,83.40829489247031,82.12400656300142,83.06372769079775,817100
2021-04-16,82.57038879394531,83.03241673285498,81.8264373000606,83.0010918934133,1193600
2021-04-19,83.12638854980469,83.37698128259228,81.74812553217193,82.84447097859339,983800
2021-04-20,83.11070251464844,83.1576927479217,82.06918027493289,82.1866409216147,1052100
2021-04-21,84.1052474975586,84.18355658783646,82.62518358528469,83.14202836079907,1622400
2021-04-22,83.00891876220703,84.50464837375002,82.46857577537293,84.18357327299299,1595200
2021-04-23,83.04806518554688,83.47093549517459,82.69566529472246,82.97758281754159,798800
2021-04-26,84.05043029785156,84.49679868322653,83.25949474671326,83.25949474671326,1124000
2021-04-27,84.65343475341797,85.18594504277087,83.51010506810772,84.27754865187585,904400
2021-04-28,84.21490478515625,84.87270849552543,83.760703571081,84.87270849552543,1394800
2021-04-29,85.6871109008789,86.31359555966287,84.64558269485579,84.64558269485579,796100
2021-04-30,85.63232421875,85.79677515554137,84.83356167224873,85.46004057793925,1369000
2021-05-03,84.63777160644531,86.1413278958133,84.34802135266645,85.85157764203444,909100
2021-05-04,84.90402221679688,85.69495788606243,83.96430104658543,84.83354581760169,794800
2021-05-05,83.15771484375,84.88837186838781,82.50773787793611,84.47332820756273,1150800
2021-05-06,84.19141387939453,84.52814844308142,83.04808409851871,83.5414368885055,771400
2021-05-07,84.70040893554688,85.06063553730003,83.58057159710957,83.79200674230789,905500
2021-05-10,84.73957824707031,86.56420974276365,84.67692857070098,85.45220487291698,1065400
2021-05-11,84.2540512084961,84.81788633986635,83.14987905506425,84.18357480437577,706200
2021-05-12,81.2939224243164,84.59078541466941,81.08248723818342,84.26971628393386,1399100
2021-05-13,83.01673889160156,83.61189278521222,80.81621571195394,81.09030650263881,1243500
2021-05-14,84.73173522949219,84.8413691624918,83.10288566438311,83.16552935852485,1049300
2021-05-17,86.25096893310547,86.51722707530591,84.32453615858104,84.7317471133203,1427600
2021-05-18,88.02861022949219,88.60810477088755,85.85941159511225,86.24313038843874,1511800
2021-05-19,85.7027816772461,87.66053889045365,84.72390307064232,87.66053889045365,1370800
2021-05-20,86.53288269042969,87.12804265150578,84.96667666888345,85.59316146734268,1351400
2021-05-21,87.77017974853516,88.36533368664303,86.65817499751108,86.82262589945678,1180500
2021-05-24,90.04902648925781,90.28395981612509,88.03645170105071,88.34969414533953,1054100
2021-05-25,89.6104736328125,89.90805061233831,88.5219609759609,88.92134516594146,1682300
2021-05-26,90.8869400024414,91.37246605461542,89.08580653392926,89.88456903307772,1308400
2021-05-27,91.3489761352539,91.8893132016184,90.91043434456382,91.38030097563194,1950300
2021-05-28,92.06158447265625,92.37482685976619,91.27065476409061,91.7483480601479,676500
2021-06-01,93.97235870361328,94.1368096143924,92.2573612453998,92.40615272521973,1124800
2021-06-02,95.08435821533203,95.1235157524503,93.54164445665332,94.89641518128731,921600
2021-06-03,94.06632232666016,95.08435251003597,93.67477087737691,94.794608261311,890800
2021-06-04,94.18379211425781,94.58317630414112,93.36153757579403,94.28559932468778,826100
2021-06-07,96.43912506103516,96.8776607810347,94.12114115237867,94.49702720534941,850800
2021-06-08,95.8126449584961,96.88549815332627,95.67951889059347,96.16504487156944,1068500
2021-06-09,95.83614349365234,96.46262828679103,95.70301741685594,96.10240162184691,567800
2021-06-10,96.07891082763672,96.51744660418883,95.42110118820669,96.26685387835879,1391100
2021-06-11,96.45478820800781,96.51743787745124,95.20965739447651,95.76565976793401,999100
2021-06-14,97.12825775146484,97.29270865370606,96.52527110991373,96.71321414467492,1111100
2021-06-15,95.53857421875,97.24573914459371,95.10786514185735,96.86202031447262,1374000
2021-06-16,94.83377075195312,96.40780943238259,94.614502871018,95.53856463681718,1493200
2021-06-17,93.39287567138672,95.35063338559303,93.157942355841,95.1391922066814,1038200
2021-06-18,91.82665252685547,93.18141726889525,91.79532769226594,92.42180646025268,1863000
2021-06-21,93.6825942993164,94.05848630619042,92.42963090073764,92.60191448827986,1133100
2021-06-22,92.21820831298828,93.47900458486403,92.01459986592843,93.39286277936183,1349600
2021-06-23,92.9699935913086,93.68261424881969,92.11640817342595,92.73506029015871,1299600
2021-06-24,93.24406433105469,93.67477332636689,91.9284511880842,93.20490679526226,1242600
2021-06-25,93.81572723388672,94.16028843769723,92.80552380367236,93.36935883212696,880700
2021-06-28,91.41160583496094,93.82355827083312,90.0724945935675,93.65910737574644,1437700
2021-06-29,89.89532470703125,91.87755054885956,89.86373465843188,91.1746885367843,912900
2021-06-30,90.4955062866211,90.94565990422097,89.68208221832613,89.68208221832613,927800
2021-07-01,90.77192687988281,91.83806538847857,90.17962703897567,90.50341448557509,803600
2021-07-02,91.66432189941406,91.84596316591995,90.47182321544616,90.90617883631755,849200
2021-07-06,91.83016967773438,92.01181095323653,90.17173126849818,91.51427521283563,1378100
2021-07-07,90.32968139648438,91.07993155283819,89.83215164872767,90.87459923344612,1534000
2021-07-08,89.5952377319336,90.48764018973199,88.7502233678115,89.47678256070968,1008900
2021-07-09,92.53302764892578,92.58830872597458,90.2506994283336,90.68505505170673,925700
2021-07-12,93.74922180175781,93.97824513898436,92.00391225791326,92.02760328845639,828800
2021-07-13,91.86174774169922,93.95454152027622,91.64062345267554,93.73341723125253,460700
2021-07-14,92.24082946777344,92.6514880330446,91.49847841784562,91.65642262944557,648300
2021-07-15,92.0907974243164,92.4303829726319,91.53008752364416,92.067106390162,413500
2021-07-16,91.71961212158203,92.63570551324233,91.45899872307322,92.46196324756978,545600
2021-07-19,87.4313735961914,90.21123820779617,86.47579701882319,90.18754114745587,1555800
2021-07-20,91.64063262939453,91.84596492912883,87.65247793452902,87.96047337153766,1064000
2021-07-21,92.43037414550781,94.15989177585072,91.8696642983835,92.32771099891417,626500
2021-07-22,90.4244384765625,92.0039046508256,89.80054861470634,91.9881126401645,912600
2021-07-23,90.7403335571289,91.4747855743543,89.84003831345719,91.19838019694375,796800
2021-07-26,91.11940002441406,91.74328987668615,90.27438587517165,90.58238129240677,719800
2021-07-27,91.79856872558594,92.20133427112403,90.2664906943522,91.09570678788938,725900
2021-07-28,93.18851470947266,94.26255231017298,89.65840645093999,93.0068734280249,1292300
2021-07-29,93.5123062133789,94.68900693278512,93.44912611463856,93.93086382345848,618500
2021-07-30,92.69886779785156,94.96540393186167,92.60410368331051,93.88346743109724,926300
2021-08-02,91.87754821777344,94.94961559537224,91.79068311781121,93.41753141569576,514400
2021-08-03,91.66432189941406,92.47774603924097,90.10854670761984,92.47774603924097,599200
2021-08-04,90.57449340820312,92.16185264034671,90.51131331259533,91.00884300883929,516400
2021-08-05,92.29611206054688,92.38298318590957,91.24576556311474,91.49847992093743,539100
2021-08-06,93.10954284667969,93.74922479249406,92.66728817008486,92.97528965252857,564600
2021-08-09,92.57251739501953,93.05425508077865,91.7590932445302,92.43826421051239,363100
2021-08-10,91.822265625,92.81733102606124,91.70381047919487,92.73835892046267,520600
2021-08-11,93.26749420166016,93.31488229306638,91.59326359323927,92.30401868728171,820500
2021-08-12,92.9041976928711,93.55177856800961,92.15395368789804,93.17271006924739,510100
2021-08-13,93.11743927001953,93.37804663222948,92.6751846057518,92.89630892529276,431400
2021-08-16,92.3987808227539,93.93875809305877,92.13816743079896,92.79364740746654,568700
2021-08-17,91.57745361328125,92.10657336769654,89.79265504109607,91.56166160166265,907900
2021-08-18,89.4451675415039,91.07201570756592,89.29511633291895,91.02463365230123,635600
2021-08-19,89.13716125488281,90.13222044512902,88.06312394858605,89.0108010893494,970600
2021-08-20,89.33460998535156,89.94270181816798,87.8262168799572,88.65543904080133,813700
2021-08-23,89.90321350097656,90.23490598318395,89.33461072830407,89.86373046096085,531800
2021-08-24,90.28230285644531,90.52711823034691,89.20826517872942,90.04538047673083,515200
2021-08-25,90.01378631591797,90.96146367771422,89.28722724500942,90.27439367404122,488800
2021-08-26,88.42642974853516,90.11645836001709,88.3000695410441,90.11645836001709,626300
2021-08-27,89.31090545654297,89.7689520599152,88.84496586100511,88.85286487835562,749400
2021-08-30,88.42642974853516,89.76897381460299,87.38398213747914,89.28723606761935,896000
2021-08-31,89.23194885253906,90.00589000728313,88.19740033182553,88.41852465455644,821700
2021-09-01,91.18258666992188,91.909139705096,89.66630050298832,89.95060491243656,739100
2021-09-02,90.83509063720703,91.71959380160382,90.00587456919587,91.41159840131611,446200
2021-09-03,89.934814453125,90.6139854856763,88.60806243897667,90.38496213514749,566400
2021-09-07,89.65050506591797,91.11940921560038,88.78179980082916,90.29808601173171,773000
2021-09-08,89.78475952148438,90.35336832672495,88.94763832479777,89.1687686575356,389400
2021-09-09,87.97627258300781,89.51624978861615,87.9525815529501,89.01082106343262,536000
2021-09-10,85.37804412841797,88.12631188454715,85.33066207147324,87.97626669582709,714700
2021-09-13,87.36817932128906,87.73935487901373,85.45702647639398,86.03353434747004,540700
2021-09-14,87.17074584960938,87.99996809497648,86.54685591717634,87.96047902607863,452300
2021-09-15,87.9604721069336,88.19739445131198,86.90223262579728,87.13125595198025,540800
2021-09-16,87.79463195800781,88.62385416725684,87.5577156304979,87.74724989754297,501100
2021-09-17,86.86274719238281,87.90519470590628,86.77587606415705,87.40766499212886,1450100
2021-09-20,86.48367309570312,87.13914698674013,85.03846008288087,85.76501308570826,644800
2021-09-21,85.9229507446289,87.85779413804464,85.85977066010334,87.24970239374339,505400
2021-09-22,87.82621765136719,88.50538860188283,86.18357135127422,86.65741603316731,668400
2021-09-23,88.80547332763672,90.0690509461867,88.45799490520163,88.48168593114214,839100
2021-09-24,89.0582046508789,89.7689656907282,88.5843659660413,88.78179925348913,974900
2021-09-27,89.4372787475586,91.07992513660469,89.35040761951961,90.00588757647346,616500
2021-09-28,89.19245910644531,90.07695633089854,88.7581034871617,89.42937542363009,596100
2021-09-29,88.60295104980469,90.28387425374399,88.53921792408059,89.30399719899356,551700
2021-09-30,86.31656646728516,88.94549989387242,86.2846999076867,88.94549989387242,786400
2021-10-01,89.08092498779297,89.39161633522075,86.61132444863078,86.85031452007739,562200
2021-10-04,89.20838928222656,89.95723211665592,88.54717188420884,88.81802850821161,466500
2021-10-05,88.51531219482422,89.51908756915533,87.98952306800915,89.23229460506073,590800
2021-10-06,89.94129943847656,90.05282934862176,87.00167490326206,87.87798394494186,823700
2021-10-07,90.38743591308594,91.16815150742941,89.89351330622166,90.70609546338787,648200
2021-10-08,90.69813537597656,91.35935293806918,90.02895573091362,90.52287230381458,640700
2021-10-11,91.35932922363281,91.49475753408589,90.4511536108278,90.4511536108278,630200
2021-10-12,92.50650787353516,93.16771923535735,90.40336355258974,91.1283080339375,823000
2021-10-13,92.23564147949219,92.30734275558281,90.46708698963481,92.09224500523553,682900
2021-10-14,92.61006164550781,93.02431473083975,91.90104746624067,93.02431473083975,727600
2021-10-15,93.1756820678711,93.74129979599304,92.82515600844503,93.16771390890474,624300
2021-10-18,92.29936981201172,92.91278431691414,91.79748521709155,92.68175633825825,610600
2021-10-19,92.51447296142578,93.00839553691249,91.84529341843572,92.77736752956831,636800
2021-10-20,94.8406753540039,95.02390046588279,92.35513852068235,92.47463659421287,787400
2021-10-21,93.15178680419922,94.95220788195284,92.50650569846825,94.95220788195284,479100
2021-10-22,93.86876678466797,94.2909880444224,92.80922651680429,93.54213912158274,443200
2021-10-25,93.4146728515625,94.06792205704514,93.11991176597097,93.95639214961572,490100
2021-10-26,94.55388641357422,95.00797424988366,92.89686178784247,93.41468274312423,741700
2021-10-27,91.78951263427734,95.68510937097562,91.518649953144,95.59747786336696,1060100
2021-10-28,90.94508361816406,92.41887707055741,89.49518248837211,92.23564586998128,872500
2021-10-29,90.53082275390625,91.31153826500532,90.37149603470631,90.70608579178104,1179200
2021-11-01,91.247802734375,91.50272912511176,89.72620647115667,91.00084450276505,700700
2021-11-02,90.69813537597656,91.77360613578539,90.2759140173641,91.77360613578539,659200
2021-11-03,93.26331329345703,93.61383935179587,90.31572658919225,90.31572658919225,573000
2021-11-04,91.3912124633789,93.45452228796788,90.82559464183608,93.39875732184184,560900
2021-11-05,93.13585662841797,94.15556220586106,92.10818289173481,92.96059359268406,1038800
2021-11-08,94.36268615722656,94.98407494439668,93.72537320735228,93.98029960288693,555300
2021-11-09,93.61384582519531,94.73711319666282,93.12789142086703,94.40252343307036,368100
2021-11-10,93.54215240478516,94.44236608741622,93.28722598092622,93.28722598092622,388000
2021-11-11,94.17149353027344,94.41048968682941,92.8171981842556,93.49434585726452,325800
2021-11-12,94.00420379638672,94.96814447884611,93.74927738514063,94.17946684372934,397900
2021-11-15,96.12328338623047,96.15514386907329,94.09183420223843,94.57778861757888,540000
2021-11-16,93.88468933105469,96.15512823475646,93.41467131148309,96.05953464592102,595400
2021-11-17,93.39874267578125,93.58994202502426,90.84947879845294,93.50231050943567,660900
2021-11-18,95.02391815185547,95.29478090746625,93.30316623769086,93.77318438235355,545300
2021-11-19,93.15975189208984,94.96016683256168,91.94884700119651,94.96016683256168,840500
2021-11-22,94.10774993896484,95.24695347964919,92.74548658521068,93.20754252824048,677300
2021-11-23,93.93251037597656,95.32664054349841,93.69351420180274,94.76898482973456,610600
2021-11-24,94.09183502197266,94.37862799345656,93.14382458412724,93.47841435821678,368100
2021-11-26,88.96940612792969,91.41510857165342,87.35221607294278,91.41510857165342,724400
2021-11-29,87.9018783569336,89.61466772495471,86.85827449736155,89.61466772495471,761400
2021-11-30,85.9102783203125,86.80252378531507,84.80294116818943,86.63522890023802,1635200
2021-12-01,83.88680267333984,88.79413749469701,83.7912029921334,87.8540952355709,798000
2021-12-02,88.02136993408203,88.76225057923887,84.34883326139234,84.50019786911022,990100
2021-12-03,87.8062973022461,89.21635763379936,86.63522705374133,88.47547682829175,910600
2021-12-06,90.36353302001953,91.9488564546374,88.57107997630949,89.87757859749081,1007200
2021-12-07,91.75765991210938,91.7974946317274,90.6503227794868,91.00084886276585,840700
2021-12-08,93.48635864257812,94.2830042314845,91.56644593383399,91.83730251665888,753500
2021-12-09,91.462890625,92.72956044509907,90.21215712249553,92.72956044509907,959600
2021-12-10,90.89727783203125,92.20377636103032,89.63061402125183,92.20377636103032,690700
2021-12-13,90.6583023071289,91.19205358056112,88.27632678313917,90.42727427580921,673500
2021-12-14,91.0406723022461,91.63018843577277,90.02096674871092,90.02096674871092,824400
2021-12-15,92.14005279541016,92.19581775626567,90.18029885008806,91.63019391025631,811300
2021-12-16,90.83354187011719,92.57022977423048,90.0528324720226,92.57022977423048,925000
2021-12-17,90.97694396972656,91.95682093537167,90.24403132432323,91.02474684863537,1985300
2021-12-20,88.68260955810547,89.82181328681129,86.50776386587613,89.59078527716605,766300
2021-12-21,91.45494079589844,92.3153136456118,89.31992979653167,89.62265301421553,802200
2021-12-22,91.35137176513672,91.66206313865065,90.25997091691981,90.88135366394769,693400
2021-12-23,91.02474212646484,91.7895212921573,90.40335943420999,91.26373219691119,864000
2021-12-27,92.33124542236328,92.3631119823292,90.36352940942298,91.02474685338487,545900
2021-12-28,91.86121368408203,92.63396098523042,91.22390077110016,91.90901655905083,484800
2021-12-29,92.0763168334961,92.34717346988555,90.88931029517848,92.14801203327282,346600
2021-12-30,92.97620391845703,93.81180136209198,92.29326552728355,92.39771290902507,510900
2021-12-31,92.54232025146484,93.55467934939524,92.53428395269955,92.86370477317766,431700
2022-01-03,96.36678314208984,96.4149886748593,93.21722218665384,93.68322943642498,1100900
2022-01-04,99.57258605957031,100.31176621470931,97.36307576351989,97.36307576351989,1242600
2022-01-05,98.23082733154297,100.70547458591084,97.93354551184206,99.8538106293369,1042800
2022-01-06,100.27159118652344,100.4162139154712,98.16652838292808,99.18691765446519,1045200
2022-01-07,100.93846130371094,102.84265963019025,100.31176482737351,100.43228479510768,1099000
2022-01-10,100.52066802978516,101.37233186305164,99.95021337449342,101.09915898441913,590300
2022-01-11,99.2030029296875,100.43229321789036,98.35936921469694,100.43229321789036,761300
2022-01-12,99.24317169189453,99.78149343967883,98.50399148854085,99.16282708368664,518600
2022-01-13,101.00273895263672,101.5731935919484,99.1306797018603,99.23513320068227,700600
2022-01-14,100.49656677246094,101.13129957223204,99.37976021321445,100.46442770450919,770100
2022-01-18,99.17085266113281,100.86615006959681,98.67270633626234,100.44031817522529,814500
2022-01-19,96.44712829589844,99.80558399929252,96.36678369751962,99.7413058686295,712600
2022-01-20,93.70733642578125,97.56393859853543,93.54664722270823,96.19806198271425,730700
2022-01-21,91.94776916503906,93.94034230224078,91.2969637782971,93.91623953419483,989600
2022-01-24,92.42180633544922,92.80746901271309,88.00278573004817,89.86680872203951,1412100
2022-01-25,91.79512023925781,92.45395586798905,90.03554441927396,91.4415965892407,1071400
2022-01-26,92.10846710205078,95.37050612465309,91.160385979682,92.63875256892355,1221600
2022-01-27,88.75804138183594,93.77965586999176,88.09116950663272,93.25740673724346,1371200
2022-01-28,91.03182983398438,91.05593260272775,86.52442818195813,88.54914044510818,1204900
2022-01-31,90.05160522460938,90.58188450027743,88.72589784058897,89.97126062282939,3015300
2022-02-01,92.78336334228516,93.3136426107969,89.36062940952718,89.6659413441309,1318800
2022-02-02,92.82352447509766,94.31795721120882,92.41375907844792,93.00028625913869,892500
2022-02-03,91.32107543945312,92.7672967350724,90.93541274934769,92.65481306085425,547100
2022-02-04,90.54973602294922,91.72279038064474,89.36062132842709,90.7907759331386,686200
2022-02-07,91.4737319946289,92.08436205748914,90.38906444724215,90.6301044043951,820900
2022-02-08,91.40943145751953,92.46196580729274,90.83094673591884,92.14861761771348,1052900
2022-02-09,93.62699127197266,93.68323310570648,92.11649193033558,92.38163463075223,1068800
2022-02-10,92.86370849609375,95.47494787860788,92.22897572598691,93.12081489779143,902800
2022-02-11,94.54292297363281,95.49100387528222,92.83959554788605,92.96814566968794,1901900
2022-02-14,93.96443939208984,95.40263038762524,93.77964742830426,94.92055666613682,1234300
2022-02-15,96.33464813232422,96.8729637039109,94.35010521777313,94.87235432106029,1002700
2022-02-16,98.48792266845703,98.5602309751483,96.43910149359695,96.43910149359695,1182400
2022-02-17,98.03797912597656,98.96195739749508,97.3952161635422,97.99780988889336,874900
2022-02-18,97.3791275024414,99.14673914985035,97.17023279230439,97.85317100907403,1098600
2022-02-22,97.3871841430664,97.89336068783713,95.55530011829542,97.27470046645068,1148000
2022-02-23,95.12947845458984,98.72896875481953,95.09733938210013,98.17458661160055,1030000
2022-02-24,96.42304229736328,96.75245704697173,92.06829320110023,93.07261618023729,1458600
2022-02-25,99.1949462890625,99.36367177148183,96.91312799741127,97.20237343295852,855500
2022-02-28,98.27098846435547,99.14676125017264,96.9131480261978,97.22649629114963,1073400
2022-03-01,97.08989715576172,98.86554537709179,95.9971995171052,98.13439538832056,622500
2022-03-02,98.7450180053711,99.0664025243678,97.68445338361187,97.8451425781603,663500
2022-03-03,98.43167877197266,98.95392789678664,97.05776580447461,98.40757600357978,627800
2022-03-04,98.95392608642578,99.0101679216137,96.54355121282866,96.86492962538804,640600
2022-03-07,97.30683135986328,99.48420253127112,96.90510222573121,98.66467779479774,617300
2022-03-08,98.06208801269531,99.65293201469306,96.76851965869999,97.92549544290733,921600
2022-03-09,99.6448974609375,100.59297851718456,99.25924090274574,99.73327836591903,967000
2022-03-10,100.4081802368164,100.58494203568738,97.58000371468103,98.54415730945902,494900
2022-03-11,99.17888641357422,101.57318851928606,99.106571984932,101.04290927214244,730500
2022-03-14,98.66468811035156,100.97864595811633,98.2147472647495,100.16715130595442,876800
2022-03-15,98.55219268798828,99.82165207457737,97.55590003636644,99.20299191420737,674000
2022-03-16,99.45207214355469,100.43229229715907,97.54787980473698,99.72525116615131,760000
2022-03-17,100.223388671875,100.23142497141117,98.72895571297134,99.0423039659769,536200
2022-03-18,100.07073211669922,100.18321578650843,98.49594847956973,99.90200048208514,1226100
2022-03-21,100.8420639038086,101.52500230701587,99.91004923221202,100.51264302267155,457800
2022-03-22,100.76973724365234,102.15972278227436,100.56084250181573,101.66157643579416,667900
2022-03-23,99.05033874511719,101.0750571041209,98.79323233301041,100.97863990086822,581000
2022-03-24,101.33216094970703,101.40446925288984,98.95392516547972,99.0342697678718,720600
2022-03-25,104.27281951904297,104.36120042440635,101.66157998579872,101.66157998579872,765600
2022-03-28,104.24871826171875,104.36923210723378,103.18814738198166,104.07998661819651,558100
2022-03-29,106.46625518798828,106.94833507312443,104.24871468792372,104.44957926343032,777500
2022-03-30,105.9239273071289,107.18665898392146,105.18732971195153,106.19913552363084,606100
2022-03-31,104.25648498535156,106.7738586208728,104.19981792499952,106.00488858807908,828000
2022-04-01,105.42206573486328,105.446348083985,103.5117698711366,105.09828049466688,528900
2022-04-04,103.8679428100586,105.6163338569793,102.84803465228099,105.6001538568983,389200
2022-04-05,101.82813262939453,105.08210336307144,101.56101443062347,103.64128061938816,659000
2022-04-06,101.24534606933594,101.90099430993887,100.32257959160847,101.61768989582482,981000
2022-04-07,99.05174255371094,100.9539362174825,97.56236120881735,100.9539362174825,917800
2022-04-08,99.31885528564453,99.82880936340786,98.05612361798778,99.26219440762333,560200
2022-04-11,99.65074920654297,100.46019400154334,98.7198864571778,99.66693538519056,608200
2022-04-12,99.91785430908203,100.71110664536783,99.07603109210423,99.48075343629128,574300
2022-04-13,101.05107879638672,101.1724967430049,99.62646049449154,100.28210876042709,519900
2022-04-14,100.84870910644531,102.30571199185458,100.79204822621121,101.43960643652039,323100
2022-04-18,100.1849594116211,101.66624457070635,99.60216446390936,101.09153962290456,562500
2022-04-19,102.1600112915039,102.54854745123778,100.27400372398577,100.71920076372534,481800
2022-04-20,103.35798645019531,103.89222286856084,102.25714126287161,102.25714126287161,497600
2022-04-21,102.90471649169922,104.40218815536976,102.68616911021006,104.36171344463253,468200
2022-04-22,101.73910522460938,103.8598463634264,101.64196963844816,103.8598463634264,629000
2022-04-25,101.84432983398438,102.11144806168481,99.32695637417847,101.35056808298881,548400
2022-04-26,100.48445892333984,102.20857381435177,100.43589422024934,101.20486417185464,523900
2022-04-27,98.9465103149414,100.7191960392969,98.7765276828977,100.7191960392969,670200
2022-04-28,99.99070739746094,100.3630512355013,98.36372174654085,99.35124531400903,701200
2022-04-29,95.19070434570312,99.37553235210994,94.90739990944635,98.99509849517858,1248400
2022-05-02,94.89928436279297,96.42104418220863,92.73806873587611,95.50636782039246,1273700
2022-05-03,98.2503890991211,99.4888445973877,94.75358846863162,98.30704997742826,1175700
2022-05-04,99.50503540039062,99.90975774299767,96.55056106424463,97.85376750148515,1057600
2022-05-05,96.86624908447266,99.47266209583239,96.0729967096251,99.26220473746392,806500
2022-05-06,96.4210433959961,97.31952739996294,95.38494911599383,96.52626897124932,957400
2022-05-09,92.2847900390625,95.73301994227012,91.9448185787632,95.51447259510962,1114100
2022-05-10,89.2574691772461,93.75798615194573,88.43183825586237,92.92425905396388,946200
2022-05-11,88.35899353027344,91.40250140090114,88.14853616216857,89.27366389170952,787900
2022-05-12,89.92930603027344,90.11548103079326,87.80856484280835,88.29423043360943,772200
2022-05-13,91.23250579833984,91.58866342067105,89.56505179483021,90.86016200025384,1001200
2022-05-16,91.005859375,91.94481192807534,90.05881064651982,91.4186778626346,713800
2022-05-17,92.90806579589844,92.91616197241771,91.33774103211314,91.73437339910572,1002000
2022-05-18,88.87701416015625,92.55188698678484,88.59370362688026,92.55188698678484,797900
2022-05-19,85.05644226074219,89.24126946936792,85.02406373483201,88.01900636244126,1460000
2022-05-20,85.17786407470703,85.88207697476842,84.0446403184442,85.88207697476842,1104800
2022-05-23,85.85778045654297,86.69960350299206,84.95120036600436,86.53771706833984,1054400
2022-05-24,85.46117401123047,85.72019607155089,82.95998664464837,85.40451312852204,977600
2022-05-25,87.27433013916016,87.86522750658777,84.49793448103902,84.9188491970192,766500
2022-05-26,88.76371002197266,89.30603649650718,87.33908560065875,87.96235531122373,939500
2022-05-27,91.20822143554688,91.24059996191501,89.08747427522744,89.08747427522744,758600
2022-05-31,89.99405670166016,90.957297814208,89.71884230854393,90.827783705548,1157100
2022-06-01,87.55763244628906,90.35022038989737,86.56201891531565,90.35022038989737,453200
2022-06-02,88.28614044189453,88.30232661997344,86.31109323529974,87.08006946887772,700500
2022-06-03,86.1410903930664,87.87330129361692,85.84968985133155,87.82473659518513,619100
2022-06-06,85.2264404296875,86.61059024296894,84.84600040034158,86.5215508243742,641300
2022-06-07,86.96673583984375,87.19337935549213,84.12558336737135,84.64362745330267,679000
2022-06-08,83.48612213134766,86.41631403754708,83.2432862619755,86.06825258508574,712000
2022-06-09,79.78694915771484,83.23518467468243,79.74647445992969,83.23518467468243,799400
2022-06-10,78.45137023925781,79.02607517216964,78.15996968516558,78.44328023955747,1614200
2022-06-13,73.82945251464844,77.23721406068162,73.54614809644106,76.68679140149021,1049900
2022-06-14,73.36805725097656,74.57412796268225,72.80144850737581,73.86181894564528,1139200
2022-06-15,74.50128173828125,75.7963918633965,73.47328363777851,74.2422597132582,1037000
2022-06-16,71.67632293701172,73.14951188535353,71.32826150646859,72.69621870277523,1317300
2022-06-17,73.11714172363281,73.69994289963412,72.04867495948808,73.05238466506088,1711600
2022-06-21,72.85001373291016,74.35558117743608,72.83382755822127,73.9913335790004,920800
2022-06-22,72.12152862548828,73.22237401976335,71.24732678140391,71.75728094490658,1583800
2022-06-23,72.85001373291016,73.15760045657646,71.93534356146961,72.445291434394,1246300
2022-06-24,74.46891784667969,75.19741936507711,73.18999364500127,73.57852984667102,2230700
2022-06-27,74.44464874267578,75.0598285983288,73.4895035097834,74.46893110168223,1902900
2022-06-28,73.98324584960938,76.72726285275323,73.86182791107932,75.70736081490284,1072000
2022-06-29,73.64778137207031,74.13052684781785,72.96047521646489,73.73778582390563,741600
2022-06-30,72.80502319335938,73.89324813206248,71.68406255077812,72.65774373843999,1237900
2022-07-01,74.1305160522461,74.4659882770515,72.73954857782132,72.78863963803475,936900
2022-07-05,74.5887222290039,74.7114498796344,71.7576837326946,72.98501017904061,1092400
2022-07-06,73.66413116455078,75.03873701276737,73.35321071695007,74.34325328582854,1186800
2022-07-07,74.1223373413086,74.69509346827122,73.59867852051768,74.3678051446505,1187900
2022-07-08,72.94410705566406,74.17143356952548,72.84591868725319,74.17143356952548,900200
2022-07-11,71.40586853027344,72.74775153812402,70.99675960809527,72.35500422613002,1051900
2022-07-12,71.9949722290039,72.56772835300289,70.85765014824867,70.94765459284129,1389500
2022-07-13,70.8494644165039,71.79859990163465,70.53036002745263,71.19312057914058,815900
2022-07-14,70.014892578125,70.37491038552292,69.43395872505491,69.43395872505491,1169000
2022-07-15,71.50404357910156,71.94588188172543,70.80855978964952,71.51222750392023,1609900
2022-07-18,71.6922378540039,72.86228942666217,71.53677449181325,72.25680382786999,1298700
2022-07-19,73.59868621826172,73.713236207134,72.13408189732229,72.47773186393916,1365300
2022-07-20,73.32049560546875,74.19598837846121,72.98502331999659,73.37777060024372,1978200
2022-07-21,72.01133728027344,72.8295549320445,71.26675622075922,72.82137100762532,1194800
2022-07-22,72.45317840576172,73.41867552245614,71.92133566272992,72.53499892564994,1495600
2022-07-25,72.9522933959961,73.69686825962431,72.57590775921052,72.59227560907372,1252400
2022-07-26,72.2731704711914,73.47595148120362,71.80678663491173,72.77228376435981,1450000
2022-07-27,73.63960266113281,74.57237046210663,72.82138485378688,73.59868927376293,1972200
2022-07-28,73.70503234863281,74.26959816686063,72.93590591720154,73.1813736590425,1655000
2022-07-29,74.5887222290039,74.92418821156915,73.20593243518576,73.79505012823266,1745600
2022-08-01,73.23866271972656,74.36780081586251,72.73954945982102,74.13870087541508,977500
2022-08-02,72.0440673828125,73.41867329983994,71.94587901641579,73.02592607675838,1098800
2022-08-03,72.33045196533203,73.25503579619745,72.25680912008274,72.52682248181989,1435500
2022-08-04,70.90674591064453,72.49408393730364,70.65309418935713,72.01133851091136,975300
2022-08-05,70.8494644165039,70.99674384548952,69.83487626266151,70.5385439519811,749500
2022-08-08,70.92311096191406,72.46954192589713,70.73491814294796,71.57768762331148,1084700
2022-08-09,70.48127746582031,71.18494524000708,70.21126410636364,71.18494524000708,774000
2022-08-10,71.8067855834961,72.31407655157959,71.33221782931659,71.58586331335835,1209000
2022-08-11,73.41049194335938,74.05688466577928,72.06861543485661,72.37953590889803,1685200
2022-08-12,73.7295913696289,74.30234121542077,73.01773978199748,74.00778236829777,866900
2022-08-15,72.8541030883789,73.26321192900828,72.1667969900187,73.26321192900828,855800
2022-08-16,73.50050354003906,73.81142404433318,72.28135457207007,72.66591792152968,1104200
2022-08-17,71.83133697509766,72.92774576298496,71.66768967969999,72.60046365720166,878900
2022-08-18,71.30767059326172,72.61681760582337,71.0622027973103,71.92133384063487,1139400
2022-08-19,70.6530990600586,71.28313020192543,70.11307860953568,70.94765793943684,906400
2022-08-22,68.34573364257812,69.99853713808953,68.28845864476376,69.90034875219067,717400
2022-08-23,68.24755096435547,69.18031877431193,68.10844919146219,68.54210363473062,1265900
2022-08-24,67.64205169677734,68.45209166571317,67.58477671091873,68.14934888760031,726100
2022-08-25,68.82846069335938,69.16392663369179,67.82205038735349,67.93660034185766,738700
2022-08-26,66.69292449951172,68.7957436765277,66.67655665019336,68.73846868892437,1227000
2022-08-29,65.80925750732422,66.47201192373034,65.48196914079423,66.30018693586602,930100
2022-08-30,65.30195617675781,66.07926677936756,65.2446811843555,65.76834004132127,822800
2022-08-31,64.99103546142578,66.34109598349296,64.83557209292839,65.71924875200939,1403400
2022-09-01,65.3919677734375,65.41651330964831,63.83735264085065,64.63920886460822,1428500
2022-09-02,65.89925384521484,66.9793009519446,65.57196551900766,66.31654661719163,1268700
2022-09-06,66.30016326904297,66.52926317108145,64.85192103544017,66.38198377084183,1484900
2022-09-07,67.80570983886719,67.86298483390459,66.07926981951734,66.11199927989675,1631700
2022-09-08,70.07215881347656,70.12124987471155,67.15930598676901,67.257488109239,2070700
2022-09-09,70.20307159423828,70.61218038851122,69.6712289131825,70.15397429402226,1549800
2022-09-12,71.35675811767578,71.68404641521602,70.63672885709131,70.90674217074988,1463700
2022-09-13,69.15576934814453,70.1621800418028,68.94303720355558,69.76943273043435,1136000
2022-09-14,68.50117492675781,69.43394244309886,68.00206171718003,68.91028370559177,1385700
2022-09-15,67.72389221191406,69.20487084216501,67.59298059522473,68.37846902288203,1129800
2022-09-16,68.26390075683594,68.3948123385066,66.34926815454591,67.46204469002096,2082200
2022-09-19,67.07748413085938,67.87933391337407,66.73382798156224,67.28203853859345,2135200
2022-09-20,65.07284545898438,66.30835579674186,64.78647054427368,66.11198531844096,1040800
2022-09-21,63.3873291015625,66.01380728895158,63.36278356824672,65.74379393746617,1315700
2022-09-22,63.6900634765625,64.10735625608297,62.110909290888756,63.32186800448932,1561000
2022-09-23,63.0927619934082,63.3136780069625,62.053622106769005,62.96184417611298,1460900
2022-09-26,60.96540069580078,62.61819765215511,60.60538292129559,62.6018360453619,1690800
2022-09-27,60.26990509033203,62.21726052676053,60.06535071178896,61.677233971004796,1461200
2022-09-28,62.5936393737793,63.248215877304155,60.11444132287342,60.85901600919136,2149200
2022-09-29,61.897438049316406,62.45275634050519,60.65418474596124,61.85599374313258,2236100
2022-09-30,62.13779067993164,62.77599115281488,61.723372981731224,62.61022660293962,2507500
2022-10-03,62.77599334716797,63.80375382755947,62.162656902975435,63.53023661954339,1675300
2022-10-04,63.78718566894531,64.89782863769747,63.33961369558373,63.555112717612715,1519800
2022-10-05,61.74824142456055,62.999784732742576,60.115434565732954,62.61852118209701,1639800
2022-10-06,60.85310363769531,61.73167360732015,59.98283011754145,61.557612579776055,1459700
2022-10-07,59.1042594909668,60.654184205127514,58.93849491473616,59.957959073229716,1344600
2022-10-10,58.17595672607422,59.36947536057345,58.126222303815716,58.946773874204496,1073600
2022-10-11,59.02137756347656,59.53525787055257,57.29739813668606,58.010197201156885,1042700
2022-10-12,58.988224029541016,59.286605330658645,58.200832793738755,58.8390333789822,954700
2022-10-13,60.89454650878906,61.242655908646256,57.02388615803538,57.94389408873881,1542500
2022-10-14,60.654170989990234,61.9803062814409,60.46353607769801,61.731659471269325,1055500
2022-10-17,61.99689483642578,62.62680523207063,61.54103280476319,62.054913065590775,1469000
2022-10-18,61.66535568237305,63.132391573673814,61.11003747609344,62.999781196485884,1059100
2022-10-19,59.5269660949707,60.7785094860688,58.97164782072997,60.13201879981683,1109800
2022-10-20,59.92479705810547,60.811650610776475,59.386052827377455,59.80047049355104,1447800
2022-10-21,60.0905647277832,60.20660117448002,58.971638235485514,60.20660117448002,1454900
2022-10-24,60.35580062866211,60.97742725130976,59.75074793360601,60.48012721789424,1608200
2022-10-25,62.4361686706543,62.4361686706543,60.44696255838485,60.44696255838485,3850700
2022-10-26,60.413814544677734,61.64877757619784,59.386060372570995,61.126613526940694,2832400
2022-10-27,58.78101348876953,61.37527271024086,58.449478016472916,61.27581017149792,1885500
2022-10-28,60.339237213134766,60.364101270610306,58.48264082378217,58.606967434674,2161200
2022-10-31,60.25633239746094,60.5712939035489,59.15398609669032,59.991105316473,2002200
2022-11-01,59.841915130615234,60.91940371207044,59.56011412151884,60.91940371207044,1006900
2022-11-02,59.04623794555664,60.944271957465794,58.97993591289063,59.410927581027735,1137200
2022-11-03,58.48262405395508,58.92190580609707,57.37198764842718,58.847313655059665,1083100
2022-11-04,59.377784729003906,60.0822937581265,58.54894908920931,59.00481122050198,1907100
2022-11-07,59.66785430908203,60.397233454755856,58.938481486920004,59.85848921947727,1512100
2022-11-08,59.286598205566406,60.14858782481041,58.83074250618129,60.09885972177161,1166600
2022-11-09,58.64010238647461,59.25343878926214,58.275412800405896,58.557220114235,1117000
2022-11-10,62.56050491333008,62.57707884061106,60.86967977259003,60.86967977259003,2683400
2022-11-11,63.057804107666016,63.73744894047497,62.38644307663211,63.107532212367495,1430800
2022-11-14,61.681922912597656,63.248421159379376,61.681922912597656,62.64337491777144,1474600
2022-11-15,61.65705871582031,62.65994869040742,61.002278056674356,62.510758080430975,1123100
2022-11-16,58.988224029541016,61.35869418646813,58.93020579451888,61.35869418646813,1281600
2022-11-17,58.532371520996094,58.582099632768674,57.5626290768348,57.9770468709762,1789600
2022-11-18,58.75615692138672,59.56012848900239,57.77813063142858,59.43580188061092,1769000
2022-11-21,58.54893493652344,58.98821670766735,57.91073443049621,58.41632455443875,1455000
2022-11-22,58.4494743347168,59.203717644769334,58.068210778821246,58.96335460058268,1718200
2022-11-23,58.134517669677734,58.4826270393135,57.55433538695145,58.018481213132475,1293500
2022-11-25,59.38606643676758,59.70102165877295,57.902450093047236,58.126232901719675,933800
2022-11-28,57.678653717041016,59.24515847506469,57.521179287572025,58.78100634088596,2402800
2022-11-29,58.59037399291992,59.38605518473677,57.68694015657313,57.968747468983764,1563700
2022-11-30,59.74245834350586,59.74245834350586,57.44658069845934,58.28370623977147,4584300
2022-12-01,59.38606643676758,60.98571924772744,59.24516591562148,60.13201967153105,1917900
2022-12-02,58.60694885253906,58.888756169443944,58.093068641425525,58.65667695172318,1626300
2022-12-05,56.23648452758789,58.217400765164115,55.739184517782334,57.83613721352943,2874300
2022-12-06,54.156097412109375,56.352512300711275,53.99033287555939,56.244765984304955,2251500
2022-12-07,53.874305725097656,54.744585500831285,53.40186975860269,53.874305725097656,1397500
2022-12-08,54.92692184448242,55.74747348328079,53.874303617682465,53.874303617682465,1793500
2022-12-09,55.2087287902832,55.54854803015465,54.49592981083088,54.76115689689366,1545500
2022-12-12,56.09558868408203,56.24477933178623,54.371609271391954,55.515406344961924,1197400
2022-12-13,56.393959045410156,58.30856671680136,56.09557780785412,57.81126676204531,2334100
2022-12-14,57.63722229003906,58.134522332767126,56.11216165902477,56.11216165902477,3208400
2022-12-15,57.28911590576172,57.85272433676826,56.98244447358449,57.44659036140866,2273100
2022-12-16,55.76405715942383,56.94100217274197,54.951801827111076,56.3525296660829,3320100
2022-12-19,55.13413619995117,55.84693525551316,54.30530067706637,55.540270159094234,1476900
2022-12-20,55.49882507324219,56.01270536667046,54.628551580556945,54.719717669160346,1858700
2022-12-21,55.95467758178711,56.65918638136441,55.86350518523465,56.170170224991054,1782800
2022-12-22,56.568023681640625,56.59288773523309,54.84404429941414,55.40765270039152,1369700
2022-12-23,56.69234085083008,56.77522312353428,55.86350547676388,56.38566948596124,982800
2022-12-27,57.10676956176758,57.289114391023965,56.3608163164066,56.69235179473518,1077200
2022-12-28,54.98494338989258,57.280821239135584,54.83575907221461,57.0984764195119,1107400
2022-12-29,56.81889724731445,56.99556168677168,55.16160830122441,55.254147734034376,964900
2022-12-30,56.85255432128906,57.10492936692289,56.011291332521814,56.305732094924906,1180900
2023-01-03,56.04494094848633,58.13126950405752,55.82621078080761,57.332072255927606,1746100
2023-01-04,56.12065505981445,57.138582539567444,55.700023551569714,55.700023551569714,1769200
2023-01-05,53.992252349853516,55.683192550025936,53.992252349853516,55.59906112665625,1680600
2023-01-06,56.40668487548828,56.55811246727683,53.86606710418355,54.25304730134824,1458900
2023-01-09,55.28779602050781,56.953492884055215,55.27938159480167,56.34778901806377,1285100
2023-01-10,56.69271469116211,56.70954354591065,54.88399790534568,55.027017497398155,1076900
2023-01-11,58.6865119934082,58.711748857901924,57.256360961596364,57.26477538920351,1044600
2023-01-12,59.91475296020508,60.183956868294324,58.91364791840721,59.19968068106122,1236600
2023-01-13,59.89791488647461,60.612993473884856,58.88840199110061,59.1155401461455,931600
2023-01-17,60.40268325805664,60.66347272249456,59.603479592907355,60.15030180204591,908500
2023-01-18,59.83903884887695,61.336492479606804,59.073492805624,60.37744669112652,1233200
2023-01-19,59.25014877319336,59.93998412321163,58.87999102790122,59.36792507063598,796800
2023-01-20,59.89791488647461,59.939980598084546,58.7033231293392,59.208079577026204,861500
2023-01-23,59.87268829345703,60.722365750729175,59.662372535996525,60.18395792509649,943700
2023-01-24,59.60346984863281,60.06616696956609,59.2501410026434,59.55299613301318,898200
2023-01-25,59.80538558959961,59.99887891013568,58.76222123183904,59.13237901808499,1045200
2023-01-26,58.92205810546875,60.36061698751553,58.74539365521672,60.04093937539191,1386700
2023-01-27,62.0010871887207,62.25346868314575,58.70333741509333,58.70333741509333,1215300
2023-01-30,60.730777740478516,61.93378408159805,60.68029759625148,61.344896133349565,1403900
2023-01-31,62.7077522277832,62.749811531775336,60.36062740919828,60.76443652115693,3884400
2023-02-01,62.58155059814453,63.27980038995632,60.39426820268386,60.44474192602983,2694100
2023-02-02,65.9297866821289,66.81310902215067,62.91806346187726,64.35662248847925,2166900
2023-02-03,63.49853515625,64.83614026845993,62.850759040844835,64.76883768690375,1691900
2023-02-06,61.715057373046875,62.68251115655588,60.97474820550373,62.44695853135251,1655600
2023-02-07,61.83283615112305,62.320770276115645,60.67189541561838,61.10934939153483,1215900
2023-02-08,61.44584274291992,61.97583605722399,61.06727058842284,61.5636190349875,889400
2023-02-09,60.3858642578125,62.24505493758926,59.99888400222498,61.80760094989453,797200
2023-02-10,61.02522277832031,61.1514135202326,60.007295251995984,60.158722858625175,968100
2023-02-13,61.605690002441406,61.6393348730509,60.671887594014166,61.07569022459903,988000
2023-02-14,60.85694885253906,61.891704937288154,60.7812382801146,61.4121853902888,848000
2023-02-15,61.57203674316406,61.58044475138384,60.200774040769495,60.40268176792785,618600
2023-02-16,60.04093551635742,60.84854713059889,59.9652185177863,60.84854713059889,1035400
2023-02-17,59.25857162475586,59.96522950988058,58.66127562614013,59.96522950988058,1116100
2023-02-21,57.57603073120117,59.20807627372413,57.34888617050254,59.023003840614635,860600
2023-02-22,57.340484619140625,58.349997571851155,57.01238617026653,57.86206353009944,859700
2023-02-23,57.685401916503906,58.16492155533368,56.89461266644784,57.685401916503906,760000
2023-02-24,56.129066467285156,57.37413207043987,55.716849408514875,57.315243919186976,942700
2023-02-27,55.573822021484375,56.90301886977021,55.25414444790633,56.74317687381808,1144500
2023-02-28,55.08589553833008,56.21318470306058,55.043829827509725,55.76731640900071,1610200
2023-03-01,54.52225112915039,54.95971146859438,54.0427314921276,54.673678720753756,1214200
2023-03-02,54.79145050048828,54.95970693189598,53.32765484803751,54.253042756636816,1155700
2023-03-03,55.237327575683594,55.329860593979106,54.50542650921398,55.127959286042504,1187300
2023-03-06,55.649539947509766,56.44032267819547,55.36350723513946,55.75048738384232,1027100
2023-03-07,53.243526458740234,55.78413743747959,53.20146395814234,55.5233480082748,1202600
2023-03-08,53.98384094238281,54.362413113735016,53.09210428607523,53.19305493960444,794100
2023-03-09,52.107818603515625,53.73145612428663,52.023693604070054,53.470666700507564,1572100
2023-03-10,48.322139739990234,52.175125355953085,48.246425950750165,51.947983988232885,2771100
2023-03-13,46.976131439208984,47.851045829810865,46.530263024974815,47.5481906015899,3551000
2023-03-14,44.94868087768555,48.63341359582409,44.519634964576305,48.397857781291414,3524400
2023-03-15,46.210567474365234,46.33675818243686,43.40916071214439,43.76249276924714,3635300
2023-03-16,45.01597595214844,46.42929786785781,43.98963740583712,46.42929786785781,3755100
2023-03-17,42.9885368347168,44.755191011655306,42.21457643638906,44.662651570732734,4518300
2023-03-20,43.5101203918457,44.75518916103982,42.046321460576564,42.06314710451798,2388500
2023-03-21,45.083290100097656,45.97503015015386,44.17472440277653,44.511230929746745,2584600
2023-03-22,42.02108383178711,44.73836270001188,41.98743254451887,44.73836270001188,2091900
2023-03-23,39.85062026977539,42.54266202916535,39.66554462517422,41.516320326164426,4108000
2023-03-24,41.57521057128906,41.90330579477976,38.84952059905854,39.25332640201257,3704300
2023-03-27,42.349178314208984,43.14837878275108,41.89489553724861,42.7109216504,2403200
2023-03-28,42.82028579711914,43.24932849317878,41.5920394408731,41.82759525107613,2341200
2023-03-29,44.71312713623047,45.01597910293999,43.45123270953531,43.66154844731784,2905100
2023-03-30,45.681602478027344,46.461532156818805,45.02166147759669,45.467336046826986,3289500
2023-03-31,46.384403228759766,46.41011742767327,45.064524294801785,45.98158449951173,2803700
2023-04-03,45.964447021484375,47.395745563973115,45.553055764910724,46.61581569369756,1895700
2023-04-04,45.27878952026367,46.48725221384337,44.79025898763243,46.39297444911535,1920000
2023-04-05,45.02167510986328,45.32165016604202,44.35316468832042,44.87597546186436,2041200
2023-04-06,45.510196685791016,45.70732471428882,44.8502588387037,45.41592218581201,1351900
2023-04-10,45.244503021240234,45.98158011043337,44.06175133696645,45.21021960559254,1885300
2023-04-11,46.29012680053711,46.89007357120792,45.38163905899978,45.630188949190774,1954100
2023-04-12,44.207462310791016,47.00149580858847,44.07890111330264,46.8729346111001,1650100
2023-04-13,44.29315948486328,44.67883973725274,43.79605976635099,44.21602343438539,1450600
2023-04-14,43.67607498168945,45.415920882419215,43.44466680958904,44.86739599145152,1337600
2023-04-17,45.48448944091797,45.70732841751484,43.64179635133549,43.85606283759173,1702400
2023-04-18,45.12451934814453,45.46734373436146,44.26745347843198,45.44163280449307,1345100
2023-04-19,46.19585037231445,46.478680401168695,44.39601013540476,44.67027094436204,1231600
2023-04-20,44.80739974975586,45.981582269987165,44.430291968259496,45.398777254390396,1945900
2023-04-21,44.67027282714844,45.090236547628905,44.10460947615133,44.97881706759174,1473600
2023-04-24,44.593135833740234,44.9959578358268,43.856058667984726,44.68741360184107,1257200
2023-04-25,43.11041259765625,44.34458954263155,42.62188531341913,44.13889229532006,2399200
2023-04-26,43.86463165283203,45.4244912805323,43.14469618855138,44.584567117112684,2749200
2023-04-27,45.27021789550781,45.48448435781879,43.13612576178065,43.58179712627434,1997800
2023-04-28,45.7330322265625,46.68437580047663,44.995955105531856,45.115943796035154,1485800
2023-05-01,45.26164627075195,46.2044173470507,44.995954694602105,45.60447063056669,1648400
2023-05-02,43.890342712402344,45.08166375658096,42.78472694801982,44.695986728051714,1574400
2023-05-03,43.08469772338867,44.49885431744467,42.87900049490872,44.10460483809183,1866700
2023-05-04,43.4189567565918,43.6589341534889,42.13335795416277,42.630457727103135,1659700
2023-05-05,44.5074348449707,44.7131288411556,43.530380189474634,44.13889622657172,1191900
2023-05-08,43.641788482666016,44.635987938308766,43.53894150325166,44.58456281387833,1004800
2023-05-09,43.7017936706543,44.018907152657164,42.476189116258766,42.94757472884618,1526200
2023-05-10,43.37610626220703,44.464580361093745,42.793301181394504,44.336019166714195,1385200
2023-05-11,42.364768981933594,43.12755713292962,42.184785922148535,42.69045494924491,1586900
2023-05-12,41.49912643432617,42.75044504643621,41.1048769323002,42.536178586276876,1688100
2023-05-15,42.09050369262695,42.32191186048019,41.20772692853426,41.953373289763555,1349400
2023-05-16,40.333518981933594,42.0819307836408,40.290663075040804,41.91908945356686,1509800
2023-05-17,42.133358001708984,42.32191353916767,40.282095854899964,40.65063444023458,1503500
2023-05-18,42.296199798583984,42.347624928297755,41.26772335988341,41.730536449519924,1386900
2023-05-19,42.06479263305664,43.44466587719805,42.04765092407116,42.647594391329726,1426000
2023-05-22,42.904720306396484,43.13612849267612,41.76482108540201,42.29620103012916,1377700
2023-05-23,43.590370178222656,44.738838561809196,43.007565131659526,43.041848550738955,2184400
2023-05-24,41.43913650512695,43.376107342370304,41.421998063600086,43.26468785576323,1546800
2023-05-25,40.796329498291016,41.25057658133009,40.3420856846984,41.1391571153643,1115300
2023-05-26,40.91633224487305,41.036320961662696,40.11068811308999,40.89061804167003,1334600
2023-05-30,41.979087829589844,42.05622389217608,40.882044512316305,41.173447052147964,1617400
2023-05-31,41.7133903503418,42.21049007692725,41.319140872361515,41.773387963418074,2858900
2023-06-01,41.18201446533203,42.039080336699804,40.787764949170096,41.71339439013494,1492000
2023-06-02,43.40181350708008,43.62465245581877,41.9705151271566,42.407617265918326,1653300
2023-06-05,42.58760070800781,43.55608602937079,42.57903148810493,43.33325034798165,1083500
2023-06-06,44.601707458496094,45.15879829732744,42.58760075656099,42.87900327529238,1672800
2023-06-07,46.69295120239258,47.181478518094416,44.601711522360986,45.244510966120984,2628300
2023-06-08,46.1787109375,46.59010217119805,44.910253816235986,46.350124768902575,1855400
2023-06-09,46.375831604003906,46.82150621851573,45.87873186377843,46.375831604003906,1705100
2023-06-12,46.607242584228516,47.50716108723916,46.067290174643404,46.30726757026043,1833900
2023-06-13,47.07862854003906,48.0985357491914,46.32440965836302,46.85578958276243,1719700
2023-06-14,46.47868728637695,48.34709136758217,46.11872114733879,47.57573068471865,1541600
2023-06-15,47.33574676513672,47.41288282284148,45.82731229934516,46.08443140187878,1509000
2023-06-16,47.172908782958984,47.55858909889837,46.624387120043856,47.43859712436956,1989500
2023-06-20,46.375831604003906,46.7957920209356,45.578760137398646,46.75293938423086,1491600
2023-06-21,46.435829162597656,46.855789608590236,45.3216441839408,46.12728492585798,966100
2023-06-22,44.82454299926758,46.56438888627546,44.35315743883118,46.56438888627546,1303100
2023-06-23,44.138893127441406,44.89311202253991,43.85605981573689,44.507431719964146,2638800
2023-06-26,48.50135803222656,48.61277751150254,44.45600605306775,44.49028947275988,3046400
2023-06-27,49.49555206298828,49.829807216146335,47.49858709440256,48.252805946045555,2890400
2023-06-28,48.68991470336914,49.58126074996464,48.295661906635075,49.486986247789226,2681300
2023-06-29,49.797489166259766,49.902144781540535,48.0968770034006,48.83816931403992,1972800
2023-06-30,50.224822998046875,51.00972345325565,49.00386747368569,50.37308012467733,2123000
2023-07-03,50.96611785888672,51.376010709178956,50.02424059190335,50.12889288227121,1011300
2023-07-05,50.6434326171875,51.620194985644744,49.753879926921876,50.58238517708617,1469700
2023-07-06,50.07656478881836,50.14633519989094,48.34978703680769,49.61434745938959,1407400
2023-07-07,51.524269104003906,52.40509888904828,49.902143697586084,49.910863335251946,2586800
2023-07-10,51.75974655151367,51.78591212356001,50.53879409041028,50.983568893155486,1262200
2023-07-11,53.155113220214844,53.28592774393641,51.68124496769776,52.31788829178671,1185900
2023-07-12,53.21615982055664,55.18712722420567,53.21615982055664,54.39350714958629,2663100
2023-07-13,54.16676330566406,54.332463040653785,52.919645493777026,53.277210531160534,1108900
2023-07-14,53.59989547729492,54.28014373848742,53.303377857502454,54.04467357040193,1194300
2023-07-17,53.12023162841797,53.72198646286046,52.80627142720054,53.39058698542994,1238200
2023-07-18,54.22780990600586,54.707469827675,53.137672208195895,53.40802755491381,1287200
2023-07-19,56.181339263916016,56.32088009409209,54.75980198828052,54.9167820953921,1800400
2023-07-20,55.283058166503906,55.910978496955664,54.50688071738214,55.78888361644248,2086000
2023-07-21,55.283058166503906,55.93714073511249,54.48071847922531,55.623180569886614,1443300
2023-07-24,56.216224670410156,56.800536928076106,55.32667183590855,55.37028000891115,1664900
2023-07-25,55.222015380859375,56.34703829213391,55.16096793545715,55.998192895404415,1429800
2023-07-26,57.184261322021484,57.20170059711673,55.143523471755515,55.143523471755515,1426800
2023-07-27,56.35576629638672,58.30056841216471,56.28599588006715,57.53311379366876,1994500
2023-07-28,57.51565933227539,57.95171438908922,57.00111755899769,57.70752462186102,1109600
2023-07-31,58.10870361328125,58.74534702395734,57.59416175909186,57.60288472462802,4553000
2023-08-01,56.43424606323242,58.03893217227628,56.18133332552602,57.99532400403741,2398500
2023-08-02,58.46626663208008,58.76278089630408,55.42260067305431,55.92842284201816,2415700
2023-08-03,58.518592834472656,58.67557293593607,57.11449488629234,58.64941069463762,1460300
2023-08-04,59.765708923339844,60.288973694936516,57.99532634170692,58.14358347381935,1784000
2023-08-07,60.82968521118164,61.00410458616041,59.835480135722804,59.835480135722804,1594600
2023-08-08,59.844215393066406,59.95758734472287,58.640698836013684,59.434322458631,1222700
2023-08-09,58.492431640625,59.76571175144155,58.065099499861574,59.70466430276106,1558300
2023-08-10,58.684295654296875,59.913967565865086,58.38777472892426,59.11162778561194,1052800
2023-08-11,59.408145904541016,59.63488975324504,57.742412321720586,58.09125771299071,812100
2023-08-14,58.152313232421875,58.73662551807483,57.83835300204974,58.579645402888765,1051700
2023-08-15,56.23366165161133,57.1493732558752,56.0243504389179,57.08832581559094,1842300
2023-08-16,55.69295883178711,56.26854811346294,55.50981648517785,55.902263420244424,1178900
2023-08-17,54.99526596069336,55.92842020622041,54.99526596069336,55.788886045418195,1419300
2023-08-18,55.20457458496094,55.46620697765209,53.95745674206886,54.3935118388329,851200
2023-08-21,54.78596496582031,55.11736778826335,53.98362514255843,55.11736778826335,960000
2023-08-22,54.53305435180664,55.22202226649487,54.454564294097395,55.16097481348064,994500
2023-08-23,56.338321685791016,56.74821457418319,54.38479655877283,54.80340908599101,1320100
2023-08-24,56.47786331176758,57.58544043418061,56.25111277707949,56.25111277707949,802300
2023-08-25,55.82378387451172,57.11450343195692,55.413890956379205,56.76565797054582,929000
2023-08-28,57.018558502197266,57.60287735221763,56.207495806642406,56.207495806642406,1345900
2023-08-29,58.536041259765625,58.727899922023795,56.70460444672989,57.175544771195675,1577400
2023-08-30,58.69301986694336,59.03314231696952,58.10870096873047,58.431384142151146,740500
2023-08-31,58.23080062866211,59.05058642329966,58.021496023913116,58.8063966088136,2250800
2023-09-01,58.152313232421875,59.085470957785354,58.00405608298874,58.675578065150994,1690500
2023-09-05,58.34417724609375,59.015699213168524,57.873236911116436,58.03893998833249,1730300
2023-09-06,57.65520477294922,58.55347719751414,56.77437162444119,57.92555680070337,1609100
2023-09-07,57.50694274902344,57.82961923118503,56.74820455844415,57.29763153210164,1728200
2023-09-08,58.06509780883789,58.14358453185295,57.07089272861097,57.8383472973399,992500
2023-09-11,57.69881057739258,58.34417022379427,57.3063570186439,58.16974420201517,833700
2023-09-12,57.51565933227539,57.76857206366807,56.90518491420488,57.37612517400447,648700
2023-09-13,55.64063262939453,57.55927582216742,54.99527291502294,57.42845795547333,1472500
2023-09-14,57.768577575683594,58.02149033120806,56.49529748673726,56.49529748673726,1043300
2023-09-15,57.803462982177734,58.2133558406999,57.18426553871739,57.77730074076956,2257500
2023-09-18,56.983673095703125,57.75985723816559,56.59122619594983,57.672640901622806,860700
2023-09-19,57.16682434082031,58.00404930610466,56.913911592920996,56.913911592920996,865500
2023-09-20,57.175540924072266,58.64940924848832,56.983675621050935,57.98660365268898,979100
2023-09-21,53.09407043457031,56.53018345901894,53.04174262438976,56.44297376888778,2026600
2023-09-22,52.59697341918945,53.44291814839928,51.95161033303123,53.15512347919831,1610400
2023-09-25,52.01265335083008,52.74522607380669,51.29752323159535,52.23068090734888,1152900
2023-09-26,50.33820343017578,51.85567336403097,50.01552025045871,51.262638142780105,1509900
2023-09-27,51.341129302978516,51.759741822265966,50.43413717460732,50.53006650722265,2291900
2023-09-28,52.50293731689453,53.28338732234417,51.50963946287581,51.50963946287581,2052000
2023-09-29,52.751251220703125,53.59378197543343,52.30781433749296,53.30998264083132,1384700
2023-10-02,50.95976638793945,53.02618391118832,50.44538135678776,52.72464669183906,1656900
2023-10-03,48.290283203125,50.746924244519406,47.82023774851064,50.560678159445054,2316000
2023-10-04,48.71597671508789,48.946562407922485,47.98874049048383,48.63615794003842,2778500
2023-10-05,48.449920654296875,48.893357591025904,47.61625704802689,48.60068758887018,2439600
2023-10-06,47.20829772949219,47.82023950823994,45.48776356544782,47.43001620655151,3312400
2023-10-09,48.068565368652344,48.38784050938761,46.445584530966556,46.445584530966556,2037800
2023-10-10,48.7780647277832,49.700414400047684,48.09517141561558,48.15725231825305,1835300
2023-10-11,50.54294204711914,50.631628078588626,49.194893393220404,49.345660323349584,1475100
2023-10-12,49.84231185913086,50.27687815814796,48.982043127997585,50.27687815814796,1061500
2023-10-13,49.16828536987305,50.569547686585885,48.80466722415666,50.214796790843195,1168900
2023-10-16,50.33896255493164,50.96864561363689,49.09734108833222,49.8245774370541,1327200
2023-10-17,51.58058166503906,51.97967556399067,49.69153946543825,49.718147980805135,1250500
2023-10-18,50.18819046020508,51.00411276452682,50.117238929487435,50.729184040883936,1016900
2023-10-19,48.378971099853516,50.35669951260191,48.361233215679995,49.664938945612064,1195000
2023-10-20,47.80250549316406,49.06186483174776,47.73155395586923,48.494266066011136,1285600
2023-10-23,46.99544906616211,47.82910930742449,46.86241662898532,47.22603478969241,923500
2023-10-24,47.73154830932617,48.201590347255156,47.05752570053828,47.39453531335467,606100
2023-10-25,46.25933837890625,47.69607302198049,45.95780114436917,47.341325523390196,1287100
2023-10-26,47.54531478881836,47.93553812355727,46.498803217810256,46.498803217810256,1473500
2023-10-27,46.489933013916016,48.015357362017454,46.2416093788877,48.015357362017454,1075000
2023-10-30,47.27924346923828,48.3523599546751,46.45445056505162,47.314715850020406,1480600
2023-10-31,47.50983428955078,48.05969515722575,46.67617404609807,47.91779546933687,1472400
2023-11-01,47.44775390625,47.988747529476605,46.596355769609175,47.4832296743989,1687200
2023-11-02,49.523033142089844,50.24140213823983,48.14837942831105,48.67163510579324,1971800
2023-11-03,52.24573516845703,53.13260896414169,50.94202960619097,50.94202960619097,2229300
2023-11-06,50.888824462890625,52.210264656825785,50.83561081186064,51.75796046411475,1627100
2023-11-07,49.22149658203125,50.746920621777704,49.132810554064406,50.613888196672335,1077900
2023-11-08,48.74258041381836,49.58511115166634,48.28140565854204,49.52303025991326,995300
2023-11-09,46.285945892333984,49.26584262621417,46.214997742227716,49.10620505953093,1519200
2023-11-10,46.50766372680664,46.74712007357628,45.84250833572051,46.74712007357628,2002500
2023-11-13,45.41681671142578,46.39238014096234,44.911298802263204,45.86912434582755,1211700
2023-11-14,50.27687454223633,51.36772891108594,48.48538905889756,48.60068360026851,3141900
2023-11-15,50.56954574584961,52.36989852223572,50.108370952344984,50.108370952344984,2230200
2023-11-16,48.9820442199707,50.56954928469731,48.69824484766996,50.41877896513764,1177800
2023-11-17,48.84901809692383,49.904396864515796,48.64503411414067,49.79797293930914,1930700
2023-11-20,48.85788345336914,49.1594207157263,48.21933316057623,49.1594207157263,1978100
2023-11-21,47.55418395996094,48.68938500502902,47.234908771759166,48.2370773606912,1420400
2023-11-22,47.87344741821289,48.27254130567914,47.616253203717406,48.27254130567914,1279000
2023-11-24,47.63399887084961,48.068568593371715,47.31472370869551,47.79363645192666,520600
2023-11-27,47.41228103637695,47.74042683708038,46.658439524486134,47.27925197241981,1235600
2023-11-28,49.00864791870117,49.097337334420054,46.72938237363275,47.27037596847445,2258600
2023-11-29,50.55180740356445,52.43197894216798,49.26583969649188,49.50529603227685,2579600
2023-11-30,50.48973083496094,51.021853815768424,49.91326145312332,50.61389263827232,2216100
2023-12-01,56.12137222290039,56.316485538873025,50.08176389174598,50.56954379852254,3318800
2023-12-04,56.51160430908203,57.25657511508587,55.49169800116761,55.935134937972954,1683800
2023-12-05,54.968441009521484,56.08590395900179,54.20572895454561,55.90852851174957,1401700
2023-12-06,56.11250305175781,57.336389784582124,55.70454193520134,55.87304673121687,1367700
2023-12-07,57.300926208496094,57.646806506228565,56.08590984941762,56.13025287009898,1130800
2023-12-08,56.83087921142578,57.17675947940821,55.91739682481373,56.88408947840441,3591400
2023-12-11,56.83087921142578,57.58472064763594,56.174591059061555,56.75992767791383,2493400
2023-12-12,55.65133285522461,56.724449378005566,55.429614397634076,56.724449378005566,1266100
2023-12-13,60.38723373413086,60.55574192118255,54.87088100416096,55.2965800217591,2432300
2023-12-14,64.72406005859375,65.60206332311965,63.07447406687184,63.07447406687184,3093200
2023-12-15,63.34053039550781,64.66197733822517,61.84171815099807,64.44912273692867,2625200
2023-12-18,62.34722900390625,63.819435949915196,62.19645531996654,63.819435949915196,1130300
2023-12-19,63.32279968261719,63.624333569689554,62.60442720131868,62.96804875888239,1472800
2023-12-20,62.728580474853516,65.06992652755227,62.62215319380014,63.322784236538624,1250700
2023-12-21,63.189762115478516,63.8194417400404,62.214202229063055,63.8194417400404,895800
2023-12-22,62.85276794433594,64.5821696789216,62.22308816491469,63.739642016700316,807100
2023-12-26,63.90813064575195,64.30722795789673,62.74632800966178,63.083337653559084,584400
2023-12-27,63.61545944213867,63.97907417474676,63.03899012983268,63.94359841146378,839900
2023-12-28,64.6944580078125,64.70345151455047,62.90513432895417,63.39967429900741,844400
2023-12-29,63.09394073486328,64.49663244706818,63.057973577110964,64.41570462711698,915400
2024-01-02,64.8293228149414,65.07209943784336,62.761262497813995,63.43563133471013,1525000
2024-01-03,62.365638732910156,64.46966648609676,61.23269701809828,63.30076446544935,1398400
2024-01-04,62.25773620605469,62.96807228518358,61.52941997430527,62.14084806393297,1275800
2024-01-05,63.264793395996094,64.03807026442064,60.95395629664413,61.39454204631648,2257900
2024-01-08,63.921173095703125,64.53260113693803,62.689330367652026,62.94109364462496,975300
2024-01-09,64.12797546386719,64.38873221758303,62.554448296985946,63.05797479517705,1296100
2024-01-10,64.80235290527344,65.38680730304411,63.83126007759616,64.0470630571033,1183300
2024-01-11,62.87815475463867,64.5415966228496,62.8511810969975,64.02907654756223,1432300
2024-01-12,62.90512466430664,64.15495436747129,61.87109106944899,63.81327662431567,1853900
2024-01-16,62.473548889160156,62.89614771163531,60.90900782709148,61.99698902034653,1696300
2024-01-17,60.17168045043945,61.592352415332755,59.1556338948062,60.76512830667377,1547700
2024-01-18,59.794044494628906,60.684209552009705,59.083708405999744,60.1806829514768,992000
2024-01-19,61.43949890136719,61.50243971884122,59.29949738718092,60.01882689548522,1192400
2024-01-22,62.67134094238281,62.689327952922206,61.628320712237496,61.93403129106188,1468000
2024-01-23,63.38166809082031,63.93015521512441,62.31167435425515,63.3636879428252,2077100
2024-01-24,63.35470199584961,64.80234761332503,62.98605060769122,64.80234761332503,1753700
2024-01-25,64.28982543945312,65.13503652855337,63.45360785513999,64.7753717974447,1132900
2024-01-26,64.02008819580078,64.83832579697784,63.813285563879155,64.59554913859178,1146300
2024-01-29,64.92823791503906,65.2699156935988,63.633447410963754,64.22689534534338,1701200
2024-01-30,62.94108963012695,64.6135248462445,62.203779997432555,64.06503765923637,2474200
2024-01-31,59.794044494628906,62.49152018611593,59.12866907820536,62.49152018611593,3157600
2024-02-01,58.706058502197266,60.288579361818904,56.47614586365534,59.84798676349278,3050800
2024-02-02,57.26740646362305,57.591107518459125,55.6219481108195,56.74589629142928,2344400
2024-02-05,56.332279205322266,56.99765454862514,55.71185766924943,56.14345332085552,1604800
2024-02-06,56.92572021484375,57.36630591526648,55.783788621680365,56.03555187906478,1568300
2024-02-07,57.33933639526367,57.75295190081429,56.56605955751705,57.22244483304171,1455100
2024-02-08,58.508243560791016,58.83194117092268,57.11454856607301,57.15051572942486,1163700
2024-02-09,57.70798873901367,58.768995968669685,57.18647519934465,58.31042324516524,1334300
2024-02-12,58.84092712402344,59.290506318161675,58.040676707260104,58.09462401534579,1471500
2024-02-13,56.23337173461914,56.530092247152844,54.623877244458896,56.458161352909094,1890400
2024-02-14,56.84479904174805,57.4202599083874,56.44017704801184,57.186476787554334,1317600
2024-02-15,59.98286819458008,60.036815514299995,57.537159183439876,57.66303740612562,1289300
2024-02-16,60.56732177734375,61.250684210827245,58.2744646815959,58.70606381327902,1757100
2024-02-20,59.371429443359375,60.24361420936917,58.912856727821726,59.47933092349598,1546100
2024-02-21,59.09269332885742,59.57823970600063,58.59815344657237,59.12866048939038,1297900
2024-02-22,58.831939697265625,60.40546703931075,58.786979029193276,59.47933490131262,1390300
2024-02-23,58.47227478027344,59.15563714498889,58.39135380999604,58.79597238145261,824400
2024-02-26,57.61807632446289,58.87689955273195,57.303368802386956,58.29244517603188,936600
2024-02-27,58.37337112426758,58.96681905708215,58.02269984034453,58.310430300487425,842000
2024-02-28,57.3842887878418,58.733026387236414,57.3842887878418,57.86983514682796,1130500
2024-02-29,58.19353485107422,59.497311834231795,58.05865971418754,58.40933095407225,2119900
2024-03-01,59.56924819946289,59.731096997274136,57.32135204099259,58.11260901916166,1449900
2024-03-04,59.173614501953125,59.64118073048209,58.454291868882,59.33546329490016,925800
2024-03-05,58.08563995361328,59.66816089505923,58.00471897832947,58.643120714586395,1549800
2024-03-06,56.7548828125,58.939841643157074,55.68488544639124,58.939841643157074,2761300
2024-03-07,56.781856536865234,57.41126469729169,56.251352923064914,57.339333806107476,1518900
2024-03-08,57.492191314697266,58.4183268708499,57.26740169728445,57.78891182607317,1038300
2024-03-11,57.39329147338867,58.11261419210954,56.9437122016749,57.195475496228966,838000
2024-03-12,57.177486419677734,57.84286518708684,56.34126878023933,57.159502838935076,730000
2024-03-13,57.77992248535156,58.00471209227866,57.07857657932731,57.07857657932731,1193800
2024-03-14,56.287322998046875,57.663034460923384,55.71186208364147,57.51917266233965,1248400
2024-03-15,56.287322998046875,56.91673465943438,55.41514155028389,55.41514155028389,2255700
2024-03-18,56.4941291809082,56.89874775458527,56.13446441539814,56.67395813364583,1029300
2024-03-19,56.66496658325195,56.763874562693914,55.52303492699746,56.197403772264636,1171900
2024-03-20,57.95075988769531,58.301431137594896,55.86471596906412,56.2423608751045,1030000
2024-03-21,59.443363189697266,60.19865296326036,58.40033613854716,58.454290308111865,1326500
2024-03-22,56.88975143432617,59.847979914359485,56.83580069641646,59.24554544277769,1381900
2024-03-25,56.54807662963867,57.91480136983078,56.44017857173519,57.159504674454126,1733100
2024-03-26,54.91160583496094,56.898745170618604,54.794714276975995,56.83580435401531,1761900
2024-03-27,57.70790481567383,57.81756256344681,55.51472894447239,55.633526871368005,1228300
2024-03-28,59.681758880615234,59.882800992057135,57.854116948975296,58.137399757690346,1834100
2024-04-01,57.83583450317383,59.85538165837647,57.68962302329392,59.718306870883026,775100
2024-04-02,56.75752639770508,57.08650311553517,56.09957296204488,57.08650311553517,1461700
2024-04-03,57.30582046508789,57.44289526395572,56.28234002100078,56.446828385259394,943600
2024-04-04,56.12699890136719,58.2653445527662,55.94423711646141,58.01861544595188,1525800
2024-04-05,56.06302261352539,56.41027622403517,55.17661694342735,55.74318605513285,1089300
2024-04-08,57.79015350341797,58.25620158225483,56.51993692502827,56.70270217620325,853900
2024-04-09,59.67262268066406,59.82797086010958,57.67134881774882,57.93635822663957,1415600
2024-04-10,56.04475021362305,57.53427876717422,55.56042179186955,57.3880672684834,1455200
2024-04-11,56.684425354003906,57.33324217056261,55.86198695190487,56.53821385012248,882300
2024-04-12,55.38679885864258,56.82150033413651,55.03954522865048,56.33717537969609,1122300
2024-04-15,53.613975524902344,56.11785122819608,53.27586210582251,55.935085993086986,1333900
2024-04-16,52.98344421386719,53.412942034739594,52.142728931941996,53.19362303434849,1474400
2024-04-17,52.956031799316406,53.9795123561971,52.86464742801444,53.11138000159375,1424700
2024-04-18,53.63225555419922,53.7419167932943,52.74584986356863,53.39466317474079,955800
2024-04-19,55.01213455200195,55.06696169027972,53.77847165139106,53.77847165139106,1446300
2024-04-22,56.05388641357422,56.419416900060966,54.774533196827676,55.24058474139613,1159500
2024-04-23,57.50687026977539,58.68570254273536,56.02647827928926,56.02647827928926,1600300
2024-04-24,57.51600646972656,57.6530812857603,56.47424902293374,56.8397795417188,1030100
2024-04-25,56.61132049560547,56.83063600515822,55.31369036791584,56.38286480634633,1178400
2024-04-26,56.2092399597168,58.12826996766955,56.136135947028805,56.73012217267172,845600
2024-04-29,57.42462158203125,57.671354142126816,56.90374289492631,56.90374289492631,908400
2024-04-30,56.556488037109375,57.9089452552527,56.437690106487636,56.91287834301752,1261400
2024-05-01,54.14400100708008,55.98078330489144,51.905134445460824,53.001722504821004,2343300
2024-05-02,54.893333435058594,55.130929307048525,53.4860455346789,55.03040824474181,1254400
2024-05-03,55.54214096069336,57.15047081763524,55.121783367657784,56.3463058891643,891700
2024-05-06,56.28234100341797,56.556487119981945,55.7797392087245,56.51993337485155,812000
2024-05-07,55.615257263183594,57.059095502976376,55.39593825303464,56.63873784331141,986800
2024-05-08,54.93901824951172,55.61524856288911,54.69228570892633,55.24058140554615,649800
2024-05-09,56.136131286621094,56.24578903952802,55.094373919112485,55.24058541830743,672600
2024-05-10,56.20009994506836,56.39200188873887,55.57870018712436,56.39200188873887,787400
2024-05-13,57.34237289428711,58.00032633622975,56.58389840027469,56.885461556484024,1306400
2024-05-14,58.53034973144531,58.98726110492447,58.05515799875501,58.24706342494367,1251600
2024-05-15,59.106056213378906,60.15695377852055,59.03294871954494,60.08384628468659,1664300
2024-05-16,58.16482162475586,59.31624028530152,58.15568144477526,59.060364049246715,1133300
2024-05-17,57.753597259521484,58.4755180531803,57.34237633364259,58.311029682828746,887300
2024-05-20,56.748382568359375,58.15567022145631,56.675278572409155,57.88152413621893,873800
2024-05-21,56.97685241699219,57.15048098680467,56.26407172058402,56.519940999098246,990300
2024-05-22,56.4102783203125,57.43375883115949,56.04475130941716,56.675287756232706,614600
2024-05-23,54.610050201416016,56.63873797776956,54.36332110760416,56.63873797776956,879800
2024-05-24,54.19883346557617,55.414216020440925,53.9703777573877,55.07610254839008,949800
2024-05-28,53.083961486816406,55.25886051774338,53.07482479351623,54.76539541656585,1142600
2024-05-29,52.243247985839844,52.416876549461065,51.59443463219568,52.22497459741825,1132800
2024-05-30,53.17534255981445,53.20275961173012,52.3072137688581,52.62705032489917,1213200
2024-05-31,55.441619873046875,55.51472736011372,53.24844755039427,53.78760306666327,2268300
2024-06-03,54.86591720581055,55.68835556613943,54.47297315546916,55.55128424906314,975300
2024-06-04,54.78367614746094,55.57870098693476,54.47297626401778,54.50038983180601,942200
2024-06-05,54.57349395751953,55.331965002472096,54.33589809816786,54.792809458198114,870400
2024-06-06,55.58784103393555,55.752325926228906,54.00692456675397,54.10744562968015,1322100
2024-06-07,54.153133392333984,55.10350986722222,53.91554101659045,54.500387005457966,1536800
2024-06-10,53.9886474609375,54.7471184986761,53.26672668232634,53.550009491838246,1554100
2024-06-11,53.35810852050781,54.29020812121393,53.14792971142071,53.486043144651525,1383800
2024-06-12,54.79281234741211,57.00426525926565,54.43642202554925,55.77974261037746,1888100
2024-06-13,56.017337799072266,56.39200501336102,54.6009131346127,54.811091963510556,1685100
2024-06-14,56.328033447265625,56.82149856622353,55.5055950682929,55.5055950682929,1566200
2024-06-17,56.15441131591797,56.53821521564243,55.405076904682986,56.0995806934042,968200
2024-06-18,56.70270538330078,57.16875697445468,56.05389201659214,56.24579397249907,977000
2024-06-20,56.11785888671875,56.98599125749514,56.07216844319524,56.20923977376579,1057300
2024-06-21,56.20009994506836,56.50166313022818,55.798019184145794,56.20923663888054,1563000
2024-06-24,56.830631256103516,57.29668277538255,56.13612755261314,56.410273659623634,829900
2024-06-25,56.391998291015625,56.81235589870157,56.20923305281744,56.69356145693617,1250900
2024-06-26,55.82543182373047,56.300620071081696,55.578699263415956,55.898535830884505,800200
2024-06-27,55.90767288208008,55.953363319739296,55.11264811174745,55.688353900976104,935700
2024-06-28,57.17070770263672,57.1985675370155,56.0005450608538,56.38131148242009,1985600
2024-07-01,56.362735748291016,57.54218379279369,55.94482407165193,57.20785161731826,755500
2024-07-02,57.16142272949219,57.198571539733734,55.90768049683687,56.316306781377335,1010300
2024-07-03,57.096412658691406,57.81151129582872,56.7527950292922,57.39359604779971,743400
2024-07-05,56.000545501708984,57.402882888235524,55.65692788507953,56.94781884780303,1445600
2024-07-08,56.418460845947266,56.57633796592297,55.85195392329503,56.33487779928209,1027000
2024-07-09,56.892093658447266,57.003540078376666,55.452611056725196,56.307015895991285,1087700
2024-07-10,57.421451568603516,57.59790307464555,56.76207269296233,57.22642211774079,890600
2024-07-11,60.579036712646484,60.848353177815625,58.628766757042584,59.06525286233191,2619400
2024-07-12,62.92864227294922,63.300123266708056,61.461296244577674,61.479867105830834,1768900
2024-07-15,63.513729095458984,64.11738491055988,62.77076700219455,63.4765802822546,1368700
2024-07-16,64.4052734375,64.72103477801404,63.504434284959764,63.9966507006261,1688500
2024-07-17,63.66231918334961,65.04607870724321,63.411566485916495,64.04308208833288,1184800
2024-07-18,62.43644332885742,65.47328625457347,61.84206938896045,63.318704635711775,1429100
2024-07-19,61.99994659423828,62.74290153544612,61.359142023414805,62.492155925573584,794000
2024-07-22,63.03080368041992,63.077234379173035,61.35914264626419,61.9999472235924,718400
2024-07-23,64.24739837646484,64.73031874845293,62.417860176547165,62.696472716232236,918600
2024-07-24,62.241397857666016,65.19466067616575,62.15781835672668,64.0337870381613,958700
2024-07-25,63.06794357299805,64.4238430710204,62.14852659151043,62.343552503683846,776300
2024-07-26,65.47328186035156,65.52900153502875,63.74590109124555,63.82019871442269,914300
2024-07-29,66.2626724243164,66.5412849592856,65.01821916171914,65.68688357731634,1270900
2024-07-30,67.45140075683594,67.65571565516731,65.04607392835975,66.75487655911202,1752700
2024-07-31,66.22552490234375,68.13864970316818,64.08023243174307,66.52270830556726,3384400
2024-08-01,65.27825164794922,67.88789349416928,64.55386758283554,67.20994721185963,1478300
2024-08-02,62.15782165527344,63.8759133136124,60.80192202437957,63.810904669850736,1596000
2024-08-05,60.96908950805664,62.241402577120006,58.03440087036685,59.28814307739458,1960900
2024-08-06,63.47658157348633,64.93463886571277,61.01552756057359,61.75848966895124,1644100
2024-08-07,62.733619689941406,65.07393803019266,62.32498986648047,64.48886021648259,1604900
2024-08-08,63.84804916381836,63.978066442555495,62.742895209142425,63.262971409501255,1041800
2024-08-09,63.72732162475586,64.12666243865644,62.76147391007979,64.00592704594045,635000
2024-08-12,62.4085693359375,63.71803831371817,61.86992930628648,63.52301237593592,712700
2024-08-13,63.93163299560547,63.99664872478984,62.52930266771613,63.11438046167859,577600
2024-08-14,63.64373016357422,64.47027156164064,63.439415285776256,64.19166616179692,668500
2024-08-15,64.6653060913086,65.59400505213088,63.85734253005609,64.46099827167274,1073900
2024-08-16,64.99964141845703,65.49185075776249,64.08952036079326,64.63744937310354,762700
2024-08-19,66.19766235351562,66.3091087821881,64.98106895350415,64.99963981557742,823000
2024-08-20,65.17609405517578,66.19766150598953,64.98106812155405,65.93762692782721,777200
2024-08-21,65.52898406982422,65.69615013471294,64.59100339750202,65.39896680662294,785100
2024-08-22,65.81689453125,66.18836842821307,64.81389800446475,65.43612457582933,839100
2024-08-23,67.90646362304688,68.86302232122574,65.9469084492317,66.34624924497152,1250300
2024-08-26,68.69586181640625,69.56884108849331,67.98075966382964,68.25937218036272,1319600
2024-08-27,68.90946197509766,69.14163672175958,67.8507456971521,67.9621921262978,750100
2024-08-28,68.98375701904297,69.20664278360199,68.46368787326836,68.64942482949908,654700
2024-08-29,69.09519958496094,69.540971089182,68.25936915778357,69.09519958496094,835200
2024-08-30,69.85672760009766,70.33036599052504,69.32736954682345,69.81028982411875,1595600
2024-09-03,69.0208969116211,69.86601624974756,68.46367902949662,69.3830888892725,1054300
2024-09-04,69.12306213378906,70.08890987809164,68.6865724999262,69.12306213378906,844600
2024-09-05,69.33666229248047,70.32108084519973,69.20663792974545,69.72671412445487,1006900
2024-09-06,69.24378967285156,69.81958555786589,68.60299223182761,69.53169115806398,1042900
2024-09-09,69.0023422241211,69.30880752559716,68.2315203124021,69.19736817430093,1144500
2024-09-10,69.19734954833984,69.41094630443773,67.8600210094644,69.20663143484181,936200
2024-09-11,70.85044860839844,70.92474622999625,68.00863189368864,68.55656091079729,1332500
2024-09-12,73.0050277709961,73.46008828968935,70.87830624529158,71.0454723459927,1435200
2024-09-13,74.35163116455078,74.83455855711921,73.53437868881764,73.86871085739261,1209500
2024-09-16,75.68895721435547,75.91184295720686,73.65510444028268,74.52808363744818,1016800
2024-09-17,74.67668151855469,76.54336119527458,74.4166398763124,75.82826616398656,1301600
2024-09-18,75.49394989013672,77.43492758759355,74.66740826671871,75.14104678662049,1436000
2024-09-19,76.44120788574219,77.87140511110668,75.94899857862148,77.21202971049115,1695000
2024-09-20,75.2431869506836,76.23689455881299,75.03887913033513,76.01400879135325,2453900
2024-09-23,76.31118774414062,76.34833655079471,75.32676916674373,75.73539895452828,891500
2024-09-24,76.60838317871094,77.07273270691209,75.86542818483599,76.17189348853601,712000
2024-09-25,75.03887939453125,77.00771667061062,74.5745299108656,76.74768209342359,1105600
2024-09-26,74.5373764038086,76.00471529479294,74.15660645020563,75.95828460059941,1052500
2024-09-27,75.0110092163086,75.65181374327081,74.20304568448026,75.4196390115205,942000
2024-09-30,75.64088439941406,75.98872600145403,74.55976168666297,74.82299006769409,1212800
2024-10-01,74.90760803222656,75.59388821688965,74.05210856726545,75.59388821688965,640800
2024-10-02,75.34004974365234,75.47166393207917,74.15551487537564,74.2777331735115,631700
2024-10-03,75.03922271728516,75.08623086250871,74.22132832847258,75.01102069912541,751000
2024-10-04,75.90410614013672,76.42116696652495,74.86058859774218,75.34004434835354,950800
2024-10-07,75.11442565917969,75.40585604872699,74.42814553604877,75.40585604872699,905800
2024-10-08,76.0733413696289,76.31777082728902,74.90761246549317,75.29305202138382,1190300
2024-10-09,77.4646987915039,77.69972517911621,75.98873336419605,76.28016378965575,1339500
2024-10-10,77.30487823486328,78.41420300909148,76.51518588709682,77.41768630423296,1336300
2024-10-11,78.00055694580078,78.22618026464382,77.42709199889623,77.54930313567871,863400
2024-10-14,79.33551025390625,79.56113358747317,77.38008890316235,77.84074580692524,763200
2024-10-15,81.30032348632812,82.40024515516834,79.73034191418718,79.74914803998566,1537500
2024-10-16,82.16522216796875,82.53186273932329,81.69516941777721,81.78917853332835,907900
2024-10-17,83.59416961669922,83.78219499829352,81.516537564018,81.82677406432238,972100
2024-10-18,84.34626770019531,84.71290827614985,82.80449523401835,83.67879364724128,1058500
2024-10-21,81.72337341308594,84.37447070143125,81.62936429525955,84.03603213930751,1303000
2024-10-22,81.61995697021484,82.3720442184299,81.14990423318932,81.48834277764254,765800
2024-10-23,81.7515640258789,83.26513428076132,81.20630117714619,82.27802075020846,1244100
2024-10-24,82.35323333740234,82.61646170734844,81.42253098011146,81.90198675247622,922300
2024-10-25,81.77977752685547,82.83269829584302,81.50714606419523,82.72928611440513,990100
2024-10-28,82.15581512451172,83.40615710083097,82.11821004562594,82.62586785193079,977700
2024-10-29,81.02769470214844,82.82329246334288,80.90547639775193,82.27802955625182,1311300
2024-10-30,77.79373168945312,80.651653327619,76.86302923401846,80.20980258614354,2179900
2024-10-31,75.73489379882812,77.37068246848779,75.68789282914268,76.74080635727069,1890000
2024-11-01,74.41875457763672,77.00404469412088,73.98629973731774,76.6373969516877,1595600
2024-11-04,75.51866149902344,76.03571511760568,74.25891665019866,74.28711866199332,873000
2024-11-05,76.50578308105469,76.94763381406678,74.92640555264754,75.04862385812325,899400
2024-11-06,76.10153198242188,78.92184828327657,73.5820491334276,77.87833067816551,2451400
2024-11-07,77.67151641845703,77.90654278566952,75.40585879575967,75.45286693817638,2028800
2024-11-08,77.93474578857422,78.15096603258253,77.11685143824582,77.7843254688853,1280100
2024-11-11,77.05104064941406,78.4800049282443,76.67499704064635,78.32958461576311,962400
2024-11-12,74.29653930664062,77.18266301309366,74.16492510549445,76.45878490678966,1112100
2024-11-13,74.63497161865234,75.86650747150306,74.14611993713795,75.42466393178842,1128300
2024-11-14,74.71017456054688,76.11092954717274,74.61616545846285,75.1238232166383,1273800
2024-11-15,73.82649230957031,74.41876343345847,72.83938572381773,74.41876343345847,1379600
2024-11-18,73.71366882324219,74.09910831262955,72.65134511695547,73.64785455884169,1066300
2024-11-19,74.66317749023438,74.98281709162033,72.94278269459565,73.21541415175446,820100
2024-11-20,74.79478454589844,74.9640038075494,74.0050994398173,74.15551257659865,731600
2024-11-21,75.93231964111328,76.78781910648071,74.87940604981294,75.2084415470943,792400
2024-11-22,75.82891082763672,76.94763146225746,75.6032803501634,76.10153510282143,1326400
2024-11-25,77.20145416259766,77.33306833820953,76.0921295592729,76.6561913365287,3005700
2024-11-26,78.23558044433594,78.50821189858814,76.24255421278657,76.83482526501697,968300
2024-11-27,77.89714050292969,79.6739392830579,77.66211413336315,78.84664904426049,899000
2024-11-29,77.0792465209961,78.79023821267272,76.89122829342375,78.02875506683839,957500
2024-12-02,76.03572845458984,77.27666739826117,75.4810696655138,77.06044715495327,1054000
2024-12-03,75.34945678710938,76.26136026398223,74.91700912051274,76.13914195938955,762200
2024-12-04,74.9922103881836,75.69728949258426,74.62556982769009,75.3776570746917,866300
2024-12-05,74.48455810546875,75.20843614751703,74.00510231674642,74.80419051632671,803800
2024-12-06,75.528076171875,75.67849650210192,74.37175036610897,74.95461838708415,854200
2024-12-09,78.03815460205078,78.30138297772646,75.77249704831951,75.77249704831951,1164400
2024-12-10,76.32716369628906,78.1321644369089,75.67848864132694,78.0381553264999,1108500
2024-12-11,75.19902801513672,77.0510367780049,74.70077330683917,76.88181752118356,1741800
2024-12-12,75.15203857421875,76.14854814363494,74.87940710906156,75.10503042861247,815600
2024-12-13,75.14263153076172,75.31185080457139,73.94870072341924,74.75718484002584,679900
2024-12-16,75.74429321289062,76.70319758301872,74.76658271784594,74.76658271784594,1267900
2024-12-17,75.54688262939453,75.92292628416847,74.96401460587312,75.09562880917858,893400
2024-12-18,69.7840347290039,75.96992349526658,69.53020222631908,75.52807276072588,1598400
2024-12-19,68.93793487548828,70.59251531546981,68.3456638472858,70.12246258702235,1745700
2024-12-20,70.16947174072266,71.51382285036605,68.93793586961026,69.12595409472638,3032000
2024-12-23,71.08137512207031,71.39161164838714,69.51140070940353,69.74642707677648,1287900
2024-12-24,71.57022094726562,71.5984301338853,70.57371152641824,70.92155310371163,246500
2024-12-26,71.66425323486328,72.27531613854259,70.71474456805053,71.26940343075921,677600
2024-12-27,70.14127349853516,71.81466017839531,69.99085317239964,70.87455465735604,593300
2024-12-30,69.72762298583984,70.03785952121099,68.50549014329357,69.53960475542833,616400
2024-12-31,70.84228515625,71.55680524004612,70.10870713320713,70.14681574322648,980700
2025-01-02,70.21349334716797,71.56632335806599,69.79431323746364,70.25160195140893,935600
2025-01-03,71.36624908447266,71.48056761342042,70.21348394878747,70.43260657672414,747800
2025-01-06,68.58439636230469,71.27099148038482,68.4986574445077,71.07092673705132,1227700
2025-01-07,67.0029296875,69.56567003381655,66.88860386093657,68.75588208396226,1448100
2025-01-08,66.6218490600586,67.25062291791473,65.49767056900795,66.78380519194098,1199900
2025-01-10,64.9260482788086,65.84063295247753,64.20199935314335,64.98320754951513,1886400
2025-01-13,66.04069519042969,66.22170923217217,64.50685849059236,64.76408973606564,1387500
2025-01-14,66.9648208618164,67.42210962964155,66.25030080217492,66.38367729849675,1148800
2025-01-15,68.59391784667969,69.58471975445961,68.46054136567788,69.34654642860309,1422300
2025-01-16,69.01310729980469,69.23222269583175,68.20331215278131,68.57486923927726,575300
2025-01-17,69.72762298583984,70.43261397277904,69.16553017509095,69.54660893803502,1086600
2025-01-21,70.53742218017578,70.9947109546145,69.97532927885541,70.13729268542339,961500
2025-01-22,69.28939056396484,70.19444633934111,69.27033262661413,70.05154088310448,740600
2025-01-23,68.46054077148438,69.38465443074269,67.25061621628966,69.27985758679753,1074500
2025-01-24,70.08011627197266,70.62315115797101,68.11757041528966,68.1747296869296,1906200
2025-01-27,71.0614013671875,72.35706504833342,69.77526665577074,69.85148387665562,1182100
2025-01-28,69.71809387207031,70.56599030189865,68.68918339481587,70.28017941317036,1535000
2025-01-29,65.58340454101562,68.66060715716418,65.49766563123822,67.08866172831982,3228000
2025-01-30,68.97500610351562,70.5660023945128,67.3744808430018,67.72697276190263,1834400
2025-01-31,69.67999267578125,70.28018688374209,68.97500161537864,68.97500161537864,1506200
2025-02-03,68.2890625,69.18459661269598,66.99339890785531,67.73649858925252,919800
2025-02-04,68.85114288330078,69.25127960083978,67.46021151144829,68.20331113642,959800
2025-02-05,69.5275650024414,69.92769447146091,67.52690312039677,69.42276815077341,1275400
2025-02-06,68.96546936035156,70.38498038241521,68.57486887588595,70.22302426125809,1316700
2025-02-07,69.29891967773438,69.4799337595638,67.93656775035178,69.24176039651422,795400
2025-02-10,67.75554656982422,69.40370182229998,67.64122076315182,69.34654255320012,1011000
2025-02-11,68.16521453857422,68.33669963844822,66.68853688585509,66.73617446244874,976700
2025-02-12,67.09819030761719,67.26967539465085,66.11691735844191,66.5456264417895,1049200
2025-02-13,67.88893127441406,68.11757564700765,66.87907136421809,67.28872980220477,901500
2025-02-14,67.52689361572266,69.11789683598163,67.49831398174018,68.34621037609212,846800
2025-02-18,67.80318450927734,68.14615469945743,67.25062061749016,67.53643153213139,1118300
2025-02-19,66.583740234375,67.41258609769591,65.8406405554884,67.41258609769591,1159000
2025-02-20,66.27886962890625,66.76474522536967,65.63103792311259,66.57420221279935,1164000
2025-02-21,65.60246276855469,66.58373572776989,64.84030520316857,66.57420675937243,1205100
2025-02-24,65.58340454101562,66.30745349807526,65.3547601798027,66.04070053191465,1124100
2025-02-25,66.59326171875,67.45068712435517,65.75488698061477,65.75488698061477,1445000
2025-02-26,66.67900848388672,67.5078543517386,66.37414688912632,66.95529043983734,1030800
2025-02-27,66.72663879394531,68.08899048714099,66.25029214972966,67.01244241939092,1097400
2025-02-28,67.57453918457031,67.73649530862608,66.7075847526129,67.01244633197162,2958400
2025-03-03,64.81172943115234,68.34622099615645,64.20200624987514,67.43163622424065,1385500
2025-03-04,63.88761901855469,64.86889208740321,62.534796093898954,64.28775578274819,1576800
2025-03-05,64.47827911376953,64.77361169381484,62.30613967807695,63.430317997940804,2133900
2025-03-06,63.51607131958008,64.15437419420864,62.66817472051247,63.316006564926695,1614300
2025-03-07,65.73583221435547,65.89778831740674,63.52558423353923,63.68754033659049,1357800
2025-03-10,64.94509887695312,66.59326144247152,64.34490472975601,65.30712697363606,2282600
2025-03-11,62.46809768676758,65.25948927038577,61.90601214396261,65.25948927038577,1579400
2025-03-12,62.963504791259766,63.506547019708556,62.20135441450028,62.86823690272408,1123000
2025-03-13,60.943790435791016,63.68754447234954,60.70561711519998,62.944444875061166,1518900
2025-03-14,62.41094207763672,62.55384753081801,61.33439396301448,61.906015775739654,1182500
2025-03-17,65.39286804199219,65.98354050926243,63.09688095064012,63.15404022317581,1765100
2025-03-18,65.17375183105469,65.73583738650704,64.40206531917318,64.78314409105042,1418500
2025-03-19,65.60246276855469,66.54562712265326,65.00226859203255,65.1642247124233,1462700
2025-03-20,65.23091125488281,66.05022807236266,64.9546293263398,65.47861354745122,1346500
2025-03-21,65.1070556640625,65.74536568960124,64.24963752160298,65.28806971427962,2903000
2025-03-24,66.1931381225586,66.5646879530054,65.60246562028425,65.73584210975369,1555400
2025-03-25,65.26901245117188,66.59325540316716,64.61165182447199,66.44082100397267,1139100
2025-03-26,65.65961456298828,65.87873720033127,64.75455891709734,65.34522405794189,1106700
2025-03-27,65.08800506591797,66.14549519578411,64.90699101550773,65.5453010417275,1063100
2025-03-28,64.47827911376953,65.57387779923836,63.89713565282882,65.2690162515705,1216700
2025-03-31,64.95196533203125,65.4256418181734,63.70493315910211,64.3816138535909,1582200
2025-04-01,64.72962188720703,65.43530949050422,63.52125826018644,65.22263631210599,1340100
2025-04-02,65.56097412109375,65.68664127835561,63.327920584670444,64.07226930505621,1148100
2025-04-03,60.51485061645508,64.24627818847675,60.40851771198927,63.58892806244012,1449700
2025-04-04,58.40746307373047,59.83816886715643,56.918761873361746,59.180818752652556,2530800
2025-04-07,56.541751861572266,59.9541695282337,54.56003258405977,56.8994264588595,2276600
2025-04-08,54.96604537963867,59.32581973318234,54.10569106528503,57.962785706340846,1983800
2025-04-09,59.538490295410156,59.9058338552441,52.413979680114004,53.94134932341008,2482700
2025-04-10,57.67277908325195,58.16578982086243,54.97571058082454,57.80811521955157,2200500
2025-04-11,58.62013626098633,58.76514137270931,55.633061198084995,57.102431825520696,1907200
2025-04-14,60.746856689453125,61.24953640316282,59.22915226182123,59.9251708942859,1903300
2025-04-15,61.47187423706055,61.71354696111132,60.321513398126775,60.650188450341155,1486600
2025-04-16,60.96919631958008,61.974555766197184,60.39884852656011,61.47187604288863,1412100
2025-04-17,61.75221633911133,62.651235492436115,61.259201910130166,61.35587321367215,1413500
2025-04-21,60.48584747314453,61.15286284625234,59.52882557640867,60.775853996772575,1388600
2025-04-22,61.8005485534668,62.18722638239743,60.843522955061665,61.61687861292293,1588200
2025-04-23,63.11524963378906,65.21296711299462,62.844577362313025,63.453589973134115,1742400
2025-04-24,63.83060073852539,64.08194244465449,62.91224730785597,63.10558254317591,1004100
2025-04-25,63.656593322753906,63.84026695104839,63.14424833358103,63.52125718883149,770200
2025-04-28,64.03360748291016,64.54595251452858,63.14425356480772,63.31825823359009,1331000
2025-04-29,62.9509162902832,64.05294336525134,61.771552170515,63.75326416046771,2443200
2025-04-30,61.60721206665039,62.071223267071794,58.75547310690437,60.05083909094325,3881200
2025-05-01,62.13888931274414,63.10558020404449,61.09486506770897,62.283894421492434,1244100
2025-05-02,62.88324737548828,63.89826841760976,62.31289589682975,63.182919200981324,1254700
2025-05-05,62.58356857299805,63.38592381278088,62.21622867569256,62.37089538893354,691800
2025-05-06,61.84888458251953,62.7092425984228,61.58787759175785,62.20655919017078,1038400
2025-05-07,61.91655731201172,62.950916317036004,61.80055174476231,62.30322778564333,1337100
2025-05-08,61.42354202270508,62.515900108647415,61.355873953226634,62.26456577930832,1402800
2025-05-09,62.071224212646484,62.27422842449212,61.18187032019894,61.59754771833998,1105300
2025-05-12,64.38160705566406,64.91328995609906,63.76292552166641,63.92726119079518,1216100
2025-05-13,63.840267181396484,64.87462613740205,63.298922643753556,64.71029045636989,1215800
2025-05-14,63.90793991088867,64.58462063230833,63.19259066606406,63.646929221722,2143500
2025-05-15,64.74896240234375,64.7876235497068,63.617928397410566,63.9079386294994,923200
2025-05-16,65.58030700683594,65.67698199688822,64.30427531596817,64.8262892861322,1103300
2025-05-19,65.63831329345703,65.72531193394273,64.66195342371992,64.93262569447486,1044500
2025-05-20,65.34830474853516,66.08299191316489,65.25163713154171,65.25163713154171,1217800
2025-05-21,62.82524108886719,65.25163737330467,62.776910967824605,65.25163737330467,1257900
2025-05-22,62.477230072021484,63.26991631323606,61.79088041959013,62.64157312985589,999800
2025-05-23,62.45790100097656,62.85424044348067,61.732882810166835,61.91655644525722,1369700
2025-05-27,64.85528564453125,65.08729675893073,63.192583576263566,63.434256288980286,1619300
2025-05-28,65.51264190673828,65.58997895217703,64.28494765528104,64.92296721725089,1392000
2025-05-29,66.55667114257812,66.58567069134487,65.46431301251911,66.04432611365428,1643800
2025-05-30,65.08729553222656,66.24732158129738,64.60395011590276,66.24732158129738,2502800
2025-06-02,65.33863067626953,65.48363577807902,63.627591125661944,64.5846129971792,1110600
2025-06-03,68.03569793701172,68.46104426215113,64.88429114248196,65.24196202928944,1838300
2025-06-04,68.8573989868164,69.31173753395663,67.44602372242935,68.00670623838951,1886600
2025-06-05,69.4180679321289,70.01741891727858,68.58671320687154,68.93472250466606,1314200
2025-06-06,71.65113830566406,71.87347310157546,69.97875966017584,70.22043240589416,1741000
2025-06-09,70.16242980957031,72.10547327809718,69.94975662389676,71.9604755381075,3455100
2025-06-10,70.46210479736328,70.95511926122475,68.72205808683272,70.47177377221813,2044200
2025-06-11,70.54911041259766,71.73813617852936,70.21076267203591,70.78111418090462,1693600
2025-06-12,71.0324478149414,71.15811497195884,70.25909217490769,70.50076489050998,806100
2025-06-13,69.69841003417969,71.1001162164598,69.11839698904511,70.43309715815872,1065600
2025-06-16,70.3944320678711,71.15811877502166,69.67908285653078,70.34609457206084,2143300
2025-06-17,69.35040283203125,70.7811086036011,69.14739862885033,70.77143962956403,1669000
2025-06-18,69.32140350341797,69.99809155808427,69.0797307785942,69.38907157135797,1775300
2025-06-20,69.08940887451172,70.26877310740535,68.96373432084019,69.4954173357569,3225600
2025-06-23,68.6253890991211,70.15276258406648,66.73067570493315,70.15276258406648,2169500
2025-06-24,67.99703216552734,69.45673744236667,67.40735752085385,68.9927299555308,2004700
2025-06-25,64.42028045654297,67.19468597183747,64.35261238910975,67.05934983697104,2886700
2025-06-26,65.50297546386719,65.62864262196273,64.51694664560179,65.00996105473449,2988900
2025-06-27,66.31499481201172,66.92401480420624,65.61897617822731,66.04432253782142,1996900
2025-06-30,66.16789245605469,66.64843381320603,65.38332872498151,66.45229662151486,1473100
2025-07-01,66.80535125732422,68.55099774725339,65.21661302832183,65.63831473515957,1392900
2025-07-02,66.95244598388672,67.18781958293515,66.15808066302162,66.69746914148185,1222200
2025-07-03,67.50164794921875,67.87431161534576,66.60920649639152,66.60920649639152,774300
2025-07-07,66.03059387207031,67.25647000596963,65.68735005100933,67.17801213768308,1560600
2025-07-08,66.98188018798828,67.32512403589547,65.64812625141631,65.873683287689,1149900
2025-07-09,67.69778442382812,68.33524152874273,67.22705216449273,67.24666289106739,1479800
2025-07-10,68.92366027832031,69.22767517283847,67.54087585543206,67.63894445216492,1400900
2025-07-11,69.40420532226562,69.66899877786351,67.9429629515988,67.9429629515988,1490500
2025-07-14,69.85533142089844,70.31625457882728,69.35517184525976,69.37478257196027,1605700
2025-07-15,68.57061004638672,70.27703512182839,68.5215794871654,70.16915741652502,1042100
2025-07-16,68.74713134765625,69.75725207389833,67.88411725231877,68.86481814881074,1654400
2025-07-17,67.69778442382812,68.86482093211082,67.00148765703518,68.61964569807861,1366500
2025-07-18,67.61933135986328,68.21755957199858,67.47223219471107,68.04103309166103,1369000
2025-07-21,67.67817687988281,68.35485546976818,67.39377269717257,68.10968022420639,873900
2025-07-22,69.74745178222656,69.88474931178149,67.82527888630335,68.06064501094691,848700
2025-07-23,70.11030578613281,70.64969427814994,69.54150494618783,70.10050416420825,1055800
2025-07-24,69.37478637695312,70.06128156359362,69.0903821901934,69.48266408510871,1175100
2025-07-25,70.41433715820312,70.65951241643899,69.19826249020154,69.5807352944771,1540300
2025-07-28,68.25679016113281,70.22800132555726,68.16853065990661,70.14954344747503,1287200
2025-07-29,69.07076263427734,69.32574695570521,68.02141300173841,68.47253450447765,2058900
2025-07-30,65.14796447753906,69.04134845035236,64.4222478687653,68.42350206261199,3158500
2025-07-31,64.16726684570312,65.50102080669531,64.03977840904757,64.5595487428458,4179700
2025-08-01,63.37289810180664,65.06950655581498,62.048949574258536,65.06950655581498,2711900
2025-08-04,64.47127532958984,64.90278612160994,63.21597936969953,63.57884139773043,2056300
2025-08-05,64.82432556152344,65.26564543925868,63.882853630703586,64.61837927810852,2195200
2025-08-06,64.7458724975586,65.157772577084,64.34378900454999,64.97143700496905,1537500
2025-08-07,64.42224884033203,65.26565226952697,63.941699979919036,65.18719439654265,1255100
2025-08-08,62.029335021972656,64.64780475998946,61.81357961605586,64.28495019745162,2107600
2025-08-11,60.911338806152344,62.54910765617114,60.793655735397536,61.78416208464881,1535100
2025-08-12,62.441226959228516,62.45103606361684,61.03882805894992,61.61744176231403,2294100
2025-08-13,64.23590850830078,64.44185479802616,62.44122407792442,62.49026211544886,1183300
2025-08-14,63.95150375366211,64.18686987084064,62.725627648549384,63.36308471963879,1105600
2025-08-15,64.17707824707031,64.4124444009157,63.30425492282832,64.18687987028733,937200
2025-08-18,63.90248107910156,64.6772282887779,63.706336388802896,64.3928315816159,1156000
2025-08-19,65.57947540283203,65.60889523426931,64.17707274113765,64.3339810028546,1306300
2025-08-20,65.14796447753906,65.90310091769962,64.7949115365887,65.7069637203514,1188500
2025-08-21,65.1381607055664,65.2362293122689,64.3536043697913,64.57916141699155,1031000
2025-08-22,68.0312271118164,68.51176847889964,65.27545237402698,65.34410114075317,1286900
2025-08-25,68.33524322509766,68.6294565061016,67.41338192796287,67.81547291319129,1128400
2025-08-26,68.13910675048828,68.87463247866553,67.75662648825386,68.29601501511236,2430100
2025-08-27,69.67880249023438,69.82590164067723,68.01160645772538,68.1391023643147,1120500
2025-08-28,70.28683471679688,70.43394135452644,68.98250066823144,69.91417105241578,1303700
2025-08-29,71.11062622070312,71.24792375173494,70.1299252949591,70.19857406047501,1088000
2025-09-02,71.00275421142578,71.20870052448086,69.80629778897308,70.139732539018,1486000
2025-09-03,72.35611724853516,72.47380405994063,70.68892857214175,70.77718806907983,1364000
2025-09-04,73.83697509765625,74.15079910098576,72.46399227728172,72.77781628061123,2322200
2025-09-05,75.34725189208984,75.9258618312671,74.21944436141682,74.57249728375191,2049900
2025-09-08,74.32732391357422,74.6411479099079,71.90499143461376,73.55256928590418,3498700
2025-09-09,71.00275421142578,73.55257532630678,70.62028141830137,73.55257532630678,3222900
2025-09-10,72.44438171386719,72.89550325203592,69.81610287424824,69.81610287424824,2389100
2025-09-11,74.75883483886719,75.12168939270333,72.21881555124281,72.53263954809924,1508300
2025-09-12,75.69049835205078,76.41621494788775,74.5823089906947,74.79805691106998,2141900
2025-09-15,76.30833435058594,76.43583025568984,74.80786317631741,76.19065503160272,2099900
2025-09-16,77.40673065185547,77.69113484126663,76.16124366720439,76.44564037446067,2682900
2025-09-17,74.95497131347656,77.79900546647096,74.8667043403113,77.4165327077813,1667700
2025-09-18,76.24950408935547,76.67120582604903,74.76864345834015,74.98439887927476,1480000
2025-09-19,74.96478271484375,76.72023830623698,74.64114960691079,76.52409362772256,6244800
2025-09-22,74.18021392822266,74.9157395878617,73.58198579314393,74.17040482442437,1453900
2025-09-23,74.7196044921875,75.77875578521919,74.40578050126068,74.58230696379165,1105000
2025-09-24,74.00369262695312,74.76863816913193,73.40546445019186,73.79774632576301,2856200
2025-09-25,73.90562438964844,74.03311281991624,72.31688615279332,73.35643425045853,5472200
2025-09-26,73.37604522705078,74.08215111250027,72.58167984699736,73.90562464113789,2563300
2025-09-29,73.91543579101562,74.19983997397779,72.87588766104764,74.07234405759371,1982700
2025-09-30,73.58876037597656,74.44007032964814,72.28209981606379,74.0936087327577,2480900
2025-10-01,75.54875946044922,75.5982572139168,73.26210523342804,74.23219776209898,1844000
2025-10-02,74.84593200683594,75.59825402448142,73.98472097799322,75.59825402448142,1465700
2025-10-03,74.84593200683594,75.58835296374625,74.61825292370631,75.36067388061662,1509900
2025-10-06,73.85604095458984,75.172602660802,73.76694650827555,74.63805863980691,1015700
2025-10-07,73.02452087402344,74.26188911648369,72.82654497614836,74.14310659867719,2118700
2025-10-08,72.29199981689453,73.20270101602685,72.10391743035554,73.13340869766454,2479300
2025-10-09,70.72796630859375,72.37119497340201,70.53989146973117,72.30190265333759,1309900
2025-10-10,68.78777313232422,71.13382603585825,68.7085873046532,70.95564470707976,1541800
2025-10-13,69.39160919189453,70.09443344394523,69.07484322544498,69.718276218879,1847600
2025-10-14,69.81726837158203,69.87665963377512,68.73828682949119,68.87687147613961,2539900
2025-10-15,71.00514221191406,71.90594236096284,69.81726417340276,69.96574987225372,2067400
2025-10-16,69.67868041992188,71.36149822214549,69.29262212938474,71.07443543363036,2237000
2025-10-17,70.34191131591797,70.64878379255948,69.40151442062476,69.9558530071305,1403900
2025-10-20,69.95584869384766,71.12392460931932,69.9162520040677,70.58938062573435,905800
2025-10-21,71.24271392822266,71.58917551977743,69.81726332034444,69.95584795696634,1938500
2025-10-22,72.46028137207031,72.57907144236094,71.22291312765452,71.47038677653768,1505300
2025-10-23,72.98493194580078,73.28189579346589,71.44069123921585,72.6384627950802,1333900
2025-10-24,73.43038177490234,74.2024983550061,73.21260375440201,73.57886747545224,1350400
2025-10-27,73.77684783935547,73.90553897869164,72.76715860864711,73.1532169220618,1586000
2025-10-28,73.3412857055664,74.0144143211264,72.69786027129418,73.99461975256418,1913100
2025-10-29,69.64898681640625,73.12351908461528,69.27282957558774,72.31180578957779,3187100
2025-10-30,69.71827697753906,71.02493754739936,69.04514834747185,70.11423632798386,2219200
2025-10-31,70.4706039428711,70.73787218064223,69.12434658808269,69.43121151891195,2345100
2025-11-03,69.8964614868164,70.1538362091565,68.7283855036382,69.54999987152982,1369000
2025-11-04,69.02535247802734,70.14393063608536,68.79767340131477,69.17383062338737,1702200
2025-11-05,68.66899108886719,69.09464606876094,67.32273382931004,69.01545268824665,1547500
2025-11-06,69.39160919189453,70.04494324586346,68.27303102493435,69.61928827041908,1681300
2025-11-07,71.62877655029297,71.80695788707665,69.39161255563045,69.48070700017065,1903500
2025-11-10,70.8863525390625,71.64856805406153,70.2924172926313,71.6287734851756,1307300
2025-11-11,71.68816375732422,72.12371978978321,70.87645050283919,71.28231090622985,1875700
2025-11-12,70.92594909667969,72.29200091615004,70.92594909667969,71.41099533259144,1535600
2025-11-13,70.08454132080078,71.42089753216126,69.93605561902817,70.75766995684631,1392700
2025-11-14,69.92615509033203,70.39140676835439,69.33221983101913,69.80736501755082,1059400
2025-11-17,68.41162109375,70.04494880602945,68.0156617161827,69.82717077075259,1064300
2025-11-18,68.43141174316406,68.77788089886931,67.76818416631072,68.53040724610644,1117200
2025-11-19,68.67888641357422,68.97585782220865,67.8671731225763,68.58979952236187,976600
2025-11-20,67.96617126464844,70.1835331976689,67.93646808079494,69.27283191921546,1135400
2025-11-21,69.33222198486328,69.73807486295479,68.11464824599514,68.16414599926578,1252800
2025-11-24,69.94596099853516,70.332019315603,69.01545759211675,69.51040492705471,1500400
2025-11-25,71.69806671142578,72.43058660621126,70.05483803814599,70.05483803814599,1447000
2025-11-26,71.97523498535156,72.38109539377892,71.36149761856984,71.60897126693881,1231300
2025-11-28,71.62877655029297,72.08412717711867,71.5198875360198,71.76736119531398,414000
2025-12-01,71.24271392822266,71.98513486110986,70.50029299533546,70.97543816309735,1465700
2025-12-02,71.02494049072266,71.6683735178227,70.60918655405989,71.29220872077822,889300
2025-12-03,70.4310073852539,71.7673636812734,70.01525343578953,71.15362626613765,1081700
2025-12-04,69.84696197509766,70.92595103816345,69.54009705961222,70.83685659516331,1082100
2025-12-05,68.57989501953125,70.09443251250168,68.00575435287823,69.83706536038515,1915900
2025-12-08,67.83747863769531,68.3819237119532,67.36233343861277,68.3819237119532,1279700
2025-12-09,68.2829360961914,69.15404066701952,67.35243271096137,67.82757791239604,909700
2025-12-10,69.62918090820312,70.03504130980029,68.3027258003706,68.35222355012996,1805200
2025-12-11,70.89625549316406,71.05463470537074,69.74797410740501,69.8865587501971,940300
2025-12-12,70.6883773803711,71.50998416291777,70.23301921597148,70.96554666145157,1118000
2025-12-15,70.89625549316406,71.58917870712445,70.46069944307662,71.13382808762239,1258700
2025-12-16,69.98554992675781,71.203123690018,69.06494758447725,70.84676100576122,1816500
2025-12-17,68.83727264404297,70.85665857109862,68.04535392870079,70.15383429857332,1730800
2025-12-18,68.49081420898438,69.29262646997334,67.97606475449258,69.29262646997334,1562900
2025-12-19,68.01565551757812,68.74817539032641,67.66919392589288,68.29282479092632,2810300
2025-12-22,68.74817657470703,68.87686770547596,67.60980383274331,67.8968666191592,1220600
2025-12-23,68.10475158691406,68.56010219721345,67.86717144496063,68.56010219721345,1131600
2025-12-24,68.5205078125,68.72838477948166,67.85728021989708,67.98596380356285,446300
2025-12-26,68.63928985595703,68.71848323872001,68.25323155535834,68.52050733410923,529300
2025-12-29,68.31262969970703,68.9461616510144,68.21364174837086,68.79767594786186,910200
2025-12-30,68.56999969482422,68.65909414131418,67.99586653244276,68.31263252117962,849600
2025-12-31,67.4800033569336,68.86000061035156,67.33999633789062,68.81999969482422,1106100
2026-01-02,67.81999969482422,68.2300033569336,66.91000366210938,67.56999969482422,1078900
2026-01-05,67.08999633789062,67.91999816894531,66.9000015258789,67.05999755859375,2630000
2026-01-06,68.0999984741211,68.25,66.79000091552734,66.79000091552734,1808200
2026-01-07,66.12999725341797,68.91000366210938,65.81999969482422,68.5,1939900
2026-01-08,67.05000305175781,67.73999786376953,65.7699966430664,65.7699966430664,1186200
2026-01-09,67.9800033569336,68.08999633789062,66.70999908447266,67.13999938964844,1126600
2026-01-12,66.91000366210938,67.7699966430664,66.30000305175781,67.7300033569336,1666500
2026-01-13,66.31999969482422,67.98999786376953,65.95999908447266,67.66000366210938,1476700
2026-01-14,66.37000274658203,66.37999725341797,65.16000366210938,65.9000015258789,1667800
2026-01-15,67.11000061035156,67.66000366210938,65.86000061035156,66.47000122070312,1623900
2026-01-16,67.94999694824219,68.0199966430664,66.43000030517578,66.91000366210938,2207300
2026-01-20,65.62999725341797,67.19999694824219,65.47000122070312,66.79000091552734,1436900
2026-01-21,65.93000030517578,66.83000183105469,65.5999984741211,66.08999633789062,1527500
2026-01-22,65.4000015258789,67.51000213623047,65.3499984741211,66.54000091552734,1674400
2026-01-23,65.48999786376953,65.68000030517578,64.69000244140625,65.0999984741211,1629700
2026-01-26,64.7699966430664,65.93000030517578,64.4800033569336,65.33999633789062,1626400
2026-01-27,65.22000122070312,65.33999633789062,63.95000076293945,64.5999984741211,3458100
2026-01-28,64.1500015258789,66.30000305175781,62.75,63.900001525878906,4016800
2026-01-29,65.01000213623047,65.29000091552734,63.43000030517578,64.44999694824219,2381100
2026-01-30,64.66999816894531,65.63999938964844,64.0,65.20999908447266,2621900
2026-02-02,63.060001373291016,65.05999755859375,62.9900016784668,64.80000305175781,1712500
2026-02-03,62.7599983215332,63.880001068115234,62.41999816894531,63.06999969482422,3116100
2026-02-04,63.72999954223633,64.55999755859375,63.130001068115234,63.400001525878906,2854000
2026-02-05,63.16999816894531,64.62999725341797,62.88999938964844,64.56999969482422,1956600
2026-02-06,64.72000122070312,64.83000183105469,62.869998931884766,63.09000015258789,3462000
2026-02-09,65.01000213623047,65.1500015258789,64.01000213623047,64.3499984741211,2032100
2026-02-10,66.0999984741211,66.55999755859375,64.93000030517578,65.13999938964844,2123600
2026-02-11,61.779998779296875,66.7699966430664,61.439998626708984,66.16000366210938,4349300
2026-02-12,59.06999969482422,62.400001525878906,57.59000015258789,62.400001525878906,6361000
2026-02-13,61.4900016784668,61.9900016784668,59.40999984741211,59.40999984741211,2517900
2026-02-17,60.65999984741211,62.04999923706055,59.939998626708984,60.900001525878906,2657200
2026-02-18,61.54999923706055,61.83000183105469,60.400001525878906,60.5099983215332,2366900
2026-02-19,62.220001220703125,62.290000915527344,60.630001068115234,61.45000076293945,2462200
2026-02-20,60.880001068115234,62.68000030517578,60.7599983215332,62.36000061035156,2482800
2026-02-23,59.619998931884766,61.540000915527344,59.290000915527344,60.91999816894531,2735900
2026-02-24,59.5,60.04999923706055,58.0,58.70000076293945,2546000
2026-02-25,60.29999923706055,60.58000183105469,59.04999923706055,59.75,2628000
2026-02-26,61.16999816894531,61.65999984741211,60.13999938964844,60.63999938964844,1817000
2026-02-27,57.58000183105469,60.709999084472656,57.45000076293945,60.25,18749500
2026-03-02,56.2400016784668,57.27000045776367,55.63999938964844,56.9900016784668,2730600
2026-03-03,55.25,56.52000045776367,53.36000061035156,54.939998626708984,3266100
2026-03-04,56.36000061035156,56.70000076293945,54.5,55.119998931884766,3548600
2026-03-05,55.470001220703125,56.31999969482422,55.040000915527344,55.79999923706055,2551500
2026-03-06,52.939998626708984,55.0,52.81999969482422,54.7599983215332,2487800
2026-03-09,52.47999954223633,52.7599983215332,49.720001220703125,52.40999984741211,3778000
2026-03-10,53.439998626708984,53.59000015258789,51.65999984741211,52.029998779296875,3385700
2026-03-11,52.150001525878906,53.27000045776367,51.43000030517578,53.27000045776367,1705200
2026-03-12,52.72999954223633,52.79999923706055,50.80500030517578,51.45000076293945,2761547
