date,close,high,low,open,volume
2021-03-15,46.42623519897461,46.62702405286098,46.05874975782423,46.62702405286098,12200
2021-03-16,46.56071853637695,46.702788895371114,46.468847189840574,46.702788895371114,13400
2021-03-17,46.5512580871582,46.69048504327425,46.11557725266575,46.11557725266575,24600
2021-03-18,45.91667175292969,46.50862555071343,45.91667175292969,46.409177746245675,5300
2021-03-19,45.926143646240234,46.0947297993284,45.62305998699361,45.89772740796762,10100
2021-03-22,46.191341400146484,46.38929041278217,46.03032808065847,46.05874432115602,16900
2021-03-23,45.68937301635742,46.28700657321232,45.68937301635742,46.19134878507548,8600
2021-03-24,45.8124885559082,46.17334409224688,45.660948524062505,46.03980041017643,69800
2021-03-25,45.95456314086914,45.98297577038977,45.282104413549874,45.63254009196982,9000
2021-03-26,46.39023971557617,46.39023971557617,46.03506739920365,46.03506739920365,11400
2021-03-29,46.60807418823242,46.69805232326354,46.281318142855,46.64596009908755,29200
2021-03-30,46.46126937866211,46.57966013671333,46.38171113609961,46.48494897547204,15800
2021-03-31,46.892215728759766,47.03428610140402,46.57966596714192,46.57966596714192,31700
2021-04-01,47.176353454589844,47.176353454589844,46.93957192400407,47.11952458656946,19900
2021-04-05,47.89616775512695,48.057181074810295,47.572251517057374,47.69727213639997,14600
2021-04-06,47.934059143066406,48.1140118263293,47.83934435213868,48.1140118263293,102100
2021-04-07,47.91511154174805,48.00035303882289,47.8298700446732,47.88669891372293,44400
2021-04-08,48.303436279296875,48.303436279296875,47.95300059636151,48.13768991662473,75400
2021-04-09,48.682289123535156,48.682289123535156,48.18030977040117,48.350792778937276,9000
2021-04-12,48.549686431884766,48.55915971697136,48.36973375823563,48.43603230184319,24300
2021-04-13,48.70122528076172,48.758054150887304,48.53074589638409,48.58757115351011,120600
2021-04-14,48.52033233642578,48.93801320539791,48.52033233642578,48.93801320539791,27100
2021-04-15,48.994834899902344,49.00904121395468,48.748583692662905,48.748583692662905,9300
2021-04-16,49.2410888671875,49.28844445087485,49.1103849993708,49.26002821026288,14600
2021-04-19,48.93800735473633,49.160582582243585,48.87170881203199,49.14637626780688,24000
2021-04-20,48.656715393066406,48.89065351266682,48.4644459993668,48.89065351266682,13200
2021-04-21,49.17100524902344,49.17100524902344,48.50233292285626,48.50233292285626,12700
2021-04-22,48.8527717590332,49.20320744590381,48.56863100497619,49.10849265688488,12100
2021-04-23,49.2410888671875,49.373685946711845,48.74858284824031,48.74858284824031,18100
2021-04-26,49.354740142822266,49.39262605278587,49.28844160688558,49.38315276879535,19700
2021-04-27,49.36137771606445,49.48734495404423,49.21930733798211,49.48734495404423,78100
2021-04-28,49.354740142822266,49.511016811672704,49.354740142822266,49.43998163374076,4300
2021-04-29,49.714656829833984,49.79989833407222,49.297918981113845,49.7714820906596,12100
2021-04-30,49.30739212036133,49.61994189297475,49.293182192197264,49.61994189297475,16400
2021-05-03,49.36421585083008,49.66729594160573,49.33580322138226,49.66729594160573,160300
2021-05-04,48.9853630065918,49.354741607198456,48.776994108608825,49.354741607198456,21400
2021-05-05,49.25056076049805,49.38789448848631,49.117963674992026,49.25056076049805,29200
2021-05-06,49.37369155883789,49.50628865343406,48.928541072979435,49.19373526217178,14800
2021-05-07,50.02720260620117,50.02720260620117,49.591525447349625,49.591525447349625,12300
2021-05-10,49.36421585083008,50.197687906962955,49.36421585083008,50.00826194697825,145300
2021-05-11,48.843292236328125,48.985362595214205,48.54021217617052,48.76752402778838,31500
2021-05-12,47.886695861816406,48.68228191281096,47.82134393112404,48.634922718454725,5500
2021-05-13,48.45497512817383,48.60651517215328,47.801459365949896,47.801459365949896,12400
2021-05-14,49.165321350097656,49.212676937933665,48.85750460966394,48.85750460966394,5200
2021-05-17,49.00431442260742,49.29792125172918,48.87645035386088,49.29792125172918,33800
2021-05-18,48.77699661254883,49.20320410166615,48.77699661254883,49.06113373429387,35900
2021-05-19,48.35078811645508,48.51180143699029,47.943523592335914,48.24660366428513,26800
2021-05-20,49.00431442260742,49.193736784750506,48.78647220274294,48.84330107918585,21700
2021-05-21,49.00431442260742,49.435254993382884,48.871713710907315,49.18426711184333,11500
2021-05-24,49.345272064208984,49.766742921266655,49.31685943523868,49.52522834901986,32200
2021-05-25,49.38315963745117,49.65782710339167,49.34527372221805,49.65782710339167,39900
2021-05-26,49.52523422241211,49.638888364771624,49.38316383471269,49.38316383471269,14100
2021-05-27,49.54890441894531,49.88513377665874,49.48734251840611,49.88513377665874,7600
2021-05-28,49.63888168334961,49.97984767753396,49.6104690548341,49.97984767753396,18300
2021-06-01,49.57258224487305,49.94196086089205,49.57258224487305,49.94196086089205,16100
2021-06-02,49.62941360473633,49.77148036487413,49.59152769016638,49.695712148733904,16300
2021-06-03,49.64835739135742,49.64835739135742,49.32633792769886,49.32633792769886,10900
2021-06-04,49.8377799987793,49.95143774497473,49.75443532050234,49.8377799987793,5500
2021-06-07,49.91354751586914,49.97037277105607,49.82830602008931,49.847248976151434,15600
2021-06-08,49.92302703857422,49.98932559137444,49.73360105357352,49.932500324974335,8700
2021-06-09,49.8188362121582,50.008262172999046,49.8188362121582,50.008262172999046,4000
2021-06-10,50.19769287109375,50.19769287109375,50.003530249333465,50.15033727966442,7000
2021-06-11,50.12191390991211,50.245041320526646,50.03667602525534,50.245041320526646,32000
2021-06-14,50.273460388183594,50.273460388183594,49.951437335932994,50.10297738328623,36700
2021-06-15,50.14085388183594,50.282924240473086,49.989313852022654,50.282924240473086,32200
2021-06-16,50.02720260620117,50.159799688199506,49.72412252934796,49.960904065202,20000
2021-06-17,49.79990005493164,50.4723588266038,49.52523257478388,50.4723588266038,17700
2021-06-18,49.38315963745117,49.56311592830861,49.146378086743795,49.15585137205194,14900
2021-06-21,49.88513946533203,49.979854261192756,49.421049611114604,49.695717099610654,32400
2021-06-22,50.16926956176758,50.25451105339921,49.894602131732405,49.90407180280291,26700
2021-06-23,50.01773452758789,50.2829287000312,50.01773452758789,50.131388656777936,16200
2021-06-24,50.38711166381836,50.67124878487194,50.36816870734818,50.59547695899124,26400
2021-06-25,50.56706619262695,50.84173365205826,50.4723550197884,50.84173365205826,28900
2021-06-28,50.74702072143555,50.89856076052795,50.54812148456466,50.89856076052795,30600
2021-06-29,50.783164978027344,51.03993058994798,50.707083590969226,51.03993058994798,14000
2021-06-30,50.73560333251953,50.87349810137693,50.688054287889976,50.688054287889976,11100
2021-07-01,50.98286056518555,51.03991796360397,50.84020981362087,50.84020981362087,8100
2021-07-02,51.30619812011719,51.5819876329374,51.192079697755425,51.201588054719224,59800
2021-07-06,51.429832458496094,51.529686539165375,51.02090415036883,51.49640184560895,27700
2021-07-07,51.51542282104492,51.65807359251723,51.30620628471463,51.46787377314075,19900
2021-07-08,51.07796859741211,51.18733467861681,50.650019887115484,50.650019887115484,13800
2021-07-09,51.72464370727539,51.72464370727539,51.16355622754921,51.16355622754921,17000
2021-07-12,51.69611358642578,51.943370808856734,51.63905255305259,51.70562194477476,8900
2021-07-13,51.68659973144531,51.97190126023563,51.68659973144531,51.962389274470816,30500
2021-07-14,51.69611358642578,52.00994020057891,51.68660160031703,52.00994020057891,6300
2021-07-15,51.45646667480469,51.67709615297499,51.290990031477,51.51542502985712,28400
2021-07-16,50.93531799316406,51.43934442459237,50.93531799316406,51.43934442459237,5900
2021-07-19,50.08893585205078,50.64051503412296,50.02236645114693,50.64051503412296,11100
2021-07-20,51.07796859741211,51.19209067199788,50.40276264769967,50.52639308128758,11300
2021-07-21,51.581993103027344,51.62003016267547,51.31571191893274,51.31571191893274,175800
2021-07-22,51.54490280151367,51.734152137451645,51.49640328319453,51.734152137451645,4100
2021-07-23,52.03847885131836,52.1145566106293,51.82450267100091,51.8292586646329,76900
2021-07-26,52.20014572143555,52.20014572143555,52.05749856405482,52.0670069234428,4700
2021-07-27,51.99091720581055,52.13356796809181,51.6618757839685,52.13356796809181,7600
2021-07-28,51.94337463378906,52.038476363080676,51.87680523716495,51.92435428793074,27800
2021-07-29,52.29048156738281,52.38082728939632,52.07650543015494,52.07650543015494,30400
2021-07-30,51.97190475463867,52.02420979658306,51.9623927682343,51.99567746512983,7700
2021-08-02,51.876800537109375,52.34183942597661,51.86729217892169,52.29524085256158,376900
2021-08-03,52.23818588256836,52.23818588256836,51.71989142107703,52.038477687612854,5500
2021-08-04,51.96238708496094,52.16209524449146,51.96238708496094,52.16209524449146,66500
2021-08-05,52.12405776977539,52.238176198915234,52.12405776977539,52.15258647012049,9500
2021-08-06,52.352294921875,52.50445403750192,52.26670519259989,52.26670519259989,26500
2021-08-09,52.30474853515625,52.504456704355434,52.276219833201985,52.504456704355434,8100
2021-08-10,52.39984893798828,52.48543867538576,52.28097450425622,52.48543867538576,8100
2021-08-11,52.532989501953125,52.590046906369835,52.39984709354151,52.49494881383552,22500
2021-08-12,52.704166412353516,52.78024779013245,52.39414531840768,52.51967668953511,9200
2021-08-13,52.83730697631836,52.884856021888034,52.66137151717496,52.66137151717496,4000
2021-08-16,52.81638717651367,52.81638717651367,52.420776321942874,52.74221036801664,10000
2021-08-17,52.49495315551758,52.9229018628356,52.209655226558894,52.9229018628356,14100
2021-08-18,52.01945114135742,52.6566163429686,52.01945114135742,52.6566163429686,8300
2021-08-19,52.13357162475586,52.13357162475586,51.73415526676846,51.73415526676846,11400
2021-08-20,52.30760192871094,52.54249937546406,52.11455069119792,52.3237708541191,21100
2021-08-23,52.9704475402832,53.05603727629711,52.62808859622758,52.62808859622758,116300
2021-08-24,52.87534713745117,53.19393337974948,52.87534713745117,52.94191653070518,21200
2021-08-25,53.189170837402344,53.23671987990623,53.01799138218083,53.03701172473426,9900
2021-08-26,52.92194747924805,53.34133829850731,52.90388123459023,53.34133829850731,9600
2021-08-27,53.41741180419922,53.50300153839804,52.913385384894895,52.913385384894895,21700
2021-08-30,53.62662887573242,53.759767648436224,53.27095608136114,53.65515757623767,18300
2021-08-31,53.54104232788086,53.82634023316427,53.493493281626904,53.82634023316427,23800
2021-09-01,53.6646728515625,53.79781163242855,53.61712380521887,53.79781163242855,9100
2021-09-02,53.60761260986328,54.04507327485128,53.60761260986328,54.04507327485128,9500
2021-09-03,53.693199157714844,53.87484107761882,53.62662977025253,53.6361417557526,13200
2021-09-07,53.493492126464844,53.81683071287297,53.464963424880466,53.81683071287297,14600
2021-09-08,53.445945739746094,53.569576165694016,53.303294969209276,53.493494787338435,14800
2021-09-09,53.2557487487793,53.68845344868792,53.2557487487793,53.50300598604138,18200
2021-09-10,52.713680267333984,53.645655411608985,52.713680267333984,53.645655411608985,25400
2021-09-13,53.11309814453125,53.3128099600905,52.7041697822223,53.3128099600905,65000
2021-09-14,52.88486099243164,53.30329771163631,52.57103073220815,53.30329771163631,100500
2021-09-15,53.29378128051758,53.29378128051758,52.70891753312461,52.72318188319966,22500
2021-09-16,53.19868087768555,53.217701220840674,52.79926455470648,53.03701340250626,14900
2021-09-17,52.827796936035156,52.99897640859772,52.504458335390304,52.98946805023747,10000
2021-09-20,51.59149932861328,52.105037704113364,51.04943225261635,52.105037704113364,16400
2021-09-21,51.458370208740234,52.18112523639394,51.458370208740234,52.18112523639394,17700
2021-09-22,51.98141098022461,52.39414483255249,51.900577237903896,51.900577237903896,12300
2021-09-23,52.84680938720703,53.02654671822385,52.41886076971992,52.41886076971992,10800
2021-09-24,52.780242919921875,52.78975127738699,52.4664127071816,52.4664127071816,34500
2021-09-27,52.580535888671875,52.79926439264517,52.580535888671875,52.64710527563073,11100
2021-09-28,51.7626838684082,52.37132039048436,51.458365607370126,52.37132039048436,18500
2021-09-29,51.5439567565918,51.90533606188109,51.5439567565918,51.734156581889316,12500
2021-09-30,51.28718566894531,51.819744434832884,51.10839878289387,51.67709366411449,5800
2021-10-01,51.620033264160156,51.64856559531008,50.707078478078934,51.24914560904965,16600
2021-10-04,51.01139831542969,51.42983865945898,50.63765922954237,51.42983865945898,14200
2021-10-05,51.50591278076172,51.610522859390976,50.83070689039433,50.83070689039433,7200
2021-10-06,51.524932861328125,51.524932861328125,50.84021498853663,50.84021498853663,10300
2021-10-07,52.104095458984375,52.37132351949398,51.99092385658887,52.20965602080334,23500
2021-10-08,51.89582443237305,52.23342740141277,51.876804086936446,52.23342740141277,9700
2021-10-11,51.59149932861328,52.18967696038141,51.59149932861328,51.86728885928104,32800
2021-10-12,51.36326599121094,51.74842164033004,51.25865953224129,51.66758789249713,24000
2021-10-13,51.705623626708984,51.724643971785426,51.16355648918994,51.486895099969715,15700
2021-10-14,52.590049743652344,52.60811961564705,52.090779289271524,52.323772167982575,37800
2021-10-15,53.06554412841797,53.06554412841797,52.751717523781124,52.78024622572275,9200
2021-10-18,53.01799392700195,53.06744391780692,52.86107881422386,52.95142453874935,11900
2021-10-19,53.42692565917969,53.51441634251313,53.22721748164907,53.43643401764123,10400
2021-10-20,53.56957244873047,53.76452461866011,53.479226725141864,53.49349107565384,23100
2021-10-21,53.90242004394531,53.911928401816084,53.547697711780415,53.64565084831943,35200
2021-10-22,53.778785705566406,53.88339577331865,53.58858591217681,53.83584673191108,12400
2021-10-25,53.9775505065918,54.120201277399396,53.750264099678674,53.750264099678674,37800
2021-10-26,54.092620849609375,54.364604873952466,54.07360050575718,54.349390049974566,8700
2021-10-27,53.83585739135742,54.23527377157623,53.77879635371472,54.23527377157623,27100
2021-10-28,58.248477935791016,58.248477935791016,54.140177414867054,54.23527551957653,13000
2021-10-29,54.49203872680664,54.606157165384396,54.14967978331361,54.387428646543796,14900
2021-11-01,54.57762908935547,54.6441984816035,54.33037186497129,54.61566977857143,65200
2021-11-02,54.706016540527344,54.777338299452985,54.64610408637388,54.688897141729264,101800
2021-11-03,55.064537048339844,55.10067316188783,54.63468743904485,54.77733457495695,44100
2021-11-04,55.157737731933594,55.28136815986414,55.03696235100506,55.28136815986414,53900
2021-11-05,55.47156524658203,55.702657165399714,55.15773501294237,55.15773501294237,37800
2021-11-08,55.54764175415039,55.79489896454134,55.50009270920131,55.79489896454134,44900
2021-11-09,55.37646484375,55.832942226278334,55.14822796636571,55.832942226278334,11200
2021-11-10,54.891456604003906,55.325108105117174,54.65370774986703,55.262344236015885,11200
2021-11-11,54.958030700683594,55.03315798098868,54.89146130604366,54.89146130604366,31500
2021-11-12,55.32891845703125,55.32891845703125,54.881949411335405,55.08165759558932,4200
2021-11-15,55.34318161010742,55.51911707971572,55.31940527202851,55.414506996584294,8700
2021-11-16,55.63799285888672,55.794904359615224,55.28136954564567,55.471569371592885,11100
2021-11-17,55.500091552734375,55.67127101319182,55.43352216564087,55.67127101319182,50800
2021-11-18,55.6902961730957,55.70931651787603,55.281367829718256,55.54764540112317,9800
2021-11-19,55.576171875,55.81392073357715,55.56095705089001,55.690293939104,14700
2021-11-22,55.3669548034668,56.17529946359956,55.3669548034668,55.89000156165621,131000
2021-11-23,55.47156524658203,55.50009394863667,54.99606753095322,55.243324746865945,129500
2021-11-24,55.56666564941406,55.5951943526551,55.06263921077004,55.195777996241304,26400
2021-11-26,54.35890579223633,55.129213497971946,54.21720910876464,54.73930546543519,39800
2021-11-29,55.11018371582031,55.24332249031645,54.66321472050368,54.99606528450355,66300
2021-11-30,53.94046401977539,55.062638960445625,53.94046401977539,55.062638960445625,16800
2021-12-01,53.2557487487793,54.8724418470621,53.2557487487793,54.710770723353825,10300
2021-12-02,54.0460205078125,54.30944663851532,53.10833899037399,53.26525047343909,19900
2021-12-03,53.493492126464844,54.577626319786326,53.09407579324518,54.577626319786326,15700
2021-12-06,54.240028381347656,54.4635129050472,53.66467653722751,53.92144575842955,15500
2021-12-07,55.433528900146484,55.52862699961633,55.21480036915787,55.21480036915787,25800
2021-12-08,55.66175842285156,55.66175842285156,55.338419848585715,55.47156224908534,100500
2021-12-09,55.205284118652344,55.55715141282547,55.205284118652344,55.547643054716865,87600
2021-12-10,55.62372970581055,55.62372970581055,55.37171284503611,55.614217719040184,17200
2021-12-13,55.27185821533203,55.68078657625784,55.27185821533203,55.68078657625784,11900
2021-12-14,54.815372467041016,55.0245926090213,54.40739464128324,54.98655192361407,32100
2021-12-15,55.53813171386719,55.53813171386719,54.42546523141457,54.71076312022618,46200
2021-12-16,55.08164978027344,55.69979821841171,54.834392581673775,55.680777875787214,23500
2021-12-17,54.758323669433594,54.9390115118655,54.36841202439211,54.891462461516056,16800
2021-12-20,53.93095397949219,53.978503028980015,53.44594787030048,53.978503028980015,19000
2021-12-21,54.758323669433594,54.86578517622015,54.2400292256726,54.653713582008805,15300
2021-12-22,55.54574203491211,55.56095685896955,55.024596219468314,55.024596219468314,20800
2021-12-23,55.75686264038086,56.10682898490449,55.75686264038086,55.77588298416319,23300
2021-12-27,56.65555953979492,56.65555953979492,56.108736383387864,56.108736383387864,11000
2021-12-28,56.584224700927734,56.8600142297962,56.584224700927734,56.85050224451966,7000
2021-12-29,56.783935546875,56.783935546875,56.603247723420594,56.774427188907765,8700
2021-12-30,56.53219985961914,57.17352172740908,56.513055432777136,56.83850338623912,29800
2021-12-31,56.388614654541016,56.618344109617595,56.37904426748299,56.58962564559189,39200
2022-01-03,56.761924743652344,56.761924743652344,56.31204350026872,56.58005816878884,20500
2022-01-04,56.81935119628906,57.001217749300984,56.59440877591147,57.001217749300984,7200
2022-01-05,55.65157699584961,56.83850595368624,55.63243256814283,56.83850595368624,28000
2022-01-06,55.52714157104492,55.85258954817263,55.39313422483228,55.661152568683896,25800
2022-01-07,55.2399787902832,55.642004453709966,55.2399787902832,55.642004453709966,109200
2022-01-10,55.144256591796875,55.153826978921906,54.09133508817752,54.991104837815534,61700
2022-01-11,55.59414291381836,55.62285772736678,54.84273787932601,55.172972840836565,41000
2022-01-12,55.7760124206543,56.036370057759335,55.63243104250409,55.97702342892369,33600
2022-01-13,54.97196578979492,55.95788007428319,54.943250974184956,55.87173197602709,20400
2022-01-14,55.01982498168945,55.01982498168945,54.455077149520406,54.62737334587206,22900
2022-01-18,54.04347229003906,54.53164598405551,53.90946497056023,54.53164598405551,16600
2022-01-19,53.45001220703125,54.3880671381251,53.45001220703125,54.378496751188514,15000
2022-01-20,52.933128356933594,54.34978309144029,52.87569872738638,53.7180316064383,75000
2022-01-21,51.86106491088867,52.979073133305626,51.86106491088867,52.77997547851143,97300
2022-01-24,52.090789794921875,52.10993422116634,49.87008747052646,51.104875577600254,104100
2022-01-25,51.35375213623047,52.00464805666606,50.54970444930568,51.411181766522574,25400
2022-01-26,51.32503128051758,52.502386115240675,50.73156866942546,52.129078930014565,47500
2022-01-27,50.97086715698242,52.10993310851247,50.89428945363963,51.755770359116724,60000
2022-01-28,52.1865119934082,52.1865119934082,50.57841670105938,51.07616082977935,18600
2022-01-31,53.153282165527344,53.21071544474516,51.98550136617286,52.21522718019218,22100
2022-02-01,53.52659606933594,53.59360339587897,52.856559318169964,53.40216275922022,41900
2022-02-02,54.00518798828125,54.10091011841536,53.57923455060571,53.81375103086485,24300
2022-02-03,52.7225456237793,53.47873038787791,52.7225456237793,53.27771938671597,24000
2022-02-04,52.980987548828125,53.363868785437575,52.45070189252073,52.68425805931059,42600
2022-02-07,52.77997589111328,53.22986079086107,52.67468336977435,53.10542384278541,41200
2022-02-08,53.249000549316406,53.268144974374756,52.69382317690148,52.81826011406788,25100
2022-02-09,54.05305099487305,54.09133619558281,53.78503268134921,53.794606720096084,42100
2022-02-10,53.07670593261719,53.98604606672951,52.90440975346219,53.42129829092719,22300
2022-02-11,52.02378463745117,53.28728752195879,51.94721058609433,53.20114308346703,21000
2022-02-14,51.81320571899414,52.138653668429015,51.47340036246193,51.97592786799857,21900
2022-02-15,52.693824768066406,52.71296919370285,52.37795087362971,52.45452492474964,26400
2022-02-16,52.79911422729492,52.904406736488006,52.224796097147056,52.33008495491452,39200
2022-02-17,51.593048095703125,52.540673438080546,51.593048095703125,52.540673438080546,10500
2022-02-18,51.25802230834961,51.79405523633874,51.03786690527164,51.6313294549351,14400
2022-02-22,50.817718505859375,51.439899603534194,50.43483726860932,50.96129988268467,50400
2022-02-23,49.86051940917969,51.219740873113196,49.80308612776693,51.219740873113196,26100
2022-02-24,50.58798599243164,50.68370812170345,48.59701317211455,48.97032034770989,97700
2022-02-25,51.72705078125,51.755765591645556,50.635844169112524,50.846425531055814,32300
2022-02-28,51.5643310546875,51.73662724013508,50.961298057046946,51.20059790889903,17200
2022-03-01,50.75071334838867,51.65047948267963,50.51141349498327,51.55476100188786,29600
2022-03-02,51.76534652709961,51.90796757601731,51.03787292112212,51.104876588590315,156800
2022-03-03,51.50690460205078,52.100367248825826,51.28674916294756,52.0333635782912,50300
2022-03-04,51.13359069824219,51.2005980162131,50.60426173253714,50.999583365152304,75000
2022-03-07,49.477638244628906,50.951726273632794,49.477638244628906,50.923011458595745,32900
2022-03-08,49.066036224365234,50.31996866565569,48.951173326754294,49.44891741830259,30800
2022-03-09,50.39655303955078,50.52577336004886,49.917953309456,50.00410140693011,29500
2022-03-10,50.05195617675781,50.1189598408692,49.54942504449656,49.71693420477503,20200
2022-03-11,49.420204162597656,50.50183681438503,49.38191531171338,50.50183681438503,69100
2022-03-14,48.95117950439453,49.841375288929804,48.86503140745802,49.59250503746106,19600
2022-03-15,50.032814025878906,50.13810654610568,49.391488516963975,49.55421431679427,14600
2022-03-16,51.23888397216797,51.24845801120167,50.004099490920616,50.57841768445771,59300
2022-03-17,51.83234786987305,51.83234786987305,51.018726206295334,51.16230757381665,48000
2022-03-18,52.4640998840332,52.48324431000563,51.68876706356638,51.727055915511244,22300
2022-03-21,52.425819396972656,52.68426371169809,52.12430285550623,52.49282307285409,57000
2022-03-22,53.05756759643555,53.13414165627852,52.746477034400264,52.76083444240668,27700
2022-03-23,52.34923553466797,52.875698142534894,52.34923553466797,52.77040562096151,69800
2022-03-24,53.114994049072266,53.114994049072266,52.511957430372085,52.598105518757826,99700
2022-03-25,53.38300704956055,53.44044032384936,52.91397777143279,53.23942568955137,32100
2022-03-28,53.81375503540039,53.81375503540039,53.16285910775585,53.363870118856795,62900
2022-03-29,54.51250457763672,54.598652666560504,54.05304932051846,54.31149358728982,27600
2022-03-30,54.14876937866211,54.5220765577644,53.97551652219232,54.5220765577644,73400
2022-03-31,53.373443603515625,54.110487671740785,53.306439929261195,54.05305803748063,8800
2022-04-01,53.42129898071289,53.52658784584416,53.087233678753634,53.52658784584416,23300
2022-04-04,53.89990234375,53.89990234375,53.38301376441026,53.555309957523505,19900
2022-04-05,53.171470642089844,53.92861573762011,53.153282889042735,53.70846030809405,13900
2022-04-06,52.55982208251953,52.74168866499081,52.33966664539341,52.66511460710728,18400
2022-04-07,52.76082992553711,53.02884824060802,52.21043954004395,52.377952356247995,21000
2022-04-08,52.617252349853516,52.97141510655407,52.540674644931265,52.60767831102526,26300
2022-04-11,51.75577163696289,52.26308615414392,51.69833835803777,52.26308615414392,19100
2022-04-12,51.583473205566406,52.33966158040438,51.41979439260955,52.224798678981465,21000
2022-04-13,52.1865119934082,52.24202827359056,51.66005305099749,51.698338252109835,17300
2022-04-14,51.51647186279297,52.301375085487955,51.50690147533736,52.26308623281357,28700
2022-04-18,51.49733352661133,51.72706301839982,51.281965094843564,51.40161503503152,26000
2022-04-19,52.454524993896484,52.50238423233776,51.42075156814675,51.42075156814675,13800
2022-04-20,52.52153015136719,52.76083000180353,52.38752281935099,52.71297076200145,117800
2022-04-21,51.69833755493164,53.07670701631459,51.55475983698818,52.971414498967185,24500
2022-04-22,50.11896896362305,51.60262753410287,50.1093949233354,51.60262753410287,21300
2022-04-25,50.482696533203125,50.482696533203125,49.41063060653214,49.77436739063214,35800
2022-04-26,49.00861358642578,50.19553888423676,48.960754343218696,50.19553888423676,147100
2022-04-27,49.11390686035156,49.69779547865265,48.88417737746205,49.04690318855592,44500
2022-04-28,50.32954025268555,50.501832764998284,49.113896720277104,49.525492705715614,139300
2022-04-29,48.520442962646484,50.07110883351608,48.34814675477209,49.86052376801927,105200
2022-05-02,48.788455963134766,48.788455963134766,47.668530734792014,48.42471915847184,22100
2022-05-03,48.95117950439453,49.21919418311874,48.683164825670325,48.769312922606844,25900
2022-05-04,50.39655303955078,50.48270113702489,48.72145398421905,48.93682240219124,41900
2022-05-05,48.73101806640625,49.88922838702108,48.166270311915646,49.879658000285104,33400
2022-05-06,48.30985641479492,48.73102284960568,47.697249363642534,48.40557489725272,56300
2022-05-09,46.81662368774414,47.66853059098445,46.58689421932744,47.52495286822178,57100
2022-05-10,46.76876449584961,47.563238119962065,46.338024024258026,47.563238119962065,51900
2022-05-11,46.06043243408203,47.35265376804328,45.964713958126,46.70175790755002,35600
2022-05-12,46.05086898803711,46.37631696733663,45.170243540521675,45.52440998807722,42100
2022-05-13,47.14207458496094,47.285655968125226,46.58689713158034,46.58689713158034,26900
2022-05-16,46.94105911254883,47.32393667892172,46.705585958632014,46.99848873922051,22700
2022-05-17,47.89826202392578,47.89826202392578,47.24736609671263,47.73553621640941,101900
2022-05-18,45.926429748535156,47.32394008671124,45.70627431044655,47.32394008671124,22300
2022-05-19,45.63926696777344,45.97428529194472,45.323389418046915,45.428681934622425,21800
2022-05-20,45.65840530395508,46.07957166265818,44.54805431153291,46.0412828160237,137000
2022-05-23,46.491180419921875,46.491180419921875,45.897717739594015,45.955147373912794,609000
2022-05-24,46.10829162597656,46.20401375326273,45.36742098305322,45.974284299201734,379800
2022-05-25,46.55818176269531,46.74962238749916,46.05086721067741,46.170517144751535,82300
2022-05-26,47.515377044677734,47.65895841347404,46.998488498722125,46.998488498722125,13500
2022-05-27,48.63530349731445,48.64487388481865,47.85040027063505,47.85997065813925,39100
2022-05-31,48.49171829223633,48.817166213047,48.14042558035318,48.520433103905425,236100
2022-06-01,48.013118743896484,48.77887748554043,47.72595967220822,48.759733060571115,34000
2022-06-02,48.97031784057617,48.97031784057617,47.72595943515718,48.00354811869488,80900
2022-06-03,48.013118743896484,48.47257398888285,48.00354835712468,48.33856666552337,65500
2022-06-06,48.242855072021484,48.76835738009492,48.11076107689329,48.64487709943232,113000
2022-06-07,48.683162689208984,48.740592317028934,47.76233513119028,47.86954099797523,144400
2022-06-08,48.118408203125,48.60657822888543,48.06097493186034,48.520430147701184,32200
2022-06-09,46.960205078125,48.166274746306975,46.960205078125,48.0705562644322,57200
2022-06-10,45.648841857910156,46.242308164162935,45.61055665381823,46.223163736403855,74400
2022-06-13,43.8588752746582,44.605489622179284,43.677008707074464,44.45233786752301,39900
2022-06-14,43.72486877441406,44.117320381372416,43.36113198092737,44.117320381372416,23600
2022-06-15,44.30875778198242,44.758638983300095,43.667432333299864,44.16517642217159,24400
2022-06-16,42.796382904052734,43.26541220140685,42.537938636297504,43.26541220140685,57800
2022-06-17,42.94953536987305,43.28455734537968,42.50731118208645,42.89210574370256,27200
2022-06-21,43.88759231567383,44.0790329315697,43.52385916204032,43.52385916204032,24600
2022-06-22,43.83973693847656,44.28962187776963,43.4377148959455,43.57172224345585,18900
2022-06-23,44.25132369995117,44.280038510818876,43.66743153613721,44.17474965382876,35900
2022-06-24,45.677555084228516,45.677555084228516,44.691637250604195,44.691637250604195,50000
2022-06-27,45.5244026184082,45.72541360652813,45.39039164156916,45.533973005326686,18000
2022-06-28,44.5289192199707,45.90728512484231,44.51934518059299,45.90728512484231,20300
2022-06-29,44.546241760253906,44.690623878068436,44.363360926573314,44.690623878068436,8500
2022-06-30,44.19972229003906,44.49811025073937,43.60295004042778,43.833960666742435,43900
2022-07-01,44.5943717956543,44.65212170562663,43.79546377099895,44.07460057516454,26400
2022-07-05,44.70987319946289,44.70987319946289,43.73770814671052,44.074598516905645,27500
2022-07-06,44.89275360107422,45.104513050521234,44.52698828069927,44.757998922985976,17600
2022-07-07,45.614654541015625,45.62428197285148,45.08525961551539,45.08525961551539,23400
2022-07-08,45.51840591430664,45.747488874088454,45.21039416299622,45.460652334014796,63800
2022-07-11,45.00825500488281,45.26814058851566,44.8927515249758,45.25851682843567,81500
2022-07-12,44.613616943359375,45.19114171487424,44.392233732738376,44.969758504253235,45300
2022-07-13,44.34410858154297,44.67137152454213,43.91289360071943,43.91289360071943,16800
2022-07-14,44.25748062133789,44.28635557580969,43.458576282703774,43.891715286939636,26800
2022-07-15,45.191139221191406,45.191139221191406,44.70024300890233,44.70024300890233,78200
2022-07-18,44.834999084472656,45.57614973775394,44.680989557590166,45.57614973775394,9900
2022-07-19,46.067054748535156,46.134432093556555,45.30664908696231,45.4317800156263,40000
2022-07-20,46.394309997558594,46.51944090541512,45.9034137977003,46.01892094577832,44500
2022-07-21,46.83707809448242,46.83707809448242,45.98619596790512,46.249929588228625,162100
2022-07-22,46.33174133300781,46.91407975653507,46.14404681268683,46.78894885239135,32600
2022-07-25,46.43281555175781,46.47324195480957,46.14405133362859,46.47131426529076,33400
2022-07-26,45.893795013427734,46.15368061709441,45.73978913775005,46.15368061709441,53200
2022-07-27,47.12583923339844,47.2605939076778,46.46168962225464,46.46168962225464,13700
2022-07-28,47.74186706542969,47.77074569240855,46.798580587426265,47.260598229399996,110100
2022-07-29,48.39638900756836,48.521519922776235,47.91512021100371,47.91512021100371,17100
2022-08-01,48.300140380859375,48.58890094634467,48.078757158260984,48.18463688902322,37400
2022-08-02,48.011375427246094,48.52151916870383,47.8188671772541,48.13650266871984,19100
2022-08-03,48.723655700683594,48.89691277457655,48.20388815079455,48.20388815079455,19300
2022-08-04,48.810279846191406,48.829531038424136,48.61777159565358,48.810279846191406,39100
2022-08-05,48.733280181884766,48.781406327986836,48.36173913726919,48.406017247885266,15800
2022-08-08,48.63702392578125,49.19529749822317,48.56868457841938,48.92578814423855,14400
2022-08-09,48.45414352416992,48.569647009483134,48.30976141368621,48.51189710272133,16700
2022-08-10,49.445552825927734,49.474431449192245,49.22416963044305,49.31079815665787,24100
2022-08-11,49.512935638427734,50.0615818078913,49.455185729088264,49.763197484864655,21500
2022-08-12,50.369598388671875,50.369598388671875,49.70544504174402,49.840199729007686,21700
2022-08-15,50.57172775268555,50.61023013895614,50.09045893967207,50.09045893967207,18100
2022-08-16,50.6005973815918,50.85470722937329,50.36959043185731,50.41771657373622,16800
2022-08-17,50.26371383666992,50.5332231853525,50.0038282482448,50.196336499499274,32300
2022-08-18,50.43697738647461,50.45622490946652,50.12896561354447,50.2925952615055,46800
2022-08-19,49.66693878173828,50.0519552911553,49.61881263600854,50.0519552911553,15500
2022-08-22,48.67552947998047,49.127923358011344,48.55039855528877,49.127923358011344,31100
2022-08-23,48.53114700317383,48.86514768833621,48.502272048377236,48.54077443596587,17100
2022-08-24,48.65627670288086,48.800658816811094,48.53114578226064,48.627401748810684,11000
2022-08-25,49.368553161621094,49.368553161621094,48.82953079713662,48.868033181411825,140400
2022-08-26,47.655235290527344,49.35892729494381,47.61673657682071,49.35892729494381,70600
2022-08-29,47.3183479309082,47.57823352166535,47.18455526421315,47.193217015701535,16700
2022-08-30,46.84670639038086,47.549362116965234,46.63495060091017,47.549362116965234,9000
2022-08-31,46.50981521606445,47.17396481933961,46.480940263857974,47.05846133872424,59600
2022-09-01,46.615692138671875,46.615692138671875,45.90822647775957,46.19217695397525,28600
2022-09-02,46.163299560546875,47.09696214979225,45.94191636684949,47.04883600712574,18900
2022-09-06,45.903419494628906,46.230682444553565,45.662785080619294,46.22105868358068,32900
2022-09-07,46.827457427978516,46.86595614283193,45.88416731417096,45.88416731417096,23800
2022-09-08,47.135467529296875,47.154718721945244,46.5386915725661,46.5386915725661,26800
2022-09-09,47.867000579833984,47.94400536022273,47.42423410796875,47.42423410796875,9600
2022-09-12,48.444515228271484,48.50226512962676,48.16537846575684,48.19425341643447,29500
2022-09-13,46.32693862915039,47.29428633428898,46.240310092831585,47.29428633428898,68000
2022-09-14,46.41356658935547,46.58682365984251,46.09592740286598,46.44244154384006,11900
2022-09-15,45.922672271728516,46.596449388544485,45.87454612162521,46.25956266603145,16900
2022-09-16,45.58578109741211,45.58578109741211,45.13338725268302,45.44139898941233,23600
2022-09-19,45.86492156982422,45.88416909210189,45.056389777938335,45.056389777938335,26300
2022-09-20,45.364402770996094,45.54728361191748,45.06601476253391,45.34515157640596,10600
2022-09-21,44.498111724853516,45.77828846416889,44.498111724853516,45.62428259878706,29000
2022-09-22,44.03609848022461,44.46924116684708,43.9975960921271,44.46924116684708,40600
2022-09-23,43.285316467285156,43.612579393773956,42.80404767373042,43.612579393773956,73600
2022-09-26,42.871429443359375,43.48745297531087,42.69817236602428,43.121687626293465,36700
2022-09-27,42.66929244995117,43.49707167991023,42.456570999702336,43.34306581482605,43400
2022-09-28,43.52595520019531,43.68092309154885,42.58266871147091,42.74629835512163,32300
2022-09-29,42.60191345214844,42.82330033595727,42.322780332865726,42.72704437086873,59500
2022-09-30,42.014766693115234,43.04468160647649,42.0051392611458,42.524910433811144,64600
2022-10-03,43.1698112487793,43.381570702410826,42.39978187892327,42.534536559674365,27200
2022-10-04,44.46923828125,44.49811323455454,43.814712413223575,43.814712413223575,34000
2022-10-05,44.44035720825195,44.565488118661676,43.69920652113665,44.074595580576435,17000
2022-10-06,43.95524597167969,44.37298550287256,43.949470246246214,44.228607054195095,13000
2022-10-07,42.7270393371582,43.47781741745087,42.6211596239294,43.47781741745087,15500
2022-10-10,42.322784423828125,42.77517465220907,42.04364760577415,42.77517465220907,61500
2022-10-11,42.03401184082031,42.60190912590885,41.88000598410762,42.139891555770774,55800
2022-10-12,41.86076736450195,42.18803033856672,41.86076736450195,42.0436482107949,35800
2022-10-13,43.05430603027344,43.11205960761181,40.955973786909524,41.14848203958125,226100
2022-10-14,42.014766693115234,43.386382005601995,41.97626430881644,43.386382005601995,22700
2022-10-17,43.10243606567383,43.208315797788856,42.842550451879625,42.842550451879625,43300
2022-10-18,43.524024963378906,44.1708511003557,43.217940906155555,44.151599907207554,19400
2022-10-19,43.35365676879883,43.74733503246751,43.102432925563036,43.352694759928205,42200
2022-10-20,42.94842529296875,43.81471057362901,42.863724454354454,43.45857270126398,32300
2022-10-21,43.960060119628906,44.00722426071036,42.85217830100494,42.967681795438516,42200
2022-10-24,44.517364501953125,44.632867987154405,44.04571945704772,44.228603953055135,32800
2022-10-25,45.29703140258789,45.29703140258789,44.555876836130025,44.555876836130025,18300
2022-10-26,44.97938537597656,45.60503633711246,44.786877105489374,44.786877105489374,13100
2022-10-27,44.729122161865234,45.277768284358984,44.621318423751596,45.162261131989126,14700
2022-10-28,45.778289794921875,45.778289794921875,44.92644195868032,44.92644195868032,26700
2022-10-31,45.451026916503906,45.672410125202,45.41637256651813,45.431775723775,22300
2022-11-01,45.287391662597656,45.9707924519705,45.1622607511469,45.93229373996131,12800
2022-11-02,44.05534744262695,45.75903947584738,44.05534744262695,45.21039332451415,31600
2022-11-03,43.60295104980469,43.89652530147653,43.34306546610554,43.67032838575009,8200
2022-11-04,44.286354064941406,44.43073617595413,43.59332947873333,44.295981497296715,11100
2022-11-07,44.69062042236328,44.70794759700552,44.23822658186293,44.4596097860809,19600
2022-11-08,44.86387634277344,45.24888916441798,44.44998489745823,44.854248910953416,33500
2022-11-09,43.90134048461914,44.70024478258128,43.86283809942374,44.51736396058743,24100
2022-11-10,46.44243621826172,46.44243621826172,45.5376522541957,45.72053306460999,29600
2022-11-11,46.9747200012207,47.0777100179054,46.44243540074604,46.44243540074604,50900
2022-11-14,46.57719421386719,47.13546778836969,46.56757045338489,46.83707980836426,17000
2022-11-15,46.91408157348633,47.3241213046884,46.490562703609356,47.22209329423903,40800
2022-11-16,46.52906799316406,46.83707973315721,46.44243946180414,46.83707973315721,120900
2022-11-17,46.31730651855469,46.32693395038989,45.84566516873304,45.90341507258664,57200
2022-11-18,46.567569732666016,46.6108821618504,46.249930564822456,46.6108821618504,108100
2022-11-21,46.346187591552734,46.4809422700518,46.18255428781129,46.394313737903886,90400
2022-11-22,47.00071334838867,47.00071334838867,46.42318857821359,46.64457178832101,16500
2022-11-23,47.32796859741211,47.35684722013478,47.068086695433024,47.068086695433024,23400
2022-11-25,47.279842376708984,47.366470901154514,47.17396266107675,47.17396266107675,7800
2022-11-28,46.519447326660156,47.106592220717204,46.408753879086646,46.914087624260375,103600
2022-11-29,46.45206832885742,46.67345523361781,46.254750007384,46.538696869740626,20700
2022-11-30,47.91511917114258,47.91511917114258,46.25185362945095,46.52906638896094,34200
2022-12-01,47.85737228393555,48.13843309650334,47.6937389770079,48.001750725800285,25600
2022-12-02,47.828495025634766,47.905499800929405,47.183596555596154,47.37610482204298,33600
2022-12-05,46.923709869384766,47.558984563821774,46.83708133506201,47.462732268703014,20500
2022-12-06,46.26918411254883,46.91504825030053,46.10362678642937,46.91504825030053,5100
2022-12-07,46.18255615234375,46.365436984577435,46.116140819289306,46.211431106962294,17900
2022-12-08,46.50981521606445,46.673448512743214,46.27784257420932,46.365433111453164,6400
2022-12-09,46.201805114746094,46.61569657930886,46.201805114746094,46.31730859943188,9600
2022-12-12,46.94295883178711,46.94295883178711,46.2403068298028,46.29805673541359,30600
2022-12-13,47.25096893310547,48.29050758782331,46.92370601607053,48.29050758782331,216100
2022-12-14,46.98146057128906,47.61673522680702,46.72157498424224,47.1739651497331,125900
2022-12-15,45.71091079711914,46.31730682229504,45.56941471945533,46.31730682229504,53500
2022-12-16,45.229637145996094,45.47027151251242,44.96012415868126,45.383642993694984,38100
2022-12-19,44.806129455566406,45.17189481174861,44.62324861337028,45.17189481174861,6700
2022-12-20,44.86387634277344,45.017882205789135,44.571264101506785,44.767620383520246,50900
2022-12-21,45.47990417480469,45.61465885894738,45.16226498636284,45.16226498636284,26100
2022-12-22,44.81575393676758,44.969759812627686,44.190103000704184,44.969759812627686,39400
2022-12-23,45.133392333984375,45.133392333984375,44.58474613667962,44.92163286422115,14700
2022-12-27,44.921630859375,45.118952842264264,44.77725241335362,45.104515364841106,19400
2022-12-28,44.35373306274414,45.16226109798773,44.35373306274414,45.056385049412576,14600
2022-12-29,45.172584533691406,45.26960320620516,44.70688824378017,44.7456934921706,35400
2022-12-30,45.13377380371094,45.13377380371094,44.58075924994416,44.95913723925564,47100
2023-01-03,44.86212158203125,45.53155932336395,44.658376442473276,45.308413409586386,10200
2023-01-04,45.22108840942383,45.47333914811495,44.88151569457944,45.07555671720128,8700
2023-01-05,44.73599624633789,45.11437427714342,44.66808243060487,45.11437427714342,74600
2023-01-06,45.754703521728516,45.8546349000314,44.75539714074987,45.031904425827705,15300
2023-01-09,45.81291961669922,46.45325250900901,45.78381105271334,46.084574873732066,43700
2023-01-10,46.16218948364258,46.16218948364258,45.722685358545405,45.803212261282745,32100
2023-01-11,46.75400924682617,46.75400924682617,46.25435606334615,46.336822303119064,24500
2023-01-12,46.831626892089844,47.02566793247288,46.530863094444896,46.84132727864774,24900
2023-01-13,47.132389068603516,47.14208945482776,46.49205254705656,46.49205254705656,8100
2023-01-17,47.030517578125,47.268219617166146,46.96745581118915,47.16149685694769,27200
2023-01-18,46.29801940917969,47.27209963903524,46.29801940917969,47.1711985884465,157300
2023-01-19,45.95844650268555,46.288315178555365,45.79351401526324,45.96815059078404,774000
2023-01-20,46.821922302246094,46.85103086365756,45.9390390939478,46.06516632399755,35700
2023-01-23,47.41374588012695,47.63689177917513,46.938349221597136,46.938349221597136,17900
2023-01-24,47.365238189697266,47.442856088247126,46.821924002923545,46.821924002923545,10600
2023-01-25,47.33612823486328,47.37493717996235,46.59877308207979,46.86072790996145,37400
2023-01-26,47.94735336303711,47.94735336303711,47.38463845266658,47.76301642190318,37800
2023-01-27,48.073490142822266,48.319922926674415,47.84840487413508,47.850344211504435,26200
2023-01-30,47.46225357055664,47.92795352751132,47.452553184423145,47.71450802232583,33000
2023-01-31,48.180206298828125,48.18990668536844,47.481660035125465,47.481660035125465,25800
2023-02-01,48.781734466552734,48.99517999939305,47.753323156013764,48.03467880263697,29900
2023-02-02,49.58700180053711,49.65491561293849,49.16593246262339,49.38326036333299,42600
2023-02-03,49.04368591308594,49.59670048134371,48.89815790624315,49.0145810519224,40400
2023-02-06,48.675010681152344,48.83994687153757,48.510078191792374,48.73322410735159,29300
2023-02-07,49.28623580932617,49.36385370636863,48.510075344026745,48.55858467916577,11200
2023-02-08,48.77203369140625,49.218325528319326,48.75262921575455,49.14071132673784,8000
2023-02-09,48.32573699951172,49.26682991740879,48.18020529725731,49.26682991740879,26300
2023-02-10,48.35483932495117,48.35483932495117,48.10258858209394,48.180202771809725,95800
2023-02-13,48.9466667175293,48.9466667175293,48.49067082538479,48.49067082538479,129700
2023-02-14,48.93695831298828,49.208617227399195,48.48193583056638,48.810834793073084,15200
2023-02-15,49.1698112487793,49.19891610881953,48.53917880705809,48.5585832807599,185200
2023-02-16,48.539180755615234,49.05823841964438,48.490671419925846,48.64590351474694,24100
2023-02-17,48.37425231933594,48.37425231933594,48.00557467542097,48.20931612296922,19400
2023-02-21,47.31672286987305,47.937651175648,47.31672286987305,47.811523956967264,45400
2023-02-22,47.30702209472656,47.55927654974567,47.12268514761637,47.44285340951949,18900
2023-02-23,47.5495719909668,47.63689027052682,47.1614936270527,47.63689027052682,11200
2023-02-24,47.015960693359375,47.10327897062745,46.728783377785305,46.860728611663326,5600
2023-02-27,47.22941207885742,47.57868523145283,47.10328484019236,47.51077141856208,30000
2023-02-28,47.07417297363281,47.39433751519104,47.07417297363281,47.28761846868808,47900
2023-03-01,46.88984298706055,47.08388033747798,46.744311273222245,47.064475862231184,72300
2023-03-02,47.21000671386719,47.25851605058561,46.56967384651856,46.589078321410966,7200
2023-03-03,47.96676254272461,47.98616701754143,47.365238627503594,47.365238627503594,22300
2023-03-06,48.0152702331543,48.32573439359899,47.976461287842525,48.12198928122457,15800
2023-03-07,47.219703674316406,48.02497266930374,47.21000328808669,47.995867809589704,58900
2023-03-08,47.287620544433594,47.399191639182995,47.064470952885124,47.18089779222124,58300
2023-03-09,46.37562942504883,47.55927640020545,46.37562942504883,47.39434022613081,10400
2023-03-10,45.69649124145508,46.540569249463324,45.52185466745511,46.268910300449384,19000
2023-03-13,45.541255950927734,46.15248391709279,45.05615521292926,45.2210913883817,27000
2023-03-14,46.4144401550293,46.57937263441496,45.84105145038468,46.317421484923024,41600
2023-03-15,46.084571838378906,46.084571838378906,45.395729652830205,45.78380803716994,32800
2023-03-16,46.86073303222656,46.88984159474502,45.72559902168456,45.72559902168456,13400
2023-03-17,46.39503479003906,46.63370648751714,46.22525027010036,46.63370648751714,12700
2023-03-20,46.763710021972656,46.82191973955967,46.462946244015605,46.462946244015605,20800
2023-03-21,47.42344665527344,47.48165637207464,47.083873936159314,47.27791496122099,6600
2023-03-22,46.608482360839844,47.80182979788441,46.608482360839844,47.35553798260435,44700
2023-03-23,46.70549774169922,47.37493911846409,46.52213046498639,46.97715296645896,26400
2023-03-24,46.97715759277344,47.01596654328242,46.3659332768706,46.46295195211781,25000
2023-03-27,47.06447219848633,47.32642704238819,47.06447219848633,47.22940837473192,10600
2023-03-28,46.98686218261719,47.05477599622043,46.81222560448734,46.93835284447562,18200
2023-03-29,47.714508056640625,47.714508056640625,47.43217907673218,47.46225360469003,17100
2023-03-30,48.00556564331055,48.07347944638218,47.811524619809596,48.07347944638218,8200
2023-03-31,48.70411682128906,48.70411682128906,48.2869298735165,48.2869298735165,24300
2023-04-03,48.81084060668945,48.82054099359802,48.54888574785631,48.55858613476488,103400
2023-04-04,48.46156692504883,48.830244540920255,48.35678350226559,48.830244540920255,17900
2023-04-05,48.316036224365234,48.39850246748442,48.151103738126864,48.34999313041579,6900
2023-04-06,48.413055419921875,48.471265140171134,48.09288715445117,48.257823330882275,47300
2023-04-10,48.55858612060547,48.55858612060547,48.112294302438464,48.112294302438464,8700
2023-04-11,48.616798400878906,48.75262602051334,48.51007564230183,48.561497684459894,9300
2023-04-12,48.37425231933594,48.88845798248878,48.316038891025556,48.88845798248878,21200
2023-04-13,48.985477447509766,48.985477447509766,48.62650021249928,48.63620430048614,118800
2023-04-14,48.91756057739258,49.189219529216416,48.70411875220447,48.936965052596086,15900
2023-04-17,49.11159896850586,49.11159896850586,48.7817303099625,48.83024334585638,32600
2023-04-18,49.17951202392578,49.3541485875977,49.08443269275273,49.3541485875977,8800
2023-04-19,49.22802734375,49.27653668012686,48.92726353657325,48.92726353657325,26600
2023-04-20,48.975772857666016,49.16981390413804,48.84964562230544,48.84964562230544,8900
2023-04-21,49.014583587646484,49.03398806310108,48.88845634770426,49.03398806310108,10200
2023-04-24,49.11159896850586,49.11159896850586,48.869048593136476,48.99517582461556,8300
2023-04-25,48.296630859375,48.869049908697335,48.27722638470008,48.869049908697335,41000
2023-04-26,48.160804748535156,48.53336105131591,48.08319054842573,48.43246000045599,42600
2023-04-27,49.131004333496094,49.131004333496094,48.46156661770743,48.46156661770743,11400
2023-04-28,49.4899787902832,49.509383265152636,48.96607277290909,48.96607277290909,8100
2023-05-01,49.451168060302734,49.66460985815789,49.412359114865524,49.412359114865524,15800
2023-05-02,48.87874984741211,49.266828204892704,48.548881207989965,49.266828204892704,24700
2023-05-03,48.46156692504883,49.043686359772046,48.44216245042137,48.96607216228733,36400
2023-05-04,48.10161590576172,48.41305344066763,47.976462051522475,48.41305344066763,22000
2023-05-05,49.05339050292969,49.16981364980063,48.54888526512211,48.54888526512211,29400
2023-05-08,49.07279586791992,49.14070967991224,48.96607310592479,49.14070967991224,11600
2023-05-09,48.84964370727539,48.94666607722044,48.81083846032235,48.94666607722044,9800
2023-05-10,49.05339050292969,49.25713193521012,48.6362035505316,49.15040917515129,39800
2023-05-11,49.03398513793945,49.03398513793945,48.77688233029799,49.01458066364245,12400
2023-05-12,48.93695831298828,49.10189447899041,48.655602713848864,49.10189447899041,13200
2023-05-15,49.12130355834961,49.14652604408331,48.94666699021603,48.98547593891795,21800
2023-05-16,48.84964370727539,49.12130264209655,48.830242934311364,48.95636646370245,24200
2023-05-17,49.420127868652344,49.50938549625394,48.925326690771975,49.101902608708386,15100
2023-05-18,49.94597625732422,49.94597625732422,49.40169237846391,49.40169237846391,21700
2023-05-19,49.84895324707031,50.03717257169169,49.73252640433909,50.00418533635367,32200
2023-05-22,49.81984329223633,49.97507537717729,49.79073843288016,49.800442520015444,22700
2023-05-23,49.2474250793457,49.72282542897121,49.228024306811925,49.635507148469586,7600
2023-05-24,48.83994674682617,49.004879235764996,48.733223982912705,48.946669510739646,201000
2023-05-25,49.29594039916992,49.383258683719724,49.06600311342796,49.383258683719724,15600
2023-05-26,49.9556770324707,49.98478189324117,49.6374480970068,49.64520914647726,31500
2023-05-30,49.97507858276367,50.26614199909459,49.82663786888593,50.26614199909459,33900
2023-05-31,49.6355094909668,49.7810411990127,49.47057700947151,49.68401882664041,17500
2023-06-01,50.14971160888672,50.17882016907823,49.62580563876216,49.74222877645375,8500
2023-06-02,50.93557357788086,50.98408290775011,50.46017326270313,50.46017326270313,75300
2023-06-05,50.799747467041016,51.10050754168564,50.74929509775627,50.97438402052326,8000
2023-06-06,50.954986572265625,50.954986572265625,50.673627230532105,50.799754470106656,19500
2023-06-07,50.741539001464844,51.04230280649005,50.68332927863907,51.04230280649005,24600
2023-06-08,51.071407318115234,51.071407318115234,50.81915655187264,50.81915655187264,15600
2023-06-09,51.1102180480957,51.370233574012616,51.01319937331973,51.16843147357641,12100
2023-06-12,51.64382553100586,51.64382553100586,51.19850339668216,51.29455239796178,15900
2023-06-13,52.0222053527832,52.03190944072265,51.7893590565886,51.9154825916002,38600
2023-06-14,52.11922836303711,52.28416084976878,51.75734211959795,52.10952427497925,9600
2023-06-15,52.79835891723633,52.88179851826673,52.07070786026654,52.07070786026654,20700
2023-06-16,52.57521438598633,53.021509858489146,52.57521438598633,53.021509858489146,73800
2023-06-20,52.361778259277344,52.46850102076218,52.167737211216284,52.352074171310456,21100
2023-06-21,52.07071304321289,52.29580198358009,52.061012656605264,52.264754084590635,12100
2023-06-22,52.14833450317383,52.21624831714245,51.886379634569735,51.886379634569735,17700
2023-06-23,51.750553131103516,51.97369905342412,51.7311486551158,51.7990624705601,12900
2023-06-26,51.58561325073242,51.94362081074735,51.58561325073242,51.66323114913867,24900
2023-06-27,52.19683837890625,52.27930461566259,51.73114211713382,51.77965145045962,19200
2023-06-28,52.24534606933594,52.361772906886586,52.02220018223437,52.07070951403475,23500
2023-06-29,52.51543045043945,52.51543045043945,52.27167149270029,52.27167149270029,11800
2023-06-30,53.08095932006836,53.22526720928854,52.87620264958094,52.87620264958094,15200
2023-07-03,53.22721481323242,53.22721481323242,53.09071036982319,53.09071036982319,8700
2023-07-05,53.07120895385742,53.15896234127412,52.983455566440725,52.983455566440725,20900
2023-07-06,52.642189025878906,52.720189962494224,52.35942772678161,52.573933092073766,42400
2023-07-07,52.54468536376953,52.99320099626146,52.47643314662801,52.47643314662801,11900
2023-07-10,52.778690338134766,52.778690338134766,52.51543021860269,52.554432544340735,27500
2023-07-11,53.13945770263672,53.13945770263672,52.79819661802121,52.895698722349394,21200
2023-07-12,53.58797073364258,53.69522527487978,53.49046863404513,53.64647422508106,72100
2023-07-13,53.92924118041992,54.065745621967594,53.75373440715375,53.792733019405176,65800
2023-07-14,53.938987731933594,54.18274671615942,53.860986791104125,54.03648983783715,43800
2023-07-17,54.133995056152344,54.29000065552876,53.948739569226255,53.98773817947019,73700
2023-07-18,54.621517181396484,54.670268237516495,54.04624579245918,54.18275023738207,41500
2023-07-19,54.709266662597656,54.81749571040873,54.63906172488943,54.777518880184196,32700
2023-07-20,54.2607536315918,54.59226601269562,54.23150002303138,54.59226601269562,31900
2023-07-21,54.211997985839844,54.4655094187979,54.211997985839844,54.4655094187979,11300
2023-07-24,54.41676330566406,54.50744020030978,54.29000757767557,54.3192574689547,10100
2023-07-25,54.61176300048828,54.79702221510252,54.46550983678272,54.46550983678272,38800
2023-07-26,54.597137451171875,54.74827055396702,54.42650690233898,54.63126356093846,44400
2023-07-27,54.23149871826172,55.09928012217872,54.13399661065169,55.09928012217872,17700
2023-07-28,54.709266662597656,54.74826899249479,54.553261062476004,54.72876782754622,26200
2023-07-31,54.83602523803711,54.84577396128693,54.660518463803626,54.84577396128693,10800
2023-08-01,54.680023193359375,54.70927308448219,54.55326746604828,54.57276863328594,22400
2023-08-02,53.938987731933594,54.329003594481684,53.860986791104125,54.329003594481684,19900
2023-08-03,53.695228576660156,53.94678728222089,53.57822530605522,53.631852579971415,12100
2023-08-04,53.353965759277344,54.03648791525241,53.275961101756316,53.880482319677135,13100
2023-08-07,53.75373458862305,53.75373458862305,53.51972431698912,53.55872664883929,4000
2023-08-08,53.431968688964844,53.45146985407199,52.979551329093034,53.36371647082329,22400
2023-08-09,53.10045623779297,53.42221988235585,53.01757907581778,53.39784249614342,12600
2023-08-10,53.119956970214844,53.461221777074726,52.98345253525764,53.436844391060845,16600
2023-08-11,53.06145095825195,53.119954450229756,52.79136932159455,52.93469897150012,31500
2023-08-14,53.251590728759766,53.251590728759766,52.85669863470779,52.924950854525754,6600
2023-08-15,52.710445404052734,53.11020999938557,52.65974162970075,53.11020999938557,28400
2023-08-16,52.30093002319336,52.84695151779908,52.30093002319336,52.69386940900222,16300
2023-08-17,51.77440643310547,52.50568338114067,51.76465771036377,52.50568338114067,14800
2023-08-18,51.74515914916992,51.83583603725802,51.43314793319888,51.43314793319888,13100
2023-08-21,52.11567306518555,52.13517423081861,51.657404971476076,51.959667459588054,10500
2023-08-22,52.02791976928711,52.408183201120046,51.940166383520506,52.408183201120046,19700
2023-08-23,52.573936462402344,52.63243995821432,52.15467442721753,52.18392431539004,10400
2023-08-24,51.891414642333984,52.856698153524604,51.891414642333984,52.856698153524604,15800
2023-08-25,52.252174377441406,52.38867880923496,51.67690304383514,52.11566994564785,73300
2023-08-28,52.612937927246094,52.65194025714566,52.43060594040584,52.476433492064494,17900
2023-08-29,53.431968688964844,53.480719741999245,52.612938351799286,52.612938351799286,15000
2023-08-30,53.656227111816406,53.73423177312209,53.45147045508943,53.47097162041585,20900
2023-08-31,53.539222717285156,53.812231587199584,53.500220387449694,53.77323297683102,19100
2023-09-01,53.5684700012207,53.87073246355364,53.46121917858648,53.802480249392445,85400
2023-09-05,53.41246795654297,53.59772716682816,53.38321806837876,53.59772716682816,12100
2023-09-06,53.12970733642578,53.363713867361184,52.85669475771214,53.363713867361184,106400
2023-09-07,52.84695053100586,52.88302564205615,52.69094492395543,52.788447033561795,15400
2023-09-08,52.84695053100586,53.08095708184798,52.79332325488224,52.93470391743842,20700
2023-09-11,53.29545974731445,53.31496091077306,53.07120194674043,53.31496091077306,29700
2023-09-12,52.915199279785156,53.19600786626487,52.915199279785156,53.080953599134034,21700
2023-09-13,52.97370529174805,53.0712073995924,52.82744841051453,53.02245634567022,14400
2023-09-14,53.392967224121094,53.46999738546284,53.17846184339972,53.25646278562558,5300
2023-09-15,52.73969650268555,53.36371893708644,52.73969650268555,53.36371893708644,43400
2023-09-18,52.84695053100586,52.978578750921166,52.710446089770116,52.73969597875861,39800
2023-09-19,52.710445404052734,52.788446346829694,52.42768408261885,52.66169063041674,222700
2023-09-20,52.18392562866211,52.91520260711399,52.18392562866211,52.81769677830684,29400
2023-09-21,51.433143615722656,51.89141167797837,51.413642451428075,51.89141167797837,35700
2023-09-22,51.28688430786133,51.71590246303639,51.28688430786133,51.55014443413695,77400
2023-09-25,51.550148010253906,51.550148010253906,51.12113354478401,51.12113354478401,19500
2023-09-26,50.789615631103516,51.23813121226281,50.71161098074549,51.23813121226281,23500
2023-09-27,50.818870544433594,50.91637636703058,50.401557526012326,50.91637636703058,49200
2023-09-28,51.16013717651367,51.33564394400682,50.70966881475673,50.70966881475673,12200
2023-09-29,50.994380950927734,51.55990360401565,50.91638000674114,51.55990360401565,44400
2023-10-02,50.974876403808594,50.98462884585196,50.67261765086737,50.98462884585196,35000
2023-10-03,50.292354583740234,50.76037137942108,50.13439626507781,50.76037137942108,105700
2023-10-04,50.65311813354492,50.76037268270895,50.233852379249356,50.338179707918435,121000
2023-10-05,50.614112854003906,50.721367396918744,50.31575210998753,50.721367396918744,11900
2023-10-06,51.22156524658203,51.37464363157579,50.28260439276362,50.389858943975604,18700
2023-10-09,51.48189926147461,51.54040275957978,50.89687915829136,50.97488010296448,10500
2023-10-10,51.78610610961914,52.06691841196508,51.592072686528724,51.598897908055186,35300
2023-10-11,51.852413177490234,51.90116423209244,51.5013996332071,51.90116423209244,66200
2023-10-12,51.501399993896484,51.97916925906504,51.21961316834301,51.97916925906504,14300
2023-10-13,51.247894287109375,51.734434074727595,51.15038845392961,51.71591112797058,28000
2023-10-16,51.77440643310547,51.91091458775757,51.53064745042707,51.53064745042707,14800
2023-10-17,51.842655181884766,52.086414148253155,51.36488969070405,51.36488969070405,34600
2023-10-18,51.20888900756836,51.735409318044425,51.08213329146108,51.735409318044425,18500
2023-10-19,50.69212341308594,51.37464563935033,50.68237097015806,51.27714352687461,36800
2023-10-20,50.04859924316406,50.740873904652325,50.04859924316406,50.740873904652325,26600
2023-10-23,49.98033905029297,50.27285279851679,49.687829021535975,49.843834618170824,244200
2023-10-24,50.34111022949219,50.4044862311236,50.084675282812455,50.35085895302502,34800
2023-10-25,49.66832733154297,50.06419389997582,49.633226723578176,50.038842014430834,11500
2023-10-26,49.01505661010742,49.56985229190079,49.01505661010742,49.48307340981496,14000
2023-10-27,48.75179672241211,49.14668508563424,48.644542174508096,49.14181258397817,18900
2023-10-30,49.239315032958984,49.338769859439836,48.89805394130941,48.98580732480029,16300
2023-10-31,49.63908004760742,49.648828770538394,49.21981429170306,49.21981429170306,8100
2023-11-01,50.097347259521484,50.204601807224506,49.61957801597172,49.61957801597172,26600
2023-11-02,51.169883728027344,51.169883728027344,50.65311588981898,50.67261705420925,33900
2023-11-03,51.676902770996094,51.813407202068944,51.45264496002402,51.45264496002402,23400
2023-11-06,51.784156799316406,51.784156799316406,51.53064538459253,51.774404357498774,59600
2023-11-07,51.86215591430664,51.90115824127328,51.68664916242337,51.74515265287334,10600
2023-11-08,51.88166809082031,51.979173928934685,51.647661518280636,51.979173928934685,33800
2023-11-09,51.501399993896484,52.05717020308143,51.442896496283886,52.05717020308143,22200
2023-11-10,52.31067657470703,52.32042529696496,51.589148385218635,51.72565281362994,12300
2023-11-13,52.29117965698242,52.42768409647845,52.18587410681862,52.26192604889969,20100
2023-11-14,53.392967224121094,53.509974216660375,52.98345390863456,52.98345390863456,46700
2023-11-15,53.539222717285156,53.72447820480325,53.500220387449694,53.5684726049283,13300
2023-11-16,53.61722946166992,53.66598051612631,53.4417226900533,53.636726907878845,43900
2023-11-17,53.714725494384766,53.76347654332645,53.578221069561415,53.76347654332645,7500
2023-11-20,54.133995056152344,54.18274610855743,53.7342304752836,53.7342304752836,14900
2023-11-21,54.06574630737305,54.06574630737305,53.95849175352102,53.987741642947164,15200
2023-11-22,54.23149871826172,54.34850571075413,54.129120389431094,54.1632464990413,12800
2023-11-24,54.211997985839844,54.22175042835893,54.11449587745106,54.11449587745106,5400
2023-11-27,54.172996520996094,54.25099745970558,54.09986808382251,54.172996520996094,17900
2023-11-28,54.192501068115234,54.34850667473856,54.055992907786155,54.067694351136346,27800
2023-11-29,54.153499603271484,54.60201526455825,54.0754949389779,54.377757433914866,37800
2023-11-30,54.270503997802734,54.33875622073154,53.97604493880521,54.32900749722765,7200
2023-12-01,54.69951629638672,54.719017462075406,54.25100064394794,54.25100064394794,28500
2023-12-04,54.397254943847656,54.41675610861034,54.202247015687654,54.35825261432228,12200
2023-12-05,54.36800003051758,54.446004687693886,54.21687065657195,54.31924897951577,21200
2023-12-06,54.22174835205078,54.66051526193267,54.18274602240198,54.66051526193267,83500
2023-12-07,54.56301498413086,54.611766041413965,54.397260645474844,54.397260645474844,20300
2023-12-08,54.87501907348633,54.90427267962337,54.58250904838333,54.58250904838333,16100
2023-12-11,55.18703079223633,55.18703079223633,54.855518435415114,54.88477204183277,9900
2023-12-12,55.450294494628906,55.450294494628906,55.14803572481202,55.17728561364151,11300
2023-12-13,56.18156814575195,56.21082175231699,55.41129260292004,55.41129260292004,15100
2023-12-14,56.52283477783203,56.630089326623406,56.308325680249276,56.542335943018365,31800
2023-12-15,56.33757400512695,56.56183181934704,56.23031945931151,56.56183181934704,102700
2023-12-18,56.561832427978516,56.68858813980315,56.50040543244508,56.51308137557423,15000
2023-12-19,56.92259979248047,56.92259979248047,56.591087420759855,56.591087420759855,12900
2023-12-20,56.04506301879883,57.0396000819483,56.035314296375844,56.90309565122584,66900
2023-12-21,56.698341369628906,56.698341369628906,56.22057212270915,56.45458238475426,26400
2023-12-22,56.72759246826172,56.937225348506566,56.552085697848966,56.80559341096349,25400
2023-12-26,57.05910110473633,57.06202460561594,56.78609224396856,56.78609224396856,13600
2023-12-27,57.06884765625,57.088348819772555,56.94209567255331,56.97134555810383,28200
2023-12-28,57.154273986816406,57.213187145768416,57.114998547515064,57.124819280096425,27300
2023-12-29,56.938270568847656,57.15624440314486,56.74189710403275,56.99717998643351,16500
2024-01-02,56.604434967041016,56.64370666232085,56.34914834740506,56.58479724664501,25700
2024-01-03,55.95640563964844,56.27060167756351,55.95640563964844,56.23132623644607,18900
2024-01-04,55.92694854736328,56.2902407682741,55.88767310528984,55.9465862684,17900
2024-01-05,55.936763763427734,56.260776764794436,55.81893744882898,55.81893744882898,14900
2024-01-08,56.790985107421875,56.80080209441692,56.07422520039907,56.123317626398325,52200
2024-01-09,56.71243667602539,56.76153284965471,56.545521671324686,56.545521671324686,30000
2024-01-10,56.987361907958984,57.056092057501886,56.712437564275135,56.72225829735969,127100
2024-01-11,56.928443908691406,57.036449490370636,56.5651554711892,57.036449490370636,11200
2024-01-12,56.928443908691406,57.134634339799796,56.84007604600039,57.134634339799796,38200
2024-01-16,56.761531829833984,56.96772227152869,56.58872139206994,56.712435657086765,77600
2024-01-17,56.44733810424805,56.51606825428415,56.250964641782495,56.35897023341416,14200
2024-01-18,56.96772384643555,56.96772384643555,56.44733736143523,56.73207494547543,7600
2024-01-19,57.605934143066406,57.605934143066406,57.04627220499953,57.09536838015567,26900
2024-01-22,57.69430160522461,57.93976749721427,57.69430160522461,57.72376005921171,16300
2024-01-23,57.90049362182617,57.90049362182617,57.660919429651024,57.82194274150009,27600
2024-01-24,57.92013168334961,58.29323713056159,57.841580802560465,58.214689995284594,10500
2024-01-25,58.214691162109375,58.214691162109375,57.92994983180975,58.067410130433785,48500
2024-01-26,58.136138916015625,58.185231343585166,58.00358898702667,58.145959648836815,18400
2024-01-29,58.597618103027344,58.597618103027344,58.101775951892655,58.185233456342495,20500
2024-01-30,58.548526763916016,58.60743618203062,58.46015889123177,58.49943433364974,18600
2024-01-31,57.67466735839844,58.36196885632403,57.67466735839844,58.352151868716064,103900
2024-02-01,58.39142608642578,58.39142608642578,57.8307790969931,57.97904145080078,24800
2024-02-02,58.85289764404297,59.03945410871425,58.23432632737773,58.23432632737773,26900
2024-02-05,58.617252349853516,58.78416734886079,58.37178647212843,58.78416734886079,31400
2024-02-06,58.84308624267578,58.84308624267578,58.617258062621204,58.793993811448686,24800
2024-02-07,59.3536491394043,59.3831038457488,59.009994668166485,59.19655112971364,47000
2024-02-08,59.39292907714844,59.422383785724094,59.19655561378206,59.40274606483623,29800
2024-02-09,59.65803146362305,59.697306907056664,59.402748572329415,59.569663588653626,20500
2024-02-12,59.64820861816406,59.97222537640482,59.62857089837565,59.756214204244316,12000
2024-02-13,58.8332633972168,59.025711563718176,58.48961264545055,58.94126898934684,40600
2024-02-14,59.28491973876953,59.31437444548393,58.892172836854705,59.26528201912259,88700
2024-02-15,59.68748474121094,59.70712246122422,59.402743419286494,59.461656579326345,153500
2024-02-16,59.43219757080078,59.781743740051674,59.373288156823904,59.77585204955157,55100
2024-02-20,59.07872772216797,59.23582948510584,58.92654007121214,59.23582948510584,11800
2024-02-21,59.13764190673828,59.15727962744538,58.88235902857054,58.99036461970344,73900
2024-02-22,60.33551788330078,60.423885755531,59.903495509947554,59.903495509947554,17700
2024-02-23,60.33551788330078,60.59080076668124,60.33551788330078,60.59080076668124,11200
2024-02-26,60.16859817504883,60.4759212017809,60.1391434666087,60.46316024149917,17300
2024-02-27,60.256961822509766,60.32569196772766,60.10968454511943,60.188231677291874,11300
2024-02-28,60.256961822509766,60.3158749807731,60.12932226454054,60.23732410308865,28400
2024-02-29,60.47298049926758,60.62026154045709,60.29722607231125,60.502435209300494,14000
2024-03-01,61.0031852722168,61.03263998105192,60.5122534822323,60.60062135425,49900
2024-03-04,60.9540901184082,61.140642841881224,60.90499394519391,61.02282026629364,11700
2024-03-05,60.34532928466797,60.7184384601566,60.09004642492016,60.7184384601566,35300
2024-03-06,60.63007354736328,60.826447004311426,60.551522666379164,60.669348987855344,10900
2024-03-07,61.27810287475586,61.366470742445465,61.12100485947568,61.12100485947568,25100
2024-03-08,60.88536071777344,61.60212444806132,60.88536071777344,61.49411885183952,16000
2024-03-11,60.87553787231445,60.88535485942984,60.63203464211772,60.82644544571338,7000
2024-03-12,61.53338623046875,61.55302395072272,61.02282048591432,61.17991850243388,42200
2024-03-13,61.32719802856445,61.503933771800504,61.268288611160635,61.503933771800504,19500
2024-03-14,61.23883056640625,61.53338889193173,60.855904368671894,61.53338889193173,27900
2024-03-15,60.81662368774414,61.02281786881158,60.76753126197075,60.82644442020602,46900
2024-03-18,61.23883056640625,61.54320962523956,61.219192845302906,61.3566568930263,37600
2024-03-19,61.56284713745117,61.61193956728678,61.05227762703369,61.05227762703369,75900
2024-03-20,62.18142318725586,62.19124017516748,61.61194050506036,61.690491390402784,70400
2024-03-21,62.36797332763672,62.61343921585372,62.36797332763672,62.6036184828382,15100
2024-03-22,62.23051452636719,62.35815409454138,62.220693793115444,62.299244677080154,28100
2024-03-25,62.024314880371094,62.16177891523421,62.024314880371094,62.14214119596805,32500
2024-03-26,61.88685607910156,62.27960298284449,61.88685607910156,62.13232195756287,21700
2024-03-27,62.426883697509766,62.456338404214705,62.0488641490735,62.181417820269814,27700
2024-03-28,62.48579406738281,62.58398266708898,62.35815076052085,62.35815076052085,16100
2024-04-01,62.33852005004883,62.60361991935548,62.195168057933,62.60361991935548,23700
2024-04-02,61.85740661621094,61.85740661621094,61.59230299553712,61.80831418545928,37600
2024-04-03,61.85740661621094,62.063597072675336,61.66103314769192,61.66103314769192,21400
2024-04-04,61.13082504272461,62.41706768511615,61.13082504272461,62.2599696616228,6000
2024-04-05,61.75921630859375,61.911403954157244,61.40574484553217,61.40574484553217,12500
2024-04-08,61.752342224121094,61.916313247749045,61.72975678685862,61.916313247749045,26400
2024-04-09,61.85740661621094,61.86722360415632,61.33702010832106,61.86722360415632,14400
2024-04-10,61.23883056640625,61.45091271060509,61.02282312529414,61.24865129971408,18300
2024-04-11,61.68067169189453,61.79849427637271,60.99827678246012,61.51375667600982,19300
2024-04-12,60.79698944091797,61.31737967127301,60.61043671411882,61.31737967127301,16400
2024-04-15,60.00168228149414,61.356655032437736,59.972227573488475,61.356655032437736,11500
2024-04-16,59.844581604003906,60.12932292044807,59.785668445097926,60.12932292044807,8700
2024-04-17,59.48129653930664,60.18823575884645,59.32419477328418,60.18823575884645,40000
2024-04-18,59.40274429321289,59.864221356533974,59.306522085590665,59.756215767628,16700
2024-04-19,58.921630859375,59.451838083143734,58.763551514660044,59.451838083143734,77700
2024-04-22,59.3536491394043,59.658024426329455,59.0050880474504,59.137637971512646,26500
2024-04-23,60.1195068359375,60.158782278244686,59.72676364940268,59.72676364940268,5200
2024-04-24,60.237327575683594,60.374791619555985,59.91822491685272,60.35515389900279,35100
2024-04-25,60.03114318847656,60.085145989071556,59.46362686559178,59.56966607266938,24400
2024-04-26,60.531890869140625,60.66935117029549,60.41995623426288,60.443522997610735,23600
2024-04-29,60.80680847167969,60.80680847167969,60.453337002997884,60.66934817730612,15600
2024-04-30,59.716941833496094,60.561345100231165,59.716941833496094,60.561345100231165,17100
2024-05-01,59.34383010864258,60.286421939327504,59.31437540145346,59.38310554856947,58400
2024-05-02,59.90349197387695,59.94276741377472,59.2358282231755,59.746393959798006,14400
2024-05-03,60.561344146728516,60.71844216512356,60.35515369986856,60.70862517763546,106100
2024-05-06,61.209373474121094,61.209373474121094,60.87553971938783,60.87553971938783,70000
2024-05-07,61.268287658691406,61.386110237179686,61.194647142569146,61.356655528935676,6200
2024-05-08,61.209373474121094,61.268286635137144,61.07191317726249,61.07191317726249,47000
2024-05-09,61.60211944580078,61.60211944580078,61.170097095994976,61.317378123521884,12600
2024-05-10,61.73958206176758,61.886859349319536,61.60212176184752,61.86722162854349,33900
2024-05-13,61.7003059387207,61.92613410688252,61.69048895119724,61.91631711935906,20500
2024-05-14,62.024314880371094,62.024314880371094,61.73466694859718,61.8475828979996,29600
2024-05-15,62.81962585449219,62.81962585449219,62.41706197204288,62.41706197204288,15000
2024-05-16,62.6723518371582,62.917817723259226,62.6723518371582,62.87854228256014,17400
2024-05-17,62.809810638427734,62.829448358309655,62.58398247805381,62.829448358309655,9800
2024-05-20,62.799991607666016,62.98654807884404,62.70180675110762,62.878542489322484,28300
2024-05-21,62.96690368652344,62.96690368652344,62.73125854353005,62.73125854353005,15000
2024-05-22,62.741085052490234,62.91782079876301,62.49267143616231,62.770539761698245,13700
2024-05-23,62.210880279541016,63.22219862123375,62.083236958726275,63.22219862123375,15100
2024-05-24,62.682167053222656,62.721442492811846,62.37582536634871,62.47597661364752,6600
2024-05-28,62.73126220703125,62.917818680433925,62.52507175849252,62.917818680433925,11100
2024-05-29,62.26978302001953,62.40724705988737,62.2403283128039,62.2403283128039,15300
2024-05-30,61.93595504760742,62.18730888237799,61.84758717755106,62.1814209371515,6600
2024-05-31,62.54470443725586,62.54470443725586,61.46760007963018,62.13231982790953,11800
2024-06-03,62.52506637573242,62.81962466907394,62.17159492551784,62.81962466907394,13400
2024-06-04,62.54470443725586,62.54470443725586,62.2197063668207,62.39742341702247,10800
2024-06-05,63.251651763916016,63.251651763916016,62.7018105411342,62.819633125228535,15900
2024-06-06,63.24183654785156,63.261470523327574,63.111245516003706,63.261470523327574,22500
2024-06-07,63.13383102416992,63.418564869518505,63.0091279375212,63.05528014013085,10100
2024-06-10,63.290924072265625,63.290924072265625,63.02582420756211,63.02582420756211,15800
2024-06-11,63.47747802734375,63.47747802734375,62.922722741755635,63.025821707343155,95000
2024-06-12,64.0960464477539,64.36900437394036,63.82112587332494,63.82112587332494,18900
2024-06-13,64.29242706298828,64.34151574473823,63.993939711697465,64.34151574473823,24700
2024-06-14,64.27278900146484,64.27278900146484,63.91931751363812,64.09605325755147,165600
2024-06-17,64.80299377441406,64.96009553683159,64.19423568158263,64.21387714739699,10200
2024-06-18,64.94046020507812,64.98955638322715,64.75390371734188,64.75390371734188,175100
2024-06-20,64.71463012695312,65.23501660949329,64.65669454429685,65.23501660949329,17400
2024-06-21,64.55752563476562,64.77353680503516,64.53297754886698,64.77353680503516,15800
2024-06-24,64.439697265625,64.80298944869688,64.42006329214558,64.53788960609361,24500
2024-06-25,64.67535400390625,64.69498797863349,64.39061267870323,64.67535400390625,23700
2024-06-26,64.68517303466797,64.744089946171,64.42989388524643,64.60662963770557,12200
2024-06-27,64.76896667480469,64.76896667480469,64.5225094081254,64.70981933761091,11700
2024-06-28,64.47322082519531,65.15837170825935,64.47322082519531,64.82811988187525,24000
2024-07-01,64.53236389160156,64.65066607642791,64.30562743894883,64.64080568070617,24200
2024-07-02,64.9957046508789,64.9957046508789,64.4732164973061,64.4732164973061,25400
2024-07-03,65.45904541015625,65.46890580585901,65.0252782545732,65.10414637763887,59500
2024-07-05,65.79422760009766,65.80408799639221,65.41961527496952,65.56749113427331,22000
2024-07-08,65.88294982910156,65.96181794936493,65.74690495409453,65.96181794936493,31000
2024-07-09,65.89280700683594,66.08800674542853,65.89280700683594,66.04068286166849,18400
2024-07-10,66.57303619384766,66.60260986267636,66.03083471567042,66.17870305981397,37100
2024-07-11,66.05055236816406,66.74062975752862,66.03083909473055,66.73077688145159,29500
2024-07-12,66.51388549804688,66.89540235348895,66.12941278012696,66.12941278012696,14700
2024-07-15,66.68147277832031,67.06594548558033,66.61246504935771,66.8589222986925,19800
2024-07-16,67.11524963378906,67.11524963378906,66.77021093916072,66.77021093916072,9400
2024-07-17,66.15898895263672,66.55332208169317,66.15898895263672,66.44488028317068,46400
2024-07-18,65.76465606689453,66.48431459418104,65.52411804696257,66.48431459418104,12700
2024-07-19,65.36046600341797,65.92238823510223,65.21751658585708,65.92238823510223,46600
2024-07-22,66.14912414550781,66.14912414550781,65.67593043921376,65.8829536258772,12300
2024-07-23,65.75479888916016,66.1195583689667,65.74494601334213,66.1195583689667,11800
2024-07-24,64.26619720458984,65.20273177941772,64.22676314063264,65.20273177941772,13900
2024-07-25,63.79299545288086,64.76896408393227,63.72398772182224,64.12818123322168,13900
2024-07-26,64.44364929199219,64.69897414843659,64.12818428908037,64.32534709542065,60800
2024-07-29,64.5718002319336,64.78868381779655,64.3795638756057,64.76896302565711,8300
2024-07-30,64.30563354492188,64.7788272866017,63.88172674397428,64.7788272866017,13800
2024-07-31,65.2421646118164,65.54776920011757,65.12386242217796,65.21259094472641,13700
2024-08-01,64.1774673461914,65.67593166029906,63.86200236237061,65.4294744066491,35400
2024-08-02,63.25079345703125,63.55639804605307,62.74801855148041,63.526824378893345,17700
2024-08-05,61.377716064453125,62.00273434049985,60.52004582903437,60.61863099213043,24500
2024-08-06,62.10723114013672,62.81702927085719,61.57488254209637,61.75233207477649,29300
2024-08-07,61.5945930480957,63.09305352048388,61.5157286867274,62.88603034117316,44800
2024-08-08,62.935325622558594,62.97475968643542,62.00864768528904,62.00864768528904,11400
2024-08-09,63.19163513183594,63.22120879737189,62.66914698395918,62.925464620734274,14600
2024-08-12,63.14235305786133,63.416413410802974,62.994477197518115,63.20150039348713,11900
2024-08-13,64.26619720458984,64.26619720458984,63.65498049517122,63.65498049517122,63900
2024-08-14,64.36477661132812,64.49391696173532,64.10845896418037,64.28590848585522,13400
2024-08-15,65.50833892822266,65.52805972160967,65.06176299101686,65.06471885364122,24200
2024-08-16,65.64634704589844,65.7055018981565,65.29145553874054,65.29145553874054,19100
2024-08-19,66.34629821777344,66.34629821777344,65.74986833186391,65.77451556242326,16400
2024-08-20,66.15898895263672,66.33446790958833,66.05054715411423,66.30686481619274,204300
2024-08-21,66.4547348022461,66.4547348022461,66.20334360005117,66.31671182619658,10100
2024-08-22,65.8435287475586,66.63218754181302,65.77452100904533,66.63218754181302,15500
2024-08-23,66.60260772705078,66.74062319134524,66.28714273419507,66.3561504663423,191500
2024-08-26,66.48430633544922,66.82244042815346,66.34629088510505,66.82244042815346,17400
2024-08-27,66.57303619384766,66.66176472161274,66.26743158757905,66.26743158757905,6700
2024-08-28,66.2477035522461,66.61246297757705,66.14912215983392,66.61246297757705,24300
2024-08-29,66.22799682617188,66.80963236376897,66.1984231576539,66.4251596304776,9600
2024-08-30,66.7899169921875,66.82935105606474,66.19842107658621,66.54345973391375,18500
2024-09-03,65.47876739501953,66.51389096450882,65.20273644883017,66.51389096450882,8700
2024-09-04,65.27174377441406,65.63650324888437,65.12386790523533,65.24217010483414,108600
2024-09-05,65.15343475341797,65.4787601272946,64.8971246297076,65.3703183360024,9900
2024-09-06,64.02959442138672,65.39004333744181,64.02959442138672,65.15343894778424,9800
2024-09-09,64.76896667480469,64.9020557047696,64.43378840233473,64.59151714194445,12400
2024-09-10,65.05485534667969,65.05485534667969,64.50279349870057,65.03514207551412,6500
2024-09-11,65.6759262084961,65.76464720223161,63.97536528245335,65.10414362238544,33900
2024-09-12,66.2477035522461,66.2477035522461,65.61677361527447,65.83365719134811,19600
2024-09-13,66.62232971191406,66.72091111370565,66.36601205023284,66.37587244679565,106900
2024-09-16,66.74061584472656,66.74061584472656,66.43501128189732,66.54345306637438,28300
2024-09-17,66.72090911865234,67.14481590283172,66.55726113848566,66.92793231260805,8100
2024-09-18,66.57303619384766,67.23353986861868,66.51388885619023,66.89836159352136,13100
2024-09-19,67.78560638427734,67.89404817956043,67.40606010078656,67.7461723204218,97200
2024-09-20,67.56871795654297,67.63772568303033,67.24733374370322,67.63772568303033,28600
2024-09-23,67.77574157714844,67.80531524279579,67.6130788948099,67.73630751585927,21600
2024-09-24,67.87432098388672,67.88418137924006,67.58842968886334,67.8053132589692,25400
2024-09-25,67.77574157714844,67.95319109231065,67.60321849916808,67.95319109231065,22300
2024-09-26,68.0912094116211,68.31795339325622,67.81517849225901,68.19965120441027,142100
2024-09-27,68.01233673095703,68.34752248293402,68.01233673095703,68.22922030201075,10400
2024-09-30,68.40666961669922,68.40666961669922,67.96304960174476,67.96304960174476,13300
2024-10-01,67.6968765258789,68.39681422264105,67.41098520952053,68.39681422264105,84800
2024-10-02,67.66730499267578,67.75011427136779,67.34197960298053,67.57858398891092,22200
2024-10-03,67.5588607788086,67.75603109336237,67.29269025575907,67.54900038276129,35700
2024-10-04,68.1405029296875,68.15035580432976,67.60815436914952,68.06064951741504,11600
2024-10-07,67.52928924560547,68.05177743344426,67.4997155778076,68.05177743344426,13900
2024-10-08,68.25879669189453,68.2686570876846,67.77081615882086,67.88418438593274,12500
2024-10-09,68.65312957763672,68.70735047239744,68.16021508754956,68.24894360682993,8400
2024-10-10,68.52497863769531,68.63144233744299,68.38696317387549,68.46582378085918,14200
2024-10-11,68.82072448730469,68.92423984829153,68.50525948796796,68.50525948796796,8400
2024-10-14,69.5403823852539,69.56995605347505,69.02774706515797,69.02774706515797,15000
2024-10-15,69.01789093017578,69.62811481381296,68.90944913763414,69.49108464192254,11700
2024-10-16,69.33335876464844,69.33335876464844,68.92916524467476,68.95873891271602,13900
2024-10-17,69.26435089111328,69.73754462136733,69.25449049469336,69.73754462136733,9300
2024-10-18,69.5798110961914,69.62909803234137,69.43193524518509,69.62909803234137,15900
2024-10-21,69.4417953491211,69.53545030507415,69.10660958683006,69.43193495342125,12200
2024-10-22,69.28406524658203,69.37772021083964,68.9883210408662,68.9883210408662,8900
2024-10-23,68.71228790283203,69.13619473297844,68.49541181036966,69.13619473297844,40000
2024-10-24,69.0474624633789,69.086896525019,68.90944700827768,69.086896525019,5700
2024-10-25,69.02774810791016,69.56995710441801,68.90254889920062,69.3333602337959,10100
2024-10-28,69.26435089111328,69.45165329541942,69.21505643029239,69.45165329541942,7300
2024-10-29,69.32350158691406,69.41321540399811,69.00803657769576,69.00803657769576,14100
2024-10-30,69.08689880371094,69.46151111973035,69.00803067782945,69.45165072367554,10900
2024-10-31,67.73631286621094,68.60383971926247,67.72645246979026,68.60383971926247,18500
2024-11-01,67.86446380615234,68.41653315294529,67.86446380615234,67.95319232598337,94800
2024-11-04,67.86446380615234,68.11979616109203,67.72644834977368,67.8348901399681,36500
2024-11-05,68.69255828857422,68.69255828857422,68.03205472841428,68.03205472841428,7300
2024-11-06,70.56564331054688,70.56564331054688,69.93766919965404,70.14173652957085,13000
2024-11-07,71.09799194335938,71.13742600688657,70.8416742910719,70.8416742910719,41100
2024-11-08,71.49231719970703,71.60075899357696,71.1916390478456,71.20643340271744,19400
2024-11-11,71.70919799804688,71.77820572589083,71.57118254235897,71.68948472778213,9400
2024-11-12,71.35429382324219,71.70919283266926,71.16699144474514,71.70919283266926,29500
2024-11-13,71.40360260009766,71.63034660432211,71.34445526042136,71.55147847056759,10800
2024-11-14,70.98955535888672,71.42331504696224,70.93040049861528,71.37402810489502,411100
2024-11-15,70.23045349121094,70.62478658219969,69.99385664512894,70.44733706731866,21300
2024-11-18,70.6445083618164,70.79928122530599,70.27580778153055,70.36846992936763,11800
2024-11-19,70.86138916015625,70.91462477105452,70.19102510763405,70.2304591720505,38400
2024-11-20,70.86138916015625,70.86138916015625,70.22651802199248,70.79238142774715,43500
2024-11-21,71.32472229003906,71.45288486583051,70.57450490242793,71.25571456510441,29500
2024-11-22,71.63034057617188,71.63034057617188,71.3444492563307,71.39373619482006,10000
2024-11-25,71.81764221191406,72.18240165498932,71.60075862528977,72.18240165498932,17500
2024-11-26,72.00495147705078,72.07395920659688,71.76835462164675,71.88664928870955,11700
2024-11-27,71.81764221191406,72.0838202577815,71.67568560163708,72.0838202577815,19300
2024-11-29,72.2711181640625,72.30759636248627,71.8669322042492,71.8669322042492,4400
2024-12-02,72.39928436279297,72.42885802946849,72.23168771616771,72.34998990414817,19600
2024-12-03,72.34999084472656,72.36871882819028,72.16366621245876,72.34999084472656,7900
2024-12-04,72.69503021240234,72.73446427596383,72.44857295610196,72.53730147943496,36200
2024-12-05,72.60630798339844,72.79361038055214,72.58658719131165,72.79361038055214,13100
2024-12-06,72.72460174560547,72.8626247246596,72.606307079671,72.72460174560547,10300
2024-12-09,72.35984802246094,72.76403398976774,72.27703874986473,72.76403398976774,17200
2024-12-10,72.1922607421875,72.4387179913778,72.14296628383809,72.42885759545226,14400
2024-12-11,72.76404571533203,72.85277424814223,72.55702250048074,72.55702250048074,15600
2024-12-12,72.4288558959961,72.69502640951379,72.40913510460771,72.6654527437094,47400
2024-12-13,72.34999084472656,72.61616889082342,72.24154905132096,72.61616889082342,28500
2024-12-16,72.64574432373047,72.80051719645508,72.50772885991005,72.50772885991005,9500
2024-12-17,72.29084777832031,72.4781501878505,72.18240597851282,72.2514137128195,26500
2024-12-18,70.17131042480469,72.52744119703117,70.1614500285792,72.27112354411857,39900
2024-12-19,70.02342987060547,70.89786118158385,70.02342987060547,70.86138298289087,36500
2024-12-20,70.77266693115234,71.40359690833714,69.63896204295891,69.63896204295891,23300
2024-12-23,71.17684936523438,71.29515155052404,70.54591941957933,70.96982618193616,31500
2024-12-24,72.1429672241211,72.1429672241211,71.46767675934726,71.47260319673507,9800
2024-12-26,72.10353088378906,72.22183306886595,71.90636809660582,72.01480988594007,17900
2024-12-27,71.3641586303711,71.82749945028444,70.84462634130685,71.82749945028444,13500
2024-12-30,70.51653289794922,70.85855863770665,70.1001570250247,70.49670871696947,14000
2024-12-31,70.22903442382812,70.74455390207608,70.07041828224037,70.58593019689377,16800
2025-01-02,69.97128295898438,70.70489869391737,69.50533527477198,70.53636667814534,93800
2025-01-03,70.84368133544922,70.94678824401925,70.25877351168621,70.25877351168621,14700
2025-01-06,71.3691177368164,71.84299962708398,71.20058572272383,71.33937768298766,40900
2025-01-07,70.51653289794922,71.70618797378353,70.2488648549533,71.70618797378353,1011100
2025-01-08,70.65531921386719,70.71480687924527,70.13980735001795,70.39756706373947,27800
2025-01-10,69.58464050292969,70.15963247632357,69.35662083702283,70.15963247632357,31700
2025-01-13,69.65403747558594,69.71351757902558,68.87085000472314,68.98981021160243,30200
2025-01-14,69.78291320800781,70.15963313391319,69.43593333367471,70.15963313391319,90000
2025-01-15,71.2303237915039,71.26898888584158,70.83873382101405,70.95273987871195,9100
2025-01-16,71.12127685546875,71.41869253342946,71.0270949719947,71.41869253342946,8500
2025-01-17,71.90445709228516,72.05514657777907,71.676444984184,71.87471704023667,41000
2025-01-21,72.50920104980469,72.50920104980469,72.03433589215558,72.26135718305977,29600
2025-01-22,72.79669952392578,73.04850670966113,72.79471786218535,72.93549148170074,8300
2025-01-23,73.25272369384766,73.25272369384766,72.74712014969882,72.74712014969882,16400
2025-01-24,72.98506164550781,73.26759970908299,72.87104802563545,73.13376190865566,25200
2025-01-27,71.87471771240234,71.93419781705558,71.2798939750875,71.2798939750875,69000
2025-01-28,72.4893798828125,72.55381414760127,71.66554556481056,72.05317223885213,8900
2025-01-29,72.15230560302734,72.47946132387341,72.03334538715212,72.41998121593579,17300
2025-01-30,72.55876922607422,72.73225538597758,72.10769159585595,72.38032134838316,46200
2025-01-31,71.99368286132812,73.09411013887036,71.99368286132812,72.93548644745091,16100
2025-02-03,71.517822265625,71.79540617332904,70.8932584732909,70.94282270618422,19100
2025-02-04,72.02342224121094,72.03928309748626,71.60704640050695,71.62687057995264,18800
2025-02-05,72.42988586425781,72.42988586425781,71.91437397313175,71.9341981535775,15400
2025-02-06,72.5290298461914,72.58850995144184,72.21674416643809,72.46954217734671,104600
2025-02-07,71.9441146850586,72.81652234095878,71.9441146850586,72.64799033304527,8300
2025-02-10,72.49928283691406,72.55877050625676,72.25739152690144,72.45962691188369,26600
2025-02-11,72.46954345703125,72.46954345703125,72.21178372373734,72.24153134048211,23400
2025-02-12,72.3505859375,72.38032599175737,71.70619036207638,71.70619036207638,14000
2025-02-13,73.1436767578125,73.1436767578125,72.36048927394495,72.45962530252186,10100
2025-02-14,73.19324493408203,73.2923809577561,73.06436129607134,73.2923809577561,22800
2025-02-18,73.35186767578125,73.36178354812122,73.12385555712297,73.1932515363139,16600
2025-02-19,73.56005859375,73.56502031191825,73.21208785282224,73.2527346111091,26500
2025-02-20,73.21307373046875,73.45100171500988,72.78678199455231,73.45100171500988,8800
2025-02-21,71.8350601196289,73.22298718352303,71.81027422206769,73.22298718352303,77000
2025-02-24,71.54756164550781,72.19195717581707,71.44743478622598,72.19195717581707,12300
2025-02-25,71.0518798828125,71.59713943028113,70.72472415433133,71.398859793204,23600
2025-02-26,71.0518798828125,71.6962754670223,70.88334786399302,71.42860741146166,74100
2025-02-27,69.97128295898438,71.45834617399687,69.9018869781609,71.38895019317341,90600
2025-02-28,71.02214050292969,71.02214050292969,69.75318106795883,69.93162896122628,23400
2025-03-03,69.87214660644531,71.32946219711413,69.33680294384276,71.30963801565237,14800
2025-03-04,68.9997329711914,69.891972429823,68.35533738642444,69.34671288188292,24000
2025-03-05,69.64411926269531,69.87213892420569,68.61804213128931,68.96006784175798,10500
2025-03-06,68.39498901367188,69.32688434116207,68.15706102752763,68.88076842169234,13900
2025-03-07,68.74197387695312,68.8460716329459,67.60189809723195,68.19672188743318,17800
2025-03-10,66.84844970703125,67.73077328954554,66.18422994286338,67.73077328954554,390100
2025-03-11,66.20404815673828,66.93270968253083,65.75098887177312,66.62042401045,33400
2025-03-12,66.58078002929688,67.04672014561274,66.0256046242403,67.04672014561274,51200
2025-03-13,65.56957244873047,66.491551930894,65.44069636157013,66.491551930894,22900
2025-03-14,67.02689361572266,67.05663366853113,66.18422601057375,66.18422601057375,21300
2025-03-17,67.50275421142578,67.82000163269747,66.98724227904894,66.98724227904894,37200
2025-03-18,66.75921630859375,67.15576798430111,66.60952521751965,67.15576798430111,11900
2025-03-19,67.50275421142578,67.90029675534242,66.88810624169895,66.91784629654447,9700
2025-03-20,67.34413146972656,67.90624265476562,67.00705989943046,67.066547566891,19000
2025-03-21,67.32431030273438,67.32431030273438,66.63034295099288,66.63034295099288,8300
2025-03-24,68.65275573730469,68.65275573730469,68.25620401094059,68.25620401094059,29600
2025-03-25,68.82128143310547,68.8609373584541,68.57839929028744,68.69240534841823,20900
2025-03-26,68.02818298339844,68.87580471867953,67.81999505607337,68.77171453681405,44600
2025-03-27,67.81999969482422,68.20663552395791,67.7010319152467,67.74068784177254,38500
2025-03-28,66.40233612060547,67.70103564051092,66.37755021971364,67.70103564051092,40200
2025-03-31,66.9574966430664,66.96344162810205,65.43077759163039,65.6984456265238,23600
2025-04-01,67.21525573730469,67.30447589356518,66.32301635672923,66.63034031308528,21200
2025-04-02,67.63163757324219,67.89930562928318,66.54112603994277,66.54112603994277,31900
2025-04-03,64.43940734863281,65.61914661121197,64.43940734863281,65.2225948994245,34900
2025-04-04,60.662261962890625,62.99199652175801,60.60278185669302,62.99199652175801,125800
2025-04-07,60.47390365600586,62.15924271097532,57.88641307481706,59.05623643169014,205500
2025-04-08,59.33382034301758,62.714410543091745,58.570464559404925,62.496310511401255,37500
2025-04-09,65.21267700195312,65.46052086867601,58.94718435374211,58.94718435374211,30100
2025-04-10,62.85320281982422,63.973454315810905,61.19760391034232,63.973454315810905,59600
2025-04-11,63.87431716918945,64.06268091508142,62.4368220863263,62.853201719848045,21900
2025-04-14,64.5881118774414,65.32172759033173,64.03293648394019,65.32172759033173,58200
2025-04-15,64.47905731201172,65.0342251190056,64.37495956640332,64.69716111150048,21400
2025-04-16,63.04156494140625,64.03095494668382,62.535965126501466,64.03095494668382,18200
2025-04-17,63.120872497558594,63.67604788762513,63.031652338416016,63.27949619860457,16500
2025-04-21,61.623897552490234,62.68466897682911,60.999329962805646,62.68466897682911,25700
2025-04-22,63.22992706298828,63.46785506097918,62.26829541659592,62.26829541659592,11600
2025-04-23,64.26095581054688,65.3019030494796,64.1519039069027,65.08379924219128,25200
2025-04-24,65.64888000488281,65.68357421071175,64.36008896323982,64.36008896323982,26600
2025-04-25,66.11483001708984,66.19413430336215,65.51009039814699,65.728194203483,33000
2025-04-28,66.17430877685547,66.41223675802208,65.50413651722273,66.31310072950217,15400
2025-04-29,66.56095123291016,66.63629976535762,65.89772228644158,65.89772228644158,35100
2025-04-30,66.68982696533203,66.73939876607346,65.13336772334628,65.81741924288478,19600
2025-05-01,67.26481628417969,67.85468583023021,67.18550444056419,67.50274425143249,33100
2025-05-02,68.19671630859375,68.39498836790955,67.81008049841199,67.889392347576,15100
2025-05-05,67.96869659423828,68.23141047629872,67.67128850543483,67.67128850543483,10500
2025-05-06,67.48292541503906,67.79024937888825,67.3827985536137,67.49284128717447,17200
2025-05-07,67.78034210205078,67.8993023151093,67.15874322172348,67.73077030421345,8400
2025-05-08,68.25619506835938,68.87085054187443,67.88939100949534,68.33550691596017,225700
2025-05-09,68.09757995605469,68.5635276131912,68.08766408405764,68.40490391561528,107300
2025-05-12,70.38765716552734,70.38765716552734,69.67882734713223,70.33808536743778,43200
2025-05-13,71.03205871582031,71.23727417801814,70.44714321610984,70.44714321610984,89200
2025-05-14,71.25016021728516,71.3483054240712,71.02214052331331,71.26998439938953,17700
2025-05-15,71.6665267944336,71.71609102504667,71.14803487122934,71.20057915782618,21300
2025-05-16,72.18204498291016,72.18204498291016,71.64670132568726,71.93420111735851,37800
2025-05-19,72.21178436279297,72.23161610746499,71.19066885642336,71.19066885642336,12000
2025-05-20,71.93419647216797,72.07795014051788,71.58424410306274,72.07298842282675,45400
2025-05-21,70.71481323242188,71.85389812733517,70.5363653474431,71.49800075185128,25800
2025-05-22,70.67515563964844,71.05683729977252,70.59287129705109,70.7742916703887,13800
2025-05-23,70.12989807128906,70.37774193681456,69.78688149580545,69.82257409838769,19500
2025-05-27,71.69627380371094,71.69627380371094,70.85360616556818,71.08161828842366,16100
2025-05-28,71.31954956054688,71.75574959858847,71.23032184039677,71.74584129025612,34800
2025-05-29,71.60704803466797,72.10273573165459,71.12424113827902,72.10273573165459,23500
2025-05-30,71.42860412597656,71.66653211593041,70.92300052917949,71.35920814709026,12400
2025-06-02,71.85489654541016,71.85489654541016,71.13217996375064,71.3790329974456,16700
2025-06-03,72.2514419555664,72.39023391709497,71.73593003611666,71.7755859627812,26800
2025-06-04,72.24153137207031,72.45962761646656,72.24153137207031,72.45962761646656,24500
2025-06-05,71.7854995727539,72.53398531051981,71.48808391394135,72.23161549737833,18800
2025-06-06,72.37040710449219,72.63807514525331,72.26135520102801,72.43980308273355,15100
2025-06-09,72.400146484375,72.5488543116794,72.30101045403683,72.49928251471317,10600
2025-06-10,72.79669952392578,72.79669952392578,72.3406677250089,72.50919973607927,9900
2025-06-11,72.59842681884766,72.9662217219081,72.4497189900885,72.8859190405625,15100
2025-06-12,72.78678131103516,72.80661305499066,72.30299113612045,72.43980142775557,54500
2025-06-13,71.89453887939453,72.52208269884136,71.80531872615423,72.10273436414298,43100
2025-06-16,72.70747375488281,72.86609746151494,72.52903343031363,72.52903343031363,9600
2025-06-17,72.00359344482422,72.499281150784,71.97682588514112,72.47945697052704,20700
2025-06-18,72.08290100097656,72.44971260443947,72.01350502881803,72.23160881662875,48400
2025-06-20,72.00359344482422,72.54885294681765,71.8548931839116,72.54885294681765,27700
2025-06-23,72.62816619873047,72.70053466891918,71.78549859503129,71.93419885881787,21800
2025-06-24,73.43118286132812,73.58980657159198,73.10402713160504,73.28247502385446,34000
2025-06-25,73.5699691772461,73.73850118376531,73.41135304275574,73.73850118376531,26300
2025-06-26,74.19453430175781,74.19453430175781,73.70876245394666,73.7583342513862,40300
2025-06-27,74.46820831298828,74.68714585583935,74.20747401700241,74.38859328058655,35000
2025-06-30,75.08521270751953,75.17478152529911,74.66724513790305,74.87622892271129,157500
2025-07-01,75.01554870605469,75.11507129828772,74.74685744754578,74.92598748405432,168700
2025-07-02,75.21458435058594,75.26433805290645,74.8364167319105,74.85632428684478,43400
2025-07-03,75.92115020751953,75.97090390951692,75.46337514960284,75.46337514960284,50400
2025-07-07,75.30414581298828,75.75197469036196,74.9956470430809,75.65245210038495,33100
2025-07-08,75.26433563232422,75.41859260432726,75.14492067658941,75.35390444163268,15700
2025-07-09,75.74201965332031,75.74201965332031,75.35390585488845,75.39371337171576,55200
2025-07-10,75.92115020751953,76.01569211157438,75.57284392350765,75.78182769391478,50200
2025-07-11,75.51313018798828,75.69226022186561,75.38376144949653,75.48327644776,16400
2025-07-14,75.6922607421875,75.78182955599571,75.34395444961717,75.53303826237295,19600
2025-07-15,75.47332000732422,76.1699401556057,75.44844695301668,76.1699401556057,36100
2025-07-16,75.65743255615234,75.66240564863307,74.98569303838094,75.5927443913648,90400
2025-07-17,76.13411712646484,76.15003861578188,75.582794749132,75.582794749132,32000
2025-07-18,76.10724639892578,76.34907536918266,76.00076906763688,76.34907536918266,9500
2025-07-21,76.20477294921875,76.61776742263486,76.18984607846342,76.31922241502028,101200
2025-07-22,76.34807586669922,76.34907048517515,75.96095668935044,76.21969415822862,16300
2025-07-23,76.78993225097656,76.79689458056387,76.38888080772539,76.48839580652688,13500
2025-07-24,76.95413208007812,77.10539760500265,76.8964062463181,76.90636002351911,16200
2025-07-25,77.2606430053711,77.31438277372116,76.9561227130591,76.9561227130591,14900
2025-07-28,77.12033081054688,77.46365643086129,77.00090825184533,77.46365643086129,89000
2025-07-29,76.95711517333984,77.48355685370026,76.8635678905944,77.44374933779778,24100
2025-07-30,76.89939880371094,77.27556958825707,76.60084622343193,77.1053987174521,38800
2025-07-31,76.61875915527344,77.74926837094556,76.61875915527344,77.74926837094556,19100
2025-08-01,75.36186218261719,75.86144157955911,75.06530643457916,75.86144157955911,26300
2025-08-04,76.5421371459961,76.54810485719332,75.91119974079244,75.91119974079244,12900
2025-08-05,76.14307403564453,76.58293838225066,76.04057518040956,76.50829643811622,29400
2025-08-06,76.75708770751953,76.76704148523564,76.15999011718544,76.15999011718544,18300
2025-08-07,76.80684661865234,77.36413667332529,76.47844029678826,77.36413667332529,20700
2025-08-08,77.4696273803711,77.49848650174633,77.06559208861027,77.06559208861027,19700
2025-08-11,77.25466918945312,77.68358513351733,77.25466918945312,77.62288303458662,15200
2025-08-12,78.17022705078125,78.17022705078125,77.57312187546043,77.57312187546043,126400
2025-08-13,78.34735870361328,78.47872426918451,78.10056424581113,78.37920927277126,30800
2025-08-14,78.37821960449219,78.3792142230436,78.04085410285934,78.04085410285934,210000
2025-08-15,78.02989959716797,78.27969309167065,78.01099425366306,78.27969309167065,30600
2025-08-18,78.08065795898438,78.08065795898438,77.92243009914381,78.05080421882636,19300
2025-08-19,77.54824829101562,78.07568461210951,77.49848699590926,78.04085018703353,17100
2025-08-20,77.33428192138672,77.53331950438441,76.78694565128485,77.43379691663183,24200
2025-08-21,76.98299407958984,77.20988857920796,76.97005644649691,77.04568541553373,19400
2025-08-22,78.18316650390625,78.36925887189109,77.2646249013438,77.2646249013438,11300
2025-08-25,77.9383544921875,78.22396186384935,77.91148460654242,78.10056842459986,17600
2025-08-26,78.21002960205078,78.21998337997572,77.85177711434063,77.91148459687435,15300
2025-08-27,78.37921142578125,78.44887268443482,78.12046635399324,78.21002757547308,36600
2025-08-28,78.62998962402344,78.65288103422606,78.27570803766363,78.36925532293942,137400
2025-08-29,78.05577850341797,78.5384342233642,77.90849903738813,78.5384342233642,54500
2025-09-02,77.59303283691406,77.59303283691406,76.91034488486349,77.45371031455845,24600
2025-09-03,78.00104522705078,78.00104522705078,77.60497446024654,77.89157644823348,10100
2025-09-04,78.63794708251953,78.63794708251953,78.02890649454717,78.14036450580969,11500
2025-09-05,78.37622833251953,79.05592481838745,78.17520150273104,79.05592481838745,21400
2025-09-08,78.60411834716797,78.7872268605583,78.4787280789488,78.74741934155902,15800
2025-09-09,78.78722381591797,78.79717759341011,78.53843252616768,78.77727763093344,22800
2025-09-10,78.98526763916016,79.32461477098629,78.8170784085032,79.32461477098629,13900
2025-09-11,79.65699768066406,79.66993531348413,79.3644204032454,79.3644204032454,13300
2025-09-12,79.6361083984375,79.78139863207417,79.5933170231879,79.73263954551403,13100
2025-09-15,79.96350860595703,80.05108818177037,79.87195814863955,79.89185811120623,25200
2025-09-16,79.89186096191406,80.24016726306681,79.78836748636064,80.24016726306681,18800
2025-09-17,79.69779968261719,80.03117909490888,79.44403530408374,79.75253406926254,32000
2025-09-18,80.18244934082031,80.45910514578014,80.02123761935613,80.02123761935613,19900
2025-09-19,80.57852172851562,80.57852172851562,80.21827243765502,80.35461109294046,14200
2025-09-22,80.92683410644531,80.97161471843495,80.3894439850458,80.41929772637222,12900
2025-09-23,80.49493408203125,81.02634889828283,80.35959003536162,81.02634889828283,21600
2025-09-24,80.26107025146484,80.56857441813668,80.08094559157688,80.56857441813668,96900
2025-09-25,79.8321533203125,79.95156828475068,79.48384701985461,79.73263831911137,14900
2025-09-26,80.22623443603516,80.27997420675756,79.78239161081756,79.85205287054885,99600
2025-09-29,80.38148498535156,80.5884795247746,80.26007319354898,80.5884795247746,14200
2025-09-30,80.6670913696289,80.69793972833675,80.18045718232382,80.37948717867317,39000
2025-10-01,80.76560974121094,80.82731404960015,80.25011644502722,80.37948518018702,6800
2025-10-02,80.8561782836914,81.06615668417444,80.58848163760263,81.06615668417444,21600
2025-10-03,80.86712646484375,81.28509402760807,80.85219959420988,81.00644898576519,57000
2025-10-06,81.0940170288086,81.16069443040155,80.89797089051076,81.08606008086173,10100
2025-10-07,80.73078155517578,81.29504151751715,80.57354072764961,81.29504151751715,28700
2025-10-08,81.21343994140625,81.26020978832466,80.8372691515406,81.04625292368819,27800
2025-10-09,81.10596466064453,81.31992153651109,80.81736583848115,81.25524096073013,67100
2025-10-10,78.84693908691406,81.35077347920486,78.84693908691406,81.16566814291988,32600
2025-10-13,80.15060424804688,80.29489985797491,79.70277536299633,79.93166669435654,18800
2025-10-14,80.06103515625,80.46408342914938,79.08577753820488,79.3246150538985,58100
2025-10-15,80.33271789550781,80.96266066971536,80.10582339437583,80.56857155576625,23200
2025-10-16,79.78437805175781,80.8173614891494,79.42412875084305,80.6083777172796,36700
2025-10-17,80.27002716064453,80.46607330432109,79.58336075600849,79.58336075600849,20600
2025-10-20,81.1646728515625,81.265190059387,80.78750744512021,80.78750744512021,22000
2025-10-21,81.19950866699219,81.29703442850123,80.9666388630806,81.17562263774286,11700
2025-10-22,80.70690155029297,81.37465503036022,80.21529425423645,81.37465503036022,21700
2025-10-23,81.22139739990234,81.35475220451893,80.85219652970815,80.8571696222283,17600
2025-10-24,81.80457305908203,81.97176008344668,81.80457305908203,81.90209882329475,6700
2025-10-27,82.87138366699219,82.87138366699219,82.42953010329303,82.42953010329303,17600
2025-10-28,83.09927368164062,83.28537363382941,82.87735227890204,83.0962898261794,20000
2025-10-29,83.16595458984375,83.40479210944174,82.82859668831794,83.40479210944174,13600
2025-10-30,82.22055053710938,82.91716313146263,82.1658161480882,82.80769435342027,32500
2025-10-31,82.47232055664062,82.99677300307246,82.2006378654981,82.99677300307246,24700
2025-11-03,82.57980346679688,82.95696887821896,82.34593904529306,82.95696887821896,35400
2025-11-04,81.5617446899414,82.12102397544834,81.54184472785357,81.80257143449076,30000
2025-11-05,81.84436798095703,82.23049254004779,81.6333949763272,81.6333949763272,20600
2025-11-06,80.91687774658203,81.8025741427087,80.7278015267118,81.8025741427087,83500
2025-11-07,80.98455047607422,80.98455047607422,79.89185953229217,80.45910338187839,23500
2025-11-10,82.21357727050781,82.28025467164947,81.49904638671804,81.7329108037034,18600
2025-11-11,82.31011199951172,82.42853993715089,81.9020982194892,82.11108199840433,15300
2025-11-12,82.29020690917969,82.70817444096778,82.1538682539877,82.70817444096778,25400
2025-11-13,80.90692901611328,82.06131663179498,80.77755268855321,82.06131663179498,28600
2025-11-14,80.78353118896484,81.1865718722978,79.94062615953492,80.0411357776112,39700
2025-11-17,80.03217315673828,80.99151684408523,79.76248729183047,80.61832991751007,14200
2025-11-18,79.37437438964844,79.9217106659526,79.15543684212376,79.53359686534341,19900
2025-11-19,79.77044677734375,80.21031111840816,79.4340835012393,79.4340835012393,16700
2025-11-20,78.52052307128906,81.30499176904839,78.49862627895354,81.01640054967486,14200
2025-11-21,79.28083038330078,79.91176778626243,78.5583425205929,78.72751878067463,12000
2025-11-24,80.54866790771484,80.67803664108077,79.67291773567668,79.68287151286094,19300
2025-11-25,81.2821044921875,81.29802598025054,80.326746875838,80.51881453608162,15200
2025-11-26,81.91304016113281,82.0732648567806,81.623446722219,81.623446722219,4700
2025-11-28,82.32006072998047,82.32006072998047,81.98867055962496,82.09116940948404,14800
2025-12-01,81.87821197509766,82.31011178372327,81.84238293058849,81.92199796782586,40300
2025-12-02,82.13894653320312,82.32205504539185,81.99165947312314,82.11108202933728,14300
2025-12-03,82.3399658203125,82.50914967317658,81.90209829894985,81.90209829894985,66000
2025-12-04,82.46137237548828,82.6086594262996,82.1807381174292,82.6086594262996,52700
2025-12-05,82.68827056884766,83.01568227958225,82.61164698086135,82.67832438372459,24800
2025-12-08,82.33300018310547,82.81764512598511,82.24044751588993,82.81764512598511,15800
2025-12-09,82.32503509521484,82.61860699076519,82.32006200279294,82.33996196498808,12600
2025-12-10,82.90721130371094,83.04653382585853,82.25537930526866,82.33002125160289,87100
2025-12-11,83.06643676757812,83.10225821842162,82.33996286315696,82.48923915502515,19600
2025-12-12,82.0802230834961,82.96692167471691,82.03146399976329,82.90720660253402,11300
2025-12-15,81.90806579589844,82.45938816091837,81.78764862139744,82.45938816091837,13700
2025-12-16,81.70305633544922,81.95184762002276,81.2950425768525,81.64334885675396,31200
2025-12-17,80.7974624633789,81.85233511242903,80.78750868579135,81.8125275945865,16900
2025-12-18,81.43436431884766,81.93095226482173,81.335843942929,81.53387931323466,11900
2025-12-19,82.1309814453125,82.1936803748469,81.64335263090867,81.64335263090867,78000
2025-12-22,82.6663818359375,82.71813236890067,82.46934107427964,82.67832485066037,37000
2025-12-23,82.99678039550781,83.02663413713711,82.41958274898138,82.41958274898138,33300
2025-12-24,83.29531860351562,83.33015302757771,83.01667358104865,83.05648109747357,16000
2025-12-26,83.28935241699219,83.3948427170742,83.20774814570375,83.33512764509024,14800
2025-12-29,82.94999694824219,83.12614312211247,82.82062821304496,82.94701309279688,16500
2025-12-30,82.84200286865234,83.02999877929688,82.80999755859375,82.80999755859375,54900
2025-12-31,82.22699737548828,82.9000015258789,82.18000030517578,82.9000015258789,11500
2026-01-02,82.2770004272461,82.79000091552734,81.9990005493164,82.70999908447266,19700
2026-01-05,82.92400360107422,83.1500015258789,82.68000030517578,82.68000030517578,14100
2026-01-06,83.52999877929688,83.55999755859375,83.00399780273438,83.05000305175781,17800
2026-01-07,83.20999908447266,83.76000213623047,83.18499755859375,83.62000274658203,76200
2026-01-08,83.22000122070312,83.25499725341797,82.91300201416016,83.08999633789062,26300
2026-01-09,83.77100372314453,83.87999725341797,83.33999633789062,83.4000015258789,22300
2026-01-12,83.81300354003906,83.9000015258789,83.31999969482422,83.31999969482422,51800
2026-01-13,83.58000183105469,83.87999725341797,83.37999725341797,83.87999725341797,27800
2026-01-14,83.01599884033203,83.21499633789062,82.57099914550781,83.19000244140625,27700
2026-01-15,83.28099822998047,83.70600128173828,83.28099822998047,83.5,38600
2026-01-16,83.26499938964844,83.66999816894531,83.09300231933594,83.41999816894531,26900
2026-01-20,81.4800033569336,82.33499908447266,81.37999725341797,82.05999755859375,31300
2026-01-21,82.33999633789062,82.75900268554688,81.54000091552734,81.83000183105469,57200
2026-01-22,82.7699966430664,83.05999755859375,82.55999755859375,82.95999908447266,28700
2026-01-23,82.8550033569336,82.97000122070312,82.58999633789062,82.72000122070312,17900
2026-01-26,83.32499694824219,83.48200225830078,82.98999786376953,82.98999786376953,24200
2026-01-27,83.63999938964844,83.7509994506836,83.37999725341797,83.43000030517578,31300
2026-01-28,83.73500061035156,83.94999694824219,83.55000305175781,83.79000091552734,36000
2026-01-29,83.53900146484375,83.7699966430664,82.44999694824219,83.7699966430664,27600
2026-01-30,83.17400360107422,83.48500061035156,82.89299774169922,83.08999633789062,36100
2026-02-02,83.56999969482422,83.73999786376953,82.9800033569336,83.01000213623047,54400
2026-02-03,82.86399841308594,83.69000244140625,82.18000030517578,83.69000244140625,27700
2026-02-04,82.41100311279297,82.9800033569336,82.20500183105469,82.9800033569336,25400
2026-02-05,81.54900360107422,82.13999938964844,81.41999816894531,81.81999969482422,41300
2026-02-06,83.16400146484375,83.22000122070312,81.97000122070312,81.97000122070312,27800
2026-02-09,83.56400299072266,83.72100067138672,82.87899780273438,82.97000122070312,40800
2026-02-10,83.2300033569336,83.73999786376953,83.2300033569336,83.68000030517578,47400
2026-02-11,83.31800079345703,83.79000091552734,82.96600341796875,83.79000091552734,36700
2026-02-12,81.8270034790039,83.6500015258789,81.80000305175781,83.55000305175781,21100
2026-02-13,81.87999725341797,82.41999816894531,81.55000305175781,81.97000122070312,45100
2026-02-17,82.08000183105469,82.29000091552734,81.21499633789062,81.80000305175781,86700
2026-02-18,82.58799743652344,82.8499984741211,82.2300033569336,82.31999969482422,51100
2026-02-19,82.24700164794922,82.45999908447266,82.06999969482422,82.33000183105469,60000
2026-02-20,82.86900329589844,82.9000015258789,81.99500274658203,82.08000183105469,33000
2026-02-23,81.86699676513672,82.9000015258789,81.71700286865234,82.66999816894531,19800
2026-02-24,82.58999633789062,82.61000061035156,81.87000274658203,81.91000366210938,119800
2026-02-25,83.33799743652344,83.37999725341797,82.91999816894531,82.91999816894531,26900
2026-02-26,82.9010009765625,83.33999633789062,82.38999938964844,83.33999633789062,31700
2026-02-27,82.44999694824219,82.48999786376953,82.12000274658203,82.19000244140625,36100
2026-03-02,82.52999877929688,82.7699966430664,81.69000244140625,81.69000244140625,29400
2026-03-03,81.78500366210938,82.04000091552734,80.55000305175781,81.16999816894531,86400
2026-03-04,82.40399932861328,82.5790023803711,81.7699966430664,81.87999725341797,97000
2026-03-05,81.88700103759766,82.1449966430664,81.19499969482422,82.01000213623047,131700
2026-03-06,80.72000122070312,81.16000366210938,80.44999694824219,81.05999755859375,83200
2026-03-09,81.39399719238281,81.5,79.41999816894531,79.87000274658203,32600
2026-03-10,81.13600158691406,81.91000366210938,80.94000244140625,81.41999816894531,51900
2026-03-11,81.0780029296875,81.30999755859375,80.75499725341797,81.16000366210938,24200
2026-03-12,79.87439727783203,80.5999984741211,79.8499984741211,80.5999984741211,185052
