date,close,high,low,open,volume
2021-03-15,19.149560928344727,19.615427071878795,19.125041083303007,19.615427071878795,23700
2021-03-16,18.74090003967285,19.272150703195596,18.55291929946987,18.55291929946987,24000
2021-03-17,18.814464569091797,19.00244537501108,18.798118005387305,18.912540833530503,8200
2021-03-18,18.961585998535156,19.108700437662684,18.495718151833675,18.92889286168822,14800
2021-03-19,20.14667510986328,20.14667510986328,18.822634839514834,19.05148045918827,53300
2021-03-22,18.80628776550293,20.228405804705904,18.716383240858214,19.917828946950973,13800
2021-03-23,18.389463424682617,18.847156300095474,18.364943578914488,18.71638690712037,8600
2021-03-24,17.980804443359375,19.247633223765824,17.980804443359375,18.078882244418228,10100
2021-03-25,18.348596572875977,18.871674087729854,17.980806720935618,17.980806720935618,7300
2021-03-26,18.19330406188965,18.512054170014952,18.09522626613911,18.503880890461268,7400
2021-03-29,17.997156143188477,18.789945822494385,17.980809578527932,17.980809578527932,8800
2021-03-30,18.798112869262695,18.953402064238144,18.038015012517345,18.062534851374632,23200
2021-03-31,18.08705711364746,19.084175622205628,18.06253882828556,18.91253983020216,27400
2021-04-01,18.225997924804688,18.422153541097977,18.07071027033882,18.225997924804688,4400
2021-04-05,18.119749069213867,18.773595951542017,18.062537661871897,18.37311454125428,9100
2021-04-06,17.89090347290039,18.51205884583005,17.89090347290039,18.062539269092543,16400
2021-04-07,17.65388298034668,17.890901890735012,17.572151730287484,17.890901890735012,8300
2021-04-08,17.580320358276367,18.13609084091282,17.580320358276367,17.91541699182596,7700
2021-04-09,17.719270706176758,17.980809504085844,17.588501307222213,17.923598086905006,8000
2021-04-12,16.893787384033203,17.89907769232063,16.836575968602983,17.670232030599745,21400
2021-04-13,17.179841995239258,17.26157323766076,16.75484078176248,17.03272607065931,13400
2021-04-14,16.96734046936035,17.68657193414163,16.96734046936035,17.05724498704315,9700
2021-04-15,16.926471710205078,17.008202936800163,16.88560687635428,17.008202936800163,4400
2021-04-16,17.171674728393555,17.367828843559376,16.885616059191356,17.040905318283006,14200
2021-04-19,17.19618797302246,17.46589997265191,17.163494853603744,17.163494853603744,14800
2021-04-20,17.19618797302246,17.245226093256797,17.10628345351473,17.21253297383808,12300
2021-04-21,17.245222091674805,17.35147158734402,17.130797759154067,17.147144315070367,4500
2021-04-22,17.351478576660156,17.3759984204114,17.17984434708345,17.245229038192768,13800
2021-04-23,17.416860580444336,17.57214978245395,17.277917938413367,17.277917938413367,10700
2021-04-26,17.52311134338379,17.76013022319744,17.335129024828586,17.41686026434471,12200
2021-04-27,17.490421295166016,17.80099974808306,17.29426722122083,17.760133341702396,15800
2021-04-28,17.506765365600586,17.506765365600586,17.384169281698355,17.49041880537528,6400
2021-04-29,17.55580711364746,17.596673522651948,17.408691159019526,17.572153677249254,12000
2021-04-30,17.572153091430664,17.801000297544178,17.449556986292517,17.801000297544178,20600
2021-05-03,18.1115779876709,18.381290054245017,17.77648122492409,17.792827788690794,15900
2021-05-04,17.768301010131836,18.266860098227596,17.449550935522947,17.948108464725195,20000
2021-05-05,17.95628547668457,18.127921247161716,17.69474673966591,18.127921247161716,23400
2021-05-06,17.72744369506836,18.095232038955466,17.702923848584884,18.095232038955466,11000
2021-05-07,17.62118911743164,17.92359426229444,17.53945787080165,17.588497554115968,13100
2021-05-10,17.694747924804688,18.0053263649863,17.5803251094188,18.0053263649863,25100
2021-05-11,17.784650802612305,18.095227655021972,17.57215019458725,17.57215019458725,17800
2021-05-12,17.702922821044922,17.874558618678563,17.66205797150524,17.817345646871292,35000
2021-05-13,17.907243728637695,18.364936425779437,17.735609551794614,17.735609551794614,59600
2021-05-14,18.381288528442383,18.700038700963525,17.817344596456213,18.389461809647283,26900
2021-05-17,18.50387954711914,19.12503471806152,18.275033971804387,18.28320725076471,12900
2021-05-18,18.266862869262695,19.125036996727932,18.266862869262695,18.50388175177756,8800
2021-05-19,18.56109619140625,19.37840561191155,17.964460688571943,18.209654450059936,19200
2021-05-20,18.33806610107422,18.46197163374141,17.966347927528314,18.428929318073184,32100
2021-05-21,18.21415901184082,18.453711074052077,18.139815377054177,18.395888597116762,6300
2021-05-24,18.090251922607422,18.45370948634405,17.99938871333141,18.181116707427627,9000
2021-05-25,17.96634864807129,18.247202040337562,17.96634864807129,18.17285840264682,11800
2021-05-26,18.05721664428711,18.131560295152738,17.966351831996967,17.99939415484599,6200
2021-05-27,17.99112892150879,18.065472553148663,17.96634718578074,17.982868342932772,10200
2021-05-28,17.96634864807129,18.115035923452776,17.96634864807129,18.115035923452776,9300
2021-06-01,17.9993896484375,18.25546128422749,17.9663473338611,17.9663473338611,7100
2021-06-02,18.139814376831055,18.148074955301233,18.015908850866868,18.081991903084052,8200
2021-06-03,18.395889282226562,18.569356719492877,18.024171094449617,18.156337211093778,13900
2021-06-04,18.1728572845459,18.313283972039162,18.1728572845459,18.296762814558942,8600
2021-06-07,18.205902099609375,18.56109758094507,18.09851613678561,18.09851613678561,17200
2021-06-08,18.238941192626953,18.2967636709699,18.13981581865021,18.2967636709699,6100
2021-06-09,18.22241973876953,18.25546205474056,18.1315565209379,18.214159159776777,28800
2021-06-10,18.263717651367188,18.354580844411224,18.048947382778163,18.354580844411224,13000
2021-06-11,18.21415901184082,18.495012393136065,18.131556373672847,18.25546190646914,7400
2021-06-14,18.139814376831055,18.627177477761865,18.090252481554227,18.106773638494584,15500
2021-06-15,18.18937873840332,18.271982951606066,18.04895204862195,18.23894063610724,18100
2021-06-16,18.18937873840332,18.544575752294104,18.057212627496657,18.09025336745116,19600
2021-06-17,18.139814376831055,18.519793108738035,18.04895116474758,18.255460899869306,23700
2021-06-18,18.1728572845459,18.693261140818404,18.032430597052635,18.048951754532855,34700
2021-06-21,18.090251922607422,18.445448908129105,18.081991344392474,18.18937728564257,32800
2021-06-22,18.205902099609375,18.55283700107059,18.10677671666009,18.10677671666009,27700
2021-06-23,18.10677146911621,18.528051467356143,18.09025031415526,18.288499447054512,35100
2021-06-24,18.288503646850586,18.338067123115263,18.11503620655747,18.172858686655175,34700
2021-06-25,18.288503646850586,18.585878202260975,18.25546290488522,18.263723484262666,580700
2021-06-28,18.404150009155273,18.428930171509673,18.296764053804864,18.338066950302867,16000
2021-06-29,18.255460739135742,18.437188737246874,18.255460739135742,18.346323950419194,17800
2021-06-30,18.29676055908203,18.742822302795258,18.214156357408015,18.486749120051396,18300
2021-07-01,18.404150009155273,18.47849364730728,18.296764053804864,18.37936827125647,8200
2021-07-02,18.48674964904785,18.585875009001953,18.45370891275925,18.552832697169205,13200
2021-07-06,18.511533737182617,18.61065910974329,18.461971838674454,18.585877372717032,17400
2021-07-07,18.45370864868164,18.618917054392917,18.29676082081034,18.585874743033013,22800
2021-07-08,18.404150009155273,18.536316126860083,18.321545791703667,18.37936827125647,13500
2021-07-09,18.800649642944336,18.800649642944336,18.47023432617487,18.569358133433457,10700
2021-07-12,18.734567642211914,18.95759858451077,18.660223994778963,18.742828222542755,6900
2021-07-13,18.660221099853516,18.858470270403703,18.660221099853516,18.709782998604975,15100
2021-07-14,18.726303100585938,18.891511521165924,18.668480626046225,18.74282425775279,3100
2021-07-15,19.122802734375,19.23844926695156,18.668481909853394,18.833688766250173,10100
2021-07-16,18.9988956451416,19.403654537211917,18.9988956451416,19.230187115843602,6600
2021-07-19,18.585874557495117,18.982372836591093,18.585874557495117,18.982372836591093,13200
2021-07-20,18.742826461791992,19.312792271174395,18.594139180894164,18.594139180894164,15500
2021-07-21,18.75934600830078,19.74233291576009,18.75934600830078,19.031940406437958,4300
2021-07-22,18.990636825561523,19.155845259299305,18.19764012492671,18.825429967368134,4300
2021-07-23,19.527559280395508,19.552341014830716,18.998894883464548,19.015416039754683,3200
2021-07-26,18.9988956451416,19.38713338025944,18.899770278970962,19.23844769431984,5700
2021-07-27,18.9988956451416,18.9988956451416,18.9988956451416,18.9988956451416,0
2021-07-28,19.089763641357422,19.65147046779697,18.85847213178099,18.85847213178099,1000
2021-07-29,19.577125549316406,20.155351922275376,19.18062561936395,19.271490416411613,13700
2021-07-30,19.25497055053711,19.891021021486367,19.25497055053711,19.577126863724576,5600
2021-08-02,19.610166549682617,19.899280527746928,19.073241490731426,19.50278216811015,4300
2021-08-03,19.453218460083008,19.89101971168916,19.387135400929665,19.63494805441301,4300
2021-08-04,19.221927642822266,19.56886408105549,19.17236416911442,19.444958547874553,3300
2021-08-05,19.70102882385254,19.70102882385254,19.387133147697767,19.387133147697767,3300
2021-08-06,19.643207550048828,19.841456716571596,19.44495838352606,19.577124494541238,8400
2021-08-09,19.304533004760742,19.824936905284922,19.27149068699061,19.824936905284922,7200
2021-08-10,18.89977264404297,19.552344245429005,18.833689583507816,19.552344245429005,19700
2021-08-11,18.85847282409668,18.94107705023108,18.751088433003158,18.751088433003158,23600
2021-08-12,18.883251190185547,19.06497919477099,18.585876659460013,18.982374983397865,24000
2021-08-13,19.43669891357422,19.59364519464386,19.007158240495976,19.007158240495976,6400
2021-08-16,19.28801155090332,19.52756204889562,18.998897577013796,19.378874772292757,22900
2021-08-17,19.16411018371582,19.478004388335147,18.99890171251949,19.089766529231948,13000
2021-08-18,18.9988956451416,19.32105032799376,18.9988956451416,19.32105032799376,6000
2021-08-19,19.157499313354492,19.70008610340737,18.957158056814915,19.199236146374666,58700
2021-08-20,19.658348083496094,19.658348083496094,19.658348083496094,19.658348083496094,1200
2021-08-23,19.215930938720703,19.608262570652542,19.19923556915133,19.524787314963746,8800
2021-08-24,19.199235916137695,19.316100320919244,19.199235916137695,19.316100320919244,4100
2021-08-25,19.31610107421875,19.608263689724637,19.19923666487966,19.19923666487966,6500
2021-08-26,19.249317169189453,19.391224604712235,19.199232660227835,19.307749361670982,9000
2021-08-27,19.199235916137695,19.391227893181128,19.199235916137695,19.240972748657363,4500
2021-08-30,19.199235916137695,19.407923263052236,19.199235916137695,19.199235916137695,9200
2021-08-31,19.366191864013672,19.407928708243247,19.17419824094539,19.341148802180797,6200
2021-09-01,19.199235916137695,19.341143375725906,19.199235916137695,19.28271117333513,3600
2021-09-02,19.199235916137695,19.20758360107325,19.199235916137695,19.20758360107325,2500
2021-09-03,19.232627868652344,19.366187651727024,19.199237126804572,19.366187651727024,3600
2021-09-07,19.199235916137695,19.20758360107325,19.199235916137695,19.20758360107325,1000
2021-09-08,19.240970611572266,19.324445859498148,19.19923378368829,19.19923378368829,5800
2021-09-09,19.199235916137695,19.324448005854798,19.199235916137695,19.240972748657363,16900
2021-09-10,19.240970611572266,19.324445859498148,19.240970611572266,19.29940439963093,9100
2021-09-13,19.240970611572266,19.240970611572266,19.240970611572266,19.240970611572266,7100
2021-09-14,19.199235916137695,19.382880208245574,19.199235916137695,19.382880208245574,7600
2021-09-15,19.324451446533203,19.516443457760413,19.12411174888415,19.357842192220573,16800
2021-09-16,19.199235916137695,19.399575578116682,19.199235916137695,19.215931286008804,4000
2021-09-17,19.266014099121094,19.282709467515268,19.19923421770236,19.19923421770236,14200
2021-09-20,19.232627868652344,19.374533745030764,19.199237126804572,19.199237126804572,14100
2021-09-21,19.199235916137695,19.30775263598369,19.199235916137695,19.30775263598369,2500
2021-09-22,19.199235916137695,19.324448005854798,19.015591624029817,19.199235916137695,38200
2021-09-23,19.232627868652344,19.366187651727024,19.207584812266514,19.324449224417307,7300
2021-09-24,19.59991455078125,19.59991455078125,19.316099641586387,19.316099641586387,6400
2021-09-27,19.31610107421875,19.574874540838398,19.257668869549207,19.4079240199327,7300
2021-09-28,19.240970611572266,19.41626879143241,19.23262451972181,19.307750491481386,7700
2021-09-29,19.299407958984375,19.391229315695153,19.299407958984375,19.391229315695153,3900
2021-09-30,19.574874877929688,19.574874877929688,19.199236995502236,19.374533612529586,4900
2021-10-01,19.22428321838379,19.39123217750649,19.207587844823983,19.299410807244463,7600
2021-10-04,19.240970611572266,19.257665979589028,19.19923378368829,19.19923378368829,4100
2021-10-05,19.366191864013672,19.49140398886095,19.249325834285468,19.26602120884072,5500
2021-10-06,19.307754516601562,19.307754516601562,19.307754516601562,19.307754516601562,600
2021-10-07,19.324451446533203,19.59991872982045,19.324451446533203,19.59991872982045,10700
2021-10-08,19.432964324951172,19.44965810095218,19.324446024075947,19.3912259045538,15400
2021-10-11,19.541484832763672,19.549832518466033,19.432968102949452,19.51644177565658,9500
2021-10-12,19.533138275146484,19.658350383596726,19.533138275146484,19.533138275146484,14700
2021-10-13,19.83364486694336,20.20093502896769,19.541482274245777,19.61660984357253,3600
2021-10-14,19.83364486694336,19.83364486694336,19.83364486694336,19.83364486694336,0
2021-10-15,20.451358795166016,20.86873346445512,19.700084708877235,20.184239261566272,8600
2021-10-18,20.217632293701172,20.62665935717439,19.833648288376306,19.967208080850895,12600
2021-10-19,20.117462158203125,20.685092041622493,20.09241910140819,20.45136162134445,9400
2021-10-20,20.134159088134766,20.27606656997572,20.033988445358297,20.200938985932957,2800
2021-10-21,20.03398895263672,20.45136372248332,20.03398895263672,20.10911653858178,4200
2021-10-22,20.03398895263672,20.793610906384856,20.03398895263672,20.45136372248332,14800
2021-10-25,20.050678253173828,20.159194959919823,20.033982885318167,20.033982885318167,7000
2021-10-26,20.217632293701172,20.234327665800073,20.075724815177132,20.075724815177132,2800
2021-10-27,20.03398895263672,20.150853378703083,19.867038407834723,20.134159597949598,1400
2021-10-28,19.992252349853516,19.992252349853516,19.875386330241383,19.875386330241383,2900
2021-10-29,20.03398895263672,20.276067083383776,20.000598206812963,20.000598206812963,5200
2021-11-01,20.200937271118164,20.200937271118164,20.03398674471558,20.03398674471558,7400
2021-11-02,20.200937271118164,20.200937271118164,20.11746200791687,20.11746200791687,1900
2021-11-03,20.03398895263672,20.24267633756002,20.03398895263672,20.067379698460478,1000
2021-11-04,20.23432731628418,20.242675002189436,20.23432731628418,20.242675002189436,1700
2021-11-05,20.075721740722656,20.40127507816181,19.87538208269137,20.2343245670567,2500
2021-11-08,20.100767135620117,20.234326923193013,20.042334927576757,20.08407176413394,3400
2021-11-09,20.03398895263672,20.11746422503772,19.90042915365848,20.11746422503772,4000
2021-11-10,20.03398895263672,20.03398895263672,20.02564126618078,20.03398895263672,1200
2021-11-11,19.95050621032715,20.21762570826821,19.925464752493795,19.925464752493795,3500
2021-11-12,20.159202575683594,20.225982480176516,20.159202575683594,20.225982480176516,1000
2021-11-15,19.992252349853516,20.301108791597887,19.992252349853516,20.033989190470297,2400
2021-11-16,20.000595092773438,20.30110538976502,20.000595092773438,20.017290463085892,3600
2021-11-17,20.000595092773438,20.000595092773438,20.000595092773438,20.000595092773438,500
2021-11-18,20.101783752441406,20.236694923268423,20.084919454021026,20.236694923268423,6700
2021-11-19,20.059619903564453,20.059619903564453,20.059619903564453,20.059619903564453,600
2021-11-22,20.135507583618164,20.405331491229834,20.084916304558124,20.27042034155788,8200
2021-11-23,20.152368545532227,20.321008258857518,20.152368545532227,20.236688402194872,3600
2021-11-24,20.152368545532227,20.16080069202524,20.152368545532227,20.16080069202524,2100
2021-11-26,19.983732223510742,20.219825913310466,19.435653910435345,19.983732223510742,3100
2021-11-29,19.941572189331055,20.23669092023807,19.941572189331055,20.00902776140114,3300
2021-11-30,19.92470932006836,20.14394034705134,19.92470932006836,20.051189933985018,2200
2021-12-01,19.950002670288086,20.051186824074332,19.924706229774635,20.051186824074332,4900
2021-12-02,20.152368545532227,20.152368545532227,20.143936399039212,20.143936399039212,3500
2021-12-03,20.152368545532227,20.152368545532227,20.152368545532227,20.152368545532227,0
2021-12-06,20.0090274810791,20.16923506560147,20.00059533365501,20.0090274810791,1800
2021-12-07,20.0090274810791,20.0090274810791,20.0090274810791,20.0090274810791,400
2021-12-08,20.321012496948242,20.321012496948242,20.025893741213633,20.025893741213633,700
2021-12-09,20.03432273864746,20.15236957906883,20.025890591721996,20.068049718081745,14700
2021-12-10,20.18610191345215,20.23669319612746,19.99216571470567,20.042758605648864,6000
2021-12-13,20.00059700012207,20.211395878485252,20.00059700012207,20.110213317500897,3900
2021-12-14,20.135507583618164,20.169236175170035,20.000596433946214,20.034325025498084,6300
2021-12-15,20.152368545532227,20.34630309006906,19.85724985134672,20.34630309006906,4800
2021-12-16,20.194536209106445,20.202966750225468,19.983737299233802,19.983737299233802,9900
2021-12-17,20.27884864807129,20.29571294199013,19.941570811032445,19.950002957991863,4100
2021-12-20,20.06805419921875,20.211397512424654,19.92471088601285,20.06805419921875,9000
2021-12-21,20.11864471435547,20.236691567185034,19.92470853121979,20.152371697334882,18600
2021-12-22,20.110212326049805,20.152371456336834,20.068051587495045,20.08491588291695,11100
2021-12-23,20.1270809173584,20.1270809173584,20.11021661833701,20.11021661833701,1100
2021-12-27,20.236690521240234,20.396898104848333,20.219826226488294,20.30414609198033,3000
2021-12-28,20.49808120727539,20.658288795185666,20.278850194415988,20.278850194415988,5100
2021-12-29,20.5824031829834,20.607699628381354,20.236693137217365,20.321013013609345,9800
2021-12-30,20.321012496948242,20.65829038567301,20.253556919203287,20.48965063717671,4100
2021-12-31,20.29571533203125,20.43905863068644,20.245124052584647,20.32101177588844,4700
2022-01-03,20.29571533203125,20.29571533203125,20.29571533203125,20.29571533203125,0
2022-01-04,20.329442977905273,20.447489827210514,20.270419553252655,20.270419553252655,4800
2022-01-05,20.44748878479004,20.44748878479004,20.422192343399523,20.422192343399523,1200
2022-01-06,20.44748878479004,20.44748878479004,20.44748878479004,20.44748878479004,1900
2022-01-07,20.548675537109375,20.548675537109375,20.26198893154929,20.447491367036715,3700
2022-01-10,20.464353561401367,20.641423830505722,20.447489266743524,20.481217856059207,2900
2022-01-11,20.531808853149414,20.531808853149414,20.236690133712578,20.45592113648658,5100
2022-01-12,20.51494789123535,20.658291200631673,20.44749231082931,20.649859052047432,4000
2022-01-13,20.51494789123535,20.51494789123535,20.51494789123535,20.51494789123535,0
2022-01-14,20.5824031829834,21.686988899741507,20.5824031829834,21.037729550539368,18000
2022-01-18,20.885950088500977,20.885950088500977,20.582399235021846,20.582399235021846,3800
2022-01-19,20.692014694213867,20.869084946029965,20.666718254696924,20.84378850651302,3700
2022-01-20,20.64985466003418,20.64985466003418,20.57396694718444,20.63299036645256,2000
2022-01-21,20.44748878479004,20.675151932501826,20.34630462749559,20.573967775207382,3800
2022-01-24,20.422195434570312,20.84379320528763,20.405332746025195,20.84379320528763,4000
2022-01-25,20.40532875061035,20.70044584571351,20.321008891323356,20.321008891323356,7000
2022-01-26,20.607698440551758,20.607698440551758,20.32101184230439,20.413762253548338,13500
2022-01-27,20.464353561401367,20.531809131765073,20.321010273345035,20.50651268977831,10000
2022-01-28,20.27884864807129,20.573967358580624,20.261985962420038,20.261985962420038,3100
2022-01-31,20.548675537109375,21.088320155449384,20.41376277425655,20.540243388914337,18500
2022-02-01,20.95340919494629,20.95340919494629,20.52337928262299,20.52337928262299,5300
2022-02-02,21.172639846801758,22.0242675079531,20.784769074509196,20.944976672299678,18700
2022-02-03,21.020862579345703,21.459324594188825,20.869087142802496,21.459324594188825,4200
2022-02-04,21.45932388305664,21.8893521279883,20.869086451229958,20.869086451229958,5900
2022-02-07,21.55207633972168,21.55207633972168,21.164207185108953,21.476188616729143,10000
2022-02-08,21.484621047973633,21.484621047973633,21.155775316181195,21.366574192103073,3200
2022-02-09,21.678556442260742,22.091723669865207,21.670125902182804,21.670125902182804,5300
2022-02-10,21.53520965576172,21.889350152983646,21.53520965576172,21.889350152983646,59700
2022-02-11,21.796600341796875,21.838759466420512,21.552072915830728,21.703848337703853,6000
2022-02-14,22.057992935180664,22.5976375107819,21.76287420479835,21.76287420479835,54600
2022-02-15,22.06642723083496,22.159179254396054,22.032698637442618,22.032698637442618,3300
2022-02-16,22.133880615234375,22.133880615234375,22.04112860086773,22.06642504340437,3700
2022-02-17,22.270038604736328,22.43172447466556,21.708394659832326,22.040274730064418,16800
2022-02-18,22.6274471282959,22.729563317505857,22.6274471282959,22.729563317505857,1500
2022-02-22,22.270038604736328,22.44023442814685,22.09133282784451,22.12537264176968,5400
2022-02-23,22.133880615234375,22.474270608497708,21.9381565719964,22.29556647069978,4200
2022-02-24,22.040273666381836,22.72956363402417,21.699883659095963,22.04878361945243,7100
2022-02-25,21.572233200073242,22.210464941950516,21.572233200073242,22.210464941950516,7900
2022-02-28,21.40204429626465,21.767964205543645,21.40204429626465,21.47863225974666,3300
2022-03-01,21.665842056274414,21.844547809772884,21.62329391754535,21.844547809772884,2900
2022-03-02,21.91262435913086,22.108348381336558,21.827526464182668,21.827526464182668,1500
2022-03-03,21.65733528137207,21.95517552006657,21.4530996561136,21.870079236501038,2300
2022-03-04,21.65733528137207,21.65733528137207,21.65733528137207,21.65733528137207,500
2022-03-07,20.865928649902344,21.691374656633577,20.823378882684658,21.555218647752294,5900
2022-03-08,20.380874633789062,20.89145890485302,19.734132717585858,20.50001074728961,10500
2022-03-09,20.534048080444336,20.73828372803762,20.27875595561435,20.27875595561435,3000
2022-03-10,20.95102882385254,20.95102882385254,20.70424501666132,20.70424501666132,900
2022-03-11,20.95102882385254,20.95102882385254,20.95102882385254,20.95102882385254,300
2022-03-14,20.448949813842773,20.97655392039586,20.33832204681521,20.559575957762746,3200
2022-03-15,20.93400764465332,21.436083559819775,20.840399775453825,20.916987736961097,1900
2022-03-16,21.01910400390625,21.01910400390625,21.01910400390625,21.01910400390625,400
2022-03-17,21.257375717163086,21.606275675535084,21.257375717163086,21.606275675535084,3400
2022-03-18,21.010591506958008,21.274393532288304,21.010591506958008,21.274393532288304,7700
2022-03-21,21.2403564453125,21.2403564453125,21.17227844220987,21.17227844220987,800
2022-03-22,21.00208854675293,21.27440061492672,20.882952422703887,21.27440061492672,2400
2022-03-23,20.661693572998047,21.197807627482607,20.18514594333669,21.17227776846617,6600
2022-03-24,21.027612686157227,21.027612686157227,20.0575007267826,20.551066659828525,1400
2022-03-25,21.027612686157227,21.027612686157227,21.027612686157227,21.027612686157227,200
2022-03-28,21.027612686157227,21.027612686157227,21.027612686157227,21.027612686157227,0
2022-03-29,20.431930541992188,21.010594385034228,19.129936895147594,20.37236249163921,12600
2022-03-30,20.380874633789062,20.678714917540436,20.380874633789062,20.678714917540436,600
2022-03-31,20.423418045043945,20.423418045043945,20.423418045043945,20.423418045043945,1000
2022-04-01,19.674562454223633,20.406400584785892,19.52138654084085,19.98091265788156,2100
2022-04-04,19.827735900878906,20.54255571751302,19.742639617604777,19.742639617604777,47400
2022-04-05,20.51702880859375,20.542557045983855,19.870286950619192,19.870286950619192,5000
2022-04-06,20.100048065185547,20.585103986270763,20.100048065185547,20.23620405625833,9300
2022-04-07,19.708600997924805,20.423420857796287,19.708600997924805,20.423420857796287,23500
2022-04-08,19.444795608520508,19.623499731381646,19.444795608520508,19.623499731381646,1800
2022-04-11,18.30449104309082,19.49585692895953,18.125785267501303,19.49585692895953,5300
2022-04-12,18.87464714050293,18.87464714050293,18.449159158519034,18.500217261886906,5300
2022-04-13,19.317153930664062,19.317153930664062,18.798058102826115,19.155468052252484,6000
2022-04-14,19.317153930664062,19.317153930664062,19.317153930664062,19.317153930664062,700
2022-04-18,19.93836212158203,20.17663429326394,19.13844446053185,19.14695441282155,7300
2022-04-19,19.632009506225586,20.125575356526053,19.572441465809433,19.614989602361725,6500
2022-04-20,19.495853424072266,19.572441367969432,19.30863935182773,19.385227295724896,7100
2022-04-21,19.495853424072266,19.495853424072266,19.495853424072266,19.495853424072266,0
2022-04-22,19.827735900878906,19.99793171364229,19.495855851408624,19.742639617604777,3400
2022-04-25,20.772321701049805,20.772321701049805,19.827737927566957,19.8702876966608,3800
2022-04-26,20.15962028503418,20.763812417706923,19.80221032864356,20.219188340581322,2400
2022-04-27,20.15962028503418,20.15962028503418,20.15962028503418,20.15962028503418,200
2022-04-28,20.678712844848633,20.80636052292791,19.99793280292818,19.99793280292818,1700
2022-04-29,19.904319763183594,20.500003362311247,19.73412560850943,19.870281581491653,3300
2022-05-02,18.993778228759766,19.88730372829087,18.866132192571726,19.88730372829087,13100
2022-05-03,19.317153930664062,19.55542614820981,19.061860182155083,19.146958098324745,5600
2022-05-04,19.376718521118164,19.657540458100712,19.240562528830107,19.495854608593348,15600
2022-05-05,18.891664505004883,19.572444535248746,18.891664505004883,18.95974250802927,4800
2022-05-06,19.189502716064453,19.504364461059392,18.900170828158007,18.900170828158007,1300
2022-05-09,19.45330810546875,19.45330810546875,19.061858377393563,19.12993637926217,2000
2022-05-10,18.95123291015625,19.546915042013584,18.95123291015625,19.52989675826906,2700
2022-05-11,18.55126953125,18.95122914732455,18.210879577330314,18.94271919558814,9600
2022-05-12,18.95123291015625,18.95123291015625,18.37256906204344,18.37256906204344,4800
2022-05-13,19.095895767211914,19.342677884011362,18.602329910505627,18.832092123220317,8200
2022-05-16,19.12142562866211,19.13844553419633,18.806565491816702,19.112915675895,16800
2022-05-17,18.985271453857422,19.683071416698454,18.857625396307323,19.104409180930837,6600
2022-05-18,18.82358741760254,19.24907536297856,18.82358741760254,18.84911565553617,2000
2022-05-19,19.331167221069336,19.331167221069336,18.918218769776217,19.253739181337966,1300
2022-05-20,19.01285171508789,19.01285171508789,18.99564512091908,18.99564512091908,700
2022-05-23,18.74616050720215,19.12469582306611,18.46225655893689,19.03006281455588,8500
2022-05-24,18.479461669921875,18.797777148141883,18.08371978766546,18.582699610156077,6000
2022-05-25,18.90961456298828,18.90961456298828,18.668728798435055,18.668728798435055,1700
2022-05-26,19.219327926635742,19.313962563521894,19.0558685468082,19.210724628654155,6900
2022-05-27,19.28815269470215,19.425802180764233,19.159106506632856,19.425802180764233,4500
2022-05-31,19.468812942504883,19.554844263459966,19.356973373900946,19.554844263459966,1700
2022-06-01,19.744115829467773,19.769924080164504,19.098883307470935,19.70970264065725,5200
2022-06-02,20.174272537231445,20.561411098372947,19.443008622749105,19.744117486466692,10900
2022-06-03,20.544206619262695,20.939950160014938,20.165671317044076,20.165671317044076,23700
2022-06-06,20.31192398071289,20.432366881448715,20.31192398071289,20.42376358269452,9900
2022-06-07,18.840789794921875,19.959193846136877,18.840789794921875,19.959193846136877,16600
2022-06-08,18.651525497436523,18.84079315171189,18.4106380494312,18.84079315171189,7900
2022-06-09,18.703140258789062,19.210723318712468,18.30739842408875,18.677330366604227,8800
2022-06-10,18.60850715637207,19.09888530268362,18.462254370471012,19.09888530268362,1200
2022-06-13,18.16975212097168,19.030062319786577,18.16975212097168,18.195560376752777,1800
2022-06-14,17.91166114807129,18.247181658048724,17.91166114807129,18.247181658048724,6900
2022-06-15,18.04070281982422,18.04070281982422,17.903053330415755,17.997687969725828,1400
2022-06-16,18.20416259765625,18.324605493266407,17.765404225333185,18.324605493266407,2600
2022-06-17,17.756797790527344,18.46225172462922,17.679369759622396,18.169747835657425,26400
2022-06-21,18.04070281982422,18.496667779059347,17.627754351598824,17.63635764980077,16400
2022-06-22,18.2127685546875,18.2127685546875,17.67937546314403,17.980484387035748,3800
2022-06-23,18.41924285888672,18.58270227061336,17.903056365636864,17.903056365636864,5200
2022-06-24,18.961231231689453,19.391386187316773,18.19555429485339,18.19555429485339,7700
2022-06-27,18.961231231689453,18.961231231689453,18.961231231689453,18.961231231689453,700
2022-06-28,18.87520408630371,18.92682223293838,18.591301818446087,18.591301818446087,1600
2022-06-29,19.23653221130371,19.25373716428838,18.961233272615683,19.03865966332447,5600
2022-06-30,19.666688919067383,19.666688919067383,18.92682172648588,19.13329594841092,1900
2022-07-01,19.22793197631836,20.5872219332347,19.22793197631836,19.718308494060576,15700
2022-07-05,19.313962936401367,19.65808665775205,18.780569937624307,19.176313447861094,7100
2022-07-06,19.529041290283203,19.589262738943294,19.270947257711,19.44300994609247,8000
2022-07-07,20.079635620117188,20.73347141991948,19.44300641420969,19.44300641420969,12400
2022-07-08,20.09684181213379,20.14845995187486,19.709701661798082,19.976397298189863,4100
2022-07-11,19.8731632232666,20.363539707482623,19.8731632232666,19.8731632232666,3400
2022-07-12,19.916179656982422,20.088242343456393,19.701102119345656,19.873164805819624,5100
2022-07-13,19.778528213500977,19.96779583722662,19.718306771447875,19.718306771447875,3000
2022-07-14,19.86455535888672,20.509787772083357,19.28814767079462,19.632271296317317,12600
2022-07-15,19.898971557617188,20.64744205407849,19.356976925698582,19.916178153147623,4600
2022-07-18,19.88176918029785,19.916180734908274,19.701103185630835,19.907577436027797,2600
2022-07-19,19.907575607299805,20.268905922530223,19.752719523499433,20.053828393010008,5000
2022-07-20,19.795730590820312,20.32912179899518,19.55484323302177,19.933380040730658,2900
2022-07-21,19.8731632232666,20.63883867118907,19.666689000486762,19.78713188688052,7000
2022-07-22,19.898971557617188,19.898971557617188,19.58926104262567,19.58926104262567,800
2022-07-25,19.83014488220215,19.864558069906405,19.752716850778675,19.752716850778675,1900
2022-07-26,20.09684181213379,20.174269842200932,19.830144534830936,19.830144534830936,800
2022-07-27,20.10544776916504,20.114049426167448,20.10544776916504,20.114049426167448,2900
2022-07-28,20.20008087158203,20.20008087158203,19.752719223163304,19.752719223163304,600
2022-07-29,20.36353874206543,21.43032299630826,20.122651339786913,20.122651339786913,13000
2022-08-01,20.217287063598633,20.389349737525684,19.94198809804437,20.329126653013326,6200
2022-08-02,20.04522705078125,20.234496345409756,19.57205709603296,20.0194187949039,5900
2022-08-03,19.812942504882812,20.217287667504834,19.812942504882812,20.217287667504834,600
2022-08-04,19.959197998046875,19.959197998046875,19.959197998046875,19.959197998046875,400
2022-08-05,19.93338394165039,19.93338394165039,19.365579439424398,19.890369095477077,1400
2022-08-08,19.580657958984375,19.787132184873702,19.36558043523575,19.74411733648849,11500
2022-08-09,19.45161247253418,19.45161247253418,19.150503600273854,19.150503600273854,1100
2022-08-10,19.48602294921875,19.529039437689125,19.210723986653367,19.210723986653367,6200
2022-08-11,19.35697364807129,19.40859178501107,19.219324188957884,19.40859178501107,3400
2022-08-12,19.305360794067383,19.322565750481473,19.202122851025642,19.202122851025642,900
2022-08-15,19.27094268798828,19.27094268798828,19.18491136419817,19.18491136419817,2600
2022-08-16,19.176311492919922,19.443007144664328,19.167708195649304,19.167708195649304,3200
2022-08-17,19.184911727905273,19.391387565280304,19.184911727905273,19.391387565280304,600
2022-08-18,19.06316375732422,19.184917009217674,19.06316375732422,19.184917009217674,600
2022-08-19,19.34145164489746,19.34145164489746,19.124034245572496,19.219698432079678,2200
2022-08-22,19.34145164489746,19.34145164489746,19.11533735054792,19.263181248439423,700
2022-08-23,19.35015106201172,19.35015106201172,18.79356297799857,19.08925081232139,900
2022-08-24,18.95010757446289,19.202310978344258,18.95010757446289,19.202310978344258,1300
2022-08-25,19.115339279174805,19.115339279174805,18.845742141264733,18.984889158170787,800
2022-08-26,18.958799362182617,18.984890051115897,18.750078827006462,18.96749625849371,11600
2022-08-29,19.002286911010742,19.132737059207155,18.87183676281433,18.958802422436186,2300
2022-08-30,18.958799362182617,19.21970127522533,18.915316539390513,19.13273397087776,10800
2022-08-31,18.958799362182617,19.3588482986761,18.958799362182617,19.097946385633385,3900
2022-09-01,18.958799362182617,19.750198680095128,18.79356330856193,19.05446356284128,6400
2022-09-02,19.132734298706055,19.132734298706055,18.81095576473556,18.81095576473556,800
2022-09-06,19.393632888793945,19.393632888793945,18.95879805578275,18.95879805578275,2700
2022-09-07,19.271883010864258,19.515391156764544,19.271883010864258,19.28057990808536,500
2022-09-08,19.132734298706055,19.46320807037327,18.941407552873816,18.958799687030645,2600
2022-09-09,19.132734298706055,19.132734298706055,19.02837319994813,19.02837319994813,1400
2022-09-12,19.132734298706055,19.21970160454376,19.124037402245946,19.124037402245946,2400
2022-09-13,19.115339279174805,19.254486296080863,18.767471736909666,18.767471736909666,11500
2022-09-14,18.871835708618164,18.871835708618164,18.697901081563323,18.871835708618164,6200
2022-09-15,18.750078201293945,18.750078201293945,18.750078201293945,18.750078201293945,300
2022-09-16,20.35896873474121,20.35896873474121,18.99358749130592,18.99358749130592,50800
2022-09-19,19.393632888793945,19.845861513228765,19.150126443916154,19.845861513228765,12900
2022-09-20,19.41972541809082,19.74150395489895,19.13273446742991,19.176217291350522,2000
2022-09-21,19.784984588623047,19.784984588623047,19.0892495303306,19.245788674373983,3200
2022-09-22,19.74150848388672,19.854564847275128,19.471909605686125,19.854564847275128,2700
2022-09-23,19.793682098388672,19.793682098388672,19.42842076676039,19.60235536611225,3900
2022-09-26,19.07185935974121,19.671931998161895,19.07185935974121,19.306670608527156,3800
2022-09-27,19.097946166992188,19.097946166992188,18.880528737994027,18.880528737994027,1700
2022-09-28,19.271883010864258,19.419726946095942,18.72399175604304,18.72399175604304,3900
2022-09-29,18.9414119720459,19.498000205241958,18.906624378089255,19.42842667609245,2100
2022-09-30,18.924013137817383,19.219700972686663,18.897922449294796,18.897922449294796,3800
2022-10-03,19.06316375732422,19.532784628030157,19.06316375732422,19.132737281086715,3100
2022-10-04,18.924013137817383,19.306668275665277,18.924013137817383,19.097946085011273,6300
2022-10-05,18.732688903808594,18.732688903808594,18.732688903808594,18.732688903808594,1000
2022-10-06,18.77617073059082,18.950105350537985,18.70659721436465,18.950105350537985,1300
2022-10-07,18.750078201293945,18.871833086822786,18.750078201293945,18.871833086822786,2100
2022-10-10,18.906620025634766,18.906620025634766,18.8979231291477,18.8979231291477,1500
2022-10-11,18.958799362182617,19.49799532212687,18.85443992397622,19.49799532212687,1200
2022-10-12,18.924013137817383,18.924013137817383,18.924013137817383,18.924013137817383,400
2022-10-13,19.132734298706055,19.22839850100387,18.880529277653046,18.90661996703338,3300
2022-10-14,19.132734298706055,19.567569169131193,19.132734298706055,19.567569169131193,1300
2022-10-17,19.132734298706055,19.132734298706055,19.132734298706055,19.132734298706055,0
2022-10-18,18.958799362182617,19.01967763636027,18.958799362182617,19.01967763636027,1000
2022-10-19,18.741382598876953,18.741382598876953,18.741382598876953,18.741382598876953,900
2022-10-20,18.51527214050293,18.750081742358315,18.51527214050293,18.741384844694988,2800
2022-10-21,18.376121520996094,18.697900065940285,18.376121520996094,18.697900065940285,500
2022-10-24,18.376121520996094,18.376121520996094,18.376121520996094,18.376121520996094,0
2022-10-25,18.24567222595215,18.59353981839497,18.002165740623933,18.584844580001985,16700
2022-10-26,18.002166748046875,19.132736901444996,18.002166748046875,18.40221408705237,2700
2022-10-27,18.002166748046875,18.002166748046875,18.002166748046875,18.002166748046875,300
2022-10-28,18.924013137817383,19.124036773533856,18.56744868849207,18.56744868849207,2900
2022-10-31,18.593538284301758,19.33275789397932,18.593538284301758,18.915316817489657,2200
2022-11-01,18.567453384399414,19.297976260155465,18.567453384399414,18.741386375582817,3000
2022-11-02,18.680505752563477,18.741382369402796,18.523964932826136,18.523964932826136,3000
2022-11-03,19.12403678894043,19.219700988170306,18.7239895171852,18.96749597520548,5100
2022-11-04,19.315364837646484,19.611052692792853,18.897923745238707,19.071858363123674,7800
2022-11-07,19.132734298706055,19.602356754971634,18.897923070573267,19.141431195166167,6800
2022-11-08,19.52408790588379,19.837167909650926,19.158826519185858,19.39363610732033,8400
2022-11-09,19.1936092376709,19.715411368329022,19.1936092376709,19.567567458955274,5700
2022-11-10,19.010982513427734,19.411029828474987,19.010982513427734,19.411029828474987,5300
2022-11-11,19.176219940185547,19.176219940185547,18.59354106184076,18.976196268499752,1800
2022-11-14,18.958799362182617,18.958799362182617,18.958799362182617,18.958799362182617,1700
2022-11-15,19.115339279174805,19.115339279174805,19.002282949974866,19.002282949974866,5400
2022-11-16,19.16752052307129,19.16752052307129,19.11533914801709,19.11533914801709,5200
2022-11-17,19.34337043762207,19.34337043762207,19.34337043762207,19.34337043762207,1300
2022-11-18,19.18510627746582,19.782992542633878,19.009258461079664,19.23786045467916,4400
2022-11-21,19.668691635131836,19.774199990037534,19.097181617463214,19.229069576632934,4400
2022-11-22,19.32578468322754,19.633520449933712,19.316992041090217,19.633520449933712,4300
2022-11-23,19.3609561920166,19.68627558177112,19.3609561920166,19.65989933110324,1200
2022-11-25,19.668691635131836,19.668691635131836,19.34337057395162,19.42250267864343,3600
2022-11-28,19.08839225769043,19.782996034542077,19.08839225769043,19.633524441866744,5600
2022-11-29,19.34337043762207,19.34337043762207,18.965295201653632,18.965295201653632,1000
2022-11-30,19.765405654907227,19.782990938227186,19.343368917377692,19.343368917377692,10800
2022-12-01,19.87091827392578,20.029182490432714,19.60714402073918,19.60714402073918,6600
2022-12-02,19.87091827392578,19.941257739370513,19.87091827392578,19.941257739370513,1700
2022-12-05,20.04676628112793,20.22261578484973,19.782993702570387,19.870918454431287,3900
2022-12-06,19.985219955444336,19.985219955444336,19.985219955444336,19.985219955444336,600
2022-12-07,19.81816291809082,19.923671271484494,19.81816291809082,19.923671271484494,900
2022-12-08,19.800580978393555,19.800580978393555,19.782995690848946,19.782995690848946,800
2022-12-09,19.774200439453125,19.774200439453125,19.36095629880123,19.695068332962855,2600
2022-12-12,19.26423454284668,19.563177615857718,19.035630917777958,19.51921608977804,1400
2022-12-13,18.903749465942383,20.134690956226624,18.903749465942383,19.44008894092647,13600
2022-12-14,18.736690521240234,18.798237337353427,18.736690521240234,18.798237337353427,1100
2022-12-15,18.67514419555664,19.193898340740855,18.349824822693662,18.349824822693662,2300
2022-12-16,18.516883850097656,18.516883850097656,18.420168120809034,18.420168120809034,1900
2022-12-19,18.508089065551758,18.780655965089313,18.49050545673092,18.780655965089313,7600
2022-12-20,18.69272804260254,18.88616112302688,18.508085926585093,18.88616112302688,2700
2022-12-21,18.710315704345703,18.894956166813955,18.683937776696627,18.683937776696627,3300
2022-12-22,18.683935165405273,18.83340671380951,18.683935165405273,18.683935165405273,3800
2022-12-23,18.683935165405273,18.683935165405273,18.683935165405273,18.683935165405273,400
2022-12-27,18.683935165405273,18.683935165405273,18.683935165405273,18.683935165405273,300
2022-12-28,18.508089065551758,18.683938569961462,18.508089065551758,18.683938569961462,2200
2022-12-29,18.63118553161621,18.683939715363103,18.63118553161621,18.683939715363103,1300
2022-12-30,18.842201232910156,18.88616276687053,18.481711287955015,18.481711287955015,3500
2023-01-03,19.02684211730957,19.02684211730957,18.868577908240997,18.868577908240997,700
2023-01-04,18.719106674194336,19.290614972654755,18.719106674194336,18.833407663076443,10800
2023-01-05,18.947710037231445,19.114766888911127,18.490504371251628,18.51688062144706,1800
2023-01-06,19.3785400390625,19.387331003949352,19.13235109660641,19.13235109660641,2200
2023-01-09,19.466461181640625,19.967629981944683,19.387329089274218,19.396121730317684,1200
2023-01-10,19.712656021118164,19.721448664802786,19.387334912888324,19.484052316393875,2100
2023-01-11,19.44887924194336,19.782991245080407,19.38733074936882,19.492840773900227,3000
2023-01-12,19.457672119140625,19.457672119140625,19.457672119140625,19.457672119140625,300
2023-01-13,19.457672119140625,19.457672119140625,19.457672119140625,19.457672119140625,0
2023-01-17,19.352163314819336,19.396124850082856,19.352163314819336,19.396124850082856,1900
2023-01-18,19.352163314819336,19.9764258360917,19.352163314819336,19.352163314819336,1500
2023-01-19,19.53680419921875,19.53680419921875,19.53680419921875,19.53680419921875,800
2023-01-20,19.18510627746582,19.431295232836508,18.921333714374057,18.921333714374057,2100
2023-01-23,18.96529197692871,18.96529197692871,18.95649933607273,18.95649933607273,300
2023-01-24,18.991670608520508,18.991670608520508,18.991670608520508,18.991670608520508,1200
2023-01-25,19.141143798828125,19.141143798828125,18.991672239906144,18.991672239906144,900
2023-01-26,18.991670608520508,18.991670608520508,18.991670608520508,18.991670608520508,500
2023-01-27,19.141143798828125,19.141143798828125,18.833408039044638,19.009257523785195,2400
2023-01-30,19.51042938232422,19.51042938232422,19.06201463644369,19.070807279738432,5000
2023-01-31,19.15873146057129,19.475258224554683,19.088390316324777,19.088390316324777,3200
2023-02-01,19.34337043762207,19.50163464589026,19.062012590489758,19.062012590489758,1900
2023-02-02,19.34337043762207,19.34337043762207,19.34337043762207,19.34337043762207,0
2023-02-03,19.13235092163086,19.343369294509788,19.13235092163086,19.325784010846974,1700
2023-02-06,19.30820083618164,19.343371407348886,19.30820083618164,19.30820083618164,1800
2023-02-07,19.51042938232422,19.51042938232422,19.25544775785235,19.25544775785235,700
2023-02-08,19.220277786254883,19.255446680440798,18.516881455260044,19.1675219294383,2100
2023-02-09,19.51042938232422,19.51042938232422,19.29941097432607,19.29941097432607,16200
2023-02-10,19.51042938232422,19.51042938232422,19.51042938232422,19.51042938232422,0
2023-02-13,19.34337043762207,19.47525671883721,19.34337043762207,19.47525671883721,1000
2023-02-14,19.37005043029785,19.823619293542276,19.37005043029785,19.823619293542276,2400
2023-02-15,19.37005043029785,19.37005043029785,19.37005043029785,19.37005043029785,0
2023-02-16,19.574602127075195,19.592389541841758,19.53013359015879,19.53013359015879,4200
2023-02-17,19.56570816040039,19.56570816040039,19.56570816040039,19.56570816040039,900
2023-02-21,19.91255760192871,19.91255760192871,19.823623906961224,19.823623906961224,700
2023-02-22,20.286081314086914,20.695183363325466,20.010383176398648,20.010383176398648,6500
2023-02-23,20.286081314086914,20.286081314086914,20.286081314086914,20.286081314086914,0
2023-02-24,20.988666534423828,21.362193712528782,20.543991403170363,20.552885109351553,4600
2023-02-27,21.7357234954834,21.7357234954834,20.268295725747876,20.979775342498066,4900
2023-02-28,21.78019142150879,21.842445679041152,21.397770472322797,21.842445679041152,3500
2023-03-01,22.055889129638672,22.07367654466078,21.46002429680813,21.620107639404583,1300
2023-03-02,21.628999710083008,21.797976747402725,21.628999710083008,21.797976747402725,2800
2023-03-03,21.628999710083008,21.628999710083008,21.628999710083008,21.628999710083008,600
2023-03-06,21.878019332885742,22.144823764043622,21.878019332885742,21.895806747309923,2700
2023-03-07,21.433347702026367,22.215975407074218,21.433347702026367,22.215975407074218,2300
2023-03-08,21.76240348815918,21.780190903116864,21.433344792948272,21.433344792948272,2900
2023-03-09,21.353303909301758,21.353303909301758,21.353303909301758,21.353303909301758,1000
2023-03-10,21.335512161254883,21.335512161254883,21.335512161254883,21.335512161254883,500
2023-03-13,19.699113845825195,20.632932917526634,19.699113845825195,20.632932917526634,2800
2023-03-14,20.250507354736328,21.335514143106188,20.01927606613925,20.45505752285258,10000
2023-03-15,20.23271942138672,20.23271942138672,19.95702130203762,20.01927555192602,3500
2023-03-16,20.0103816986084,20.455056847466363,20.0103816986084,20.455056847466363,1500
2023-03-17,20.72186279296875,20.72186279296875,20.232720771518455,20.232720771518455,2900
2023-03-20,20.72186279296875,20.72186279296875,20.72186279296875,20.72186279296875,300
2023-03-21,19.95702362060547,20.455059373874576,19.876981948220987,20.33055085963262,14200
2023-03-22,19.352264404296875,19.885874969680486,19.343370696972006,19.885874969680486,14800
2023-03-23,19.316688537597656,19.59238836095853,19.22775486172758,19.565707240416824,8100
2023-03-24,19.316688537597656,19.316688537597656,19.316688537597656,19.316688537597656,0
2023-03-27,19.298904418945312,19.43230664010274,19.17439420907061,19.43230664010274,1800
2023-03-28,19.263328552246094,19.45009300885962,19.17439317749209,19.45009300885962,6700
2023-03-29,19.2722225189209,19.387837320247442,19.2722225189209,19.387837320247442,900
2023-03-30,19.56570816040039,20.303868900417996,19.47677278404742,19.503453905843674,4700
2023-03-31,19.307796478271484,19.97480928201962,19.298904466966633,19.97480928201962,5100
2023-04-03,19.307796478271484,19.743579669465394,19.307796478271484,19.307796478271484,3200
2023-04-04,19.556812286376953,19.894766339815057,19.50345174499763,19.859191514694825,1900
2023-04-05,19.47677230834961,21.104283379544412,19.38783693416878,21.104283379544412,10000
2023-04-06,19.183284759521484,19.832510039594162,19.04988256031903,19.832510039594162,5000
2023-04-10,19.121034622192383,19.34337223407834,18.676359398420466,19.34337223407834,5400
2023-04-11,19.290008544921875,19.556812957272225,19.290008544921875,19.556812957272225,1700
2023-04-12,19.627962112426758,19.627962112426758,19.343370269524698,19.343370269524698,2500
2023-04-13,19.681324005126953,19.930342732850093,19.370052715849656,19.370052715849656,2600
2023-04-14,20.21493148803711,20.232718900776415,19.56570618976181,19.832510595647236,3900
2023-04-17,19.91255760192871,19.91255760192871,19.91255760192871,19.91255760192871,500
2023-04-18,18.774185180664062,19.42341048580329,18.676356105864624,19.39672936641225,6600
2023-04-19,18.987632751464844,19.005420167862614,18.783082551794646,18.85423052108434,3600
2023-04-20,19.245542526245117,19.245542526245117,18.827548439942287,18.827548439942287,3600
2023-04-21,19.183284759521484,19.19217846564178,19.08545568849922,19.19217846564178,2100
2023-04-24,19.121034622192383,19.307797401951934,18.952057562194675,18.97873868628948,5700
2023-04-25,18.987632751464844,18.987632751464844,18.9520579186693,18.9520579186693,2000
2023-04-26,19.165498733520508,19.183286147047664,18.987629687152307,18.987629687152307,800
2023-04-27,18.81865119934082,18.987628222209565,18.774184365254776,18.987628222209565,1100
2023-04-28,19.361156463623047,19.361156463623047,18.854227063363275,18.854227063363275,5400
2023-05-01,19.005420684814453,19.298906278154995,18.99652697637366,19.298906278154995,3600
2023-05-02,18.694143295288086,19.005416232591184,18.694143295288086,19.005416232591184,1100
2023-05-03,18.498485565185547,18.765291673019647,18.498485565185547,18.765291673019647,1700
2023-05-04,18.009342193603516,18.133850683236815,18.009342193603516,18.044917017099287,2200
2023-05-05,17.075529098510742,17.875944153937514,16.8887646243404,17.875944153937514,4800
2023-05-08,16.461872100830078,17.85815161757538,15.296823835360557,16.897653487207215,32500
2023-05-09,16.444087982177734,16.46187539652175,16.32847318154402,16.46187539652175,3300
2023-05-10,17.42237663269043,17.493524605663225,16.372942759115585,16.44409073208838,23600
2023-05-11,17.253395080566406,17.253395080566406,16.89765530807761,16.89765530807761,2000
2023-05-12,17.478635787963867,18.05525175672664,17.118251881515892,17.118251881515892,1300
2023-05-15,17.875059127807617,17.992183254188497,17.875059127807617,17.992183254188497,700
2023-05-16,17.280426025390625,18.028223317073248,16.893012660100933,17.586752792436144,16600
2023-05-17,16.893014907836914,16.893014907836914,16.893014907836914,16.893014907836914,600
2023-05-18,16.893014907836914,17.38854265775493,16.856975651179287,17.38854265775493,3200
2023-05-19,16.775888442993164,17.028156330960243,16.775888442993164,17.028156330960243,2700
2023-05-22,16.847965240478516,16.847965240478516,16.847965240478516,16.847965240478516,300
2023-05-23,16.93805694580078,16.93805694580078,16.93805694580078,16.93805694580078,1500
2023-05-24,17.127262115478516,17.172309460475855,16.94706929859704,16.94706929859704,9600
2023-05-25,16.956077575683594,16.956077575683594,16.956077575683594,16.956077575683594,700
2023-05-26,17.055187225341797,17.361514016971366,17.055187225341797,17.16330155271326,1100
2023-05-30,17.10023307800293,17.22636874015324,17.0732053577498,17.181319675654525,1900
2023-05-31,17.415569305419922,17.46061665056648,17.11825235949289,17.289435364252714,1900
2023-06-01,17.34349250793457,20.244585181530315,17.34349250793457,17.478636261709784,21000
2023-06-02,18.343563079833984,18.343563079833984,17.190332596836114,17.190332596836114,2900
2023-06-05,16.893014907836914,18.29851326700397,16.829947927132405,18.29851326700397,18000
2023-06-06,17.136272430419922,17.974166132118583,17.091223365656166,17.136272430419922,7800
2023-06-07,18.01921272277832,18.145346661935037,17.217358306517415,17.217358306517415,8900
2023-06-08,18.15435791015625,18.80305071928035,17.577743607331428,18.064261495728328,16100
2023-06-09,19.046308517456055,19.046308517456055,18.109310289475054,18.244454049858852,4100
2023-06-12,17.9471378326416,18.667905730158846,17.91109857854263,18.451675360903675,6900
2023-06-13,18.028223037719727,19.09135689293983,18.019213224893747,18.019213224893747,5300
2023-06-14,18.316532135009766,20.235577792763667,18.127331200750007,18.127331200750007,28400
2023-06-15,17.956146240234375,18.78503011670229,17.631799852524207,18.40662657052246,26500
2023-06-16,17.5236873626709,18.658896401125507,17.48764810763614,18.406628489667266,37400
2023-06-20,17.70387840270996,18.68592575817931,17.44260067867068,18.019215009057724,57100
2023-06-21,17.58675193786621,18.316529568156533,17.451608186841487,17.703876063835363,20500
2023-06-22,17.649822235107422,17.649822235107422,17.649822235107422,17.649822235107422,1600
2023-06-23,18.32554054260254,18.32554054260254,18.181386969910072,18.31653072950349,4100
2023-06-26,18.559791564941406,18.595829100905195,18.172378172264843,18.172378172264843,4200
2023-06-27,18.217422485351562,18.685922403914883,18.064259116530703,18.532759035094028,6900
2023-06-28,18.118318557739258,18.406625680227368,18.028222152350224,18.118318557739258,1900
2023-06-29,18.118318557739258,18.118318557739258,18.118318557739258,18.118318557739258,400
2023-06-30,18.649887084960938,18.649887084960938,18.42464691107709,18.42464691107709,800
2023-07-03,18.631868362426758,18.631868362426758,18.298512132791757,18.298512132791757,2400
2023-07-05,18.343563079833984,18.64988990002957,18.343563079833984,18.64988990002957,5700
2023-07-06,18.289501190185547,18.622857399242665,18.199406496580064,18.34356006848419,4100
2023-07-07,18.253461837768555,18.406625207462188,18.163365434693603,18.163365434693603,1900
2023-07-10,18.307519912719727,18.595827042298612,17.983173532720457,18.253462755535196,14600
2023-07-11,18.5958251953125,18.5958251953125,18.334547529499684,18.334547529499684,1700
2023-07-12,18.532760620117188,18.776020412304508,18.532760620117188,18.640876656126917,1700
2023-07-13,18.694934844970703,18.767011633466478,18.5597910813469,18.5597910813469,1000
2023-07-14,18.893144607543945,18.893144607543945,18.893144607543945,18.893144607543945,1100
2023-07-17,18.68592643737793,19.11838720088736,18.523753221450313,19.11838720088736,8400
2023-07-18,19.190458297729492,19.190458297729492,18.767007473975585,18.767007473975585,2000
2023-07-19,19.352636337280273,19.352636337280273,18.992252383954487,18.992252383954487,5400
2023-07-20,19.658960342407227,19.658960342407227,19.280556815406758,19.280556815406758,1700
2023-07-21,19.415700912475586,19.442730350048667,19.38867319334853,19.442730350048667,7500
2023-07-24,19.74905776977539,19.74905776977539,19.424711381716918,19.424711381716918,3800
2023-07-25,20.028352737426758,20.36170889909607,19.59589208319026,19.59589208319026,12200
2023-07-26,20.27161407470703,20.27161407470703,19.72202754322336,19.72202754322336,4900
2023-07-27,20.262603759765625,20.262603759765625,19.929249298911188,20.14547963746579,800
2023-07-28,20.54190444946289,20.82120351974511,20.091424073654967,20.091424073654967,5200
2023-07-31,20.63199806213379,20.8572382194026,20.244584716680073,20.244584716680073,8500
2023-08-01,20.514873504638672,20.776151187978748,20.29864316442572,20.460814630750942,10500
2023-08-02,20.334684371948242,20.334684371948242,20.27161739278875,20.27161739278875,2600
2023-08-03,20.181516647338867,20.343689826682404,19.334613221014795,20.343689826682404,2600
2023-08-04,20.361709594726562,20.361709594726562,19.586882940580846,20.18151679008237,10000
2023-08-07,20.424779891967773,20.58695309890776,20.235577244389045,20.235577244389045,7000
2023-08-08,20.523883819580078,20.577940976345673,20.316661568160917,20.316661568160917,3400
2023-08-09,20.451810836791992,20.803184998707277,20.424781394165297,20.442801022583094,6700
2023-08-10,20.451810836791992,20.577944798823868,20.18152156586409,20.496858189390135,3900
2023-08-11,20.451810836791992,20.496858189390135,20.451810836791992,20.496858189390135,700
2023-08-14,20.3333797454834,20.679558335417166,20.251390170898173,20.652227898027878,8500
2023-08-15,20.6522274017334,20.834426838118272,20.342489402428676,20.369819839161188,5100
2023-08-16,19.83232879638672,20.369815097259465,19.58636013580112,20.369815097259465,7400
2023-08-17,19.868770599365234,19.868770599365234,19.868770599365234,19.868770599365234,1700
2023-08-18,19.868770599365234,19.868770599365234,19.868770599365234,19.868770599365234,1600
2023-08-21,19.677459716796875,19.905208089126507,19.50437046730334,19.905208089126507,5100
2023-08-22,19.622804641723633,19.732122909945844,19.622804641723633,19.713902619381294,2600
2023-08-23,19.63191032409668,19.804999585266344,19.63191032409668,19.741230314725495,2600
2023-08-24,19.750343322753906,19.750343322753906,19.531705047373695,19.668353752288507,1700
2023-08-25,19.604581832885742,19.61369197699779,19.604581832885742,19.604581832885742,1400
2023-08-28,19.604581832885742,19.896099494141954,19.431492569921495,19.604581832885742,6100
2023-08-29,19.923431396484375,19.923431396484375,19.604583279366523,19.604583279366523,1400
2023-08-30,19.604581832885742,19.695681536423887,19.604581832885742,19.695681536423887,2200
2023-08-31,19.686573028564453,19.95076027944249,19.686573028564453,19.750342305066653,5300
2023-09-01,19.74123191833496,19.987200614043466,19.74123191833496,19.987200614043466,1300
2023-09-05,19.74123191833496,19.74123191833496,19.686572787371663,19.686572787371663,3400
2023-09-06,18.502281188964844,19.786782141166412,18.310973349845803,19.741233152114038,16000
2023-09-07,18.948667526245117,19.349505225141414,18.502280839157603,18.502280839157603,10700
2023-09-08,19.577253341674805,19.577253341674805,19.231076519004485,19.49526377411927,4000
2023-09-11,19.43149185180664,19.43149185180664,19.43149185180664,19.43149185180664,800
2023-09-12,19.504375457763672,19.996312901904034,19.45882646667629,19.45882646667629,4900
2023-09-13,19.504375457763672,19.586365031787064,19.504375457763672,19.522595749231677,1500
2023-09-14,19.650129318237305,19.814108424591904,19.604580338730887,19.814108424591904,5000
2023-09-15,19.677459716796875,19.677459716796875,19.65012928658773,19.65012928658773,4100
2023-09-18,19.36772346496582,19.677461417104816,19.26751361645546,19.677461417104816,9700
2023-09-19,19.404159545898438,19.677458620010103,19.404159545898438,19.404159545898438,900
2023-09-20,19.449716567993164,19.868772851584367,19.422386130444004,19.868772851584367,1200
2023-09-21,19.449716567993164,19.987203010048077,19.449716567993164,19.987203010048077,700
2023-09-22,19.540815353393555,19.540815353393555,19.458825782253967,19.467935927667543,1400
2023-09-25,19.285736083984375,19.422384787113696,19.1308670904158,19.422384787113696,4900
2023-09-26,19.449716567993164,19.449716567993164,19.31306785541267,19.31306785541267,600
2023-09-27,19.331283569335938,19.677462110433396,19.31306501789586,19.677462110433396,3100
2023-09-28,19.458824157714844,19.458824157714844,19.458824157714844,19.458824157714844,600
2023-09-29,19.495262145996094,19.495262145996094,19.495262145996094,19.495262145996094,400
2023-10-02,19.540815353393555,19.540815353393555,19.240187505075927,19.513484917152837,6800
2023-10-03,19.303956985473633,19.367726266447043,19.303956985473633,19.367726266447043,700
2023-10-04,19.522594451904297,19.850552726204185,19.34950516962574,19.34950516962574,5900
2023-10-05,19.613693237304688,19.622803382002118,19.313065412619142,19.568142513817524,13500
2023-10-06,19.495262145996094,19.631910834649105,19.340393168834055,19.495262145996094,24400
2023-10-09,19.495262145996094,20.032748493935973,19.495262145996094,19.53170272301415,4100
2023-10-10,19.73212432861328,19.768564912362326,18.6935920179229,19.559035030970662,7900
2023-10-11,19.677459716796875,19.80499824927517,19.622800593960775,19.80499824927517,4300
2023-10-12,19.914321899414062,19.914321899414062,19.677463340067895,19.677463340067895,1300
2023-10-13,19.650129318237305,19.77766785092102,19.586360051895447,19.77766785092102,2400
2023-10-16,19.650129318237305,19.677459748490467,19.39505225286987,19.677459748490467,11900
2023-10-17,19.641023635864258,20.04186134937488,19.44971579338714,19.69568450878565,20800
2023-10-18,19.713903427124023,20.04186172039326,19.622805445733785,19.73212371843512,3700
2023-10-19,19.604581832885742,19.604581832885742,19.17641374753115,19.17641374753115,1200
2023-10-20,19.559030532836914,19.677460665202393,19.440602138053706,19.604581252047588,2000
2023-10-23,19.385942459106445,19.586360405164577,19.16730422588424,19.44060158301644,10100
2023-10-24,19.231075286865234,19.449713540477628,18.87578660436051,19.413272962751037,4900
2023-10-25,19.39505386352539,19.458823135162945,19.221964599378932,19.2310747435532,7400
2023-10-26,19.413272857666016,19.413272857666016,19.358613728954385,19.413272857666016,7700
2023-10-27,19.413272857666016,19.413272857666016,19.276624167095754,19.376834017719055,2200
2023-10-30,19.240188598632812,19.495265734380425,19.240188598632812,19.422386304512155,1600
2023-10-31,19.240188598632812,19.240188598632812,19.240188598632812,19.240188598632812,1000
2023-11-01,19.094423294067383,19.130863868809353,19.094423294067383,19.130863868809353,1300
2023-11-02,19.43149185180664,19.43149185180664,18.94866465720557,18.94866465720557,3200
2023-11-03,19.37683868408203,19.422387679380513,19.367728537505776,19.367728537505776,3800
2023-11-06,19.37683868408203,19.422387679380513,19.37683868408203,19.41327753280426,3300
2023-11-07,19.158193588256836,19.158193588256836,19.12175301486841,19.12175301486841,2800
2023-11-08,19.413272857666016,19.413272857666016,19.21285489400179,19.21285489400179,2300
2023-11-09,19.240188598632812,19.240188598632812,19.240188598632812,19.240188598632812,500
2023-11-10,19.313068389892578,19.313068389892578,19.267517659383383,19.267517659383383,2100
2023-11-13,19.413272857666016,19.42238300204835,19.149085620907826,19.404162713283682,6300
2023-11-14,19.671382904052734,20.270557753732696,19.505457182373217,19.533112055389548,44200
2023-11-15,19.929487228393555,20.23368375982643,19.864959199609242,19.864959199609242,9500
2023-11-16,20.049320220947266,20.049320220947266,19.86495795241362,19.86495795241362,3600
2023-11-17,20.09541130065918,20.09541130065918,19.726688496265336,19.726688496265336,2700
2023-11-20,20.05853843688965,20.05853843688965,20.021665280034117,20.049320147675765,4800
2023-11-21,19.98479652404785,20.09541249282381,19.975578233615,19.975578233615,1200
2023-11-22,20.012449264526367,20.012449264526367,20.012449264526367,20.012449264526367,2800
2023-11-24,20.012449264526367,20.012449264526367,20.012449264526367,20.012449264526367,0
2023-11-27,19.874176025390625,20.058538291918044,19.874176025390625,20.058538291918044,3000
2023-11-28,20.076976776123047,20.076976776123047,19.874177912049383,20.030885326011283,2100
2023-11-29,20.113847732543945,20.215247162335093,20.049321462025578,20.049321462025578,17200
2023-11-30,19.80965232849121,20.27055629637107,19.772780925329556,20.27055629637107,3300
2023-12-01,20.510225296020508,20.537880165329934,19.874177367575736,19.874177367575736,9900
2023-12-04,21.662485122680664,21.662485122680664,21.02643719486514,21.02643719486514,11100
2023-12-05,21.478120803833008,21.478120803833008,21.478120803833008,21.478120803833008,800
2023-12-06,21.238454818725586,21.616395916335442,21.238454818725586,21.607177626368244,700
2023-12-07,21.3398494720459,21.607174568637063,21.312196364266665,21.607174568637063,2000
2023-12-08,21.238454818725586,21.432033633409596,19.551544677118482,19.551544677118482,7000
2023-12-11,21.597959518432617,21.597959518432617,21.118618985352672,21.118618985352672,800
2023-12-12,21.201580047607422,21.385942316522353,21.127835491683232,21.127835491683232,7800
2023-12-13,21.450468063354492,21.616393749715147,21.201579533813515,21.201579533813515,4500
2023-12-14,21.957462310791016,22.123388002120343,21.53343155135732,21.53343155135732,10200
2023-12-15,21.809974670410156,21.957463793057354,21.690140417587696,21.690140417587696,4500
2023-12-18,21.819194793701172,21.819194793701172,21.819194793701172,21.819194793701172,700
2023-12-19,21.902151107788086,22.307746987064345,21.85605966797905,21.95745907735028,5200
2023-12-20,22.151042938232422,22.151042938232422,21.911372689820297,21.911372689820297,3300
2023-12-21,21.939027786254883,22.123390073484217,21.939027786254883,22.040427220051924,2900
2023-12-22,21.99433708190918,22.123389625430633,21.957463921926454,21.957463921926454,1800
2023-12-26,22.031206130981445,22.07729757603777,21.837627336371447,21.837627336371447,3900
2023-12-27,21.828411102294922,22.077299654402967,21.828411102294922,22.049644784765732,6400
2023-12-28,21.929807662963867,22.003552214137066,21.90215279694562,21.90215279694562,1700
2023-12-29,21.948246002197266,21.948246002197266,21.892938019499173,21.90215630965037,3500
2024-01-02,22.021987915039062,22.10495075820686,21.948243360913114,22.068079360248316,7800
2024-01-03,22.00355339050293,22.031206499790795,22.00355339050293,22.031206499790795,1100
2024-01-04,22.031206130981445,22.031206130981445,22.031206130981445,22.031206130981445,1700
2024-01-05,22.049644470214844,22.57507467836358,22.031207890719696,22.031207890719696,6500
2024-01-08,22.33540153503418,22.33540153503418,22.206349011652705,22.206349011652705,500
2024-01-09,22.123388290405273,22.123388290405273,22.07729860141717,22.123388290405273,1600
2024-01-10,22.197134017944336,22.197134017944336,21.77310323063029,22.077299765332246,3500
2024-01-11,22.2708797454834,22.2708797454834,22.2708797454834,22.2708797454834,200
2024-01-12,22.353837966918945,22.353837966918945,22.353837966918945,22.353837966918945,200
2024-01-16,22.14182472229004,22.28931383592355,21.94824416176548,22.215569279106795,3400
2024-01-17,22.14182472229004,22.14182472229004,22.14182472229004,22.14182472229004,400
2024-01-18,22.077299118041992,22.077299118041992,21.957463110734377,21.957463110734377,2200
2024-01-19,22.33540153503418,22.33540153503418,21.957460495238063,21.957460495238063,1100
2024-01-22,23.247995376586914,23.42313937569803,22.021990899227287,22.307752623621504,8400
2024-01-23,22.81474494934082,23.247994018453873,22.81474494934082,23.247994018453873,1200
2024-01-24,24.317293167114258,24.907251456027215,23.948570335424378,23.948570335424378,6300
2024-01-25,24.84272575378418,24.888815449481022,24.84272575378418,24.888815449481022,1000
2024-01-26,23.635154724121094,24.778196344476388,22.53820455511627,22.53820455511627,5600
2024-01-29,22.81474494934082,23.395483138075722,22.611947849413028,23.367830027027246,3200
2024-01-30,22.538204193115234,22.538204193115234,22.538204193115234,22.538204193115234,1100
2024-01-31,21.671703338623047,22.23400670464674,21.026437123244744,22.23400670464674,11500
2024-02-01,22.187915802001953,22.187915802001953,21.256889614940903,21.256889614940903,4300
2024-02-02,21.99433708190918,22.141826205421992,21.99433708190918,22.141826205421992,1200
2024-02-05,21.561084747314453,21.837628153372012,21.45046879145856,21.680920750735403,9300
2024-02-06,21.063310623168945,21.662485399601216,21.063310623168945,21.25688943599101,3400
2024-02-07,20.75911521911621,21.054093478437153,20.556316347176228,21.035656897677317,5600
2024-02-08,20.768333435058594,20.768333435058594,20.611626015579873,20.759115144711714,2700
2024-02-09,20.768333435058594,20.777551725405473,20.18759345066899,20.18759345066899,3300
2024-02-12,20.6208438873291,21.247671794310442,20.33508216700407,20.33508216700407,14600
2024-02-13,20.390390396118164,20.906602299326146,20.371953817165643,20.390390396118164,3300
2024-02-14,20.5115966796875,20.5115966796875,20.334450574073177,20.502273013254374,3200
2024-02-15,21.6210880279541,21.67702824808757,20.27851029659805,21.2574721513177,7100
2024-02-16,20.623476028442383,21.136265162747538,20.511593825122866,20.791296665960715,4700
2024-02-20,20.604829788208008,21.192206496363813,20.604829788208008,20.623477119465626,4100
2024-02-21,20.37174415588379,20.548890252072677,19.737749098624565,20.51159558832451,17700
2024-02-22,20.688743591308594,21.07100503842149,20.23189458813239,21.07100503842149,1100
2024-02-23,20.35309600830078,20.59550597802623,20.19459725033827,20.27850846210121,5100
2024-02-26,20.69806480407715,20.71671035715159,20.371743618124498,20.483624049800756,1100
2024-02-27,20.800621032714844,21.1642368720378,20.698064269378882,20.884532243458036,2200
2024-02-28,20.884531021118164,20.959118562045802,20.287830693697064,20.614151852120695,2900
2024-02-29,21.20153045654297,21.425293099820905,21.20153045654297,21.294765335818962,2400
2024-03-01,20.343769073486328,20.707383080487915,20.343769073486328,20.632795546274586,7800
2024-03-04,20.343769073486328,20.86588181297962,20.343769073486328,20.60482633238652,7600
2024-03-05,20.576858520507812,20.698064393779728,20.101362249540976,20.101362249540976,8000
2024-03-06,20.586181640625,21.024383237958187,20.586181640625,20.68874018016764,1800
2024-03-07,20.614152908325195,20.968443301307385,20.614152908325195,20.968443301307385,4900
2024-03-08,20.69806480407715,20.77265235129712,20.69806480407715,20.77265235129712,300
2024-03-11,20.427682876586914,20.427682876586914,20.427682876586914,20.427682876586914,800
2024-03-12,20.427682876586914,20.437006541840866,20.343771667608653,20.343771667608653,3400
2024-03-13,20.120010375976562,20.343773022047053,20.120010375976562,20.343773022047053,2800
2024-03-14,20.231895446777344,20.231895446777344,20.05474932674353,20.101365884396156,3200
2024-03-15,20.50227165222168,20.50227165222168,19.933540485708672,19.933540485708672,7800
2024-03-18,20.343769073486328,20.427680271764707,20.343769073486328,20.427680271764707,1400
2024-03-19,20.13865852355957,20.18527507651411,20.13865852355957,20.18527507651411,2300
2024-03-20,20.50227165222168,20.50227165222168,20.50227165222168,20.50227165222168,800
2024-03-21,20.45565414428711,20.511594358247184,20.269184393343746,20.511594358247184,1000
2024-03-22,20.5115966796875,20.5115966796875,20.5115966796875,20.5115966796875,600
2024-03-25,20.37174415588379,20.51159558832451,20.334449492135626,20.334449492135626,2700
2024-03-26,20.120010375976562,20.418360570737217,20.120010375976562,20.418360570737217,2500
2024-03-27,20.231895446777344,20.231895446777344,20.138660553164403,20.147984220356467,4200
2024-03-28,20.157304763793945,20.511595170649912,20.157304763793945,20.399712959991106,1700
2024-04-01,20.334449768066406,20.334449768066406,20.054746899389496,20.054746899389496,900
2024-04-02,20.26918601989746,20.306480684401876,20.101363586242552,20.213245801448316,1800
2024-04-03,20.101364135742188,20.101364135742188,19.99880736216647,20.045423915763838,2400
2024-04-04,19.86827278137207,20.231888564948722,19.86827278137207,20.231888564948722,4500
2024-04-05,20.036100387573242,20.036100387573242,19.868277948173183,19.868277948173183,2100
2024-04-08,19.58857536315918,20.00812968967264,19.58857536315918,20.00812968967264,5000
2024-04-09,19.728424072265625,19.728424072265625,19.6351891976319,19.6351891976319,2200
2024-04-10,19.644512176513672,19.644512176513672,19.644512176513672,19.644512176513672,700
2024-04-11,19.644512176513672,19.644512176513672,19.644512176513672,19.644512176513672,300
2024-04-12,19.89624786376953,19.952188081086664,19.579250335126694,19.728425433510683,1300
2024-04-15,19.89624786376953,19.89624786376953,19.89624786376953,19.89624786376953,500
2024-04-16,19.89624786376953,19.89624786376953,19.89624786376953,19.89624786376953,400
2024-04-17,19.90557098388672,19.90557098388672,19.90557098388672,19.90557098388672,1600
2024-04-18,19.90557098388672,19.90557098388672,19.90557098388672,19.90557098388672,400
2024-04-19,19.914894104003906,20.04542186335812,19.914894104003906,20.04542186335812,400
2024-04-22,19.980159759521484,20.045423644999257,19.980159759521484,20.045423644999257,600
2024-04-23,20.064071655273438,20.064071655273438,20.045424322133453,20.045424322133453,12100
2024-04-24,20.064071655273438,20.59550820161009,20.064071655273438,20.175952097498225,2900
2024-04-25,20.30647850036621,20.30647850036621,20.092037759144663,20.092037759144663,1400
2024-04-26,21.098970413208008,21.098970413208008,20.157303356482544,20.157303356482544,500
2024-04-29,20.772653579711914,20.772653579711914,20.343773824104233,20.343773824104233,2200
2024-04-30,20.707387924194336,20.754006255424184,20.44633238253721,20.44633238253721,1300
2024-05-01,20.791297912597656,21.117619098679413,20.56753527084921,20.62347726501687,4400
2024-05-02,20.670093536376953,20.86588517840066,20.614153321271232,20.614153321271232,2800
2024-05-03,20.791297912597656,20.86588545984714,20.707386699653565,20.86588545984714,2000
2024-05-06,20.74468231201172,20.791298864311226,20.632800096862432,20.791298864311226,6300
2024-05-07,20.884531021118164,20.884531021118164,20.74467960416725,20.74467960416725,46300
2024-05-08,20.959123611450195,20.959123611450195,20.800624826505544,20.809948493656133,6500
2024-05-09,20.884531021118164,20.884531021118164,20.884531021118164,20.884531021118164,300
2024-05-10,21.005739212036133,21.005739212036133,21.005739212036133,21.005739212036133,1600
2024-05-13,21.11762046813965,21.11762046813965,21.00574002916377,21.00574002916377,1500
2024-05-14,21.089336395263672,21.353305471049246,21.089336395263672,21.23074865702801,2400
2024-05-15,21.645559310913086,21.645559310913086,21.409871591248155,21.409871591248155,400
2024-05-16,21.391019821166992,21.391019821166992,21.391019821166992,21.391019821166992,500
2024-05-17,21.46643829345703,21.673842842854697,21.409871945131155,21.409871945131155,1200
2024-05-20,21.494718551635742,21.494718551635742,21.494718551635742,21.494718551635742,1500
2024-05-21,21.494718551635742,21.494718551635742,21.494718551635742,21.494718551635742,2800
2024-05-22,21.372161865234375,21.607849577996927,21.372161865234375,21.607849577996927,1100
2024-05-23,21.400447845458984,21.419301498355797,21.400447845458984,21.400447845458984,2100
2024-05-24,21.26845932006836,21.362734767569634,21.26845932006836,21.33445159387287,2900
2024-05-28,21.089336395263672,21.40987001612409,21.089336395263672,21.40987001612409,1700
2024-05-29,21.164758682250977,21.67384323941608,21.032772331896965,21.061055506577393,4900
2024-05-30,21.089336395263672,21.68326861393568,21.089336395263672,21.211893209284906,2400
2024-05-31,21.098764419555664,21.683270770648136,21.098764419555664,21.334452145323578,2900
2024-06-03,21.306171417236328,21.306171417236328,21.306171417236328,21.306171417236328,900
2024-06-04,21.391019821166992,21.683272115765718,21.13647662998999,21.466439826165203,3800
2024-06-05,21.51357650756836,21.683271967190258,21.230751940301687,21.447584228416453,1500
2024-06-06,21.51357650756836,21.51357650756836,21.51357650756836,21.51357650756836,700
2024-06-07,21.230749130249023,21.296741400666345,21.230749130249023,21.268458228421277,900
2024-06-10,21.391019821166992,21.391019821166992,21.391019821166992,21.391019821166992,600
2024-06-11,21.391019821166992,21.391019821166992,21.391019821166992,21.391019821166992,500
2024-06-12,21.391019821166992,21.391019821166992,21.391019821166992,21.391019821166992,300
2024-06-13,21.504146575927734,21.504146575927734,21.466437476633324,21.49471885156549,1500
2024-06-14,21.438156127929688,21.46643930342331,21.30617157193554,21.46643930342331,1000
2024-06-17,21.438156127929688,21.438156127929688,21.32502702226462,21.32502702226462,1400
2024-06-18,21.541858673095703,21.541858673095703,21.541858673095703,21.541858673095703,1000
2024-06-20,21.579565048217773,21.579565048217773,21.45700823647556,21.45700823647556,1600
2024-06-21,19.797767639160156,21.504146156004502,19.562079929170153,21.504146156004502,11200
2024-06-24,20.787656784057617,20.825367683459053,20.090021328522962,20.090021328522962,6400
2024-06-25,20.372846603393555,21.58899427437352,20.372846603393555,21.58899427437352,17900
2024-06-26,20.372846603393555,20.372846603393555,20.372846603393555,20.372846603393555,1200
2024-06-27,20.910213470458984,20.94792256820991,20.278570349279182,20.778228931099004,10200
2024-06-28,21.362733840942383,21.588993826238454,20.589678441642178,21.588993826238454,9400
2024-07-01,20.966777801513672,21.588993192347147,20.85364871126457,20.881930084749612,3400
2024-07-02,20.947925567626953,20.947925567626953,20.947925567626953,20.947925567626953,800
2024-07-03,21.004491806030273,21.004491806030273,20.74052089278638,20.929071801982694,3500
2024-07-05,21.004491806030273,21.004491806030273,21.004491806030273,21.004491806030273,400
2024-07-08,20.844223022460938,20.844223022460938,19.78834122083881,19.78834122083881,1400
2024-07-09,20.56139373779297,20.7405168871195,20.56139373779297,20.7405168871195,1100
2024-07-10,20.881933212280273,20.881933212280273,20.881933212280273,20.881933212280273,800
2024-07-11,21.34387969970703,21.34387969970703,20.891359701403015,20.891359701403015,700
2024-07-12,21.551284790039062,21.551284790039062,21.551284790039062,21.551284790039062,200
2024-07-15,21.306171417236328,21.588995977500183,21.306171417236328,21.579568252404094,2400
2024-07-16,21.588993072509766,21.683268512630356,21.447580811406112,21.447580811406112,4300
2024-07-17,21.588993072509766,21.588993072509766,21.588993072509766,21.588993072509766,500
2024-07-18,22.362051010131836,22.362051010131836,21.73040782646437,22.145218731688217,3700
2024-07-19,22.088653564453125,22.34319673543499,22.088653564453125,22.34319673543499,500
2024-07-22,22.013235092163086,22.314915109143993,22.013235092163086,22.314915109143993,1600
2024-07-23,22.362051010131836,22.362051010131836,22.0226619041802,22.0226619041802,2100
2024-07-24,22.72972297668457,22.72972297668457,22.352621207986353,22.352621207986353,10700
2024-07-25,23.56877326965332,23.56877326965332,23.097397804260254,23.097397804260254,1100
2024-07-26,23.56877326965332,23.99301190776896,23.436788714752765,23.455642366770917,3200
2024-07-29,23.116252899169922,23.568772907435566,22.814572893659495,23.568772907435566,6700
2024-07-30,22.974838256835938,24.51152130106061,22.861707367335377,23.097395072153265,2000
2024-07-31,23.804460525512695,24.48324053474609,23.097397341586575,23.521635971204113,34200
2024-08-01,23.56877326965332,23.56877326965332,23.097397804260254,23.56877326965332,18500
2024-08-02,22.889991760253906,23.36136719503394,22.889991760253906,23.36136719503394,4700
2024-08-05,22.39033317565918,22.880564059904398,22.39033317565918,22.682585442047657,2900
2024-08-06,22.314910888671875,22.33376633570569,22.060367748178557,22.154643185193237,1800
2024-08-07,22.59773826599121,22.59773826599121,22.060370544492933,22.352622817944614,1800
2024-08-08,22.64487648010254,23.00312102190566,22.522317859217942,22.522317859217942,1200
2024-08-09,23.012550354003906,23.05026125480413,22.069799411854937,22.069799411854937,3900
2024-08-12,23.07853889465332,23.07853889465332,23.07853889465332,23.07853889465332,1300
2024-08-13,23.163387298583984,23.163387298583984,23.06911185720181,23.09739502906281,2300
2024-08-14,23.163387298583984,23.163387298583984,23.163387298583984,23.163387298583984,0
2024-08-15,23.32530403137207,23.50626851746584,23.32530403137207,23.50626851746584,1100
2024-08-16,23.706279754638672,23.706279754638672,23.344352609899268,23.344352609899268,2000
2024-08-19,23.94439125061035,24.16345429081621,23.62056082592928,23.706280751088325,5300
2024-08-20,23.98248863220215,23.98248863220215,23.40149846039561,23.40149846039561,1300
2024-08-21,24.26822280883789,24.26822280883789,24.26822280883789,24.26822280883789,200
2024-08-22,23.49674415588379,23.49674415588379,23.487219517910134,23.487219517910134,800
2024-08-23,24.64919662475586,24.6777705369654,24.28726948662914,24.6777705369654,900
2024-08-26,24.715869903564453,24.715869903564453,23.639609457733876,24.46823477281263,1500
2024-08-27,25.449249267578125,25.449249267578125,24.525381193127977,24.525381193127977,7900
2024-08-28,26.077861785888672,26.51598606104484,25.230188966890406,25.230188966890406,9300
2024-08-29,25.954044342041016,26.182630202653144,25.373054144252517,25.71593384349018,2400
2024-08-30,26.287397384643555,27.039825557630493,25.153990989920715,26.00166371834163,12500
2024-09-03,24.91588020324707,25.668310183619642,24.91588020324707,25.668310183619642,2000
2024-09-04,25.268285751342773,25.677834266521867,24.668246301634046,25.12541800460526,10900
2024-09-05,25.28733253479004,25.6016382992724,24.639673547855796,24.639673547855796,6000
2024-09-06,25.47782325744629,25.496872533258284,24.515856628607718,24.858736326667902,9200
2024-09-09,25.030174255371094,26.47788458987399,25.030174255371094,25.43019993353817,15600
2024-09-10,25.56354331970215,25.706409255784035,24.106306411733453,24.21107561262501,7700
2024-09-11,26.087383270263672,26.087383270263672,26.087383270263672,26.087383270263672,500
2024-09-12,25.677831649780273,26.47788295676879,25.363525908937547,26.001662027210802,3700
2024-09-13,25.801652908325195,25.83974964217131,25.744506899236583,25.744506899236583,2100
2024-09-16,26.001665115356445,26.001665115356445,25.78260389773576,25.78260389773576,700
2024-09-17,26.468360900878906,26.468360900878906,25.9064200424479,25.934992136397412,5400
2024-09-18,26.192153930664062,26.95410677290056,25.963568077993113,26.468362971374088,10000
2024-09-19,26.554080963134766,26.668374797301446,26.192153818778205,26.192153818778205,6700
2024-09-20,27.99226951599121,27.99226951599121,26.29692393576085,26.496935881754304,14100
2024-09-23,27.544620513916016,28.097036757153827,26.420738752967655,27.62081579516817,3000
2024-09-24,27.620819091796875,27.620819091796875,27.25889191681174,27.53509916307742,4200
2024-09-25,26.906484603881836,27.90654790675112,26.906484603881836,27.620816053542416,9600
2024-09-26,26.668373107910156,27.001728135086783,26.668373107910156,26.858862213907873,2100
2024-09-27,27.04935073852539,27.096973925518995,25.72545702296334,25.954042870616146,5700
2024-09-30,26.630277633666992,26.630277633666992,26.630277633666992,26.630277633666992,1300
2024-10-01,26.839815139770508,26.887436511853608,26.35406951463952,26.35406951463952,2700
2024-10-02,26.420738220214844,26.420738220214844,26.335018303454792,26.41121358317053,1400
2024-10-03,26.706472396850586,27.04935025386684,26.38264199765166,26.38264199765166,1100
2024-10-04,26.71599578857422,26.71599578857422,26.639800505759617,26.658849780622976,2200
2024-10-07,26.01119041442871,26.192154902413378,26.01119041442871,26.192154902413378,1800
2024-10-08,25.887374877929688,26.06833937376966,25.887374877929688,26.06833937376966,900
2024-10-09,26.71599578857422,26.71599578857422,26.258824091686602,26.258824091686602,2700
2024-10-10,26.906484603881836,26.906484603881836,26.5731295640458,26.5731295640458,1200
2024-10-11,26.906484603881836,26.906484603881836,26.668374120661642,26.668374120661642,700
2024-10-14,26.706472396850586,26.706472396850586,26.706472396850586,26.706472396850586,500
2024-10-15,26.535032272338867,27.23983906982501,26.430263080604853,26.43978771772965,2900
2024-10-16,26.535032272338867,26.535032272338867,26.535032272338867,26.535032272338867,600
2024-10-17,27.3255615234375,27.3350861614463,27.3255615234375,27.3350861614463,700
2024-10-18,27.3255615234375,27.3255615234375,27.3255615234375,27.3255615234375,300
2024-10-21,26.80171775817871,26.80171775817871,26.80171775817871,26.80171775817871,1100
2024-10-22,26.80171775817871,26.80171775817871,26.80171775817871,26.80171775817871,0
2024-10-23,27.220788955688477,27.220788955688477,26.487408269456115,26.487408269456115,1100
2024-10-24,27.516048431396484,27.516048431396484,26.88743686511819,26.88743686511819,5000
2024-10-25,27.144594192504883,27.34460611983147,26.868385169085773,27.34460611983147,1500
2024-10-28,27.125547409057617,27.14459668482979,27.125547409057617,27.14459668482979,3700
2024-10-29,27.239839553833008,27.239839553833008,26.677898669956512,27.1064964483553,3000
2024-10-30,27.287458419799805,27.287458419799805,26.45883503427902,26.88743277335019,3400
2024-10-31,27.287458419799805,27.287458419799805,25.86832029270534,25.86832029270534,6800
2024-11-01,27.211267471313477,27.211267471313477,26.249300839610278,26.535034527724292,1400
2024-11-04,27.096975326538086,27.096975326538086,26.715997077446524,26.801717001828234,14800
2024-11-05,27.3255615234375,27.43032890825636,27.144597034548273,27.3350861614463,5200
2024-11-06,28.478012084960938,28.478012084960938,27.335082909461022,27.40175355095201,15000
2024-11-07,27.887502670288086,28.01131933210488,27.71606281805025,28.01131933210488,2900
2024-11-08,27.15411949157715,27.458900616823243,27.15411949157715,27.23983941013246,7500
2024-11-11,27.573196411132812,27.76368371966052,27.32556127507175,27.32556127507175,10700
2024-11-12,27.668437957763672,27.811305703765388,27.16364488623897,27.344607549000465,4800
2024-11-13,27.3255615234375,27.668439408559415,27.29698760941111,27.658916587189566,17000
2024-11-14,27.335086822509766,27.335086822509766,27.135073052765872,27.154122329244146,13800
2024-11-15,27.75783920288086,27.86352903738641,27.479204865460144,27.575286366592263,8500
2024-11-18,27.882747650146484,28.017260661558154,27.53685495497094,27.68097630042664,3500
2024-11-19,28.11334228515625,28.11334228515625,27.556071736524544,27.87313943087358,3300
2024-11-20,28.334327697753906,28.545705544015266,28.334327697753906,28.34393603157519,4300
2024-11-21,28.728260040283203,28.82434154528795,27.671367150435522,28.536098862875985,15300
2024-11-22,28.824342727661133,28.824342727661133,28.728261218715126,28.824342727661133,1900
2024-11-25,28.930030822753906,29.054935494015087,28.151772296657235,28.64178631333217,8900
2024-11-26,29.68907356262207,29.76593840563938,29.199059501160825,29.199059501160825,4800
2024-11-27,30.323205947875977,30.544193953012073,29.68907059815136,29.68907059815136,5100
2024-11-29,30.736356735229492,30.736356735229492,30.236734363030013,30.621060392477197,4500
2024-12-02,31.35127830505371,31.69717100979376,30.726749403139205,30.726749403139205,7500
2024-12-03,31.63951873779297,31.745208575027494,31.18793622059254,31.18793622059254,6000
2024-12-04,31.63951873779297,31.63951873779297,31.255192723340965,31.255192723340965,6400
2024-12-05,31.831680297851562,32.187179462674635,31.45696446665909,31.658733965731294,6600
2024-12-06,32.37934494018555,32.39856160802621,30.736356491854977,31.975802245940844,13700
2024-12-09,31.8028621673584,32.1871882694942,31.51461942335922,32.1871882694942,5900
2024-12-10,30.966951370239258,31.802856272457145,30.842044860416692,31.802856272457145,8400
2024-12-11,30.400074005126953,31.024602920150542,30.07339796214928,30.8708732331731,3000
2024-12-12,30.47693634033203,30.707530851820028,29.256707279450005,29.516124959497578,5500
2024-12-13,30.47693634033203,30.47693634033203,30.47693634033203,30.47693634033203,0
2024-12-16,30.688318252563477,30.74596642648446,30.255952366650074,30.255952366650074,8000
2024-12-17,29.679462432861328,30.380856121012442,29.679462432861328,30.380856121012442,2900
2024-12-18,28.449626922607422,29.669856041377816,28.449626922607422,29.64103287145085,6200
2024-12-19,28.526491165161133,28.67061250958054,28.113341967250452,28.401584656089273,7400
2024-12-20,28.27667999267578,28.36315316588782,27.93078729982763,28.170990151505,11300
2024-12-23,27.892353057861328,28.238243884145362,27.873136391789398,28.1133392198821,9000
2024-12-24,27.825098037719727,28.08451756275457,27.536855342749256,27.623328517760868,4800
2024-12-26,27.68097686767578,27.68097686767578,27.536855519266695,27.536855519266695,5300
2024-12-27,27.546463012695312,27.63293618562178,27.53685467874767,27.53685467874767,7100
2024-12-30,27.34469223022461,27.536855247944917,27.104489374375405,27.392733900955864,10100
2024-12-31,27.459991455078125,27.729019323630496,27.19096358652575,27.19096358652575,7500
2025-01-02,27.21978759765625,27.85392299156461,27.162139425283403,27.450382119749985,17600
2025-01-03,27.239004135131836,27.39273381578918,27.008409614145823,27.09488278859087,11500
2025-01-06,27.162139892578125,27.27743623930736,26.96036853689838,27.23900473459841,5900
2025-01-07,26.92193603515625,27.008409208301906,26.92193603515625,26.92193603515625,4900
2025-01-08,26.52800178527832,26.777812954545883,26.36466378354961,26.374272116898617,5600
2025-01-10,25.79778480529785,26.470351642687902,25.79778480529785,26.287798807846112,13200
2025-01-13,25.6824893951416,25.9323005898796,25.490328206375565,25.57680138273112,10500
2025-01-14,26.03799057006836,26.210936923677313,25.52875984362004,25.567193181134208,8600
2025-01-15,26.893108367919922,27.527243686405328,26.422311045565735,26.56643237565748,7800
2025-01-16,27.239004135131836,27.287043973111377,26.748990090810672,26.816246597022968,3200
2025-01-17,27.1717472076416,27.296651884013258,26.931544356263377,26.931544356263377,1500
2025-01-21,27.114097595214844,27.796274655929075,26.912328076793813,26.96036791472196,5900
2025-01-22,27.37351417541504,27.73862350178542,27.008406681646807,27.008406681646807,5300
2025-01-23,27.623329162597656,27.623329162597656,27.623329162597656,27.623329162597656,1300
2025-01-24,28.34393882751465,28.34393882751465,27.49842552646269,27.49842552646269,2600
2025-01-27,28.0653018951416,28.334329763948706,27.921180542517323,28.334329763948706,2200
2025-01-28,28.00765037536621,28.055692042237805,26.82585285935813,27.70979937117116,4800
2025-01-29,28.11334228515625,28.670612833787956,27.930787602772764,27.930787602772764,5100
2025-01-30,28.526491165161133,28.526491165161133,27.440773249823444,27.921178952956357,8100
2025-01-31,28.63218116760254,28.63218116760254,27.39273532015883,28.238248610208593,4500
2025-02-03,28.10373306274414,28.10373306274414,27.86353021605402,27.959611721250525,5300
2025-02-04,28.63218116760254,29.054938728928647,28.06530225182053,28.151775431014563,6600
2025-02-05,29.871625900268555,30.35203158945576,28.48805700228077,28.48805700228077,6700
2025-02-06,30.3135986328125,30.3135986328125,29.285530738343823,29.285530738343823,17000
2025-02-07,30.02535629272461,30.31359898009384,29.17023473194055,29.25670790467178,41100
2025-02-10,29.833194732666016,30.073397594708744,29.304749169212972,29.304749169212972,21500
2025-02-11,29.3527889251709,29.78515480866015,29.3527889251709,29.477695439335527,11100
2025-02-12,29.794761657714844,30.11182934559988,28.814733592396625,28.82434192628433,11000
2025-02-13,29.544952392578125,30.015749788027243,28.36315473669958,28.36315473669958,13100
2025-02-14,29.66119384765625,29.680566181564632,29.147789122799395,29.38027375831279,10500
2025-02-18,29.4577693939209,29.91305158588303,29.041233718395016,29.147789871936155,30800
2025-02-19,29.244659423828125,29.77743650520167,28.731254677185024,29.099356751419315,18300
2025-02-20,28.256595611572266,28.770000309454613,27.907867752812667,28.770000309454613,16900
2025-02-21,27.626951217651367,28.275971523629543,27.626951217651367,27.927243643514807,17000
2025-02-24,27.13292121887207,27.86912350977076,27.13292121887207,27.86912350977076,18200
2025-02-25,26.939180374145508,27.287908226116166,26.8907467714267,26.910120951563627,14700
2025-02-26,26.86168670654297,27.44289920336605,26.74544531575251,27.065111911861663,20000
2025-02-27,26.929494857788086,27.801314538662297,26.706697316064062,26.706697316064062,13700
2025-02-28,27.08448600769043,27.907870277800555,26.706698691602607,26.706698691602607,12000
2025-03-03,26.939180374145508,27.220100443260428,26.735757025578298,26.735757025578298,9000
2025-03-04,27.03605079650879,27.12323276391698,26.706697107994195,27.065112068186053,17100
2025-03-05,27.384780883789062,28.091921923255093,26.99730646816547,27.210416934852507,12700
2025-03-06,27.22010040283203,27.47195920136749,26.910120911595627,27.132918439968854,52900
2025-03-07,27.58820152282715,27.617262793975414,26.987616700084857,26.987616700084857,39600
2025-03-10,26.745445251464844,27.36540426118669,26.745445251464844,27.27822229449161,16000
2025-03-11,26.057676315307617,26.71638367954025,26.057676315307617,26.71638367954025,47000
2025-03-12,26.222354888916016,26.78419323418472,26.202980706894134,26.44515243929657,15900
2025-03-13,26.716384887695312,27.123233463553564,26.319223402646028,27.123233463553564,37700
2025-03-14,26.832626342773438,27.123231657193962,26.832626342773438,27.123231657193962,5900
2025-03-17,27.27822494506836,27.375094011655893,26.69701239316694,26.69701239316694,20500
2025-03-18,27.384780883789062,27.413840310195987,26.881063219666512,26.91012449369719,13500
2025-03-19,27.73350715637207,28.188791215050497,27.142609360667894,27.142609360667894,17900
2025-03-20,27.307283401489258,27.752878475137607,27.181353073633105,27.316970491910773,28900
2025-03-21,27.21041488647461,28.188788867037836,26.95855607337306,27.404153003513837,28800
2025-03-24,27.510709762573242,28.091922317987393,27.471963244278317,27.811002207948107,10400
2025-03-25,27.77225112915039,28.421271370722383,26.987615324380016,26.987615324380016,4400
2025-03-26,28.169414520263672,28.353465545606948,28.14035324859149,28.237222306541824,5700
2025-03-27,28.382524490356445,28.663444568906126,28.256596010484103,28.576262602985437,12600
2025-03-28,27.85943603515625,28.15004137204671,27.801315337302892,28.140354281133874,11000
2025-03-31,27.55914306640625,27.91755618502777,27.38477912864502,27.394466219367715,10600
2025-04-01,27.578514099121094,27.704444424951312,27.336342385349884,27.54945467594762,8500
2025-04-02,27.307283401489258,27.549455119156466,27.29759631106774,27.34602991555175,15100
2025-04-03,26.396718978881836,26.97793150940948,26.367657705687158,26.939183145149908,29300
2025-04-04,26.018930435180664,26.377343549515842,25.195546209835022,25.21492039104871,13300
2025-04-07,25.650829315185547,25.854254530077853,25.43771885695789,25.631455133267483,10000
2025-04-08,25.6605167388916,26.17392148063566,25.22460872582472,25.85425486533713,17200
2025-04-09,26.91012191772461,27.74319136966379,25.292414770680402,25.292414770680402,12000
2025-04-10,26.33859634399414,26.842312108975037,25.922060696941358,26.629201664084025,15300
2025-04-11,26.018930435180664,26.454838426746985,25.97049498214644,25.97049498214644,5800
2025-04-14,26.532331466674805,26.658261788219782,26.154544197286842,26.154544197286842,11600
2025-04-15,27.103858947753906,27.501020427906322,26.61951549901939,26.61951549901939,6800
2025-04-16,27.28791046142578,27.501020917518556,27.123233612019288,27.501020917518556,15700
2025-04-17,27.73350715637207,27.917558198127686,27.462275987073028,27.501022505134134,14800
2025-04-21,27.898181915283203,28.256596880393957,27.6753843722373,27.685071462929333,10000
2025-04-22,27.927244186401367,28.624698112565213,27.849749305716493,27.849749305716493,30900
2025-04-23,28.56657600402832,28.9831116600099,28.56657600402832,28.57626309458878,15200
2025-04-24,28.479393005371094,28.770000168791093,28.460018824951717,28.508454276000155,18400
2025-04-25,28.082233428955078,28.334092248433773,28.072546338095474,28.32440515757417,11800
2025-04-28,28.28565788269043,28.334091488065027,28.07254558474553,28.07254558474553,17900
2025-04-29,28.23722267150879,28.34377882139376,28.208163247084617,28.22753558082619,18800
2025-04-30,27.781940460205078,28.1694148489033,27.781940460205078,27.956304397025185,11900
2025-05-01,28.169414520263672,28.324404273934768,27.95630407087182,27.95630407087182,46000
2025-05-02,28.537513732910156,28.566575003573742,28.004736704109156,28.004736704109156,31800
2025-05-05,28.924989700317383,29.583697048655598,28.54720057546251,28.54720057546251,30700
2025-05-06,28.324405670166016,29.002487261620303,28.324405670166016,29.002487261620303,14700
2025-05-07,28.576263427734375,28.9056171201351,28.411586581534014,28.5568892463876,14800
2025-05-08,28.64406967163086,28.86686720224476,28.547200617739396,28.760312905825323,13400
2025-05-09,28.179101943969727,28.86686875306341,28.179101943969727,28.450334939912608,7100
2025-05-12,28.518142700195312,28.799060938922523,28.479394337544043,28.702191879917972,9500
2025-05-13,28.50845718383789,28.799062529275844,28.50845718383789,28.75062892091076,8700
2025-05-14,28.469707489013672,28.750627577753708,28.111294369559275,28.111294369559275,14000
2025-05-15,28.78937339782715,28.818434669360915,28.702191430849446,28.770001064428232,11900
2025-05-16,28.760066986083984,29.023829766492188,28.28138403822801,28.44745786612068,11600
2025-05-19,28.887062072753906,28.92613914213946,28.80890979728003,28.906600607446684,6500
2025-05-20,28.867525100708008,29.062906731617645,28.466994434310845,28.466994434310845,15400
2025-05-21,28.799142837524414,29.05313821899073,28.515841514967963,28.691684614698286,10400
2025-05-22,28.554916381835938,28.808911760257043,28.32045953943892,28.799142492244997,11300
2025-05-23,28.193464279174805,28.94567932307734,28.10554272569442,28.554917898329766,10800
2025-05-27,27.97854232788086,28.506071615386254,27.97854232788086,28.36930559120219,17300
2025-05-28,28.330228805541992,28.427919622358505,28.03715821838981,28.21299945270271,19500
2025-05-29,28.564687728881836,28.57445699760492,28.242309314209987,28.242309314209987,15600
2025-05-30,28.466995239257812,28.672146143843616,28.320459943580744,28.418150761797918,8900
2025-06-02,28.23253631591797,28.662374766463827,28.13484550488974,28.584222490300693,11400
2025-06-03,27.99808120727539,28.457225625025657,27.91992892631157,28.408381148159776,13000
2025-06-04,27.792932510375977,28.0273893561516,27.792932510375977,28.0273893561516,10100
2025-06-05,27.9199275970459,28.525609143152057,27.900389061910833,28.525609143152057,14400
2025-06-06,27.968774795532227,28.076234885943613,27.919930316234748,27.939468853272718,11400
2025-06-09,27.695241928100586,28.017620326700808,27.695241928100586,27.890621702929494,13500
2025-06-10,27.792932510375977,27.919929269767923,27.62685867837274,27.802699915231422,14500
2025-06-11,27.890623092651367,28.21300150731492,27.85154788105752,27.939469436265533,16900
2025-06-12,28.017620086669922,28.017620086669922,27.79293250905778,27.86131552282692,6700
2025-06-13,27.60732078552246,27.890622115367844,27.60732078552246,27.685473069269197,13500
2025-06-16,27.226327896118164,28.0371585167173,27.21655862800283,27.783163135610693,19900
2025-06-17,27.138404846191406,27.245863062925164,27.118866311040808,27.118866311040808,20400
2025-06-18,26.894180297851562,27.392401793143684,26.894180297851562,27.23609536622102,17100
2025-06-20,26.8551025390625,26.96256262254545,26.493648943651838,26.96256262254545,18800
2025-06-23,26.864871978759766,27.118867355609176,26.48387984513432,26.855102710808172,30700
2025-06-24,27.001638412475586,27.021176948674718,26.903949458074656,26.962563203374685,17900
2025-06-25,26.943025588989258,27.089560888901495,26.943025588989258,26.99187006786086,16400
2025-06-26,27.040714263916016,27.157941749222957,26.806257430004855,26.845332637341407,16200
2025-06-27,27.382633209228516,28.00785147935231,26.99186992710372,27.529168508376603,568700
2025-06-30,27.84177589416504,28.027388255182718,27.138405384467898,27.431475964350714,20300
2025-07-01,28.05669593811035,28.330229862744613,27.499860683763302,28.046926669734404,27000
2025-07-02,27.929698944091797,28.242308076338784,27.929698944091797,28.134847988392355,11300
2025-07-03,28.57445526123047,28.57445526123047,28.33022914788662,28.33022914788662,7800
2025-07-07,28.173925399780273,28.750299193016147,28.164156131368106,28.31069143095576,14900
2025-07-08,28.320459365844727,28.603762546565417,28.232537817572602,28.320459365844727,12600
2025-07-09,28.603763580322266,28.603763580322266,28.115311344845228,28.115311344845228,6000
2025-07-10,28.369306564331055,28.56468633939634,28.154386389472627,28.310690954843814,12200
2025-07-11,27.871084213256836,28.447457979217123,27.85154567735712,28.33022862711616,7200
2025-07-14,27.949237823486328,27.959007091901043,27.724548376542703,27.959007091901043,6300
2025-07-15,27.118867874145508,27.753855396761875,27.118867874145508,27.753855396761875,9000
2025-07-16,26.962560653686523,27.734314127598484,26.855100578050518,27.30447755164884,15800
2025-07-17,27.24586296081543,27.421706049917272,26.87464011083163,26.87464011083163,21900
2025-07-18,26.923486709594727,27.38263300365512,26.884411499654053,27.38263300365512,11000
2025-07-21,27.74408721923828,27.773395024805538,27.157944150975318,27.157944150975318,11100
2025-07-22,28.017620086669922,28.330229214355924,27.744086168295983,27.744086168295983,20700
2025-07-23,30.547801971435547,30.704106531162264,28.330228468278907,28.545146772078812,52700
2025-07-24,31.739625930786133,32.29646114653724,31.07532877034812,31.348862676022915,64700
2025-07-25,31.661474227905273,31.983854496905302,30.782260563561607,30.782260563561607,31200
2025-07-28,32.14992141723633,33.19520875435464,32.07177100850492,32.491836442800526,26600
2025-07-29,32.4527702331543,32.511382120934115,31.30978997571156,32.237850040374695,31300
2025-07-30,32.22808074951172,33.16590816508401,31.925239016181237,32.452768334913735,32000
2025-07-31,30.928794860839844,32.22807957326836,30.362190352120187,32.22807957326836,19900
2025-08-01,30.098424911499023,30.371958822185515,29.551358953423364,30.332881750674307,18600
2025-08-04,30.772489547729492,31.05579272683734,29.307132902599516,29.89327593331097,17700
2025-08-05,30.76272201538086,31.016717405128787,29.88350835135953,30.870182105008137,9700
2025-08-06,30.49895668029785,30.63572457223284,30.401267724583796,30.557572289683158,8100
2025-08-07,30.078889846801758,30.508726476616516,29.42436377038221,30.508726476616516,11900
2025-08-08,30.06911849975586,30.57710737835634,29.307132386909196,29.87373687185755,15100
2025-08-11,30.459880828857422,30.57710831856317,30.09842536512044,30.57710831856317,10000
2025-08-12,31.49540138244629,31.49540138244629,30.1570414544205,30.1570414544205,11800
2025-08-13,32.022926330566406,32.149924951133116,31.300019132313714,31.300019132313714,15500
2025-08-14,31.15348243713379,31.944776386329256,31.016716409849458,31.944776386329256,7400
2025-08-15,31.15348243713379,31.399716101880262,31.064840046149733,31.399716101880262,5800
2025-08-18,31.389867782592773,31.468662478596016,31.025441139444176,31.32092077980291,6600
2025-08-19,31.38001823425293,31.89218469796424,30.84815262687263,31.45881293031515,5800
2025-08-20,31.685344696044922,31.695196146222035,31.212578411296278,31.212578411296278,4900
2025-08-21,31.143634796142578,31.33077102906295,31.143634796142578,31.33077102906295,3700
2025-08-22,32.34525680541992,32.443748775900076,31.30122651369617,31.30122651369617,17500
2025-08-25,32.266456604003906,32.266456604003906,31.81338757905031,32.12856635790737,6000
2025-08-26,32.266456604003906,32.43389744371214,29.607134248437188,29.607134248437188,10500
2025-08-27,32.394500732421875,32.50284414740297,32.14826706463852,32.44374671453303,6600
2025-08-28,32.62103271484375,32.699829285865675,31.842937240752406,31.842937240752406,4800
2025-08-29,32.788475036621094,32.896818448076004,32.502843089554055,32.54224137685175,9300
2025-09-02,32.2270622253418,32.43389759545428,32.2270622253418,32.43389759545428,3500
2025-09-03,32.13842010498047,32.492997195841596,32.0891741217448,32.364954633646704,6900
2025-09-04,32.65058517456055,32.65058517456055,32.325554936350734,32.414199205205456,4300
2025-09-05,32.31570816040039,32.97561259165301,31.685346809967985,32.97561259165301,6900
2025-09-08,32.07931900024414,32.42404460067801,31.350467635791116,31.350467635791116,12200
2025-09-09,32.55208969116211,32.571788835186815,31.350470084861513,31.350470084861513,10000
2025-09-10,32.788475036621094,32.83772101712947,32.532389926413586,32.59148735736012,8000
2025-09-11,32.94606399536133,32.94606399536133,32.896818015500514,32.896818015500514,6500
2025-09-12,32.79832458496094,32.79832458496094,32.305857237567444,32.50284492797038,10600
2025-09-15,32.79832458496094,32.93621484107469,31.67549963406021,32.93621484107469,8900
2025-09-16,32.84756851196289,32.91651363570373,32.72937740801109,32.91651363570373,8300
2025-09-17,32.896820068359375,33.38928741215381,32.50284469043276,32.847570328197804,49900
2025-09-18,33.399131774902344,33.399131774902344,33.09380069959897,33.11349984225345,32200
2025-09-19,33.389286041259766,33.468078859273426,32.995310679508954,33.468078859273426,54100
2025-09-22,33.35973358154297,33.369585031511,32.729376043771595,33.25139017525839,72900
2025-09-23,33.37943649291992,33.48777991143689,32.552091191877665,33.48777991143689,49000
2025-09-24,33.399131774902344,33.468076895579344,33.182444962930454,33.468076895579344,6200
2025-09-25,33.37943649291992,33.46808076650401,31.517910504881776,33.41883478278567,9200
2025-09-26,33.44837951660156,33.44837951660156,32.93621305226151,32.93621305226151,9500
2025-09-29,33.05440902709961,33.477931237690754,32.26645828175858,32.32555571482744,4500
2025-09-30,32.709678649902344,32.71953010039709,32.492995582975425,32.62103438158713,6000
2025-10-01,32.82787322998047,32.82787322998047,32.49299530336332,32.49299530336332,3700
2025-10-02,31.970975875854492,32.17781123793059,31.675496250427592,32.17781123793059,5500
2025-10-03,32.60133743286133,32.72937999732159,32.17781520653164,32.22706494786634,5300
2025-10-06,32.2270622253418,32.8771189294292,31.882332851260223,32.52254186224927,9300
2025-10-07,31.586854934692383,32.48314534455595,31.320922119823724,32.37480192843602,6800
2025-10-08,32.62103271484375,32.62103271484375,31.842937240752406,31.91188236178294,7900
2025-10-09,32.25660705566406,32.384649601343746,32.25660705566406,32.34525131694581,4800
2025-10-10,31.724742889404297,31.82323860475015,31.724742889404297,31.78384031861181,4400
2025-10-13,31.90203094482422,31.90203094482422,31.596703624866368,31.88233180204834,4100
2025-10-14,32.10886764526367,32.14826593245612,31.409564955121272,31.409564955121272,6800
2025-10-15,32.099021911621094,32.2467636189982,31.862635931263256,32.2467636189982,5600
2025-10-16,31.33077049255371,31.55730688836901,30.867851886279187,31.350469636296562,6900
2025-10-17,31.458812713623047,31.458812713623047,30.917097538139654,31.350469302803624,5700
2025-10-20,31.734596252441406,31.734596252441406,30.61176945179512,31.695197963928226,7200
2025-10-21,31.990676879882812,31.990676879882812,31.911884061890497,31.990676879882812,7700
2025-10-22,32.20736312866211,32.23690996522751,31.71489581402577,31.71489581402577,9900
2025-10-23,32.14826583862305,32.20736326923923,30.503424925413803,32.14826583862305,5300
2025-10-24,33.10365295410156,33.10365295410156,32.07932005453709,32.12856603375651,4700
2025-10-27,33.02485656738281,33.48777704055025,32.88696632190164,33.2612425290844,7300
2025-10-28,32.75892639160156,33.211999208026654,32.71953185918748,33.192300063205764,4700
2025-10-29,31.852785110473633,32.69982946752854,31.823238274789915,32.6604311817987,6600
2025-10-30,31.596704483032227,32.01037522087904,31.596704483032227,32.01037522087904,3500
2025-10-31,31.882333755493164,32.010376312767946,31.606553254188285,31.606553254188285,8200
2025-11-03,31.517908096313477,31.88233285665342,31.37016827783475,31.88233285665342,10300
2025-11-04,31.429264068603516,31.429264068603516,31.32092065754182,31.330770229330493,4800
2025-11-05,31.517908096313477,31.764141753315926,31.380017849548494,31.764141753315926,5300
2025-11-06,31.517908096313477,31.96112943036337,31.242125724169796,31.96112943036337,8400
2025-11-07,32.71953201293945,32.768777996609245,31.714898165719354,31.714898165719354,5600
2025-11-10,33.43852996826172,33.43852996826172,33.16274572908477,33.16274572908477,2200
2025-11-11,33.32033920288086,33.4779285880309,32.77862216902699,33.4779285880309,2900
2025-11-12,33.48777770996094,33.98024502922507,32.99531039069681,32.99531039069681,6700
2025-11-13,33.71431350708008,33.71431350708008,32.34525490865873,32.34525490865873,4900
2025-11-14,33.079132080078125,33.24785069918945,33.079132080078125,33.24785069918945,2800
2025-11-17,32.424095153808594,33.04935428219712,32.424095153808594,32.55311772004406,2300
2025-11-18,32.483646392822266,32.483646392822266,31.75914143319565,32.45387340924374,6000
2025-11-19,32.533267974853516,32.78138625723888,32.533267974853516,32.62259070795162,3400
2025-11-20,32.652366638183594,33.089053441018486,32.45387126017339,32.850858230209354,6400
2025-11-21,33.74408721923828,33.99220550761503,32.47372279426439,32.47372279426439,13200
2025-11-24,33.76393508911133,34.04182634372631,33.27762160755072,33.53566673196554,2800
2025-11-25,34.845733642578125,35.103775001227156,34.06167892878406,34.06167892878406,6400
2025-11-26,34.63731384277344,34.83580544050947,34.389195559618855,34.61746392580293,8100
2025-11-28,35.18317413330078,35.18317413330078,34.94497891005527,34.94497891005527,3500
2025-12-01,34.984676361083984,36.23519078645556,34.835803883451575,34.835803883451575,6300
2025-12-02,35.34196853637695,35.381668369956365,35.292345637394945,35.381668369956365,6300
2025-12-03,36.2451171875,36.62225801643128,35.292343943237704,35.292343943237704,9300
2025-12-04,35.38166809082031,36.28481847471188,35.282418507654796,35.74888208357152,16700
2025-12-05,34.11130142211914,35.28242005287076,34.0914515046167,35.28242005287076,3800
2025-12-08,33.694461822509766,34.736557799291646,33.694461822509766,34.736557799291646,7500
2025-12-09,34.289947509765625,34.45866991857561,33.6845382660096,33.7837878553051,6000
2025-12-10,34.64723587036133,34.786181499008066,33.79370839612062,33.85325814524826,14100
2025-12-11,35.133548736572266,35.729031073401885,34.27009442638964,34.61746227786056,21400
2025-12-12,35.540462493896484,35.55038555890138,35.25264439095772,35.25264439095772,6000
2025-12-15,36.11609649658203,36.11609649658203,35.57023703376556,35.987073929957745,11100
2025-12-16,36.235191345214844,36.374140759940445,35.82827752419381,35.82827752419381,12100
2025-12-17,36.22526931762695,36.22526931762695,35.44121463471873,35.58016026743978,7100
2025-12-18,36.67188262939453,36.71158246292629,36.225268967123505,36.364214598500155,12300
2025-12-19,37.14826965332031,37.16811957028897,35.570237221164874,36.62226010459668,30500
2025-12-22,36.06647491455078,36.949775424345496,36.02677507937279,36.949775424345496,6600
2025-12-23,34.905277252197266,35.18317229580093,34.2403220897557,34.2403220897557,2300
2025-12-24,34.87550354003906,36.41383606189696,34.82588064307288,36.41383606189696,2400
2025-12-26,35.6893310546875,35.6893310546875,34.97475301142624,35.08392187001934,3200
2025-12-29,36.41383743286133,36.42376428421892,35.530536961260545,35.70918242585222,4800
2025-12-30,35.08392333984375,36.264968777768956,35.08392333984375,36.264968777768956,10300
2025-12-31,34.59761428833008,35.00452812455148,34.379268985875086,35.00452812455148,2400
2026-01-02,34.40904235839844,34.40904235839844,33.80363691597886,34.00212851756712,3900
2026-01-05,33.912803649902344,34.38919406451399,33.81355785534914,34.2403215866998,5100
2026-01-06,34.20062255859375,34.71670903157003,33.92273129852363,33.95250428039272,6500
2026-01-07,34.021976470947266,34.170848949529166,34.021976470947266,34.170848949529166,3400
2026-01-08,34.35941696166992,34.35941696166992,34.22047133625918,34.22047133625918,3500
2026-01-09,34.26017379760742,34.34949653308203,34.26017379760742,34.34949653308203,2600
2026-01-12,34.250244140625,34.250244140625,34.24032107571152,34.24032107571152,2100
2026-01-13,34.09144973754883,34.39911776391232,34.09144973754883,34.39911776391232,1500
2026-01-14,34.428890228271484,34.428890228271484,33.992203430368576,33.992203430368576,2500
2026-01-15,34.418968200683594,34.547990766719884,34.21054975353732,34.21054975353732,2900
2026-01-16,34.706787109375,34.80603290953037,34.15100078494495,34.48844180585166,4300
2026-01-20,34.28002166748047,34.92512690872274,34.28002166748047,34.45866712775911,4200
2026-01-21,35.64963150024414,35.72903116454897,34.82588080599558,34.82588080599558,8000
2026-01-22,36.145870208740234,36.175646977629874,35.70918338686642,35.71911023849117,7300
2026-01-23,35.361820220947266,35.600011662362185,35.361820220947266,35.600011662362185,2200
2026-01-26,34.82588195800781,34.82588195800781,34.82588195800781,34.82588195800781,2200
2026-01-27,35.18317413330078,35.18317413330078,34.22047396057778,35.07400148039595,2300
2026-01-28,34.40904235839844,35.322119626839815,34.15100100474293,35.262569874772566,4800
2026-01-29,34.96482849121094,34.96482849121094,34.329646283311405,34.855655839356096,4100
2026-01-30,35.5603141784668,35.729032793831756,34.825882394093725,34.97475487846184,10600
2026-02-02,36.135948181152344,36.35429349135381,35.729034330494436,35.729034330494436,10700
2026-02-03,37.00932312011719,37.00932312011719,35.987073244016614,36.22526845586091,4100
2026-02-04,37.03909683227539,37.168119398984764,36.67188283500896,36.67188283500896,4800
2026-02-05,37.04902267456055,37.20781821926813,36.939850027702,37.14826847025863,4400
2026-02-06,36.97954559326172,37.46585907221767,36.969622528214785,37.06886832262161,9900
2026-02-09,37.068870544433594,37.21774303095124,36.96962474407823,36.96962474407823,4300
2026-02-10,36.97954559326172,37.21774080021623,36.97954559326172,37.18796781909106,4000
2026-02-11,36.99939727783203,36.99939727783203,36.96962429528377,36.96962429528377,2200
2026-02-12,36.92000198364258,37.21774317182022,36.92000198364258,36.99939786703046,5900
2026-02-13,36.83000183105469,37.11000061035156,36.83000183105469,36.939998626708984,2200
2026-02-17,35.65999984741211,37.0099983215332,35.65999984741211,37.0099983215332,6900
2026-02-18,34.41999816894531,35.619998931884766,34.119998931884766,35.619998931884766,5500
2026-02-19,34.11000061035156,34.59000015258789,34.11000061035156,34.41999816894531,4200
2026-02-20,34.72999954223633,34.939998626708984,33.970001220703125,34.119998931884766,9600
2026-02-23,33.88999938964844,34.529998779296875,33.5099983215332,34.43000030517578,8000
2026-02-24,34.189998626708984,34.22999954223633,34.13999938964844,34.13999938964844,2800
2026-02-25,34.790000915527344,34.88999938964844,33.9900016784668,34.5099983215332,3400
2026-02-26,35.72999954223633,35.72999954223633,35.0,35.060001373291016,5000
2026-02-27,34.810001373291016,35.560001373291016,34.810001373291016,35.34000015258789,10100
2026-03-02,35.27000045776367,35.27000045776367,34.34000015258789,34.34000015258789,4500
2026-03-03,34.97999954223633,34.97999954223633,34.68000030517578,34.68000030517578,3500
2026-03-04,35.400001525878906,35.43000030517578,35.25,35.369998931884766,3500
2026-03-05,34.599998474121094,35.08000183105469,34.5099983215332,34.779998779296875,7800
2026-03-06,34.290000915527344,34.5,33.90999984741211,34.5,8700
2026-03-09,33.7400016784668,33.7400016784668,33.540000915527344,33.540000915527344,5100
2026-03-10,33.880001068115234,34.150001525878906,33.540000915527344,34.150001525878906,4500
2026-03-11,33.86000061035156,34.040000915527344,33.79999923706055,33.79999923706055,4100
2026-03-12,33.95000076293945,34.0,33.75,33.7599983215332,3987
