date,close,high,low,open,volume
2021-02-19,55.95125198364258,56.95525803162956,55.300651897529725,56.36088203908531,74300
2021-02-22,57.02754592895508,57.80665563550141,55.27655906235581,55.27655906235581,27000
2021-02-23,56.94724655151367,58.36891697547358,56.02355940032315,57.18017678115087,51400
2021-02-24,57.654056549072266,58.29662302956625,56.6902129562994,56.72234189312091,76900
2021-02-25,56.57776641845703,58.11991866379254,56.57776641845704,57.8307643517961,35800
2021-02-26,55.12395858764648,57.48538331901039,55.12395858764648,56.78659274210506,75900
2021-03-01,56.15206146240234,57.30867243299291,55.90306375881595,55.90306375881595,31800
2021-03-02,55.99945831298828,56.75447303774428,55.019547149701154,56.30467403271364,25800
2021-03-03,56.69021987915039,57.61390700967054,55.96733403230989,55.96733403230989,23800
2021-03-04,56.92314529418945,57.89502268972963,56.24844985148645,56.55367169879166,47100
2021-03-05,58.40103149414063,58.48938452935457,56.83478428437976,57.702240977803285,60500
2021-03-08,58.971309661865234,58.971309661865234,57.87895037102435,58.393001081070906,54800
2021-03-09,58.674110412597656,59.22028989678213,58.31266459231858,59.0355501049107,52600
2021-03-10,58.674110412597656,58.91506816481768,57.40504541582106,58.54559470904082,58200
2021-03-11,58.674110412597656,59.268480221632935,58.33675975474398,59.20422236985452,60600
2021-03-12,58.95524978637695,59.25243172234515,58.59380385002732,58.66609548848445,97200
2021-03-15,58.94721603393555,59.43717158725713,58.58577622547051,58.89099192755281,43900
2021-03-16,58.31269073486328,58.99541386417846,57.26852775119559,58.56971612923966,32500
2021-03-17,57.148048400878906,58.05566802626573,56.59383487912843,57.613908864728025,30300
2021-03-18,57.83879089355469,57.99942943439024,56.58578698876078,56.58578698876078,33800
2021-03-19,56.92314529418945,58.2163059420659,56.5135089942615,57.710282828046566,153300
2021-03-22,55.71030044555664,56.625953674308015,55.34886063924824,56.625953674308015,35000
2021-03-23,56.03960418701172,56.58578377397727,55.18017517363607,55.82274155640749,45500
2021-03-24,55.20428085327149,57.74240539808304,55.07576511532271,55.34885799448002,44100
2021-03-25,54.93922424316406,55.09986279495224,53.81473599674301,54.625974777599566,37300
2021-03-26,55.967323303222656,56.8990378943402,55.47736777473261,55.533591878265845,27300
2021-03-29,55.8227424621582,56.786585923986976,55.40507859615701,55.40507859615701,51700
2021-03-30,56.3258056640625,56.569221308511416,55.855205386296994,55.920117050192296,26700
2021-03-31,55.17364501953125,56.69903180038091,55.17364501953125,56.69903180038091,73900
2021-04-01,56.22843551635742,56.26088515288524,54.74361393741141,55.59555617837682,66300
2021-04-05,55.87143707275391,56.75583529032861,54.800419366803744,56.14730236216791,55600
2021-04-06,55.73350143432617,56.15541485144838,55.30347251197564,56.15541485144838,51200
2021-04-07,55.22233581542969,55.61991514051878,55.18177066553231,55.54688796619567,22300
2021-04-08,55.092506408691406,55.93633933676428,54.88154662909418,54.97891410975044,38600
2021-04-09,55.01948165893555,55.619905197123565,54.946460687984086,55.449510550937575,40100
2021-04-12,55.295352935791016,55.71726632185111,54.54888745797596,55.571218190077175,41700
2021-04-13,55.4089469909668,55.79840456113144,54.95457776233589,55.17364687176395,35900
2021-04-14,54.589454650878906,55.92011270576924,54.548889506833575,55.3440356616669,37600
2021-04-15,55.1493034362793,55.344032210376376,54.28924567622741,54.61379156961717,31400
2021-04-16,55.30346298217773,55.98501673631176,54.889658951273134,55.741601143940656,86300
2021-04-19,56.47996520996094,56.47996520996094,55.17364747309326,55.75784002502372,64100
2021-04-20,58.565208435058594,58.58143325584322,56.10673643010946,56.10673643010946,47200
2021-04-21,58.00536346435547,58.79240046322308,57.91611146302093,58.58144062458529,39600
2021-04-22,57.68891906738281,58.37858846588243,57.05604582663453,58.37858846588243,35500
2021-04-23,58.15951919555664,58.62200396189943,57.71325924982372,58.15951919555664,44100
2021-04-26,58.27310180664063,59.04390755874514,58.11082886629732,58.63010970377495,22900
2021-04-27,57.84307098388672,58.33801148257725,57.54285924507447,58.037799743765,20700
2021-04-28,57.73759841918945,57.85930003406944,57.559094463610656,57.70514259178275,14300
2021-04-29,57.02360153198242,58.24878311457251,56.8045323621388,58.1189597618369,18600
2021-04-30,57.11283874511719,57.35625437328392,56.79640214269038,56.79640214269038,43900
2021-05-03,56.99113464355469,57.66457922707786,56.77206551618727,57.66457922707786,67800
2021-05-04,56.52865219116211,57.74571808057301,56.43940019737994,57.43739695043645,29900
2021-05-05,55.27101516723633,56.18786914278514,55.06817087430208,56.18786914278514,26200
2021-05-06,56.66657257080078,56.86130752797308,55.05193390705482,55.58744575380479,41100
2021-05-07,57.8187370300293,57.9647851636006,56.07427493190439,56.17975173213842,36000
2021-05-10,57.49418258666992,58.74370408057792,57.49418258666992,57.688911360041686,39100
2021-05-11,56.85319900512695,57.38059541251069,56.301462272686784,57.02358747083862,32900
2021-05-12,55.757843017578125,57.29134545354123,55.32781408552624,56.59356055576452,30200
2021-05-13,56.52865219116211,56.942456326850646,55.473865467863,55.473865467863,48200
2021-05-14,56.333927154541016,57.03171213975574,55.66859800472204,57.03171213975574,38100
2021-05-17,56.7071418762207,57.21830719233449,55.99313229636587,56.04992844260074,25100
2021-05-18,56.934326171875,57.745703222716536,56.63412062486564,57.745703222716536,39800
2021-05-19,56.277122497558594,56.79640340489227,55.70916093963635,56.79640340489227,74300
2021-05-20,57.64834213256836,57.81061506715693,56.1148399965385,56.1148399965385,31500
2021-05-21,57.66457748413086,58.14329325215608,57.0154732465662,58.118946736236055,59700
2021-05-24,58.01348114013672,58.346148828516704,57.49420012585604,57.49420012585604,40700
2021-05-25,57.177734375,58.47593625053543,56.84506685578928,58.419140111928094,27500
2021-05-26,57.364356994628906,57.68890906420978,57.03169561128749,57.03169561128749,31100
2021-05-27,56.98301315307617,57.77815919839961,56.98301315307617,57.77815919839961,59200
2021-05-28,57.76194381713867,58.00535325860075,56.98302246189003,56.98302246189003,59200
2021-06-01,58.15141677856445,58.82486150631312,57.68081640083756,57.68081640083756,59600
2021-06-02,58.23253631591797,58.419155787311134,57.75382676067942,58.110834693614265,36800
2021-06-03,58.24065017700195,58.419154138431104,57.91609808261407,58.419154138431104,29600
2021-06-04,58.070255279541016,58.41914765900604,57.688907075205336,58.41914765900604,23000
2021-06-07,59.376590728759766,59.603775381035405,57.77006096002592,57.77006096002592,46300
2021-06-08,60.94254302978516,61.13727182782774,59.1656249504856,59.1656249504856,46500
2021-06-09,61.28330612182617,61.52672170709685,60.98310058234989,61.36444258681124,56100
2021-06-10,61.20218276977539,61.81071567301842,61.13727110775344,61.71334817998549,65700
2021-06-11,61.096710205078125,61.25086767519097,60.51251758694018,61.25086767519097,31400
2021-06-14,61.33197784423828,61.51859725785083,60.6260838921679,60.76401648161676,48800
2021-06-15,61.86750030517578,62.07846007229165,61.18594655185388,61.18594655185388,312100
2021-06-16,63.23062515258789,63.28742130871381,62.02167486344089,62.110926850255446,127400
2021-06-17,63.490264892578125,63.806701500331776,62.80871102674463,63.2306244403106,108300
2021-06-18,61.98109436035156,63.43346006969663,61.6808826136213,63.27929644430598,108100
2021-06-21,63.027774810791016,63.2468439090403,61.44559190589022,62.04600924027358,56000
2021-06-22,63.24683380126953,63.90405337161637,62.31375521639524,62.98719341246435,110300
2021-06-23,62.69511032104492,63.8148147617112,62.49226603139569,63.14948573927438,128900
2021-06-24,62.63832473754883,63.30365387225755,62.15149959830397,62.81682873301269,45600
2021-06-25,64.67487335205078,64.72355400125478,62.175830187636166,62.45981714883697,185500
2021-06-28,63.69308471679688,64.36652900903206,62.24071936704112,64.36652900903206,79600
2021-06-29,63.5948600769043,64.02875809541484,63.2182692260081,63.48843426448129,43000
2021-06-30,64.59365844726562,64.99480868858518,63.611241662424405,63.63580723500689,106300
2021-07-01,64.20069885253906,65.10124300485029,64.0287772981354,64.47086397203684,52900
2021-07-02,64.29891204833984,64.52814067927679,63.57847831596493,64.52814067927679,33300
2021-07-06,66.21463012695312,66.29650286903517,64.06151067487977,64.15975421777024,92800
2021-07-07,65.75618743896484,66.09184826763469,64.89657342321279,65.8216831488538,47200
2021-07-08,65.51056671142578,66.13276332146108,64.97024284308945,65.54331455890272,60900
2021-07-09,67.27890014648438,67.27890014648438,65.19945907404401,66.01813636653178,97000
2021-07-12,68.76071166992188,68.93263317088194,67.39352193894463,67.89291564240553,76700
2021-07-13,67.60639190673828,68.3350144085448,67.0824387873721,68.3350144085448,36300
2021-07-14,68.85895538330078,68.89989175097448,67.81104932938695,67.90110434145886,41900
2021-07-15,70.47993469238281,70.52905958389772,68.7852727164216,68.7852727164216,57900
2021-07-16,70.8892822265625,71.61791095303064,70.43082482205553,70.43082482205553,69500
2021-07-19,70.65184020996094,71.57694313653094,69.21915520422253,71.24128250852984,117800
2021-07-20,72.8868408203125,73.52540813072642,70.91383172649547,70.91383172649547,126400
2021-07-21,74.05755615234375,74.83530342257771,73.33712229573877,73.43535958535914,63500
2021-07-22,73.99207305908203,74.32773384513213,73.53361564010032,73.5991113416731,39000
2021-07-23,74.84349822998047,75.17097049090506,73.90201782207744,73.90201782207744,47000
2021-07-26,74.9908447265625,75.40837192793117,74.23766305641661,74.90897823998361,53000
2021-07-27,74.34410095214844,75.16277844307315,73.99206938121027,74.33591867436897,34400
2021-07-28,73.59091186523438,74.43414859794332,72.88684879314454,74.33591130621828,62400
2021-07-29,74.2540512084961,74.55696415024255,72.81318321914166,73.68097942250445,75700
2021-07-30,73.68097686767578,76.98843480103532,73.18977160442736,74.67976444235536,125500
2021-08-02,74.82711791992188,76.20249624423514,73.74646396839096,73.74646396839096,60300
2021-08-03,75.9896469116211,80.68067183434653,75.45750527613359,76.9884344821639,88100
2021-08-04,75.1136474609375,76.36622281705488,73.78738789480656,76.18611279925793,44300
2021-08-05,77.38959503173828,77.55333430464293,75.96509771054816,77.16036629568639,86700
2021-08-06,77.76616668701172,78.7076469729685,77.0702921264395,77.0702921264395,66100
2021-08-09,77.52875518798828,77.85622743058653,76.50540833362723,77.18491214396622,52100
2021-08-10,76.91476440429688,77.77437845403693,76.48905476521608,77.72525979268548,60900
2021-08-11,76.91476440429688,77.71707126712194,76.34169253514679,77.70888274155838,62000
2021-08-12,77.3322525024414,77.65153613115625,76.33346525527733,77.22582670820704,67100
2021-08-13,78.81407928466797,79.08424435565328,76.9556841289489,76.996620501891,44800
2021-08-16,78.26556396484375,79.10880074969153,77.65974439303298,78.39655535659382,31500
2021-08-17,78.43748474121094,78.56847613172388,76.18612174637927,77.81529437431429,38900
2021-08-18,78.52753448486328,79.37077120509488,77.90534415976809,78.8631952159916,40100
2021-08-19,80.35320281982422,80.98358178537711,77.36502851170376,77.91354097142062,94500
2021-08-20,81.47477722167969,82.11335088047454,79.91929506070434,79.91929506070434,143400
2021-08-23,78.74039459228516,82.33438797036801,77.85622147866685,82.01510427589692,80400
2021-08-24,77.67610931396484,79.29709331109129,77.56149497786643,79.29709331109129,53700
2021-08-25,78.99417877197266,80.00934322190379,76.98023316351609,78.29011572438058,60500
2021-08-26,80.00935363769531,80.49237035745159,78.89595175451223,78.89595175451223,64200
2021-08-27,81.40111541748047,82.75193472990982,79.96024106782153,79.96024106782153,121700
2021-08-30,82.06422424316406,82.21158643113876,80.8443966152705,80.99994732646965,55400
2021-08-31,82.83379364013672,83.00571517379316,81.76951034110468,82.27709266381463,144700
2021-09-01,83.52147674560547,83.6197202952806,82.39989255537951,82.62912125860777,74300
2021-09-02,86.30496978759766,88.57270967754846,83.40685104950936,83.88987396219717,248600
2021-09-03,85.8956298828125,87.3283153090253,84.11091293060403,85.59272324728997,64400
2021-09-07,84.55299377441406,86.1084819530334,84.4056316049446,86.1084819530334,71400
2021-09-08,85.6172866821289,85.83832683883088,84.1436648174055,84.1436648174055,82900
2021-09-09,84.81497955322266,85.91201054511903,84.81497955322266,85.19157041730259,55500
2021-09-10,82.8829116821289,84.76587250620939,82.8829116821289,84.76587250620939,66100
2021-09-13,82.81742858886719,84.60213975152989,82.52270415469927,83.14489463037431,91000
2021-09-14,81.61396026611328,83.43960755514757,81.18824447725291,83.43960755514757,126600
2021-09-15,81.4583969116211,82.66185362414976,80.90169605977152,81.32740553659175,118400
2021-09-16,81.53208923339844,82.53087678284007,80.9017103065943,81.57302560680715,98200
2021-09-17,79.37895202636719,82.03965331062501,79.36258122824792,81.94140978387261,380100
2021-09-20,81.67127227783203,82.0151153419619,78.78134159147666,79.23979901031647,135300
2021-09-21,81.38473510742188,82.44082360973312,81.21280733205478,81.86775184522207,69100
2021-09-22,82.0724105834961,82.44081292062779,81.54026901629577,82.0314742144757,67600
2021-09-23,82.12972259521484,83.09576224853589,81.86774605767083,82.33439196035903,175900
2021-09-24,81.70401763916016,82.78467169779452,81.29467888594996,81.84319131620833,61700
2021-09-27,79.91929626464844,82.33439228445091,79.82105272042772,82.15428224305293,77500
2021-09-28,79.37079620361328,80.23041024030823,78.64217358988759,80.0584886821722,65600
2021-09-29,80.42652130126953,81.25132408600238,80.14608508223252,80.14608508223252,44100
2021-09-30,77.94388580322266,83.01642566166447,77.59747004324556,81.03689714462038,112400
2021-10-01,79.98112487792969,80.37702667994986,77.62218847401175,78.63669234784092,95500
2021-10-04,80.73993682861328,81.00387344426734,79.56046870087111,79.91513411810114,32300
2021-10-05,80.24506378173828,81.81219033323181,79.77492644556482,81.06161677767203,52700
2021-10-06,81.27608489990234,81.2843346915189,78.8841550436277,79.40377864602038,48500
2021-10-07,81.02862548828125,82.52976633587369,80.52549527575476,81.34205458032817,61300
2021-10-08,79.65945434570312,81.96065486694246,79.46149714687365,81.23482439005944,46800
2021-10-11,79.72545623779297,80.3110655776795,78.94188965895401,79.91515739252179,58700
2021-10-12,80.94615173339844,81.90292606627364,78.45524987865691,79.98113390274584,63300
2021-10-13,82.19160461425781,82.46379106287502,80.07186155814858,80.72345655965054,50500
2021-10-14,82.26583862304688,83.0164122747099,81.89467983903006,82.90094037333814,33200
2021-10-15,82.33181762695312,83.63500759892617,81.93590950268742,83.3545713665825,49000
2021-10-18,82.61226654052734,83.04116130596786,81.69673476207554,81.81220667172286,38000
2021-10-19,82.15037536621094,83.07415696713946,81.56476600684685,82.92569217936072,26100
2021-10-20,83.92369842529297,84.14639244837451,80.78944476307267,82.29058584928941,46200
2021-10-21,84.06390380859375,84.48455501829244,83.41230881090245,84.1298895459477,27200
2021-10-22,85.57328796386719,85.57328796386719,82.87618565660935,84.65775637958109,34400
2021-10-25,84.85572814941406,85.34236517888154,83.79998134393882,84.9959494382251,44800
2021-10-26,85.48257446289062,86.31562717734889,84.74850036461203,85.13615874538212,36800
2021-10-27,82.48854064941406,85.44133027965574,81.65548794977552,85.44133027965574,254000
2021-10-28,85.70528411865234,85.7712635772175,82.85146015547829,83.23087507915278,48200
2021-10-29,83.50304412841797,86.18365356286836,82.95867748472712,85.77950190241262,127200
2021-11-01,83.00814056396484,83.84119302623212,81.32554235476684,83.84119302623212,114000
2021-11-02,81.51527404785156,84.36084160314675,81.0038939723513,84.22887640824962,63800
2021-11-03,82.22459411621094,83.09063329078559,81.35854864889025,81.87817215363503,56900
2021-11-04,79.99763488769531,83.13188855716781,79.90690606144368,82.18336392355795,62500
2021-11-05,83.24735260009766,84.16288427469254,80.29455686208435,80.29455686208435,804300
2021-11-08,83.79997253417969,85.55680672077489,83.18137036543415,83.81647211595104,124900
2021-11-09,83.18136596679688,85.11965140115355,82.43904214500704,84.23711260545517,72300
2021-11-10,84.45980834960938,85.45781898686445,83.50303407688789,83.50303407688789,52500
2021-11-11,85.21038055419922,85.71351079691237,84.27835559761809,84.41857057208009,38000
2021-11-12,84.61653900146484,86.15067312571408,84.50931687400033,85.96097195460396,41600
2021-11-15,86.11766815185547,86.29087599434664,84.3690838533432,84.85571451185464,48000
2021-11-16,84.48455810546875,85.93621291657001,84.17113528070394,85.76300506924632,41500
2021-11-17,84.60005187988281,84.78975935757633,81.81221972775451,83.61029069845509,50200
2021-11-18,85.10315704345703,85.40833635878701,83.53603039331716,85.11140683380277,66500
2021-11-19,83.6185073852539,85.13614784190861,83.6185073852539,84.58353146436012,40500
2021-11-22,83.48654174804688,84.85571114555222,83.46179867049348,84.2536086159326,39100
2021-11-23,83.77522277832031,84.74849036463128,83.00815589849263,83.00815589849263,47400
2021-11-24,85.80423736572266,85.95270212677656,83.25559964250137,83.25559964250137,34000
2021-11-26,84.59178924560547,85.07842626240281,83.34634131147001,84.42683117132508,62800
2021-11-29,85.03717803955078,85.5485581047924,83.65975870181944,85.11965707130027,68300
2021-11-30,84.28660583496094,86.32386989531408,83.83296174724191,84.23711338455297,257000
2021-12-01,83.21435546875,87.00020366031842,83.21435546875,85.04541872415926,104200
2021-12-02,86.71977233886719,87.35487406604432,83.08239499254402,83.18961709913074,88600
2021-12-03,87.1651611328125,87.39610491256198,85.40008362444604,86.89297469550232,83100
2021-12-06,89.21068572998047,89.81278833009836,88.13018963925033,88.13018963925033,115500
2021-12-07,90.80254364013672,90.89327245795984,89.57358914336854,90.43963466159062,117100
2021-12-08,91.0252456665039,92.1552278691292,90.25817874207142,90.9345168469557,70600
2021-12-09,89.69731903076172,91.3799177704684,89.53236096113727,90.54686504554688,52100
2021-12-10,87.47858428955078,88.9549820792153,86.63728818951788,86.63728818951788,59300
2021-12-13,88.29513549804688,88.6250515585948,86.46407241537662,87.03318202474364,71100
2021-12-14,85.99394226074219,88.33637920777174,84.58353021851029,87.80850591568772,129700
2021-12-15,89.3013916015625,89.47460571789647,85.78773639263511,85.78773639263511,110300
2021-12-16,88.55083465576172,90.33240554308146,87.36311653571764,89.63132437773459,66300
2021-12-17,88.4601058959961,89.44162330376571,87.89098991431504,87.94872586225759,183400
2021-12-20,89.40863037109375,89.54884534560522,86.6372922863258,87.41260898050086,76100
2021-12-21,90.08496856689452,90.5551059411619,88.53433517666464,89.06221479164992,69100
2021-12-22,90.37364196777344,91.6768318937191,89.51584630611602,89.66431106087877,73500
2021-12-23,89.00447845458984,90.7283133884522,88.55083437054905,90.7283133884522,49000
2021-12-27,89.90351104736328,89.98599007417856,88.4601060534836,89.26841561886464,40600
2021-12-28,90.3076629638672,90.76130705187823,89.78803942984702,90.61284228605156,26900
2021-12-29,91.1324691772461,91.18196162950916,89.10345483136683,90.53036659397426,41300
2021-12-30,91.76756286621094,92.60060917774264,90.41488675439642,91.19019712064625,47300
2021-12-31,92.06643676757812,92.8385000057406,91.7177646816298,91.9253084947516,47500
2022-01-03,89.883056640625,92.54792432534926,89.2438245908634,92.54792432534926,76500
2022-01-04,89.40987396240234,90.1736400237308,88.14801034001846,89.74194533684063,51900
2022-01-05,87.50878143310547,89.17742922619604,87.0106711860042,88.67932531282968,57200
2022-01-06,87.14350128173828,87.99027729144356,86.57898183068981,87.26802884209533,47400
2022-01-07,85.7238998413086,87.0687797202183,85.5412602691765,87.0687797202183,37600
2022-01-10,84.59485626220703,85.91483182302322,84.04693757631287,85.23408839534926,98100
2022-01-11,84.52842712402344,84.85219490132768,83.01750871869257,84.50352288480515,60400
2022-01-12,84.6114501953125,85.39181686704927,84.49522618042411,84.9601222399777,61600
2022-01-13,84.7359848022461,85.53295225669167,84.27938589586536,84.58655300867915,50600
2022-01-14,83.71487426757812,84.66957712996113,82.66055442271909,84.52844884896348,41600
2022-01-18,82.4031982421875,83.81449365345348,82.06282334472928,83.09223889569665,47400
2022-01-19,79.81304931640625,82.50281539637079,79.71342600465401,82.50281539637079,63400
2022-01-20,78.49307250976562,80.427376030815,78.40175272546358,79.84625588865158,53000
2022-01-21,77.68778991699219,79.68850867983585,77.24779811301026,78.35192621845664,122300
2022-01-24,78.68400573730469,78.86664529770738,75.95272852431492,76.79951078913938,71900
2022-01-25,77.57986450195312,78.45985445958839,75.62065065974181,77.50515177935033,95500
2022-01-26,75.57914733886719,79.4145588588416,74.84029195304448,78.56777664861151,55100
2022-01-27,73.89389038085938,76.61686380440523,73.72785155397632,75.66216113446194,62900
2022-01-28,76.69989013671875,76.72479438059261,73.27956585797189,74.5663400171535,63200
2022-01-31,79.18212127685547,79.35645733738777,75.37161952435983,75.64557890536852,119700
2022-02-01,77.4470443725586,79.4975781088942,77.22289352396982,78.53457184659324,107600
2022-02-02,77.87045288085938,78.293837762757,77.33914114638216,77.44706166522627,92900
2022-02-03,77.04855346679688,78.53456774191365,76.68328070857925,76.8659139208212,37400
2022-02-04,76.87422180175781,77.5798694508666,74.75727885443146,76.33460665818023,37600
2022-02-07,75.9444351196289,77.09837821746197,75.65386871337066,76.38442699141258,45800
2022-02-08,75.42142486572266,76.00255137694576,74.88180965306368,75.42142486572266,34200
2022-02-09,76.82440948486328,76.83271300984589,75.5210347468796,75.84480255012986,50700
2022-02-10,75.67047119140625,76.93233471597827,74.73236915630388,75.37160761095132,59400
2022-02-11,76.3512191772461,76.57536370913986,74.98973226643142,75.70368349207016,61400
2022-02-14,76.41761779785156,77.13986605583206,75.5791392029288,76.06064226407123,81600
2022-02-15,77.56327056884766,78.01986947046213,76.77460664831456,76.77460664831456,51200
2022-02-16,78.58438110351562,78.94135033020117,77.6213749093677,77.6213749093677,67500
2022-02-17,77.62137603759766,78.07797490072407,76.91572843127533,77.94514383736595,60200
2022-02-18,76.85762023925781,77.69609261682147,76.19347755697041,76.9572372079871,70100
2022-02-22,76.33460998535156,77.10667320381813,75.14745915123059,76.19348171612532,76700
2022-02-23,77.37232971191406,79.72172715748783,76.84101806585466,77.31421769855551,126600
2022-02-24,78.66740417480469,78.91645293598681,75.36330407308819,75.96103123389994,95100
2022-02-25,80.6100082397461,80.65151953199688,78.70890632861801,79.47267230338839,50600
2022-02-28,78.02816772460938,81.1911396428647,77.33082357490541,79.87115773987603,117000
2022-03-01,77.97835540771484,80.38586471180498,77.26440424166603,80.38586471180498,97600
2022-03-02,80.21151733398438,80.65150910653756,78.45154391003852,78.45154391003852,51600
2022-03-03,82.5526351928711,82.67715642289548,80.11191774463319,80.11191774463319,81100
2022-03-04,86.37973022460938,86.46274647606643,81.9631985095134,81.9631985095134,108100
2022-03-07,88.26423645019531,90.19024286682544,86.86123818535474,87.10198977915036,142700
2022-03-08,86.14727020263672,88.98647395261442,85.21747811333118,88.64609911011252,81000
2022-03-09,85.30880737304688,87.50046944695292,84.87711271179413,87.21820657863623,136900
2022-03-10,84.05523681640625,84.32089262015566,83.08393337773504,84.32089262015566,107300
2022-03-11,82.78507995605469,84.46203123523794,82.52772764598434,84.42882346398133,47600
2022-03-14,81.19943237304688,83.20846112337438,81.05830411246649,83.20846112337438,67300
2022-03-15,80.76773834228516,82.13752855970193,80.39415573731684,82.13752855970193,75200
2022-03-16,81.04170227050781,82.51941305779516,79.72172045837698,81.33226231288444,63000
2022-03-17,81.97979736328125,82.78506828495595,79.76323119770687,80.35265480351127,81700
2022-03-18,80.31945037841797,82.76016748647955,80.13681082152436,81.79716121694386,252400
2022-03-21,81.50659942626953,82.12092728602794,80.02888861925753,80.06209638650583,52300
2022-03-22,80.49378204345703,82.57752345012028,80.20322200676705,81.47338897696456,38500
2022-03-23,78.80022430419922,80.57679863171872,78.33532824353506,80.04548703846432,59300
2022-03-24,79.5556869506836,79.63870319977799,77.57156882877848,78.59268072673386,28600
2022-03-25,81.95489501953125,82.1790395319352,79.37304969558095,79.37304969558095,47400
2022-03-28,82.19563293457031,82.46128869547773,81.42356988978733,81.42356988978733,24600
2022-03-29,84.14655303955078,84.65296038371041,82.45299498701044,83.22505812370187,87600
2022-03-30,82.3989028930664,84.74861584018528,81.8721007616986,84.3974144192734,55100
2022-03-31,82.04769897460938,83.74517883702588,81.96407412292582,82.13131744661247,52700
2022-04-01,84.87405395507812,85.24198292997744,82.56614685925,82.56614685925,153900
2022-04-04,83.09295654296875,85.30887504546956,82.44908082815502,85.21689918017748,84400
2022-04-05,83.12640380859375,84.94930839355595,82.52434053518034,83.38562301477073,99800
2022-04-06,85.02456665039062,86.27886296817981,82.51597401481224,82.51597401481224,62200
2022-04-07,83.40232849121094,85.04963842159195,82.54940993389202,85.04963842159195,92600
2022-04-08,82.46580505371094,84.12147263763904,82.23166437971126,82.78355782747465,40500
2022-04-11,81.4038314819336,82.94243831528436,80.80176821582594,82.59959425220819,53100
2022-04-12,80.87702941894531,83.1096753839259,79.94048585048613,82.34873891804372,155400
2022-04-13,81.2867660522461,81.61288259833641,80.44220470944953,81.17806266344307,108800
2022-04-14,79.68963623046875,81.62961446567333,78.92032956675536,81.48745602083662,123900
2022-04-18,80.40875244140625,80.40875244140625,79.03738270997646,79.52237877770452,88100
2022-04-19,83.41069793701172,83.77026310561162,80.80175952440219,80.80175952440219,79600
2022-04-20,85.28376770019531,85.74367880405832,83.95421694850346,83.95421694850346,83600
2022-04-21,86.2704849243164,87.49133237262457,84.78205456103221,84.78205456103221,80200
2022-04-22,83.35218048095703,87.05653625781524,83.22674955981739,85.83568847673153,48600
2022-04-25,82.88389587402344,83.14311504932327,80.97736027541944,82.51596694416787,58900
2022-04-26,81.89717102050781,83.93748822928086,81.64630926204316,82.03932303978733,63900
2022-04-27,80.15789031982422,83.03441167015262,80.15789031982422,82.48251827539781,64400
2022-04-28,81.98916625976562,82.18985187059832,79.38022780021855,80.80176097811093,55100
2022-04-29,77.1475830078125,80.97736270287629,76.86327254085212,80.45056057543876,86300
2022-05-02,74.19580078125,77.557311643257,73.00839558192844,77.557311643257,96200
2022-05-03,72.19728088378906,75.19086912474322,71.56177544937324,74.1957985509985,69600
2022-05-04,69.8726577758789,72.76590022439245,68.10828062339503,72.76590022439245,101400
2022-05-05,69.1869888305664,69.98138039207163,67.07977364929498,69.52146915226957,99600
2022-05-06,69.37930297851562,69.77231679810923,67.78216279755954,68.42603840233039,72600
2022-05-09,67.50621795654297,69.41274698089296,67.20518638641614,69.41274698089296,60500
2022-05-10,67.35570526123047,69.37930150238095,66.89579412475078,67.7821613554061,80500
2022-05-11,68.76887512207031,70.23222063021313,67.28044471167956,67.48949406998568,65900
2022-05-12,69.79740905761719,70.11516182327794,68.43440299666413,69.0866424309376,83900
2022-05-13,71.40290832519531,71.77919467103933,70.08171466431193,70.75903901838461,74900
2022-05-16,71.6286849975586,72.1220384884501,69.86430766155362,70.60852296862518,70300
2022-05-17,72.89134216308594,73.1254764668107,71.76247669602365,72.33109131064721,76000
2022-05-18,71.36109924316406,72.74919030432113,70.67541747479335,71.7875618002243,98600
2022-05-19,69.4545669555664,71.83773509376385,69.30405114030847,71.62868570477679,64500
2022-05-20,69.68035888671875,70.14862757747926,68.50968078013504,70.03156040478913,66100
2022-05-23,69.98973846435547,70.76740250861194,69.41276644290694,70.61688668134676,52500
2022-05-24,70.84266662597656,71.0768009495318,68.37587970638958,69.21207736461938,40900
2022-05-25,69.82247924804688,70.9429806431945,69.06153659160043,70.60850680443252,152100
2022-05-26,69.82247924804688,71.79590551920437,69.52981144929038,70.52488196506249,53600
2022-05-27,70.51654815673828,71.00154431661626,69.1200996361036,69.6887079039419,92300
2022-05-31,69.38765716552734,70.6001407406715,68.57654473567146,70.03152630178033,142100
2022-06-01,70.223876953125,71.00989835556207,68.9946654656611,70.06499736831007,216100
2022-06-02,71.3276596069336,71.687224839069,69.02811614970713,70.7757661149521,60600
2022-06-03,71.26074981689453,71.62867874727169,70.38273991656011,70.98480311911166,61700
2022-06-06,69.76396179199219,71.88790433273651,69.47965130780133,71.88790433273651,55700
2022-06-07,70.39945983886719,70.80919477094041,68.96119931685372,68.96956307700862,46800
2022-06-08,69.22879028320312,70.72558454117424,68.40095656253861,70.66705097263595,48400
2022-06-09,67.91596221923828,69.57999346401601,67.6232943691036,69.3207742795654,49800
2022-06-10,68.19189453125,68.97791568001615,66.6282032339347,67.25535122884008,46400
2022-06-13,64.09454345703125,67.2470054121729,63.62626849104108,67.2470054121729,52500
2022-06-14,64.5042724609375,66.05960026877939,63.46738938226971,65.5829679650653,70000
2022-06-15,65.09797668457031,66.26865450700242,64.82202996748714,65.56625164135168,68800
2022-06-16,64.77186584472656,65.14815859552317,62.7064567355782,64.29523346412937,83800
2022-06-17,65.49935913085938,66.72020685368794,64.63807662897686,65.63314742859113,179300
2022-06-21,65.01436614990234,66.51116068277379,64.83876541203675,65.48263478421057,86000
2022-06-22,66.05123901367188,66.50278643111342,63.73497473608836,63.87712678055681,96600
2022-06-23,68.42604064941406,68.69362358520635,65.6498652981889,65.6498652981889,73900
2022-06-24,67.18010711669922,69.48801410706628,67.05468258978871,68.63509542567026,260300
2022-06-27,67.39752197265625,68.7772492208031,67.31390349270092,67.44769816437432,60500
2022-06-28,67.38079833984375,68.55983353693311,67.17174895783606,67.99121896268494,58400
2022-06-29,67.74364471435547,67.92929101179763,66.68040183500781,66.93355704752067,48300
2022-06-30,68.81531524658203,69.34693337013897,67.12763130614351,67.12763130614351,65900
2022-07-01,69.6001205444336,69.76044621466431,68.03057324297478,69.05162172394422,68100
2022-07-05,69.25411987304688,69.51570886004619,67.49049300017344,68.78157036414379,88300
2022-07-06,69.1866226196289,70.22455139501976,68.43560355013682,69.05161121062177,60100
2022-07-07,68.19088745117188,70.24986451947181,68.14025897834652,69.75200070200873,46400
2022-07-08,66.94200134277344,68.09806100314846,66.66353187967388,67.32172774663292,58100
2022-07-11,67.74364471435547,68.36808608374812,66.16566406210615,67.30484964240496,74800
2022-07-12,67.11922454833984,68.35123366655901,66.73105782106585,67.75210634154872,46400
2022-07-13,66.90823364257812,67.4229777829269,66.1740887773257,66.773215830944,39400
2022-07-14,66.35975646972656,67.38924508273493,65.64249181840282,65.64249181840282,37900
2022-07-15,68.41028594970703,68.57061802564972,66.78167026872626,67.83647300412818,79000
2022-07-18,67.43143463134766,68.42716226663671,66.98419284854172,68.35121955737102,39300
2022-07-19,68.4862289428711,68.61280010934651,67.54956368292662,68.07274167237007,95100
2022-07-20,68.77312469482422,69.19504570522192,67.57487057041565,67.86177376724432,72800
2022-07-21,68.94190216064453,69.22037161963141,68.04743152778285,69.22037161963141,64900
2022-07-22,69.19506072998047,70.20766879960742,68.81533431337164,69.35539280890669,63500
2022-07-25,69.66758728027344,70.19921181344021,69.22879231191642,69.70134172983981,85900
2022-07-26,69.30475616455078,70.16547879639968,69.06848138341734,70.03046095689204,40400
2022-07-27,69.57478332519531,69.67604670179816,68.2837058540316,69.28788008182771,56400
2022-07-28,72.09786987304688,72.15693856153446,68.12337442137176,69.76886391352878,44700
2022-07-29,72.47760772705078,72.77295121631238,71.44811918904875,71.60001104609832,49200
2022-08-01,72.00505065917969,72.48604041683603,70.78147570513842,71.76877589233159,69500
2022-08-02,72.3003921508789,73.05985133651927,70.7983542270593,71.73501948301501,60200
2022-08-03,72.27507019042969,73.20329512341402,72.14005237719373,72.69699119978654,73900
2022-08-04,71.54093933105469,71.66751694625853,69.90388343389614,71.58313401545762,81100
2022-08-05,70.92493438720703,71.6337586940152,70.03889756569221,71.6337586940152,64800
2022-08-08,70.99244689941406,71.87848384615972,70.30893673009945,71.20340746406727,63800
2022-08-09,71.7265853881836,71.76878007243744,70.84898874734405,71.43968213687322,78700
2022-08-10,73.41425323486328,73.70959664418446,71.9712842024626,72.57041124365796,82100
2022-08-11,73.86151885986328,74.77287013057757,73.26239157208059,74.01341073831566,47800
2022-08-12,75.1610107421875,75.1610107421875,73.177983222678,73.819304979959,48800
2022-08-15,75.70108032226562,75.71796077095371,74.58720891503081,75.45636532032705,50200
2022-08-16,75.02601623535156,75.94580118164222,74.35093987186816,75.94580118164222,52100
2022-08-17,75.02601623535156,75.28760526814885,74.13153908803527,74.68003782861486,37400
2022-08-18,73.80242919921875,75.13570126063765,73.65897758752293,74.75596845331985,92500
2022-08-19,71.76033020019531,73.93744427969185,71.48186077277049,73.93744427969185,75500
2022-08-22,69.43976593017578,71.42279354183847,69.33850256231912,71.42279354183847,53600
2022-08-23,66.92511749267578,70.07265148076385,66.73947119337775,68.98409435688367,86400
2022-08-24,66.68040466308594,67.17827488534255,66.27536403149202,66.52007903049886,80800
2022-08-25,66.49478149414062,67.14453728790998,66.23318598095528,66.9167026801745,132800
2022-08-26,64.34297180175781,66.3006855715173,63.78603282444424,66.3006855715173,115800
2022-08-29,63.10250854492188,64.41890010520729,62.6552732808764,64.41890010520729,86400
2022-08-30,63.06875991821289,64.9420905043586,62.51182745201003,63.67632729080119,103400
2022-08-31,63.60881042480469,63.878839619096624,62.537133870647125,63.0856324822412,146600
2022-09-01,64.29232025146484,64.39357716517559,62.73964771520078,63.3219007210502,72600
2022-09-02,63.81977844238281,64.68050102657938,63.718521506362926,64.35983689450417,72100
2022-09-06,64.32608032226562,64.52860060538467,63.30502580778197,63.77758171906468,52600
2022-09-07,64.823974609375,65.05180923062315,63.828240293758704,64.23328748909701,85700
2022-09-08,65.63404846191406,65.84500902212233,64.32609685142606,64.69738305954894,80600
2022-09-09,65.96312713623047,66.30910544406655,65.11085135751898,65.47369723451268,52700
2022-09-12,66.40194702148438,66.82386813573855,66.03909460570557,66.39350679655782,51000
2022-09-13,64.19109344482422,65.57499451611002,63.9885730641013,65.46529731780319,86400
2022-09-14,63.20377349853516,63.96323266316992,62.68902931128294,63.96323266316992,58000
2022-09-15,62.70590591430664,63.38098218590964,62.70590591430664,62.95062090181261,56700
2022-09-16,63.07719421386719,63.18689136438377,61.66797951367499,62.48650734492556,159000
2022-09-19,62.773414611816406,62.87467798360773,61.549846116525615,62.62996299694869,50600
2022-09-20,61.13637161254883,62.78186794831455,60.69757645248144,62.21649515657198,48700
2022-09-21,59.94655990600586,62.03085149154305,59.92967945411958,61.4485982235816,49500
2022-09-22,59.136451721191406,59.91278485303945,58.756718940306456,59.44023537069783,57700
2022-09-23,58.37701034545898,59.2461668810123,57.86226602941183,58.49514775196104,64000
2022-09-26,56.41084671020508,57.95507939722576,56.166131712971904,57.95507939722576,94800
2022-09-27,55.56699752807617,56.57117162454198,55.12820249619421,56.16612460910918,84300
2022-09-28,58.12385177612305,58.36013301369723,55.42355915532964,56.33491032909946,91700
2022-09-29,56.8615837097168,58.11532001930216,56.47778980174713,57.73152611133249,140500
2022-09-30,57.41595077514648,57.81680590103004,56.47778294197389,56.52895372163022,144100
2022-10-03,58.60999298095703,58.86585341877283,57.68887978810008,57.85092928692677,96200
2022-10-04,59.300819396972656,60.52043957996761,58.507639746396,59.10466039596128,74300
2022-10-05,57.59505844116211,58.882910697263966,57.15156314147317,58.473524914733495,73900
2022-10-06,56.07693099975586,57.75710776816352,55.92341214510525,57.75710776816352,59300
2022-10-07,55.01935577392578,55.90635280511129,54.76348886815403,55.59078448892156,72400
2022-10-10,55.48844146728516,56.02576071683726,55.07053155638509,55.10464758071906,61800
2022-10-11,56.39250183105469,57.03216266917341,55.21552172445765,55.78695701847161,124500
2022-10-12,55.54814529418945,56.80188158827425,55.45432784994048,56.80188158827425,66400
2022-10-13,56.70806503295898,56.82746787169909,54.49910600930019,55.38610317348867,90100
2022-10-14,55.02789306640625,57.71447019200672,54.77203260637642,57.28802958498973,78800
2022-10-17,56.50337219238281,57.42448533092679,55.95752881553446,55.95752881553446,184200
2022-10-18,57.057743072509766,57.83386143794152,56.03428191683034,57.51829961652061,162600
2022-10-19,56.03428268432617,57.569471185389645,55.44579918139021,56.44366845359845,136400
2022-10-20,55.693138122558594,56.84452629975173,55.43727119119729,55.616375440363655,144000
2022-10-21,56.88716506958008,57.52682587549124,55.83812499178684,56.17927872299936,174200
2022-10-24,57.62063980102539,57.74857325580056,56.71658799935496,57.48418222104014,145300
2022-10-25,59.87224578857422,60.622785260502425,57.89356205643182,57.89356205643182,132100
2022-10-26,58.37971115112305,59.90636916526071,58.302954972234005,59.872253138987794,99900
2022-10-27,59.01936340332031,59.48845056251352,58.43087993001924,58.592922897495846,114500
2022-10-28,59.08760452270508,59.82108282595418,58.13238180737917,59.62492380704264,228000
2022-10-31,59.10466766357422,59.39464413793092,58.652635177776574,58.89144737114713,122600
2022-11-01,57.19420623779297,57.92768452684447,53.55240669217209,57.92768452684447,225500
2022-11-02,55.43727111816406,56.81041020026359,55.0705319874114,56.48631772700375,227500
2022-11-03,53.85090637207031,55.73577262057727,53.45858188888008,54.64408597048869,115900
2022-11-04,53.45005416870117,54.77202240707206,52.52041694185968,54.18353239674403,85600
2022-11-07,52.73363494873047,54.12382866672587,52.05985816311088,53.552399945859584,77100
2022-11-08,52.14514923095703,53.30506803188823,51.710181307349416,53.06626236821997,64400
2022-11-09,52.09397888183594,52.68246566655634,51.6163642970376,52.256025118748845,66500
2022-11-10,55.77842712402344,55.88076869501917,53.62063565582522,53.62063565582522,79700
2022-11-11,56.91275787353516,56.96392865659334,55.00229955112314,55.47138675237751,130200
2022-11-14,55.21551513671875,56.9724544538691,55.21551513671875,56.4351352494981,68300
2022-11-15,56.11957550048828,56.19633167138158,55.34345062430405,55.437268060039855,75300
2022-11-16,55.79547882080078,56.52895707185223,55.15581800932334,56.30720616858949,87600
2022-11-17,55.42021942138672,56.02576425083708,54.75496666536092,55.35198736841483,60800
2022-11-18,56.97246170043945,57.27949942571467,56.5630758977503,56.65689334197143,83300
2022-11-21,56.349853515625,57.37330822373728,55.786955378253154,56.74217803730025,68600
2022-11-22,56.563079833984375,56.92981900319752,55.87224815752334,56.92981900319752,135500
2022-11-23,54.9255485534668,56.170754278656034,54.61851081224568,55.437275953179686,141800
2022-11-25,56.03428268432617,56.06839870734603,55.104645458157655,55.33492047983415,51300
2022-11-28,54.14089584350586,56.40955960722659,54.07266704226882,56.0598817139762,95900
2022-11-29,54.24322891235352,54.55026658506404,53.74855963680647,53.90207847316173,73800
2022-11-30,55.01082992553711,55.29228224496757,53.39888519711356,53.90208516688183,68900
2022-12-01,55.71872329711914,56.09398655282895,54.85731157232452,54.959659645863375,74700
2022-12-02,55.2581672668457,55.83812667530288,54.8658427415609,55.24110600093926,54300
2022-12-05,54.17500686645508,55.07053135429496,54.00442999889436,54.72937761917351,48200
2022-12-06,53.56093215942383,54.32852644694941,53.18566564856865,54.26029439762127,51700
2022-12-07,54.01295852661133,55.03641318512173,53.24536427924551,53.24536427924551,70800
2022-12-08,55.65902328491211,56.19633604387008,54.49910445007916,54.49910445007916,145800
2022-12-09,55.88077545166016,56.290161306042485,54.9255526363804,55.42022531256021,64400
2022-12-12,55.87223815917969,56.24750138805884,55.21551612145089,55.67607265899728,78700
2022-12-13,56.41808319091797,57.35625105170884,55.88929459336097,56.50336999517785,136100
2022-12-14,55.35198593139648,56.76776520549045,54.84878268750112,55.22405246213722,93000
2022-12-15,54.200592041015625,54.90848164635816,53.98737177078859,54.26882408916018,85700
2022-12-16,52.6654052734375,53.782680629439625,51.65047798679033,53.16860522724205,569500
2022-12-19,51.309326171875,52.79334069791399,51.18139270716222,52.79334069791399,129000
2022-12-20,50.985233306884766,51.32638706293183,50.27734365528962,50.754955009575504,51800
2022-12-21,51.42873001098633,52.44366060876124,50.96817343318006,50.96817343318006,45100
2022-12-22,51.07905197143555,51.61636801131315,50.26881422160055,51.24962885352976,75400
2022-12-23,51.35197067260742,51.47137350703237,50.14940844185396,50.8061272846744,35800
2022-12-27,50.9170036315918,51.35197157225775,50.61849328681651,50.89994561873464,38700
2022-12-28,49.89353942871094,51.35196518502198,49.74002058557473,50.7208350552246,37100
2022-12-29,50.878116607666016,51.6899543239217,49.78990846482988,50.41174027733823,75300
2022-12-30,50.67083358764648,51.06811893077117,49.96263400736507,50.35991935048975,42400
2023-01-03,50.28219604492188,51.353130678622506,49.2544403802338,50.88675432462601,100000
2023-01-04,51.63813018798828,52.32905616425625,50.3080956245506,50.3080956245506,81300
2023-01-05,50.39446258544922,51.25812092140958,49.91945115959003,51.03357120368173,79200
2023-01-06,52.13042068481445,52.234058768605465,50.31673609819767,50.368556787390816,59800
2023-01-09,52.10451126098633,52.88180182047355,51.9058669358134,51.93177892734631,51800
2023-01-10,51.31858444213867,53.037266238224106,51.1026698257488,52.00951385026273,76400
2023-01-11,53.12362289428711,53.27908165861726,51.51722115386745,52.57952051372671,90500
2023-01-12,54.19456481933594,54.61775888667064,53.106356680553695,53.65045910264715,77300
2023-01-13,53.8404655456543,54.51411805286627,53.365454077886994,53.86637424374849,43600
2023-01-17,54.53139114379883,54.91140295039515,53.28772422712676,54.1859297586876,35100
2023-01-18,54.35001754760742,55.11867291404914,53.95273551691091,54.74729957830394,43200
2023-01-19,54.28092575073242,55.205039917767365,53.78864075687624,53.98728178118706,61200
2023-01-20,55.714599609375,55.8441496741462,53.29635369761273,54.54865891021927,96300
2023-01-23,55.44686126708984,56.49189362823045,55.11003834548551,55.3173177910055,40100
2023-01-24,55.69733047485352,55.97370090972508,54.220475345771895,54.220475345771895,48800
2023-01-25,55.80961608886719,56.00825385906929,55.18778089847666,55.73188339547257,27500
2023-01-26,56.49190521240234,56.80281620794988,55.59369958862226,55.947796144513525,38500
2023-01-27,57.24327850341797,57.73556353477916,56.59553469430109,56.59553469430109,35100
2023-01-30,56.8287239074707,57.43328213638806,56.37097943221556,57.00145294739266,58300
2023-01-31,58.400577545166016,58.77195088362884,56.72507830802817,56.72507830802817,111100
2023-02-01,59.77378845214844,60.31789079356414,57.98601608556573,58.53875685470891,87300
2023-02-02,61.38019180297852,62.1574855488436,60.09334285043993,60.09334285043993,63900
2023-02-03,60.525177001953125,61.2074678694572,59.644241820440485,61.12973519382251,84400
2023-02-06,59.98107147216797,61.15564738860009,59.30741899434171,60.171077368824704,44900
2023-02-07,60.07606887817383,60.57699227056696,58.32284359398776,58.32284359398776,85800
2023-02-08,59.946537017822266,60.43018364806234,59.34197214083103,59.46288379839105,30700
2023-02-09,59.41105270385742,60.02424927989896,59.074226508414746,59.93788477143488,69000
2023-02-10,59.3506088256836,59.67015823018786,58.720135267633815,59.39378779400503,47700
2023-02-13,58.94467926025391,59.97243475076834,58.86695317568892,59.45423449690866,107500
2023-02-14,58.3487548828125,59.48878361907595,58.31420775878146,58.6251252858706,59200
2023-02-15,57.06190872192383,58.4523992364458,56.38825624193241,57.85647284759624,107400
2023-02-16,56.38825225830078,57.19145475597569,55.593688188761526,56.81144298828734,78500
2023-02-17,55.90460968017578,56.85463257767872,55.45550363388607,56.85463257767872,142700
2023-02-21,54.85958099365234,55.55914547134115,54.306840154557854,55.14458654742501,66600
2023-02-22,54.669578552246094,55.40369020245505,53.65046133023968,53.65046133023968,121200
2023-02-23,54.92866516113281,55.17912685244724,54.02182462818199,54.94593872204362,83400
2023-02-24,54.21184158325195,55.04095290885274,54.08229149724128,54.255023847057,92900
2023-02-27,54.41048049926758,55.45550639751887,54.08228937694401,54.75594518535506,80900
2023-02-28,54.07365417480469,55.21368302503555,53.95274252320375,54.28956877969077,150800
2023-03-01,53.40864181518555,53.95274759311451,52.45861878225181,53.63319157574591,82100
2023-03-02,53.32227325439453,54.14274613239704,52.84725847921986,53.17544960717815,59900
2023-03-03,54.41048049926758,54.73003319241148,53.2013573925568,53.659098595812026,103500
2023-03-06,54.116825103759766,54.86820684892282,53.85772829107541,54.5572893558637,90600
2023-03-07,52.994083404541016,54.436391445124514,52.75226009105289,54.34138848779831,65900
2023-03-08,53.64181900024414,54.05637460017678,53.13226045759036,53.20998983848992,79400
2023-03-09,52.46725082397461,53.83183275602869,52.4499772596276,53.83183275602869,74600
2023-03-10,50.26491928100586,52.24269779756061,50.11809564056965,52.23405936863154,68900
2023-03-13,50.144004821777344,51.13720994424661,49.63444626517307,49.63444626517307,80900
2023-03-14,50.67083358764648,51.44812741702616,50.16127832622497,51.09402762688545,61300
2023-03-15,49.94536590576172,50.45492118928209,49.20261916871905,50.07491268654655,137000
2023-03-16,48.779422760009766,49.76399274273842,48.148952565711504,49.36671069612776,84600
2023-03-17,46.20572662353516,48.632608030377085,45.7220767102064,48.632608030377085,262500
2023-03-20,46.007080078125,47.04347074303854,45.92935069589161,46.343906302938,126000
2023-03-21,45.19524765014648,46.82756157112739,44.72023287348391,46.74119375055443,116000
2023-03-22,44.55613708496094,45.79980399761906,44.27112823093357,45.10887793503121,161100
2023-03-23,44.78068542480469,45.63570866565546,44.44385918569826,44.728868030846925,111800
2023-03-24,45.48025131225586,45.58388939799713,44.40931344427825,44.56477222018783,104700
2023-03-27,45.09160232543945,46.188448841409546,44.99659937840812,45.929351991521024,113100
2023-03-28,44.38340759277344,45.4111632654845,44.34886046377908,44.85841908536143,83800
2023-03-29,45.61843490600586,45.83434949881906,44.62522646122704,44.62522646122704,91600
2023-03-30,46.41538238525391,46.60805107929463,45.93371399091875,46.021288847791816,75400
2023-03-31,47.84286880493164,47.86914059029037,46.73940704913842,46.80946959778328,162000
2023-04-03,48.03554153442383,49.03391296186445,47.85163232704004,47.96548231574907,118700
2023-04-04,48.08808517456055,48.23696643283711,47.75529472144219,48.061813386945,79800
2023-04-05,48.09684371948242,48.54348417579528,47.68523788301303,48.16690627763607,104400
2023-04-06,48.55223083496094,48.76241512757173,48.28950297477195,48.42962472292381,109800
2023-04-10,48.455902099609375,48.78868917895856,48.02677734676859,48.62229563928396,90900
2023-04-11,47.99174880981445,48.78869196131063,47.95671753395902,48.78869196131063,63600
2023-04-12,48.00926208496094,48.51720553756717,47.90417160333303,48.45590247822037,81700
2023-04-13,48.30702972412109,48.47342329434159,47.80784567269283,48.0530579531792,89700
2023-04-14,48.32453918457031,48.68360140969458,47.86914262135504,48.64857013388579,78300
2023-04-17,49.21782302856445,49.24409481843034,48.4208797752205,48.4296359249202,84700
2023-04-18,48.70112228393555,49.287881183372505,48.35957565999264,49.287881183372505,71400
2023-04-19,49.4367561340332,49.47178740913217,48.31577871623018,48.42087254152708,41500
2023-04-20,48.65733337402344,50.07606674598069,48.23696805421264,49.40172966812798,42100
2023-04-21,48.3157844543457,49.077699744787154,48.28075651585299,48.92006232888662,35700
2023-04-24,48.131874084472656,48.517211465466346,47.97423667238735,48.41211763023175,32100
2023-04-25,48.06181335449219,48.91130011423063,47.764054178906605,47.764054178906605,57300
2023-04-26,47.273624420166016,48.123114486551486,47.186049571179744,47.64144613559432,73700
2023-04-27,48.27199172973633,48.517207316882704,47.60641420066198,47.60641420066198,40400
2023-04-28,49.37545394897461,49.66445362175261,48.55223567337535,48.56099516268864,98000
2023-05-01,49.80457305908203,50.20742602953027,49.025145584898766,49.025145584898766,53100
2023-05-02,49.62942886352539,56.968318393178585,49.03391380190424,56.74937790232322,170200
2023-05-03,49.83085632324219,50.99561798028997,49.46303456680776,49.76079376362927,63100
2023-05-04,50.592769622802734,50.62780090353564,49.34918588291898,49.42800459418462,86100
2023-05-05,51.97646331787109,52.17789147881467,51.03064227787475,51.03064227787475,47500
2023-05-08,52.08155822753906,53.16750104943789,51.03064334061679,51.96770825175785,77900
2023-05-09,52.70335388183594,53.39520661707813,51.23207355354959,51.94144192850551,66500
2023-05-10,53.23755645751953,53.579102998268205,52.51067261683625,53.37767820092324,46600
2023-05-11,52.67707824707031,52.747137460044016,51.84510379562151,52.747137460044016,43800
2023-05-12,52.19540786743164,52.60701702919097,51.84510511213492,52.60701702919097,43100
2023-05-15,51.92392349243164,52.35304494962429,51.62616431486743,52.23043881899781,48600
2023-05-16,51.2057991027832,51.521073919709565,50.65406817316207,51.47728315231807,62200
2023-05-17,51.73125076293945,51.99397864242562,50.54021414578484,51.59112900449575,56500
2023-05-18,52.01148986816406,52.41433947192385,51.24081859170962,51.319637282946616,76900
2023-05-19,51.90640640258789,53.12371486658657,51.83634384946483,52.50192474106826,81200
2023-05-22,52.53695297241211,52.87849954717382,51.46852248458013,52.1078282113229,81700
2023-05-23,52.84347152709961,53.6404146975468,52.63328720773527,52.69459027155686,53200
2023-05-24,50.97809600830078,51.81882657462683,49.54184712230219,49.54184712230219,59900
2023-05-25,50.61903381347656,51.5911299928886,50.40885284216744,51.091946010071545,84900
2023-05-26,51.46852493286133,51.81007152386989,50.36506311800831,50.79418789951035,52000
2023-05-30,51.722503662109375,52.42311257688094,51.643684950399646,51.8275941641334,43000
2023-05-31,51.50355911254883,52.3005023167516,51.49479962262248,51.73125573913538,199600
2023-06-01,51.529823303222656,52.19540078652981,50.99560808254354,51.49479203021542,86700
2023-06-02,54.24468612670898,54.40232352214738,51.5210696627817,52.20416281583725,81400
2023-06-05,53.36017227172852,54.23593416249607,53.211291013099455,53.83308449452696,62100
2023-06-06,54.89276123046875,55.23430786849952,53.23757162107852,53.40396519477466,62900
2023-06-07,56.20639801025391,56.67055073995881,55.38318304156161,55.409454829049366,60000
2023-06-08,54.70884323120117,56.04875777778104,54.043262361760895,56.04875777778104,174100
2023-06-09,54.822696685791016,55.48827763803882,54.069544215693135,54.68257490754412,58200
2023-06-12,54.209659576416016,54.96281195735315,54.13084087668504,54.813934047175934,57900
2023-06-13,54.507423400878906,54.88399795318188,53.684205057533056,54.65630132379327,97800
2023-06-14,54.48991012573242,55.21679081407293,53.86811659622819,54.892759824849655,64400
2023-06-15,54.59499740600586,54.67381611125207,53.736751138195125,54.59499740600586,50100
2023-06-16,54.89276123046875,55.111701725695326,54.31475845670126,54.927792511489045,198800
2023-06-20,54.03450393676758,54.77014398523836,53.61413867203659,54.77014398523836,63400
2023-06-21,53.50905227661133,53.98196451785482,53.19378078988229,53.98196451785482,58400
2023-06-22,52.25671005249024,53.57911236911546,51.65243555476931,53.57911236911546,82000
2023-06-23,50.83797836303711,52.01149945966166,50.44388483417689,51.96771203218087,121200
2023-06-26,52.03777313232422,52.519444874354285,50.837980203919095,50.837980203919095,47100
2023-06-27,52.8697395324707,53.097439473891946,51.81006854419096,52.09907154504881,36600
2023-06-28,52.60701370239258,53.01862283812229,52.10782971856844,52.94856028703369,79400
2023-06-29,54.12299346923828,54.18505068583395,52.757727940404166,52.757727940404166,44300
2023-06-30,54.39782333374024,55.67443334217184,53.19213441262242,54.71697668131434,118300
2023-07-03,55.20456314086914,55.240025370685885,54.06979884164839,54.41554712770069,29500
2023-07-05,55.09817886352539,55.656693754919225,54.220507291262585,55.080447748929096,68900
2023-07-06,55.133636474609375,55.51484697522113,53.57333562562913,54.59285270993765,89500
2023-07-07,55.35527420043945,55.9847169619876,53.271917173427234,55.248890889671735,66200
2023-07-10,55.87833404541016,56.41025739892314,54.61058795172156,55.160242421871445,59300
2023-07-11,56.63189697265625,56.649628091074206,55.14251684419795,55.94926413195744,34700
2023-07-12,56.74714279174805,57.67800106662702,56.729411674817285,56.73827554235029,66300
2023-07-13,57.35884094238281,57.56274707204031,56.59642329571191,56.90671273250836,60800
2023-07-14,57.67798614501953,57.68685339212328,56.94216696487452,57.50068178531109,54900
2023-07-17,56.56097030639648,57.75779538922607,56.38366251095525,57.47410426926607,66100
2023-07-18,56.59642791748047,56.995369579160304,56.1708912723102,56.809197930997925,62400
2023-07-19,55.98471832275391,57.208134880980246,55.92266110814233,57.07515320288999,75300
2023-07-20,56.64075469970703,56.73827414949983,55.86946973240938,56.03791026631942,36700
2023-07-21,56.56097030639648,56.88898752975056,56.401393628685874,56.88012704368262,47900
2023-07-24,56.88898086547852,57.43863530514342,56.67621424136557,56.68507810826006,30700
2023-07-25,55.52371597290039,56.782598065764745,55.22229378575239,56.63188528125857,63600
2023-07-26,55.17797088623047,56.06450638427369,55.01839422603353,55.43506361044595,43100
2023-07-27,53.6619873046875,55.20456040667072,53.30737516967661,55.20456040667072,42800
2023-07-28,53.88362884521485,54.362358846740655,53.73291942725192,54.29143776236536,53900
2023-07-31,55.080448150634766,55.080448150634766,53.88362327063877,53.88362327063877,99900
2023-08-01,59.01666641235352,59.38900968926617,56.40138607976066,56.445712177222006,126000
2023-08-02,57.624813079833984,58.42269645983917,56.49891247998882,58.42269645983917,90500
2023-08-03,56.65848159790039,57.553880932138014,56.27727107629092,57.341114313762375,70500
2023-08-04,56.82691955566406,57.55387833573732,56.17974909934832,56.56095960376043,41000
2023-08-07,57.7755126953125,58.12126097398185,56.71167287844199,56.90671175640492,64200
2023-08-08,56.50777816772461,57.34998762736897,55.72762592682476,57.13721422276249,41100
2023-08-09,56.31273651123047,56.88898256883264,55.505989325095726,56.640753705980295,27700
2023-08-10,56.36592483520508,56.747135344526185,55.97584707764991,56.3215953577634,43900
2023-08-11,56.40138244628906,56.40138244628906,55.91378864189696,56.224074686001686,31500
2023-08-14,55.505985260009766,56.0999623902953,55.13363861113615,56.0999623902953,38700
2023-08-15,54.07867050170898,54.97406995150363,54.01661328151851,54.97406995150363,19500
2023-08-16,53.36943817138672,54.805624745094576,53.2719187245666,53.92795648744266,32000
2023-08-17,53.591068267822266,55.17796752427855,53.19212664163712,53.46695384675674,74300
2023-08-18,53.61766052246094,54.078659335736816,53.04141454226421,53.04141454226421,52900
2023-08-21,52.65134048461914,53.62653152078087,52.65134048461914,53.41376152213295,80100
2023-08-22,53.05914688110352,53.4048985574787,52.60701527640436,53.01482078368038,35800
2023-08-23,54.21163940429688,54.37121604196422,53.03254573507304,53.03254573507304,38900
2023-08-24,55.06271743774414,55.37300349304583,54.01660533434936,54.01660533434936,72400
2023-08-25,55.44392776489258,55.55917493826367,54.67263948969884,54.67263948969884,40100
2023-08-28,55.71875,56.19747994021517,55.42619506888913,55.70102226757508,31300
2023-08-29,56.55210113525391,56.55210113525391,54.68151066340139,54.96520175675807,46200
2023-08-30,57.624813079833984,57.7489275207537,56.25954746598727,56.3304719361499,57600
2023-08-31,57.39430618286133,58.26311394597613,56.77373404044295,57.76665623204143,73900
2023-09-01,56.82691955566406,57.74891721200331,56.29499965185679,57.57161283197707,114400
2023-09-05,56.30386734008789,57.11948174740345,56.00244513897239,56.31273458880968,95600
2023-09-06,56.224082946777344,56.60529350375243,55.55918128440657,56.60529350375243,28700
2023-09-07,56.1442985534668,56.54323684937364,55.40847241648084,56.23295075658726,55700
2023-09-08,55.0361213684082,56.135423412772,54.60171751770902,56.135423412772,44100
2023-09-11,54.78789520263672,55.053855185870624,54.51307135210303,55.053855185870624,46300
2023-09-12,54.87654495239258,55.02725435352323,54.49533444359064,54.805620494073935,45900
2023-09-13,53.92795944213867,54.92974218449825,53.88362995889013,54.787896630951295,45600
2023-09-14,54.9651985168457,55.08044907356112,54.22050859521386,54.45987357522385,52700
2023-09-15,55.32868194580078,55.523720843377,53.87476422679716,54.69924253508708,256300
2023-09-18,55.3641357421875,55.46165517611586,54.33575482579922,55.32867351496553,62400
2023-09-19,54.85882186889648,55.31982076986291,54.7701662830194,55.266627418336654,41500
2023-09-20,54.34462356567383,55.32867847722356,54.16731579552592,55.01839241586303,44900
2023-09-21,52.97049331665039,54.07866263289831,52.80205279805188,53.9634120770865,48300
2023-09-22,53.49354934692383,54.91200471838489,52.79318552769927,52.79318552769927,101100
2023-09-25,53.83930587768555,54.01661367173845,52.81092473041657,53.28965475979994,59400
2023-09-26,53.13893508911133,53.94568223510118,52.988225681840376,53.493550631423886,67700
2023-09-27,53.404903411865234,54.23824561750836,52.82865394739125,53.121208922468135,80600
2023-09-28,54.131797790527344,54.56255439350047,53.43181873861466,53.43181873861466,92700
2023-09-29,54.07796096801758,54.67025182399816,52.78569094315532,54.52666626568013,84100
2023-10-02,52.31006240844727,54.15872597267416,51.76264141864623,53.727969314310144,70300
2023-10-03,51.43059539794922,52.03185877115954,51.07162983970325,51.87930063408204,41000
2023-10-04,51.9959602355957,52.27415870747467,50.97291287042992,51.48443655301281,38500
2023-10-05,51.94211959838867,52.785684218115954,51.46648971558507,52.202366036131046,154900
2023-10-06,52.0318603515625,52.32800745961291,50.9280458479507,51.52930923942365,78100
2023-10-09,52.63312911987305,52.87542695118983,51.48444130997181,51.48444130997181,45200
2023-10-10,52.19339370727539,53.30618421572962,51.94211986677092,52.50748600790597,90100
2023-10-11,52.31006240844727,52.8395347762311,51.75366539596282,51.82545988403163,105900
2023-10-12,51.5472526550293,52.23825908068712,50.47036290302395,52.23825908068712,159600
2023-10-13,50.67677307128906,52.32800856213669,50.47036906285179,51.35880355902312,46500
2023-10-16,51.0088119506836,51.18829473181281,50.35370270940885,51.18829473181281,135800
2023-10-17,51.376747131347656,52.507482767178814,50.73958654747971,50.75753516688644,91000
2023-10-18,49.35757446289063,50.721638749757865,49.29475600562397,50.721638749757865,75200
2023-10-19,48.47811508178711,49.47424127344736,48.22684124005276,48.95374154602695,82100
2023-10-20,47.64352416992188,48.81913317183631,47.53583586713067,48.81913317183631,97800
2023-10-23,45.992286682128906,47.831977464744206,45.83972854512267,47.33840238989853,71500
2023-10-24,46.56663131713867,46.844829810637385,45.74101528226423,46.41407317200514,104500
2023-10-25,45.39999771118164,47.02431196215608,45.34615184832607,46.2256137348707,87600
2023-10-26,44.691036224365234,46.24355577044349,44.45771103191689,45.48973091456196,50400
2023-10-27,42.91416931152344,44.852575830893215,42.68084409064947,44.4756650687085,136800
2023-10-30,43.62312698364258,43.81158237581241,41.944970229052586,43.425695568979215,186800
2023-10-31,43.59620666503906,44.90642526154701,42.95006996611477,44.88847663953804,125800
2023-11-01,43.13852310180664,43.542358517474106,41.96291409694123,43.45261541213166,94200
2023-11-02,43.96414566040039,44.260289370580296,43.28211170500786,43.865429949223866,144000
2023-11-03,45.615379333496094,46.62047817848219,44.90642418619227,44.90642418619227,83700
2023-11-06,46.78200912475586,46.799957745097856,45.45384202959187,46.38714632393056,194800
2023-11-07,46.50381088256836,46.85380042265589,46.35125274390428,46.76406074383577,163000
2023-11-08,47.105079650878906,47.105079650878906,46.16279586720343,46.66534699027372,65100
2023-11-09,45.85767364501953,47.733261664145495,45.73203672696265,47.733261664145495,83600
2023-11-10,46.05511474609375,46.162803066635945,45.193601335056215,45.84871070532538,110700
2023-11-13,45.229488372802734,45.98331329312775,45.1935911329422,45.87562157354617,104300
2023-11-14,48.83707427978516,49.36654657391438,47.13199650553874,47.13199650553874,119900
2023-11-15,48.37042999267578,49.097330346906496,47.85890625327285,48.55888538648748,98200
2023-11-16,48.0114631652832,48.96271955573014,47.93966867995914,48.442219807179136,71000
2023-11-17,47.67044448852539,48.49606392324721,47.61660204982245,48.49606392324721,65100
2023-11-20,48.28965759277344,48.45119174779481,47.24866160671862,47.41916835997487,57500
2023-11-21,48.10120391845703,48.13710116191749,47.16789955193201,47.85890608347283,64100
2023-11-22,48.5858039855957,48.90887231375272,47.99351319175763,48.38837257986655,41400
2023-11-24,48.621700286865234,48.81015566686216,48.011460884004336,48.81015566686216,11900
2023-11-27,48.14607620239258,48.69349374892556,48.02043585284373,48.38837403243448,96600
2023-11-28,48.37939453125,48.63066834780005,47.625569658250846,47.93068933121119,123400
2023-11-29,48.0114631652832,49.35757895496404,47.98454194496142,48.83707920641303,62400
2023-11-30,47.86787414550781,48.325551974524224,47.66147015019851,48.01145968239034,83700
2023-12-01,48.76528549194336,49.33065505139496,47.63454979638945,47.97556331308152,127400
2023-12-04,49.57296371459961,49.6627034064623,48.1819745272792,48.34350871131189,56700
2023-12-05,49.35757446289063,50.012683676778,48.846050783234055,49.330653245018965,59500
2023-12-06,48.55888748168945,50.0934587661114,48.53196625951178,49.824236274285575,45300
2023-12-07,48.89092254638672,48.97168962653191,48.271710547506494,48.271710547506494,71300
2023-12-08,48.899898529052734,49.09732650664431,48.271710508799366,48.5858028072514,63700
2023-12-11,48.43324661254883,49.16912296132314,48.42427059031897,48.94477033246879,56600
2023-12-12,48.71144104003906,49.11527645132979,48.226841969839576,48.226841969839576,164500
2023-12-13,50.67677307128906,50.937019519888565,48.40632213178017,48.567856298965765,164000
2023-12-14,52.51646423339844,52.51646423339844,51.10752998571007,51.80750909839998,79800
2023-12-15,52.02288436889648,52.40877113245862,51.30495327729772,52.33697665395908,207900
2023-12-18,52.23826217651367,52.77671050777576,51.94211850416638,52.51646065216654,70600
2023-12-19,52.81260299682617,53.22541440075396,51.852374100400176,52.40877103771832,169900
2023-12-20,52.43569564819336,53.7907839932842,52.16647318358551,52.60620241033015,126200
2023-12-21,51.8613510131836,53.907445754998605,51.35879992600569,52.92926822216877,69900
2023-12-22,51.92417144775391,53.01901333994228,51.789558505047374,51.90622282716974,43200
2023-12-26,52.28313446044922,52.525435707348215,51.69084366470147,52.3100591034487,37300
2023-12-27,52.9202995300293,53.05490905419808,52.14852593407023,52.597231194665085,85700
2023-12-28,53.91073989868164,53.97434575110351,51.80264783891745,52.575010065304326,61800
2023-12-29,52.88395309448242,54.00160321896973,52.76582645705432,53.50184147544012,95400
2024-01-02,52.02981185913086,53.229244906057225,51.89351509138984,52.3569296477236,88200
2024-01-03,50.612300872802734,52.05706864674008,50.58503874904336,52.05706864674008,48100
2024-01-04,50.02167510986328,50.666822140272,49.85811621958237,50.54869897104822,64900
2024-01-05,49.29474639892578,50.10345228294271,49.07666673302094,49.44013168744277,63200
2024-01-08,50.176151275634766,50.348795238422994,49.08575977833157,49.34018319007401,68400
2024-01-09,49.71272659301758,49.930806249810544,49.14935905683537,49.45830321530792,42600
2024-01-10,50.176151275634766,50.37605389932139,49.467394895945226,49.63095379385366,51400
2024-01-11,49.92172622680664,50.0671115340235,49.34018499793919,50.0671115340235,77300
2024-01-12,50.86672592163086,51.39374975899341,50.11254082054496,50.83037873293164,54400
2024-01-16,50.22157669067383,52.0025472627605,49.95806478369182,52.0025472627605,115000
2024-01-17,50.21249008178711,50.25792580051152,48.78589586355944,49.45830498533172,84500
2024-01-18,49.62186813354492,50.376053294842734,49.58552094194385,50.376053294842734,58300
2024-01-19,51.6118278503418,51.6118278503418,49.3765276572925,49.93989523774405,61000
2024-01-22,52.65678405761719,52.747648561302455,52.05706932102196,52.15702235483093,70600
2024-01-23,51.93894958496094,53.56545006706018,51.83899653788927,53.201985071573965,86500
2024-01-24,50.93032836914063,52.65678158826748,50.93032836914063,52.65678158826748,41100
2024-01-25,51.24836349487305,51.82081610782416,50.98485158120808,51.70269294618839,58000
2024-01-26,50.70317077636719,51.85716810569489,50.52143828573325,51.77538865822257,50800
2024-01-29,50.90308380126953,51.10298991484188,50.42149558176461,50.557792368624405,38600
2024-01-30,50.13071060180664,50.59412858886875,49.97624025029172,50.52143421197325,44300
2024-01-31,49.75815963745117,51.003024821118814,49.33109231323558,50.41239515200593,84000
2024-02-01,50.22157669067383,50.30335612848692,48.949452872749895,49.47647668671392,65100
2024-02-02,49.37652969360352,50.076197532398055,49.0766705628663,49.50374139770089,51900
2024-02-05,48.69503402709961,49.47648129086442,48.53147513625307,49.067584063748086,73000
2024-02-06,49.04032897949219,49.34927318847604,48.34974617528869,48.34974617528869,50800
2024-02-07,48.71320724487305,48.98580423875207,48.34065721111132,48.67686005468682,89100
2024-02-08,48.84950256347656,49.15844673840173,48.186181960366966,48.44060881788453,78700
2024-02-09,49.403785705566406,49.4946536795209,48.16800898985554,48.71320643480615,90500
2024-02-12,49.54008483886719,49.90354632787877,49.42195820846554,49.56734349732192,49600
2024-02-13,47.84089660644531,49.013064054400495,47.48651669315862,48.16801092706093,85500
2024-02-14,48.9948844909668,49.53099336165191,48.05896696627831,48.068055496061625,102900
2024-02-15,51.53913497924805,51.53913497924805,49.58551691748721,49.58551691748721,87500
2024-02-16,50.95759201049805,51.55730673684089,50.830376854751385,51.01210932527376,64800
2024-02-20,50.73043441772461,51.02120502491707,49.73999595376934,50.11254601087587,160500
2024-02-21,52.70221710205078,53.40188488297733,49.26748751046473,50.89398433494729,121700
2024-02-22,51.76630401611328,52.456883326649205,51.593656588785066,52.456883326649205,95400
2024-02-23,51.13932800292969,51.6300047005133,50.68499849766909,51.6300047005133,64700
2024-02-26,50.31244659423828,51.19384691127655,50.20340848753279,50.68499663621939,108800
2024-02-27,50.33061599731445,50.87581341794613,49.85811295260378,50.87581341794613,78200
2024-02-28,50.566871643066406,51.10298055892021,49.92172115817676,49.92172115817676,65800
2024-02-29,50.51234817504883,51.48461291661748,50.3306157025692,51.29379538033023,63700
2024-03-01,50.88489532470703,50.95758969611779,49.685465926496754,50.1852275980413,123700
2024-03-04,51.84807968139648,51.884423404161154,50.366964658150806,50.75768827450555,80900
2024-03-05,50.893985748291016,52.11158886759511,50.60321516454008,51.548221294860014,97600
2024-03-06,50.34879302978516,51.46644313895908,50.3215343700825,51.40283728881365,50700
2024-03-07,50.53053283691406,50.82130347006719,50.26702086741299,50.73952401285166,35900
2024-03-08,51.58456802368164,51.58456802368164,50.83037944576054,50.83037944576054,52000
2024-03-11,51.39375686645508,51.6027480309898,51.10298624916683,51.25745662311282,37100
2024-03-12,51.12115097045898,51.62091616565919,50.75768947043743,51.12115097045898,49200
2024-03-13,51.88442993164063,52.32058932227635,51.14841832574357,51.28471510234046,124900
2024-03-14,50.49417495727539,51.63908711604382,50.067104163706055,51.46643970608585,53100
2024-03-15,51.003021240234375,51.003021240234375,49.99440938152922,49.99440938152922,129500
2024-03-18,50.11254501342773,51.03937413899404,50.07619782168737,50.79403926039407,60900
2024-03-19,49.95806503295898,50.34878863043121,49.52190918453248,49.976238626592405,46600
2024-03-20,51.64817428588867,52.02980937686701,49.75816202697088,49.75816202697088,62900
2024-03-21,52.49323654174805,52.784007175997495,51.40284493018292,52.05708059037387,85200
2024-03-22,51.70269775390625,52.75674204032069,51.221106133674,52.75674204032069,92700
2024-03-25,50.72134399414063,52.13885325101298,50.72134399414063,51.62091790963362,42700
2024-03-26,50.77586364746094,51.911687347284406,50.36696642227272,50.92124894238798,96300
2024-03-27,51.83503723144531,52.36923085545238,51.41136860693848,51.41136860693848,66600
2024-03-28,52.62710571289063,52.77446883808745,52.09291570158239,52.09291570158239,69500
2024-04-01,51.752140045166016,52.9863076417516,51.47583460097224,52.9863076417516,87200
2024-04-02,51.09822082519531,51.31926730799815,50.56403072132834,50.88638651560887,121200
2024-04-03,51.448204040527344,51.7337181377764,50.56402523213119,50.74822651548636,41900
2024-04-04,51.35610580444336,52.682377683310285,51.30084681843369,52.04687123688166,66500
2024-04-05,51.5587272644043,51.7429320674302,50.74822823913894,51.15347950847881,40000
2024-04-08,54.5059928894043,54.515201548403695,51.6324099438262,52.0652871850849,73000
2024-04-09,56.47697830200195,56.64276227754598,54.10074717489507,54.50599494099464,69400
2024-04-10,55.3441276550293,55.60201229715458,54.47836956116958,54.9480885183856,235300
2024-04-11,56.412506103515625,56.95590834366158,55.18754714168608,55.80463270889595,168600
2024-04-12,55.94279098510742,56.71644840468471,55.20597171814647,55.97042047792333,213800
2024-04-15,56.71644592285156,56.71644592285156,55.52832859595277,55.99804752034221,131000
2024-04-16,57.140113830566406,57.50851993004415,55.61121990986837,56.09935966054824,114300
2024-04-17,57.02958679199219,57.674301834709,56.799331670551496,57.416417222988,75600
2024-04-18,57.62825393676758,58.02429304337488,56.69802475292696,56.93748854339407,78900
2024-04-19,59.76502227783203,60.06896074246784,57.80324754389636,57.80324754389636,128600
2024-04-22,60.4005241394043,60.94392284409978,59.58081648283848,59.58081648283848,87300
2024-04-23,59.70976257324219,61.06366387497738,59.54397859697198,60.17947798365029,82300
2024-04-24,59.77423477172852,60.75051430077563,59.44266681340514,59.44266681340514,124100
2024-04-25,59.24925231933594,59.54397860755436,58.79795071420584,59.129515153390685,56400
2024-04-26,59.488712310791016,60.07817191121523,59.083468058212375,59.12951486834481,76500
2024-04-29,59.60844421386719,60.197896735425,59.19398079829076,60.050530091621376,62300
2024-04-30,61.93862915039063,62.50966439489275,58.66900705033913,58.87162917293608,182000
2024-05-01,63.366207122802734,64.112231407543,61.86493935486711,62.10440662937226,141800
2024-05-02,63.51356887817383,64.44380149270732,62.426764474837874,63.624093860943496,100400
2024-05-03,63.28331756591797,64.37933420697695,62.113624625418666,63.8359284592785,71200
2024-05-06,63.872779846191406,64.61881134128876,63.23728038415342,63.47674069073941,56800
2024-05-07,64.5082778930664,65.09773046215798,64.05697980697448,64.35170609152027,105100
2024-05-08,63.32937240600586,64.40696471917481,63.02543395044676,64.40696471917481,84700
2024-05-09,65.32798767089844,65.72402678712774,63.35700426273282,63.35700426273282,97300
2024-05-10,64.68327331542969,65.2911431962586,64.27802204365787,64.85826243356212,48700
2024-05-13,64.37933349609375,65.24508797629494,64.06618287632242,65.24508797629494,42700
2024-05-14,64.33328247070312,65.69639594384763,63.974085026955855,65.13457285966263,109000
2024-05-15,64.41618347167969,65.21746690221953,64.2319751342691,65.21746690221953,114600
2024-05-16,64.14908599853516,64.39775846796715,64.01093150359316,64.39775846796715,82700
2024-05-17,64.12145233154297,64.5359087625644,64.06618632106547,64.47143760603154,103800
2024-05-20,62.67544555664063,64.5174864896578,62.5741327431784,64.27801920085358,108800
2024-05-21,62.33466720581055,62.942537076834896,62.15046591806467,62.61097616425806,86900
2024-05-22,62.28861999511719,62.629400143202034,61.77285071311154,62.178102021447096,63300
2024-05-23,61.54258728027344,62.08599300936935,60.90708090990847,62.08599300936935,71000
2024-05-24,62.38993453979492,62.638614041057686,61.736010745869685,62.638614041057686,51200
2024-05-28,61.68994903564453,63.5135654793728,61.3399567890172,62.90569567373936,47500
2024-05-29,60.67683410644531,60.94393092149955,60.29921931745792,60.86104244104968,73100
2024-05-30,62.0123176574707,62.150472150548666,61.28471055230085,61.28471055230085,70900
2024-05-31,62.86886596679688,63.0438550965498,62.085999889018986,62.84123647403743,70500
2024-06-03,62.629390716552734,64.416172641463,61.90178371647926,63.50435733494969,77200
2024-06-04,63.53200149536133,64.09381757382383,62.70308158371539,62.70308158371539,76300
2024-06-05,63.46752548217773,64.0846075254331,62.739918450214326,64.0846075254331,39600
2024-06-06,63.4491081237793,63.69778761904767,62.878072826153286,62.878072826153286,35800
2024-06-07,62.71227264404297,62.99779373254052,62.260974637281095,62.73069698617967,94700
2024-06-10,62.06756591796875,62.546500474296295,61.43205957573068,62.05835374620101,55100
2024-06-11,61.31233215332031,61.83731353797655,61.137336016158734,61.53337509769438,69300
2024-06-12,61.68994903564453,63.61487828478303,61.66231252130978,62.69385789147398,59900
2024-06-13,61.63469314575195,62.27019956998299,61.35839119852519,61.35839119852519,55900
2024-06-14,62.2978401184082,62.362311286886126,61.045251393554,61.045251393554,66300
2024-06-17,62.021514892578125,62.17809371240242,61.51495785168087,61.7544251406811,76400
2024-06-18,62.71227264404297,62.94252773295808,61.643892685427225,62.27018680834944,46900
2024-06-20,62.77676010131836,63.31094664623511,61.84652743697937,62.21493703910826,130700
2024-06-21,61.791259765625,62.997801355784304,60.69525018800585,62.997801355784304,319100
2024-06-24,62.9978141784668,63.45832450575554,62.159682009922896,62.159682009922896,111100
2024-06-25,62.15046691894531,63.85435345193476,61.63469065665905,62.666236154402746,42900
2024-06-26,62.31624603271485,62.58333577537485,61.75442300496851,61.95704159822295,70500
2024-06-27,62.68465042114258,63.01621834974642,62.07678056992118,62.583337608134265,93300
2024-06-28,62.982669830322266,63.37381410945829,62.3959640693069,63.32724711511745,194600
2024-07-01,62.43320846557617,63.07579596076959,61.46467336598207,62.954724632617264,67000
2024-07-02,63.951202392578125,64.09089626466877,62.58221523531567,62.69397175401328,67900
2024-07-03,63.22479248046875,63.95119197081229,62.666024188290976,63.95119197081229,64600
2024-07-05,63.34587097167969,63.42969014221718,62.59153396247189,62.936111254457714,69800
2024-07-08,63.78356552124024,64.07226805937296,63.22479718746297,63.49487008823237,76800
2024-07-09,63.98845291137695,64.46340922215734,63.429684542584006,63.63456793567065,68800
2024-07-10,64.2585220336914,64.48202794698233,63.83944755813033,64.48202794698233,104900
2024-07-11,65.1246109008789,65.37605414766152,64.15607587063863,65.18980041709102,157000
2024-07-12,64.84522247314453,65.88826182597288,64.74278079094155,65.66475593076834,70200
2024-07-15,64.10021209716797,65.71132774604793,64.07227474333344,65.57164097687526,94300
2024-07-16,65.89759063720703,65.99071752122394,63.76495159912843,64.7893615335661,136200
2024-07-17,65.8696517944336,66.26078896154381,64.63104366012557,65.19912687645856,220300
2024-07-18,65.00355529785156,66.18628156441687,64.7241675598596,65.4226297997142,221800
2024-07-19,64.6403579711914,65.32019059842011,64.55653880454129,65.15255937024546,94600
2024-07-22,65.7672119140625,66.09315956234738,64.60310809509802,64.60310809509802,311100
2024-07-23,66.00933837890625,66.40048265004096,65.14324487981439,66.13040971966547,215000
2024-07-24,64.64966583251953,66.13971725016337,64.47272688941301,66.01865301486674,131300
2024-07-25,64.37027740478516,65.68338261541811,64.16539402742228,64.93836054924597,116200
2024-07-26,65.54369354248047,65.81376645916333,64.17471353085563,65.00355481424,123700
2024-07-29,64.81729125976562,65.74857420058159,64.11882905415366,65.74857420058159,137600
2024-07-30,64.27715301513672,65.33882222935445,62.56359561278688,65.33882222935445,178800
2024-07-31,65.031494140625,66.58673505843812,63.336559350615225,64.71485422330423,268800
2024-08-01,65.674072265625,66.1397137530887,64.60310252855868,65.32018729299767,86200
2024-08-02,65.59956359863281,66.11176488253096,64.77072246375988,64.77072246375988,63400
2024-08-05,63.439002990722656,64.66829631443598,63.25274212038688,64.42616073556232,81800
2024-08-06,65.2177505493164,65.48782348516696,63.215490580166254,63.215490580166254,70000
2024-08-07,65.7672119140625,66.17697162685242,65.46920162061262,65.87896133340254,111400
2024-08-08,66.2887191772461,66.67054148351045,65.41331095025605,66.23284447514031,129000
2024-08-09,66.21421813964844,66.86612048559941,66.02796438659115,66.46566852191353,148800
2024-08-12,66.74504852294922,67.39695086276112,66.21421751609714,66.63329911421731,336000
2024-08-13,67.89984893798828,67.9091566525718,67.05237797259655,67.25726137544403,213800
2024-08-14,69.03599548339844,69.35263534876351,68.02090058190674,68.32822562928699,204000
2024-08-15,68.73799133300781,69.9859141637371,68.07678130009619,69.89278729102595,461500
2024-08-16,69.45508575439453,69.82760036420565,68.17922552495713,68.61692965860081,219700
2024-08-19,69.87416076660156,69.87416076660156,68.48655111754405,68.94287778774748,147400
2024-08-20,69.12914276123047,69.83691275159657,68.98944888506259,69.76241550874929,136700
2024-08-21,69.05464172363281,69.28746249336514,68.25373770734353,68.99875990741135,183700
2024-08-22,68.26305389404297,69.05464310595353,68.17923472059593,68.90563439988152,118500
2024-08-23,69.08257293701172,70.02317075253654,68.30029152559862,68.98944605842395,341300
2024-08-26,69.43646240234375,70.04179780994872,68.76593746500446,69.79966222588156,217700
2024-08-27,69.3526382446289,69.74377535483178,68.42135535074131,69.44576511299275,120300
2024-08-28,69.389892578125,70.02316524993313,68.9987483505929,69.05463015745454,62900
2024-08-29,69.82759857177734,70.07904184149847,68.97081285966732,69.41783180099102,76000
2024-08-30,69.65997314453125,70.37705794786034,69.42715238817269,70.01385813635103,157400
2024-09-03,70.16285705566406,70.18148669433414,69.13844718769609,69.13844718769609,146000
2024-09-04,69.8462142944336,70.06041247785791,69.2408790161903,69.31538335000087,77900
2024-09-05,70.1256103515625,70.9265142726708,69.52027500117248,70.52606231211665,68100
2024-09-06,69.11051940917969,70.53538144444607,68.68213002704987,70.53538144444607,70500
2024-09-09,69.02669525146484,69.11050730703862,68.54242413551057,68.78455969348771,97100
2024-09-10,68.67280578613281,69.25951861790732,67.65771073611877,68.82181447519471,195600
2024-09-11,67.58319854736328,68.21647119212312,67.20137625992878,68.21647119212312,174100
2024-09-12,68.43067932128906,68.59831054881344,67.49008148322865,67.49008148322865,76800
2024-09-13,70.3118667602539,70.57262486439902,68.4958677455823,68.97081696164997,101200
2024-09-16,68.75662994384766,70.69370041159073,68.73800030379915,70.69370041159073,89400
2024-09-17,68.84974670410156,69.4550820243952,68.65417814310666,68.92425104308766,98500
2024-09-18,69.21294403076172,70.15354173814758,68.30959849155323,69.15706933105797,260700
2024-09-19,69.09188079833984,70.06041586938974,68.5610498282103,70.06041586938974,73600
2024-09-20,68.14197540283203,69.32470879166864,68.08610069647376,68.91494199804015,298500
2024-09-23,68.7100601196289,69.18501644954644,68.42136465689745,68.62624805823936,83100
2024-09-24,68.39342498779297,68.90562636868269,68.32823546276609,68.51448921852138,50200
2024-09-25,67.87191009521484,68.3934334651984,67.26658176141669,68.30961429113134,145100
2024-09-26,67.08961486816406,68.29097055253989,66.71710032101183,68.29097055253989,145100
2024-09-27,66.6612319946289,67.87189550713691,66.36322174945965,67.49938802951887,104300
2024-09-30,66.32242584228516,66.87769741443145,65.89890668928375,66.66123829254242,77900
2024-10-01,65.91773223876953,66.70828981956399,65.14599438022087,66.68947009731819,94700
2024-10-02,67.37650299072266,67.55532266828251,64.9954095553316,65.53186140765149,214800
2024-10-03,66.49182891845703,67.21650668141227,65.79538432829288,67.21650668141227,60500
2024-10-04,65.88949584960938,66.29418807155902,65.30598396343386,66.29418807155902,87700
2024-10-07,65.64480590820312,65.71068571293961,64.99541413268629,65.54127947499435,35700
2024-10-08,65.91773223876953,65.93655196101533,65.27775397701994,65.84243898906735,135400
2024-10-09,66.12478637695312,66.21889935073952,65.19304854949687,65.89890662343423,115000
2024-10-10,65.47538757324219,66.36006522799065,65.26833474507903,65.74832019397009,141600
2024-10-11,65.55069732666016,65.95538963444821,64.99541849487623,64.99541849487623,39500
2024-10-14,66.91534423828125,67.15063026385914,65.28716896228363,65.56950788476131,69100
2024-10-15,66.7929916381836,67.96000820182377,66.60475852768745,67.07533053338935,113800
2024-10-16,67.78119659423828,68.04472298023938,67.10357885702922,67.29180480952732,127500
2024-10-17,65.91773223876953,67.64002762881968,65.64479959386873,67.64002762881968,203500
2024-10-18,67.0753402709961,67.48944599384608,65.96478988910205,66.13419612296249,77900
2024-10-21,65.88008880615234,66.18125463919465,65.51304317151828,65.77656237788531,131000
2024-10-22,66.0118408203125,66.38829986342589,65.40009577279812,65.40009577279812,50300
2024-10-23,66.53887939453125,66.98121823313888,64.9012908089354,65.91772807462623,67200
2024-10-24,66.71771240234375,67.07534461683807,65.89891435557462,66.87770519458907,57600
2024-10-25,66.2188949584961,67.39532500369343,65.79538301436872,66.4635944183977,114600
2024-10-28,66.77417755126953,67.04711022859692,66.20007901971199,66.81182418059335,225500
2024-10-29,65.04246520996094,66.34124140085328,64.05426109534426,64.93893879108265,193700
2024-10-30,66.70829010009766,67.489441413234,65.40951384889084,65.40951384889084,293900
2024-10-31,65.56010437011719,67.14121963533445,65.54127746627796,67.04710665721818,153200
2024-11-01,62.83078002929688,65.71067858145479,62.68019353175061,65.28716662273489,98700
2024-11-04,64.47779083251953,64.5813172684346,63.056661087071205,63.09430771652762,104600
2024-11-05,65.2401123046875,65.2683454803792,63.60252349132927,64.77895368088318,70400
2024-11-06,66.35065460205078,68.44940896371482,65.22128462990423,66.77416654651596,158200
2024-11-07,67.62120056152344,68.17647930127531,66.53888343585885,66.79299635789496,100100
2024-11-08,70.07758331298828,70.31286931948382,67.85648283724167,68.05412222105483,118400
2024-11-11,70.60462951660156,71.06579531044389,69.97406467240069,70.19993725323863,94400
2024-11-12,69.30585479736328,71.12226329842285,69.03292213156718,69.97406628381856,90400
2024-11-13,69.55996704101562,71.45166159818702,69.3246810053153,70.41640447717761,73800
2024-11-14,68.12001037597656,70.02112556278404,67.95060414329431,69.55055349204,73600
2024-11-15,68.25176239013672,68.9764473194819,67.98824320868725,68.40234888259879,96700
2024-11-18,68.2047119140625,68.6094041514499,67.22592121944278,67.22592121944278,78500
2024-11-19,69.10820770263672,69.55054655386719,66.85887400329644,68.1858833766286,63100
2024-11-20,68.28001403808594,68.91057892377506,67.5929756182017,68.52470635827672,89100
2024-11-21,68.73175048828125,69.21173597591377,68.09177223155771,68.60940434374567,51500
2024-11-22,69.3717269897461,70.11523165009491,68.96703476146406,69.06114773029167,56400
2024-11-25,68.96703338623047,70.32228308747332,68.96703338623047,69.26819918868898,103800
2024-11-26,68.61882019042969,68.9576254625373,66.17183977141929,68.78821923630365,212000
2024-11-27,68.9576187133789,69.64465700262764,68.45881353505536,68.92938554182987,123600
2024-11-29,68.23295593261719,69.73878524816146,68.23295593261719,69.5976121791253,113100
2024-12-02,68.12943267822266,68.57177163104153,67.48004083852167,68.13884613136118,104300
2024-12-03,66.97181701660156,68.19530002768089,66.92475693986945,68.19530002768089,81700
2024-12-04,66.74593353271484,67.8188371629088,66.41653455508674,66.75534698360684,83800
2024-12-05,66.09654998779297,67.00004741684182,66.07772308573568,66.63300181067696,72200
2024-12-06,65.88008880615234,66.25654789254519,65.54127634643477,66.10596138584411,72500
2024-12-09,65.94596862792969,67.6117905717511,65.59774271634674,66.30360081091443,116100
2024-12-10,65.68244171142578,66.79299193706605,64.94835052810339,65.68244171142578,74700
2024-12-11,65.53185272216797,66.38829719027483,65.52244645222918,65.82361223852152,80100
2024-12-12,65.83301544189453,66.6047531820928,65.3153905853816,65.61655635764535,95600
2024-12-13,65.36245727539062,65.56010386237203,64.82600540588659,65.56010386237203,101000
2024-12-16,65.26834869384766,66.181259714746,65.13658908055928,65.45658184165991,151300
2024-12-17,64.27073669433594,65.23070059529881,64.1672102604607,64.53425591497829,110700
2024-12-18,61.84257507324219,65.27775231455422,61.74846210369103,64.27072846160229,126700
2024-12-19,60.93907928466797,62.87783379508291,60.71320671558068,62.05904303950664,163100
2024-12-20,62.12491607666016,62.9437067431236,60.28027473909592,60.383801151235225,881100
2024-12-23,62.14374542236328,62.1908055007553,61.34377435221781,61.76728633630664,76500
2024-12-24,62.52019882202149,62.64254496220922,61.62611485677141,62.25667963985765,28500
2024-12-26,62.51078796386719,62.55784803993085,61.2025982693236,62.37902836732032,51100
2024-12-27,62.0025749206543,62.29433449405102,61.22143072184405,62.20021433339136,91400
2024-12-30,62.02161407470703,62.22152937582995,61.24098930996986,61.89785179564674,77900
2024-12-31,62.973594665527344,63.392461699653126,62.17392621302465,62.49760378712282,92200
2025-01-02,61.888328552246094,63.05926190407524,61.39329403132429,63.02118176684714,71000
2025-01-03,62.411922454833984,62.52616288181617,61.57418111276479,61.9359315703083,47800
2025-01-06,59.632137298583984,62.20248516403979,59.56549886542164,62.20248516403979,83300
2025-01-07,58.98479080200195,59.74637550724774,58.26128623989904,59.44174162514943,139400
2025-01-08,58.51831817626953,59.07046569194873,58.19464424241548,58.52783639571137,71500
2025-01-10,57.394981384277344,58.86103417141038,56.62387484861127,57.394981384277344,125300
2025-01-13,57.89952850341797,58.556394589490246,56.80474806177541,56.80474806177541,137100
2025-01-14,57.94712448120117,58.32791860999216,57.58537405352388,57.94712448120117,62100
2025-01-15,58.51831817626953,60.56507671934248,58.02328724028556,60.56507671934248,90700
2025-01-16,58.537357330322266,59.07046476725034,58.385040400982525,58.52783547950738,144700
2025-01-17,58.05184555053711,58.8610322012177,57.84240840752202,58.8610322012177,85600
2025-01-21,59.34654235839844,59.65117622745645,58.1851234629134,58.1851234629134,72500
2025-01-22,57.78529357910156,59.81301574545757,57.70913329514349,58.97527077952984,64000
2025-01-23,58.27080154418945,58.3564800462126,57.41402015548014,57.67105566154958,87700
2025-01-24,58.15656661987305,58.318401778046734,57.74721416722844,57.95665131923887,54800
2025-01-27,59.37509536743164,60.36515716956652,58.12800171175349,58.17560006864959,104500
2025-01-28,59.03239059448242,59.375104628021525,58.65160004840086,59.13710917489964,66300
2025-01-29,57.78529357910156,59.1180658646679,57.50921799703687,58.78487370115687,56000
2025-01-30,58.06136703491211,58.68967482846821,57.70913118178851,58.0708852542972,56500
2025-01-31,57.832889556884766,58.10896512756935,57.11890326605903,57.78529119713413,81600
2025-02-03,57.94712448120117,57.956646331758016,56.76666921868862,57.59489227255877,64000
2025-02-04,58.39455795288086,58.59447323944404,57.49969645717754,57.61393324499623,107900
2025-02-05,59.29894256591797,59.56549628702915,58.28984062931952,58.603996341933765,81600
2025-02-06,59.29894256591797,60.07956729047678,59.14662563506557,59.80349171845615,77600
2025-02-07,58.70870971679688,59.36557941420509,58.09944200962321,59.36557941420509,60400
2025-02-10,58.07088851928711,58.880071578832194,57.58537940986452,58.71823641953209,136600
2025-02-11,58.70870971679688,58.70870971679688,57.89000850498351,57.89000850498351,47300
2025-02-12,58.81343078613281,59.20374315461052,57.70913211203573,57.70913211203573,147900
2025-02-13,59.28942489624024,59.46078190947395,58.489760044990334,58.99431286463288,37200
2025-02-14,59.36558151245117,60.66979547118669,59.05142579710496,59.47030008423324,108400
2025-02-18,59.2608642578125,60.15572580030136,58.99431052845884,59.78445349683813,98700
2025-02-19,60.72691345214844,61.75505543022224,58.58495462935,59.46077604931926,123100
2025-02-20,61.94544982910156,62.22152539768069,60.17476326031408,60.26996361061138,74500
2025-02-21,61.02202606201172,62.99262790807754,60.67931569743151,62.44999862475635,81200
2025-02-24,61.3076286315918,61.6408208049556,60.66028072489441,60.92683446358546,76100
2025-02-25,61.95497131347656,62.84982918032458,60.49843683047937,61.17434660326563,78900
2025-02-26,61.76457214355469,61.89784900496114,60.89827254441277,61.78361584549516,121500
2025-02-27,62.31672286987305,62.63087858236928,60.63171478022016,61.65985315520712,79600
2025-02-28,63.01167678833008,63.24967223501446,61.76457570883358,62.59280247799129,171200
2025-03-03,62.86887741088867,63.66853861713231,62.43096666512984,62.83079726825166,54900
2025-03-04,61.79313278198242,63.13542314026317,61.61225394315452,62.74511443805578,57400
2025-03-05,61.64081573486328,61.85025287319233,60.6412356654672,61.43137859653422,103700
2025-03-06,61.64081573486328,61.85025287319233,60.6412356654672,61.345703728878185,85900
2025-03-07,62.45000076293945,62.811758472902255,61.65033958668455,62.51663919429403,82300
2025-03-10,61.65034484863281,62.83080027468647,61.44090768563001,62.40241135984975,73100
2025-03-11,61.19338607788086,62.345283130403296,60.65075676779932,62.050171110389726,56600
2025-03-12,60.48892211914063,61.08866801539792,59.7178155834241,61.08866801539792,61700
2025-03-13,58.89910507202149,60.57459484959441,58.6801497230872,60.469876284555866,101100
2025-03-14,60.0224494934082,60.098609777658254,58.49928012362946,59.00382929645825,67600
2025-03-17,61.08866500854492,61.16482528900033,59.64165599511265,59.64165599511265,64800
2025-03-18,60.72691345214844,60.97443072754635,59.62261482654435,60.72691345214844,80000
2025-03-19,60.97443008422852,61.726489227042144,59.51789563065797,60.64123431417321,82700
2025-03-20,61.09818649291992,61.53609720834596,59.4702986389305,60.793552635969455,65400
2025-03-21,60.7173957824707,61.40282381505141,60.33660525555427,60.97443492621071,245800
2025-03-24,61.35522079467773,61.8121752297648,60.793555049240986,60.964912054518095,59000
2025-03-25,60.72691345214844,61.42185602512953,60.38419945945717,61.14578772389198,56300
2025-03-26,61.06962585449219,61.39329613746953,60.76499200926019,60.78402844700554,53800
2025-03-27,61.56465530395508,62.06920444703202,60.99346773184993,61.393298306019126,64200
2025-03-28,61.39124298095703,62.02711831106766,60.87097733783103,61.74771598324639,90200
2025-03-31,62.38359451293945,63.08691858107891,60.88060620234462,60.88060620234462,126800
2025-04-01,61.95967102050781,62.59555364108121,61.41050668282403,62.10419046614398,70700
2025-04-02,62.287254333496094,62.56665665918927,60.63974647614551,61.43941444100204,53600
2025-04-03,59.63775634765625,61.08293619121546,59.03077978428232,61.02512767437143,120600
2025-04-04,58.0191535949707,60.14838431113817,57.6626732603751,59.55104434885712,129500
2025-04-07,55.56234359741211,58.92479684123651,54.83975370628743,56.26566765902184,146400
2025-04-08,54.15570068359375,57.32546242940503,53.221153627213766,55.68759133922275,95400
2025-04-09,56.30420684814453,57.06533580097353,52.15172567503321,53.20188986904415,90700
2025-04-10,54.83975601196289,56.28493585497321,53.0477360938673,55.32148262629966,133800
2025-04-11,54.89756393432617,55.99590001507549,53.12480986575183,54.50254826185874,89400
2025-04-14,55.88028717041016,57.65304125524136,55.205869176400455,55.28294719870208,157200
2025-04-15,55.17696380615234,56.949717796219645,54.57962386637553,55.93809269692347,149400
2025-04-16,55.44673538208008,57.3447395147432,54.90720389889001,55.21550865365079,108100
2025-04-17,55.63942337036133,57.00752517654463,55.31184912904834,55.39856006572773,88500
2025-04-21,56.506534576416016,57.62414019928215,55.60088616933455,56.27530417931708,214800
2025-04-22,58.04805755615234,59.24274118771029,56.65104962679841,56.98826046507415,183900
2025-04-23,57.701210021972656,59.79190532139354,57.59522958475232,58.972967918052326,86600
2025-04-24,57.49888610839844,58.40453077500048,56.217491614150376,57.48924951843504,88400
2025-04-25,57.34473419189453,57.67230842283211,56.44872243301476,57.32546468710029,86700
2025-04-28,58.038421630859375,58.47197262499913,57.17131229201537,57.17131229201537,79000
2025-04-29,58.19257354736328,59.146390137491295,57.40254223371458,58.03842118556066,113100
2025-04-30,58.15403747558594,58.98260784035884,54.13643560053841,57.73011570275381,80900
2025-05-01,57.93244171142578,58.394898804526726,57.3254651687948,58.288918364909,114800
2025-05-02,59.17529678344727,59.84971479273541,58.452706846770496,59.01151149526945,77100
2025-05-05,58.81881713867188,59.51250461892412,57.83609443340863,58.89589515882537,80900
2025-05-06,58.72247314453125,59.18493023846945,58.192574620765534,58.703203639540206,74900
2025-05-07,58.42380142211914,59.36798511647381,58.07695768229859,58.82845367700387,85000
2025-05-08,58.33708953857422,58.866988054558185,57.335097345448254,58.57795283450168,65200
2025-05-09,59.136756896972656,59.18492882065514,58.105862293982426,58.26964756955929,69100
2025-05-12,59.107852935791016,60.33143895295363,58.42380203907814,60.33143895295363,82300
2025-05-13,57.71084976196289,59.098221085610206,57.56633030781358,58.85735777888296,69400
2025-05-14,56.90154647827149,57.845730159351845,56.55470274332722,57.46034741490661,56000
2025-05-15,60.76499557495117,61.26599170096788,57.23875686227571,57.23875686227571,160200
2025-05-16,60.98658752441406,61.05402895516498,59.57994671834869,60.63974378039086,125600
2025-05-19,61.66100692749024,61.68027275790655,60.07130762252791,60.6975536942482,99400
2025-05-20,61.9018669128418,62.2198082268798,61.25635504535697,61.38160131275174,89400
2025-05-21,59.81117630004883,61.863328965725344,59.69555927007771,61.17927807716651,260700
2025-05-22,59.136756896972656,60.27363193723366,57.95170993302918,59.859346778056405,103000
2025-05-23,58.924800872802734,59.05005082491283,57.95171470330159,58.82845701750728,82400
2025-05-27,60.22546005249024,60.72645617530623,58.982608173591565,59.47396770590745,144800
2025-05-28,60.03276824951172,60.42778390156685,59.1463894233867,60.42778390156685,80400
2025-05-29,60.72645568847656,61.75735034677964,58.68393587743376,60.11948280200216,77600
2025-05-30,61.420143127441406,61.555025990970215,59.63775613032665,60.28326802729519,192600
2025-06-02,61.51648712158203,61.78625284926104,60.06167436480715,60.36997910366384,107300
2025-06-03,61.3816032409668,61.59356412365058,60.803532784006734,61.19854845382866,120600
2025-06-04,61.46831512451172,61.583928482629325,60.38924853975511,61.18891280671863,74400
2025-06-05,61.33343124389648,61.66100548253374,60.90951315430571,61.4779506956091,161600
2025-06-06,61.51648712158203,62.14273318973103,61.04439709814376,61.89223329235848,68800
2025-06-09,62.61482238769531,62.61482238769531,60.56266968585016,61.5164863105878,101600
2025-06-10,62.8364143371582,64.01182833226873,62.48957062218906,62.77860950151803,114700
2025-06-11,61.892234802246094,63.21216840266421,61.3623362491142,62.76898078915626,67700
2025-06-12,62.38359451293945,62.47030177240846,61.43941082080452,61.4972193357328,54900
2025-06-13,61.19855117797852,62.768981012177576,60.774633069023295,62.113832504976095,58500
2025-06-16,60.28326797485352,61.71881122148403,60.013502248030576,61.53575643189452,83900
2025-06-17,60.11948013305664,60.98658579321823,59.70519497004262,60.32180441956612,64400
2025-06-18,60.26399612426758,61.14073837760776,59.878617054557154,59.9749609031642,92600
2025-06-20,60.03276824951172,60.96731532372088,59.377619800939975,60.46631923509059,199600
2025-06-23,60.53376770019531,61.46831482630933,59.72446684673344,60.16765444676955,81900
2025-06-24,59.87862014770508,61.256358570592624,59.60885074216185,60.36034676618932,211800
2025-06-25,58.47197341918945,60.43741883040985,58.05768824892392,59.43542661975447,155200
2025-06-26,59.28127670288086,59.28127670288086,58.09622965827954,58.6164952901384,124800
2025-06-27,58.59831237792969,60.17888516001276,58.45196146101933,59.515434121240425,201300
2025-06-30,58.72514724731445,59.19346498181534,57.62265087565671,58.54952763164431,81200
2025-07-01,58.81295776367188,59.66178715692297,58.34464002352914,58.79344405926694,81200
2025-07-02,59.437381744384766,59.44714045757023,58.325126640190746,58.66661088636904,107700
2025-07-03,59.603248596191406,59.93497414156416,59.17395824647436,59.6617897119132,34000
2025-07-07,59.0568733215332,59.71056939077366,58.69587909569332,59.71056939077366,73100
2025-07-08,58.76417541503906,59.62275980031507,58.53977339697369,58.55928710139571,145600
2025-07-09,58.43244934082031,59.41787093475688,58.081210108203656,58.69587876528281,224100
2025-07-10,58.83246994018555,59.45689357749279,58.09096780134782,58.09096780134782,153100
2025-07-11,58.61782836914063,58.881254074885696,57.95437730447781,58.3153715325901,108800
2025-07-14,58.88125228881836,59.12516800454977,58.2665873649133,58.461716960011664,109700
2025-07-15,57.99340057373047,59.056873267790266,57.83729466092621,58.64709664237604,163200
2025-07-16,58.2373161315918,58.530017973904194,57.80802580305003,58.24707484466009,88400
2025-07-17,57.72021484375,59.1349267399017,57.56410893449689,57.847052058098924,109300
2025-07-18,57.32995223999024,58.32512887713677,57.17384631976286,57.72021890148803,106000
2025-07-21,57.49581527709961,58.1690213415365,57.14457603587736,57.46654658095063,83800
2025-07-22,57.72997283935547,58.14950819015663,56.939688260943846,57.14457657965363,89800
2025-07-23,57.08603286743164,57.92510353085487,56.91041697499882,57.48605449512661,87400
2025-07-24,56.27623748779297,56.99822596389596,55.93475695475219,56.822610062516894,105200
2025-07-25,56.19818115234375,56.5299066848634,55.87621433299565,56.51039298037888,78500
2025-07-28,55.02738952636719,56.86163311454977,55.02738952636719,56.22745445716042,80600
2025-07-29,55.69084167480469,55.83718888077929,54.98836317617877,55.466435926297976,99100
2025-07-30,54.35417938232422,56.4225874144984,53.84683422661311,55.59327171460466,88400
2025-07-31,53.10533142089844,54.11026300699068,52.96873921174321,53.80780989296369,106500
2025-08-01,52.88092803955078,53.7102399862484,51.758914255798985,53.40778688001816,169400
2025-08-04,53.09557342529297,53.38827527384814,52.72482420167802,52.90044382206767,114300
2025-08-05,52.65652847290039,55.329842763542295,51.475973522533046,55.329842763542295,214600
2025-08-06,51.8857536315918,53.34924799038768,51.54427310328288,52.26626156938134,161500
2025-08-07,52.7053108215332,53.583405207030005,51.92478123824984,52.236993071563184,109600
2025-08-08,52.20772171020508,53.22241204994221,52.17845301332032,52.78336298737723,76800
2025-08-11,52.36382675170898,52.988254142360326,51.710134386522455,52.11015603195894,128800
2025-08-12,53.7395133972168,53.94440170945826,52.43212498475548,52.92971141760739,98800
2025-08-13,54.65663528442383,54.959092118754135,53.86634700741411,54.02245292019718,112000
2025-08-14,53.62243270874024,54.64687802117501,53.54438161120719,54.461503407907706,74200
2025-08-15,53.99318313598633,54.120020350646,53.290704681697065,53.37851448848322,86600
2025-08-18,53.84683227539063,54.25661261478691,53.84683227539063,53.93464208227137,102800
2025-08-19,55.0859260559082,55.18349457834172,54.12977686721116,54.12977686721116,100400
2025-08-20,55.12495422363281,55.72010919216411,54.87128350553124,55.3786249417344,99400
2025-08-21,55.36886596679688,55.42740707685104,54.67614624618516,54.67614624618516,86100
2025-08-22,56.75431060791016,57.26165577595471,54.84201216656748,55.759137698819,140800
2025-08-25,56.0128059387207,57.53484137537863,55.88596872186791,56.95920012579569,65500
2025-08-26,55.95426559448242,56.15915763124625,55.612785069640346,56.01280670810903,91100
2025-08-27,56.7835807800293,56.95920039747589,55.82743159718592,55.82743159718592,76500
2025-08-28,57.290924072265625,57.32019276693915,56.28598880012619,56.86163003380894,71600
2025-08-29,58.05194091796875,58.1007233172256,57.34946245872298,57.68118798427143,82200
2025-09-02,56.92017364501953,58.227562077830015,56.5494207014844,57.89583654347934,181100
2025-09-03,57.43727111816406,57.49581222921735,55.681078727008114,56.53966307983087,96900
2025-09-04,58.217803955078125,58.49099210028152,57.32019586588324,57.82754102485112,86500
2025-09-05,59.02760314941406,59.42762477394898,58.49098931970017,58.49098931970017,140700
2025-09-08,59.0568733215332,59.24225165193471,58.208047652503765,58.78368890434179,93400
2025-09-09,58.16901779174805,59.34957266311421,57.84705098818156,59.03735712852415,89200
2025-09-10,56.57869338989258,58.79344490475295,56.36404636021011,57.847054419584616,109000
2025-09-11,57.77875900268555,57.82754140405148,56.16891370459913,56.33477833547369,83600
2025-09-12,56.99822616577149,57.80802817822015,56.66650434499051,57.62265356274984,58400
2025-09-15,56.05183029174805,57.72021283672683,55.89572438792299,57.4567834261736,95400
2025-09-16,55.61278533935547,56.28599140096278,55.55424422544495,55.72986384531792,70500
2025-09-17,55.91524124145508,57.34946315057263,55.65181181605997,55.65181181605997,115300
2025-09-18,56.7835807800293,57.26165351052171,55.76889048408421,56.1103710058645,111700
2025-09-19,56.91041564941406,57.48605315613383,56.42258422593625,56.81284713160346,253900
2025-09-22,57.056766510009766,57.65192148039679,56.21769581220896,56.61771745629323,109900
2025-09-23,57.212867736816406,57.54459324778124,56.52990301167019,56.76406372841056,96200
2025-09-24,56.77382278442383,57.21287183358901,56.45185596294176,57.115307032378354,101300
2025-09-25,56.393314361572266,57.59337927100999,56.24696716102146,56.88114580712541,127400
2025-09-26,57.27141189575195,57.40800410368208,56.1006156934304,56.50063732602226,132600
2025-09-29,56.95505142211914,57.17255152115271,56.26300873809988,57.08357455075982,128600
2025-09-30,58.23038482666016,58.29958871565449,56.2630068887851,56.905618739537175,134200
2025-10-01,58.07220458984375,59.13992443952712,57.53834277933749,57.95356611773404,111400
2025-10-02,58.101863861083984,58.36879477340701,57.68663674036065,57.87447910717828,132400
2025-10-03,58.33913040161133,59.13003844576824,57.98322630733559,58.32924574815745,104000
2025-10-06,56.75732421875,58.59617908670651,56.46073557550877,58.26004428534533,154300
2025-10-07,58.34902191162109,58.59617974565642,56.28278226823253,56.529940102267865,169300
2025-10-08,58.269927978515625,58.536858884430615,57.73606993801481,58.15129327744091,94700
2025-10-09,58.12163543701172,58.7543588700068,57.54822746877921,58.25015479155006,124100
2025-10-10,57.38016128540039,58.97185827427571,57.04402649413896,58.171065567389306,221500
2025-10-13,58.09197235107422,58.64560722553036,55.9664173619573,57.85470295582804,183000
2025-10-14,58.26004409790039,58.447882691372,57.34061666688028,57.58777449734097,160700
2025-10-15,59.17947006225586,59.36730865107221,57.62731922713653,58.17106568640836,180200
2025-10-16,59.92094421386719,60.46469067929696,59.10037841754312,59.10037841754312,157000
2025-10-17,59.56503677368164,60.57344116830181,59.13004035243201,60.10878324307597,183900
2025-10-20,59.89128494262695,60.32628134952841,59.37719622283666,59.94071575251795,69800
2025-10-21,59.23878479003906,60.32628146639298,58.7642422257739,60.16810061163793,96600
2025-10-22,59.18935394287109,60.05935052914192,58.675265222407845,59.49583099872296,62000
2025-10-23,58.87299346923828,59.38708220049169,57.963454478710126,59.100378216870325,100100
2025-10-24,58.96197128295898,59.19924445898919,58.01288612149655,58.90265581744833,86800
2025-10-27,59.535377502441406,59.61446604456598,58.171065265998486,58.82356176667482,99900
2025-10-28,59.2882194519043,59.733100513718576,58.91253850710224,59.733100513718576,81700
2025-10-29,57.93379211425781,59.06083495333432,57.4889110506,59.06083495333432,187800
2025-10-30,58.5764045715332,58.6950392716553,57.73606947439729,58.161181235441326,110600
2025-10-31,58.5764045715332,58.7543585073809,58.05243118894228,58.319362092713824,102300
2025-11-03,58.329246520996094,58.546746613153935,57.61743078035524,57.96345399709081,131200
2025-11-04,59.68367004394531,60.177985689960856,57.35049959133927,57.35049959133927,162400
2025-11-05,59.159698486328125,59.78253727544451,58.78401752782453,59.66389880139335,106600
2025-11-06,59.31787872314453,59.42662877088296,58.25015509588993,58.89276695725566,118400
2025-11-07,59.139923095703125,60.14832745774703,58.72469976674161,59.49583096128674,164400
2025-11-10,58.07220458984375,59.4266284234652,58.07220458984375,58.78401656585629,94100
2025-11-11,65.23977661132812,66.02079623430413,58.03265738490819,58.37867682732588,527200
2025-11-12,65.96147918701172,66.35693320141972,62.698992996468085,64.3697822474465,535300
2025-11-13,64.55762481689453,68.3638536901294,64.54773639227038,66.00102556304286,465700
2025-11-14,66.10977935791016,66.75238368444829,62.49138509122887,63.24274700948907,366100
2025-11-17,65.73409271240234,67.45431659693432,65.70443498036873,66.06034285008857,170100
2025-11-18,66.23829650878906,66.63375053379107,64.50819174923114,66.21852720173514,119800
2025-11-19,66.46568298339844,66.93033334014908,65.7439788442336,66.20863674364217,143500
2025-11-20,65.87249755859375,67.15772120234361,65.85272825233726,66.6337478459812,177200
2025-11-21,65.94170379638672,66.85125031244068,65.72421124917669,66.42613855751422,112400
2025-11-24,65.92193603515625,66.69306724992796,64.2808044405122,65.83295529509735,111100
2025-11-25,65.83295440673828,67.32578977624517,65.76375051769668,66.416250793796,236600
2025-11-26,65.85272979736328,67.07863046578983,65.3781834668373,65.47705262841299,188800
2025-11-28,66.00102996826172,66.36681873453185,65.37818740055465,65.37818740055465,48200
2025-12-01,65.3188705444336,66.3767057475762,65.17057433896048,65.84284393346802,102900
2025-12-02,65.06182098388672,65.77363669984778,64.68614381942191,65.77363669984778,95400
2025-12-03,65.29910278320312,65.90216850179135,64.60705632216066,65.39796440830676,123800
2025-12-04,63.915016174316406,66.07023274781564,63.796377700879056,64.8937590665349,204400
2025-12-05,62.97581481933594,64.47853485398188,62.87694942613803,63.76671910827351,191400
2025-12-08,61.30502700805664,63.07467799081991,61.107303759461445,62.75831626747252,198000
2025-12-09,60.3262825012207,62.46172596270953,59.95060155048469,61.60161778593283,206500
2025-12-10,60.58332443237305,61.29514017020721,59.85173938744712,60.009920243484814,245100
2025-12-11,63.48990249633789,63.66785642981177,60.87002807567284,60.89968580747546,183600
2025-12-12,64.7553482055664,65.52647938958603,63.16365125694824,63.63819758546848,492200
2025-12-15,64.10285186767578,65.20023324826072,63.756832410432445,65.20023324826072,196800
2025-12-16,63.687625885009766,64.21159926183056,62.86706387548531,63.67774500282466,179800
2025-12-17,64.88387298583984,65.22989999353706,63.71728768752505,63.756833846766405,282000
2025-12-18,65.51659393310547,66.3668174675067,64.33023937204523,65.31887068714822,224300
2025-12-19,64.59716796875,66.3767073932301,64.29069466779006,65.09148363747686,498200
2025-12-22,64.7553482055664,65.18045995350774,63.2822897247428,64.13251322062547,152700
2025-12-23,65.99114227294922,66.34705016053061,64.67626077397674,64.67626077397674,135000
2025-12-24,66.23829650878906,67.08852002261304,64.26103392643715,66.93033539554897,55200
2025-12-26,66.44590759277344,66.63374995010204,65.60557251116656,66.10977657719393,50300
2025-12-29,66.95999908447266,67.23681463262149,65.08159816718812,65.87249865580509,97600
2025-12-30,66.51000213623047,67.5199966430664,65.83999633789062,66.7699966430664,123600
2025-12-31,66.72000122070312,67.43000030517578,64.91999816894531,66.61000061035156,108600
2026-01-02,66.97000122070312,67.06999969482422,65.44000244140625,66.63999938964844,84100
2026-01-05,65.31999969482422,67.2300033569336,65.31999969482422,66.33999633789062,212300
2026-01-06,66.33999633789062,67.12999725341797,64.4800033569336,64.91999816894531,194400
2026-01-07,66.9800033569336,67.66000366210938,65.56999969482422,66.5999984741211,84700
2026-01-08,67.0,68.19000244140625,66.02999877929688,66.36000061035156,220300
2026-01-09,66.58000183105469,67.30000305175781,64.91999816894531,66.9000015258789,157200
2026-01-12,65.83999633789062,67.73999786376953,65.75,66.75,98500
2026-01-13,64.95999908447266,66.1500015258789,64.81999969482422,65.94000244140625,119500
2026-01-14,65.29000091552734,66.0999984741211,64.31999969482422,64.83000183105469,126500
2026-01-15,64.62999725341797,65.83000183105469,64.56999969482422,65.62999725341797,103700
2026-01-16,64.69000244140625,65.04000091552734,64.19000244140625,64.19000244140625,107600
2026-01-20,64.5999984741211,64.87000274658203,63.52999877929688,63.91999816894531,178200
2026-01-21,64.8499984741211,65.5,64.5199966430664,65.19999694824219,182900
2026-01-22,64.83000183105469,65.27999877929688,64.56999969482422,64.73999786376953,139000
2026-01-23,64.0999984741211,65.30000305175781,63.54999923706055,65.30000305175781,122600
2026-01-26,63.86000061035156,65.26000213623047,63.65999984741211,64.5,127100
2026-01-27,64.36000061035156,64.44000244140625,63.40999984741211,63.40999984741211,110200
2026-01-28,63.970001220703125,66.25,63.75,64.4000015258789,178200
2026-01-29,64.33999633789062,64.80000305175781,63.84000015258789,64.5999984741211,115100
2026-01-30,64.2699966430664,64.62999725341797,63.47999954223633,64.22000122070312,136100
2026-02-02,63.83000183105469,64.7699966430664,63.52000045776367,64.7699966430664,88700
2026-02-03,64.18000030517578,64.55999755859375,63.54999923706055,63.54999923706055,97900
2026-02-04,64.0,65.31999969482422,63.95000076293945,64.75,59500
2026-02-05,64.2699966430664,64.4800033569336,63.75,64.33999633789062,103500
2026-02-06,64.25,64.62000274658203,63.93000030517578,64.56999969482422,75000
2026-02-09,64.16999816894531,65.12000274658203,63.66999816894531,64.13999938964844,60300
2026-02-10,64.80999755859375,64.97000122070312,64.04000091552734,64.33000183105469,70000
2026-02-11,64.44000244140625,65.0999984741211,64.26000213623047,64.91999816894531,99100
2026-02-12,62.77000045776367,64.80000305175781,62.36000061035156,64.70999908447266,105300
2026-02-13,63.56999969482422,63.77000045776367,62.310001373291016,63.040000915527344,80400
2026-02-17,62.869998931884766,63.9900016784668,62.68999862670898,63.9900016784668,233500
2026-02-18,63.52000045776367,65.0999984741211,62.0,62.2599983215332,279300
2026-02-19,63.38999938964844,63.84999847412109,61.88999938964844,63.09000015258789,87600
2026-02-20,62.13999938964844,63.90999984741211,62.13999938964844,63.41999816894531,100711
2026-02-23,62.06999969482422,62.84000015258789,61.61000061035156,61.61000061035156,106800
2026-02-24,61.779998779296875,62.25,61.61000061035156,62.13999938964844,88100
2026-02-25,62.380001068115234,62.45000076293945,61.25,61.91999816894531,101700
2026-02-26,63.119998931884766,63.33000183105469,62.20000076293945,62.540000915527344,154100
2026-02-27,62.900001525878906,63.810001373291016,61.63999938964844,63.209999084472656,153500
2026-03-02,62.61000061035156,63.209999084472656,62.209999084472656,62.56999969482422,61000
2026-03-03,62.36000061035156,62.61000061035156,60.41999816894531,62.02000045776367,89000
2026-03-04,62.7599983215332,62.959999084472656,61.93000030517578,62.56999969482422,77800
2026-03-05,62.33000183105469,62.36000061035156,61.54999923706055,62.18000030517578,78700
2026-03-06,63.09000015258789,63.439998626708984,61.34000015258789,62.400001525878906,155200
2026-03-09,62.689998626708984,63.040000915527344,60.4900016784668,62.41999816894531,230600
2026-03-10,61.72999954223633,62.540000915527344,61.40999984741211,62.400001525878906,73600
2026-03-11,62.52000045776367,62.650001525878906,60.66999816894531,61.369998931884766,93600
2026-03-12,63.09000015258789,63.400001525878906,61.730098724365234,62.36000061035156,54569
