date,close,high,low,open,volume
2021-03-15,110.85781860351562,111.09933890548406,109.5053034383694,110.71290494821162,12480
2021-03-16,109.07057189941406,111.00273435158928,107.76636371831876,111.00273435158928,12560
2021-03-17,106.07572937011719,107.2833309914955,103.22578512129515,105.54438170846458,18340
2021-03-18,101.9698715209961,105.64097558348247,101.9698715209961,105.64097558348247,12340
2021-03-19,104.04695129394531,104.38508563969255,100.54490664094676,101.96988243072803,9540
2021-03-22,105.8342056274414,106.75197988179906,104.33677671705247,104.33677671705247,44300
2021-03-23,102.01818084716797,105.25455163418438,101.7283608879425,104.81981801003857,8900
2021-03-24,97.23607635498047,102.4529164218171,97.23607635498047,102.4529164218171,10580
2021-03-25,98.2021713256836,98.39538464866513,94.33784590112637,95.83526758077281,57480
2021-03-26,101.82496643066406,101.82496643066406,99.0716363096624,100.42414417919647,12580
2021-03-29,98.05724334716797,102.59782211056432,98.00893633815991,102.59782211056432,12740
2021-03-30,103.05671691894531,103.51560402355291,99.27450806451337,99.98940610234251,14300
2021-03-31,106.80028533935547,107.18671194360017,105.14345215972699,105.78589707667558,10480
2021-04-01,107.04180908203125,110.66461389251585,106.3269036259193,110.61630688012995,23620
2021-04-05,105.90666198730469,109.21549337164221,105.35116819080555,109.21549337164221,21940
2021-04-06,105.44776916503906,106.65537071898909,105.01302818324808,105.25454849403809,6780
2021-04-07,101.87327575683594,105.06134717095965,101.29362841898138,105.06134717095965,20660
2021-04-08,102.88764953613281,103.85373075243453,102.16308862390652,102.40460892798195,8680
2021-04-09,102.25969696044922,103.22577819270782,101.48683639701127,103.22577819270782,8820
2021-04-12,99.55467224121094,101.92156827178856,98.87841096774966,101.92156827178856,27700
2021-04-13,100.30338287353516,100.52075705136501,98.78180785241632,99.55467580097462,21400
2021-04-14,99.84449005126953,102.4046066927102,99.65127676047251,101.43852549749596,15580
2021-04-15,97.91233825683594,100.32754150624292,96.99456397030744,100.32754150624292,15920
2021-04-16,99.65127563476562,99.99906545076313,97.76741290301007,97.91232655477812,10320
2021-04-19,97.33267974853516,100.7139639085339,97.0670059475552,100.56905025612532,24120
2021-04-20,96.41490173339844,97.91232309376522,95.59372685927798,97.71910981198056,9500
2021-04-21,99.21654510498047,99.21654510498047,94.67596600989489,95.88356761716396,14340
2021-04-22,102.1630859375,103.37068742612293,101.3902180365355,101.72835234984156,21640
2021-04-23,104.60245513916016,104.60245513916016,102.64613901556397,102.88765934265942,9760
2021-04-26,106.26893615722656,106.26893615722656,103.61221275329589,105.54437522888183,20000
2021-04-27,105.54438018798828,106.26894115037722,105.30285986719197,106.26894115037722,11760
2021-04-28,102.83935546875,103.46730981249313,102.16310148048244,102.45292883009178,13160
2021-04-29,101.10041046142578,103.41900707715925,100.30338895912794,103.41900707715925,8100
2021-04-30,98.540283203125,100.47244561887254,98.44367655646056,100.47244561887254,5640
2021-05-03,96.27000427246094,99.36146152446241,96.02848394431658,99.36146152446241,18920
2021-05-04,90.1353759765625,93.56495970264537,89.60402838559891,93.56495970264537,17420
2021-05-05,90.66671752929688,91.92262601514999,90.25613744898627,91.58449907530168,8760
2021-05-06,87.14051818847656,89.21759416862996,86.43528306513582,89.21759416862996,21400
2021-05-07,89.26592254638672,90.66673762362493,87.72019378549238,87.72019378549238,42600
2021-05-10,85.78802490234375,87.81679421767564,85.594804214312,87.67188054430572,18600
2021-05-11,86.70579528808594,86.80240194241757,81.15082790194116,82.11690918648807,85120
2021-05-12,82.35843658447266,84.87024666600495,82.16522325920705,84.8219470199965,91860
2021-05-13,81.63386535644531,84.00076146291282,80.37795678733093,83.71094151123526,22900
2021-05-14,85.01514434814453,85.44987793349719,82.93806832460673,82.93806832460673,8760
2021-05-17,84.48381042480469,85.11176477134045,83.372822777798,83.46942943789219,42040
2021-05-18,86.94730377197266,87.6235576308423,84.38718724234172,84.38718724234172,12080
2021-05-19,87.3820571899414,87.62357753305415,84.77364043257023,84.87024709569214,3760
2021-05-20,90.6184310913086,90.6184310913086,89.36252242252952,89.55573573898066,11200
2021-05-21,91.0048599243164,91.43960095276498,90.03877857747392,91.43960095276498,4620
2021-05-24,89.74894714355469,90.95654867301421,89.55089872377577,90.95654867301421,6960
2021-05-25,89.8455581665039,91.00485274298693,89.74895151356618,89.74895151356618,6300
2021-05-26,91.80187225341797,92.16415272216025,89.84555624808662,89.84555624808662,12740
2021-05-27,91.92263793945312,92.26076492316362,91.29468361506767,92.26076492316362,12060
2021-05-28,92.50228118896484,93.51666946617604,92.26076087254457,92.26076087254457,5420
2021-06-01,93.17853546142578,94.28953039507314,92.50228152126572,93.13023582033729,11280
2021-06-02,91.6328125,92.64720084279374,91.17875309647549,92.45398015479628,23000
2021-06-03,89.94217681884766,91.45892432122993,89.21761576922651,90.57013120264254,26240
2021-06-04,91.14976501464844,91.53137123825078,89.84555679338362,90.57011773526575,11000
2021-06-07,91.97093200683594,93.22684057946856,90.087076518502,91.48789138207185,36820
2021-06-08,92.01924133300781,93.99971089262046,91.1980737243691,93.90309686874457,24140
2021-06-09,91.8260269165039,93.37175546183605,91.7777199051499,92.01924022068975,7080
2021-06-10,92.35737609863281,92.84041677631458,90.32860672649251,91.97094208236423,22020
2021-06-11,93.42005920410156,93.70988654372006,92.93701855181435,92.93701855181435,16200
2021-06-14,93.95140838623047,96.41491870090226,93.85962948151612,95.88357102656425,15780
2021-06-15,91.7777099609375,95.6420345908717,91.7777099609375,94.72426043950806,23600
2021-06-16,92.55058288574219,93.66157038098446,91.77771496933349,92.35736222133266,9660
2021-06-17,93.90308380126953,94.14460408611912,91.77770824283893,92.93700266187123,10460
2021-06-18,92.88871765136719,94.67596656650987,92.50228366064613,93.90309858506774,18320
2021-06-21,93.75819396972656,94.86918157838312,92.84041230397341,92.88871931766084,9100
2021-06-22,95.69036102294922,95.78696768418669,93.22685062300687,93.99971865413822,10100
2021-06-23,96.41490173339844,97.7674094471196,95.38119519756054,96.36659472764515,27180
2021-06-24,97.62251281738281,98.05724642966243,96.97040502834844,97.28437848492649,17380
2021-06-25,98.10556030273438,99.55468227252001,97.86403997443676,98.78181427372148,24400
2021-06-28,101.4868392944336,101.72835960939358,98.10555488499374,98.2987681887157,21660
2021-06-29,102.84488677978516,103.90813129958345,100.67006542700318,101.5399954430111,18440
2021-06-30,100.67008209228516,103.13487560878335,100.3801029141198,102.02330596626209,15480
2021-07-01,100.04179382324219,102.21661542809528,99.1235387620948,102.21661542809528,14900
2021-07-02,98.9785385131836,101.44333164169775,98.64023444156115,99.26851027122756,16360
2021-07-06,99.8001480102539,100.52508855270128,98.97855020370888,100.33177402450593,17060
2021-07-07,99.171875,102.50660626521649,99.12355005018594,102.45827394092514,29840
2021-07-08,96.85204315185547,101.87830146604749,94.91886857896833,97.28701185544054,31360
2021-07-09,97.57699584960938,97.62532816978113,96.65874076215954,96.65874076215954,9720
2021-07-12,98.56774139404297,99.80014171334021,97.81863473921712,99.65515213910358,17420
2021-07-13,97.3836669921875,100.7183901081347,96.80371610782394,99.075194706692,21540
2021-07-14,93.75897979736328,97.62532947972878,93.2756860870676,96.70707437995769,58700
2021-07-15,91.87413024902344,95.83713689539968,91.1975146816816,93.80730494232661,13600
2021-07-16,90.5692367553711,92.40575429685988,90.32758990450354,91.82580332967306,9820
2021-07-19,89.89262390136719,90.03761347932915,87.9594491938109,89.79596664088463,11260
2021-07-20,91.34249877929688,91.58414560146433,89.11934506556601,90.42424380485087,13600
2021-07-21,94.67723846435547,94.67723846435547,91.82580841596629,91.9224656867719,8080
2021-07-22,94.38726043701172,95.98213111095968,93.66231989198778,95.69215194315949,25820
2021-07-23,92.52656555175781,94.38724900848261,91.72913399857615,94.38724900848261,18240
2021-07-26,91.29417419433594,92.64739798793717,90.90754514571536,91.82580019790383,9920
2021-07-27,90.13426971435547,90.95586748082432,88.63605638325399,90.95586748082432,20000
2021-07-28,93.13069152832031,93.46899563257527,89.9892825790681,89.9892825790681,9840
2021-07-29,92.88904571533203,94.04895499567112,92.88904571533203,94.04895499567112,14160
2021-07-30,93.75897979736328,94.38726309564304,92.21244139931244,92.21244139931244,19120
2021-08-02,94.00062561035156,95.54716399125634,94.00062561035156,95.54716399125634,7860
2021-08-03,96.1754379272461,96.1754379272461,95.33934196388763,95.69214426932024,4840
2021-08-04,96.36875915527344,98.01196213139974,96.09328558578915,96.70707063897471,22820
2021-08-05,95.93379211425781,97.23868352958172,95.69214528273575,97.23868352958172,12020
2021-08-06,95.74048614501953,96.85205576966342,95.69215382461034,96.03045794404443,8940
2021-08-09,97.9153060913086,98.37926391133446,95.74048445193628,95.74048445193628,7880
2021-08-10,98.39859771728516,99.31685277367454,97.91530402982201,98.35026539874826,26940
2021-08-11,96.46540832519531,100.04177811978394,95.54714603371018,99.60681681687934,29940
2021-08-12,95.93379211425781,98.68856451871409,95.13152286373032,97.5769876188174,24020
2021-08-13,94.24226379394531,96.56207483915303,93.90395970650329,96.56207483915303,8220
2021-08-16,91.97078704833984,93.08236396631928,91.43916106055259,93.08236396631928,11860
2021-08-17,89.89262390136719,90.66589673418021,89.26434064651613,90.66589673418021,5720
2021-08-18,91.80162811279297,93.22734291735911,90.66589245045,93.13068566144337,11640
2021-08-19,90.7142105102539,91.39082599929291,90.37590645297207,90.37590645297207,18960
2021-08-20,91.24584197998047,91.34249923443392,90.56922644985474,90.85920558769088,10780
2021-08-23,93.90396881103516,94.1456156647051,91.8258043945783,92.79239180925808,8740
2021-08-24,94.72557067871094,95.45051127063985,94.09728735747714,94.91888522010116,4440
2021-08-25,95.69214630126953,96.32042954480946,95.25718494969058,96.32042954480946,9540
2021-08-26,95.45050048828125,96.60074179070659,94.67722766111734,95.98212647876596,11360
2021-08-27,96.1754379272461,96.56207432848198,94.82221421015849,95.25718292697735,10420
2021-08-30,97.77030181884766,98.10860588147489,96.80371456878386,96.80371456878386,13400
2021-08-31,97.4320068359375,98.88188784614802,97.24352259958917,98.83355552935053,23520
2021-09-01,97.72198486328125,98.97855143562018,97.3836807474905,97.67365991786923,22320
2021-09-02,98.4952621459961,99.55850686087706,98.1086256930002,99.07521313825144,17280
2021-09-03,97.81864166259766,99.36518739794792,97.6978182379282,99.0752082289506,25200
2021-09-07,97.62532043457031,98.68856502381398,96.75539036174328,98.10861410008799,17260
2021-09-08,94.38726043701172,97.91530589769019,94.38726043701172,96.61040701706584,6840
2021-09-09,94.8270492553711,95.59548438044037,93.27567341137627,95.11219073582184,15740
2021-09-10,93.37232971191406,95.88545516337196,93.22734014511394,95.88545516337196,11600
2021-09-13,94.72557067871094,94.79806178811302,92.64740617361932,93.5656686814155,9720
2021-09-14,94.58056640625,95.49399111533516,94.29059463916913,95.25718194505717,8840
2021-09-15,93.80731201171875,94.19394107993507,93.13069639338663,94.19394107993507,14460
2021-09-16,92.4540786743164,92.74405044576072,91.58414861103147,92.26075678554419,7300
2021-09-17,93.03401947021484,93.03401947021484,91.72912820448869,92.26074674820478,8820
2021-09-20,89.45765686035156,90.58856222257198,88.82937364540383,90.42424415274012,6380
2021-09-21,91.1008529663086,91.23134431657776,90.0859333521721,91.05252065154939,4940
2021-09-22,92.84071350097656,93.1596817067017,91.58414705595932,91.58414705595932,1440
2021-09-23,94.5322494506836,94.72556397839992,93.75897659086523,93.80730891003257,7740
2021-09-24,92.30909729003906,93.71064607920711,92.11578275859405,93.17902743049498,7180
2021-09-27,93.75897979736328,94.19394118683869,91.87413727700081,92.01911949050809,11540
2021-09-28,91.1008529663086,92.79238074021883,90.90753845622348,92.79238074021883,18460
2021-09-29,89.81047058105469,91.82580445709692,89.74764003922516,91.00420662895509,6640
2021-09-30,90.13426971435547,91.05252474020722,89.89262287866015,89.89262287866015,5160
2021-10-01,90.13426971435547,90.37591655005079,88.92603553587885,90.03761245497257,6340
2021-10-04,86.46122741699219,88.9260278786359,86.21958060210459,88.9260278786359,6060
2021-10-05,86.702880859375,86.9928600091961,86.26791950911947,86.702880859375,6840
2021-10-06,85.68795776367188,86.60621266469215,84.21391079142337,84.57638099569061,12520
2021-10-07,87.86278533935547,88.49106854705478,86.7995408048897,86.7995408048897,10220
2021-10-08,87.04119110107422,87.95944610512856,87.04119110107422,87.42782012942804,12200
2021-10-11,89.02268981933594,90.37591352888828,87.23450476986274,87.23450476986274,3520
2021-10-12,92.06744384765625,92.55073751614788,89.60264318855846,89.60264318855846,26200
2021-10-13,95.8371353149414,96.17543940579522,94.38725431887414,94.38725431887414,11020
2021-10-14,95.1605224609375,96.65873581587408,94.7255610995566,96.65873581587408,11080
2021-10-15,95.69214630126953,96.658733637646,95.353842208433,96.36875448694259,12020
2021-10-18,96.46540832519531,96.65872282104728,95.06385241960494,95.20884197873157,10320
2021-10-19,99.22018432617188,99.31684157787322,96.94870572604994,97.19035254254112,13320
2021-10-20,98.30191802978516,99.22018032006126,97.67364223185582,99.22018032006126,10560
2021-10-21,98.9785385131836,99.84846853626681,97.67364716579661,97.96361892384056,12040
2021-10-22,97.28701782226562,99.16219225833119,96.70706688972498,99.07520293696437,5740
2021-10-25,99.99345397949219,100.23510080629083,97.67365034180585,97.8669648534544,5500
2021-10-26,99.75181579589844,101.49167604939294,99.22019715556374,101.25002920165629,16400
2021-10-27,102.3615951538086,103.90813333789609,101.49166512073572,101.68497962831823,14880
2021-10-28,106.32460021972656,106.75956154356244,102.36159386825007,102.36159386825007,96440
2021-10-29,107.24285888671875,107.38784845783275,104.82639061640535,106.03462475156205,18980
2021-11-01,109.51434326171875,109.51434326171875,107.29118953772335,107.53283636100652,25360
2021-11-02,106.71124267578125,109.12771100007669,106.03462712029288,109.12771100007669,24920
2021-11-03,104.97138214111328,105.26136128873799,101.73331607352573,104.63307805186851,24280
2021-11-04,104.5847396850586,105.53682873615645,103.95646385901385,105.16469794675471,14780
2021-11-05,102.50658416748047,103.7389770519881,101.63665413911129,103.56982870238691,17580
2021-11-08,106.51792907714844,107.18487674640555,104.39143973602017,104.439772056059,16020
2021-11-09,106.08296203613281,107.0495493895372,104.34310185021438,107.00121707207649,27200
2021-11-10,103.76314544677734,105.30968365585679,102.941547714561,103.76314544677734,25120
2021-11-11,107.26702117919922,107.89530438173716,103.37650592928512,103.37650592928512,30480
2021-11-12,108.16111755371094,108.74106844384967,107.0012083989578,107.5811666635722,7500
2021-11-15,106.9045639038086,109.22437511567396,106.32461294446138,109.03106058738375,19660
2021-11-16,106.9045639038086,106.9045639038086,105.47884897785771,106.80790663966349,26840
2021-11-17,106.08296203613281,107.38785348833349,105.59966835943061,106.75957023372538,7240
2021-11-18,103.95646667480469,105.8896412675525,102.89321474921272,105.8896412675525,25820
2021-11-19,105.84131622314453,106.56625674522087,102.40992813552603,102.40992813552603,35120
2021-11-22,103.6664810180664,107.8228090809352,103.11069630738673,105.8413022981657,16780
2021-11-23,100.86338806152344,103.66649283929951,100.04179029247085,102.1682795034865,19280
2021-11-24,101.3466796875,101.49166926133998,99.27335311735924,99.99345595578691,11260
2021-11-26,98.64025115966797,100.96005511509578,97.77032098914407,98.64025115966797,7380
2021-11-29,100.23511505126953,101.25003481785022,98.62091578872577,98.88189852846456,20420
2021-11-30,98.25361633300781,100.6700849719186,96.95355502535749,99.1718714660031,31360
2021-12-01,94.96720123291016,100.09011681918315,94.96720123291016,98.97853996090024,16220
2021-12-02,94.9865493774414,96.35427156043943,94.09729065670403,94.72557399996661,8200
2021-12-03,89.65097045898438,94.67722137859266,89.04685340737397,94.38724961850511,27280
2021-12-06,90.52091217041016,91.24585272590014,87.3311707764636,88.97437379359354,70340
2021-12-07,93.95227813720703,94.7255508901824,92.01910362924413,92.01910362924413,18700
2021-12-08,95.01554107666016,95.30551286192409,93.75897455042067,94.09727865380012,15420
2021-12-09,91.53582000732422,94.4839144039912,91.39083780296052,93.75897388426748,12560
2021-12-10,90.47257232666016,92.79238338621063,90.08593592098906,91.5358169113986,21320
2021-12-13,89.98928833007812,91.34251220805581,88.68439677342984,89.84429874056678,36180
2021-12-14,86.89619445800781,88.15275344687147,86.31624358818802,87.52447763967736,14800
2021-12-15,88.05610656738281,88.1044388849243,84.9678602630745,85.8812850185889,27000
2021-12-16,86.12293243408203,90.37591829954408,86.12293243408203,88.63605809906714,39600
2021-12-17,86.41291046142578,86.67872345725274,83.80312019486496,84.57639302372955,37840
2021-12-20,81.5316390991211,83.70646057264257,81.48331415772844,83.1265096545987,21980
2021-12-21,85.49464416503906,85.49464416503906,82.15992091306389,82.15992091306389,69100
2021-12-22,85.30133056640625,85.49464507965587,84.14142873795656,84.28641093565578,38980
2021-12-23,85.83296203613281,86.46123793166565,84.72138507757431,84.76971002174336,80260
2021-12-27,86.46122741699219,86.99285335953512,85.7362869723294,86.4129024787,62640
2021-12-28,84.67304229736328,85.97793362032832,84.35890438840939,85.39798274061891,45420
2021-12-29,84.28641510009766,85.54298162173286,83.41649237301704,84.33474741803606,21600
2021-12-30,86.26979064941406,86.65773948674904,84.03909778387809,84.03909778387809,28420
2021-12-31,85.39691162109375,86.84686007619354,85.39691162109375,85.78485304350318,11700
2022-01-03,86.76443481445312,87.11843474383545,86.17281443958984,86.17281443958984,4000
2022-01-04,85.44539642333984,87.96705254330689,84.1845720631103,87.28814768776083,17580
2022-01-05,81.08099365234375,84.96046710364736,81.08099365234375,84.62101465655998,24180
2022-01-06,79.65043640136719,80.74153826987907,78.55933453285532,80.353589458951,14360
2022-01-07,78.99578857421875,80.8870366418109,78.75332144243845,80.01415348749988,29720
2022-01-10,78.94729614257812,78.94729614257812,76.71659566773563,78.26838376351292,26080
2022-01-11,79.72318267822266,80.1596279152165,78.36537278404349,78.36537278404349,15800
2022-01-12,80.4505844116211,82.0023798405023,79.91716120751354,80.79004428638198,14420
2022-01-13,78.85030364990234,81.73080657391648,78.70482191042478,81.17798188350868,5700
2022-01-14,78.02591705322266,79.03458117066717,76.95906319422672,78.07441343752176,13640
2022-01-18,75.40725708007812,77.10452653204129,75.40725708007812,76.91055584019139,12680
2022-01-19,74.72836303710938,76.15891744447599,74.24342883803536,75.89220215508355,17220
2022-01-20,74.65560913085938,77.68644749602505,74.2919085270395,75.16479145610874,18240
2022-01-21,70.89736938476562,73.95245592928688,70.89736938476562,73.51601816557286,25460
2022-01-24,69.97600555419922,70.60642148522072,66.29050272631082,68.13325414025502,19620
2022-01-25,68.27873229980469,69.16130863737452,67.40584931794406,68.42421403003281,6580
2022-01-26,69.00614166259766,71.57629453370318,68.86065991526922,70.89738217934016,36000
2022-01-27,66.60086059570312,68.86065572131278,66.33899938606783,68.76367036217039,19100
2022-01-28,66.67845916748047,66.9694226763787,64.49625504927202,66.24202130364255,17880
2022-01-31,72.06123352050781,72.20670787794063,67.64832882381027,67.84229956672706,27580
2022-02-01,72.01272583007812,72.30368929828583,70.84888675626405,72.06122220794886,7460
2022-02-02,71.18834686279297,73.4675362773025,70.80039799660835,73.22506916087576,7240
2022-02-03,68.6181869506836,70.36395297071637,68.56969057254052,69.24860286900145,29520
2022-02-04,70.04389953613281,70.36395789545763,68.66668813477679,68.66668813477679,3780
2022-02-07,69.78202819824219,70.75189659515735,69.10312328020504,69.39408675908304,3420
2022-02-08,69.61229705810547,69.87901231416872,68.59393240750316,68.90914403721708,22620
2022-02-09,73.41903686523438,73.41903686523438,72.06122698886982,73.41903686523438,24020
2022-02-10,71.09135437011719,73.90396671913132,70.89737625671414,71.81875564648466,7220
2022-02-11,68.81217193603516,71.77027402807747,68.32723765206165,71.62479226298342,8640
2022-02-14,68.13325500488281,69.10312340352883,67.89078790522132,68.23024036484568,6000
2022-02-15,72.59465789794922,72.64315428419118,70.60643185369248,70.60643185369248,5820
2022-02-16,73.03108978271484,73.75849104589125,71.65387110080788,72.25519214219003,16680
2022-02-17,71.47930145263672,73.03109688458999,71.33382710546148,72.449169897853,3220
2022-02-18,69.97600555419922,71.47929711331821,69.83052381634678,70.94587394053737,2060
2022-02-22,67.16339111328125,68.97219372627457,66.82393863087769,68.81216454181806,15700
2022-02-23,66.48448181152344,69.00128409513694,66.48448181152344,68.81216005302704,6540
2022-02-24,70.94588470458984,71.18835183796199,63.23542542365001,63.23542542365001,13780
2022-02-25,73.66150665283203,73.66150665283203,71.28533188319582,72.35218571038945,5940
2022-02-28,78.89879608154297,79.48071566540106,75.64973828878539,75.64973828878539,12180
2022-03-01,78.7533187866211,78.94729692520956,76.6681074432383,78.36537730846297,14320
2022-03-02,77.29851531982422,79.4807194117836,76.32864683450893,78.94729618456579,18600
2022-03-03,74.14643859863281,77.68645985208975,74.14643859863281,77.68645985208975,12600
2022-03-04,72.98259735107422,74.2919182156768,72.36188216489953,74.19493285524489,19740
2022-03-07,74.09795379638672,75.28604121161173,73.75850130625233,74.63137702388094,4040
2022-03-08,80.35359191894531,81.22647492037942,75.40726477682985,76.28014777826395,15540
2022-03-09,80.9840087890625,81.49319116254811,78.80180495941711,81.03250516730243,7400
2022-03-10,79.14126586914062,80.45058682699867,77.880441294707,80.45058682699867,6180
2022-03-11,77.68646240234375,80.88703128988037,77.58947703595064,80.54757880774991,4980
2022-03-14,73.90396881103516,77.49248631572857,73.39479382277212,77.49248631572857,12180
2022-03-15,74.48589324951172,74.48589324951172,71.60052894954195,73.46752850840376,14000
2022-03-16,79.02003479003906,79.23825372327907,75.79522497785692,75.79522497785692,196540
2022-03-17,79.14126586914062,79.71349211561012,78.02591564596183,78.02591564596183,12300
2022-03-18,80.35359191894531,80.74154074175028,78.4574975046234,78.46235158209504,5100
2022-03-21,79.38373565673828,80.11113703551018,78.17625410366298,80.11113703551018,6860
2022-03-22,80.59606170654297,81.3234629988394,79.43222259867211,79.43222259867211,4080
2022-03-23,80.01416015625,81.49805794249882,79.2867587002841,79.82018939446318,7580
2022-03-24,81.42044830322266,81.42044830322266,79.33523718631366,80.49907629340281,7540
2022-03-25,78.99578857421875,81.032518400781,78.17140180606765,81.032518400781,7220
2022-03-28,79.33037567138672,79.67468217301384,77.88042730133589,78.94728094940051,4300
2022-03-29,81.71141052246094,81.71141052246094,79.33523596558742,80.0626372462028,11540
2022-03-30,80.30511474609375,82.4388224859257,80.30511474609375,82.00238462080398,6680
2022-03-31,80.74153900146484,81.61442198408503,79.86865601884467,79.86865601884467,27720
2022-04-01,81.22648620605469,82.29334006736667,80.79004834445277,81.85690220576474,1480
2022-04-04,84.37854766845703,84.66951113746197,81.22647548543996,81.42044619843765,9100
2022-04-05,83.26319885253906,85.54238806315846,82.72977568382434,85.54238806315846,4320
2022-04-06,80.30511474609375,81.37196861600972,79.28674986146383,81.37196861600972,11100
2022-04-07,78.89879608154297,80.11113163104274,77.83194227788498,79.6746937930264,6640
2022-04-08,77.78345489501953,79.04428697217097,77.78345489501953,78.85031622161375,2560
2022-04-11,76.91057586669922,78.12291150520639,75.87281685611745,77.00756123787788,3960
2022-04-12,76.3286361694336,78.3168692463263,75.91644656047369,77.78343869413315,6700
2022-04-13,77.73497009277344,77.97743724378053,76.47413794773252,76.47413794773252,3060
2022-04-14,76.61962127685547,78.21990598595768,76.61962127685547,78.02592782149993,2460
2022-04-18,75.89220428466797,76.61960560369035,75.69823355939889,76.61960560369035,1800
2022-04-19,78.02591705322266,78.07441343752176,75.60124582845489,76.23166182679638,1640
2022-04-20,75.89220428466797,78.0744082417351,75.64973717832719,78.0744082417351,2720
2022-04-21,71.0428695678711,76.13467933212124,71.0428695678711,75.89221220049028,3840
2022-04-22,69.44257354736328,71.77025910639117,69.34558819063471,71.04285783166424,1500
2022-04-25,69.15162658691406,69.6365608339485,67.64832746130357,68.03627633883299,21020
2022-04-26,66.82393646240234,68.3272280926952,66.67845471766202,68.3272280926952,3620
2022-04-27,67.93929290771484,69.20011754627153,66.58147549737645,66.87243161419279,6920
2022-04-28,67.74530792236328,68.47270924021151,66.09653456171084,68.47270924021151,4280
2022-04-29,68.66667938232422,70.46093427786985,67.93927814903479,69.1516135378505,2500
2022-05-02,68.47270965576172,68.8121621262492,66.92092164816971,67.89079007785332,9260
2022-05-03,70.2184829711914,70.93618361070376,67.84230063571684,67.89079702196497,5260
2022-05-04,72.64315032958984,73.71000417324817,69.63655953400394,70.21847913968037,4880
2022-05-05,69.63655090332031,72.20669612647576,68.90914963650084,72.20669612647576,11800
2022-05-06,66.9209213256836,68.90915455675744,66.67845421943112,68.90915455675744,7760
2022-05-09,61.92609786987305,65.41762274328669,61.92609786987305,65.0296812903032,11340
2022-05-10,61.97459411621094,63.817345611902816,60.665269516717935,63.817345611902816,6080
2022-05-11,59.9378662109375,63.18692756162304,59.889373531025186,62.508015243833356,8540
2022-05-12,58.58005905151367,60.243383681876615,56.83429278659563,57.90115035957385,8860
2022-05-13,62.75048828125,63.33241529428301,59.11348514709506,59.93787188287937,11400
2022-05-16,62.21705627441406,63.114180060506804,61.974589186360625,62.653494073106934,2300
2022-05-17,64.98118591308594,65.27214940682873,63.47788686126317,64.30228096036477,4980
2022-05-18,64.69021606445312,66.5814637889752,64.4962453540188,64.93268315225019,5800
2022-05-19,67.40585327148438,67.8907874676821,65.02967866991895,65.02967866991895,3000
2022-05-20,67.55133819580078,68.47271025222267,65.95105379298106,67.8907906692452,8820
2022-05-23,68.4242172241211,68.71517329865121,67.21188174814098,68.56969156163188,5840
2022-05-24,67.06639862060547,67.7453035132749,66.24201199393306,67.40585106694019,5900
2022-05-25,69.73355102539062,69.73355102539062,66.33901106142386,67.4543613866292,6960
2022-05-26,69.49108123779297,70.2184826309321,68.08476743801823,68.08476743801823,4080
2022-05-27,71.5762939453125,71.91574641994903,67.89079090766427,69.39408995185187,8860
2022-05-31,71.67327117919922,73.17656265334969,70.84888457730919,72.01272361532945,9180
2022-06-01,70.6064224243164,72.15821038319517,70.1699772049542,71.72176516383296,5140
2022-06-02,73.2735595703125,73.61301202573412,70.6064215070577,70.6064215070577,2760
2022-06-03,72.40068817138672,73.07959319127524,71.77027213891323,72.74014068133097,1260
2022-06-06,74.388916015625,75.3733320176676,74.19494526232485,74.82536130981522,1120
2022-06-07,74.2434310913086,74.582883561061,72.69163568756814,73.22506628254253,2900
2022-06-08,73.32205200195312,74.87384001373081,73.1765702572064,73.56451911002804,2340
2022-06-09,70.94588470458984,72.93411075853558,70.84889933114293,72.88562177156696,3100
2022-06-10,69.8790283203125,70.55793330988216,69.05463417646578,69.05463417646578,2540
2022-06-13,64.78721618652344,66.62996034372404,64.20528919002943,66.58147136035562,5940
2022-06-14,64.44775390625,65.46611871269548,64.20528679990667,64.78721377473772,4660
2022-06-15,66.12078857421875,66.19352575260463,63.76885447961544,64.35077410523094,2440
2022-06-16,63.28392028808594,64.25378879824818,63.186934916971616,64.25378879824818,3380
2022-06-17,66.19351959228516,66.46023488739394,64.5447462398999,64.5447462398999,2220
2022-06-21,68.56969451904297,69.24860685457843,67.59982609642844,67.59982609642844,3020
2022-06-22,67.40585327148438,68.03626920644315,66.67845197718778,66.67845197718778,3140
2022-06-23,68.03627014160156,68.03627014160156,66.82393463444369,67.89078840084088,2640
2022-06-24,68.6181869506836,69.34558822577918,67.5998222057464,68.52120159390586,2100
2022-06-27,69.39409637451172,70.31546851944542,68.81216933612237,68.86066572249138,3300
2022-06-28,67.5998306274414,70.26696896840159,67.40585988972076,70.07299823068094,3880
2022-06-29,64.93543243408203,66.68256963086242,64.74130114198314,66.68256963086242,5140
2022-06-30,66.14872741699219,66.87670312428406,64.3045208107824,64.3045208107824,4480
2022-07-01,65.76048278808594,66.34286196639322,65.61488614217086,66.14873804207514,600
2022-07-05,65.22663116455078,65.51782445761474,63.57655558479652,64.45012805863533,3380
2022-07-06,65.1781005859375,65.2751625435935,64.40159011398416,65.1781005859375,7360
2022-07-07,68.67237854003906,69.20623038128979,65.66341361158129,65.66341361158129,2780
2022-07-08,69.69154357910156,70.06523244136429,67.94439893018466,67.94439893018466,3580
2022-07-11,66.92523956298828,68.91504306431021,66.57581058319172,68.91504306431021,1080
2022-07-12,65.46929168701172,66.82818141876902,65.17810579079084,66.82818141876902,3780
2022-07-13,66.34285736083984,66.53698867703426,64.25599199520303,64.64424722223936,2800
2022-07-14,65.6003189086914,65.7604744583762,64.19290212227659,65.1295606762291,1920
2022-07-15,64.0618667602539,64.54718393268007,62.02353611713448,64.54718393268007,2160
2022-07-18,66.19725036621094,67.5076124780767,65.5178093792335,65.5178093792335,1520
2022-07-19,67.94441223144531,68.09000888158334,66.9737777709961,67.4590950012207,1820
2022-07-20,69.01210021972656,69.69154870218632,67.55614870705152,68.13852783105108,12160
2022-07-21,69.30329132080078,70.37098758235926,68.67237753726783,69.59447717103376,17100
2022-07-22,68.04146575927734,69.74007585443582,67.62895060795026,69.74007585443582,2140
2022-07-25,68.72090911865234,68.72090911865234,67.70174017537693,68.52677782189181,1940
2022-07-26,66.92523956298828,68.33266389976689,66.92523956298828,68.18706725729285,7880
2022-07-27,70.66218566894531,71.05043349579951,68.23559972434352,69.01210278340452,3820
2022-07-28,76.34040069580078,77.11690380976353,74.35059711839955,75.41829352844404,6080
2022-07-29,78.47579193115234,78.62138857625304,76.04920586398404,76.04920586398404,17260
2022-08-01,77.1654281616211,77.69927999783606,76.53451437482671,77.55368336929087,9220
2022-08-02,78.76697540283203,79.54347840432085,75.32122065483472,76.0977310616756,6480
2022-08-03,77.55369567871094,78.28167153162997,76.09774397287288,78.28167153162997,2560
2022-08-04,79.05817413330078,79.44642939998441,76.92278127457072,77.65075712259505,5300
2022-08-05,80.41705322265625,81.3876875582474,79.10669835067866,79.34935693457645,8940
2022-08-08,80.80530548095703,83.23189123113592,80.47529337350167,82.01859835604648,14320
2022-08-09,80.41705322265625,80.68397914601428,79.10669835067866,80.17439463875847,2340
2022-08-10,85.17315673828125,85.17315673828125,82.20301825763323,83.1348262632218,6100
2022-08-11,84.784912109375,86.95428055383121,84.44519155545233,86.62911892326575,6060
2022-08-12,85.80408477783203,86.19234002947621,83.62015731835564,84.20253649314542,5700
2022-08-15,85.02758026123047,86.33793534810619,79.36392887286003,85.41583554021122,1960
2022-08-16,84.20252990722656,85.41582284537104,83.66867805230203,84.8819709904465,7500
2022-08-17,83.3289566040039,83.86280845311968,82.0186017261361,82.84363943402677,10540
2022-08-18,83.45028686523438,84.25106464820391,82.94070234977238,83.18336093757786,8320
2022-08-19,79.90747833251953,82.01861122865274,79.59202509762753,81.67889065137986,4740
2022-08-22,78.13607025146484,78.37872885473027,77.35955975887435,77.89341164819943,13020
2022-08-23,78.57284545898438,79.4949525087438,77.79634244404993,78.52431818606158,6040
2022-08-24,80.3685302734375,80.6111888703919,78.13606821931597,78.18460290084792,1600
2022-08-25,82.74658203125,82.79511671305751,81.04797184292522,81.92154427799136,3020
2022-08-26,81.48474884033203,83.76574543448649,80.74707208320554,83.32895554385273,6180
2022-08-29,80.19866180419922,81.72740791729721,79.64055002458625,80.02879783369843,7560
2022-08-30,79.8832015991211,81.77593542121024,78.66990878871738,81.29061829704875,3120
2022-08-31,80.41705322265625,81.33916028467922,79.59201551847424,80.46558790157673,1700
2022-09-01,77.92738342285156,78.57284875782483,76.3403941651386,78.23312821169351,7320
2022-09-02,77.06836700439453,78.8155043488656,76.24332930794827,78.66991512417384,3240
2022-09-06,76.82571411132812,77.79634850968893,75.83081237193774,77.79634850968893,4000
2022-09-07,80.80530548095703,81.0964987331193,76.43745113063503,76.92276828067081,7060
2022-09-08,81.11107635498047,81.14504471253117,79.34937232448513,79.93175155772252,2320
2022-09-09,81.92154693603516,82.11567085885834,80.9509125112133,82.11567085885834,1400
2022-09-12,82.16419982910156,82.26126178376413,81.3100368552251,82.067137874439,3780
2022-09-13,79.79100036621094,81.04797010127544,78.72330403756405,79.20376331251123,1960
2022-09-14,80.9509048461914,81.14502875063353,78.9611015015745,79.78613920348191,5960
2022-09-15,79.10670471191406,80.75678025296621,78.81551142567997,79.93174248244013,7500
2022-09-16,78.69417572021484,79.15523295345898,76.82570906921055,77.35955351006079,50100
2022-09-19,78.42725372314453,78.66991229604368,77.40808475482734,77.40808475482734,1460
2022-09-20,76.68013000488281,78.03901986578697,76.04921606174652,77.65076456190664,1820
2022-09-21,75.22415924072266,77.5051483946935,75.22415924072266,76.48598680948209,6140
2022-09-22,73.52555847167969,76.00067924375864,72.79758264522741,74.98151012458423,3420
2022-09-23,70.12834167480469,71.19603812926736,69.59448974489663,71.00191419403903,2660
2022-09-26,69.25475311279297,71.19602163679755,68.91503260216251,69.59447362342343,2280
2022-09-27,69.4974136352539,71.19602364158865,69.06063116719432,70.32245130011754,13960
2022-09-28,70.72041320800781,70.85630141280971,68.57531236894715,69.0606295019116,2480
2022-09-29,67.2164306640625,69.83714052203652,66.97377206960739,69.2547613764148,2740
2022-09-30,67.48820495605469,68.42972145741737,67.02230461653343,67.02230461653343,820
2022-10-03,69.44889831542969,69.49742559503628,67.45909471772947,68.18707056000713,1340
2022-10-04,72.50638580322266,72.94317572092442,71.34162750005669,72.06960329087359,7180
2022-10-05,69.8128890991211,70.95338018890796,68.42973197993838,70.95338018890796,2080
2022-10-06,68.1385269165039,70.41952351336141,68.04146496469879,69.10916124525953,2900
2022-10-07,66.07594299316406,67.70175880106595,65.93035373722977,67.11937956126732,3040
2022-10-10,65.275146484375,65.95458742616123,64.59570554258876,65.95458742616123,2360
2022-10-11,64.63453674316406,65.27030845239724,63.57654887372761,64.49864852883924,1440
2022-10-12,63.77067947387695,65.37222777411696,63.47949358633071,65.22663112766732,4580
2022-10-13,64.25599670410156,64.35306607198861,61.3926280799072,61.44115906117419,2080
2022-10-14,62.89710998535156,65.4692851353212,62.46032007670108,64.88690599580642,2540
2022-10-17,63.673606872558594,64.74130309253994,63.479482979962654,63.964800116804334,4840
2022-10-18,65.275146484375,66.73109770707481,64.78982941014172,66.29431530240521,4740
2022-10-19,63.382423400878906,64.71704557703917,63.139764823395225,64.20746108325301,3380
2022-10-20,62.5573844909668,63.867746863064355,62.16913665293342,62.80004309241408,1800
2022-10-21,64.20746612548828,64.30452808303365,62.41179399216467,62.65445258870442,2760
2022-10-24,63.28535842895508,63.72214834189047,62.07206916017632,63.72214834189047,1300
2022-10-25,65.76048278808594,66.43992392855226,64.13466715184813,64.13466715184813,1220
2022-10-26,68.18706512451172,69.40035809825748,66.97377215076595,67.264965426606,2580
2022-10-27,68.47825622558594,69.49741784795377,68.18706295899376,68.18706295899376,2280
2022-10-28,68.04146575927734,68.04146575927734,66.3671230036916,67.75027990046158,3280
2022-10-31,68.3763427734375,68.47826264790916,66.77965237930401,67.07083826785305,3000
2022-11-01,68.86651611328125,70.2254059200122,68.86651611328125,70.2254059200122,720
2022-11-02,67.2164306640625,69.6430166086135,67.02230675063946,68.72091691182516,5800
2022-11-03,68.52678680419922,69.06063868357684,67.02230793519885,67.02230793519885,1100
2022-11-04,69.06063842773438,70.41952805673645,67.75028348044235,70.0798000954714,1680
2022-11-07,69.01210021972656,69.01210021972656,68.42972109572702,68.89077092700364,720
2022-11-08,71.14749908447266,71.43868493916992,69.83713681960224,69.83713681960224,15960
2022-11-09,70.85630798339844,72.89463864979558,70.56511471447637,71.14750125232051,11820
2022-11-10,76.77717590332031,77.11689644607456,74.15646611024188,74.15646611024188,6460
2022-11-11,77.11689758300781,78.47578717941134,76.53451844322132,77.21396694409934,2960
2022-11-14,76.24332427978516,76.63157206049496,75.10282605923285,76.38891349487547,6160
2022-11-15,78.42725372314453,79.3493533380205,77.6992780044471,78.37871904642392,4500
2022-11-16,77.45662689208984,78.08753331811431,77.16543361442265,78.08753331811431,3440
2022-11-17,77.45662689208984,77.45662689208984,74.78738233310038,75.2241648442485,3480
2022-11-18,76.92277526855469,78.0632736368857,76.19479947736963,77.7963476990473,6140
2022-11-21,75.86478424072266,76.04919973131601,75.46682060322972,76.04919973131601,540
2022-11-22,76.99556732177734,77.06351143047814,75.12710062982912,76.19479694027845,4920
2022-11-23,78.28166198730469,78.32533875586984,77.11689632143383,77.11689632143383,1140
2022-11-25,78.89803314208984,79.34937465436127,77.35957085990849,78.28167812785044,7440
2022-11-28,76.70438385009766,77.79634753456656,76.4374579128236,77.60221621411604,1620
2022-11-29,76.4859848022461,77.45661908955707,76.24332623041835,76.82570532173455,27240
2022-11-30,79.15524291992188,79.73762211297347,76.43746347854349,77.11690463621147,7120
2022-12-01,78.42725372314453,79.8346704838188,77.5051467029166,79.05816008840075,15820
2022-12-02,80.07734680175781,80.12588148923365,77.21397796916973,77.21397796916973,7680
2022-12-05,78.57284545898438,79.25229392807324,78.03900102472048,79.15523197687546,4820
2022-12-06,76.19479370117188,78.33018623129317,75.5153526430475,78.33018623129317,1740
2022-12-07,75.61241912841797,75.70948108463544,74.88444334875801,75.41828781063043,9780
2022-12-08,76.63158416748047,76.97131213730259,75.41829114769546,76.04920499905424,4540
2022-12-09,75.87934112548828,77.01983201124317,75.75801183517272,75.75801183517272,2220
2022-12-12,76.68013000488281,76.7771919795144,75.5153714985958,76.04921606174652,2420
2022-12-13,78.03900909423828,79.00964351728763,77.11690194912963,78.08753637217897,4920
2022-12-14,79.73762512207031,80.02881102690813,78.03901475844586,78.66992866029135,4580
2022-12-15,77.74781036376953,79.25229657634124,76.97130732288771,78.28166222122464,2120
2022-12-16,76.388916015625,76.388916015625,75.41828172111718,76.19479211886423,3660
2022-12-19,74.59324645996094,76.53451511164685,74.54471918688012,76.53451511164685,10000
2022-12-20,74.69031524658203,75.51050251183318,73.62261887151752,74.10793607885165,6360
2022-12-21,74.73885345458984,75.36976733495248,73.37996372889029,74.64179148961557,3160
2022-12-22,73.5740966796875,74.69032040943087,72.01622507810428,74.69032040943087,2800
2022-12-23,72.60345458984375,72.94317514179055,71.87547880480662,72.94317514179055,1880
2022-12-27,70.75924682617188,72.60345360430264,70.71071214568717,72.60345360430264,8860
2022-12-28,69.44889831542969,71.34163254321031,69.44889831542969,70.80778063006541,6600
2022-12-29,71.47148895263672,71.9431041331097,70.59632637965427,70.59632637965427,2880
2022-12-30,71.03390502929688,71.32076158016972,70.49908144391377,70.88804337702587,2840
2023-01-03,70.513671875,71.81182657662396,69.96426282725503,71.81182657662396,8900
2023-01-04,71.54441833496094,71.71459151965931,70.46019302858095,70.98529058895092,1340
2023-01-05,69.5510025024414,70.71788106196044,69.52669098686123,70.35323058475663,15020
2023-01-06,72.2007827758789,72.4925060778596,69.72115696553824,70.93665835907156,3300
2023-01-09,74.14558410644531,75.06936218679623,73.31904465263159,73.513521905706,13200
2023-01-10,76.09040069580078,76.1876393407189,73.70802051055813,73.70802051055813,6260
2023-01-11,79.25070190429688,79.25070190429688,76.62522149585942,76.62522149585942,4520
2023-01-12,80.8065414428711,80.8065414428711,78.55543762034681,79.73690156419116,9500
2023-01-13,81.09825897216797,81.34135926439939,79.25069526744275,80.22309643636842,4180
2023-01-17,81.09825897216797,81.09825897216797,80.19878492337885,81.04963594618881,9800
2023-01-18,80.02861785888672,82.0220357712239,79.54241728239003,81.34135793166136,10440
2023-01-19,77.06278991699219,78.80824817307823,76.38211209030545,78.80824817307823,2740
2023-01-20,78.57001495361328,78.61863055923621,77.06279022149604,77.79209107532724,2100
2023-01-23,81.34135437011719,81.34135437011719,78.76448994374678,78.76448994374678,2400
2023-01-24,79.88275909423828,80.66067559349736,79.4937971351926,80.41757529644784,4960
2023-01-25,79.05620574951172,79.25068298562502,77.35450396761179,78.76448247651076,3340
2023-01-26,79.59103393554688,80.56343510132956,78.66725579558617,80.56343510132956,2960
2023-01-27,80.51481628417969,80.74819047738981,78.32691374840124,78.76449128802419,5020
2023-01-30,78.71587371826172,79.5181091549321,78.42415781124441,78.71587371826172,1800
2023-01-31,81.2441177368164,81.2441177368164,78.66725324720201,79.20206941975812,12880
2023-02-01,83.33477783203125,84.06407871417446,81.19549821194406,81.73032182638197,13660
2023-02-02,83.23753356933594,84.89061990837182,82.31375548195686,84.30717330704638,20680
2023-02-03,80.85516357421875,82.26514238697621,80.51482462825997,81.48722585604654,17020
2023-02-06,80.02861785888672,80.22309512195258,79.25069396895921,80.07723346523717,3540
2023-02-07,80.32032775878906,80.61205105044716,78.42414861950589,79.8827502401334,2520
2023-02-08,79.97998809814453,81.7303129936608,79.44516454150583,81.7303129936608,13480
2023-02-09,79.29931640625,81.92479653233507,78.5700155469117,81.29273430380881,18300
2023-02-10,77.93795776367188,78.61863563701145,77.11141822637885,78.22967367274637,12880
2023-02-13,78.86172485351562,79.29930978387458,77.40312325664851,77.88932378893755,21040
2023-02-14,78.86172485351562,78.86172485351562,76.62520685628488,77.79208516624601,14200
2023-02-15,80.70930480957031,80.70930480957031,77.16003871670817,77.40313903239965,9420
2023-02-16,78.27828979492188,80.12585339807147,77.88932786496957,79.29931393369269,9120
2023-02-17,77.35452270507812,77.35452270507812,76.60091024963843,77.3058996748564,5240
2023-02-21,75.16661071777344,76.26056199486297,74.97212603943616,76.18762745842453,2680
2023-02-22,74.8262710571289,75.31247166807537,74.3886934748101,74.8262710571289,4300
2023-02-23,75.75004577636719,75.9931460468826,74.3886827777146,75.75004577636719,3560
2023-02-24,73.61076354980469,74.06293393904463,73.12456297835595,73.99972549073006,2120
2023-02-27,74.68041229248047,75.02075121579388,73.99972702702152,74.09696565956362,5940
2023-02-28,74.97212219238281,75.16660686074049,74.04834412888636,74.72902192105937,2260
2023-03-01,77.11141967773438,77.59762028750866,76.04177240116492,76.04177240116492,3560
2023-03-02,76.91693878173828,76.91693878173828,75.60419855427311,76.2362608619661,1200
2023-03-03,79.15345764160156,79.25069627596513,77.25727088676685,77.25727088676685,8220
2023-03-06,80.02861785888672,80.70929569844927,79.25069396895921,79.49379425720755,5480
2023-03-07,78.66725158691406,79.97999160672312,78.61862856369339,79.78551435150389,1640
2023-03-08,78.26856994628906,78.52139633373886,77.35451786968683,78.52139633373886,15720
2023-03-09,76.8683090209961,79.20206569855972,76.57658572688486,79.00758844837327,2060
2023-03-10,75.55557250976562,76.91693571384383,75.03048237478953,76.91693571384383,4800
2023-03-13,75.40970611572266,76.22651945532161,73.5621425947989,73.5621425947989,3360
2023-03-14,75.8472900390625,77.08223624079703,75.31246643663886,76.673829536491,7120
2023-03-15,72.93009185791016,73.9024930826823,72.2494139681027,73.46491549906787,2100
2023-03-16,73.31904602050781,73.31904602050781,71.90905994350217,72.735606831568,2500
2023-03-17,70.30461120605469,71.76321303672941,69.81841059582977,71.76321303672941,2340
2023-03-20,71.17976379394531,71.7632104401708,69.76978504284239,69.81840806963861,27280
2023-03-21,74.14558410644531,74.19420712912974,72.24940492305905,72.24940492305905,4160
2023-03-22,72.88145446777344,74.19420179760368,72.88145446777344,73.95110153931381,4080
2023-03-23,73.85386657714844,75.75005332748832,73.34336189324178,73.51352764826659,3520
2023-03-24,72.44389343261719,72.49251646285677,71.47149217848809,72.31261718603658,1320
2023-03-27,72.44389343261719,73.173194373214,71.71459249202037,72.98843576090297,7100
2023-03-28,72.15216064453125,72.54112257903651,71.8993416931099,72.54112257903651,3720
2023-03-29,74.1018295288086,74.12127428702722,72.34664520101192,72.73560713487102,2560
2023-03-30,75.94451904296875,76.28485792007778,75.45831852743267,75.45831852743267,2560
2023-03-31,77.40312957763672,78.03519180499498,75.75005060039081,76.09038951702003,2780
2023-04-03,76.77106475830078,77.74346586945764,75.90076902810135,77.35451136006027,8460
2023-04-04,75.40970611572266,76.13900691986376,74.7290209138921,76.13900691986376,2180
2023-04-05,73.4162826538086,74.82626127366699,72.83284348072345,74.82626127366699,3020
2023-04-06,73.02733612060547,73.17319779932092,72.49251985709306,72.69672323976141,2280
2023-04-10,74.43730926513672,74.43730926513672,72.24940672862975,72.49250701046385,4120
2023-04-11,74.85057067871094,74.92350521006415,73.95110414267243,74.28657627910421,3380
2023-04-12,74.14558410644531,75.3610854852395,74.14558410644531,75.3610854852395,2840
2023-04-13,76.04176330566406,76.27027815843148,74.3400613749979,74.72902330005935,3160
2023-04-14,75.16661071777344,76.04176580437954,74.77764877993077,75.70142689082918,1280
2023-04-17,76.52796173095703,76.77106200001195,75.40970642836955,75.40970642836955,4240
2023-04-18,76.52796173095703,76.9169236452112,76.09038421419075,76.9169236452112,3980
2023-04-19,75.55557250976562,75.84729584593688,75.11799492434135,75.36109523153985,3880
2023-04-20,74.63179779052734,75.16662145883954,74.1455971534555,74.36925271079505,2540
2023-04-21,74.63179779052734,74.97213675271104,74.00460223299118,74.48593611563919,2280
2023-04-24,74.8262710571289,75.16661741985749,74.19421619796454,74.48593211323289,7320
2023-04-25,72.49250030517578,73.61075556311273,72.39525426637157,73.51351694313966,20160
2023-04-26,69.47806549072266,71.03391340665948,69.18634957060902,71.03391340665948,34100
2023-04-27,71.13115692138672,71.37425724755767,69.92051462627543,69.96427090446623,14600
2023-04-28,70.2559814453125,70.2559814453125,68.93351531871771,69.96425813959853,800
2023-05-01,69.9156494140625,70.7908119984864,69.52668744111493,70.06151108127192,1480
2023-05-02,68.06807708740234,69.13771681500948,67.92221543844872,69.13771681500948,5280
2023-05-03,67.72774505615234,68.65152322851553,67.67912202862486,67.82498369237493,10440
2023-05-04,68.16531372070312,69.0890991911781,67.92221345249888,69.0890991911781,6020
2023-05-05,70.35321807861328,70.69355697973752,69.0891011003187,69.0891011003187,680
2023-05-08,70.2559814453125,70.5963203560909,70.11011979245552,70.5963203560909,1140
2023-05-09,69.42943572998047,69.86701323038632,69.08909684979467,69.76977461016627,2860
2023-05-10,69.57530975341797,70.01288733170814,69.33220945018287,69.86702566600059,1680
2023-05-11,68.89461517333984,69.18633846546146,68.35979902955889,68.89461517333984,2340
2023-05-12,70.30461120605469,71.42286667450594,68.40842437487801,69.57531029071733,4040
2023-05-15,71.86043548583984,71.9576741022118,70.74217285048525,71.13113473480391,4540
2023-05-16,70.30461120605469,71.32562803622746,70.06151090094224,71.32562803622746,2300
2023-05-17,71.03390502929688,71.46662323244072,69.76978060139052,70.35321979164276,2800
2023-05-18,70.7421875,70.83942613650844,69.91564796142971,70.83942613650844,2340
2023-05-19,69.9642562866211,71.5152372305539,69.69685191876921,70.59631848637352,30520
2023-05-22,71.27700805664062,71.4228622957,69.9642605544495,70.20736084465791,1300
2023-05-23,70.88804626464844,71.909063034473,70.64494597390467,70.88804626464844,1920
2023-05-24,70.1101303100586,70.40185365953558,69.76979134822409,70.40185365953558,1140
2023-05-25,69.9156494140625,70.25598835832942,69.60448131947095,70.11012669112,4920
2023-05-26,70.01288604736328,70.15874771039509,69.28358515103658,69.81840877587577,2740
2023-05-30,70.30461120605469,71.7145900081739,70.1101265106652,70.20736514894367,20900
2023-05-31,69.18634796142578,69.76978720691572,68.45704704985523,69.28844593449945,5700
2023-06-01,71.08252716064453,71.27701185447319,69.3322094291815,69.3808250385143,1460
2023-06-02,71.22838592529297,71.95768680507413,71.13114729175525,71.95768680507413,2620
2023-06-05,71.27700805664062,71.47148532127451,70.69356142507475,70.93666171528317,3600
2023-06-06,71.3742446899414,72.05492251592803,70.98528275273539,70.98528275273539,2180
2023-06-07,71.52011108398438,72.34665061855894,71.471488056549,71.66596532862572,3680
2023-06-08,71.71458435058594,71.95768463652013,71.0873888771618,71.13600448304945,6480
2023-06-09,71.22838592529297,71.95768680507413,70.83942397230992,71.6659634856288,3040
2023-06-12,72.39527130126953,72.44389433211283,70.64495347340413,71.03391546365185,6500
2023-06-13,73.4162826538086,73.65938292749671,72.93008210643238,73.22180540239074,3600
2023-06-14,73.27042388916016,74.34006365171388,72.05492247288733,74.14558639264298,34960
2023-06-15,73.80525207519531,74.04835237358606,72.34665028485087,72.58975058324161,3080
2023-06-16,73.85386657714844,74.9721294167593,73.46491204061617,74.5831674613948,1100
2023-06-20,70.88804626464844,72.5411252741732,70.69356158075416,72.5411252741732,3100
2023-06-21,70.40184783935547,70.76163153262277,70.06150890565708,70.54770950203546,2220
2023-06-22,70.35321807861328,70.88804165097397,69.72115588005018,70.35321807861328,1620
2023-06-23,68.3111801147461,68.70014205468186,67.72774091425842,68.1653184599162,1000
2023-06-26,68.55428314208984,69.42944568724468,67.97084391826404,69.04048373175006,8360
2023-06-27,69.1377182006836,69.234956828991,68.45704038369992,68.70014066388434,5740
2023-06-28,69.2835922241211,69.57531557996643,68.55429125334088,68.79739157693429,3080
2023-06-29,70.1101303100586,70.1101303100586,69.0404903933646,69.2835907116511,1980
2023-06-30,71.47148895263672,71.47148895263672,70.45046471435178,70.88804971025924,3700
2023-07-03,72.29802703857422,72.68698899858731,71.42286448325287,71.8604494703297,7480
2023-07-05,70.5477066040039,71.37424610012724,70.49908357883052,71.37424610012724,8660
2023-07-06,68.4084243774414,69.47806423620978,68.0194624054804,69.47806423620978,7520
2023-07-07,69.62391662597656,69.91563992078464,68.31117663700331,68.31117663700331,2380
2023-07-10,70.64494323730469,70.66925474920372,68.9432412680178,69.2835801781088,3380
2023-07-11,71.5687255859375,71.71458724715579,70.40184713385567,70.98528635989658,5800
2023-07-12,73.5621566772461,73.5621566772461,72.39527071593746,72.63837103052265,5600
2023-07-13,74.63179779052734,74.63179779052734,73.6107734851433,73.6107734851433,4400
2023-07-14,72.78422546386719,74.63178915472118,72.7356098570852,74.38868886431491,5040
2023-07-17,74.63179779052734,75.11799842759918,72.3466562800563,72.68699524223999,3180
2023-07-18,75.31246185302734,76.5474153984331,74.72902267969442,75.21522322727712,1720
2023-07-19,74.7290267944336,75.60418931203708,74.51023801974073,75.11798873768315,6580
2023-07-20,73.4162826538086,74.19420649714318,73.27042100582942,74.19420649714318,6380
2023-07-21,73.22180938720703,73.95111024796076,72.93008607537274,73.95111024796076,6120
2023-07-24,73.27042388916016,73.7566244556693,72.93008497637014,73.07594663008926,2160
2023-07-25,73.31904602050781,73.65938492915338,72.97870711186224,73.41628464885915,1140
2023-07-26,72.61405181884766,72.93007919449127,71.81181649640948,71.81181649640948,1840
2023-07-27,70.59632110595703,72.6383620111496,70.30460521597634,72.44388475116246,2980
2023-07-28,71.42285919189453,71.42285919189453,70.35321944522698,71.228381935712,940
2023-07-31,72.29802703857422,72.72588593647185,71.37424887502142,71.9576881056249,1960
2023-08-01,70.88804626464844,71.37424684613597,70.64494597390467,70.98528489717953,5340
2023-08-02,67.4360122680664,68.6515135974073,67.19291200219823,68.6515135974073,11800
2023-08-03,67.04705810546875,67.58188171970433,66.99844249797692,67.2415427919327,4720
2023-08-04,66.45390319824219,67.48465365078724,66.17191334167958,67.09569163579854,4960
2023-08-07,65.73432159423828,66.26914523770185,65.19950536960734,66.26914523770185,2700
2023-08-08,65.24811553955078,65.39397719550045,64.17847576063984,64.66467633458409,1700
2023-08-09,66.46361541748047,66.65810009380151,65.78293759743642,66.12327650745844,1860
2023-08-10,64.76190948486328,65.83154917325155,64.372947574859,65.58844890685279,2380
2023-08-11,63.59503936767578,64.17847859844059,63.40055467819929,64.0812399631185,11100
2023-08-14,64.0326156616211,64.0326156616211,62.330913611439954,63.25469917569474,3400
2023-08-15,61.74747848510742,62.86574139025779,61.698859165191394,62.86574139025779,1960
2023-08-16,60.19163513183594,61.21265563923337,60.19163513183594,61.21265563923337,2040
2023-08-17,59.80267333984375,60.580593551974744,59.365092061327516,60.580593551974744,3260
2023-08-18,59.316471099853516,59.316471099853516,58.6844088584657,58.6844088584657,2200
2023-08-21,59.17061233520508,59.754055288732935,58.84485881906637,59.17061233520508,1320
2023-08-22,58.781646728515625,59.899905758194976,58.149584535215624,59.899905758194976,63900
2023-08-23,58.83026885986328,59.36508874397885,58.34406829077351,58.53854926029261,4940
2023-08-24,57.712005615234375,59.26784964978707,57.712005615234375,59.26784964978707,2480
2023-08-25,58.781646728515625,58.90319686496441,57.8578649496217,58.29544618272048,2940
2023-08-28,58.83026885986328,59.073369144408176,58.73303022981171,58.87888817488907,1800
2023-08-29,60.77507019042969,61.30989006622229,58.63578697784338,58.83026794433594,2460
2023-08-30,60.288875579833984,60.77507618934878,60.094394594144816,60.337494898902214,6680
2023-08-31,59.94853210449219,60.49307437195186,59.831841296251405,59.99715141988452,4780
2023-09-01,60.77507019042969,60.911205754149705,60.28886962890625,60.77507019042969,3000
2023-09-05,59.99714660644531,60.191627561827836,59.60818469568025,60.14300454092044,3540
2023-09-06,58.489933013916016,59.70543450041123,58.344071351770125,59.365091858542876,4940
2023-09-07,57.128570556640625,57.51753252079275,56.44788897408252,57.46890949321158,5060
2023-09-08,56.78822708129883,57.76062820454425,56.49650377679248,57.27442764292154,22240
2023-09-11,57.079952239990234,57.66339148703913,56.788232616465784,57.031332920972204,3360
2023-09-12,57.420284271240234,57.90648482173239,56.54512550600385,56.54512550600385,1300
2023-09-13,57.079952239990234,57.853009427800835,56.69099026901346,57.274433225478624,4560
2023-09-14,58.34407043457031,58.78165170471281,57.42028857747306,57.76063121399105,3260
2023-09-15,57.17719268798828,58.34407492844037,57.07995404687411,57.95511294515088,1440
2023-09-18,55.91307067871094,57.371672522503395,55.91307067871094,57.371672522503395,29840
2023-09-19,56.20478439331055,56.593746327839504,55.91306479712179,55.961684111583935,3340
2023-09-20,56.350650787353516,57.566152298256675,56.20478912227865,57.12857101244829,14860
2023-09-21,54.4544677734375,55.27614798310346,54.4544677734375,55.086530043859966,2100
2023-09-22,54.25998306274414,55.42686517676986,53.87102483101289,54.94066460504381,6740
2023-09-25,53.384822845458984,53.627923124883814,53.141722566034154,53.141722566034154,2200
2023-09-26,52.16932678222656,52.80138534770447,52.120703753837574,52.315184739144726,5180
2023-09-27,52.606903076171875,53.33620397118027,52.50966444060389,52.995865037276154,7320
2023-09-28,53.1417236328125,53.1417236328125,51.87759918689437,52.801381009136094,2800
2023-09-29,53.19034194946289,54.16274306843144,52.65552207591337,53.57930017140078,8520
2023-10-02,50.90519714355469,52.217940881083564,50.759339201217635,52.217940881083564,2440
2023-10-03,49.154876708984375,50.12727784550005,48.911776424855454,50.12727784550005,3600
2023-10-04,49.397979736328125,49.397979736328125,48.23109756582573,49.106260121056565,4720
2023-10-05,48.71730041503906,49.5438436908682,48.37696146637881,49.5438436908682,8560
2023-10-06,49.30073547363281,49.41742256453901,47.89075316644321,47.89075316644321,4980
2023-10-09,48.62005615234375,48.86801947735716,48.376955871582034,48.86801947735716,1100
2023-10-10,51.196922302246094,51.196922302246094,48.668677073214766,48.751330281142394,3540
2023-10-11,52.023460388183594,52.46104163800477,51.48864050925368,52.023460388183594,1400
2023-10-12,50.759342193603516,51.73174337083954,50.38982870761732,51.73174337083954,880
2023-10-13,49.689697265625,50.5648597841165,49.64107795002348,49.93279755304864,2100
2023-10-16,50.22452163696289,50.37037958600792,49.68969802888294,49.68969802888294,1560
2023-10-17,50.95382308959961,51.26012812455022,49.397978982855804,49.397978982855804,1860
2023-10-18,48.91177749633789,50.51624089050321,48.91177749633789,50.51624089050321,820
2023-10-19,47.79351806640625,48.96039648034176,47.79351806640625,48.620057561179905,2780
2023-10-20,45.605613708496094,46.31060303204167,45.55699068528671,45.75147164987663,1240
2023-10-23,45.50837707519531,46.13557631716321,43.32047429552807,44.92493781771725,26360
2023-10-24,46.3835334777832,46.772491694363474,45.80009058878905,45.80009058878905,1460
2023-10-25,44.68183517456055,45.3090343837618,44.58459283045019,45.2652744015581,1860
2023-10-26,44.73045349121094,45.41113504709084,44.53597251675725,44.77907280747035,2160
2023-10-27,43.36909484863281,43.92822631677461,43.27185620609356,43.80667615889233,780
2023-10-30,43.51495361328125,44.24425451182786,43.32533567641243,44.049773530332196,1700
2023-10-31,43.75804901123047,43.75804901123047,43.2912969335739,43.46632942637209,2840
2023-11-01,43.320472717285156,43.709434681044165,42.93151446294234,43.709434681044165,3640
2023-11-02,45.11941146850586,45.50836967375935,44.04976805787337,44.04976805787337,4640
2023-11-03,46.772499084472656,47.58931629058987,46.33492148535907,46.33492148535907,1300
2023-11-06,46.33491134643555,47.45317032418743,45.94594944409495,47.45317032418743,6660
2023-11-07,45.75147247314453,46.14043440932347,45.21665259296044,45.75147247314453,2300
2023-11-08,44.973548889160156,45.654230370987335,44.949237378967325,45.55698803963165,2540
2023-11-09,44.341487884521484,45.5083699255701,44.244249260024,45.16803103041314,3200
2023-11-10,43.4177131652832,43.49550332898533,42.53282826035234,43.3204708238855,3400
2023-11-13,43.56357192993164,43.90391456707986,43.02875202517428,43.12599065897885,3100
2023-11-14,47.21007537841797,47.35593703557357,45.2652730665621,45.2652730665621,5740
2023-11-15,47.987998962402344,49.1062618547422,47.647660017472624,47.647660017472624,3840
2023-11-16,46.82111740112305,47.11283700763458,46.77249437552442,46.96697534967079,5240
2023-11-17,47.06421661376953,47.25869387404669,46.52939301975945,47.16145524390811,2220
2023-11-20,48.27971649169922,48.37695511872428,47.16145373383171,47.64765428778874,8320
2023-11-21,47.06421661376953,47.69627512850222,46.84542413183378,47.69627512850222,3860
2023-11-22,47.30731964111328,47.30731964111328,46.86973836128953,46.966976997065395,7120
2023-11-24,46.82111740112305,46.86973671730563,46.2862937948665,46.626636426976674,1720
2023-11-27,46.26198959350586,46.67525937735963,45.897339129620235,46.52939770803884,4820
2023-11-28,46.3835334777832,46.52939141796987,45.41113237220878,45.84871361160044,7460
2023-11-29,47.64765548706055,48.1824753679913,47.01559326724133,47.01559326724133,3840
2023-11-30,47.93938064575195,48.32834262759262,47.16146039148698,47.987999966127944,3120
2023-12-01,49.057640075683594,49.300740369706396,47.01559538024244,47.01559538024244,2760
2023-12-04,49.106258392333984,49.68969760233787,48.91177741919401,49.009019760472015,4980
2023-12-05,48.425575256347656,49.10625678535457,48.37695594200771,48.57143690878339,5780
2023-12-06,47.6962776184082,48.62005949061308,47.50179663856252,48.5714401730057,6500
2023-12-07,47.50179672241211,47.74003768511629,47.307319451639295,47.355938769332504,1740
2023-12-08,47.25869369506836,48.0366175708947,46.9183547814563,47.25869369506836,7100
2023-12-11,47.30731964111328,47.550419939969125,46.72387669820955,46.72387669820955,4440
2023-12-12,46.237674713134766,46.869736954961375,45.75147413001155,46.77249461268709,4320
2023-12-13,47.89075469970703,48.085235663720994,45.11941301810962,45.11941301810962,9780
2023-12-14,51.09968185424805,51.97484441007005,49.54384143213802,49.54384143213802,6520
2023-12-15,51.34278106689453,51.7803623355571,51.05106145759151,51.391400383542354,4460
2023-12-18,50.41899871826172,51.19692261465902,50.03004047947912,50.3703794020909,6960
2023-12-19,51.537261962890625,51.73174293859607,50.17589884236859,50.17589884236859,8040
2023-12-20,49.689697265625,51.53726093381105,49.689697265625,51.0996796745653,7140
2023-12-21,51.34278106689453,51.717157594856545,50.564860872281116,50.85658048158413,4800
2023-12-22,51.294158935546875,51.73174018019775,50.9051970048759,51.58587852884216,8960
2023-12-26,52.072078704833984,52.5096599462694,51.24553924500164,51.44002020890803,6080
2023-12-27,52.80138397216797,52.99586495240867,52.50966435651501,52.80138397216797,3780
2023-12-28,53.21675491333008,53.56860181840428,53.07015079344995,53.36335530491257,1500
2023-12-29,52.85024642944336,53.44154322918014,52.63034025758087,53.119015668434166,3160
2024-01-02,51.50639343261719,52.630344736245725,51.37933677105993,51.50639343261719,10360
2024-01-03,49.747161865234375,50.18696678374079,49.06301549557206,50.08923318591665,2140
2024-01-04,49.893760681152344,50.33356931402178,49.502822573944364,49.502822573944364,3760
2024-01-05,49.405086517333984,50.23583700700392,49.11188199733779,49.16074879595419,2280
2024-01-08,49.45395278930664,49.64942370998842,48.62320603678122,49.356219193114605,1900
2024-01-09,48.91640853881836,49.258483567996045,48.37886632530778,48.867541742735135,3100
2024-01-10,48.67207336425781,48.86754428706562,47.94883579665598,48.67207336425781,6080
2024-01-11,47.9879264831543,48.62320604338189,47.45038424742972,48.62320604338189,2760
2024-01-12,47.20604705810547,48.52547299146264,47.1571802594547,47.98792702141097,3000
2024-01-16,45.00700378417969,45.984354588302146,44.958136989633054,45.984354588302146,4380
2024-01-17,43.4432487487793,43.68758647658087,43.00344009307689,43.58984914848153,5380
2024-01-18,43.883056640625,44.07852383682555,43.443247992578186,43.83418611327708,2460
2024-01-19,43.4432487487793,43.516550812779336,42.66136876547383,43.4432487487793,4300
2024-01-22,43.93191909790039,45.05587027816504,43.34550638236033,43.34550638236033,2240
2024-01-23,45.64228820800781,46.179830462440144,45.007008625670984,45.64228820800781,5240
2024-01-24,45.15361404418945,46.76624085358675,45.15361404418945,46.71737405238646,3720
2024-01-25,44.713802337646484,45.00700685321741,44.42059782207555,44.95814005533854,1540
2024-01-26,44.684486389160156,45.25134799842729,44.51833478982977,44.95814346064788,16200
2024-01-29,45.251346588134766,45.251346588134766,44.07852474527102,44.322862473855224,2040
2024-01-30,44.32286071777344,44.713802559338106,44.07852299886995,44.66493576121695,1620
2024-01-31,44.225120544433594,45.740013430682936,43.98078286186767,44.42059143614577,42840
2024-02-01,44.9581413269043,45.104745452985064,44.59163474000019,45.055874925426274,1480
2024-02-02,44.42060089111328,44.46946769236838,43.79020908851802,44.46946769236838,4240
2024-02-05,43.00343704223633,43.54097925960477,42.36815750370244,43.54097925960477,7340
2024-02-06,43.736454010009766,43.980791741909265,42.514765350512285,42.514765350512285,13280
2024-02-07,45.15361404418945,45.64228951278826,44.860409508689756,45.20248084538974,10460
2024-02-08,45.64228820800781,45.740021807614475,45.10474595357549,45.10474595357549,1100
2024-02-09,46.27756118774414,46.45348463874779,45.49568125455993,45.49568125455993,3200
2024-02-12,48.036800384521484,48.23226759066521,46.61964077019163,46.61964077019163,2580
2024-02-13,45.49568176269531,46.13096131267024,45.202477250513674,46.08209451535624,2060
2024-02-14,47.20604705810547,47.20604705810547,46.082095775946854,46.47303389345073,5440
2024-02-15,47.15718078613281,47.86087462511589,46.71737213676839,47.20604758532935,5780
2024-02-16,46.375301361083984,47.303785469960694,46.13096363392158,46.57077228847348,12040
2024-02-20,45.00700378417969,45.6911500927249,44.596518236031024,45.6911500927249,3600
2024-02-21,44.32286071777344,44.61606896309579,43.98078940262764,44.127393525288824,1120
2024-02-22,43.54098129272461,44.616069505959665,43.24777677213242,44.616069505959665,4320
2024-02-23,42.61249923706055,43.29664563661614,42.465898833918736,43.29664563661614,33220
2024-02-26,43.00343704223633,43.18913236000431,42.128707591367856,42.710232535335145,5420
2024-02-27,43.49211120605469,43.95635135120482,43.00343579924509,43.00343579924509,4100
2024-02-28,43.247779846191406,43.82930485864754,43.247779846191406,43.73645532467945,2940
2024-02-29,44.273990631103516,45.30020822861403,44.16159737660289,44.61606564913865,1040
2024-03-01,45.788883209228516,45.83775373156819,44.54276318381212,44.95813652561758,31140
2024-03-04,44.9581413269043,45.98435902457625,44.56719947622079,45.7888880992345,2620
2024-03-05,44.90927505493164,45.20247958223794,44.225128672351715,44.81153772696431,6500
2024-03-06,45.30021286010742,45.78888831157912,44.76267060914812,44.76267060914812,3720
2024-03-07,46.81511306762695,47.1034298148917,46.13096664131148,46.424171187361516,2580
2024-03-08,47.49924850463867,48.18339482637164,47.450381709150065,47.74358621037919,2260
2024-03-11,47.84132766723633,48.03679859439366,47.157181286334605,47.74359033950875,5780
2024-03-12,46.961708068847656,47.890192131339276,46.375299044272765,47.743588011046725,3680
2024-03-13,46.81511306762695,47.45038896268568,46.668508930452894,47.20605121959431,2400
2024-03-14,44.76266860961914,46.32643222145463,44.6160682177049,46.32643222145463,1160
2024-03-15,44.51833724975586,44.75290312991946,43.83419080493506,44.616074586614936,4140
2024-03-18,45.10474395751953,45.10474395751953,43.785318051432135,44.95813983629949,4240
2024-03-19,45.055870056152344,45.055870056152344,43.980785675405826,44.42059427781936,1760
2024-03-20,45.98435974121094,46.2238096711299,44.57208796926163,44.762671099158055,8180
2024-03-21,46.08209991455078,46.47303806716456,45.86219370842607,45.984362580173766,1880
2024-03-22,45.886627197265625,46.179831732446964,45.69115626437875,46.179831732446964,6340
2024-03-25,45.788883209228516,46.0527683710137,45.44681192263517,45.69114962114396,3460
2024-03-26,45.055870056152344,45.70580922814694,45.055870056152344,45.64228276880286,2860
2024-03-27,46.81511306762695,46.88352733742869,44.95814472881326,45.39795341203735,3540
2024-03-28,47.025238037109375,47.20604555920593,46.668503334520196,46.863974251214366,2160
2024-04-01,46.97636795043945,47.254912797633324,46.66850377037181,47.10831240496678,2080
2024-04-02,45.593421936035156,46.03322686765456,45.495684606999156,45.78888913751139,4080
2024-04-03,45.69115447998047,45.7888880784581,44.71380358201297,45.00700810574366,2880
2024-04-04,45.544551849365234,47.059448773592855,45.39795144683534,46.424169177736246,1640
2024-04-05,45.15361404418945,45.63740171417885,44.860409508689756,44.958143111090344,2900
2024-04-08,45.49568176269531,45.8866235978026,45.25134404782767,45.30021084514167,920
2024-04-09,46.86397933959961,46.95682514567966,45.88662837830785,45.93549518071283,1280
2024-04-10,45.15361404418945,45.39795177848886,44.71380537679094,45.10474724298916,5880
2024-04-11,45.544551849365234,45.74002278103634,44.71380505013544,45.544551849365234,3880
2024-04-12,43.34551239013672,44.56720105646862,43.34551239013672,44.27399652220855,2080
2024-04-15,42.221561431884766,43.63872104316997,42.17269463045382,43.63872104316997,2760
2024-04-16,41.43967819213867,41.73288270615475,41.244207273362065,41.390807666221264,1780
2024-04-17,41.24420928955078,41.561849082053115,41.24420928955078,41.53741381789991,2240
2024-04-18,41.1464729309082,41.73288572972394,41.048739328587885,41.73288572972394,3500
2024-04-19,40.75553512573242,41.048739663382705,40.564951989844836,40.951006060265264,2080
2024-04-22,41.58627700805664,41.58627700805664,40.853263886663285,41.19533891362537,1560
2024-04-23,41.928348541259766,42.66136160157342,41.53740675110693,41.53740675110693,2180
2024-04-24,41.684017181396484,42.2704262273352,41.684017181396484,42.026088503477766,2240
2024-04-25,41.24420928955078,41.24420928955078,40.56006290453756,40.90213423289524,540
2024-04-26,42.17269515991211,42.46589970047679,41.4396819443514,41.4396819443514,2060
2024-04-29,43.2966423034668,43.48722542268785,43.0034377914573,43.19890870889618,1800
2024-04-30,42.441463470458984,42.88127213545659,42.3192946039762,42.807970069907334,1240
2024-05-01,42.221561431884766,43.29664597655742,42.221561431884766,42.27042823331571,1820
2024-05-02,43.736454010009766,43.736454010009766,42.5636321512326,43.10117441575191,740
2024-05-03,44.46946716308594,44.88484056125738,44.12739583007367,44.176262630747146,1740
2024-05-06,44.81153869628906,45.10474695823563,44.6649382936137,44.6649382936137,880
2024-05-07,44.713802337646484,45.202477773030594,44.713802337646484,44.90927325745967,1020
2024-05-08,43.83418273925781,44.16648216683779,43.44324464865034,43.49211144393909,1860
2024-05-09,44.12739181518555,44.288651869906154,43.247774569902404,43.247774569902404,780
2024-05-10,43.10116958618164,44.6160663368497,43.10116958618164,44.469462222818116,1660
2024-05-13,43.98078918457031,44.42059782207555,43.24777603149414,43.24777603149414,1080
2024-05-14,45.69115447998047,45.837758605994715,45.20247903099672,45.837758605994715,840
2024-05-15,45.64228820800781,46.37530138995131,45.007008625670984,46.37530138995131,2380
2024-05-16,44.86040496826172,45.691151689478666,44.762667647455416,45.153609474085485,5460
2024-05-17,44.078521728515625,44.078521728515625,43.73645042322841,43.73645042322841,160
2024-05-20,43.93191909790039,44.225123591521715,43.638714604279066,43.834181781161675,6940
2024-05-21,44.42060089111328,44.49390295714491,43.34551262201132,43.540983555329674,4180
2024-05-22,47.596988677978516,47.890193196789106,44.18114839082478,45.00700735050654,5080
2024-05-23,46.033226013183594,47.352651968444206,45.9843592137216,47.352651968444206,1140
2024-05-24,47.743587493896484,47.89019161260104,46.08209403283209,46.27756122004135,2860
2024-05-28,48.91640853881836,49.20961304361526,48.28113273314134,48.28113273314134,2800
2024-05-29,48.28113555908203,48.476602754855804,47.69472278686738,47.69472278686738,940
2024-05-30,49.01415252685547,49.180300401799634,48.085668361778914,48.085668361778914,2500
2024-05-31,48.427734375,49.11188072276774,47.9879257422709,49.11188072276774,520
2024-06-03,48.18339920043945,49.11188331220032,48.18339920043945,49.0141497123509,3680
2024-06-04,47.37708282470703,47.79245993492257,47.20604716489357,47.79245993492257,1860
2024-06-05,48.036800384521484,48.13453398759334,47.20604984521875,47.5725564491852,1460
2024-06-06,47.20604705810547,47.64585570255786,47.142520592689245,47.64585570255786,1240
2024-06-07,45.93549346923828,46.81511079294711,45.74002253860322,46.32643533050841,2440
2024-06-10,47.108314514160156,47.108314514160156,45.69115495181333,45.69115495181333,3400
2024-06-11,46.32643127441406,46.57076898424051,45.78888533015781,45.984356243678484,580
2024-06-12,47.01057815551758,48.23226681577841,47.01057815551758,47.74359135167408,2300
2024-06-13,46.033226013183594,47.15718104229843,45.64228788918986,46.86397651722868,1380
2024-06-14,44.76266860961914,45.495681754083314,44.273993179976365,45.495681754083314,2080
2024-06-17,43.68758773803711,44.1762632077505,43.492116804492156,44.1762632077505,960
2024-06-18,43.736454010009766,43.980791741909265,43.423702011442245,43.423702011442245,1260
2024-06-20,42.905704498291016,43.73645124287003,42.856833972364754,43.29664260761739,15280
2024-06-21,42.12382507324219,42.710237888846,41.78175372703017,42.710237888846,12020
2024-06-24,42.197120666503906,42.514760426846735,41.82572631310471,42.27042272324417,920
2024-06-25,41.04874038696289,41.732886805738545,40.85326944898441,41.68402000331844,2080
2024-06-26,40.12025451660156,40.65779677689189,40.07138771626569,40.65779677689189,3880
2024-06-27,40.438865661621094,40.78198181378486,40.09574950945733,40.14476556838278,3240
2024-06-28,39.06639099121094,40.58591489525486,39.06639099121094,40.58591489525486,5500
2024-07-01,38.968360900878906,39.458528962525186,37.693924688535695,39.36049684607014,5380
2024-07-02,38.18408966064453,39.06149086876165,38.03703775817465,38.77228979115361,16720
2024-07-03,39.997711181640625,39.997711181640625,38.47819101068443,38.77229108575895,5760
2024-07-05,39.997711181640625,40.24279520081696,39.556559199186154,40.24279520081696,1100
2024-07-08,39.997711181640625,40.585915071475036,39.801643218362486,40.04672723753882,1280
2024-07-09,40.29180908203125,40.48787703472694,39.86536530507965,40.04672507608292,1740
2024-07-10,40.536895751953125,40.536895751953125,39.94869559489629,40.29181172989855,1860
2024-07-11,42.693634033203125,42.693634033203125,40.68394588788328,42.25248206479505,2580
2024-07-12,43.673973083496094,44.066109024545895,42.93872099879183,42.93872099879183,740
2024-07-15,42.05641555786133,42.44854771089868,41.56624756180087,42.44854771089868,3800
2024-07-16,42.64461898803711,42.98773511620466,41.61526686384914,41.95838299201669,3000
2024-07-17,41.76231384277344,42.52207577027785,41.41919772436286,42.35051771107256,2300
2024-07-18,41.125099182128906,42.203467371060746,40.953541116574115,41.90936729586891,1560
2024-07-19,40.36533737182617,40.88001531002882,40.340831213621755,40.88001531002882,2440
2024-07-22,40.781978607177734,40.978046567148695,40.389846426921096,40.978046567148695,4600
2024-07-23,40.38984680175781,40.68394687460099,40.04672693370299,40.29181095101987,6940
2024-07-24,40.38984680175781,40.92903089191787,40.29671367847809,40.43886285728412,1400
2024-07-25,40.19377899169922,40.93883276169356,39.73792256818156,39.94869497345715,1860
2024-07-26,40.8800163269043,41.3701843794099,40.43886433171216,40.487880389025634,3520
2024-07-29,39.75262451171875,40.83099636799889,39.75262451171875,40.83099636799889,1040
2024-07-30,39.458526611328125,39.65459457224073,39.385000658525236,39.65459457224073,1180
2024-07-31,39.997711181640625,40.73296323916963,39.89967906984423,40.11045147592329,1040
2024-08-01,39.26245880126953,40.585914737750606,38.96835872861329,40.585914737750606,1660
2024-08-02,38.086055755615234,38.42917563232279,37.44883953833336,38.42917563232279,1120
2024-08-05,36.762603759765625,37.2037557528199,35.29700233698822,35.537183634440105,1300
2024-08-06,36.860633850097656,37.52236367318975,36.76260174132821,37.007685752937064,4480
2024-08-07,36.68907928466797,38.037041476914645,36.68907928466797,37.93900935880731,3360
2024-08-08,37.301788330078125,37.738037600935264,37.10572035965475,37.10572035965475,2400
2024-08-09,37.6449089050293,37.74294102219975,37.05670498294992,37.74294102219975,2560
2024-08-12,36.9096565246582,37.49785670254947,36.9096565246582,37.49785670254947,1320
2024-08-13,38.52720642089844,38.62524227073718,37.115523840388114,37.15473818032361,12580
2024-08-14,37.865478515625,38.42917247123799,37.865478515625,38.42917247123799,4040
2024-08-15,38.52720642089844,38.723274380890636,38.33113846090624,38.33113846090624,920
2024-08-16,38.47819137573242,38.52720743209564,38.1350752415045,38.33113946695738,3400
2024-08-19,38.7232780456543,39.06149521515752,38.52721006710626,38.52721006710626,900
2024-08-20,37.93901062011719,38.91934679252494,37.840974759064984,38.723278810106244,1260
2024-08-21,38.968360900878906,38.968360900878906,38.09586234949822,38.13507669195445,1480
2024-08-22,37.889991760253906,38.52720798143221,37.840971963506355,38.52720798143221,1680
2024-08-23,39.09090042114258,39.262458483831224,37.693922282556045,37.939006297735624,4140
2024-08-26,38.84581756591797,39.65459558809814,38.84581756591797,39.36049550903773,2000
2024-08-27,39.115413665771484,39.213445784358136,38.62524559346701,38.91934568891257,540
2024-08-28,38.331138610839844,38.77229058762655,37.742938468247765,38.77229058762655,2280
2024-08-29,38.674259185791016,38.77229129812435,37.69392310371614,38.77229129812435,1860
2024-08-30,38.23310852050781,38.67426052060462,38.18409246264939,38.625244462746195,2680
2024-09-03,38.135074615478516,38.62524265043487,37.05670269476334,38.62524265043487,4000
2024-09-04,37.301788330078125,37.74294032860936,37.154740157024705,37.20375621470918,1500
2024-09-05,37.05670166015625,37.79195369206286,37.05670166015625,37.79195369206286,920
2024-09-06,36.02735137939453,37.05670352801158,35.88520219729862,37.05670352801158,1340
2024-09-09,36.02735137939453,36.17440328906214,36.02735137939453,36.125383492716,1300
2024-09-10,35.58620071411133,35.880300804703545,35.09603264989578,35.8312847462191,1000
2024-09-11,37.69392395019531,38.135075944972876,36.850834302328295,36.95867187212786,1900
2024-09-12,38.086055755615234,38.086055755615234,37.59588770862052,37.644907505068325,240
2024-09-13,38.28211975097656,38.72327169544394,38.18899037469486,38.18899037469486,1640
2024-09-16,38.22820281982422,38.50759844154279,37.8409696353923,38.429173503005494,1740
2024-09-17,38.82130813598633,39.164428015432726,38.135075856464425,38.47819199622538,5880
2024-09-18,38.7232780456543,40.1937822752361,38.7232780456543,39.11541400275037,1320
2024-09-19,39.31147766113281,40.24279774071972,39.262461602140995,40.14476562273609,1800
2024-09-20,38.42917251586914,39.06638868147531,38.38015646308176,39.06638868147531,700
2024-09-23,39.1644287109375,39.1644287109375,38.42917662151947,38.968360739155585,4180
2024-09-24,39.899681091308594,39.948697149690126,39.36049696974068,39.70361311809693,760
2024-09-25,38.52720642089844,39.556558536250876,38.52720642089844,39.556558536250876,1660
2024-09-26,40.1447639465332,40.1447639465332,39.50754398718925,39.50754398718925,1840
2024-09-27,40.73296356201172,41.26234594515287,40.24279551977407,40.43886348460621,4260
2024-09-30,40.97804641723633,41.2231304313821,40.585914238414254,41.17411437649,1460
2024-10-01,39.997711181640625,40.53689527589149,39.70361110656609,40.53689527589149,2020
2024-10-02,40.1447639465332,40.262403231138784,39.2624599627778,40.262403231138784,1980
2024-10-03,39.31147766113281,39.36049745981022,39.115413425165535,39.262461602140995,280
2024-10-04,39.75262451171875,39.948692461922874,39.51244323605337,39.51244323605337,620
2024-10-07,40.3408317565918,40.3408317565918,39.80164391324213,40.19377984664454,2500
2024-10-08,38.47819137573242,38.91934336237217,38.47819137573242,38.91934336237217,400
2024-10-09,38.47819137573242,38.76738872605518,38.1350752415045,38.1350752415045,440
2024-10-10,37.6449089050293,38.18409302883789,37.492954261823876,38.18409302883789,560
2024-10-11,38.38016128540039,38.38016128540039,37.399825147736884,37.644909182152766,1140
2024-10-14,37.54686737060547,37.831165702970004,37.4978513194321,37.6449032126372,980
2024-10-15,36.27243423461914,36.92925760003493,36.27243423461914,36.91455315747864,860
2024-10-16,36.41948699951172,36.664571020397574,36.125383182700396,36.22341903486596,8980
2024-10-17,35.757755279541016,36.41948509304119,35.58619722183864,36.41948509304119,3080
2024-10-18,36.27243423461914,36.27243423461914,36.027350219520365,36.17440212445374,4840
2024-10-21,36.12538146972656,36.46850132650811,35.684233244798456,36.46850132650811,3860
2024-10-22,36.22341537475586,36.27243142604324,36.02734742992133,36.02734742992133,2100
2024-10-23,35.733253479003906,36.02735357658996,35.292101462782,36.02735357658996,1940
2024-10-24,35.929317474365234,36.27243359356542,35.83128162624717,36.12538169123093,3800
2024-10-25,37.15473937988281,37.44883945952363,36.909655356901226,37.25277149320128,5840
2024-10-28,37.742942810058594,38.13507877668674,36.86063875498812,37.0567067383022,1600
2024-10-29,36.517520904541016,36.86063705474972,36.42438777533341,36.86063705474972,2680
2024-10-30,36.61555099487305,37.007686921705655,36.46850282707483,36.51751888300757,5980
2024-10-31,36.73809051513672,37.05179773947154,36.27243240580115,36.517516408543045,1360
2024-11-01,36.811622619628906,37.3508067678878,36.32145453217796,36.32145453217796,840
2024-11-04,37.889991760253906,38.4781919243701,37.54687188144826,37.54687188144826,5320
2024-11-05,38.38016128540039,38.38016128540039,37.497857265629,37.497857265629,2500
2024-11-06,35.19406509399414,35.26758730474903,34.31176116808363,35.243081147725796,3260
2024-11-07,35.29209899902344,35.58619907607822,34.66468450405713,34.85094701359857,7040
2024-11-08,34.605865478515625,34.85094951694659,34.31666810821619,34.66468699402589,3140
2024-11-11,34.556846618652344,34.60586267442967,34.36077865585767,34.556846618652344,9300
2024-11-12,33.2333984375,33.91963078082918,32.84616519251522,33.91963078082918,2680
2024-11-13,32.89027404785156,33.76767526985466,32.74812487046371,33.23339391248318,2700
2024-11-14,33.257896423339844,33.82159034367134,32.596170403683246,32.84125439168087,6320
2024-11-15,33.772579193115234,34.31176329698796,33.03732712246549,33.03732712246549,2200
2024-11-18,34.11569595336914,34.654880067090616,33.43926538230243,33.47847972431121,4280
2024-11-19,34.45881652832031,34.556848645625166,33.72356442947722,33.72356442947722,2860
2024-11-20,34.36077880859375,34.75291473592616,33.67454280560471,34.21373064060811,1900
2024-11-21,34.287254333496094,34.67448755002394,34.11569626027123,34.409796348611785,2600
2024-11-22,34.85094451904297,35.09602852232693,33.87060850590711,33.968644351031756,2920
2024-11-25,36.02735137939453,36.46850336871196,35.243083253766564,35.243083253766564,5940
2024-11-26,35.58620071411133,35.78226868773466,35.29210062351911,35.63521677259577,2660
2024-11-27,35.684234619140625,36.321450823959175,35.48816665624055,35.48816665624055,3420
2024-11-29,36.37046813964844,36.61555216684199,35.63521605806779,35.684235855254876,4300
2024-12-02,36.664573669433594,36.95867376780844,36.17440559224697,36.17440559224697,4240
2024-12-03,35.855796813964844,36.1744068229125,35.68423872905019,36.1744068229125,1640
2024-12-04,35.463653564453125,35.88029561078746,35.341111566138025,35.831279559398425,2340
2024-12-05,35.3950309753418,35.78226414568055,35.0225022467133,35.04701214268711,7220
2024-12-06,35.096031188964844,35.88029931112613,35.04701513252078,35.88029931112613,2800
2024-12-09,36.664573669433594,37.02239427155587,35.19406943787373,35.292101557436794,5880
2024-12-10,35.29209899902344,35.929318949046625,34.8999630698268,35.929318949046625,1780
2024-12-11,35.24308395385742,35.341116069126265,34.80193195577668,34.94898386836542,5020
2024-12-12,34.708797454833984,35.24308255905476,34.605862615969876,35.09603065228583,5180
2024-12-13,35.07152557373047,35.07152557373047,34.556847623883556,34.556847623883556,2880
2024-12-16,34.640174865722656,34.904866058961396,34.46861679779535,34.899963331396215,3280
2024-12-17,34.556846618652344,35.09603071157368,34.31176260008034,34.31176260008034,7720
2024-12-18,33.72846221923828,35.49307018551613,33.52749526399773,34.55684741786953,11540
2024-12-19,32.988311767578125,33.87061202731908,32.963801868827474,33.723563853871674,2860
2024-12-20,34.14020538330078,34.31176345262683,32.596175279995485,32.596175279995485,5520
2024-12-23,34.581356048583984,34.581356048583984,33.576510090157704,33.82159410541433,7040
2024-12-24,34.85094451904297,35.09602852232693,33.47847634446382,33.47847634446382,5340
2024-12-26,35.145042419433594,35.19406220883186,33.52749034078267,33.52749034078267,5360
2024-12-27,34.65488052368164,34.99800041125094,34.34117326284919,34.75291637999524,3460
2024-12-30,34.28304672241211,34.55572233117456,33.81205539048226,34.55572233117456,3280
2024-12-31,33.63853454589844,34.20867996853788,33.465013012700105,34.20867996853788,2040
2025-01-02,35.20023727416992,35.27460472913365,33.41543726746975,33.41543726746975,1900
2025-01-03,35.74559020996094,35.99347919031086,35.29938928883396,35.348970110892466,3960
2025-01-06,36.80160140991211,37.48081482707748,36.19179282540939,36.19179282540939,5480
2025-01-07,37.38166046142578,37.629549451511515,36.5388356256428,36.5388356256428,1940
2025-01-08,35.49769973754883,36.24136664734029,35.34896862508184,36.24136664734029,2840
2025-01-10,34.70446014404297,35.051503232489004,34.45657114301409,34.50614818672267,2660
2025-01-13,34.40699005126953,34.40699005126953,33.61374609780071,34.20867811728094,6140
2025-01-14,34.33262252807617,35.20023392770265,34.208678042415244,34.65487894729168,11280
2025-01-15,34.50614547729492,35.39854732392175,34.50614547729492,34.704457419043734,11240
2025-01-16,34.75403594970703,35.00192494190535,34.40699287362372,34.40699287362372,2900
2025-01-17,34.55572509765625,35.10108392381311,34.55572509765625,34.95234901077288,1480
2025-01-21,34.50614547729492,34.605303339412174,34.11448043252457,34.20867945591454,72680
2025-01-22,33.51458740234375,34.55572030166864,33.51458740234375,34.208677262722155,4680
2025-01-23,34.39707565307617,34.40699333108804,33.266702438820495,33.31627948142215,3440
2025-01-24,34.50614547729492,34.75403445885952,34.406991397663354,34.406991397663354,2660
2025-01-27,32.870079040527344,33.76247706590119,32.770921182717686,33.71290002823912,3700
2025-01-28,32.17599105834961,33.117969959276955,32.027256154129496,33.117969959276955,1900
2025-01-29,33.613746643066406,33.613746643066406,33.018810831449876,33.217122768655386,500
2025-01-30,33.96078872680664,34.382199217284516,33.71289975799783,33.71289975799783,1340
2025-01-31,33.415435791015625,34.406991726758015,33.415435791015625,34.109525702532444,1380
2025-02-03,32.72134780883789,33.14275834987877,32.42388176707292,32.42388176707292,2480
2025-02-04,33.217124938964844,33.767438803985364,32.96923594688302,32.96923594688302,1240
2025-02-05,33.56416702270508,33.911213870852194,33.3460272882118,33.613747845644475,2540
2025-02-06,33.56416702270508,34.05994499221319,33.21712395704369,33.21712395704369,2580
2025-02-07,33.76247787475586,34.20867878937527,33.564165936871056,34.10952471167567,3420
2025-02-10,33.861637115478516,34.01036823809168,33.861637115478516,33.861637115478516,19160
2025-02-11,32.32472229003906,33.068389248697805,32.32472229003906,33.068389248697805,3260
2025-02-12,32.29993438720703,32.52303295301278,32.02725500012391,32.17598989898481,1300
2025-02-13,32.42387771606445,32.9692326882451,32.37430067904539,32.37430067904539,1020
2025-02-14,33.36585998535156,33.36585998535156,32.87008199913526,32.87008199913526,800
2025-02-18,33.56416702270508,33.916172709643284,33.21712395704369,33.21712395704369,1460
2025-02-19,34.109527587890625,34.456570671588516,33.86659364681618,34.05994676237442,2400
2025-02-20,34.01036834716797,34.10952621171385,33.46501333086583,34.10952621171385,3280
2025-02-21,33.01881408691406,33.96079304464971,32.8700829562101,33.76248108789179,3220
2025-02-24,33.06838607788086,33.3162750403312,32.57260815298019,33.3162750403312,800
2025-02-25,32.67176818847656,33.053515551840306,32.374302170175696,32.82049930638417,1660
2025-02-26,33.489803314208984,33.950876976613216,33.489803314208984,33.61374780644146,2300
2025-02-27,32.72134780883789,33.440224391643746,32.72134780883789,33.316279892367845,2560
2025-02-28,31.38274383544922,31.928100714824712,31.184433790329503,31.928100714824712,3780
2025-03-03,30.936546325683594,31.97767931430329,30.738234379640375,31.97767931430329,3340
2025-03-04,31.432323455810547,31.81407082114574,30.29699147223675,30.490344574255126,4040
2025-03-05,32.12641525268555,32.17599229516937,31.48190235293813,31.87852625778052,800
2025-03-06,32.02725601196289,32.12641387516473,31.432323962694767,31.72978998732883,1000
2025-03-07,32.64698028564453,32.64698028564453,32.076834833650565,32.126415659247726,22000
2025-03-10,31.72978973388672,32.27514473844076,31.72978973388672,32.07683279610683,1340
2025-03-11,32.696556091308594,32.919658450594405,32.07683361965767,32.374303432038744,2180
2025-03-12,32.17599105834961,32.870080973900585,32.12641401777148,32.870080973900585,1260
2025-03-13,32.22556686401367,32.42387880121241,31.828942989616188,32.22556686401367,12620
2025-03-14,32.42884063720703,32.770924883445794,32.42388179813518,32.770924883445794,2340
2025-03-17,33.663326263427734,33.663326263427734,32.72134732632425,32.72134732632425,820
2025-03-18,33.31627655029297,33.51458848573822,33.1675454355732,33.51458848573822,1000
2025-03-19,33.26670455932617,33.56417061638325,33.1179734220407,33.1179734220407,760
2025-03-20,33.217124938964844,33.712902923128496,33.11797085512645,33.19233452676232,1440
2025-03-21,32.22556686401367,32.374301762534124,32.22556686401367,32.374301762534124,60
2025-03-24,32.374305725097656,32.473459814590534,32.126416718879405,32.473459814590534,1740
2025-03-25,32.12641525268555,32.4238812900744,32.027257385232005,32.027257385232005,980
2025-03-26,31.38274383544922,32.126412651187216,31.38274383544922,32.02725479176318,300
2025-03-27,31.234012603759766,31.610803034769358,31.234012603759766,31.28358964504635,300
2025-03-28,30.490345001220703,30.867135424373483,30.490345001220703,30.787811025223274,1380
2025-03-31,29.697101593017578,29.994567622862863,29.350056630702817,29.84583460794022,2220
2025-04-01,30.391189575195312,30.391189575195312,29.697101542978217,29.99456757232227,209720
2025-04-02,30.440767288208008,30.5895002969222,30.192878309936745,30.490344327365133,800
2025-04-03,29.597946166992188,29.746679184666935,29.5285375514935,29.746679184666935,2120
2025-04-04,28.25934410095215,28.507233084293834,27.565254191098287,28.507233084293834,2920
2025-04-07,27.26778793334961,28.259343858198687,26.226654968755213,26.226654968755213,1840
2025-04-08,25.780454635620117,27.72390338497028,25.681298662619156,27.61483351678782,5540
2025-04-09,28.408077239990234,28.408077239990234,26.077920407889614,26.077920407889614,1380
2025-04-10,26.950490951538086,27.11905553823709,26.871166551399902,27.11905553823709,240
2025-04-11,28.110612869262695,28.110612869262695,27.31736693759235,27.36694587214592,200
2025-04-14,28.581600189208984,28.804698758516896,28.061031817509647,28.308920797845396,2300
2025-04-15,28.209768295288086,29.171576911896768,28.209768295288086,28.259345337628858,1580
2025-04-16,28.507232666015625,28.606388636145983,28.01145470660666,28.160187716180783,200
2025-04-17,28.70554542541504,28.70554542541504,27.565254573240924,27.565254573240924,1640
2025-04-21,27.56525421142578,27.912299166608634,27.366944159351902,27.912299166608634,960
2025-04-22,28.55681037902832,29.00301130951805,27.664410409291722,27.664410409291722,1820
2025-04-23,28.71050262451172,29.151744722243432,28.606389703051114,29.151744722243432,720
2025-04-24,29.003009796142578,29.201321730732968,28.482443331896263,28.482443331896263,940
2025-04-25,29.54836654663086,29.602902426467036,28.779911063808154,28.779911063808154,2840
2025-04-28,30.118511199951172,30.143299719809562,29.74667772834684,29.74667772834684,1420
2025-04-29,29.845834732055664,29.895411773488416,29.73676297141213,29.746678757947258,1120
2025-04-30,29.052589416503906,29.350057344829885,28.705546336988007,29.350057344829885,960
2025-05-01,29.003009796142578,29.44921070334957,27.664408965764366,27.664408965764366,620
2025-05-02,29.697101593017578,29.994567622862863,29.697101593017578,29.994567622862863,800
2025-05-05,29.498788833618164,29.845833786379888,29.498788833618164,29.69710077555139,980
2025-05-06,30.044145584106445,30.440769491036168,29.796256587896842,29.796256587896842,380
2025-05-07,30.29203224182129,30.29203224182129,29.845833217835608,29.845833217835608,40300
2025-05-08,30.886966705322266,30.986122676134464,30.04414379028284,30.04414379028284,1640
2025-05-09,31.779367446899414,31.779367446899414,31.18443538978333,31.481901418341373,1020
2025-05-12,32.22556686401367,33.063432812873415,32.175989825335385,32.622190738411156,2300
2025-05-13,34.109527587890625,34.258258716981466,32.91965964273427,32.91965964273427,4960
2025-05-14,33.861637115478516,34.456569170902675,33.76247925125065,34.35741508916057,1280
2025-05-15,34.15909957885742,34.258253650253295,33.4154326959323,33.46500973163024,960
2025-05-16,33.7129020690918,34.42682355859742,33.7129020690918,34.04011734594379,560
2025-05-19,32.969234466552734,33.11796936811792,32.969234466552734,33.11796936811792,320
2025-05-20,33.861637115478516,33.96079119722062,33.068389331598624,33.068389331598624,380
2025-05-21,32.91965866088867,33.26670173423582,32.91965866088867,33.26670173423582,160
2025-05-22,32.07683181762695,32.46849685160545,31.432322752809064,31.680211727543387,1560
2025-05-23,32.72134780883789,32.815546838683076,31.779368857843856,32.12641572530794,400
2025-05-27,32.47345733642578,32.71143242852844,32.0272564027869,32.3743032544997,600
2025-05-28,33.167545318603516,33.167545318603516,32.27514350348984,32.6717673729816,2600
2025-05-29,32.32472229003906,33.11797007193032,32.32472229003906,32.62219209949116,1040
2025-05-30,32.72134780883789,32.87008272096335,32.22556981173429,32.22556981173429,1700
2025-06-02,32.47345733642578,32.47345733642578,31.680213333559863,32.0272564027869,1640
2025-06-03,32.870079040527344,33.11796801132322,31.977677232667986,31.977677232667986,380
2025-06-04,32.91965866088867,33.018812743991916,32.523034763504086,32.523034763504086,620
2025-06-05,32.82050323486328,32.96923815305949,32.671772099153166,32.91966110782279,680
2025-06-06,33.7129020690918,33.76247910975508,32.969235111685364,32.969235111685364,640
2025-06-09,33.76247787475586,34.307832867074865,33.61374675820646,33.61374675820646,580
2025-06-10,34.15909957885742,34.6548775008075,33.71289869260528,33.71289869260528,540
2025-06-11,35.15066146850586,35.29939260118072,34.55572559034837,34.55572559034837,2160
2025-06-12,35.00192642211914,35.200238380761476,34.85319529000189,34.85319529000189,740
2025-06-13,35.00192642211914,35.00192642211914,34.273132149038005,34.40699432867814,1140
2025-06-16,35.46299743652344,35.69601368661992,34.853192654235684,34.853192654235684,1520
2025-06-17,33.613746643066406,33.96078969631185,33.415434705860896,33.812054797786324,980
2025-06-18,33.56416702270508,33.911213870852194,33.11796987613636,33.31627803795102,1260
2025-06-20,33.167545318603516,33.7624773403556,33.167545318603516,33.51458836754464,3660
2025-06-23,33.06838607788086,33.16754393235223,32.96923200589488,33.16754393235223,700
2025-06-24,33.911216735839844,34.208682786178976,33.41543872444595,33.41543872444595,1760
2025-06-25,34.85319137573242,34.90276841420364,34.456567502991525,34.506144541462746,1960
2025-06-26,35.894325256347656,36.19179127747359,34.70445738935824,34.70445738935824,4460
2025-06-27,35.2675666809082,35.56602205099427,34.969111310822136,35.56602205099427,460
2025-06-30,35.36705017089844,36.063448557223516,35.11833673257276,35.26756631359452,1980
2025-07-01,35.72520065307617,36.06345110489716,35.05367508117063,35.41679460154151,1320
2025-07-02,37.50598907470703,37.754702525076354,35.96396644143044,35.96396644143044,4760
2025-07-03,38.79929733276367,38.898781192513596,37.207532806368995,37.30701666611891,2640
2025-07-07,38.003414154052734,38.4510991022745,37.754700715603526,37.754700715603526,2660
2025-07-08,38.25212860107422,38.401354391038765,38.008390487585935,38.008390487585935,760
2025-07-09,39.09775161743164,39.147493545920305,38.20238551943808,38.20238551943808,2420
2025-07-10,39.644920349121094,39.644920349121094,39.296723055265346,39.59517842072254,720
2025-07-11,39.09775161743164,39.34646505494083,38.99826776045432,39.34646505494083,1740
2025-07-14,39.12262725830078,39.12262725830078,38.749557075535805,38.749557075535805,540
2025-07-15,39.495697021484375,40.092607789540615,39.445955089990704,39.54543895297804,1660
2025-07-16,39.371337890625,39.74440804664153,38.948525806152766,39.74440804664153,1420
2025-07-17,40.23686218261719,40.510448499350794,39.59518101751427,39.59518101751427,1320
2025-07-18,41.361045837402344,41.43566062842705,40.938233748350214,41.43566062842705,880
2025-07-21,41.46550750732422,41.83360235798247,41.286433516178874,41.535146971095614,3640
2025-07-22,42.763790130615234,42.82347892828003,41.08746015331932,41.08746015331932,1380
2025-07-23,42.30615997314453,42.92794360711158,41.8336021342899,42.92794360711158,2240
2025-07-24,42.64937973022461,43.27613866313678,42.28128490076581,42.62948219956928,720
2025-07-25,42.65435791015625,42.65435791015625,42.032574267151055,42.13205813200542,1520
2025-07-28,41.93309020996094,42.281287530420286,41.84355321397622,42.281287530420286,2540
2025-07-29,40.913360595703125,41.833599558295425,40.78900387656725,41.833599558295425,2560
2025-07-30,40.41593551635742,40.88848955206071,40.36619358550435,40.88848955206071,680
2025-07-31,39.814048767089844,40.34132005654657,39.74440930603201,40.19209426645093,5660
2025-08-01,39.24698257446289,39.296724504696144,39.147494918930384,39.147494918930384,1060
2025-08-04,39.69466781616211,39.74440974674556,39.24698285077895,39.24698285077895,1160
2025-08-05,40.46567916870117,40.63977783162647,40.24681390462347,40.29158050577588,1660
2025-08-06,40.3413200378418,40.73926306804432,40.291578107832976,40.73926306804432,2900
2025-08-07,40.59003448486328,41.03771945612514,40.44080869115339,41.03771945612514,960
2025-08-08,40.938236236572266,41.28643355576308,40.8387485774705,40.938236236572266,2160
2025-08-11,40.838748931884766,40.987978524299415,40.540293542121645,40.78900699943527,1680
2025-08-12,41.10238265991211,41.10238265991211,40.590033569108385,40.689521224403194,1040
2025-08-13,41.43566131591797,41.65950189764009,41.38591559103218,41.63462903519719,440
2025-08-14,40.86362075805664,40.93823555236939,40.19209519937407,40.19209519937407,260
2025-08-15,42.65435791015625,43.17665768830709,41.13720430319711,41.13720430319711,480
2025-08-18,43.72382354736328,44.22125042777682,43.12690901382748,43.22639666694974,1480
2025-08-19,42.977684020996094,43.5696194389827,42.87819636603524,43.475110910602375,2260
2025-08-20,42.853328704833984,42.92794349973663,42.08231548261692,42.28128700400191,2480
2025-08-21,42.15692901611328,42.57974111448883,42.03257229335189,42.28128573887468,1660
2025-08-22,43.92279815673828,44.12176588688561,41.982832427272314,41.982832427272314,2740
2025-08-25,43.64921188354492,44.460016390485514,43.624339019715855,44.17151166342578,1200
2025-08-26,43.997406005859375,44.246119445790896,43.922795009932656,44.17150844986417,100
2025-08-27,43.52485275268555,43.87305005668064,42.97768393423641,42.97768393423641,17820
2025-08-28,43.997406005859375,44.00238133727646,43.37562240603058,43.37562240603058,500
2025-08-29,43.49998092651367,43.649210514675744,43.44526366385865,43.6243376516267,320
2025-09-02,42.46334457397461,42.46334457397461,41.85847554186425,41.85847554186425,2300
2025-09-03,42.905059814453125,43.107018055523206,42.00272970264866,42.00272970264866,5000
2025-09-04,43.10303497314453,43.17665545817652,42.09226468898301,42.09226468898301,13800
2025-09-05,44.55054473876953,44.967390986688805,43.863102699108346,44.01233228204958,5700
2025-09-08,44.74951934814453,45.11661989711336,44.74951934814453,44.867906438374995,10100
2025-09-09,43.80241775512695,44.58934748356875,43.80241775512695,44.01233424690583,1800
2025-09-10,44.320735931396484,44.46996551908759,43.614390645799524,43.614390645799524,2100
2025-09-11,44.91466522216797,45.16238437230946,44.91466522216797,45.00718893575147,3400
2025-09-12,45.22306823730469,45.22306823730469,44.6092428886299,44.6092428886299,1400
2025-09-15,45.997066497802734,45.997066497802734,44.838060898708726,44.838060898708726,1300
2025-09-16,46.54920959472656,46.54920959472656,46.08162710051407,46.08162710051407,1700
2025-09-17,47.444576263427734,47.5341132570561,45.653840185926526,45.653840185926526,4900
2025-09-18,48.50310516357422,48.50310516357422,47.554012243068286,47.554012243068286,300
2025-09-19,49.394493103027344,49.394493103027344,48.87219333561268,49.08807567085008,1600
2025-09-22,50.4530143737793,50.4530143737793,48.18076798716097,48.18076798716097,1800
2025-09-23,49.4830322265625,50.69277786356204,49.35469827064228,49.79243258214293,1600
2025-09-24,49.252227783203125,49.252227783203125,49.252227783203125,49.252227783203125,400
2025-09-25,49.395484924316406,49.395484924316406,48.99654759570587,48.99654759570587,1500
2025-09-26,49.234317779541016,49.234317779541016,48.74783585354596,48.87716790924529,1000
2025-09-29,49.622314453125,49.85710001137384,49.434284109010356,49.85710001137384,3000
2025-09-30,49.98344421386719,49.98344421386719,49.066188147843434,49.68299642909961,1800
2025-10-01,52.79788589477539,52.79788589477539,51.57819718374142,51.57819718374142,1800
2025-10-02,53.00083923339844,53.86138566984691,52.95606883767981,53.86138566984691,2400
2025-10-03,54.1299934387207,54.689101530342114,53.642513421908475,53.97081698742679,12000
2025-10-06,54.653289794921875,56.298777330808505,54.653289794921875,56.298777330808505,3600
2025-10-07,53.6663932800293,55.38350886311296,53.5330839950384,55.38350886311296,4000
2025-10-08,54.05339050292969,54.05339050292969,52.98591054712981,52.98591054712981,1600
2025-10-09,54.7607307434082,54.7607307434082,54.7607307434082,54.7607307434082,400
2025-10-10,52.36711502075195,55.06515653340668,52.23977157824234,54.806496214195604,4600
2025-10-13,56.269927978515625,56.4529791998423,55.20444038273688,55.20444038273688,2400
2025-10-14,57.03396987915039,57.817916647186735,54.768687438648726,54.768687438648726,2600
2025-10-15,59.194793701171875,59.25349198639335,59.12415993350251,59.12415993350251,2100
2025-10-16,57.402069091796875,59.82055836846206,57.38614879008016,59.601689324217475,5000
2025-10-17,56.414180755615234,57.06978980331293,56.06001001028902,57.06978980331293,2600
2025-10-20,56.8598747253418,58.3979201624697,56.8598747253418,58.3979201624697,4900
2025-10-21,55.80930709838867,56.27887820544635,55.61232799241187,55.851090775115026,2900
2025-10-22,53.751949310302734,55.66207056945742,52.75709551565673,55.66207056945742,4600
2025-10-23,54.69108963012695,55.06515409739352,54.299120041859595,54.299120041859595,15300
2025-10-24,57.689579010009766,57.870641605606956,55.711810760277835,55.711810760277835,7800
2025-10-27,57.516475677490234,59.46241094835267,57.04491595681271,59.46241094835267,5000
2025-10-28,58.348175048828125,58.89534386256755,58.248687394924445,58.39791697824699,3900
2025-10-29,59.68724822998047,60.74179464636486,59.10426534823483,59.10426534823483,6700
2025-10-30,58.54117965698242,58.875449081552496,58.170098090969,58.170098090969,2100
2025-10-31,60.40752410888672,60.40752410888672,58.92519027316908,58.92519027316908,3400
2025-11-03,60.217506408691406,61.03428054760859,59.92004532801829,61.03428054760859,11600
2025-11-04,57.476680755615234,59.10426312411875,57.293629541809594,57.43290846428476,5500
2025-11-05,61.54265213012695,62.00924033193823,58.1790508534758,58.1790508534758,14200
2025-11-06,60.30803680419922,63.053835440693526,59.820560563307225,63.053835440693526,10800
2025-11-07,60.897987365722656,61.14868943224368,57.83085289491392,59.64148652103128,7800
2025-11-10,62.570335388183594,63.39208483279735,61.49191424211571,61.49191424211571,9200
2025-11-11,61.30289077758789,61.98834423370402,60.69105780899617,61.97939167274365,5300
2025-11-12,59.94292449951172,62.108723169795155,59.12416176344293,62.108723169795155,5800
2025-11-13,56.51764678955078,59.93994255862436,56.03016674870548,59.93994255862436,8300
2025-11-14,56.766357421875,57.54234214722621,54.20958353930741,54.20958353930741,39100
2025-11-17,55.144744873046875,56.5872836011326,54.32896508379734,56.5872836011326,5900
2025-11-18,54.62940979003906,55.323819583871035,53.25452188970826,53.25452188970826,3800
2025-11-19,54.04941177368164,55.02536616452035,52.98591279694496,52.98591279694496,7500
2025-11-20,51.73936080932617,55.343717168369075,51.73936080932617,54.5975768289962,6000
2025-11-21,51.54337692260742,51.68265584787887,50.24011707387326,50.419191062098285,4500
2025-11-24,52.44272232055664,52.44272232055664,51.73239603061339,51.73239603061339,2000
2025-11-25,52.865535736083984,52.865535736083984,51.762241724056565,51.762241724056565,900
2025-11-26,54.3687629699707,54.55280849846797,52.85658470290759,52.85658470290759,4900
2025-11-28,55.39345932006836,55.43325438247649,53.881281104153544,53.881281104153544,2800
2025-12-01,53.722103118896484,54.91592839166292,53.722103118896484,54.527936031903664,9500
2025-12-02,54.42049026489258,54.64731756065787,53.373905957146555,53.373905957146555,9200
2025-12-03,54.374725341796875,54.418501427157544,53.75194743457049,54.418501427157544,3100
2025-12-04,56.29579162597656,56.353491808313876,54.37870648337858,54.47819034156001,3000
2025-12-05,56.26395797729492,56.715620183695556,56.26395797729492,56.35847030442054,1400
2025-12-08,55.845123291015625,56.15949898095272,55.22433395992928,56.15949898095272,3800
2025-12-09,55.73966979980469,55.97047433804812,54.84629225199413,54.84629225199413,35000
2025-12-10,56.485809326171875,56.875790318283244,55.62525911338274,55.701866317613565,5800
2025-12-11,57.93332290649414,57.93332290649414,55.46309922640905,55.46309922640905,2300
2025-12-12,55.1735954284668,57.83085130216598,55.1049502747529,57.83085130216598,2500
2025-12-15,54.563751220703125,56.15949677884968,54.563751220703125,56.15949677884968,1800
2025-12-16,54.312049865722656,54.32299483583687,53.60272168468671,53.751947471739776,2000
2025-12-17,52.75012969970703,54.4881408568177,52.70735171670621,54.36875946831019,1700
2025-12-18,53.57188034057617,54.02055960882538,53.57188034057617,53.87133381855051,3000
2025-12-19,54.70601272583008,54.791572488351925,54.70601272583008,54.791572488351925,400
2025-12-22,55.516822814941406,55.76155524288004,54.26927452918085,54.26927452918085,4100
2025-12-23,54.57767868041992,55.21438448893766,54.1707830919317,55.21438448893766,7500
2025-12-24,54.636375427246094,54.64732039796589,54.27922554878915,54.30906994883787,2500
2025-12-26,54.62742233276367,54.62742233276367,53.54303153247847,53.54303153247847,3100
2025-12-29,54.12900161743164,54.28718376871056,54.12900161743164,54.28718376871056,1400
2025-12-30,53.391998291015625,53.99599838256836,53.391998291015625,53.78099822998047,1200
2025-12-31,53.10200119018555,53.154998779296875,52.750999450683594,52.81999969482422,1700
2026-01-02,56.00400161743164,56.00400161743164,54.86800003051758,54.86800003051758,2600
2026-01-05,56.731998443603516,56.731998443603516,56.04999923706055,56.04999923706055,2700
2026-01-06,56.981998443603516,56.981998443603516,56.369998931884766,56.4900016784668,5300
2026-01-07,56.284000396728516,56.540000915527344,55.7400016784668,55.7400016784668,7800
2026-01-08,56.60200119018555,57.22999954223633,56.20000076293945,56.20000076293945,1900
2026-01-09,57.47100067138672,57.47100067138672,57.16999816894531,57.16999816894531,3200
2026-01-12,58.7859992980957,59.130001068115234,56.189998626708984,56.20000076293945,6200
2026-01-13,59.165000915527344,59.88999938964844,58.88999938964844,59.810001373291016,2000
2026-01-14,58.49100112915039,59.04999923706055,58.2599983215332,59.04999923706055,7200
2026-01-15,58.94900131225586,59.45500183105469,58.94900131225586,58.959999084472656,1800
2026-01-16,59.560001373291016,59.560001373291016,59.25,59.25,1300
2026-01-20,59.297000885009766,59.297000885009766,59.040000915527344,59.040000915527344,1600
2026-01-21,60.23400115966797,60.23400115966797,58.724998474121094,59.9900016784668,3200
2026-01-22,62.255001068115234,62.5,60.709999084472656,60.709999084472656,4900
2026-01-23,62.23899841308594,62.790000915527344,62.0099983215332,62.29999923706055,6800
2026-01-26,62.020999908447266,62.939998626708984,60.68000030517578,62.939998626708984,10700
2026-01-27,62.749000549316406,62.790000915527344,61.83000183105469,61.83000183105469,9800
2026-01-28,64.61199951171875,64.6500015258789,62.91999816894531,62.91999816894531,6000
2026-01-29,63.250999450683594,64.94999694824219,61.40299987792969,64.94999694824219,7600
2026-01-30,61.356998443603516,63.20000076293945,61.0099983215332,61.869998931884766,10400
2026-02-02,61.24100112915039,61.24100112915039,60.4900016784668,61.0,2200
2026-02-03,62.51300048828125,62.959999084472656,61.66999816894531,61.849998474121094,1200
2026-02-04,61.59400177001953,64.25,59.869998931884766,64.25,3700
2026-02-05,58.52199935913086,59.290000915527344,58.22999954223633,59.0,2900
2026-02-06,60.1870002746582,60.1870002746582,59.34000015258789,59.689998626708984,2600
2026-02-09,61.55699920654297,61.55699920654297,60.779998779296875,60.779998779296875,2400
2026-02-10,60.66600036621094,61.77000045776367,60.66600036621094,61.5,2100
2026-02-11,60.362998962402344,60.599998474121094,60.36000061035156,60.599998474121094,1000
2026-02-12,58.380001068115234,62.119998931884766,58.380001068115234,62.119998931884766,1200
2026-02-13,58.935001373291016,59.0,58.61000061035156,58.810001373291016,3500
2026-02-17,59.14899826049805,59.34000015258789,57.33000183105469,57.33000183105469,5200
2026-02-18,60.19599914550781,60.7599983215332,59.599998474121094,59.790000915527344,3900
2026-02-19,60.16600036621094,60.400001525878906,59.630001068115234,59.97999954223633,1900
2026-02-20,60.303001403808594,60.845001220703125,59.84000015258789,60.0,3300
2026-02-23,59.659000396728516,60.040000915527344,58.619998931884766,60.040000915527344,4400
2026-02-24,61.3380012512207,61.54999923706055,61.18000030517578,61.18000030517578,1900
2026-02-25,61.584999084472656,63.13999938964844,61.584999084472656,63.13999938964844,3900
2026-02-26,59.637001037597656,59.97200012207031,59.2400016784668,59.7400016784668,16400
2026-02-27,58.60300064086914,58.869998931884766,57.95000076293945,58.869998931884766,4500
2026-03-02,59.104000091552734,59.104000091552734,58.36000061035156,58.36000061035156,2600
2026-03-03,55.85599899291992,55.85599899291992,54.689998626708984,54.95000076293945,1900
2026-03-04,58.143001556396484,58.459999084472656,56.36000061035156,56.36000061035156,11500
2026-03-05,56.2400016784668,57.33000183105469,54.97999954223633,56.45000076293945,7200
2026-03-06,55.59600067138672,56.459999084472656,55.439998626708984,55.66999816894531,2700
2026-03-09,57.34700012207031,57.34700012207031,54.400001525878906,54.400001525878906,21200
2026-03-10,58.04800033569336,59.41999816894531,58.0,58.83000183105469,7900
2026-03-11,58.89699935913086,59.66999816894531,58.85200119018555,59.66999816894531,5900
2026-03-12,58.30289840698242,59.0099983215332,58.2599983215332,58.400001525878906,7671
