date,close,high,low,open,volume
2021-02-19,52.66422653198242,53.33998648721635,52.26777849183908,52.73630580658575,131900
2021-02-22,51.59202194213867,52.79937994600339,50.86220334205093,52.402935316784045,134500
2021-02-23,51.60103225708008,53.177805536774514,51.51994092235493,51.79925628353999,153300
2021-02-24,50.31257629394531,51.53795477319222,50.24049358947549,51.43884277309247,230600
2021-02-25,49.744930267333984,51.49289780521704,49.55571834944728,49.7359216490455,143100
2021-02-26,49.51068115234375,50.47476510117013,49.4115691401497,49.96118779897637,244600
2021-03-01,49.69988250732422,50.31257169089329,49.15026396584971,49.98820642463999,168700
2021-03-02,48.61866760253906,49.5917634313952,48.4925263144486,49.5917634313952,183400
2021-03-03,47.94291687011719,48.60966822446618,47.46538092096682,48.60966822446618,171700
2021-03-04,47.38428497314453,48.50154286873624,46.76258709400033,46.99684901688155,256100
2021-03-05,47.717655181884766,48.05103251917645,47.258139991723134,47.77171720776535,421900
2021-03-08,48.06905746459961,48.573626142442,47.47438883293565,48.06905746459961,405300
2021-03-09,47.55547332763672,48.42945718981552,47.40230274074771,48.25826592733503,297200
2021-03-10,47.64557647705078,48.33935701707925,47.24912849012456,47.75369709298866,213800
2021-03-11,47.82578659057617,48.14113986399202,47.34824721456986,47.69063322363058,194600
2021-03-12,48.61866760253906,48.88897085374611,47.92488708094918,47.97894910602752,308400
2021-03-15,48.45648193359375,48.53757324759309,47.753692836994254,48.402423348988926,198700
2021-03-16,48.78987121582031,48.87997117032936,48.312331833062096,48.60065581200259,145100
2021-03-17,48.204200744628906,48.66371591230386,47.93389750263821,48.66371591230386,148100
2021-03-18,48.26727294921875,48.47450555602403,47.699633716695935,48.21321092423343,227000
2021-03-19,48.29430770874024,48.41144039091844,47.96093377633284,48.29430770874024,937700
2021-03-22,48.033016204833984,48.28529880766353,46.68149636894539,48.28529880766353,232200
2021-03-23,49.483646392822266,49.78098241724565,47.77172326787855,47.84380254110395,233300
2021-03-24,49.51068115234375,50.069308431782176,49.24037785178277,49.55573112958842,170300
2021-03-25,49.90711975097656,50.12336442762692,49.18630989062961,49.483642454294746,175600
2021-03-26,50.51079940795898,50.618920025674285,49.62780691625037,49.97920150164444,208000
2021-03-29,50.60991287231445,51.339734846055904,50.39367161593441,50.45674226880298,215100
2021-03-30,50.213470458984375,50.87120975111151,50.05128779110722,50.736059819275845,200200
2021-03-31,50.76308441162109,51.10547039396039,49.99722455761511,50.21346580334009,287000
2021-04-01,50.64595413208008,51.24062274164508,50.32158881102775,50.90724880038255,148800
2021-04-05,51.51092147827149,51.68211618097263,50.68199100847068,50.736053036233,158000
2021-04-06,52.13262176513672,52.63718693284508,51.33072060609242,51.67310313072526,178300
2021-04-07,51.79924774169922,52.26777155719143,51.20457919747497,52.15965094108496,205800
2021-04-08,51.628055572509766,51.91637952098349,51.393793653284575,51.91637952098349,178900
2021-04-09,51.80826187133789,52.01549450637211,51.38478454399814,51.79024119388803,118700
2021-04-12,52.54708862304688,52.83541256699862,51.99747003079745,51.99747003079745,146200
2021-04-13,53.0066032409668,53.078682502927386,52.36688131669568,52.50203465887363,122600
2021-04-14,53.430084228515625,53.67335821478298,52.916506958759896,53.05166031905045,126500
2021-04-15,54.55635070800781,54.57437138516429,53.15978088076226,53.50216687254975,119800
2021-04-16,54.34011459350586,54.89874188979688,54.0337699270702,54.43021455071333,320900
2021-04-19,53.45711135864258,54.21395909822865,53.06967543265883,54.21395909822865,186300
2021-04-20,54.45724487304688,54.53833621089354,53.41206953918605,53.41206953918605,148700
2021-04-21,55.1600341796875,55.31320478770011,54.349120851700455,54.67348618289528,195400
2021-04-22,55.27716064453125,55.78172929396037,55.09696074703553,55.22310205011963,154900
2021-04-23,55.12398910522461,55.84479899420696,54.97081507045124,55.49340438814635,198600
2021-04-26,54.38515472412109,55.73667446006012,53.94365676472701,55.48439187588774,156600
2021-04-27,53.0606689453125,54.35813020555713,52.75432430743172,54.30406817401603,164000
2021-04-28,53.4481086730957,53.907627380799525,53.006614080933325,53.006614080933325,255700
2021-04-29,52.68223571777344,54.14187594028596,52.294799819654045,53.15977154876576,207200
2021-04-30,52.934532165527344,53.38503882225524,51.80826552370762,52.21372220218132,756700
2021-05-03,53.15978240966797,53.76345964485456,52.79036711006755,53.03364110303751,294600
2021-05-04,53.0606689453125,53.33097222883256,52.40292969514637,53.06968100244905,144800
2021-05-05,52.060543060302734,52.91650631179472,51.02437991341681,52.91650631179472,201900
2021-05-06,52.18667602539063,52.49302061055329,51.81726079949672,52.19568808097631,206300
2021-05-07,52.31333160400391,52.4399758070671,51.77961428338351,52.22286899410468,146000
2021-05-10,52.16858673095703,52.82895164597774,52.01480548416824,52.4490156202015,287100
2021-05-11,51.707252502441406,52.15051073516951,51.01975381073649,52.04195558585062,165800
2021-05-12,49.98849105834961,51.61678347946492,49.85280232378708,51.43586171591927,174800
2021-05-13,51.2911376953125,51.50824110468723,49.979458898319486,49.979458898319486,199600
2021-05-14,51.236846923828125,51.60773498256787,51.05592516207312,51.345398600562895,173600
2021-05-17,50.92024612426758,51.36350090162942,50.8478760254678,51.137349519074455,118900
2021-05-18,50.35937881469727,50.5764856197917,46.15296595450248,47.681747773041,884500
2021-05-19,50.29606246948242,50.76645772533867,49.91612983059622,50.368432563058455,163500
2021-05-20,50.666954040527344,50.88406088532172,49.99754788310411,50.06086999391992,175600
2021-05-21,51.06497573852539,51.39967877173385,50.49507336786554,51.00165363631827,252400
2021-05-24,51.50822830200195,51.598690909086784,51.05592561896464,51.11924771852622,188300
2021-05-25,51.27302932739258,51.833883654250734,51.20970723165676,51.59868779163132,228500
2021-05-26,52.17763900756836,52.46711245539655,51.30017067776659,51.30017067776659,246900
2021-05-27,51.30921936035156,52.467113167376965,51.29112683826733,52.467113167376965,145500
2021-05-28,51.41777801513672,52.096232156724135,51.30922631870568,51.68915898161245,109600
2021-06-01,51.40873336791992,51.77057350551215,51.182581987876205,51.73438845651406,161100
2021-06-02,51.36348724365234,51.80674535394442,50.95641762393358,51.43585732320832,138700
2021-06-03,51.50822830200195,51.67105754395903,50.94737394125846,51.36349158146184,102300
2021-06-04,51.25494384765625,51.82484623835816,51.24589931164963,51.59869487943789,106000
2021-06-07,51.39967346191406,51.68914688518434,51.28207380533695,51.47204354312933,134500
2021-06-08,51.30921936035156,51.589644825667925,50.82073161646432,51.399678519977016,147300
2021-06-09,51.662017822265625,51.81579909244501,51.34540384416158,51.526325624393046,102000
2021-06-10,52.34950637817383,52.38569141742009,51.75246703379158,51.788652073037845,129100
2021-06-11,53.21792984008789,53.254111428385215,52.3314136362959,52.67516460608492,131200
2021-06-14,53.23603820800781,53.62501889227851,52.62995411206765,53.42600800671424,228300
2021-06-15,53.290306091308594,53.525501986294486,52.8289588373457,53.30839861412226,170800
2021-06-16,52.69325637817383,53.67927624929078,52.575656728188726,53.4169398957837,147800
2021-06-17,52.8560905456543,53.44408539979133,52.50329501349029,52.6028021534946,195600
2021-06-18,50.71217727661133,52.51233999468859,50.63076265689757,52.34951075526107,380300
2021-06-21,51.51728439331055,51.761528294673,50.45889415407324,50.71218604296551,177400
2021-06-22,51.26398468017578,51.562506108766335,50.70313031679444,51.562506108766335,154000
2021-06-23,50.42271423339844,51.44491600731102,50.32320707203789,51.18258302375609,193200
2021-06-24,50.63980484008789,50.88404868788518,50.16940966478888,50.52220518356429,123000
2021-06-25,51.11020660400391,51.119251139919925,50.63981136806624,50.838825666177215,1899100
2021-06-28,50.85691833496094,51.68915367346064,50.7393186629396,51.30922104957056,175300
2021-06-29,50.196556091308594,51.01069889586557,50.04277137605493,50.82073258654853,124700
2021-06-30,50.241790771484375,50.67600100147924,49.94326929729007,49.94326929729007,203700
2021-07-01,50.721221923828125,50.84786612126361,50.26891924681821,50.28701176799407,125800
2021-07-02,51.21875762939453,51.50823108612136,50.75741038610984,50.99260627565196,116700
2021-07-06,51.39063262939453,51.40872515100176,50.31415002393656,51.37254010778731,144800
2021-07-07,52.6751708984375,52.8922777081324,51.29112577036899,51.29112577036899,181900
2021-07-08,51.85198974609375,52.8922875068289,51.75248258366562,52.37666262042523,186000
2021-07-09,52.430931091308594,52.59376034848873,51.76152499027555,52.05099845841891,134800
2021-07-12,52.738502502441406,52.85610218933397,51.8610374716789,52.41284395461355,146300
2021-07-13,52.3314208984375,52.95560083161992,52.26809879663577,52.70230897361725,139100
2021-07-14,52.41283798217773,52.69326691102939,51.99672030772371,52.52139311961471,138200
2021-07-15,53.18174743652344,53.20888449179008,52.132405406403095,52.35855673574623,133300
2021-07-16,54.77386093139648,55.244256193439305,53.45313776342781,53.45313776342781,191900
2021-07-19,53.84211349487305,54.782903933346425,53.24507407253335,54.393923337646775,224700
2021-07-20,54.638160705566406,55.54276599240826,54.158717556999406,54.158717556999406,269000
2021-07-21,53.90543746948242,54.81004289541716,53.842115365730656,54.63816910677606,167100
2021-07-22,53.92351913452149,54.42105132844762,53.679275304602434,53.679275304602434,134800
2021-07-23,54.92763900756836,54.97286858577494,53.60691254868506,54.050170697019055,161800
2021-07-26,55.10857009887695,55.15380313836772,54.65626731034068,54.90955921846256,152600
2021-07-27,55.62418365478516,55.6784577664612,54.87335956917513,55.09046636826583,130000
2021-07-28,55.6965446472168,56.04934014056755,55.29851958178431,55.81414429526544,160300
2021-07-29,56.75494766235352,57.38816871907096,55.37994695914603,55.37994695914603,185700
2021-07-30,56.70066833496094,58.0213914277334,56.44737992012672,57.36102988134717,448000
2021-08-02,57.20723724365234,57.33388142589486,56.46545776761232,56.63733497276587,178500
2021-08-03,58.12089538574219,58.15708042895929,57.33388967514636,57.33388967514636,235900
2021-08-04,58.45560073852539,58.600334007027485,57.47862529516937,57.750006212503074,144900
2021-08-05,59.541133880615234,59.541133880615234,58.61843930504278,58.7812685715076,116200
2021-08-06,58.80582046508789,59.904230317901295,58.62426775046119,59.53204517517892,189400
2021-08-09,58.24300765991211,58.87844913889167,57.50770317618697,58.82398470520562,131600
2021-08-10,58.21577453613281,58.4608783646464,57.93436569860345,58.44271893434511,126100
2021-08-11,57.89804458618164,58.59703710032018,57.55309164886421,58.47902159944904,87800
2021-08-12,57.78003692626953,58.37009366259412,57.56216881139541,57.64386892161118,111400
2021-08-13,58.48810577392578,58.542570208763394,57.76188445195416,57.99790508300878,164700
2021-08-16,59.09630584716797,59.123538060346505,58.333776175001866,58.48809666687475,127900
2021-08-17,58.76951599121094,59.06000452693391,58.01606243383464,58.86029236003818,107800
2021-08-18,57.99790573120117,59.11447513840098,57.89804964902099,58.88753075631745,110900
2021-08-19,57.95250701904297,58.37008723801552,57.78003056663628,57.96158326900297,198800
2021-08-20,58.42456817626953,58.4699598275862,57.78912314970098,57.997911586749815,238100
2021-08-23,57.90712738037109,58.64242493688611,57.825427267103166,58.64242493688611,116900
2021-08-24,57.326148986816406,58.14315010026457,57.07196893880128,57.77095801077444,122700
2021-08-25,57.33522415161133,57.62571266135672,56.96303553206904,57.52585658683871,134800
2021-08-26,57.14459609985352,57.23537246752619,56.70886330181107,57.2262962159175,138400
2021-08-27,57.18998718261719,58.2248530632868,56.93581056993248,57.24445508371961,328600
2021-08-30,57.8526611328125,58.11591398271565,57.36246043923321,57.36246043923321,164300
2021-08-31,57.68927001953125,58.11592316806094,57.21722521735422,57.90713818318872,148600
2021-09-01,58.91476058959961,59.42311376863852,57.616638499588696,57.80727094172829,153100
2021-09-02,59.11446762084961,59.250628692149874,58.814899412404976,59.12354040840828,139000
2021-09-03,58.542572021484375,59.52297343367568,58.515339803222346,59.13262881173616,114300
2021-09-07,58.578880310058594,58.98738433595387,57.5803264564134,58.56072780761092,268100
2021-09-08,59.268802642822266,59.84070005980437,58.18854504050677,58.35194529190076,258000
2021-09-09,58.03421401977539,59.35956829683618,57.93435794386463,59.02368813915522,190500
2021-09-10,56.12787628173828,58.42455191285563,55.99170829148643,58.18852785813852,181600
2021-09-13,55.20194625854492,56.69070067602439,54.657277727803816,56.41836814210186,184300
2021-09-14,55.410736083984375,55.85554509289353,54.4666467099174,55.41981233476173,598000
2021-09-15,54.74806213378906,55.71030406511251,54.14892912381352,55.43797150837751,235100
2021-09-16,53.80397033691406,54.91145994350663,53.54979375686837,54.73898001027889,174500
2021-09-17,53.16852569580078,53.99460304806994,53.086825585668834,53.78581464726523,568800
2021-09-20,53.758583068847656,53.78581528491575,52.91434974177424,52.95973792285315,244400
2021-09-21,53.72228240966797,54.2215594320759,53.59519409082562,53.958303078532765,148600
2021-09-22,53.849365234375,54.248786118969896,53.395476448877645,54.11262156105866,165900
2021-09-23,54.11260986328125,54.77528693130578,53.96736562183609,54.039986011110734,142400
2021-09-24,54.26694488525391,54.82976950158905,54.05815644870253,54.16708879323003,169500
2021-09-27,53.54979705810547,54.72990713336414,53.49532916063948,54.26693866214418,137600
2021-09-28,53.23207473754883,53.71319572874927,52.97789813282354,53.43178690577385,125100
2021-09-29,54.01277160644531,54.330492407206776,53.2411619686549,53.36825028895949,146800
2021-09-30,53.49532699584961,54.775293099884806,53.468094779666814,54.38494850774889,224700
2021-10-01,53.35916519165039,54.23971055480937,53.077756357327,53.58610958727721,213600
2021-10-04,54.294166564941406,54.55741937440965,53.26837715176463,53.277453401927296,173200
2021-10-05,54.43033599853516,54.48480389310605,53.86751493955419,54.33955963714656,180600
2021-10-06,54.83883666992188,54.856992634818354,53.40455007206258,54.049071242854446,166600
2021-10-07,55.08393859863281,55.82831586648761,54.88422644187791,55.19287092827353,195500
2021-10-08,54.720829010009766,55.0839414112144,54.1943198374492,54.94777339503853,121700
2021-10-11,54.82068634033203,54.97501032636773,54.1489328845905,54.67544206912604,101400
2021-10-12,54.98408889770508,55.51967781966316,54.666368123194665,54.76622421315415,140600
2021-10-13,54.71174621582031,55.156555218064135,54.50295782210846,55.01131096752997,151600
2021-10-14,55.02946853637695,55.17471279114646,54.81160388567079,54.893303995409646,118700
2021-10-15,55.38350677490234,55.71030724680692,55.12025391733168,55.510598540673655,263600
2021-10-18,54.3214111328125,55.41982118579315,54.30325516546199,55.1656445686794,158400
2021-10-19,54.12168502807617,55.06577430998624,54.04906464025776,54.57557370635265,177000
2021-10-20,54.521114349365234,55.34719168210276,54.11261380836401,54.11261380836401,186400
2021-10-21,53.64057159423828,54.466648965025314,52.03380503422248,54.466648965025314,340800
2021-10-22,53.72228240966797,54.45758356383767,53.56795840614728,53.56795840614728,175200
2021-10-25,54.43033599853516,54.90238069612753,53.64057057318649,53.70411471873775,189600
2021-10-26,54.38495635986328,55.510602117522,54.33048845673734,54.33048845673734,221000
2021-10-27,53.949214935302734,54.8116042182464,53.79489096579465,54.71174814319344,141700
2021-10-28,55.44704818725586,55.63768062024499,53.5861016484978,53.5861016484978,282000
2021-10-29,55.26549530029297,56.4819172916852,55.02039495916584,55.58321604088572,638700
2021-11-01,55.72846603393555,55.73754574911275,54.23971133137224,55.36535707347192,214900
2021-11-02,56.50915145874024,56.72701959044838,55.474285624643606,56.07341865822042,183600
2021-11-03,57.371543884277344,57.63480021419521,55.37443251097434,56.49099852146771,905200
2021-11-04,56.82687377929688,57.62571900042103,56.42745290018309,57.371542392157394,222300
2021-11-05,58.1844482421875,58.21178088241057,57.13665300852927,57.21865440486484,199500
2021-11-08,57.33711242675781,58.31201616903043,56.63554556514412,58.266460601531776,214600
2021-11-09,56.80865097045898,57.53755386147469,56.68109400723121,57.39177397840486,200400
2021-11-10,56.96353912353516,57.31887734054944,56.73575785871408,56.74486758001376,210800
2021-11-11,56.94531631469727,57.11842882505408,56.38041975004202,57.072873267135584,175800
2021-11-12,57.173099517822266,57.40999051242759,56.562647374557415,57.07287520160472,125900
2021-11-15,57.84733963012695,57.86555907527334,57.01821584929603,57.491997887770765,261200
2021-11-16,57.71066284179688,58.18444830158983,57.51021421151276,58.011332311556686,214000
2021-11-17,58.96801376342773,59.050011680474974,57.409987301872334,57.53754772716696,271800
2021-11-18,59.87004089355469,59.93381938465274,58.98624826595721,59.22314278346464,184900
2021-11-19,61.1456184387207,61.3187344673154,59.505590145018985,60.01582503157856,319500
2021-11-22,61.15470504760742,62.32094379322762,60.170688499241166,61.19115087732446,319100
2021-11-23,60.42580032348633,61.245814086210096,60.23446493740595,60.981587043147385,189900
2021-11-24,59.25958251953125,60.41670843911829,59.204917233178094,60.39848899411172,177500
2021-11-26,57.35532379150391,59.1866836509908,56.60820151294047,58.53067248906532,193600
2021-11-29,58.61268615722656,58.740243129931415,57.28244071525648,57.88378321205568,240600
2021-11-30,57.40998458862305,58.776675561144735,57.40998458862305,58.72200333436469,302000
2021-12-01,58.03866958618164,59.5511371137035,57.81088831109904,58.020446667095065,232200
2021-12-02,59.50557708740234,59.897361152074645,58.430449208859706,58.47600824365082,239200
2021-12-03,59.55114364624024,59.73336590576228,58.67646428813393,59.73336590576228,220700
2021-12-06,60.83581161499024,61.15471091779235,59.66046651261891,60.34381024491159,233700
2021-12-07,60.99982833862305,61.60117429719955,60.46226781625936,60.981608893514746,153300
2021-12-08,61.25495529174805,61.72873737612164,60.87227739326586,61.33695322985083,156200
2021-12-09,61.32782745361328,61.49183024751933,60.27092596614429,60.98160242262621,205500
2021-12-10,61.67405700683594,62.02939522108152,61.37338407129506,61.53738685874167,193500
2021-12-13,63.00431442260742,63.70587782873334,61.40073198546133,61.41895838378545,341400
2021-12-14,62.31184005737305,63.47807898003711,62.00206088474828,62.8220678482055,391200
2021-12-15,64.38009643554688,64.51675962575254,62.51228738763841,62.51228738763841,456700
2021-12-16,64.28898620605469,65.36411412509395,63.89720212662513,64.25254036711554,237600
2021-12-17,63.16831207275391,64.28899218112423,63.068087744189576,63.88810181820058,817500
2021-12-20,63.642086029052734,63.86986730113333,62.20250672118348,62.66718246260108,206500
2021-12-21,63.796966552734375,64.15231168187013,62.90406798591014,63.97008251932208,159000
2021-12-22,64.18875885009766,64.3618748390354,63.39608448250417,63.660311588812895,212100
2021-12-23,63.19564056396485,64.31632059869325,63.18652736614867,64.31632059869325,209100
2021-12-27,63.796966552734375,63.89719085430286,62.913181181870485,63.57829850900849,89000
2021-12-28,64.270751953125,64.36186305381274,63.56918188003346,63.74229783727215,84000
2021-12-29,64.9085464477539,64.9632186775186,63.97920195774376,64.3983186454999,91400
2021-12-30,65.0270004272461,65.33677962240431,64.56232468317597,65.13633098961591,115800
2021-12-31,65.47344970703125,65.67389833960635,64.4712134954885,65.11811147704184,121200
2022-01-03,65.48257446289062,65.56457239905448,64.3527741437391,65.56457239905448,232500
2022-01-04,63.66031646728516,65.39144868399346,63.4416414272379,65.39144868399346,206400
2022-01-05,63.1591911315918,64.02475718890003,62.93140985847565,63.44163768582932,132700
2022-01-06,62.53050994873047,63.82431280832365,62.32095507907279,62.95873983629073,164200
2022-01-07,61.80161285400391,62.3118406496864,61.5647183982946,62.05672675184515,137400
2022-01-10,60.29825973510742,61.573836272546494,60.17981597392125,61.53739043418162,157200
2022-01-11,59.25958251953125,60.4258216372883,58.58535183295297,60.307377866411976,180000
2022-01-12,59.02268981933594,59.73336636884852,58.785795319053854,59.21402527871751,138700
2022-01-13,58.15711975097656,59.11379698369833,57.86555650657573,59.11379698369833,234400
2022-01-14,56.95442962646485,58.01133462486706,56.462424703995865,57.819999184147655,174100
2022-01-18,56.46242904663086,57.04554861119591,55.997753254097184,56.45331584837197,301100
2022-01-19,56.13441848754883,57.036430398538506,56.07064000801083,56.48064700194544,221600
2022-01-20,55.779083251953125,57.35532935728002,55.73352421354678,56.29842431365236,224400
2022-01-21,55.68796157836914,56.74486648776861,55.47840323584735,55.92485603559634,244800
2022-01-24,55.29618453979492,56.08886592904704,53.82016275830245,55.80641587907215,315300
2022-01-25,56.09798049926758,56.5535431172416,54.8679628210045,55.03196564152851,246500
2022-01-26,55.387298583984375,57.02732315533706,54.79506584748668,55.979527844815465,215500
2022-01-27,54.84062194824219,56.49886945591834,54.59461773877375,55.83374850839255,301800
2022-01-28,55.5604133605957,55.56952655881849,53.938611643614855,54.96818407578439,190300
2022-01-31,56.57175827026367,56.57175827026367,55.050177527836325,55.08662336642935,441600
2022-02-01,55.54218673706055,56.95442998443695,54.77684149370605,56.79043065969418,235600
2022-02-02,55.788185119628906,55.89751914994402,55.03195315275568,55.43284691435518,241300
2022-02-03,55.12307357788086,55.70619313896168,54.81329087659833,55.51485768466955,164900
2022-02-04,54.65646362304688,56.37648368675411,53.79645010110527,55.99222499914547,227200
2022-02-07,54.40029144287109,54.95838447170398,54.07092483634098,54.446036029314,161700
2022-02-08,54.9858283996582,55.489029301339855,54.20815998993072,54.49178199905237,373300
2022-02-09,54.757110595703125,55.62627180152623,54.35455330115149,55.38839782976586,235700
2022-02-10,53.293251037597656,54.958378945316426,53.04622610753988,54.20815663480963,263500
2022-02-11,53.769020080566406,54.31796222370135,53.13773626695232,53.58603820282509,190600
2022-02-14,53.494537353515625,54.546676813630455,52.66197330677769,53.9519902031538,288700
2022-02-15,53.41219711303711,54.49178614593138,53.183470682171176,53.89709602964461,133900
2022-02-16,53.27495193481445,53.58601997413001,51.481737821154326,51.62812257553295,323200
2022-02-17,53.44879150390625,53.77815812778588,52.72601862382419,53.09197882473279,162400
2022-02-18,53.77816009521485,54.52838254812541,53.17432242604077,53.21091949449703,212400
2022-02-22,54.025177001953125,54.67475916461954,53.32069924480256,53.567724184849226,184300
2022-02-23,52.634521484375,54.32709904882985,52.552179835400565,54.244757399855416,187400
2022-02-24,52.02153396606445,52.32345100497398,48.3161669134492,50.31980895921159,417400
2022-02-25,51.20727157592773,52.77175943734285,50.96939414677109,52.03983559779965,300700
2022-02-28,52.08557891845703,52.75345962395092,51.3445040857423,51.3445040857423,370400
2022-03-01,51.61896133422852,53.24749533026085,51.21640421199688,52.46067612264194,211700
2022-03-02,52.05813980102539,52.6162293900372,51.74707169907217,52.05813980102539,194900
2022-03-03,52.15877532958984,52.94559483387484,51.94834742566756,52.27771405444625,216300
2022-03-04,53.64091873168945,53.695810836516266,51.51833792288084,52.25026173797208,364600
2022-03-07,54.73881149291992,54.95838691363744,53.220064630863206,54.30880468305623,237100
2022-03-08,53.46708297729492,54.82114287104281,52.83579935827704,54.74795223656106,289400
2022-03-09,53.366455078125,53.79645841546577,53.19262074869348,53.53113490534606,250000
2022-03-10,52.69857406616211,53.13773193295852,51.62813592732882,52.90900547695939,154600
2022-03-11,51.85685348510742,52.92729144026214,51.41769918375512,52.67111897032866,175700
2022-03-14,52.186222076416016,52.52473620890999,51.78366133390486,51.94834463946155,173100
2022-03-15,52.70771789550781,52.9181457875379,52.14962486051624,52.54303459042544,228200
2022-03-16,52.93644332885742,53.2932559864902,52.34175323941066,52.86324919904136,211300
2022-03-17,53.19261932373047,53.67751825054745,52.72601893057863,52.72601893057863,136400
2022-03-18,53.51283264160156,53.58602327825991,52.62537305028571,53.58602327825991,455800
2022-03-21,53.35730743408203,54.05263781552247,52.96389765013017,53.32071036346122,103800
2022-03-22,52.74431610107422,53.48538749987355,52.524737192855824,53.42134437874493,188700
2022-03-23,52.49729537963867,53.192622246680656,52.14963020107337,52.973046810809976,175600
2022-03-24,53.3390007019043,53.86049666279939,52.60707685241015,52.78090767601244,286700
2022-03-25,53.30240249633789,54.070923394383925,52.88154672814529,53.41219368897885,231400
2022-03-28,53.79645538330078,54.2447607196173,53.128574629673246,53.21091628368696,219000
2022-03-29,54.72050476074219,54.93093262827158,54.01602703548926,54.14411326006473,281400
2022-03-30,54.87604522705078,55.29690102492634,54.41859236238038,54.821149626858514,239800
2022-03-31,54.23561096191406,55.3975416664872,54.116675728991005,54.78455649805965,293100
2022-04-01,56.46798324584961,56.49542930115143,54.42774386965508,54.46433744669469,485700
2022-04-04,54.11666870117188,56.08371368583497,53.60432029865608,56.08371368583497,290900
2022-04-05,53.668365478515625,54.72050837575845,53.63176841476552,54.2081599535213,253900
2022-04-06,53.988582611083984,54.19901398864437,53.24751124435328,53.57687784738391,228500
2022-04-07,53.860496520996094,54.16241707129216,53.43049322372501,53.8970935858965,286700
2022-04-08,53.69580841064453,54.56496942871191,53.6317652978479,54.07091956706251,247200
2022-04-11,52.90899658203125,54.44603489706066,52.77175933546826,53.805603720001805,268100
2022-04-12,53.19261932373047,53.76901091887321,52.81750810881596,52.97304389992552,247000
2022-04-13,52.51559448242188,53.42134927284195,52.32346161134576,53.35730614584614,154100
2022-04-14,50.97854995727539,52.81750899538553,50.95110041127269,52.71686880358212,157200
2022-04-18,50.027042388916016,51.490890067049264,49.58788808547604,50.98769264582147,228200
2022-04-19,50.3106575012207,51.02428271014558,50.091078634581216,50.31980502104049,221600
2022-04-20,51.37196350097656,52.1038874634032,50.93280563343182,50.93280563343182,256300
2022-04-21,50.36555862426758,51.719618655901705,50.19172779584498,51.417701586526846,210200
2022-04-22,50.76810836791992,51.22556112366223,49.84405184687143,50.35640018973434,402500
2022-04-25,49.95385360717773,51.04259370628904,49.15788656512056,50.80471625182416,424900
2022-04-26,49.45979690551758,50.34725294475534,49.35915673331515,49.642775229426185,283000
2022-04-27,47.77637481689453,49.55129054587316,47.4653067520129,49.02064707642104,384600
2022-04-28,48.78276824951172,49.038940710853865,47.22742796974576,47.92275820780021,337200
2022-04-29,47.4561653137207,48.48086237537701,47.25488840061118,48.14234469907272,1507200
2022-05-02,46.69678497314453,47.75807538207563,46.22103361878396,47.37381319620868,436600
2022-05-03,47.11764526367188,47.87701869753271,46.24848411904277,46.916364885523045,460400
2022-05-04,47.43786239624024,47.575099656669884,46.36742432920765,46.83402473250912,269000
2022-05-05,46.35826873779297,47.54764890379178,45.745283612626096,47.11764212100488,212400
2022-05-06,46.46860122680664,46.59732255034684,45.89854464056717,46.2019621952488,268900
2022-05-09,46.60652160644531,46.98349274995967,45.8801649691132,46.29391113323389,276300
2022-05-10,46.52376937866211,47.22254734663696,45.82499491808056,46.735244150539216,267900
2022-05-11,46.27552032470703,47.194962379965496,46.20196327673767,46.26632394001432,254200
2022-05-12,47.893741607666016,47.9856844194665,46.24793932172586,46.43182845272028,398800
2022-05-13,48.7672119140625,48.82237619769303,48.03165890404362,48.28910158070188,273500
2022-05-16,48.7672119140625,49.51195780222199,48.62010131205872,48.6936548593639,332100
2022-05-17,48.93270492553711,49.144176167083806,48.23392703335479,48.868344265387805,296900
2022-05-18,48.96030044555664,50.66126722709261,48.702857734593934,49.300493100385054,332000
2022-05-19,50.01765060424805,50.11878628693744,48.5465411703624,48.97868007075409,472500
2022-05-20,49.5395393371582,50.45898140017023,48.39942963577031,50.275092286089205,221900
2022-05-23,49.6314811706543,50.57850535468511,49.40162065939299,49.93489872906789,160900
2022-05-24,49.93490219116211,50.06362352521008,48.66607109895885,49.67745601567288,184200
2022-05-25,49.70503616333008,50.21072856572437,49.58550772034465,49.90731101985205,153600
2022-05-26,48.9970703125,50.16476219947504,48.77640266541934,50.16476219947504,202600
2022-05-27,49.40163040161133,49.751019429699625,48.89593787859028,48.89593787859028,174900
2022-05-31,49.34645462036133,49.36484388280018,47.93970936402429,48.7396229894519,307300
2022-06-01,49.55793762207031,49.87054812070555,49.27290926798138,49.48438056008849,236400
2022-06-02,50.76239776611328,50.96467615154262,48.77640295996747,49.42001313482996,238300
2022-06-03,50.53254699707031,51.0290466713226,50.41302202568636,50.67046474238282,194400
2022-06-06,50.5417366027832,51.075011231160566,50.339458205436536,51.075011231160566,197200
2022-06-07,50.78078842163086,50.872734739071625,49.81537488655976,50.3486494981427,246700
2022-06-08,49.78779602050781,50.94629163733059,49.53034982212994,50.74401323304661,163300
2022-06-09,49.5395393371582,50.302674425613766,49.24531815758581,49.77859273028836,281800
2022-06-10,49.6866569519043,50.16476731315547,48.555743475392205,49.28210014224904,208400
2022-06-13,46.86396789550781,49.49357302744192,46.67088237679165,49.116598375726,345700
2022-06-14,45.227352142333984,46.79960067749001,44.55615988207362,46.79960067749001,229000
2022-06-15,45.67788314819336,46.40424323846623,44.90555165506378,45.55835469485135,240400
2022-06-16,44.831993103027344,45.42963184232753,44.62971823575396,45.03427147769382,295600
2022-06-17,45.81580352783203,46.05485694102111,45.05266486794855,45.22735761191775,637900
2022-06-21,45.3285026550293,45.95372367157265,45.08025282427881,45.76983451834333,191800
2022-06-22,46.48699569702149,46.99268817075835,44.99749691015427,44.99749691015427,171700
2022-06-23,48.78560256958008,48.813184712182256,46.47780076977508,46.47780076977508,194400
2022-06-24,49.54874038696289,49.686658122119695,48.65688031637457,49.03385499148403,493200
2022-06-27,49.87054443359375,50.12798711670894,49.30968415332694,49.78779449867908,152400
2022-06-28,49.49356842041016,50.56012108365817,49.38323284644463,50.09120366278757,171000
2022-06-29,49.9716796875,50.256708018018905,48.99707324859089,49.420015797830445,202900
2022-06-30,51.07500457763672,51.249700809821576,49.668259379983645,49.71423078046645,281100
2022-07-01,52.408203125,52.47256379561466,50.90951142198684,50.90951142198684,286100
2022-07-05,51.36003112792969,52.1599446928176,49.83375753494936,51.8565306540227,362800
2022-07-06,51.88411331176758,52.18752735360264,50.92789277209458,51.26808533639235,156800
2022-07-07,51.46117401123047,52.20591984654137,51.28647777241479,52.10478065720454,150000
2022-07-08,50.973876953125,51.57151581712621,50.71643424611837,51.36004452102878,141900
2022-07-11,51.350833892822266,51.415194551724205,50.65205952157571,50.96466993941063,153000
2022-07-12,50.7164306640625,51.727815662207206,50.36704165252065,51.25890169222212,151100
2022-07-13,51.07500457763672,51.222115163617474,50.34864452487227,50.42220157155917,125800
2022-07-14,51.39681625366211,51.5623161169571,50.394624195883935,50.40381707389216,142400
2022-07-15,52.25190734863281,52.54612860266784,51.047436678593535,51.8749326402943,209500
2022-07-18,50.82676315307617,51.97606589085299,50.58770972687178,51.97606589085299,164000
2022-07-19,51.9208984375,51.94848057915844,51.12098125547113,51.13017764095287,168800
2022-07-20,51.50714874267578,52.2978695387166,51.24050968217022,52.2978695387166,193800
2022-07-21,52.25190734863281,52.28868237484168,50.97387961138777,51.24971510601537,170100
2022-07-22,53.0426139831543,53.254085247247815,52.35303240169543,52.69322850720498,188800
2022-07-25,53.43798065185547,53.56670200100884,52.66564904954153,53.07939874853002,187800
2022-07-26,53.95286560058594,54.017226270444354,53.19892331876441,53.31845178024151,201700
2022-07-27,53.68623352050781,54.11837250926185,53.24490165231799,53.640262108541066,215100
2022-07-28,54.6424446105957,54.73438741818863,51.387618715343024,52.40820001363355,421000
2022-07-29,55.24008941650391,55.59867131563804,54.48614358082984,54.84472898735764,744500
2022-08-01,56.41697311401367,56.84911206395183,54.90908848962555,54.99183842669044,279400
2022-08-02,55.6722297668457,56.554893520440125,55.51592626163156,56.545700640825046,275500
2022-08-03,56.39857864379883,56.63763204692517,55.00102622869376,55.66302566411018,208500
2022-08-04,56.39857864379883,56.729578361507045,56.085968189007,56.53649636197501,210800
2022-08-05,55.18918228149414,56.47243640081408,54.524477214688055,56.08469207198943,166800
2022-08-08,55.29997253417969,56.05700023779709,54.93991968043741,55.115330857791946,187400
2022-08-09,56.28779602050781,56.38934910880753,55.4569103178253,55.49383935388824,218600
2022-08-10,56.82325744628906,56.95250556097509,56.13085381325935,56.675544812112605,174100
2022-08-11,56.47243881225586,57.59874985278834,56.44474379379916,57.35871814208728,126800
2022-08-12,57.801849365234375,57.81107986307072,56.06622346703385,56.67553845488398,184800
2022-08-15,58.1434440612793,58.161908581851456,57.201774642582514,57.663377091644826,157300
2022-08-16,58.38346862792969,58.52194722427066,57.7926146429366,57.986490312608446,133000
2022-08-17,58.641971588134766,58.90970183571553,57.91263892268935,58.33731230190556,119100
2022-08-18,58.2911491394043,58.85430461765665,58.07881246300119,58.64196794125354,153700
2022-08-19,57.3956413269043,58.355775174183,57.18330464328923,58.19883204697717,207100
2022-08-22,56.509368896484375,57.6633749768165,56.11239052311036,56.98020534943824,162600
2022-08-23,55.44767761230469,56.17700667590609,55.10608932494126,56.12161664576349,172600
2022-08-24,55.59539031982422,55.6230853349408,54.81066418130408,55.44767770295815,164800
2022-08-25,56.72169876098633,56.90634041595029,55.290732098072255,55.97390516491492,162000
2022-08-26,55.9831428527832,57.01713132293106,55.78927067495806,56.69401102655582,118300
2022-08-29,55.60462188720703,55.9923697150307,54.91221832200095,55.8169585579273,163100
2022-08-30,54.21981430053711,55.89081615833517,54.09979669748894,55.89081615833517,209700
2022-08-31,54.03517150878906,54.65372050678019,53.65665771183804,54.201348641279424,168900
2022-09-01,54.72758102416992,54.91222269394147,53.60127352988265,53.79514569835665,186900
2022-09-02,53.95208740234375,55.27227055195391,53.675126665881145,54.939916259500045,187700
2022-09-06,53.42585754394531,54.09056608651896,52.96425517199064,53.7951408502077,191600
2022-09-07,54.2844352722168,54.3213643051751,53.44431914202075,53.61973028769948,221000
2022-09-08,54.05364227294922,54.45985465342596,53.56434483837164,53.98901821637282,190600
2022-09-09,54.17366027832031,54.52447910351479,53.59204024318812,54.23828433536312,165600
2022-09-12,55.23534393310547,55.40151755426642,53.92439130813867,54.23828107565916,174200
2022-09-13,54.85683059692383,55.38306060239384,54.035178842400114,54.47831674860121,236800
2022-09-14,56.65707015991211,56.8140167866385,54.77373529141992,54.96760742877632,388300
2022-09-15,54.92145919799805,56.63861729580847,54.635264420822764,56.26933746131306,305400
2022-09-16,53.79514694213867,55.91851738923799,53.35200903748945,54.75528082975216,1151300
2022-09-19,53.68436050415039,54.09056934813578,52.63190407436432,54.09056934813578,453200
2022-09-20,53.3704719543457,53.65666319485461,52.798082429834096,53.33354291629717,297600
2022-09-21,52.54881286621094,54.16442118444945,52.419564764231325,53.86899594513986,259900
2022-09-22,52.5211181640625,52.84424194268687,51.54252337366336,52.391870061311415,210300
2022-09-23,52.1241455078125,52.49342886020974,51.30249374656305,52.06875547017585,194600
2022-09-26,51.330177307128906,52.44725761398253,51.23785825051117,51.71792509276516,219600
2022-09-27,50.14848327636719,51.505595427450174,49.7238099235612,51.46866639109832,206700
2022-09-28,51.330177307128906,51.727155589728426,50.10231694973102,50.59161428894827,190600
2022-09-29,50.01923370361328,50.95166895279139,49.64071989647709,50.95166895279139,183800
2022-09-30,48.64366149902344,50.58239376599816,48.64366149902344,50.37928757529445,409200
2022-10-03,50.98859786987305,51.33018264094891,49.10525933650132,49.29913501033858,345900
2022-10-04,51.95796203613281,52.23492627764041,50.92397370554343,50.92397370554343,288600
2022-10-05,50.82242584228516,51.35788634102612,50.056167654816,51.35788634102612,212700
2022-10-06,50.028465270996094,50.73933336725204,49.84382713419961,50.73933336725204,144200
2022-10-07,49.15142440795898,50.250036836626855,48.74521204777336,49.92691656988536,185300
2022-10-10,49.26220703125,50.05616369597165,49.24374251326267,49.36376011930696,155300
2022-10-11,50.25926208496094,50.58238583969645,49.13295475729436,49.28989786424723,279000
2022-10-12,49.5576286315918,50.41620928526449,49.34529197297064,50.41620928526449,248100
2022-10-13,50.56393051147461,50.75780268649745,48.59750317721522,49.0406410865876,295900
2022-10-14,50.47160720825195,51.27479795941849,50.12079190265312,50.97013866999387,175800
2022-10-17,51.9025764465332,52.678068641270784,50.92397806310935,50.92397806310935,352300
2022-10-18,52.08720397949219,53.47201093633189,51.70869021882586,52.59496934773038,295600
2022-10-19,51.56098175048828,51.99488909203656,50.9516667815092,51.33941459181216,230400
2022-10-20,47.72045135498047,51.32095122042036,47.51734870861863,51.32095122042036,327700
2022-10-21,49.336063385009766,49.917683396759216,47.52658281706352,48.29284449368942,1032700
2022-10-24,50.42544174194336,50.44390625929042,48.92985105429728,49.62225460695243,211800
2022-10-25,52.10568237304688,52.19800497447376,50.54546738727769,50.67471550752817,184100
2022-10-26,52.447265625,53.1858287559919,52.08721279700382,52.54881519409211,280500
2022-10-27,54.00748443603516,54.89376025848413,52.28109232989552,52.28109232989552,258500
2022-10-28,56.26008605957031,56.28778459186697,54.09055669670016,54.09055669670016,225200
2022-10-31,57.29408645629883,57.5433521544625,55.96466939942589,56.57398437657714,467900
2022-11-01,55.22611618041992,57.00790189800002,54.81990729707288,56.74940565602891,309800
2022-11-02,54.21981430053711,55.927745193387935,54.1459597521782,55.18917857931913,211900
2022-11-03,54.21981430053711,54.38599143652793,53.111967901180535,53.26891453928147,194900
2022-11-04,55.45293045043945,55.8330624099981,54.0343863025432,54.24763071529052,194400
2022-11-07,56.05558013916016,56.064853634984175,54.75757013118551,55.452933772286976,278600
2022-11-08,55.55491256713867,56.18537582905592,55.24895443118587,55.916504599522256,225200
2022-11-09,55.45293045043945,55.96286304933976,55.119155356816805,55.26749944989329,220900
2022-11-10,57.99332046508789,58.07676423414623,56.16683457739184,56.62113679141902,274800
2022-11-11,57.04762649536133,58.262196144874494,56.16683546415317,58.262196144874494,150500
2022-11-14,58.27146530151367,58.88338509691852,56.62113690656163,57.04762571070398,164000
2022-11-15,58.53108215332031,58.92048413201279,58.10458972457744,58.67015277279504,150800
2022-11-16,58.540340423583984,59.068816453024986,58.24365225045226,58.66087109916937,180100
2022-11-17,58.19730758666992,58.25293795709487,57.539030785587016,57.95624618496454,124400
2022-11-18,58.6515998840332,59.541667974826375,58.475442379639816,59.09663569783086,254300
2022-11-21,58.96683120727539,59.65292130434352,58.4847155623745,58.96683120727539,244500
2022-11-22,59.328426361083984,59.73637175003475,58.308557583503614,59.18008226175623,236800
2022-11-23,60.37610626220703,60.459546499162165,59.38405447242686,59.63438225689662,329300
2022-11-25,60.7562370300293,61.303260096606245,60.0237864917747,60.58007598041229,172200
2022-11-28,59.856895446777344,60.93239452587415,59.773455211470285,60.42245839809476,399800
2022-11-29,58.54961013793945,59.42112761133837,58.410536018413,59.42112761133837,357000
2022-11-30,60.199951171875,60.26485149823659,58.10458666224997,58.29929117813728,575100
2022-12-01,59.69928741455078,60.49663830911098,59.09664103240356,59.6807474960376,237200
2022-12-02,59.6158447265625,59.6621980577474,59.07809515486426,59.18008238651753,179000
2022-12-05,59.22643661499024,59.30060689310381,58.67941710879422,59.152262800074496,223200
2022-12-06,58.011863708496094,59.096632702339605,57.22378642107969,59.096632702339605,282500
2022-12-07,58.206573486328125,58.354917593643805,57.64101047193632,58.00260254927064,176500
2022-12-08,58.83702850341797,58.86484545115634,57.40921446198439,58.17875184137592,176500
2022-12-09,59.01319122314453,59.07809154171788,58.1880234615081,58.25292731688355,207000
2022-12-12,59.059547424316406,59.37477905532954,58.65159852723937,59.37477905532954,197000
2022-12-13,59.30988311767578,60.67279696665233,59.152265522127706,59.87544610362666,436500
2022-12-14,58.35491180419922,59.921796503319165,58.05822361900257,59.52312109131076,212800
2022-12-15,56.96418762207031,58.225114244235286,56.8251170173565,58.225114244235286,249000
2022-12-16,56.02776718139648,56.72313082815868,55.10061565238024,56.11121096048005,624700
2022-12-19,56.15755462646485,56.7509308996392,55.610535211481945,55.610535211481945,185300
2022-12-20,56.17610549926758,56.50988058122797,55.87014382853654,56.03703136951673,130900
2022-12-21,56.86220550537109,57.17743363286189,56.08339807222326,56.31518595665056,183000
2022-12-22,56.40789794921875,56.54697209029014,55.51783334940836,56.54697209029014,143100
2022-12-23,57.2794075012207,57.32576789672949,56.30589932116362,56.463516884929945,157800
2022-12-27,57.37213134765625,57.48338852869755,56.91782559180108,57.39994475871608,104200
2022-12-28,56.92710494995117,57.84498297748317,56.90856149506738,57.64100851056389,104800
2022-12-29,57.6873664855957,57.78935371475825,57.02908624376533,57.297961023048,159900
2022-12-30,56.22246170043945,57.67808915097377,55.95358693905363,57.67808915097377,198000
2023-01-03,57.2979621887207,57.51120661003418,55.9350518840822,56.63968547030054,265900
2023-01-04,58.26219940185547,59.10590711090771,57.58537924288409,57.80789361845707,246200
2023-01-05,56.352272033691406,58.38273626223974,56.19465796238447,57.66882911953763,164100
2023-01-06,57.39995193481445,57.81717083688225,56.79730201662737,56.96418957745449,126900
2023-01-09,56.59331893920898,57.97477246244441,56.38007455430693,57.18669523403239,175500
2023-01-10,57.30723190307617,57.30723190307617,56.29663668982748,56.38008046107928,155500
2023-01-11,57.74299240112305,58.030410629978746,57.21451634633837,57.40921730614279,121600
2023-01-12,57.74299240112305,58.011867176168494,57.43703425525926,57.81716621636407,127100
2023-01-13,57.8449821472168,58.23438762058232,57.29796261480494,57.68736808817046,127400
2023-01-17,57.97478103637695,58.50325709816087,57.548292203499095,57.96551107775014,119500
2023-01-18,57.14962005615234,58.01187126671656,56.6675008334969,58.01187126671656,113900
2023-01-19,56.40789794921875,57.33504945822182,56.3800845357254,57.2794190944328,166000
2023-01-20,56.30590438842773,56.62113600752812,55.6290842873479,56.62113600752812,193700
2023-01-23,56.760215759277344,57.48339279492058,55.93505149310959,55.96286490623363,151100
2023-01-24,57.80789566040039,58.05822699436411,56.17611054695087,56.57478598213727,141200
2023-01-25,58.16021728515625,58.2807479789879,56.815846807687656,57.260879134755406,162300
2023-01-26,57.75226974487305,58.25293242070614,57.43703808269692,58.15094518635468,179600
2023-01-27,57.40922546386719,57.9840620032616,57.2052545165749,57.8542613449476,176200
2023-01-30,55.527099609375,57.64100377730781,55.388029014370105,57.27014532049266,206300
2023-01-31,56.71385955810547,57.14962192562222,55.52710668616499,55.8886952307842,953000
2023-02-01,58.067501068115234,58.63306406490677,56.08339736821223,56.61187345512836,251600
2023-02-02,59.26352310180664,59.26352310180664,58.12312716352971,58.21584443704959,269800
2023-02-03,58.34189987182617,59.05872276827823,57.65300753841614,59.04010357666611,258400
2023-02-06,58.67702865600586,58.75150541031719,58.08122882650368,58.36050955267694,142800
2023-02-07,57.96952819824219,58.13709737585376,56.6475939694451,58.13709737585376,207900
2023-02-08,56.37761688232422,57.91366273285712,56.11695177974348,57.69023956064196,226800
2023-02-09,55.34427261352539,56.81515301426419,54.9812073105344,56.50794527759764,174000
2023-02-10,55.90283584594727,56.0517858096258,55.23256278501752,55.465297325218174,125100
2023-02-13,56.71275329589844,56.84308762661647,56.08902640807543,56.17281098791333,171300
2023-02-14,55.80974197387695,56.75929929892403,55.55838825096033,56.5824187802528,140700
2023-02-15,55.94008255004883,56.02386713904033,55.46530557992887,55.56770580980933,133100
2023-02-16,55.28840637207031,55.614236797633794,54.80431819362336,55.39081011864036,124700
2023-02-17,56.5358772277832,56.66620800935392,55.29773125161399,55.698034967151145,140300
2023-02-21,55.52115249633789,56.15419074294415,55.4187487283211,56.023859965921794,169500
2023-02-22,55.72595977783203,56.50794798764155,55.67941357928628,55.77250597637778,205000
2023-02-23,54.98120880126953,56.01454717193554,54.14336303992169,55.70733942693949,218900
2023-02-24,54.59020614624024,54.78570228251591,53.92924098954812,54.543659954447946,161600
2023-02-27,54.07819747924805,55.75388544531047,54.03165128182216,54.99982781376836,158700
2023-02-28,53.28689956665039,54.06888772972483,53.07278067389146,53.817534011103,334500
2023-03-01,52.0394401550293,53.01692442995445,51.8904902041002,52.75625935239331,194500
2023-03-02,52.84004211425781,53.21241875446625,51.35054265591775,52.179076951572334,292700
2023-03-03,52.914527893066406,53.31483160666897,52.011516694765646,53.18450082572812,212400
2023-03-06,51.78809356689453,53.65927780464794,51.35055147221571,52.82143554720136,290200
2023-03-07,51.629825592041016,52.169771388556576,51.46225645182908,52.02082143628452,159700
2023-03-08,52.44906234741211,52.52353556246777,51.33193571159576,51.57398165083393,221500
2023-03-09,51.77877807617188,52.65386219590084,51.68568568316746,52.65386219590084,184600
2023-03-10,50.89438629150391,51.7694704138784,50.66165175704212,51.7694704138784,168000
2023-03-13,51.23883438110352,52.70971474694616,50.88507690526914,50.88507690526914,235800
2023-03-14,52.25355911254883,52.69109762618022,51.65775926749971,52.23493992348514,245700
2023-03-15,52.81212615966797,53.14726449573105,51.816022522618034,51.87188009571107,338900
2023-03-16,53.55686569213867,53.69650782225468,52.253554533125765,52.253554533125765,234300
2023-03-17,52.88658905029297,53.985096174223294,52.365262491924575,53.25896211948756,1093000
2023-03-20,53.78960800170898,54.45988464138676,53.24035432225024,53.37068865315778,329900
2023-03-21,51.79739761352539,54.23645454937243,51.32262072401305,54.00372001404836,296800
2023-03-22,51.03403091430664,52.300107411543664,50.98748471540032,51.8625653290801,284300
2023-03-23,50.70820999145508,51.546052324990434,50.3637602659066,51.13644075423412,197200
2023-03-24,52.76557922363281,52.812125424939,50.63372982208269,50.63372982208269,205800
2023-03-27,52.95176696777344,53.52894767004023,52.80281699456757,53.2310477236285,179600
2023-03-28,53.29621887207031,53.71514182672917,52.65387270909197,52.65387270909197,158600
2023-03-29,53.426536560058594,54.27369008217869,53.221729043310766,53.69650945918127,145800
2023-03-30,53.61272811889648,53.90132022340595,53.0076169018192,53.57548974065387,149900
2023-03-31,54.180606842041016,54.2085338531324,53.50102234591912,53.94787227961923,294300
2023-04-03,53.89200592041016,54.18059800921439,53.389298495233874,54.11543262645973,234800
2023-04-04,54.618141174316406,54.92535247751819,53.90132190267356,54.07819887796568,156400
2023-04-05,55.67010116577149,55.84698168867748,54.78570920498324,54.78570920498324,233000
2023-04-06,56.14487457275391,56.3310593400944,55.59562098610712,56.11694401665539,130000
2023-04-10,56.07040023803711,56.40553851566892,55.42805424007411,55.81904652981325,208900
2023-04-11,56.69413757324219,56.833776171934005,55.86559959551553,56.04248012560485,125900
2023-04-12,56.49863815307617,57.33648395466548,56.182119022614366,56.88963404423365,100900
2023-04-13,56.89894104003906,56.936179419847846,55.85629126412466,56.33106817732089,179700
2023-04-14,54.99983215332031,56.84308941654889,54.51574384915208,56.50795108664415,226500
2023-04-17,54.73916244506836,55.28841609496923,54.13405477903172,54.99982754160845,227600
2023-04-18,53.71512985229492,54.74847172634663,53.27758780260709,54.74847172634663,161200
2023-04-19,54.1247444152832,54.301624939661465,53.60342131500354,53.71513290059957,179100
2023-04-20,54.46919250488281,54.54366926546165,53.780300225765615,54.11543854587556,204500
2023-04-21,54.3760986328125,55.52115216134662,54.068890881863005,54.99982905640268,488300
2023-04-24,54.01303482055664,54.664692271172974,53.90132323084303,54.3388617702411,138800
2023-04-25,54.15267562866211,54.301629156018976,53.56618709530842,53.75237545325695,185500
2023-04-26,53.06348037719727,53.7989224487596,52.66317664463789,53.4079265361736,224000
2023-04-27,52.8493537902832,53.26827662513818,51.48087371350591,51.8718695431195,318300
2023-04-28,52.2070198059082,52.84005456138678,52.01152007056064,52.588704353971295,623900
2023-05-01,51.629825592041016,52.38388672299472,51.322617869150456,52.17907920690303,254700
2023-05-02,51.95566177368164,52.20701551166994,50.84784305240945,51.59259289575586,275700
2023-05-03,52.12322998046875,52.70971847381697,51.76016110917331,52.16046480852056,249800
2023-05-04,52.98899841308594,53.03554816212809,51.57397553363538,51.85325627165201,222200
2023-05-05,53.33502578735352,53.59688701637084,52.92353466681639,53.10122328459634,189900
2023-05-08,52.93288803100586,53.297622951569565,51.43655336026986,53.176044644715,843600
2023-05-09,52.80195236206055,53.35372636942361,52.67102354125284,53.23214807829811,350500
2023-05-10,53.5875358581543,53.7652280532252,52.792608732188825,53.30697355296314,208200
2023-05-11,53.08252334594727,53.55948249153389,52.49334355557798,53.54077786155565,194900
2023-05-12,53.41919708251953,53.71846401325855,52.67102975567199,53.20409919902232,270900
2023-05-15,52.93288803100586,53.75587388368229,52.70843961416709,53.64364967526291,227400
2023-05-16,52.0911979675293,53.00770334389344,51.91350578343525,52.942238928977645,286000
2023-05-17,52.45592880249024,52.57750710084554,51.48330955073382,52.072492846947824,268000
2023-05-18,51.86674118041992,52.25017710398252,51.61423407453098,52.16600806868621,252600
2023-05-19,51.081172943115234,52.24083499778694,50.97829926477219,52.22213036831154,595600
2023-05-22,51.857398986816406,52.10990613329479,50.74449672261059,51.28692027449969,236500
2023-05-23,52.586856842041016,53.16668603177367,51.55812728920473,51.55812728920473,283400
2023-05-24,52.49333953857422,52.81131108878503,52.184718518865296,52.783252362193146,196200
2023-05-25,52.128604888916016,52.49333620355026,51.21209598606218,52.13795541882384,204900
2023-05-26,53.42855072021485,53.6436486018576,52.03508618734617,52.2969438575994,285700
2023-05-30,52.689735412597656,53.82133873950004,52.66168025215086,53.50336717344431,252000
2023-05-31,53.22280502319336,53.33502923285455,52.17537074208786,52.8674241971324,367400
2023-06-01,52.483978271484375,53.3724283846165,51.96961354310555,53.3724283846165,187000
2023-06-02,54.139305114746094,54.45727665031512,52.36240829513107,52.78324993165637,250700
2023-06-05,53.185394287109375,53.40984626774178,52.37176254646039,53.07317008056477,345100
2023-06-06,53.41919708251953,53.69040885335902,52.60556533754428,53.16668994079413,225900
2023-06-07,54.00838088989258,54.52274570866862,53.16669041004578,53.44725628169022,910600
2023-06-08,53.36308288574219,53.90550282046961,53.29761847237065,53.78392452383263,243900
2023-06-09,52.689735412597656,53.147989915973945,52.4278777349788,53.12928528649498,279800
2023-06-12,50.34235763549805,53.11992899911988,49.58483622675946,52.68038271087782,591800
2023-06-13,50.3797607421875,51.146632642187846,49.94021447648284,50.333000956586105,321800
2023-06-14,48.24748992919922,49.88410762887688,48.21008066842472,49.089180458907975,485400
2023-06-15,48.87407302856445,49.18269404097427,48.06044132750508,48.34100361398662,314500
2023-06-16,49.07046890258789,49.20139772927551,48.63091906938546,49.19204363163042,848800
2023-06-20,48.52804565429688,49.32297628376732,48.44387661276572,49.17334282855005,328800
2023-06-21,48.78989791870117,48.98629470560447,47.620885564112285,48.41581610575828,285800
2023-06-22,48.88343048095703,49.238811304244194,48.25683788285747,48.948894900043705,308200
2023-06-23,47.02235412597656,49.435197457139786,46.92883456001915,48.70573485355219,593900
2023-06-26,46.66698455810547,47.38709318241357,46.61087066882263,47.0036571911725,237700
2023-06-27,47.73311614990234,47.7985805602387,46.41447027841703,46.66697739008989,302200
2023-06-28,48.46258163452149,48.64962434694913,47.59283605414448,48.39711722030326,321600
2023-06-29,48.38776779174805,48.72444040073142,48.11655603093028,48.182020446638965,321400
2023-06-30,48.284889221191406,48.752494181701564,47.65829671898557,48.57480201348036,318900
2023-07-03,48.518699645996094,48.911486164719776,48.03238997933107,48.03238997933107,156000
2023-07-05,47.71442031860352,48.66833506047408,47.6770110579317,48.16332074403493,390800
2023-07-06,47.20940399169922,47.76117807670849,46.8259680050008,47.274868411315296,455000
2023-07-07,46.3770637512207,47.05041608860243,45.8252897119869,46.76049970610908,768400
2023-07-10,46.10585021972656,46.98494986354712,45.99362602366923,46.274188297584,396600
2023-07-11,46.825965881347656,46.86337513872977,46.16196761675926,46.283545919479565,265200
2023-07-12,47.5086669921875,47.648949918335695,46.73244455211837,47.3870886940286,239200
2023-07-13,48.07914733886719,48.12590712670224,47.24681098575663,47.443204235189725,242900
2023-07-14,47.92016220092773,48.21007501909899,47.38708921621614,47.87339884666768,295900
2023-07-17,47.95757675170898,48.48129573532778,47.46191649933972,47.92952158800317,238200
2023-07-18,48.05109405517578,48.462585198745685,47.54607976474231,47.72376839246819,209900
2023-07-19,48.574798583984375,48.88341954855222,48.05108334841587,48.27553171579024,209000
2023-07-20,49.3697395324707,49.37909006327759,48.135262548454506,48.38776969075917,342100
2023-07-21,50.02438354492188,50.304945826226536,49.19204366357314,49.54742445591529,608200
2023-07-24,49.47261047363281,50.09919946180256,49.005005473192206,49.94956600436329,314900
2023-07-25,49.52872467041016,49.54742929999821,48.9676000529416,49.12658405312514,315800
2023-07-26,49.35102844238281,49.93085760016692,49.00500176713744,49.322973286091845,284800
2023-07-27,47.5834846496582,49.706411726489655,46.47993659090806,49.098523814154376,629300
2023-07-28,48.677677154541016,48.930184268993386,47.882750124539086,48.31294584506853,396200
2023-07-31,49.5848388671875,50.04308980853997,48.54675510763328,48.62157362645028,2639800
2023-08-01,48.677677154541016,49.65964688793835,48.49063445114561,49.4258444005798,385400
2023-08-02,48.77120590209961,48.799261062197225,48.04173963167233,48.11655814865697,228000
2023-08-03,47.705055236816406,48.57480072571085,47.50866201481899,48.57480072571085,249800
2023-08-04,48.37246322631836,48.8518658695181,47.64866183708242,47.74266411311187,351400
2023-08-07,48.917667388916016,49.30306776963023,47.97766611050866,47.97766611050866,243000
2023-08-08,48.936466217041016,49.115065163102486,48.36306488255395,48.95526667228226,238800
2023-08-09,49.35946273803711,49.39706364762712,48.71086318379998,48.89886414592991,355600
2023-08-10,49.11506271362305,50.17726507394728,48.98346311931775,49.8294620480604,268200
2023-08-11,49.67906188964844,49.90466375497318,49.02106391957627,49.12446103928761,301600
2023-08-14,49.26546478271485,49.75426585719561,48.889462852861904,49.75426585719561,233900
2023-08-15,48.77666473388672,49.218466472880905,48.63566669659214,49.077464849766095,184700
2023-08-16,48.59806442260742,49.24666398193956,48.38186456949671,48.974062764000784,228400
2023-08-17,48.325462341308594,48.9176641110528,48.2596625430948,48.71086269619799,203600
2023-08-18,48.54166412353516,48.85186625816995,48.17506420865419,48.17506420865419,260500
2023-08-21,47.68626022338867,48.34426177748507,47.39485856185198,48.30666086906357,225100
2023-08-22,48.363059997558594,48.49465958513462,47.60165777338611,47.79905715475015,209800
2023-08-23,48.33485794067383,48.75785917996616,48.00585896890193,48.75785917996616,237500
2023-08-24,47.83666229248047,48.72026574862051,47.77086249287262,48.18446174552488,235200
2023-08-25,48.48526382446289,48.75786144840501,47.91186251628046,48.20326059460135,219800
2023-08-28,48.48526382446289,48.97406129503084,48.34426220953212,48.74846301412564,181800
2023-08-29,48.08106231689453,48.38186241091694,47.79905909115605,48.38186241091694,254700
2023-08-30,47.62046813964844,48.325469150550745,47.545269896445554,48.08107037786567,171400
2023-08-31,47.23506164550781,48.01526438492577,47.23506164550781,47.75206160307074,238600
2023-09-01,47.09405899047852,47.87426171272182,46.934260506637855,47.441862018520006,225200
2023-09-05,46.069461822509766,46.84026618223214,45.79686417258371,46.84026618223214,316000
2023-09-06,45.58066177368164,46.20106244957875,45.50545995317524,46.20106244957875,293900
2023-09-07,45.947261810302734,46.097661865908464,45.21405840163215,45.872059989589786,184300
2023-09-08,45.599456787109375,46.00365759133004,45.58065991856796,45.93785779397505,162800
2023-09-11,46.003662109375,46.426663409500286,45.67466309028888,45.67466309028888,207300
2023-09-12,45.73106384277344,46.154061551379264,45.58066378095751,45.95666214258717,168300
2023-09-13,46.48305130004883,46.54885108478696,45.73105119888493,45.73105119888493,225200
2023-09-14,47.24446105957031,47.54526475733001,46.83086180210852,46.83086180210852,286100
2023-09-15,46.89665985107422,47.47006116361343,46.52066151810199,47.20686197195087,1381800
2023-09-18,46.2010612487793,46.8402623631897,46.182260794141335,46.8402623631897,209300
2023-09-19,45.90966033935547,46.30445913581716,45.881461449842526,46.078860848073376,230100
2023-09-20,45.54306411743164,46.34206379538887,45.53366209628649,46.07886457645151,193200
2023-09-21,45.54306411743164,45.73106509630993,44.997861637266624,45.38326203034794,310100
2023-09-22,45.38325881958008,45.66526206085661,45.20465987448242,45.43966018499942,240700
2023-09-25,45.40206146240234,45.52426263378905,44.94146283965454,45.11066335824526,206200
2023-09-26,44.23645782470703,45.43965821492587,44.14245555308368,45.2328568031745,261900
2023-09-27,43.86044692993164,44.44324655139487,43.851048497603536,44.29284653341019,251200
2023-09-28,44.09545516967773,44.33985389849144,43.53145589652614,44.020256939973486,526300
2023-09-29,44.471458435058594,44.74405606011665,44.0672576288104,44.471458435058594,443800
2023-10-02,43.50325775146485,44.24585961746691,43.08026004742191,44.24585961746691,452600
2023-10-03,43.64425659179688,43.71005638981917,42.713653813478615,43.24005578347703,369500
2023-10-04,44.13305282592773,44.180052164257695,43.28705039270983,43.95445032012636,249600
2023-10-05,45.32685852050781,45.477258567445965,43.89805628168538,44.13305657913999,437000
2023-10-06,45.41146087646485,45.63705916442164,44.52785742214365,44.80985707499973,217700
2023-10-09,45.81566619873047,46.09766587931546,45.19526546711528,45.19526546711528,200000
2023-10-10,45.684059143066406,46.163461786814416,45.552459542294855,45.83445919906535,165600
2023-10-11,45.966064453125,46.00366177945065,45.44906087566835,45.853261716686994,174400
2023-10-12,45.19525909423828,45.95665776587269,44.73465693176884,45.95665776587269,244500
2023-10-13,45.07306671142578,45.47726759010651,44.81926590952249,45.47726759010651,266700
2023-10-16,46.37025451660156,46.398453401246805,45.05425158392445,45.30805230319015,371600
2023-10-17,46.0130615234375,46.75566336538176,45.928461268205616,46.15405955827718,317000
2023-10-18,45.27045822143555,46.00365801925131,44.866257413455045,45.80625862535016,196800
2023-10-19,44.76285934448242,45.46786029495248,44.71585999828181,44.997859661305775,225400
2023-10-20,44.27405548095703,45.16705734609388,44.24585659216767,44.838058357484535,462500
2023-10-23,43.98265838623047,44.62185950911725,43.78525898864429,43.879257677260526,291200
2023-10-24,44.23645782470703,44.80985554541944,44.23645782470703,44.34925696483505,270500
2023-10-25,43.55965805053711,43.83225927352196,43.24945591697085,43.24945591697085,304600
2023-10-26,45.74985885620117,45.95666027748789,43.62545762104008,45.4020593997082,338000
2023-10-27,45.533653259277344,46.210455217559726,45.18585384663544,45.85325378559739,394700
2023-10-30,45.47725677490234,46.257455867072736,45.42085541484118,45.90025801081151,356500
2023-10-31,45.75926208496094,45.91906057957814,45.06365956778773,45.68406026220912,347900
2023-11-01,46.61466598510742,46.74626559725705,45.51486256704742,45.69346511423949,310500
2023-11-02,47.70505905151367,47.76146041222342,46.76505788793705,46.90605949680149,291300
2023-11-03,49.585296630859375,50.19944523513437,48.16803394802667,48.612110742018906,342900
2023-11-06,48.72549057006836,49.52860464570247,48.70659330185181,49.32074190389109,196200
2023-11-07,48.12078857421875,48.81052258994113,47.988511311516525,48.81052258994113,119200
2023-11-08,47.00587844848633,48.31920794302472,46.6090466318425,48.064100230488535,230100
2023-11-09,46.68463134765625,47.24208813178269,46.457867738738166,47.2042935962488,187700
2023-11-10,46.30669403076172,47.08146760595033,46.26890309883585,47.08146760595033,186200
2023-11-13,46.04214096069336,46.401181857630185,45.81538094473308,46.1082795990389,217900
2023-11-14,49.03729248046875,49.06563658203307,47.11926111223913,47.534993824705424,403900
2023-11-15,48.47038650512695,49.519161542257926,48.36645332425298,48.89556606129973,291600
2023-11-16,48.21527099609375,48.84831681192773,48.19637372950176,48.84831681192773,165500
2023-11-17,48.602657318115234,48.81052365219109,48.29086142128661,48.57431321957223,283400
2023-11-20,47.57278823852539,48.46094193155282,47.459408219689095,48.46094193155282,182200
2023-11-21,47.37436676025391,47.5538890070448,46.85470449676083,47.4688531017979,139400
2023-11-22,47.96961975097656,48.09245019707625,47.45940430190294,47.7523065643605,126900
2023-11-24,48.32865905761719,48.33810588964283,47.884582262418405,47.97906499981647,69700
2023-11-27,48.12078857421875,48.49872669989804,47.667264985974654,48.29086037034592,140300
2023-11-28,47.780643463134766,48.21526977085068,47.51608894613985,47.903473890718814,130700
2023-11-29,47.37436676025391,48.11134220287008,47.21374538605721,48.07355127053787,146000
2023-11-30,47.780643463134766,47.941268422942365,47.16649492949947,47.44049988169275,247900
2023-12-01,48.83887100219727,48.867218706912695,47.11925922659104,47.544438754468494,206800
2023-12-04,50.12385940551758,50.14275667502577,48.46093933593823,48.46093933593823,220400
2023-12-05,49.915992736816406,50.624624068542126,49.556951852875486,50.13330591269805,189900
2023-12-06,49.82150650024414,50.55848193339951,49.7931624002875,50.33172192517571,211400
2023-12-07,49.84040451049805,49.906543147572,49.1506704350945,49.67978313597145,158300
2023-12-08,49.44357299804688,50.48289753368392,49.20736254864888,49.90654346046713,151200
2023-12-11,49.60419464111328,49.61364147325457,48.9333578262334,49.21680964618267,201800
2023-12-12,49.65143966674805,49.77427011934269,48.95225869967082,49.76481968222003,138600
2023-12-13,50.93642425537109,51.304912002110015,49.22625920039602,49.5664028448583,412400
2023-12-14,50.85138320922852,51.82456906816675,50.6907618401664,51.5883586282858,334000
2023-12-15,49.73646545410156,50.72854849715655,49.50970546932127,50.59627123865388,1102000
2023-12-18,49.36798095703125,50.06716543111202,49.34908368970094,49.97267909446045,393200
2023-12-19,50.634071350097656,50.82304042775983,49.604193661338456,49.745921370656426,356400
2023-12-20,49.33019256591797,50.97421898554905,49.320745733218914,50.50179805631187,320400
2023-12-21,49.25460052490234,49.84984822129779,48.92390375595304,49.58529368956648,246800
2023-12-22,49.40577697753906,50.07661376865674,49.22625473464468,49.66088468774269,162800
2023-12-26,49.65143966674805,49.91599784189695,49.25460781045325,49.50026511135683,167500
2023-12-27,49.46246337890625,49.85929878178136,49.2451502123996,49.63253517952627,161200
2023-12-28,49.61363983154297,49.65143436742837,48.99949484268912,48.99949484268912,147400
2023-12-29,49.00894165039063,49.528603903560445,48.63100710457862,49.528603903560445,205700
2024-01-02,49.02783966064453,49.45301918487024,48.479833299420015,48.772731946109104,193200
2024-01-03,48.40424728393555,49.2640532186626,48.12079545130965,49.18846774529565,230900
2024-01-04,47.27988052368164,48.82942036746347,47.24208598986132,48.82942036746347,252200
2024-01-05,46.45787048339844,47.39326546955497,46.37283817985153,47.10981364487543,219300
2024-01-08,46.85470581054688,46.85470581054688,46.013797170796295,46.30669582708194,253600
2024-01-09,46.514556884765625,47.01532183698364,45.97599739917283,46.2594491909135,211500
2024-01-10,46.95863342285156,47.02477205380734,46.42952077092027,46.54290076623231,232000
2024-01-11,45.664207458496094,46.8452597481826,45.35240792396179,46.8452597481826,258000
2024-01-12,46.02324295043945,46.30669476796547,45.87206840747322,46.20276519815808,205200
2024-01-16,45.26737594604492,46.2405619638887,45.22958140446427,45.81538598610685,272900
2024-01-17,44.52094268798828,45.16343537264027,44.228044049354615,44.813844930907216,337800
2024-01-18,44.95557403564453,45.01226223622293,44.07687088382552,44.50204680530504,516600
2024-01-19,44.691017150878906,45.22957669735403,44.21859624314386,45.22957669735403,716500
2024-01-22,45.12564468383789,45.58861877123453,44.86109012206015,44.86109012206015,314100
2024-01-23,44.64377212524414,45.81537746637413,44.502044422815,45.53192206151585,274200
2024-01-24,42.83912658691406,45.031159235209145,42.791885218619456,44.96502059873963,312300
2024-01-25,43.29265213012695,43.86900622002229,42.74464574589378,43.46272394695789,418000
2024-01-26,42.87692260742188,43.77452305323073,42.77298943100494,43.727278079015406,280100
2024-01-29,43.3304443359375,43.51941341161032,42.36670529386293,42.82967934904707,203900
2024-01-30,43.2359619140625,43.396586904440326,42.76354098421167,43.06589369525901,308700
2024-01-31,42.772987365722656,44.01073138211898,42.66905419432411,43.49106552512624,558900
2024-02-01,43.39657974243164,43.453271542200376,42.68794846460524,42.848569824189056,316200
2024-02-02,43.028099060058594,43.34934543581347,42.48008905259442,42.820232698015545,362900
2024-02-05,42.6029167175293,42.8296803344108,42.35725943650264,42.49898354330384,453200
2024-02-06,43.62334442138672,43.62334442138672,42.48008670198276,42.48008670198276,512000
2024-02-07,43.68003463745117,44.17135279084757,43.44382419471937,43.651690537694655,449100
2024-02-08,44.08631896972656,44.10521623855196,43.17927169182018,43.509964885551,265600
2024-02-09,44.6661491394043,44.99883872198034,43.78214124736567,44.06730426472292,374700
2024-02-12,45.45510482788086,45.730764010223005,44.69466883007914,44.84675602963948,302600
2024-02-13,43.64906692504883,44.93230609323878,43.24033551523083,44.4855483503084,346100
2024-02-14,43.63956069946289,43.99126165569,43.363901527210274,43.99126165569,204700
2024-02-15,45.09390258789063,45.16044052024648,44.0197881792632,44.0197881792632,251400
2024-02-16,45.1699447631836,45.17944862738874,44.09582680574648,44.83725149928169,236200
2024-02-20,45.26499176025391,45.79729873455702,44.884775600932784,44.884775600932784,318800
2024-02-21,45.02736282348633,45.540658531671326,44.8847830996873,45.28401067757883,194300
2024-02-22,44.41900634765625,44.64713894307024,43.515987080961295,44.64713894307024,283500
2024-02-23,43.820159912109375,44.31444416303762,43.81065604957273,44.23840238461106,255800
2024-02-26,43.19280242919922,43.77263598203562,42.86961669283358,43.57302222235103,393300
2024-02-27,43.67758560180664,43.73461603614543,43.19280515365751,43.38291506222492,294000
2024-02-28,43.64906692504883,44.019782879889206,43.1642901010959,43.1642901010959,299200
2024-02-29,43.62055587768555,45.10340896066591,43.582533166983296,44.55209053361908,461700
2024-03-01,43.278350830078125,43.63005540077869,42.70802477787687,42.97417645209818,266700
2024-03-04,43.8011589050293,43.972253839241816,43.15478737206638,43.15478737206638,333400
2024-03-05,43.12626266479492,44.38098285206898,42.831595782447614,43.83917202692994,242400
2024-03-06,43.34488677978516,43.77263311252894,43.05021990415178,43.37340561933104,254300
2024-03-07,43.953250885009766,44.105338107751855,43.4019324362913,43.59204237123026,362000
2024-03-08,44.0102767944336,44.26692463626102,43.70610238027777,44.20038670979225,359300
2024-03-11,45.50263214111328,46.15851114609204,43.94373741364509,43.94373741364509,337700
2024-03-12,44.72318649291992,45.32203146033626,44.29544008762254,45.06538361715784,185700
2024-03-13,44.71367645263672,45.43608968376328,44.4950513481373,44.685157612192754,326000
2024-03-14,44.31444549560547,44.5045553864553,43.40192237077976,44.36197206180678,476200
2024-03-15,44.02928924560547,44.81824414488568,43.496982194547314,44.06731195483358,1115000
2024-03-18,43.34488677978516,43.90570894359491,43.05021990415178,43.90570894359491,349900
2024-03-19,43.48747634887695,43.953245450587005,43.30687392733977,43.45896113127765,317900
2024-03-20,44.190879821777344,44.44752401999765,43.1928037409537,43.29736436854816,267100
2024-03-21,44.50456237792969,44.8657708646842,44.29544110253836,44.31445245721441,319000
2024-03-22,43.93423461914063,44.81824263567792,43.74412470544696,44.81824263567792,265600
2024-03-25,43.43994140625,44.20037727939636,42.964668532278,43.97224470443032,317800
2024-03-26,42.95516586303711,43.60153733423422,42.822090023563234,43.60153733423422,318400
2024-03-27,44.36197662353516,44.49505609904576,43.16429035229928,43.16429035229928,258100
2024-03-28,44.18137741088867,44.77071491247486,44.13385083634942,44.49505932972911,256000
2024-04-01,44.22890090942383,44.52357145274596,43.54451030635671,44.39999946670184,292500
2024-04-02,43.74412536621094,44.27643240738481,43.449454814232446,43.791651938841,396000
2024-04-03,43.031211853027344,43.71560603790085,43.002696637339184,43.61104541231799,241700
2024-04-04,43.69659423828125,44.01977997493718,43.363901012463415,43.71560559056039,421700
2024-04-05,43.49698257446289,43.64906978665858,42.546436591728565,43.48747871009542,302100
2024-04-08,44.20989227294922,44.485551479511365,43.48747891807604,43.68709270515407,623900
2024-04-09,44.8847770690918,44.94180750053087,44.17186766774558,44.40950413486099,374300
2024-04-10,43.32588577270508,43.73461719176446,42.77456738589637,43.639564047991584,438700
2024-04-11,42.80307769775391,43.601536342480216,42.70802456487597,43.32588080671635,252900
2024-04-12,42.20423889160156,43.09775072124148,41.928579713739474,42.66050048286736,402500
2024-04-15,42.194732666015625,42.346819867659775,41.576879995730906,42.2992932970294,381400
2024-04-16,41.60539245605469,42.05215016767609,41.34874464040269,41.86204027170668,304500
2024-04-17,41.9856071472168,42.27077379417685,41.67192891202311,41.71945547783493,258000
2024-04-18,42.67951202392578,42.95516757695839,42.17572023518726,42.17572023518726,337500
2024-04-19,43.52549743652344,43.52549743652344,42.59396289381638,42.59396289381638,710300
2024-04-22,43.20231246948242,43.506486871547736,42.96467599124109,43.506486871547736,397000
2024-04-23,43.9437370300293,44.428517475220296,43.24033508648044,43.33538822716168,584300
2024-04-24,44.26691818237305,44.63763046894971,43.33538372157811,43.51598612051316,1956500
2024-04-25,45.67372894287109,45.93988425576286,43.4494514320997,45.07488402142058,576700
2024-04-26,45.55965805053711,45.97789687482109,45.10339652603343,45.80679834987667,401400
2024-04-29,46.02543258666992,46.07296278441543,45.455106474173775,45.80680745601157,402800
2024-04-30,46.69081115722656,46.8524058373408,45.45510227689244,45.66422352431863,559500
2024-05-01,47.36570358276367,47.86949174565628,46.747847301973074,46.83339657737416,206500
2024-05-02,47.955039978027344,47.99306268316634,47.23262308456534,47.574820178726846,232400
2024-05-03,48.33737564086914,48.61457325357697,47.74474915385497,48.57633834569696,259300
2024-05-06,48.4998779296875,48.69104519920244,48.07930118567797,48.605018469407945,231900
2024-05-07,48.968238830566406,48.996913189386646,48.41384723111247,48.69104120769862,285300
2024-05-08,49.07339096069336,49.207209518583056,48.471203803907486,48.76751892943627,290700
2024-05-09,50.35422897338867,50.4020207922356,48.6910466950281,49.22632454644712,331000
2024-05-10,50.8034782409668,50.81303514587509,49.85718421864171,50.44981077256747,195800
2024-05-13,50.296875,51.41522248604232,50.18217390916656,50.91817956405484,1288400
2024-05-14,50.5836296081543,51.44389690609513,50.33510997001691,50.86082725374433,352600
2024-05-15,50.45936965942383,51.13802292026741,50.20128948002941,51.13802292026741,381200
2024-05-16,50.89905548095703,50.9659647457553,50.30642900148028,50.43068698108767,262300
2024-05-17,50.937294006347656,51.12846491061335,50.60274401231227,51.0137601802849,277800
2024-05-20,50.430694580078125,51.138025888318005,50.06747384395143,50.91818060709964,251300
2024-05-21,50.94685363769531,50.97553164495329,49.99100271148609,50.3829014453806,295600
2024-05-22,50.20128631591797,51.39609986024309,50.12481649886601,51.29095568493743,381000
2024-05-23,48.85353469848633,50.268193437029616,48.61457199982129,50.11525745573524,292500
2024-05-24,48.06974029541016,49.11161787152847,48.02194848199368,48.97779933544969,272800
2024-05-28,46.81758117675781,48.2513576655587,46.61685334343341,47.9168112766847,390800
2024-05-29,45.909515380859375,46.55949425370734,45.89039792621306,46.50214553605005,257800
2024-05-30,46.4830322265625,46.76022622794887,46.18671712254304,46.29186130933324,428300
2024-05-31,47.68740081787109,48.117534452129945,46.66464064656771,46.66464064656771,448700
2024-06-03,47.36240768432617,48.09841325767125,47.26682406026848,47.8594505512455,318400
2024-06-04,47.76387405395508,47.86901824387584,47.133012560712594,47.39109275971389,516600
2024-06-05,47.4293212890625,47.87857238504864,47.41020383324587,47.77342820119811,161600
2024-06-06,47.0469856262207,47.55358547045245,46.93228088519,47.066103083059154,162900
2024-06-07,45.48894119262695,46.70287218553701,45.46026683450737,46.54993619843,235500
2024-06-10,44.867637634277344,45.07792598831215,44.179427501013535,45.07792598831215,440500
2024-06-11,45.87128448486328,45.89995884392135,44.24633728974221,44.475739454770086,514200
2024-06-12,45.66099548339844,47.39108683233738,45.65143493299301,46.95139267072817,278000
2024-06-13,45.84260940551758,46.03378031943044,45.13528176420645,45.55585485778923,239100
2024-06-14,45.47938537597656,45.83304917093893,45.211744657429534,45.32644573893161,167200
2024-06-17,45.24042510986328,45.737464372020895,44.81029147310973,45.16395528720405,195500
2024-06-18,45.80437469482422,46.138924707212816,45.07792959430032,45.07792959430032,210600
2024-06-20,45.96686935424805,46.17715771643869,45.574970635981146,45.574970635981146,187800
2024-06-21,45.909515380859375,46.45435007629346,45.64187830837432,46.15803864497976,720700
2024-06-24,46.932273864746094,47.27638074380028,45.94774868567112,46.06244976326201,175400
2024-06-25,46.02421951293945,46.96095290079248,45.947749695344136,46.96095290079248,278800
2024-06-26,45.82349395751953,46.00510797452208,45.21174992321678,45.58453121622739,275700
2024-06-27,46.20582962036133,46.37788306277572,45.880840189832085,46.11980289915413,216600
2024-06-28,46.349212646484375,46.60728918577389,45.976427725359976,46.60728918577389,618700
2024-07-01,46.2345085144043,46.83669562193092,45.69923432663124,46.425679429872645,244400
2024-07-02,46.18671798706055,46.760227103201245,46.17716108184708,46.27274471910985,168900
2024-07-03,45.71834564208984,46.35876392966601,45.498496748747264,46.35876392966601,91300
2024-07-05,46.798458099365234,46.82713610516921,45.50806087292003,45.613205052877234,185900
2024-07-08,46.22494888305664,47.23814847659992,46.186713972961726,47.018303212976726,230800
2024-07-09,46.46390914916992,46.741106763303854,45.78525593907499,46.062449906927405,147400
2024-07-10,47.27638244628906,47.44843589201204,46.23450486775841,46.64552102739868,169000
2024-07-11,48.7866325378418,49.3027929172182,47.85945596521551,47.85945596521551,239500
2024-07-12,49.78071594238281,49.99100065803942,49.016032315800295,49.03514977109304,279000
2024-07-15,49.36970138549805,50.057911567157625,49.20720483333103,49.79027447686123,401800
2024-07-16,50.3255500793457,50.67921388250284,49.86673845014296,49.97188262990685,553400
2024-07-17,50.5167236328125,51.558601363328776,50.35423071386001,50.40202253435885,503700
2024-07-18,49.857181549072266,50.76524061057894,49.63733628513389,50.07702681301065,289000
2024-07-19,49.49396133422852,49.93365554515716,49.13074059627628,49.847628813266994,368400
2024-07-22,49.44616317749024,49.685125885856,48.83441922747893,49.608659715245366,308100
2024-07-23,49.36014175415039,50.00056377736964,49.197648845237445,49.24544066278349,349600
2024-07-24,50.0101203918457,50.5836294916305,48.96824273175384,49.51307747043398,265800
2024-07-25,50.5167236328125,51.39610844437628,50.2873214359052,50.33511325640404,286700
2024-07-26,50.5836296081543,50.97553199099107,50.06747287567173,50.97553199099107,204200
2024-07-29,50.19173049926758,51.09978960785076,49.85718413381784,50.669655962071154,243300
2024-07-30,50.96597290039063,51.138026364909706,50.10570557779521,50.430695050077695,188500
2024-07-31,51.09979248046875,51.87403308639662,50.99464828933608,51.615952884420665,607700
2024-08-01,51.50124740600586,52.18945757310502,50.23952451232864,51.6733008593511,689100
2024-08-02,52.70561981201172,52.7151803632505,51.19537723537687,51.19537723537687,299800
2024-08-05,50.707889556884766,51.91226373377974,50.15349793050152,51.89314627821041,321100
2024-08-06,50.65054321289063,51.61595106360509,50.44025483804348,50.70789193600749,390800
2024-08-07,51.31007385253906,51.50124475154515,50.52627644826756,50.70788679686845,215600
2024-08-08,50.91817855834961,51.54904001489603,50.77479946292829,51.11890637491396,258700
2024-08-09,50.49760437011719,51.00420417602229,49.81894746568295,51.00420417602229,232900
2024-08-12,50.28619766235352,50.48799500806732,49.59431685909455,50.42072922616271,221100
2024-08-13,50.641746520996094,50.9684676081913,50.25736747757459,50.61291571002784,270700
2024-08-14,51.11260986328125,51.30479939575756,50.2477624657035,50.54565275861687,281300
2024-08-15,51.64112854003906,51.95823813156146,51.4105003833508,51.67956351139528,238500
2024-08-16,52.17926025390625,52.22730672240967,51.50659869772668,51.74683470595434,727600
2024-08-19,52.71738815307617,52.80387325925601,51.92941437042012,52.217696835782746,233200
2024-08-20,52.40988540649414,52.746214332295686,52.16964941214722,52.63090208140807,193100
2024-08-21,52.16964340209961,52.58284955803096,52.07354681600514,52.58284955803096,154000
2024-08-22,51.9870719909668,52.313793116809,51.77566679121761,52.05433778166572,205300
2024-08-23,51.49698257446289,52.56363086567692,50.98768349209258,52.265736943807696,456900
2024-08-26,51.71800231933594,51.95823830322944,51.51620497263585,51.86214537595612,276400
2024-08-27,51.62191009521485,51.98706615639548,51.28557751375657,51.593079284071976,158400
2024-08-28,52.582855224609375,52.813479724669406,51.40089458109831,51.66034622723826,272700
2024-08-29,52.92879867553711,53.0633302525717,52.13121337495979,52.67895117614953,248700
2024-08-30,53.16903305053711,53.31317245049002,52.66934173280407,53.092155771327214,207900
2024-09-03,52.86152267456055,53.13058946101713,52.61167887182596,52.89996131058436,201900
2024-09-04,52.90957260131836,53.18824354715644,52.72699091375436,52.93839974537159,168600
2024-09-05,52.83269882202149,53.35160944354223,52.78465235685334,53.35160944354223,137300
2024-09-06,52.1600341796875,52.986446527500576,52.111987717405135,52.96722720944561,150700
2024-09-09,52.22730255126953,52.31378765395277,51.36245519014744,51.91019295190451,262800
2024-09-10,52.871131896972656,52.996055625832746,52.04471958648424,52.26573623556905,237600
2024-09-11,51.20870590209961,52.53480596368537,51.045343518283445,52.53480596368537,250800
2024-09-12,51.266357421875,51.56425136112448,50.93963633762758,51.179872321170976,172200
2024-09-13,52.83269882202149,52.85191814123081,51.42972151113384,51.63151886426624,232000
2024-09-16,53.3323860168457,53.39004397003304,52.832694753018885,53.082542217787314,370000
2024-09-17,52.90957260131836,54.053094525854135,52.64050581588459,53.60144971856644,270000
2024-09-18,52.2945671081543,53.18824525967933,52.14081622540322,53.00566723194687,267300
2024-09-19,52.27534866333008,52.37144158527594,51.6219065301102,52.32339512430301,293900
2024-09-20,51.88136672973633,52.323400077669845,51.55464563219626,52.13121054987386,1243600
2024-09-23,51.746829986572266,52.34261787195181,51.63151773953858,52.09277039338355,211900
2024-09-24,51.07417297363281,52.09277122584331,50.9588570590461,51.68917652192073,259300
2024-09-25,50.57448196411133,51.39128286904239,50.30541516091037,51.352844230626495,389200
2024-09-26,50.59370040893555,51.30479687878856,50.54565027889094,50.74745129423162,308100
2024-09-27,51.40089416503906,51.65073798236681,50.8147177614232,50.89159137225085,264200
2024-09-30,52.10237884521485,52.12159816288396,51.170262099667866,51.49698316862278,266500
2024-10-01,51.6123046875,52.05433807622589,51.59308536637575,51.987072285146326,323100
2024-10-02,51.57386016845703,52.03511649145812,51.30479703479829,51.31440852712053,211500
2024-10-03,50.853153228759766,51.68917712354781,50.82432608263271,51.68917712354781,191100
2024-10-04,51.00690460205078,51.0357317463799,50.36307027492294,50.747449305958376,146500
2024-10-07,49.84416580200195,50.87237562068629,49.690414903854126,50.87237562068629,244700
2024-10-08,49.73845672607422,50.055569985844365,49.671190943524834,50.055569985844365,162000
2024-10-09,49.88260269165039,50.266981756380176,49.31564558731471,49.52705443948712,155100
2024-10-10,49.41173553466797,49.77689525752345,49.27720396985548,49.58470573677266,229600
2024-10-11,50.33424758911133,50.39190188287648,49.51744299223746,49.53666231206266,162400
2024-10-14,51.14143753051758,51.96784990334165,50.59369977935933,50.59369977935933,191000
2024-10-15,51.6795654296875,52.43871204423196,51.333625014669245,51.333625014669245,260100
2024-10-16,52.48675537109375,52.61167910587182,51.804486074331415,51.804486074331415,258700
2024-10-17,51.58346939086914,52.246519369226775,51.49698429232596,52.246519369226775,156900
2024-10-18,51.535423278808594,51.76604776601797,51.05495132046056,51.65073552241328,418400
2024-10-21,51.24714279174805,51.97745858338226,50.87237157074454,51.66995681156677,225100
2024-10-22,50.785888671875,51.12222126956721,50.50721769925171,50.814719484409466,178500
2024-10-23,50.91080856323242,51.19909100677849,50.71861904563166,50.71861904563166,229900
2024-10-24,50.103614807128906,50.98768510919672,49.72884726929421,50.95885429925629,263800
2024-10-25,49.60392761230469,50.46877866740778,49.54627331910475,50.353466415297504,146200
2024-10-28,49.60392761230469,50.43034002813422,49.29642582953701,49.83455578223565,285100
2024-10-29,49.29642105102539,49.56548783414812,48.88321488316445,49.056185077418334,197400
2024-10-30,49.28681564331055,49.70962965794922,49.0561874844193,49.0850182953496,765200
2024-10-31,49.93064880371094,50.76667271370428,48.86400038908595,49.01775128074385,460000
2024-11-01,48.18172836303711,49.86338025098513,48.15290121798527,49.75767583151477,236800
2024-11-04,47.78773880004883,48.08563272305008,47.336094002594336,48.04719408800928,350000
2024-11-05,49.09463119506836,49.11385051577118,47.77813888546493,47.77813888546493,279300
2024-11-06,50.2669792175293,50.65135459713487,49.10423425501855,49.27720445883964,392400
2024-11-07,49.57509994506836,50.30541575504423,49.23877101923283,50.30541575504423,254500
2024-11-08,50.07478713989258,50.55525908916699,49.74806606775758,49.94025558060935,367200
2024-11-11,49.83455276489258,50.54564921984653,49.824941272800935,50.3438518744442,234400
2024-11-12,49.10993957519531,50.2500055649419,49.013321314633885,49.93117451911365,399700
2024-11-13,48.69448471069336,49.57369051059377,48.61719011106682,49.37079402937878,195200
2024-11-14,48.481929779052734,49.20655008820285,48.35632789349606,48.99399361812378,248900
2024-11-15,49.24520111083984,49.45775391137266,48.723473564277015,48.723473564277015,250900
2024-11-18,49.16790008544922,49.66064393253691,49.08094550570488,49.14857643599389,236900
2024-11-19,49.73793411254883,49.74759777993887,48.60752827812257,49.15823937985986,285400
2024-11-20,49.35147857666016,50.21136080526203,49.08095113884573,49.805571491345255,199000
2024-11-21,49.63166427612305,49.74760619075048,49.28384590346044,49.53504969954337,311000
2024-11-22,49.85387420654297,50.472219946557615,49.457748597589,49.75725964264566,255400
2024-11-25,50.22101974487305,50.5688380965439,49.747603188350766,50.22101974487305,530800
2024-11-26,49.23553085327149,50.44323129817479,49.032638063073954,49.989138437105446,354700
2024-11-27,49.45775604248047,50.02779090074462,49.15824863794823,49.55437430653112,322500
2024-11-29,49.45775604248047,49.84422172746326,49.24520323278887,49.84422172746326,153300
2024-12-02,48.82975006103516,49.56403038187051,48.67516453635352,49.56403038187051,358000
2024-12-03,47.96986389160156,49.03263882539597,47.89256929283359,48.897376963161335,389100
2024-12-04,46.88776016235352,47.9505387486608,46.51095821911709,47.660691383525794,556400
2024-12-05,47.44813537597656,47.99884648060205,46.74283876278269,46.95539153355845,379300
2024-12-06,47.0520133972168,47.37084442069638,46.91675152752185,47.37084442069638,249200
2024-12-09,46.66554260253906,47.59305562288054,46.55926437790656,47.225917355834405,249000
2024-12-10,46.99403762817383,47.04234490731214,46.03754097016403,46.48197383521119,385800
2024-12-11,47.1776123046875,47.50610328999433,46.955392177812776,47.50610328999433,415400
2024-12-12,46.80080795288086,47.235580865392194,46.69453340591978,47.15828995072873,166400
2024-12-13,46.85878372192383,46.87810737397924,46.33705617325709,46.57859629553505,166700
2024-12-16,46.733177185058594,47.25490468190991,46.60757898758689,46.87810271827598,210300
2024-12-17,46.28874969482422,47.04235371010563,46.22111875425331,46.22111875425331,320600
2024-12-18,44.53033447265625,46.45299535462412,44.46270353724322,46.20179157828181,316200
2024-12-19,44.36608505249024,44.84916526613987,44.03759404539364,44.35642506988544,291200
2024-12-20,44.44337463378906,45.023069350420926,44.085896348053055,44.085896348053055,1453700
2024-12-23,43.93131256103516,44.19217629939454,43.58349424322264,44.19217629939454,246500
2024-12-24,44.07623672485352,44.2018386097042,43.6897747735114,43.81537297275262,98400
2024-12-26,44.3757438659668,44.46269844233522,43.738078201134726,43.85401640775625,252400
2024-12-27,44.085899353027344,44.46270131308246,43.86368290698482,44.085899353027344,205800
2024-12-30,44.11488342285156,44.2887925885424,43.60281959365599,43.9892815397172,188300
2024-12-31,43.79605484008789,44.39507328537326,43.58349836231163,44.33710233172256,207300
2025-01-02,43.255001068115234,44.346763339916144,43.19703011794204,44.14386685711463,192300
2025-01-03,43.26466369628906,43.44823654025966,42.88786171114255,43.31297466719266,198500
2025-01-06,42.46274948120117,43.13906248500918,42.240533035848856,43.013460603511135,376700
2025-01-07,42.8588752746582,42.95548983892879,42.22120956788794,42.76225702477824,414400
2025-01-08,41.805763244628906,42.56903088706431,40.87825009427202,42.56903088706431,476900
2025-01-10,40.462799072265625,41.73813052080725,40.40482812074665,41.27437396548389,391600
2025-01-13,40.86857986450195,40.96519810565845,40.23091421530523,40.443470660240486,425200
2025-01-14,41.428958892822266,41.44828254305288,40.858924110652026,41.06181690965938,318700
2025-01-15,42.41444396972656,42.752598642941045,42.08594927905698,42.15358021369988,331700
2025-01-16,43.23567581176758,43.31297040912687,42.25985547656671,42.25985547656671,500300
2025-01-17,42.97481536865234,43.670452055778206,42.85887714933455,43.39992462989063,392300
2025-01-21,42.79124450683594,43.73808124563854,42.68496627436463,43.32263198358309,245000
2025-01-22,41.57388305664063,42.52071985701946,41.4192975317953,42.51105987417084,417500
2025-01-23,41.88304901123047,41.91203632746927,41.43861614206691,41.47726343997918,337900
2025-01-24,41.45794296264648,42.05696138367616,41.43861931221205,41.88305221537569,294600
2025-01-27,43.66078567504883,43.70909664190524,41.78643588915244,41.84440683801455,384700
2025-01-28,43.73808288574219,44.0182702935623,43.438571827147285,43.47721912869686,237600
2025-01-29,43.081092834472656,43.76706584110836,42.62699626232336,43.62214399095673,436000
2025-01-30,43.28398513793945,43.9409745041061,43.00379773768409,43.58349618844789,300900
2025-01-31,43.75740051269531,44.11487878879313,42.70428564690746,43.13905851546373,716100
2025-02-03,43.815372467041016,44.192178117244026,42.887859371793816,43.2839849865729,457900
2025-02-04,43.16804885864258,43.66078906256824,43.01346333529241,43.4868798880981,287600
2025-02-05,43.0521125793457,43.59316009266979,42.79124880587455,43.47722186633031,260800
2025-02-06,42.829891204833984,43.24533677543971,42.52071649398683,43.07143129865161,235100
2025-02-07,42.37580108642578,42.742943116772224,42.22121555032359,42.7042958113442,288400
2025-02-10,42.59974670410156,42.79448914620094,42.17131630300544,42.70685523297637,594600
2025-02-11,44.48873901367188,44.61532215581924,42.57053583819242,42.70685443078046,694200
2025-02-12,44.07004165649414,44.20636395601624,43.47608263767503,43.84608916459785,314800
2025-02-13,44.35242462158203,44.47900777571773,43.85583488520876,44.079787410585205,221300
2025-02-14,43.74872589111328,44.78085830173716,43.44687490037525,44.36216332385033,529300
2025-02-18,44.6834831237793,44.86849011870133,43.67082537752176,43.74872384157382,392800
2025-02-19,44.26478958129883,44.68348455296242,44.157681047003024,44.49848126652633,260200
2025-02-20,44.30373764038086,44.7711172840455,43.96294114429307,44.42058162269621,254400
2025-02-21,44.5666389465332,44.829540689950406,44.15767944086093,44.52768971467809,296100
2025-02-24,44.87822723388672,45.608508646644,44.09926113649296,44.77111869904445,416700
2025-02-25,45.73509216308594,46.13431252333534,44.74190898808424,44.97559696196501,372500
2025-02-26,44.75164413452149,45.65719338454929,44.58611546368365,45.35534611080892,385000
2025-02-27,43.77793502807617,44.566640281961135,42.45369082054734,44.00188754634895,539100
2025-02-28,44.25505065917969,45.024281241150746,43.57345398799525,44.32320995485783,435800
2025-03-03,45.05349349975586,45.11191734792528,43.57345610909292,43.90451715324652,418000
2025-03-04,45.34560394287109,46.12456998959792,44.274526092922095,44.81980046842932,406500
2025-03-05,45.42350006103516,46.26088619655805,44.74190341241628,45.0340152005664,288200
2025-03-06,45.530609130859375,45.60850759600596,44.61532445180663,45.452714380116056,316300
2025-03-07,46.64064025878906,47.03012144370056,45.452714658841934,45.65719255950072,285000
2025-03-10,46.94248962402344,47.5461916163694,46.64064234225391,46.87433032075913,358100
2025-03-11,46.1829948425293,47.478025226986325,46.11483554410541,47.19565258254588,403800
2025-03-12,45.13138961791992,46.01746424613667,45.03402024908864,45.66693228970202,391200
2025-03-13,45.79351043701172,45.96877826749614,45.02428353033366,45.15086296336991,269900
2025-03-14,46.25115203857422,46.63089774521803,45.74482319158147,45.85193171692265,309000
2025-03-17,46.20247268676758,46.5822184372073,45.54035055775349,45.88114707368569,331300
2025-03-18,45.6474609375,46.1051014610189,45.43324385346758,46.03694215508197,229000
2025-03-19,45.12165832519531,45.9395737277283,44.595854770480464,45.68640740238989,368900
2025-03-20,44.99506759643555,45.296918559918986,44.84901355428785,45.141125352986286,296100
2025-03-21,44.8587532043457,45.30665825190971,44.26479038655703,45.082705728127706,1105300
2025-03-24,44.66401290893555,45.36508429687448,44.44006037432251,44.995073984972976,321900
2025-03-25,44.37189483642578,44.66400663557005,43.85583053412415,44.66400663557005,271000
2025-03-26,45.18007278442383,45.36507604953934,44.37189300198694,44.52768620271656,219900
2025-03-27,45.28718185424805,45.83245996532287,44.97559542346336,45.18007703661845,304200
2025-03-28,46.98143768310547,47.0690716014532,44.84901728918185,45.57929870394515,552900
2025-03-31,47.1859130859375,48.05251305787073,47.020384423614594,47.166438470181305,466400
2025-04-01,47.42934036254883,47.83829986592684,46.61142507019597,47.02038457357399,258700
2025-04-02,47.2248649597168,47.63382077026877,47.078807190574885,47.26381419340842,275500
2025-04-03,48.24726104736328,48.90938320157643,47.47803035137983,47.71172205291536,410200
2025-04-04,47.19565582275391,49.06517450399454,46.630903066293655,48.3835777585576,558200
2025-04-07,46.25115203857422,47.68250466921906,45.48192146058121,46.640636909923415,637200
2025-04-08,45.997989654541016,46.93274889219935,45.62797939673346,46.82564036643377,455700
2025-04-09,46.553009033203125,47.92593799676639,45.37481881615101,45.73509366888435,777800
2025-04-10,47.2248649597168,47.82856322432354,46.44589885790111,46.44589885790111,574000
2025-04-11,49.0164909362793,49.22096885025387,47.0398636723847,47.77014512035406,584200
2025-04-14,49.66887283325195,49.73703585083112,48.83148657789256,48.83148657789256,389400
2025-04-15,49.41571044921875,49.89282928789356,49.41571044921875,49.6591375942888,328900
2025-04-16,48.89964294433594,49.85387684589175,48.79253441309136,49.62992433256364,343000
2025-04-17,49.552024841308594,49.7272926680032,48.85095353453018,48.86069269957051,342800
2025-04-21,49.39623260498047,50.27257175574546,48.94832757876868,49.68834441710106,302800
2025-04-22,50.00967025756836,50.1849380885872,49.36702278196704,49.93177179293633,299900
2025-04-23,49.162540435791016,49.86360798203204,48.130408159221126,49.77597407445155,551700
2025-04-24,48.73411178588867,49.38649844054074,48.3543660488002,49.38649844054074,560400
2025-04-25,48.46147537231445,48.56858390798778,47.81882787267787,48.53937012545654,315600
2025-04-28,48.24726104736328,48.646481430250304,47.86751528247118,48.568586672674186,292700
2025-04-29,49.14307022094727,49.2696496542489,48.305680298966685,48.54910742910508,455800
2025-04-30,49.318336486816406,49.6786075879561,48.51989582245108,49.11385488104237,490900
2025-05-01,48.89964294433594,49.80519216289055,48.09146309178374,49.80519216289055,425100
2025-05-02,47.48776245117188,48.90937592362632,47.2151252686198,48.90937592362632,401400
2025-05-05,47.70198059082031,47.916193932967126,47.22486179606905,47.86750925131572,417800
2025-05-06,48.519901275634766,48.821748564134815,47.67277212005476,47.71172135547526,350000
2025-05-07,47.779876708984375,48.86069375889948,47.779876708984375,48.4906834818107,266500
2025-05-08,47.25407409667969,48.14988788191895,47.07880626292425,47.89672158231519,263100
2025-05-09,47.331974029541016,47.429343400466,47.03012303662809,47.13723157328763,216400
2025-05-12,46.06808853149414,47.4789346304866,45.813350094368815,47.4789346304866,348100
2025-05-13,44.70623016357422,46.244445505905176,44.52987393117594,45.93092414552367,349600
2025-05-14,43.765663146972656,44.60825321998958,43.37376330804887,44.5788617598744,427000
2025-05-15,45.26469039916992,45.29408185879768,43.54031917659938,43.93222274649344,420000
2025-05-16,46.73432159423828,46.763713052868695,45.294080321839,45.343067332046125,418600
2025-05-19,47.17521286010742,47.233995778239326,46.23464505783392,46.73432228677131,393600
2025-05-20,47.00865173339844,47.214399418277374,46.72452184239268,46.99885582636723,261600
2025-05-21,46.450191497802734,46.94986497966351,46.02889648443397,46.76371284670936,247500
2025-05-22,45.94072341918945,46.19546187908372,45.734975712138485,46.13667521815358,358600
2025-05-23,46.06808853149414,46.479583908815925,45.69578052048679,46.25424066826314,309500
2025-05-27,46.09748077392578,46.60695391936448,45.94072009359614,46.20525444242793,374700
2025-05-28,45.49003219604492,46.28363521796309,45.33327152057002,46.0191008773237,302200
2025-05-29,45.92112350463867,45.98970606714271,45.264689338537394,45.264689338537394,343800
2025-05-30,46.293434143066406,46.56776440866469,45.66639140028772,45.9995083245726,398900
2025-06-02,45.81335067749024,46.53837115684125,45.54882006725601,45.98970690929266,387100
2025-06-03,45.66638946533203,46.13667150248946,45.28428554373346,45.9897067307349,201500
2025-06-04,44.79440689086914,45.58800617458545,44.71602468446938,45.32347183419024,236100
2025-06-05,44.92177200317383,45.0687367702384,44.55926364520896,44.89238054474863,240700
2025-06-06,44.69643020629883,45.48023360177365,44.53966952720386,45.205903347724814,241800
2025-06-09,45.20590591430664,45.313679588078834,44.157568112563794,44.70623238928148,244400
2025-06-10,46.18566131591797,46.21505277706424,44.98056282181541,45.46064453286584,274900
2025-06-11,45.76436233520508,46.69513047877233,45.75456642815396,46.18565735032005,247300
2025-06-12,45.73497009277344,45.82314820459953,45.13731886122645,45.6369960740641,307100
2025-06-13,45.39205551147461,46.1072762849461,45.34306476657004,45.55861208424906,311600
2025-06-16,45.10792922973633,45.60760272533883,44.72582530883981,45.176511793103934,470400
2025-06-17,44.9609603881836,45.343064274490345,44.6376431526429,45.343064274490345,346800
2025-06-18,45.147117614746094,45.37246084330654,44.725822615164205,44.902178835336585,310500
2025-06-20,45.50962829589844,45.70558007696994,44.73562081627416,45.18630729651006,1093700
2025-06-23,46.51877212524414,46.53836767591977,45.754564336240215,45.754564336240215,294500
2025-06-24,45.68598556518555,46.47958487726133,45.64679446058516,46.31302828891388,289200
2025-06-25,44.71602249145508,45.32346961138482,44.520070722535095,45.26468669693722,319500
2025-06-26,44.44169616699219,45.09813035253128,44.020401134867015,44.97076486837768,492900
2025-06-27,44.54946899414063,44.97076401830212,44.18695688848671,44.46129087890986,882800
2025-06-30,44.55926513671875,44.823799483808045,44.03019644254016,44.52987367730975,266900
2025-07-01,45.5488166809082,45.89172947421368,44.24574059140912,44.37310980212364,283800
2025-07-02,45.30387878417969,45.66638713521613,44.921771144608655,45.54881756629308,223400
2025-07-03,44.88258743286133,45.47043906278999,44.6376486308128,45.47043906278999,163400
2025-07-07,44.61804962158203,45.117723094564624,44.333919736224665,45.06873608544386,302400
2025-07-08,44.52987289428711,44.745416488612015,43.80485242936876,44.36331257313628,235900
2025-07-09,45.33327102661133,45.46064024200601,44.05959008507234,44.44169399378711,290900
2025-07-10,45.35286712646485,45.98970573620095,44.7356203309009,44.7356203309009,257900
2025-07-11,44.97076797485352,45.18631159079394,44.61805548289863,45.18631159079394,275400
2025-07-14,45.793758392333984,46.07788455179041,44.970763898201234,44.970763898201234,254400
2025-07-15,44.56906509399414,45.636998397152254,44.55926544914282,45.607603200067736,328500
2025-07-16,44.745418548583984,45.15691767936568,44.58865786482656,44.58865786482656,323000
2025-07-17,44.42210006713867,45.499829271520206,44.304530491880726,44.67683476977578,349600
2025-07-18,44.186954498291016,45.02954450103597,44.16736268482786,44.62784505059584,433400
2025-07-21,44.38290786743164,44.62784665669723,43.99100804708828,44.09877797489092,339700
2025-07-22,44.67683410644531,45.38225902245813,44.35351684491901,44.35351684491901,348200
2025-07-23,44.21635055541992,44.67683293016499,43.90282920932867,44.67683293016499,443300
2025-07-24,44.137969970703125,44.490682432373056,43.94201818783434,44.2163521788384,304700
2025-07-25,43.96161651611328,44.196759417899344,43.73627325969769,44.09878165154281,367500
2025-07-28,43.42275238037109,43.85384334487574,43.07003989238108,43.75586931486504,280300
2025-07-29,44.08898162841797,44.157564189731296,43.23659569675995,43.55991295188432,437300
2025-07-30,43.98120880126953,44.57886005049099,43.81465221704419,44.0595910085304,357300
2025-07-31,44.54946899414063,44.84339479908671,43.471736059379126,44.40250422293289,567600
2025-08-01,45.55862045288086,46.009306984024136,44.833599902262286,45.45084677424447,633500
2025-08-04,46.0093002319336,46.35221677158558,44.87278442509602,45.64679187855908,314600
2025-08-05,45.44104766845703,45.97011264117256,45.32347435232512,45.97011264117256,438700
2025-08-06,45.31367492675781,46.0386953700724,45.274483824423136,45.56840961699474,303500
2025-08-07,45.93092346191406,46.18565816188168,45.254890001959225,45.31367665770685,318300
2025-08-08,45.83294677734375,46.283637007041015,45.50962950682188,45.9407204466742,243800
2025-08-11,46.04988479614258,46.23723843058443,45.67517376566644,45.85266826633448,357200
2025-08-12,46.08932876586914,46.48375806313506,45.44837598562243,46.24710123709399,376100
2025-08-13,46.19779586791992,46.6908353276057,45.88225091464843,46.266821091348525,435700
2025-08-14,45.7244758605957,46.28654051202738,45.56670339285335,46.28654051202738,256800
2025-08-15,45.862525939941406,46.00058013952642,45.46809665447545,45.69489433997665,227600
2025-08-18,45.40893173217773,46.20765698021511,45.40893173217773,46.00058131792141,178100
2025-08-19,46.444313049316406,46.454175944460765,45.39907185955524,45.39907185955524,271200
2025-08-20,46.04001998901367,47.05568375879367,46.00057969396372,46.82888607548925,244700
2025-08-21,46.1189079284668,46.45417488547754,46.01043865390563,46.02029778723289,230500
2025-08-22,46.927494049072266,47.17401376906916,46.22737894706327,46.444313742777695,290700
2025-08-25,46.10904693603516,47.09512581950684,46.020299686059005,46.74999971492872,242400
2025-08-26,46.10904693603516,46.33584838943497,45.79350199425161,46.01044055232496,374400
2025-08-27,46.49362182617188,46.78944474504024,45.98086034472355,45.98086034472355,165400
2025-08-28,46.2175178527832,46.542925701424,46.12877059966231,46.49362250782185,181900
2025-08-29,46.27668380737305,46.59222875941949,46.06960813789117,46.36543106023564,250700
2025-09-02,45.399070739746094,46.53305914987389,45.28073857048664,45.9709945114644,412600
2025-09-03,45.81322479248047,46.05974451748726,45.29060417917566,45.33990737185852,356100
2025-09-04,46.04001998901367,46.25695853895368,45.62586867904705,46.18793332062592,274800
2025-09-05,46.43445587158203,46.49362196016321,46.03016367025855,46.18793614488253,260300
2025-09-08,45.685035705566406,46.42459485568516,45.56670353320091,46.28654065459207,213800
2025-09-09,45.64559173583984,45.80336420437138,45.32018390359785,45.55684448719133,226100
2025-09-10,45.04408264160156,45.58642526247423,44.66937162142366,45.55684410037335,329200
2025-09-11,45.7244758605957,45.8132231088003,44.81728511147523,44.93561352188391,289000
2025-09-12,45.60614776611328,45.93155559898178,45.30046196204824,45.34976891485307,223600
2025-09-15,44.56090545654297,45.77378208807244,44.40313297833408,45.77378208807244,311100
2025-09-16,44.403133392333984,44.8665916970905,44.29466410725543,44.491880647253474,318900
2025-09-17,44.59048843383789,45.37935079041155,44.45243799163656,44.70881684692584,261300
2025-09-18,44.975059509277344,45.06380676129045,44.25522235921222,44.38340990865919,305000
2025-09-19,44.83700942993164,45.30046396169737,44.659514924457945,45.093388292508905,945000
2025-09-22,44.76798248291016,45.142689747509536,44.639791175761744,45.09338655601934,272600
2025-09-23,45.06380462646485,45.14268897918807,44.33410461541524,44.659512444578425,405200
2025-09-24,45.12296676635742,45.359627346745405,44.71867458612186,44.975057195008205,373600
2025-09-25,44.65951156616211,45.67517156764758,44.57076432009885,45.438514752540414,267400
2025-09-26,45.03422164916992,45.19199788462009,44.37355059038853,44.5411821981656,328500
2025-09-29,44.7285385131836,44.96519533743962,44.41299357311396,44.935614174805714,308800
2025-09-30,45.25115966796875,45.379350976936514,44.8665895026579,44.8665895026579,430700
2025-10-01,43.929813385009766,45.438516630437206,43.890369326997664,45.39907257242511,337400
2025-10-02,43.98897933959961,44.05800456011679,43.32830453545928,43.88051006118908,442100
2025-10-03,44.76798248291016,45.0638053934437,44.05800448835573,44.15661087133611,345800
2025-10-06,44.90603256225586,44.90603256225586,44.20591746859037,44.55104356783608,313300
2025-10-07,45.70475387573242,45.74419793310391,44.82714428797493,44.9849167558685,302000
2025-10-08,46.15835189819336,46.19779219302052,45.25115740850808,45.79350001870215,452100
2025-10-09,46.10904693603516,46.5034799940608,45.82308691863861,46.23723824413235,311300
2025-10-10,46.582366943359375,46.70069535316584,45.89211098990245,46.28654027645474,329800
2025-10-13,45.65545272827149,46.7006977258449,45.36948894191755,46.39501190992251,321300
2025-10-14,46.1189079284668,46.60208445494,45.84280705619639,45.84280705619639,363700
2025-10-15,47.37123107910156,47.538862685901336,45.9414159272064,46.00058201515528,339000
2025-10-16,47.71635437011719,48.08120248694016,47.28248103555992,47.36136538657386,356200
2025-10-17,47.8642692565918,48.0614857829268,47.52900229030002,47.74593708383538,460800
2025-10-20,48.96867752075195,49.01798071292724,47.53886237811404,47.88399224652592,330900
2025-10-21,48.84048461914063,49.0475640380719,47.99245619964702,48.7418782380056,388600
2025-10-22,49.05742645263672,49.73781955579644,48.39675537934153,48.90951310944903,356900
2025-10-23,49.1658935546875,49.7180953200238,48.37703120306964,49.09686833402046,444500
2025-10-24,48.889793395996094,49.48143922807269,48.63341077692844,49.432136035665046,264500
2025-10-27,48.92923355102539,49.40255096763209,48.01217988085228,48.58410744358065,403500
2025-10-28,48.67285537719727,48.9785374304822,47.923433302527584,48.66299248165049,405900
2025-10-29,46.78944396972656,48.653132465467166,46.54292424782241,48.653132465467166,420600
2025-10-30,44.56090545654297,47.41067672167951,44.16647614181704,46.1189119702493,721600
2025-10-31,43.76218032836914,44.52146149273554,43.38746931287574,44.146750477242136,844000
2025-11-03,44.34396743774414,44.41299265686084,42.27319957946625,43.38746974199516,537200
2025-11-04,46.37528991699219,46.83874820823591,44.02842482037877,44.412994993286325,1113200
2025-11-05,45.862525939941406,47.12470943357249,45.85266680648149,46.39500942499238,558000
2025-11-06,45.70475387573242,46.66125157823288,45.59628836034938,46.07946489757678,363300
2025-11-07,45.96113586425781,46.39500920468783,45.56670281907249,45.87238861717073,328900
2025-11-10,45.40535736083984,45.81226860870075,45.157240653950005,45.65347406772968,257500
2025-11-11,46.08023452758789,46.5367683538996,45.584001120042,45.683246287167,283900
2025-11-12,45.12746810913086,46.07030857173572,45.12746810913086,45.76264627651285,305800
2025-11-13,45.4450569152832,45.63362424946047,44.78010217251829,45.206863210989376,248400
2025-11-14,45.50460052490234,46.16955523877776,45.06791650295632,45.75271722086356,277600
2025-11-17,45.12746810913086,45.891668024874974,45.08776852717936,45.4649069837976,218600
2025-11-18,44.66100692749024,45.53437878969675,44.59153455292431,45.3954340405649,333600
2025-11-19,43.79756164550781,44.60145734336794,43.68838969000571,44.60145734336794,337500
2025-11-20,44.045677185058594,44.45258841737966,43.73801111731911,43.82733327982668,295200
2025-11-21,45.17708969116211,45.762645261092175,43.6089903125167,44.30371783741074,413700
2025-11-24,45.04806900024414,45.246563124283554,44.66100754064556,45.20686354228357,419400
2025-11-25,45.35573196411133,45.97106029897222,45.22671022446041,45.55422607450653,401500
2025-11-26,45.1572380065918,45.87181529204955,45.1572380065918,45.32595554012473,611700
2025-11-28,45.02821731567383,45.365656176562375,44.70070524284809,45.365656176562375,180700
2025-12-01,44.869422912597656,45.20686177448105,44.59153342138558,44.74040495508369,327600
2025-12-02,44.41289138793945,45.20686410807363,44.24417384126869,45.02821977279837,444400
2025-12-03,44.1746940612793,45.24655998515154,43.90673136627149,44.74040360062982,244600
2025-12-04,43.956356048583984,44.661006577058174,43.82733430284801,44.125073589502975,364700
2025-12-05,44.54191207885742,44.91904674572746,43.67846321690647,43.82733475474918,379400
2025-12-08,43.27155303955078,44.48236380509029,43.20208066309792,44.48236380509029,368000
2025-12-09,41.99127197265625,43.73801188738414,40.97895537506743,43.3708002288146,1169800
2025-12-10,42.48750686645508,42.755473368094506,41.723306943844975,42.02104623923527,513300
2025-12-11,42.92419052124024,43.638767852407554,42.7554729769149,42.86464114832279,314000
2025-12-12,43.83725738525391,44.16477325134512,42.924189733048905,43.37080055682763,463900
2025-12-15,43.47997283935547,44.14492379290464,42.6661503481064,43.986129252806286,1564100
2025-12-16,43.56929397583008,43.81741067549663,42.98373841317861,43.65861613914845,422900
2025-12-17,43.62884140014648,43.92658069510709,43.11275818876652,43.42042427227012,307100
2025-12-18,43.52959442138672,43.96627845011628,43.1226831851277,43.52959442138672,316700
2025-12-19,42.556976318359375,44.08537227260062,42.427954577703325,44.05559948089549,1267200
2025-12-22,42.95396041870117,43.20207711018805,42.31878229424841,42.348555085719546,381500
2025-12-23,42.7256965637207,43.122684812794,42.57682880978861,42.88449110615792,333900
2025-12-24,42.9638900756836,43.12268461740129,42.78524574300612,42.80509553396589,166500
2025-12-26,43.082984924316406,43.15245729951611,42.85471800780873,43.033362340025256,272900
2025-12-29,43.23185729980469,43.32117946764158,43.0532129641309,43.0532129641309,205400
2025-12-30,43.24177932739258,43.57921819983838,43.13260737072475,43.23185632495027,211900
2025-12-31,43.00358963012695,43.46012346402858,42.824945297563616,43.29140213395854,230100
2026-01-02,42.62644958496094,42.95396165847723,42.43787847097364,42.874566283609184,256100
2026-01-05,42.219539642333984,42.62645088912825,41.78285181633785,42.62645088912825,345600
2026-01-06,43.00358963012695,43.00358963012695,42.16991734015155,42.21953992453904,338000
2026-01-07,42.91426467895508,43.2715495349355,42.57682582667335,43.14253158109268,315400
2026-01-08,43.33110046386719,43.698312120877134,42.74554489870842,42.74554489870842,212100
2026-01-09,43.28147888183594,43.678463340606655,42.86464084627213,43.360874259205886,261300
2026-01-12,44.244171142578125,44.67092837752706,43.29140015057119,43.29140015057119,311400
2026-01-13,44.18462371826172,44.363268050507614,43.59906813722473,44.18462371826172,288600
2026-01-14,45.325958251953125,45.375584622159245,44.154850877106576,44.21439646381712,376800
2026-01-15,45.88174057006836,46.08023469098264,45.30611178397345,45.325957788700464,389200
2026-01-16,45.325958251953125,45.8916678274268,45.22671308346188,45.55422895421188,483400
2026-01-20,44.35334014892578,45.15723962385667,44.2739447732316,44.97859529609425,300900
2026-01-21,44.30371856689453,44.66100723049215,43.81741194163372,44.59153485545489,395600
2026-01-22,44.670928955078125,44.76025111842236,44.01590101920718,44.22432192431732,302700
2026-01-23,43.827335357666016,44.700707234039584,43.58914165103303,44.52206290055498,372400
2026-01-26,44.1746940612793,44.66100444213843,43.88688157664865,44.095298688748166,235300
2026-01-27,44.204471588134766,44.80987693377386,43.86703272921922,44.04567705370159,274800
2026-01-28,43.29140090942383,44.561760992381046,43.1921557434561,44.1349999639911,456300
2026-01-29,44.1349983215332,44.49228696325737,43.70823730902492,43.85710505243648,525900
2026-01-30,44.36326599121094,44.48236094519311,43.80748322936029,44.08537271730545,490500
2026-02-02,44.1746940612793,44.8396487627838,43.98612673880263,44.50220991111591,331900
2026-02-03,44.11515045166016,45.11754026370962,43.95635591353468,44.23424540876415,280000
2026-02-04,44.60145568847656,45.06791628614693,44.24417082821789,44.71062763992795,272700
2026-02-05,44.78010177612305,45.36565735028649,44.60145744597417,45.10761764338281,324100
2026-02-06,44.1349983215332,45.45497715239165,44.12507153372961,44.780099448237166,441700
2026-02-09,43.9900016784668,44.15999984741211,43.5,44.15999984741211,295800
2026-02-10,44.5,44.83000183105469,44.08000183105469,44.220001220703125,441900
2026-02-11,44.150001525878906,44.72999954223633,43.79999923706055,44.72999954223633,332800
2026-02-12,45.45000076293945,45.75,44.209999084472656,44.209999084472656,494100
2026-02-13,46.560001373291016,46.560001373291016,45.45000076293945,45.630001068115234,246300
2026-02-17,46.4900016784668,47.02999877929688,46.27000045776367,46.75,304300
2026-02-18,45.7599983215332,46.470001220703125,45.7400016784668,46.40999984741211,346700
2026-02-19,46.20000076293945,46.380001068115234,45.65999984741211,45.9900016784668,458200
2026-02-20,45.75,46.70000076293945,45.5093002319336,46.459999084472656,205212
2026-02-23,46.40999984741211,46.43000030517578,45.72999954223633,45.83000183105469,384700
2026-02-24,46.369998931884766,46.790000915527344,46.25,46.61000061035156,290200
2026-02-25,46.63999938964844,46.75,45.40999984741211,46.380001068115234,302200
2026-02-26,44.59000015258789,46.029998779296875,44.52000045776367,44.70000076293945,751600
2026-02-27,45.08000183105469,45.560001373291016,44.77000045776367,44.77000045776367,506900
2026-03-02,45.38999938964844,45.47999954223633,44.619998931884766,44.84000015258789,454400
2026-03-03,46.95000076293945,47.150001525878906,44.91999816894531,45.380001068115234,463800
2026-03-04,46.9900016784668,47.33000183105469,46.06999969482422,46.83000183105469,362800
2026-03-05,45.779998779296875,46.56999969482422,45.720001220703125,46.56999969482422,304200
2026-03-06,45.59000015258789,45.650001525878906,44.7400016784668,45.650001525878906,365400
2026-03-09,45.68000030517578,45.75,44.849998474121094,45.400001525878906,385200
2026-03-10,43.95000076293945,45.349998474121094,43.83000183105469,45.0,459800
2026-03-11,44.060001373291016,44.130001068115234,42.75,44.0,852300
2026-03-12,44.369998931884766,45.255001068115234,43.7599983215332,43.70000076293945,446238
