date,close,high,low,open,volume
2021-03-15,11.264379501342773,11.36438578411077,11.000725785832756,11.000725785832756,10600
2021-03-16,11.17346477508545,11.237105062051505,10.918902760187343,11.228014211794841,11300
2021-03-17,11.264379501342773,11.264379501342773,11.109823785316161,11.128006351713147,4700
2021-03-18,11.364386558532715,11.364386558532715,11.182556547002969,11.228014266643877,12400
2021-03-19,11.61894702911377,11.61894702911377,11.182555059491548,11.182555059491548,11200
2021-03-22,11.728045463562012,11.846235176547836,11.373477191638338,11.618947467044435,6200
2021-03-23,11.637131690979004,11.846235981759126,11.182556241073838,11.846235981759126,6000
2021-03-24,11.61894702911377,11.791686167364562,11.291653051897104,11.291653051897104,3800
2021-03-25,11.709864616394043,11.764413189142386,11.364387143196788,11.655315176611769,2100
2021-03-26,11.537124633789062,11.62804007134559,11.400752344488144,11.62804007134559,1700
2021-03-29,11.191648483276367,11.473484789902471,11.009817601155639,11.400752783867741,13800
2021-03-30,11.537124633789062,11.609857504054606,11.028000611167352,11.028000611167352,1000
2021-03-31,11.282563209533691,11.755322122172077,11.109824909628998,11.364386934185251,8500
2021-04-01,11.364386558532715,11.364386558532715,11.337112273561724,11.337112273561724,4900
2021-04-05,12.009881973266602,12.255352235763931,11.26437860275072,11.355293161550792,23100
2021-04-06,11.82805347442627,12.037157766263679,11.691680318544865,12.037157766263679,11200
2021-04-07,11.964425086975098,12.137164234587221,11.891693088096464,11.90987652133303,37400
2021-04-08,12.046249389648438,12.10988967501084,11.964425670163143,12.000791671375067,30000
2021-04-09,12.500824928283691,12.591740365484757,12.00079175774557,12.046249476346103,102900
2021-04-12,12.728113174438477,13.082682353572896,12.59174088009734,12.782662612395272,125100
2021-04-13,12.8099365234375,12.891760244464132,12.600831362254562,12.773570521540538,29100
2021-04-14,13.119048118591309,13.17359668852485,12.773570663221298,12.819028382855173,36400
2021-04-15,13.155412673950195,13.155412673950195,12.819026972912226,13.119046675649706,20800
2021-04-16,13.064497947692871,13.164504231642184,12.919033946663385,13.164504231642184,103000
2021-04-19,13.409975051879883,13.446341051237527,13.055405907867495,13.06449762446536,61100
2021-04-20,11.628040313720703,13.464525601184862,11.455302019203385,13.446342166480994,181300
2021-04-21,11.864419937133789,12.091707672071088,11.237105303167858,11.71895592549934,84800
2021-04-22,11.900784492492676,12.228078478859839,11.728045349412438,11.900784492492676,21700
2021-04-23,12.018975257873535,12.046249542369795,11.682589525640104,11.955334104670436,41100
2021-04-26,11.700772285461426,11.973517736012854,11.33711226274878,11.973517736012854,66300
2021-04-27,11.918968200683594,11.973517637157062,11.646223619417887,11.773504192799516,24000
2021-04-28,11.846236228942871,12.09170739318992,11.818961944148937,11.882602231012743,18700
2021-04-29,11.891693115234375,12.09170654612398,11.846235399073034,11.846235399073034,203300
2021-04-30,11.818961143493652,12.228078855823206,11.818961143493652,12.018974574845323,57900
2021-05-03,11.99169921875,12.182620930160041,11.81896094034749,11.864418655832509,28900
2021-05-04,11.900784492492676,12.482640468256522,11.818960779142436,11.909876208872435,13800
2021-05-05,11.918968200683594,11.991700204625634,11.818961912021761,11.918968200683594,24800
2021-05-06,11.728045463562012,11.946242323630967,11.728045463562012,11.864418609484334,16200
2021-05-07,11.900784492492676,11.909876208872435,11.737137065792197,11.746228782171956,22300
2021-05-10,12.000791549682617,12.000791549682617,11.73713782681125,11.818961545466822,15100
2021-05-11,12.100799560546875,12.173531567391837,11.918968676400556,11.937152111628754,18100
2021-05-12,12.018975257873535,12.173530981742122,12.018975257873535,12.028066108016374,15500
2021-05-13,11.891693115234375,12.128072545646287,11.728045683867078,12.055340546601672,20700
2021-05-14,12.03715705871582,12.164438489983384,11.92805906064383,12.018974492554063,40200
2021-05-17,12.046249389648438,12.046249389648438,11.846235949465926,12.046249389648438,9600
2021-05-18,11.946243286132812,12.137165012179473,11.946243286132812,11.946243286132812,11800
2021-05-19,12.03715705871582,12.10988905743048,11.891693061286501,11.891693061286501,7400
2021-05-20,12.228078842163086,12.318994274594235,11.964425128553343,11.964425128553343,38600
2021-05-21,12.137164115905762,12.30990239479497,12.137164115905762,12.228078680098152,10000
2021-05-24,12.273537635803223,12.355361358767334,12.15534791008105,12.15534791008105,5200
2021-05-25,12.009881973266602,12.318993380661116,11.955332544359552,12.137163396027214,10000
2021-05-26,12.100799560546875,12.209897570814318,11.937152111628754,12.118982128741159,17800
2021-05-27,12.300810813903809,12.309902530533442,11.955333385282083,12.309902530533442,12800
2021-05-28,12.282628059387207,12.309902341824179,12.228078627479457,12.273536342896948,8600
2021-06-01,12.664473533630371,12.728113825306037,12.128074312267042,12.237172326725592,29900
2021-06-02,12.655380249023438,12.69174624934111,12.51900796459063,12.655380249023438,7300
2021-06-03,12.609922409057617,12.655380125770446,12.546282125879955,12.600830692308286,4100
2021-06-04,12.591739654541016,12.646288220154688,12.346268508178037,12.6099222207343,3800
2021-06-07,12.609922409057617,12.67356269223528,12.309902692600312,12.328086126098976,22200
2021-06-08,12.464458465576172,12.582648182750525,12.428092465448204,12.582648182750525,4400
2021-06-09,12.428092956542969,12.582648679952543,12.428092956542969,12.464458958107935,8200
2021-06-10,12.537190437316895,12.57355643736215,12.446275003686841,12.464458437226385,10400
2021-06-11,12.44627571105957,12.70083859287804,12.373543706835404,12.546282867143212,5800
2021-06-14,12.318994522094727,12.509916240408883,12.282628521798403,12.45536680644748,12800
2021-06-15,12.291720390319824,12.62810611397052,12.291720390319824,12.591740113225415,6200
2021-06-16,12.373542785644531,12.528098499872927,12.23717050463539,12.38263450225416,6200
2021-06-17,12.546281814575195,12.609922096173781,12.364451819269371,12.600830379650038,6700
2021-06-18,12.619013786315918,12.619013786315918,12.273536362440211,12.282628078944947,26600
2021-06-21,12.528098106384277,12.809935243193925,12.391725829658386,12.67356209943424,9900
2021-06-22,12.655380249023438,12.655380249023438,12.455366813759325,12.582648248388095,4700
2021-06-23,12.455366134643555,12.664471275344308,12.373542421631686,12.419000136308702,11300
2021-06-24,12.35536003112793,12.564464307759104,12.35536003112793,12.437183745299713,6200
2021-06-25,12.318994522094727,12.428092522983695,12.11898108694803,12.409909089318615,35700
2021-06-28,12.409910202026367,12.409910202026367,12.218988466593627,12.318995626650821,13400
2021-06-29,12.273537635803223,12.473551084489506,12.173531344977029,12.309903638561282,211800
2021-06-30,12.43718433380127,12.464458617471157,12.291720331516737,12.291720331516737,17000
2021-07-01,12.419001579284668,12.5917407417213,12.419001579284668,12.519008736600789,9700
2021-07-02,12.500824928283691,12.546282646884224,12.437184642463267,12.546282646884224,7400
2021-07-06,12.537190437316895,12.537190437316895,12.37354300359633,12.437184153950902,4100
2021-07-07,12.364452362060547,12.528098931502859,12.364452362060547,12.391726645795291,10600
2021-07-08,12.264446258544922,12.537191720312709,12.228080254778146,12.355361701478826,17000
2021-07-09,12.364452362060547,12.391726645795291,12.200804925584388,12.200804925584388,8900
2021-07-12,12.364452362060547,12.455366930187644,12.300811210634349,12.337177211291955,10900
2021-07-13,12.409910202026367,12.44627620558337,12.291721340741548,12.346269912560093,13100
2021-07-14,12.346269607543945,12.455367615519672,12.346269607543945,12.355361324967062,3000
2021-07-15,12.473549842834473,12.473549842834473,12.30081069665324,12.364451845420236,66000
2021-07-16,12.364452362060547,12.482641213922387,12.364452362060547,12.47355036403337,16200
2021-07-19,12.1917142868042,12.355361737752096,11.955334828109219,12.264446294551282,14800
2021-07-20,12.137164115905762,12.228078680098152,12.018974402125226,12.228078680098152,11900
2021-07-21,12.246262550354004,12.400818268735966,12.155347115882082,12.155347115882082,8400
2021-07-22,12.200804710388184,12.355360427215444,12.200804710388184,12.273536710420561,12800
2021-07-23,12.228078842163086,12.228078842163086,12.155346843031696,12.20080455924727,13700
2021-07-26,12.30990219116211,12.30990219116211,12.146254764475563,12.155346480854547,6100
2021-07-27,12.318994522094727,12.546282240705205,12.309902805262187,12.409909089318615,6000
2021-07-28,12.346269607543945,12.546283055683057,12.282629319649912,12.309903604885369,4100
2021-07-29,12.628105163574219,12.682653727069606,12.500823737028675,12.500823737028675,6200
2021-07-30,12.591739654541016,12.682654219575074,12.582647937927463,12.682654219575074,8400
2021-08-02,12.491734504699707,12.591741669383582,12.455368499460285,12.591741669383582,10400
2021-08-03,12.573556900024414,12.591740334233045,12.264445454748627,12.282628888957255,5100
2021-08-04,12.555374145507812,12.555374145507812,12.28262870568512,12.519008144667044,8000
2021-08-05,12.619013786315918,12.619013786315918,12.355360076915222,12.546281788345643,12000
2021-08-06,12.700837135314941,12.728111417010506,12.318993723441924,12.591739141498905,15200
2021-08-09,12.673562049865723,12.71901976427449,12.664471200610999,12.682653766154234,11500
2021-08-10,12.609922409057617,12.691746125733943,12.582648125843452,12.646288409021114,18800
2021-08-11,12.728113174438477,12.728113174438477,12.637197733521784,12.728113174438477,229200
2021-08-12,12.737204551696777,12.81902827292932,12.700838549708301,12.81902827292932,27700
2021-08-13,12.819028854370117,12.819028854370117,12.555375111236481,12.719021694090308,7400
2021-08-16,12.891759872436523,12.909942439343357,12.819027870741484,12.819027870741484,30400
2021-08-17,12.764477729797363,12.95539944044314,12.746295163896423,12.846301443936097,10500
2021-08-18,12.728113174438477,12.864485468779614,12.646289451020234,12.728113174438477,22400
2021-08-19,12.555374145507812,12.709928998805692,12.528098994601848,12.700838148870888,23100
2021-08-20,12.646288871765137,12.728112591435497,12.60992287047096,12.60992287047096,13200
2021-08-23,12.619013786315918,12.728111783271329,12.600830353306446,12.728111783271329,18800
2021-08-24,12.673562049865723,12.728111480563001,12.664471200610999,12.728111480563001,15300
2021-08-25,12.63719654083252,12.72811197316868,12.63719654083252,12.6826542570006,20300
2021-08-26,12.591739654541016,12.728111935609013,12.591739654541016,12.682654219575074,10300
2021-08-27,12.63719654083252,12.6826542570006,12.591739691698258,12.591739691698258,13200
2021-08-30,12.728113174438477,12.90085147173951,12.58264916259889,12.58264916259889,9200
2021-08-31,12.69174575805664,12.819027187758477,12.646288042660712,12.719020040480675,11000
2021-09-01,12.609922409057617,12.746295559196103,12.609922409057617,12.746295559196103,91300
2021-09-02,12.646288871765137,12.646288871765137,12.591740303340805,12.60992287047096,15600
2021-09-03,12.564465522766113,12.682655247217431,12.555374672449773,12.682655247217431,16900
2021-09-07,12.555374145507812,12.637196997124153,12.519008144667044,12.537190711570503,24000
2021-09-08,12.500824928283691,12.582648648357877,12.500824928283691,12.519008362537452,10800
2021-09-09,12.43718433380127,12.546282335514668,12.428092616900026,12.50082461804229,12200
2021-09-10,12.455366134643555,12.555373280339747,12.455366134643555,12.464457850985717,11500
2021-09-13,12.473549842834473,12.519007558515526,12.41900041061045,12.428092127153421,14600
2021-09-14,12.44627571105957,12.52809943257023,12.382635424121895,12.464459145632553,8300
2021-09-15,12.482640266418457,12.500823698883957,12.382633988959546,12.382633988959546,17500
2021-09-16,12.491734504699707,12.537192228007472,12.455368499460285,12.537192228007472,8200
2021-09-17,12.68265438079834,12.68265438079834,12.419000664890483,12.455366664773159,71600
2021-09-20,12.455366134643555,12.573555845990278,12.419000136308702,12.573555845990278,9200
2021-09-21,12.455366134643555,12.455366134643555,12.318993857646301,12.455366134643555,47100
2021-09-22,12.473549842834473,12.573556123705737,12.38263441147237,12.38263441147237,9000
2021-09-23,12.500824928283691,12.555374364011104,12.45536720968316,12.555374364011104,15700
2021-09-24,12.555374145507812,12.591740146348581,12.464458709888964,12.537190711570503,12700
2021-09-27,12.555374145507812,12.66447214803012,12.50991642769839,12.528098994601848,23700
2021-09-28,12.582649230957031,12.673563805333735,12.564465795861345,12.619015234114494,18200
2021-09-29,12.546281814575195,12.682654094296112,12.546281814575195,12.664471528282434,12100
2021-09-30,12.500824928283691,12.646288934178301,12.500824928283691,12.609922932704649,13300
2021-10-01,12.664473533630371,12.719022107342672,12.56446637010124,12.591741523991338,8700
2021-10-04,12.555374145507812,12.682654714933578,12.555374145507812,12.682654714933578,8900
2021-10-05,12.591739654541016,12.66447165338179,12.537190221893525,12.646288220154688,22400
2021-10-06,12.519007682800293,12.637196530897034,12.519007682800293,12.637196530897034,7000
2021-10-07,12.537190437316895,12.637196720682889,12.537190437316895,12.619014154177178,27700
2021-10-08,12.582649230957031,12.637197802176273,12.419001783231492,12.419001783231492,9300
2021-10-11,12.582649230957031,12.673563805333735,12.573557513409188,12.655381237271957,10400
2021-10-12,12.500824928283691,12.509916645410572,12.482641494029933,12.482641494029933,5800
2021-10-13,12.519007682800293,12.637196530897034,12.50082424953383,12.637196530897034,6000
2021-10-14,12.628105163574219,12.628105163574219,12.500823737028675,12.546281451297354,7900
2021-10-15,12.573556900024414,12.673563187070284,12.546282615745335,12.546282615745335,31000
2021-10-18,12.500824928283691,12.682654935651954,12.464458926810039,12.682654935651954,11100
2021-10-19,12.500824928283691,12.500824928283691,12.464458926810039,12.47355064393692,7300
2021-10-20,12.473549842834473,12.50082412542958,12.473549842834473,12.491732408886607,6800
2021-10-21,12.500824928283691,12.500824928283691,12.491733211156813,12.500824928283691,6000
2021-10-22,12.564465522766113,12.591740674816801,12.482641800681826,12.491733518032055,23800
2021-10-25,12.573556900024414,12.691746621278915,12.573556900024414,12.63719718568689,25400
2021-10-26,12.546281814575195,12.591739530160103,12.500824098990288,12.591739530160103,9000
2021-10-27,12.455366134643555,12.546281563997585,12.419000136308702,12.546281563997585,36500
2021-10-28,12.455366134643555,12.455366134643555,12.373542421631686,12.455366134643555,12200
2021-10-29,12.364452362060547,12.628106083586665,12.364452362060547,12.628106083586665,11800
2021-11-01,12.491734504699707,12.500826222768051,12.237172468023756,12.237172468023756,25100
2021-11-02,12.482640266418457,12.500823698883957,12.437183419322267,12.500823698883957,11100
2021-11-03,12.546281814575195,12.591739530160103,12.40990866782047,12.455366383405378,18700
2021-11-04,12.546281814575195,12.591739530160103,12.500824098990288,12.546281814575195,8300
2021-11-05,12.546281814575195,12.58264781363636,12.455366383405378,12.555373531098938,8100
2021-11-08,12.500824928283691,12.637197217051423,12.428092925336387,12.637197217051423,17200
2021-11-09,12.537190437316895,12.546282154086667,12.437184153950902,12.546282154086667,9800
2021-11-10,12.546281814575195,12.546281814575195,12.428092100867957,12.546281814575195,10100
2021-11-11,12.546281814575195,12.609922096173781,12.455366383405378,12.591739530160103,35900
2021-11-12,12.519007682800293,12.555373682299402,12.455366533401488,12.54628196566617,11800
2021-11-15,12.546281814575195,12.591739530160103,12.473549816452866,12.591739530160103,19000
2021-11-16,12.609922409057617,12.62810584255628,12.455366692454298,12.546282125879955,37500
2021-11-17,12.500824928283691,12.591740365484757,12.500824928283691,12.555374364011104,21900
2021-11-18,12.473549842834473,12.537190124567658,12.455366409748528,12.50082412542958,37000
2021-11-19,12.455366134643555,12.50082384932057,12.455366134643555,12.49173213297841,19400
2021-11-22,12.500824928283691,12.537190929757344,12.44627549255628,12.537190929757344,24900
2021-11-23,12.464458465576172,12.49173274891369,12.464458465576172,12.464458465576172,15000
2021-11-24,12.455366134643555,12.50082384932057,12.455366134643555,12.464457850985717,13400
2021-11-26,12.500824928283691,12.500824928283691,12.409909491082628,12.45536720968316,2800
2021-11-29,12.500824928283691,12.619014649831529,12.500824928283691,12.591740365484757,10500
2021-11-30,12.482640266418457,12.500823698883957,12.373542272726796,12.500823698883957,2800
2021-12-01,12.337179183959961,12.500826646602727,12.337179183959961,12.500826646602727,4800
2021-12-02,12.500824928283691,12.500824928283691,12.32808663804231,12.32808663804231,7800
2021-12-03,12.491734504699707,12.500826222768051,12.382636488981442,12.500826222768051,2300
2021-12-06,12.500824928283691,12.500824928283691,12.382635206735856,12.500824928283691,10000
2021-12-07,12.43718433380127,12.50082461804229,12.43718433380127,12.50082461804229,3000
2021-12-08,12.500824928283691,12.500824928283691,12.482641494029933,12.500824928283691,2400
2021-12-09,12.419001579284668,12.500825301803715,12.419001579284668,12.491733584405178,3600
2021-12-10,12.473549842834473,12.50082412542958,12.41900041061045,12.50082412542958,8100
2021-12-13,12.44627571105957,12.500825147744637,12.41900142623398,12.491733430458146,7700
2021-12-14,12.373542785644531,12.473549934282797,12.373542785644531,12.41900050165885,24800
2021-12-15,12.373542785644531,12.446274784453916,12.373542785644531,12.38263450225416,14400
2021-12-16,12.43718433380127,12.473550334372403,12.373543182526403,12.382634899427648,5000
2021-12-17,12.591739654541016,12.628105653961402,12.373542790984873,12.419000507018811,110200
2021-12-20,12.546281814575195,12.591739530160103,12.40990866782047,12.455366383405378,14800
2021-12-21,12.528098106384277,12.582647537294909,12.382634113334314,12.582647537294909,12500
2021-12-22,12.455366134643555,12.60083012798297,12.455366134643555,12.546281563997585,5100
2021-12-23,12.500824928283691,12.619014649831529,12.44627549255628,12.44627549255628,8500
2021-12-27,12.564465522766113,12.682655247217431,12.528099520399085,12.591740674816801,21300
2021-12-28,12.600831031799316,12.664472183725426,12.564465030856049,12.637197032742584,3500
2021-12-29,12.528098106384277,12.60083010290926,12.528098106384277,12.59173925361898,1900
2021-12-30,12.482640266418457,12.573555694678397,12.455365984753987,12.500823698883957,18900
2021-12-31,12.519007682800293,12.637196530897034,12.519007682800293,12.582647965165279,1100
2022-01-03,12.509917259216309,12.682655557933188,12.500825541643339,12.500825541643339,6500
2022-01-04,12.509917259216309,12.591740983305218,12.500825541643339,12.519008976789278,37400
2022-01-05,12.68265438079834,12.700837814256593,12.600830664303862,12.600830664303862,5300
2022-01-06,12.68265438079834,12.691746097527465,12.637196664186538,12.637196664186538,5900
2022-01-07,12.728113174438477,12.728113174438477,12.67356373648168,12.67356373648168,9000
2022-01-10,12.646288871765137,12.709929157271478,12.646288871765137,12.664472305929156,11200
2022-01-11,12.709929466247559,12.709929466247559,12.582648892140707,12.582648892140707,11200
2022-01-12,12.71902084350586,12.746295994685738,12.673563125239925,12.673563125239925,2800
2022-01-13,12.728113174438477,12.746296609435376,12.70083888897703,12.746296609435376,12100
2022-01-14,12.673562049865723,12.77356919497177,12.673562049865723,12.71901976427449,122000
2022-01-18,12.68265438079834,12.728112097410142,12.309902665242456,12.591739814608564,13500
2022-01-19,12.71902084350586,12.773570278831755,12.673563125239925,12.746295994685738,14700
2022-01-20,12.728113174438477,12.819028615355169,12.619015165558787,12.619015165558787,87800
2022-01-21,12.71902084350586,12.746295994685738,12.637197124033948,12.746295994685738,6700
2022-01-24,12.700837135314941,12.764477414949184,12.555373143560226,12.646287704890034,9700
2022-01-25,12.68265438079834,12.728112097410142,12.60992238103299,12.70992866395189,7400
2022-01-26,12.564465522766113,12.72811296693469,12.564465522766113,12.70083868191789,21100
2022-01-27,12.728113174438477,12.764479177398373,12.637197733521784,12.637197733521784,3800
2022-01-28,12.646288871765137,12.773570309811682,12.60992287047096,12.737204308517507,16000
2022-01-31,13.12813949584961,13.319061232348304,12.864485751830834,12.864485751830834,27500
2022-02-01,13.555438995361328,13.637262710348832,13.128137854334264,13.146321287457626,38900
2022-02-02,13.755453109741211,13.810001677760866,13.655446823682606,13.764544826755772,24500
2022-02-03,13.664538383483887,13.819094112624581,13.546348657256656,13.764545541771337,82900
2022-02-04,14.037288665771484,14.082746381429757,13.76454410588947,13.782726671932494,10300
2022-02-07,14.210028648376465,14.546414376795804,14.0554729262603,14.0554729262603,54000
2022-02-08,14.255486488342285,14.400950494625961,14.255486488342285,14.27366905561081,14900
2022-02-09,14.855525970458984,14.891891105051553,14.291852511732253,14.310035079028538,37600
2022-02-10,14.71915340423584,14.991897977786586,14.546414249484256,14.991897977786586,13600
2022-02-11,15.097989082336426,15.107229189133788,14.506635465081525,14.719153515495428,18500
2022-02-14,14.756112098693848,15.06102767244592,14.552834168340773,15.014828903843654,21400
2022-02-15,14.830031394958496,15.079508993439788,14.756113183523597,14.756113183523597,30900
2022-02-16,14.709912300109863,14.940909665524673,14.6544725446889,14.737631737227835,2400
2022-02-17,14.87623119354248,15.01482926505357,14.719152909197884,14.866991087125728,26100
2022-02-18,14.737632751464844,14.959390907224966,14.645234327651114,14.92243048027738,14600
2022-02-22,14.765352249145508,14.830031234190562,14.645234385829001,14.700673264100454,14500
2022-02-23,14.691431999206543,14.783831297288602,14.654472456210723,14.765351085198185,5000
2022-02-24,14.275638580322266,14.645234934445872,14.10008095097276,14.645234934445872,33100
2022-02-25,14.691431999206543,15.005588555263527,14.552833933268467,14.700672105251751,6400
2022-02-28,14.691431999206543,15.014828661308737,14.414235867330392,14.525114496317855,14400
2022-03-01,14.46967601776123,14.848511587185909,14.42347636464442,14.65447374904338,32900
2022-03-02,14.441956520080566,14.571315372048552,14.414237080796386,14.432716413257477,9700
2022-03-03,14.404996871948242,14.432716311036096,14.3218376734996,14.423476204278451,11600
2022-03-04,14.497394561767578,14.515874774346962,14.284877404214887,14.284877404214887,2600
2022-03-07,14.183239936828613,14.488156417658692,14.183239936828613,14.488156417658692,11000
2022-03-08,14.137039184570312,14.7745915364404,14.10007964071096,14.210958272289018,15000
2022-03-09,14.525115013122559,14.525115013122559,14.146279463640141,14.275637428135575,14000
2022-03-10,14.2017183303833,14.358796613899662,14.100079803890086,14.164758786096218,7800
2022-03-11,14.127799034118652,14.414236159021458,13.91528187788837,14.414236159021458,8800
2022-03-14,14.026161193847656,14.340317771598485,13.998440873797826,14.340317771598485,9200
2022-03-15,14.05388069152832,14.26639785902264,13.979961600122898,14.044640584806373,6800
2022-03-16,14.109320640563965,14.247918718518171,14.044640773824923,14.044640773824923,5400
2022-03-17,14.127799034118652,14.137039140350847,13.906041771656177,14.035399734166772,4200
2022-03-18,14.414237022399902,14.414237022399902,13.86908305863745,13.924521936981211,15900
2022-03-21,14.118559837341309,14.562075272020584,13.93376210671873,14.109320611698996,7900
2022-03-22,14.072360038757324,14.146280011426459,13.970721508263015,14.146280011426459,11100
2022-03-23,13.943001747131348,14.04464027527753,13.924521534094739,14.04464027527753,1800
2022-03-24,13.952241897583008,13.952241897583008,13.952241897583008,13.952241897583008,2400
2022-03-25,14.377277374267578,14.377277374267578,13.952242158183978,13.952242158183978,8300
2022-03-28,14.109320640563965,14.571315408658107,14.10008053371766,14.571315408658107,11700
2022-03-29,13.979962348937988,14.183240301783707,13.979962348937988,14.183240301783707,4200
2022-03-30,13.952241897583008,14.404996544184911,13.933761684488207,14.404996544184911,13400
2022-03-31,13.961481094360352,14.044640290746575,13.961481094360352,14.035400184218092,6600
2022-04-01,13.8690824508667,13.989201190261115,13.859842344485964,13.952241645923221,15300
2022-04-04,13.906042098999023,14.340317409099486,13.841362235036156,13.859842447935561,11900
2022-04-05,13.739723205566406,13.906041590843229,13.739723205566406,13.859841941467998,8800
2022-04-06,13.758203506469727,13.758203506469727,13.628844663622296,13.730483187954905,5400
2022-04-07,13.638084411621094,13.67504395415184,13.407087050507666,13.67504395415184,3400
2022-04-08,13.425567626953125,13.628845570327115,13.397848187779198,13.628845570327115,5200
2022-04-11,12.97281265258789,13.425567299866957,12.353739611947098,13.425567299866957,25900
2022-04-12,12.658655166625977,12.8711731962917,12.658655166625977,12.751054463208465,12300
2022-04-13,12.741814613342285,12.871173454920056,12.658655420984077,12.677135633145909,3200
2022-04-14,12.935853004455566,13.009772093986223,12.751055280628927,12.751055280628927,8700
2022-04-18,12.612456321716309,12.87117401615294,12.575496776966084,12.87117401615294,5700
2022-04-19,12.751054763793945,12.9450925862433,12.492337960923146,12.520057398077334,5700
2022-04-20,13.120649337768555,13.213048630482014,12.778773364624689,13.213048630482014,2900
2022-04-21,13.102170944213867,13.12065027536611,12.861933470939546,13.12065027536611,2700
2022-04-22,12.834213256835938,12.991291527455543,12.649414669388186,12.991291527455543,1800
2022-04-25,12.621696472167969,12.834214516110864,12.621696472167969,12.834214516110864,6900
2022-04-26,12.215140342712402,12.473857132809245,12.113500942857053,12.473857132809245,9800
2022-04-27,12.011862754821777,12.224379903669055,12.011862754821777,12.224379903669055,4800
2022-04-28,12.076541900634766,12.270579721524777,12.030343132810724,12.030343132810724,1500
2022-04-29,12.11350154876709,12.19666074146832,12.07654200547599,12.178181410415279,4000
2022-05-02,11.679227828979492,12.150461813629626,11.679227828979492,12.10426304266094,5800
2022-05-03,11.984143257141113,12.510816954802108,11.817824876328169,11.817824876328169,2300
2022-05-04,12.058063507080078,12.07654283940919,11.836306232020258,11.854785564349369,4200
2022-05-05,11.97490406036377,12.021103712006324,11.891744863644185,12.021103712006324,2400
2022-05-06,12.039583206176758,12.039583206176758,11.836306146106613,11.836306146106613,7300
2022-05-09,11.697707176208496,11.845545358343031,11.697707176208496,11.845545358343031,5700
2022-05-10,11.503669738769531,11.780866780428397,11.46671019196069,11.780866780428397,7700
2022-05-11,11.374311447143555,11.540628962535262,11.374311447143555,11.512909523500824,3600
2022-05-12,11.596068382263184,11.61454771401672,11.365071007641149,11.392790445863978,4600
2022-05-13,11.383549690246582,11.734665785391849,11.374310465489208,11.374310465489208,7300
2022-05-16,11.420510292053223,11.8363062861741,11.38355074604082,11.420510292053223,12700
2022-05-17,11.780865669250488,11.845544649769128,11.457469004287251,11.466709110414206,6000
2022-05-18,11.956424713134766,11.974904927604177,11.956424713134766,11.974904927604177,800
2022-05-19,11.947184562683105,12.030343758990838,11.790106276587398,11.956423788017808,3400
2022-05-20,11.429749488830566,11.780865588585513,11.429749488830566,11.780865588585513,6600
2022-05-23,11.586828231811523,12.021103541184301,11.559108793693914,11.67922753378362,14700
2022-05-24,11.780865669250488,11.780865669250488,11.58682784650955,11.614547283705392,1800
2022-05-25,11.762386322021484,11.762386322021484,11.762386322021484,11.762386322021484,400
2022-05-26,11.651506423950195,11.974903077725688,11.651506423950195,11.688465965994395,10200
2022-05-27,12.316780090332031,12.47385837743153,11.83630600363979,11.937944532451498,4900
2022-05-31,12.446139335632324,12.446139335632324,12.205901844035495,12.33526069670727,2900
2022-06-01,12.3629789352417,12.473857563396356,12.289059849805263,12.307539180571869,2200
2022-06-02,12.150461196899414,12.455377651978242,12.150461196899414,12.381458564758224,1100
2022-06-03,12.455377578735352,12.455377578735352,12.362979160846185,12.362979160846185,400
2022-06-06,12.667895317077637,12.667895317077637,12.566256795427408,12.566256795427408,1400
2022-06-07,12.621696472167969,12.834214516110864,12.2890605682572,12.2890605682572,4000
2022-06-08,12.612456321716309,12.686375411216758,12.446138810932823,12.686375411216758,1300
2022-06-09,12.649415969848633,12.686375514900924,12.33526027749669,12.33526027749669,7300
2022-06-10,12.37221908569336,12.520057257097685,12.37221908569336,12.464617502228558,6200
2022-06-13,11.910224914550781,12.307539798420928,11.873265369977162,12.02110354827164,4500
2022-06-14,11.651506423950195,12.233619872035089,11.651506423950195,12.233619872035089,6400
2022-06-15,12.085782051086426,12.104262263231963,11.753146163131897,11.753146163131897,5900
2022-06-16,12.104262351989746,12.427658136242894,11.651506844139304,12.113501576945248,9100
2022-06-17,12.529297828674316,12.529297828674316,11.827065607224995,12.030343541051913,8700
2022-06-21,12.53853702545166,12.658655764205362,11.660747191220036,12.279820216466401,11500
2022-06-22,12.704854965209961,12.704854965209961,12.446138165377489,12.473857602206143,12600
2022-06-23,12.436898231506348,12.520057424328291,12.436898231506348,12.520057424328291,1600
2022-06-24,12.27981948852539,12.335259242042598,12.20590040462577,12.335259242042598,3700
2022-06-27,12.289060592651367,12.289060592651367,12.178181957794347,12.279820486117018,2300
2022-06-28,12.778775215148926,12.797255428841765,12.242861354647827,12.298301114541257,16600
2022-06-29,12.640175819396973,12.797254094669624,11.873264654799904,12.076541697118044,3200
2022-06-30,12.778775215148926,12.778775215148926,12.658656469700736,12.667896576547156,2200
2022-07-01,12.621696472167969,12.621696472167969,12.621696472167969,12.621696472167969,300
2022-07-05,12.473856925964355,12.612454983778864,12.418417174127576,12.418417174127576,3800
2022-07-06,12.168941497802734,12.409178973607572,12.168941497802734,12.19666093541559,5800
2022-07-07,11.919463157653809,12.381457867348685,11.919463157653809,12.187420054029436,2200
2022-07-08,11.919463157653809,11.919463157653809,11.900983827482202,11.900983827482202,1200
2022-07-11,11.827065467834473,11.891744449168687,11.651506973948706,11.845544799136377,3700
2022-07-12,11.780865669250488,11.854784755896082,11.780865669250488,11.780865669250488,400
2022-07-13,11.623787879943848,11.78086616598512,11.605308548095786,11.78086616598512,4800
2022-07-14,11.642268180847168,11.642268180847168,11.568349090526906,11.605308635687036,1400
2022-07-15,11.642268180847168,11.688466951408534,11.62378796767457,11.642268180847168,4200
2022-07-18,11.651506423950195,11.688465965994395,11.651506423950195,11.688465965994395,800
2022-07-19,11.900984764099121,12.095022592689299,11.63302784663507,11.651507178261015,7700
2022-07-20,11.642268180847168,11.984144193874648,11.633028074260869,11.891744890381787,2700
2022-07-21,11.873265266418457,12.261340921649188,11.873265266418457,12.261340921649188,3500
2022-07-22,11.873265266418457,11.873265266418457,11.873265266418457,11.873265266418457,300
2022-07-25,11.873265266418457,11.937944248561898,11.67922743880309,11.937944248561898,3500
2022-07-26,12.104262351989746,12.104262351989746,11.937943966200399,11.937943966200399,1700
2022-07-27,11.919463157653809,12.06730220495155,11.68846580280637,11.68846580280637,1900
2022-07-28,11.725425720214844,11.965663188441832,11.697706283476347,11.919463539754334,1400
2022-07-29,11.96566390991211,12.104262864331435,11.96566390991211,12.104262864331435,1300
2022-08-01,12.021102905273438,12.021102905273438,12.011862799328016,12.011862799328016,900
2022-08-02,12.270580291748047,12.270580291748047,12.030343691870014,12.076542461840948,1900
2022-08-03,12.030343055725098,12.409178589038882,12.011862843765885,12.381458271100064,4600
2022-08-04,12.27981948852539,12.372218783992409,12.150460651108562,12.150460651108562,1900
2022-08-05,12.242860794067383,12.279820338575655,12.242860794067383,12.279820338575655,10800
2022-08-08,12.261341094970703,12.483098363612925,12.261341094970703,12.353739516312434,2100
2022-08-09,12.307538986206055,12.307538986206055,12.307538986206055,12.307538986206055,1000
2022-08-10,12.178181648254395,12.196660979668334,12.150461329355927,12.150461329355927,2300
2022-08-11,12.353739738464355,12.353739738464355,12.242861102149362,12.242861102149362,23900
2022-08-12,12.242860794067383,12.427658516608748,12.131982160542563,12.372219640438862,4700
2022-08-15,12.316780090332031,12.316780090332031,12.27058043862305,12.289060651780668,3100
2022-08-16,12.289060592651367,12.446138878995077,12.270580379582668,12.298300699185718,5400
2022-08-17,12.704854965209961,12.704854965209961,12.279819782035537,12.390698410535169,4600
2022-08-18,12.612456321716309,12.741815168934624,12.196661222980012,12.741815168934624,6900
2022-08-19,12.344498634338379,12.630935749229325,12.252100218801138,12.603216312686653,5700
2022-08-22,12.390698432922363,12.473857624743589,12.058062546822471,12.150460963479937,4800
2022-08-23,12.621696472167969,12.621696472167969,12.344499444983134,12.344499444983134,4800
2022-08-24,12.289060592651367,12.695615587127108,12.289060592651367,12.436898772460728,4100
2022-08-25,12.316780090332031,12.316780090332031,12.316780090332031,12.316780090332031,600
2022-08-26,12.473856925964355,12.473856925964355,12.4276572796312,12.446137490638446,1500
2022-08-29,12.289060592651367,12.344499469487348,12.159701744725648,12.344499469487348,1200
2022-08-30,12.076541900634766,12.141221761721445,11.993382708655473,12.067302675780965,4600
2022-08-31,11.73466682434082,12.113502389669074,11.651507625866799,11.98414441976289,10800
2022-09-01,12.039583206176758,12.067303526246839,11.937944676141685,12.067303526246839,800
2022-09-02,11.919463157653809,12.058062099273258,11.910223933160493,11.974902910538583,1600
2022-09-06,11.827065467834473,11.845544799136377,11.669987186435641,11.669987186435641,1800
2022-09-07,12.021102905273438,12.09502199046681,11.836305192290007,11.845544417050426,2000
2022-09-08,12.021102905273438,12.021102905273438,12.021102905273438,12.021102905273438,0
2022-09-09,11.919463157653809,11.947183474688684,11.919463157653809,11.947183474688684,2200
2022-09-12,11.762386322021484,11.771626428827972,11.6515076838989,11.771626428827972,25200
2022-09-13,11.605308532714844,11.697706954202802,11.605308532714844,11.605308532714844,3700
2022-09-14,11.420510292053223,11.753147087349925,11.420510292053223,11.605308903300317,8900
2022-09-15,11.531388282775879,11.577587932994236,11.32811123171117,11.503668845118879,2500
2022-09-16,12.011862754821777,12.039582191370336,11.272671024441898,11.318870672812828,32300
2022-09-19,11.947184562683105,11.947184562683105,11.73466651865389,11.827065821481385,10100
2022-09-20,11.586828231811523,11.891744694660375,11.503669036273646,11.623787776363352,4600
2022-09-21,11.586828231811523,11.69770686546701,11.38355029618394,11.67922753378362,6600
2022-09-22,11.706947326660156,11.919464493976879,11.402030854571334,11.568349250687083,4100
2022-09-23,11.45746898651123,11.919463717921925,11.318870919562029,11.697706458329197,10200
2022-09-26,11.448229789733887,11.50366866417588,11.226471648410854,11.457469014684206,5600
2022-09-27,11.189512252807617,11.374310853214508,11.189512252807617,11.198752359064969,7200
2022-09-28,11.180273056030273,11.734666215098901,11.180273056030273,11.244952037625355,9000
2022-09-29,11.263431549072266,11.263431549072266,11.134073583814034,11.180273234771281,3600
2022-09-30,11.244952201843262,11.46670946870919,11.244952201843262,11.457469362293514,3000
2022-10-03,11.33735179901123,11.70694725341715,11.33735179901123,11.70694725341715,1100
2022-10-04,11.642268180847168,11.753146816327561,11.411270803300082,11.411270803300082,2900
2022-10-05,11.420510292053223,11.586828689701573,11.420510292053223,11.549869143689172,1400
2022-10-06,11.540628433227539,11.540628433227539,11.540628433227539,11.540628433227539,600
2022-10-07,11.281911849975586,11.429750029244495,11.281911849975586,11.429750029244495,800
2022-10-10,11.411271095275879,11.503669519947838,11.392790881630436,11.438990534558958,3000
2022-10-11,11.272671699523926,11.457469422889554,11.272671699523926,11.411270652936937,4200
2022-10-12,11.33735179901123,11.392790676579583,11.33735179901123,11.392790676579583,1100
2022-10-13,11.355831146240234,11.383550585061272,11.254192616439713,11.254192616439713,2300
2022-10-14,11.512908935546875,11.512908935546875,11.281911565958202,11.374310866267685,2400
2022-10-17,11.429749488830566,11.48518924402767,11.328110965685061,11.328110965685061,1100
2022-10-18,11.383549690246582,11.383549690246582,11.383549690246582,11.383549690246582,1000
2022-10-19,11.420510292053223,11.466709944864997,11.420510292053223,11.466709944864997,1900
2022-10-20,11.494428634643555,11.494428634643555,11.40203021622945,11.41127032242637,1900
2022-10-21,11.30039119720459,11.30039119720459,11.2819118653633,11.291151971876474,1700
2022-10-24,11.254192352294922,11.281911790465363,11.254192352294922,11.281911790465363,700
2022-10-25,11.392790794372559,11.51290953859269,11.134073973613477,11.51290953859269,9200
2022-10-26,11.226471900939941,11.281911657814021,11.15255281256453,11.281911657814021,6400
2022-10-27,11.669987678527832,11.669987678527832,11.244952466441049,11.244952466441049,1200
2022-10-28,11.854784965515137,11.873265178095817,11.438989875485232,11.438989875485232,1800
2022-10-31,11.688467025756836,12.002623602208779,11.688467025756836,11.90098507266818,41200
2022-11-01,12.048822402954102,12.048822402954102,11.96566321139409,12.01186286017021,1500
2022-11-02,12.048822402954102,12.048822402954102,12.048822402954102,12.048822402954102,300
2022-11-03,12.039583206176758,12.048823312866785,11.716187402691487,11.79934660053158,6600
2022-11-04,12.37221908569336,12.37221908569336,11.827065167751153,12.187420490252943,11100
2022-11-07,12.14122200012207,12.242860524989712,12.14122200012207,12.242860524989712,800
2022-11-08,12.085782051086426,12.316779415795546,11.37431062599854,12.104262263231963,3500
2022-11-09,12.427659034729004,12.427659034729004,12.242861304483254,12.242861304483254,4900
2022-11-10,12.473856925964355,12.65865463011202,12.37221840897938,12.4276572796312,34000
2022-11-11,12.612456321716309,12.612456321716309,12.520057900433274,12.520057900433274,114500
2022-11-14,12.566256523132324,12.566256523132324,12.224379660693687,12.224379660693687,2100
2022-11-15,12.889653205871582,12.917372643832476,12.289060390003621,12.289060390003621,89000
2022-11-16,13.120649337768555,13.166848984125284,12.649414531062838,12.649414531062838,11500
2022-11-17,12.889653205871582,13.07445092758595,12.871173874292667,12.935852856596435,4600
2022-11-18,12.741814613342285,12.954332647278264,12.741814613342285,12.945092541197347,700
2022-11-21,12.935853004455566,13.092931290004474,12.7140957358636,12.741815174141331,4300
2022-11-22,13.360888481140137,13.397848026655923,12.935853267116064,12.935853267116064,16000
2022-11-23,13.305447578430176,13.444046523088092,12.871173176249696,13.055970887941921,10500
2022-11-25,13.314687728881836,13.314687728881836,13.305447622970044,13.314687728881836,700
2022-11-28,13.176090240478516,13.416327717568707,13.176090240478516,13.194569571924278,8700
2022-11-29,13.342408180236816,13.342408180236816,13.166850560485111,13.166850560485111,2100
2022-11-30,13.434806823730469,13.434806823730469,13.250009106446457,13.397847280273668,13300
2022-12-01,13.277728080749512,13.397846813091846,13.046730721903101,13.397846813091846,6900
2022-12-02,12.95433235168457,13.028251436275166,12.935852139944423,12.963571576369647,12000
2022-12-05,12.011862754821777,13.083690367339353,11.928703563991103,13.009771282419864,15200
2022-12-06,11.660746574401855,12.141221504000994,11.6422672439015,12.141221504000994,18400
2022-12-07,11.864026069641113,11.974904710895643,11.61454846592959,11.82706652255627,13300
2022-12-08,11.845544815063477,11.965663552834974,11.706946745965228,11.919463902740548,6100
2022-12-09,11.753146171569824,11.9102244501796,11.62378733001324,11.73466595941102,6800
2022-12-12,12.085782051086426,12.085782051086426,11.679227076919778,11.96566331569548,3500
2022-12-13,11.873265266418457,12.058062987674747,11.873265266418457,12.058062987674747,14600
2022-12-14,11.235712051391602,11.873265292613699,11.235712051391602,11.873265292613699,106000
2022-12-15,10.921555519104004,11.44823012902197,10.921555519104004,11.281911738396818,98600
2022-12-16,10.727518081665039,11.318871695643663,10.625879551012419,11.023195329246892,104800
2022-12-19,10.533479690551758,11.087873729500812,10.487280921626864,10.690557972214489,87400
2022-12-20,10.48728084564209,11.004714455806152,10.48728084564209,10.755237756916165,84700
2022-12-21,10.810676574707031,10.884595661483642,10.542719664845563,10.542719664845563,7400
2022-12-22,10.810676574707031,10.893835767626973,10.718278156828779,10.884595661483642,17500
2022-12-23,10.866116523742676,11.03243403135713,10.866116523742676,11.03243403135713,4100
2022-12-27,10.875356674194336,10.949275762586367,10.856876461503807,10.856876461503807,3700
2022-12-28,10.819916725158691,10.903075918419177,10.819916725158691,10.838396056336007,3900
2022-12-29,10.829156875610352,10.96775494415441,10.819916769391407,10.819916769391407,3600
2022-12-30,11.115593910217285,11.226472549182796,10.810677432765857,10.810677432765857,10400
2023-01-03,10.940035820007324,11.124833543753722,10.893836168774461,11.124833543753722,7300
2023-01-04,10.875356674194336,11.134073483566445,10.875356674194336,10.949275762586367,21300
2023-01-05,10.856877326965332,11.115594156961185,10.856877326965332,10.893836874107597,5500
2023-01-06,11.15255355834961,11.272672305288404,10.856877185075716,10.97699593201451,5600
2023-01-09,11.226471900939941,11.485189591438925,11.134073481063197,11.134073481063197,1600
2023-01-10,11.180273056030273,11.272671475282527,11.1617928434688,11.1617928434688,1000
2023-01-11,11.189512252807617,11.318871096855434,11.180273027735298,11.189512252807617,4900
2023-01-12,11.45746898651123,11.53138807304214,11.198752183653047,11.198752183653047,6400
2023-01-13,11.596068382263184,11.642268033424601,11.392790445863978,11.402030552333272,1100
2023-01-17,11.420510292053223,11.549869143689172,11.420510292053223,11.549869143689172,900
2023-01-18,11.180273056030273,11.41127042593846,11.180273056030273,11.383550107096253,6700
2023-01-19,11.420510292053223,11.596068796500946,11.180273683565153,11.365071413627161,2300
2023-01-20,11.346590995788574,11.411270861034847,11.217233027666166,11.383550541135701,7000
2023-01-23,11.31887149810791,11.420510026986747,11.18951264947434,11.337351711277734,2700
2023-01-24,11.642268180847168,11.651507406248403,11.32811160639352,11.355831044967353,9900
2023-01-25,11.512908935546875,11.799346061558245,11.512908935546875,11.52214904181483,6200
2023-01-26,11.73466682434082,11.910225328049332,11.623788186770485,11.623788186770485,4100
2023-01-27,11.688467025756836,11.85478542062788,11.688467025756836,11.85478542062788,1400
2023-01-30,11.5498685836792,12.048822871246738,11.5498685836792,11.64226788482265,7700
2023-01-31,11.466710090637207,12.002623955222461,11.466710090637207,11.568349504352232,14500
2023-02-01,11.503669738769531,11.642268700191517,11.503669738769531,11.559109499575346,4800
2023-02-02,11.83477783203125,11.87261881150041,11.522589525860651,11.64557293468545,16100
2023-02-03,11.8631591796875,12.118586485810523,11.796937686485315,11.796937686485315,14400
2023-02-06,12.01452350616455,12.128046456356632,12.01452350616455,12.109126415758055,4300
2023-02-07,12.194268226623535,12.194268226623535,11.90099994373089,11.976681906632185,12100
2023-02-08,12.203727722167969,12.203727722167969,12.07128473898485,12.07128473898485,2200
2023-02-09,12.109125137329102,12.165886155332455,12.099664666928504,12.099664666928504,3300
2023-02-10,12.203727722167969,12.203727722167969,12.090204778496657,12.090204778496657,2000
2023-02-13,12.146966934204102,12.203727956027388,11.986142535371167,12.109125952255186,3100
2023-02-14,11.967222213745117,12.137507092443855,11.967222213745117,12.052364653094486,1100
2023-02-15,11.7590970993042,12.203728428881918,11.7590970993042,11.967222056987307,25700
2023-02-16,11.8631591796875,11.95776208614792,11.598272304678579,11.806397255371213,33400
2023-02-17,12.090205192565918,12.099665663745904,11.901000279967114,11.938841262486875,3400
2023-02-21,11.9483003616333,12.10912474442473,11.919919853552486,12.099664274331097,4000
2023-02-22,12.03344440460205,12.03344440460205,12.03344440460205,12.03344440460205,1000
2023-02-23,12.052364349365234,12.052364349365234,11.88208037715801,11.986142854740214,3200
2023-02-24,11.87261962890625,11.957762064123774,11.87261962890625,11.929380650917814,7200
2023-02-27,11.87261962890625,11.986142575129556,11.87261962890625,11.891539668843379,4100
2023-02-28,11.806397438049316,11.986142782665242,11.787477397784595,11.872619834476328,6600
2023-03-01,11.692874908447266,11.901000772010955,11.692874908447266,11.806397860700125,7600
2023-03-02,11.730714797973633,11.77801624921549,11.692873817420175,11.692873817420175,3000
2023-03-03,11.71179485321045,11.768555873398139,11.560430929776413,11.730714892539629,7500
2023-03-06,11.787476539611816,11.825317519586488,11.721255050206173,11.730714618549746,7700
2023-03-07,11.683414459228516,11.721255440463096,11.645573477993937,11.645573477993937,2500
2023-03-08,11.7212553024292,11.740175341723601,11.6455733408513,11.6455733408513,5800
2023-03-09,11.37122631072998,11.683414636193932,11.295543444914316,11.683414636193932,16700
2023-03-10,11.030656814575195,11.276623652828892,10.879292884019135,11.276623652828892,39100
2023-03-13,10.075170516967773,10.926593949373602,9.753522627072408,10.926593949373602,21600
2023-03-14,10.283296585083008,10.538723890926923,10.283296585083008,10.31167709611005,7800
2023-03-15,10.21707534790039,10.595485178407731,10.169773893536924,10.21707534790039,28700
2023-03-16,10.491422653198242,10.604945601837874,10.198154359229044,10.198154359229044,9800
2023-03-17,10.169774055480957,10.519803379824182,10.169774055480957,10.406280428864235,21800
2023-03-20,10.311676979064941,10.73738915063932,10.217074975981879,10.377899373643272,1800
2023-03-21,10.481962203979492,11.323925202578279,10.47250173268957,10.822531050614856,5900
2023-03-22,10.425200462341309,10.595484422826281,10.406279521065125,10.481961481769588,9500
2023-03-23,10.340058326721191,11.286083764783145,10.1981539696918,11.286083764783145,9300
2023-03-24,10.235994338989258,10.491421625046899,10.235994338989258,10.235994338989258,6000
2023-03-27,10.273836135864258,10.377899513518432,10.245455624776838,10.321137589143412,2900
2023-03-28,10.273836135864258,10.690087842080594,10.273836135864258,10.358978571326698,6600
2023-03-29,10.283296585083008,10.32113756718579,10.273836114007267,10.32113756718579,10800
2023-03-30,10.084630966186523,10.283296343101274,10.084630966186523,10.283296343101274,12800
2023-03-31,10.03732967376709,10.444120904919819,10.02787010496367,10.094091597588468,18700
2023-04-03,10.046791076660156,10.169774504513654,9.980569577892986,10.075171590103192,3700
2023-04-04,9.990028381347656,10.217074255373713,9.93326646174109,10.075169907457349,18100
2023-04-05,10.008949279785156,10.07517077318292,9.961647826415247,10.07517077318292,4200
2023-04-06,10.075170516967773,10.075170516967773,9.952188004413753,10.008949025254045,8200
2023-04-10,9.990028381347656,10.075169907457349,9.980567911046544,10.075169907457349,2800
2023-04-11,9.990028381347656,10.141392297365028,9.990028381347656,10.027869360352,1500
2023-04-12,10.113011360168457,10.113011360168457,9.971107907805253,9.971107907805253,2600
2023-04-13,10.122471809387207,10.141392750835477,10.046789847994416,10.094091299414947,3500
2023-04-14,10.122471809387207,10.425200557158513,10.122471809387207,10.122471809387207,4500
2023-04-17,10.131933212280273,10.595485494009381,10.131933212280273,10.595485494009381,5800
2023-04-18,10.02786922454834,10.387358069121122,10.02786922454834,10.387358069121122,6700
2023-04-19,10.05625057220459,10.500882783245101,10.05625057220459,10.500882783245101,20700
2023-04-20,10.02786922454834,10.14139216002397,9.952187267564586,10.075169771013115,15100
2023-04-21,9.914345741271973,10.103551542694822,9.876504761427428,10.103551542694822,5200
2023-04-24,9.904886245727539,9.904886245727539,9.904886245727539,9.904886245727539,1500
2023-04-25,9.781903266906738,10.131932574053282,9.781903266906738,10.131932574053282,2300
2023-04-26,9.318349838256836,9.60215671479253,9.034542059521083,9.535935230560876,23600
2023-04-27,9.43187427520752,9.46025478695232,9.223748417278513,9.223748417278513,8000
2023-04-28,9.53593635559082,9.734601733923968,9.034543125397697,9.034543125397697,4100
2023-05-01,9.53593635559082,9.885965659853955,9.479175334467158,9.838664207450794,5700
2023-05-02,9.271050453186035,9.479176324169874,8.996703083243807,9.460255380353043,5800
2023-05-03,9.129145622253418,9.602158367493494,9.129145622253418,9.592698798260855,3400
2023-05-04,8.28718376159668,8.883179946732081,7.946613997404884,8.883179946732081,24100
2023-05-05,8.28718376159668,8.38178577216088,8.230421833497967,8.268262818163695,11500
2023-05-08,7.956073760986328,8.287183023991057,7.956073760986328,8.287183023991057,8100
2023-05-09,7.587124347686768,8.04121611899762,7.568203406115407,8.022295177426258,28600
2023-05-10,7.558743476867676,7.700647842219014,7.4073795422530875,7.568203948331141,12400
2023-05-11,7.426299095153809,8.088517127566918,7.388458116284494,7.757407885810339,6300
2023-05-12,7.4925217628479,7.587124670327369,7.378998815192652,7.464140800384041,9100
2023-05-15,7.511442184448242,7.804710022054019,7.464140731147272,7.464140731147272,3700
2023-05-16,7.341157913208008,7.483061373784371,7.312776950432676,7.483061373784371,13000
2023-05-17,7.331697463989258,7.804710203601468,7.199254023205867,7.804710203601468,20800
2023-05-18,7.587124347686768,7.66280630957191,7.435759972816408,7.435759972816408,6400
2023-05-19,7.729028224945068,7.918233140044051,7.643885787600476,7.757408736659865,15500
2023-05-22,7.710107326507568,7.785789292980756,7.6155053195161875,7.710107326507568,9900
2023-05-23,7.757408618927002,7.9087725487089635,7.719567636481512,7.757408618927002,9800
2023-05-24,8.069596290588379,8.107437269943302,7.568203088585614,7.757407985360231,85400
2023-05-25,8.031755447387695,8.15473885792604,8.031755447387695,8.079056897933231,5500
2023-05-26,8.097978591918945,8.097978591918945,8.088518120490251,8.088518120490251,400
2023-05-30,8.135819435119629,8.258801952770797,8.135819435119629,8.258801952770797,2200
2023-05-31,8.050677299499512,8.202041236613448,8.050677299499512,8.097978755397675,10300
2023-06-01,8.069596290588379,8.296643068918033,8.050676252010975,8.050676252010975,3700
2023-06-02,8.23042106628418,8.410166403341279,8.135819064538477,8.287182989091725,10500
2023-06-05,8.277722358703613,8.457466790095975,8.145278476172306,8.33448428041707,5800
2023-06-06,8.202040672302246,8.466927544027069,8.202040672302246,8.230421183008435,5800
2023-06-07,8.296643257141113,8.362864746964545,8.296643257141113,8.306102825544365,5300
2023-06-08,8.315563201904297,8.372325122681172,8.306102731408131,8.372325122681172,3000
2023-06-09,8.325024604797363,8.485849012443921,8.325024604797363,8.485849012443921,19400
2023-06-12,8.334484100341797,8.504768057402728,8.325023629893934,8.41016605952446,3500
2023-06-13,8.39124584197998,8.693973704806705,8.343944387863255,8.343944387863255,2800
2023-06-14,8.202040672302246,8.60883190195835,8.202040672302246,8.60883190195835,2000
2023-06-15,8.28718376159668,8.46692821320883,8.268262818163695,8.268262818163695,3000
2023-06-16,8.41016674041748,8.608832124906089,8.277722850025011,8.277722850025011,18800
2023-06-20,8.419626235961914,8.69397358336651,8.419626235961914,8.448007649355626,6100
2023-06-21,8.419626235961914,8.656132601041746,8.419626235961914,8.419626235961914,7100
2023-06-22,8.41016674041748,8.580450711264723,8.315563832679976,8.391245797989903,17500
2023-06-23,8.277722358703613,8.419625809687048,8.25880141739908,8.41016624123492,28700
2023-06-26,8.41016674041748,8.41016674041748,8.306103361466187,8.372325757762518,2100
2023-06-27,8.372325897216797,8.410166880502063,8.306103499817429,8.391245937759326,10600
2023-06-28,8.277722358703613,8.419625809687048,8.277722358703613,8.419625809687048,12100
2023-06-29,8.28718376159668,8.570991597689762,8.28718376159668,8.570991597689762,1500
2023-06-30,8.372325897216797,8.457467432958488,8.2871834592749,8.448007863787327,9600
2023-07-03,8.580450057983398,8.646672449237819,8.34394370884648,8.438546609381296,4000
2023-07-05,8.589910507202148,8.599370977672224,8.400705608801244,8.552069527521967,7100
2023-07-06,8.665593147277832,8.72235507235703,8.38178532628223,8.72235507235703,5800
2023-07-07,8.504768371582031,8.949400574855664,8.504768371582031,8.552069823368614,1600
2023-07-10,8.466927528381348,8.561530433494056,8.466927528381348,8.504768509986397,5900
2023-07-11,8.504768371582031,8.561530294165962,8.438546880400908,8.466927390592796,5400
2023-07-12,8.835878372192383,8.835878372192383,8.561531011484492,8.561531011484492,7600
2023-07-13,8.873719215393066,8.968321223189452,8.68451429760008,8.968321223189452,4900
2023-07-14,8.656131744384766,8.779115150319207,8.646672176389883,8.779115150319207,2700
2023-07-17,8.7034330368042,8.769655424779284,8.675052528929207,8.722353976854246,2500
2023-07-18,9.034543991088867,9.129146002759803,8.769657095329894,8.987242534153273,6300
2023-07-19,9.43187427520752,9.46025478695232,9.299430383398114,9.441333844322319,15800
2023-07-20,9.488635063171387,9.573777498492595,9.318351094729149,9.573777498492595,9700
2023-07-21,9.327810287475586,9.422413190062212,9.318350718977038,9.346731228872969,4400
2023-07-24,9.450794219970703,9.450794219970703,9.32781080072121,9.32781080072121,4300
2023-07-25,9.55485725402832,9.56431682270585,9.318350895287027,9.318350895287027,6900
2023-07-26,9.781903266906738,9.980568646876417,9.592698357935657,9.980568646876417,3900
2023-07-27,9.857585906982422,9.857585906982422,9.649460041731288,9.649460041731288,4800
2023-07-28,9.573777198791504,9.810283555191097,9.573777198791504,9.74406206410326,4800
2023-07-31,9.715681076049805,9.914345539541275,9.630538647581972,9.885965030785366,9700
2023-08-01,9.677840232849121,9.725141687316068,9.649459721049034,9.649459721049034,16100
2023-08-02,9.621078491210938,9.933266804313346,9.621078491210938,9.933266804313346,6300
2023-08-03,9.630538940429688,9.961647291850666,9.62107846982334,9.62107846982334,4200
2023-08-04,9.734601974487305,9.980568811301996,9.64945953849759,9.677840049760766,2900
2023-08-07,9.734601974487305,9.772442956904936,9.734601974487305,9.734601974487305,2200
2023-08-08,9.696761131286621,9.78190356849873,9.696761131286621,9.696761131286621,4800
2023-08-09,9.649459838867188,9.649459838867188,9.460254920889442,9.460254920889442,1900
2023-08-10,9.55485725402832,9.649459256204741,9.55485725402832,9.649459256204741,2100
2023-08-11,9.58323860168457,9.677840612125735,9.573778129980383,9.573778129980383,1600
2023-08-14,9.611618995666504,9.63999950822766,9.564317539931093,9.63999950822766,3600
2023-08-15,9.602157592773438,9.819743907172713,9.318350690287634,9.318350690287634,3300
2023-08-16,9.564316749572754,9.564316749572754,9.479175218925054,9.479175218925054,15600
2023-08-17,9.677840232849121,9.74406262998293,9.554857714315341,9.74406262998293,1100
2023-08-18,9.602157592773438,9.602157592773438,9.602157592773438,9.602157592773438,900
2023-08-21,9.611618995666504,9.611618995666504,9.545397498957064,9.545397498957064,1900
2023-08-22,9.611618995666504,9.658920451401917,9.602158524079377,9.63999950822766,7200
2023-08-23,9.753521919250488,9.885964893066438,9.611617573047564,9.611617573047564,3100
2023-08-24,9.715681076049805,9.744061584805713,9.715681076049805,9.744061584805713,1100
2023-08-25,9.696761131286621,9.696761131286621,9.649459677035427,9.668380619615984,8000
2023-08-28,9.762982368469238,9.762982368469238,9.706221346624748,9.7440623285878,14700
2023-08-29,9.923807144165039,9.923807144165039,9.762982739165588,9.762982739165588,2500
2023-08-30,9.800823211669922,9.93326709776552,9.800823211669922,9.800823211669922,3300
2023-08-31,9.810283660888672,9.914346134033625,9.69676071685777,9.69676071685777,2400
2023-09-01,9.885966300964355,9.895426772498539,9.857585788562032,9.857585788562032,2400
2023-09-05,9.895425796508789,9.895425796508789,9.895425796508789,9.895425796508789,3500
2023-09-06,9.848124504089355,9.848124504089355,9.848124504089355,9.848124504089355,1700
2023-09-07,9.753521919250488,9.753521919250488,9.753521919250488,9.753521919250488,1800
2023-09-08,9.753521919250488,9.762981487237274,9.753521919250488,9.762981487237274,2600
2023-09-11,9.744062423706055,9.753522894839213,9.725141481439742,9.753522894839213,4800
2023-09-12,9.573777198791504,9.668380102231401,9.564316728007483,9.564316728007483,8400
2023-09-13,9.507555961608887,9.611618436411707,9.507555961608887,9.611618436411707,4900
2023-09-14,9.592697143554688,9.696759604765022,9.479174212543397,9.479174212543397,9100
2023-09-15,9.677840232849121,9.677840232849121,9.583238226115428,9.583238226115428,23800
2023-09-18,9.621078491210938,9.639998530265558,9.60215754995618,9.621078491210938,4100
2023-09-19,9.412952423095703,9.554856772509275,9.412952423095703,9.51701579310568,16700
2023-09-20,9.36565113067627,9.545396462513969,9.36565113067627,9.507555482474473,10400
2023-09-21,9.204826354980469,9.31835019255112,9.204826354980469,9.31835019255112,8100
2023-09-22,9.233208656311035,9.233208656311035,9.233208656311035,9.233208656311035,400
2023-09-25,9.053462982177734,9.30889027867561,9.034542942918714,9.138605414343694,8000
2023-09-26,8.930479049682617,9.03454241725292,8.930479049682617,9.006161908915606,24700
2023-09-27,8.854798316955566,9.252129097415132,8.854798316955566,9.252129097415132,3300
2023-09-28,8.883179664611816,9.138606077443354,8.883179664611816,9.138606077443354,600
2023-09-29,9.081844329833984,9.081844329833984,8.939939976498994,8.958860917823715,1600
2023-10-02,8.97778034210205,8.97778034210205,8.826416430671047,8.826416430671047,1000
2023-10-03,8.665593147277832,9.025082933578902,8.665593147277832,8.968321008499705,5600
2023-10-04,8.665593147277832,8.779116095236034,8.608832124398827,8.779116095236034,12200
2023-10-05,8.779115676879883,8.826417128491766,8.627751753481977,8.656132263569047,27400
2023-10-06,8.779115676879883,8.779115676879883,8.779115676879883,8.779115676879883,0
2023-10-09,8.798036575317383,8.798036575317383,8.675053162608844,8.675053162608844,900
2023-10-10,8.684514045715332,8.84533844672489,8.684514045715332,8.835877975559578,1600
2023-10-11,8.646673202514648,8.750735680408514,8.627752259879289,8.750735680408514,7100
2023-10-12,8.73181438446045,8.73181438446045,8.627751910777231,8.637212381712114,1500
2023-10-13,8.665593147277832,8.788576566449265,8.665593147277832,8.788576566449265,800
2023-10-16,8.627752304077148,8.807497651233039,8.627752304077148,8.637212775443292,5000
2023-10-17,8.533149719238281,8.84533803558113,8.533149719238281,8.82641709412998,20600
2023-10-18,8.533149719238281,8.703433681297925,8.533149719238281,8.646672661344759,1500
2023-10-19,8.599371910095215,8.599371910095215,8.599371910095215,8.599371910095215,500
2023-10-20,8.656131744384766,8.798036090709164,8.53314924065042,8.53314924065042,3600
2023-10-23,8.552069664001465,8.76965597728498,8.514228683717393,8.523689154338445,3900
2023-10-24,8.012836456298828,8.514229732366568,8.012836456298828,8.514229732366568,2700
2023-10-25,8.419626235961914,8.51422914287392,8.079057395039023,8.343944271312383,7000
2023-10-26,8.381784439086914,8.665592230042021,8.381784439086914,8.665592230042021,500
2023-10-27,8.39124584197998,8.646673152890177,8.35340485912664,8.35340485912664,1700
2023-10-30,8.34394359588623,8.760195269964067,8.334484027720912,8.353404066251661,6700
2023-10-31,8.34394359588623,8.419625554409453,8.135818661047425,8.34394359588623,74400
2023-11-01,8.675053596496582,8.675053596496582,8.675053596496582,8.675053596496582,300
2023-11-02,8.675053596496582,8.816957055534509,8.589911160193749,8.816957055534509,1100
2023-11-03,8.807497024536133,8.845338005107925,8.71289412200658,8.845338005107925,8100
2023-11-06,8.552069664001465,8.552069664001465,8.552069664001465,8.552069664001465,800
2023-11-07,8.589910507202148,8.798036346543203,8.514228547841787,8.703433446242691,61700
2023-11-08,8.958861351013184,9.233208698086228,8.656132590580725,8.741275026258599,6500
2023-11-09,9.148066520690918,9.26158947073318,8.968321173140515,9.044004042035564,6600
2023-11-10,9.829204559326172,10.075170485875311,9.214287487452934,9.214287487452934,18800
2023-11-13,10.06571102142334,10.5765647236982,9.9332671348335,10.5765647236982,8300
2023-11-14,10.604945182800293,10.746848637442694,10.18869438756913,10.18869438756913,26500
2023-11-15,10.51034164428711,10.699547441998215,10.264375731222865,10.699547441998215,5200
2023-11-16,10.481962203979492,10.614406095437788,10.415740709350445,10.415740709350445,2600
2023-11-17,10.406280517578125,11.541510939055694,10.368439533602213,10.510342997961825,5100
2023-11-20,10.406280517578125,10.98335574876083,9.980569222299064,10.264377053218512,13900
2023-11-21,10.21707534790039,10.500883171880997,10.169773893536924,10.169773893536924,6100
2023-11-22,10.273836135864258,10.576564895530733,9.933267296214677,10.349518100230831,2100
2023-11-24,10.15085220336914,10.387358555569168,9.933266792401179,10.046789733193176,14200
2023-11-27,10.06571102142334,10.217074947697347,9.942727605775667,9.942727605775667,6200
2023-11-28,10.169774055480957,10.396819957400853,10.169774055480957,10.396819957400853,14100
2023-11-29,10.169774055480957,10.472501924707483,10.103552559637707,10.103552559637707,5300
2023-11-30,10.046791076660156,10.292757932367152,10.046791076660156,10.169774504513654,5900
2023-12-01,9.867044448852539,10.169772264774362,9.725140108489141,9.848123509257396,34700
2023-12-04,9.772443771362305,10.150853627076133,9.611619357133863,9.611619357133863,4800
2023-12-05,9.971108436584473,10.150852879256593,9.923806982554906,10.150852879256593,1700
2023-12-06,10.05625057220459,10.245455480455817,9.848124722028155,9.848124722028155,4200
2023-12-07,10.160313606262207,10.169774077746302,9.92380723236113,9.92380723236113,3500
2023-12-08,10.311676979064941,10.463041807958147,9.99948865471051,9.99948865471051,9800
2023-12-11,10.491422653198242,10.491422653198242,10.283296796258817,10.444121199048345,3600
2023-12-12,10.21707534790039,10.661707575396667,10.21707534790039,10.45358171751753,4400
2023-12-13,10.340058326721191,10.633325707288305,10.075170554479728,10.169773459165988,51200
2023-12-14,10.51034164428711,10.652245992570439,9.933266487428538,10.415739647631664,51900
2023-12-15,10.67116641998291,10.690087361323728,10.491421988245849,10.491421988245849,13900
2023-12-18,10.765769958496094,10.765769958496094,10.406280171577572,10.453581625524782,16800
2023-12-19,10.822530746459961,10.973895576244164,10.81307117763609,10.860371728355968,22000
2023-12-20,10.879292488098145,10.96443492148746,10.60494514839933,10.96443492148746,5900
2023-12-21,10.879292488098145,10.879292488098145,10.879292488098145,10.879292488098145,400
2023-12-22,10.784688949584961,11.011735726003673,10.557643075366355,10.557643075366355,8300
2023-12-26,10.879292488098145,10.898213429829175,10.481961733748113,10.614405619264843,18000
2023-12-27,10.926593780517578,10.964434761226377,10.652246444828744,10.794149896936707,13600
2023-12-28,11.059036254882812,11.059036254882812,10.879291830306661,10.973894728841543,3400
2023-12-29,11.077958106994629,11.106338618010279,10.936054649716203,11.106338618010279,2600
2024-01-02,10.926593780517578,11.144179194043138,10.917133309790342,11.002275741935177,21400
2024-01-03,10.917134284973145,10.973896212206727,10.671167437294665,10.671167437294665,6100
2024-01-04,10.898213386535645,11.02119589849815,10.75630903071712,10.83199099294027,13600
2024-01-05,10.898213386535645,11.068497350437656,10.784689541000763,10.973895348758795,11700
2024-01-08,10.898213386535645,10.917133425991354,10.75630903071712,10.898213386535645,3100
2024-01-09,10.879292488098145,10.94551397975643,10.79415005470883,10.79415005470883,9500
2024-01-10,10.907672882080078,10.983354843796148,10.869831901222044,10.87929237198659,9400
2024-01-11,10.831991195678711,11.002276064968038,10.79415021385888,10.813071155868881,5700
2024-01-12,10.803610801696777,11.049577637285713,10.78468985948216,10.84145178392583,8400
2024-01-16,10.926593780517578,10.964434761226377,10.718467935519108,10.784689426209471,9300
2024-01-17,10.926593780517578,10.992815271207942,10.917133309790342,10.917133309790342,2400
2024-01-18,10.945513725280762,10.954974195926328,10.945513725280762,10.954974195926328,1400
2024-01-19,10.869832992553711,11.049578346325927,10.79415102323917,11.049578346325927,9900
2024-01-22,11.106338500976562,11.305003880393016,10.888753081815773,10.888753081815773,5500
2024-01-23,11.002275466918945,11.475288165055442,11.002275466918945,11.475288165055442,6000
2024-01-24,11.248242378234863,11.323924338378065,11.02119559560513,11.02119559560513,4100
2024-01-25,11.238781929016113,11.238781929016113,11.11579851799976,11.11579851799976,4600
2024-01-26,11.513129234313965,11.513129234313965,11.210401393857437,11.276622883407269,4100
2024-01-29,11.645573616027832,11.82531805347254,11.645573616027832,11.806397111530902,10900
2024-01-30,11.768555641174316,11.825317562442097,11.550970231081445,11.550970231081445,16100
2024-01-31,11.484749794006348,11.929381125520276,11.484749794006348,11.796938134090686,11600
2024-02-01,11.626653671264648,11.79693855454346,11.427988274839448,11.541511229625241,29400
2024-02-02,11.730714797973633,11.730714797973633,11.484748875476228,11.683414248931916,3900
2024-02-05,11.683414459228516,11.71179496960441,11.560431044666093,11.71179496960441,7000
2024-02-06,11.617192268371582,11.692874232162914,11.607732699547796,11.664493721291208,4400
2024-02-07,11.333383560180664,11.664492802332228,11.276622542909033,11.550969865588861,39000
2024-02-08,11.25562572479248,11.420863828812989,11.012628622051778,11.420863828812989,4600
2024-02-09,11.29450511932373,11.556942432788887,11.265345726814394,11.556942432788887,3300
2024-02-12,11.207025527954102,11.663860316568599,11.119546427266183,11.508342327328004,38800
2024-02-13,10.866829872131348,11.20702523289849,10.866829872131348,11.080666638227159,8400
2024-02-14,11.002908706665039,11.236186633839587,10.827951419984627,11.236186633839587,5500
2024-02-15,11.304224967956543,11.50834256478659,11.168146261083061,11.372263857913108,7600
2024-02-16,11.37226390838623,11.450022904956091,11.304225018127692,11.352824622723944,14600
2024-02-20,11.67358112335205,11.819379015276656,11.450023305179213,11.518063124776367,32600
2024-02-21,11.683300971984863,11.8193787542532,11.479183371621987,11.741619756682615,9200
2024-02-22,11.61526107788086,11.780499178377136,11.605540971508052,11.71246028768821,4900
2024-02-23,11.731900215148926,11.819379323368132,11.673581427643065,11.809659216463682,11700
2024-02-26,11.702740669250488,11.809659062928146,11.683301382654733,11.79993988311047,9900
2024-02-27,11.624980926513672,11.81937841485798,11.624980926513672,11.663860424182534,6100
2024-02-28,11.29450511932373,11.663860823296705,11.226466227815154,11.615261217807559,6100
2024-02-29,11.33338451385498,11.663860715782477,11.207025911532094,11.323664407454674,9600
2024-03-01,11.226466178894043,11.56666156191485,11.002908365402316,11.23618628534159,18100
2024-03-04,11.52778148651123,11.615260586243055,11.216745511429476,11.216745511429476,37200
2024-03-05,11.605541229248047,11.65414083523104,11.26534584128787,11.644420728642364,17600
2024-03-06,11.64441967010498,12.042935661370066,11.488901686665095,11.663859881515117,73600
2024-03-07,11.722180366516113,11.85825814757421,11.644420442676736,11.66386065537667,25500
2024-03-08,11.877697944641113,11.926297547729956,11.72217995632508,11.838818447562105,49800
2024-03-11,12.120695114135742,12.256772891341607,11.955457018705479,12.198454108813475,56500
2024-03-12,11.858258247375488,12.140134845174336,11.858258247375488,12.140134845174336,21600
2024-03-13,12.256772994995117,12.256772994995117,11.683300636137167,11.799939129140157,165300
2024-03-14,11.984617233276367,12.256773733344755,11.799939839970062,12.179014733325216,185600
2024-03-15,11.90685749053955,12.120695190734871,11.673580505032115,11.955457094260353,264600
2024-03-18,11.858258247375488,11.926298065437534,11.391704262174791,11.693020145876817,221100
2024-03-19,11.858258247375488,11.955457457772486,11.809658642176991,11.858258247375488,161200
2024-03-20,11.858258247375488,11.926298065437534,11.751339857507087,11.858258247375488,24400
2024-03-21,11.95545768737793,12.004057293509787,11.906858081246073,11.906858081246073,44500
2024-03-22,11.848538398742676,11.955457717897783,11.741620006547958,11.916578218285123,30900
2024-03-25,11.858258247375488,11.945737351340712,11.73189964464354,11.838818961472311,30300
2024-03-26,11.61526107788086,11.936017172500605,11.61526107788086,11.936017172500605,16800
2024-03-27,11.80965805053711,11.897137150119807,11.62498067238722,11.62498067238722,27600
2024-03-28,11.80965805053711,11.877697865190498,11.75133926878886,11.867977759245681,6100
2024-04-01,11.848538398742676,11.848538398742676,11.7027405069353,11.799939719447144,9500
2024-04-02,11.61526107788086,11.906857780342545,11.547222187191933,11.702740181315402,6500
2024-04-03,11.391704559326172,11.586102058230633,11.391704559326172,11.450023345517314,9500
2024-04-04,11.469463348388672,11.537502240016416,11.401423529800551,11.537502240016416,2000
2024-04-05,11.401423454284668,11.527782057156685,11.2847849578552,11.518062877674506,6700
2024-04-08,11.41114330291748,11.518062617449164,11.275065523637664,11.518062617449164,11700
2024-04-09,11.275065422058105,11.42086330624734,11.275065422058105,11.42086330624734,2700
2024-04-10,10.769631385803223,11.138987088625544,10.691872388046983,11.138987088625544,6800
2024-04-11,10.75991153717041,10.847390643482429,10.69187264424346,10.779351750555477,14300
2024-04-12,10.546073913574219,10.740471397173676,10.546073913574219,10.740471397173676,5400
2024-04-15,10.682151794433594,10.730751397554979,10.45859491781969,10.45859491781969,17400
2024-04-16,10.487754821777344,10.63355271131093,10.44887532277103,10.44887532277103,2200
2024-04-17,10.555793762207031,10.555793762207031,10.44887537118437,10.468315584257788,17600
2024-04-18,10.380836486816406,10.54607459021782,10.235037669542017,10.54607459021782,6700
2024-04-19,10.662713050842285,10.662713050842285,10.293357346107362,10.293357346107362,6800
2024-04-22,10.235036849975586,10.614112632182202,10.235036849975586,10.429434330481426,8400
2024-04-23,10.507195472717285,10.526634759550515,10.108679432591313,10.351676543249377,4800
2024-04-24,10.448875427246094,10.58495413860899,10.098959932690567,10.273917216488138,3300
2024-04-25,10.186437606811523,10.186437606811523,10.069799114400743,10.069799114400743,1700
2024-04-26,10.069799423217773,10.46831544320991,10.030919924555171,10.46831544320991,4300
2024-04-29,10.098959922790527,10.108679102409475,9.855962820069527,9.855962820069527,3000
2024-04-30,10.691872596740723,10.691872596740723,10.157278781511609,10.157278781511609,3500
2024-05-01,10.507195472717285,10.691872868954832,10.341957363312968,10.691872868954832,4600
2024-05-02,10.691872596740723,10.691872596740723,10.682152490091374,10.682152490091374,1100
2024-05-03,10.575233459472656,10.769630945923188,10.575233459472656,10.584953565535265,10700
2024-05-06,10.643272399902344,10.87654938478078,10.575233511052884,10.633552293792324,7200
2024-05-07,10.954309463500977,11.216745843505658,10.380836172245846,10.604393054214265,5500
2024-05-08,11.187586784362793,11.216746177016908,10.954309789209118,10.954309789209118,3100
2024-05-09,11.275065422058105,11.275065422058105,10.973748620583923,11.216745712206206,3700
2024-05-10,10.983469009399414,11.411143493799086,10.905710012235838,11.27506571224301,4800
2024-05-13,10.75991153717041,11.197307068730503,10.75991153717041,10.993189462989259,28600
2024-05-14,10.75991153717041,11.333384854584404,10.34195714595578,10.34195714595578,5700
2024-05-15,11.381983757019043,11.420863254423773,11.070947777781193,11.148706772590655,2300
2024-05-16,11.177865982055664,11.275065187466364,11.070947597672152,11.129266379350314,3100
2024-05-17,11.090387344360352,11.352824653720429,11.090387344360352,11.245905337924682,1700
2024-05-20,11.090387344360352,11.323664334706848,11.08066723802249,11.323664334706848,1300
2024-05-21,11.090387344360352,11.236186158547183,11.022348453916047,11.022348453916047,1600
2024-05-22,10.83767032623291,11.08066742706289,10.83767032623291,11.08066742706289,4100
2024-05-23,11.070948600769043,11.070948600769043,10.837670672038994,10.876550172333936,5300
2024-05-24,10.983469009399414,10.983469009399414,10.934869404432087,10.934869404432087,1300
2024-05-28,11.032068252563477,11.032068252563477,10.866830157269867,10.866830157269867,1900
2024-05-29,11.25562572479248,11.25562572479248,11.041788014831756,11.041788014831756,26700
2024-05-30,11.002908706665039,11.275066133875278,10.886270206557965,11.245905813628209,7400
2024-05-31,11.313944816589355,11.518062408771339,11.313944816589355,11.518062408771339,2700
2024-06-03,10.934869766235352,11.177866872151693,10.934869766235352,11.177866872151693,1900
2024-06-04,10.60439395904541,10.925150076953516,10.60439395904541,10.895990682678352,2000
2024-06-05,10.75991153717041,10.97374924960419,10.507195251887282,10.789071857248013,41400
2024-06-06,10.857110977172852,10.857110977172852,10.847390870277092,10.847390870277092,1400
2024-06-07,10.944589614868164,10.944589614868164,10.915429295434322,10.915429295434322,1000
2024-06-10,10.886270523071289,10.973749632435108,10.584954620774159,10.584954620774159,32200
2024-06-11,10.60439395904541,10.964029578307214,10.448875953630624,10.721032463106502,12100
2024-06-12,10.691872596740723,11.061228306772467,10.691872596740723,11.061228306772467,900
2024-06-13,10.886270523071289,10.934870131269014,10.886270523071289,10.934870131269014,500
2024-06-14,11.37226390838623,11.37226390838623,11.041787709484144,11.041787709484144,5200
2024-06-17,10.983469009399414,11.26534560585747,10.925149298046549,11.26534560585747,2100
2024-06-18,11.002908706665039,11.265346027126254,10.90571042005601,10.90571042005601,2700
2024-06-20,11.051507949829102,11.255625550040632,10.614113357078788,10.614113357078788,3500
2024-06-21,11.129266738891602,11.177866343167006,10.866830358940977,10.866830358940977,12200
2024-06-24,11.022348403930664,11.080667187772638,11.022348403930664,11.080667187772638,1300
2024-06-25,11.080666542053223,11.37226322515153,11.080666542053223,11.24590463157692,1500
2024-06-26,11.226466178894043,11.226466178894043,10.886269868912866,10.983469079467593,3000
2024-06-27,11.177865982055664,11.343104075077662,10.847389796011672,11.032068100899936,4200
2024-06-28,11.245904922485352,11.265345134442924,10.798790244024758,11.255625028464138,9000
2024-07-01,11.080666542053223,11.24590463157692,11.080666542053223,11.138986249457005,1000
2024-07-02,10.934869766235352,11.080667659000998,10.905710373074301,10.905710373074301,4500
2024-07-03,10.983469009399414,10.983469009399414,10.837670194497434,10.837670194497434,1000
2024-07-05,10.973749160766602,10.983469267380448,10.944589767885452,10.983469267380448,4500
2024-07-08,10.83767032623291,10.973749036403435,10.83767032623291,10.973749036403435,1200
2024-07-09,10.769631385803223,10.96402888019382,10.750192099844348,10.750192099844348,4800
2024-07-10,10.83767032623291,10.964028929899744,10.740472042077144,10.759911328124147,7500
2024-07-11,11.032068252563477,11.100107141110138,10.964028437056479,10.964028437056479,6500
2024-07-12,11.37226390838623,11.37226390838623,10.983468925536927,10.983468925536927,4300
2024-07-15,11.566661834716797,11.663861047563987,11.294505336489214,11.352825049589606,9300
2024-07-16,11.79994010925293,11.945738005876676,11.537502782977683,11.547222889942043,13500
2024-07-17,12.140134811401367,12.140134811401367,11.391704230483901,11.401423409928269,6600
2024-07-18,11.848538398742676,11.955457717897783,11.848538398742676,11.916578218285123,1600
2024-07-19,11.974896430969238,12.081815745005972,11.8874173292884,11.8874173292884,1700
2024-07-22,11.984617233276367,12.052656126553366,11.673581233198211,12.033216840028679,24200
2024-07-23,12.091534614562988,12.110974826421026,11.731899037832195,11.731899037832195,11200
2024-07-24,12.091534614562988,12.091534614562988,11.916577342642261,12.052655117807236,2100
2024-07-25,12.703887939453125,12.966325249255744,12.081815964146816,12.081815964146816,12300
2024-07-26,12.72332763671875,12.733047742679224,12.703887424797802,12.703887424797802,4700
2024-07-29,12.538649559020996,12.73304797391958,12.451171384669042,12.723327867782583,4200
2024-07-30,12.558089256286621,12.73304745173616,12.44145076830703,12.73304745173616,29500
2024-07-31,12.577529907226562,12.703888514672133,12.373412299346853,12.635849621032365,6700
2024-08-01,12.470610618591309,12.470610618591309,12.198454136599324,12.344252020212089,3400
2024-08-02,12.101255416870117,12.276213625819299,11.654140714969163,11.916578028392937,2800
2024-08-05,11.897137641906738,11.897137641906738,11.411143448100479,11.751339754549004,2300
2024-08-06,11.90685749053955,12.460890562859797,11.90685749053955,12.23733368348859,47700
2024-08-07,11.897137641906738,12.081815954650919,11.770779040281868,12.081815954650919,4500
2024-08-08,12.392851829528809,12.392851829528809,12.392851829528809,12.392851829528809,300
2024-08-09,12.169295310974121,12.169295310974121,11.858258390135422,12.042936706720958,7800
2024-08-12,11.8679780960083,12.422011173139387,11.663860500176794,12.188734185606336,9800
2024-08-13,11.722180366516113,12.08181595882165,11.469463163179132,11.469463163179132,1700
2024-08-14,12.227614402770996,12.227614402770996,12.033216901725432,12.120696008936036,3800
2024-08-15,12.431731224060059,12.44145133023745,12.081815744317005,12.19845423756469,2600
2024-08-16,12.538649559020996,12.587249162745643,12.276213182044451,12.52893037984434,99000
2024-08-19,12.810807228088379,12.859405905835194,12.49005113476553,12.567810131512866,57400
2024-08-20,12.587248802185059,12.956604482167734,12.587248802185059,12.762206999797987,7900
2024-08-21,12.635848999023438,12.810807204867999,12.567810108732933,12.567810108732933,3100
2024-08-22,12.869126319885254,12.908005819188578,12.655289537197163,12.801087427844532,2300
2024-08-23,13.092683792114258,13.209322286959775,12.849686696112673,12.878846088083964,13700
2024-08-26,12.956604957580566,13.092683663712641,12.888566067994704,13.063523345066972,52800
2024-08-27,13.014925003051758,13.014925003051758,12.976045504150049,12.995484790120717,3100
2024-08-28,12.976045608520508,13.014925107734935,12.87884639700425,13.014925107734935,7100
2024-08-29,12.966324806213379,13.024643588425487,12.917725203063068,12.927445309085197,23100
2024-08-30,13.02464485168457,13.02464485168457,12.927446562917027,12.976046170781009,7300
2024-09-03,13.355120658874512,13.355120658874512,12.898286769209419,12.976045768597537,14200
2024-09-04,13.034363746643066,13.219042053961717,13.034363746643066,13.18988173577856,6000
2024-09-05,12.927446365356445,13.024644652638582,12.878846758235175,12.94688565202871,14300
2024-09-06,12.966324806213379,13.00520430334156,12.830246102784574,13.00520430334156,5000
2024-09-09,12.830246925354004,12.976045744152353,12.830246925354004,12.937166244531538,2800
2024-09-10,12.878846168518066,13.063523554770105,12.839966669993409,13.063523554770105,3300
2024-09-11,13.073244094848633,13.073244094848633,12.6844490967037,12.6844490967037,3700
2024-09-12,13.005204200744629,13.044083697566094,12.801086610691852,13.044083697566094,21000
2024-09-13,13.121842384338379,13.121842384338379,13.044083392513938,13.044083392513938,2800
2024-09-16,13.180163383483887,13.296801882652368,13.12184367041945,13.12184367041945,4500
2024-09-17,13.102402687072754,13.29680110122283,13.102402687072754,13.29680110122283,3000
2024-09-18,13.355120658874512,13.491199371283914,13.03436455465843,13.03436455465843,8400
2024-09-19,13.432879447937012,13.452319660959851,13.355120449766407,13.364840556277827,5000
2024-09-20,13.520358085632324,13.520358085632324,13.35511998848694,13.45231919632317,18700
2024-09-23,13.617557525634766,13.705036628786738,13.539798528824205,13.549517708205254,11600
2024-09-24,13.627277374267578,13.753635046474892,13.588396949637215,13.588396949637215,5400
2024-09-25,13.695316314697266,13.695316314697266,13.568957715056781,13.568957715056781,2000
2024-09-26,13.705037117004395,13.705037117004395,13.520358797780203,13.617558010736134,3900
2024-09-27,13.705037117004395,13.743916616794689,13.6661576172141,13.705037117004395,1600
2024-09-30,13.773076057434082,13.773076057434082,13.753635843991642,13.773076057434082,3300
2024-10-01,13.67587661743164,13.76335572255165,13.67587661743164,13.76335572255165,1200
2024-10-02,13.617557525634766,13.74391612719202,13.617557525634766,13.74391612719202,3000
2024-10-03,13.67587661743164,13.705036937111897,13.335681230472074,13.705036937111897,3900
2024-10-04,13.646717071533203,13.773075674514851,13.607837572689647,13.607837572689647,2200
2024-10-07,13.413439750671387,13.568957742245027,13.364840146564537,13.462039354778236,5100
2024-10-08,13.607837677001953,13.743916387477709,13.374560682152412,13.559238071334871,8700
2024-10-09,13.705037117004395,13.734196510107017,13.530078904467874,13.734196510107017,6900
2024-10-10,13.782794952392578,13.782794952392578,13.782794952392578,13.782794952392578,1100
2024-10-11,13.75363540649414,13.782795725730223,13.646717016842938,13.782795725730223,18100
2024-10-14,13.666156768798828,13.666156768798828,13.666156768798828,13.666156768798828,1900
2024-10-15,13.588397979736328,13.792515589717622,13.588397979736328,13.78279640978359,2200
2024-10-16,13.782794952392578,13.782794952392578,13.588396542900979,13.782794952392578,4900
2024-10-17,13.782794952392578,13.80223423716555,13.695315853513423,13.80223423716555,3500
2024-10-18,13.802234649658203,13.821674861972477,13.5786777698061,13.5786777698061,6400
2024-10-21,13.462039947509766,13.802235337315768,13.452319840868352,13.802235337315768,5200
2024-10-22,13.743916511535645,13.79251519068102,13.743916511535645,13.753635691188489,2200
2024-10-23,13.63699722290039,13.850834934062902,13.617557936591284,13.831394720793407,18000
2024-10-24,13.71475601196289,13.802235116414762,13.55923801603084,13.695316725951571,20300
2024-10-25,13.724475860595703,13.782795571454708,13.607837365838048,13.782795571454708,18100
2024-10-28,13.782794952392578,13.831393627805163,13.68559574764678,13.782794952392578,17000
2024-10-29,13.71475601196289,13.831394508911929,13.705036832437418,13.705036832437418,16300
2024-10-30,13.656436920166016,13.753635201959725,13.481478715192845,13.58839710325403,13500
2024-10-31,13.734195709228516,13.734195709228516,13.666156820303133,13.666156820303133,4100
2024-11-01,13.63699722290039,13.802235327849552,13.607837829956535,13.802235327849552,4400
2024-11-04,13.656436920166016,13.656436920166016,13.471758608925366,13.656436920166016,42500
2024-11-05,13.607837677001953,13.734196280952217,13.607837677001953,13.636997069618053,40600
2024-11-06,13.99663257598877,14.181310890912053,13.802235081564552,14.08411168021976,81500
2024-11-07,14.03551197052002,14.08411157550483,13.909154295304022,14.02579279109135,13000
2024-11-08,13.99663257598877,14.181310890912053,13.899434292256847,14.064672394257524,118600
2024-11-11,14.093832015991211,14.463187724886916,14.074391802752306,14.229910727782382,78900
2024-11-12,14.142431259155273,14.385428356642613,14.113271867005695,14.365988143902651,36100
2024-11-13,14.385428428649902,14.521506210669326,14.249349719670109,14.31738861067982,27300
2024-11-14,14.579825401306152,14.579825401306152,14.220189819309173,14.220189819309173,14100
2024-11-15,14.783944129943848,14.783944129943848,14.540947021251123,14.579826521563541,21200
2024-11-18,14.414587020874023,14.929740581983689,14.414587020874023,14.813102092315104,63000
2024-11-19,14.677024841308594,14.92002193519145,14.317388326636861,14.579825632971312,37900
2024-11-20,14.550666809082031,14.861702804762697,14.23962988644098,14.842263518512848,37700
2024-11-21,15.182458877563477,15.240778590120534,14.502067174853178,14.502067174853178,27000
2024-11-22,15.64901351928711,15.736492623089294,15.114419717020711,15.13385900288766,41200
2024-11-25,15.9406099319458,16.03780914603929,15.580975249896937,15.687892716871048,53300
2024-11-26,15.91145133972168,16.086407699002397,15.823972233120925,16.02808891257549,20200
2024-11-27,15.823970794677734,16.14472687174928,15.823970794677734,15.862849364121237,12500
2024-11-29,15.75593090057373,15.969769532727675,15.75593090057373,15.960049426364247,9800
2024-12-02,16.154447555541992,16.17388591399887,15.551813949282202,15.658733263438139,18800
2024-12-03,16.329402923583984,16.465482548126246,16.135006373255948,16.135006373255948,37600
2024-12-04,16.407163619995117,16.504362832223112,16.13500805046166,16.280805941843266,25800
2024-12-05,16.484922409057617,16.543243048004165,16.41688351754073,16.42660362403182,33700
2024-12-06,16.37800407409668,16.552962273786076,16.232206192329066,16.552962273786076,16000
2024-12-09,16.426603317260742,16.51408242012612,16.3294041080858,16.358564427014496,39500
2024-12-10,16.397443771362305,16.54324164855362,16.32940303168047,16.32940303168047,31700
2024-12-11,16.3682861328125,16.562684570158755,16.329405703774892,16.514084033861742,25700
2024-12-12,16.3682861328125,16.50436392660234,16.26136680687997,16.436325029707422,18400
2024-12-13,16.241926193237305,16.416884411765388,16.241926193237305,16.378005837604064,16400
2024-12-16,16.465484619140625,16.465484619140625,16.290526404094894,16.339125084309458,17400
2024-12-17,16.407163619995117,16.43632393983975,16.144728157076536,16.42660383322487,24600
2024-12-18,15.91145133972168,16.504363018556937,15.91145133972168,16.504363018556937,16400
2024-12-19,15.930888175964355,15.940608281759552,15.619852206200559,15.940608281759552,11100
2024-12-20,15.91145133972168,15.940609805974736,15.785091806222459,15.794811912947075,21100
2024-12-23,15.91145133972168,16.047529126024724,15.464335699993288,15.814252126396308,61000
2024-12-24,15.91145133972168,15.99892859240164,15.872570912823214,15.872570912823214,4300
2024-12-26,16.309967041015625,16.368285829570716,15.794812489336522,15.794812489336522,7900
2024-12-27,16.028087615966797,16.232206132829777,15.950328622381052,16.135006927367435,10900
2024-12-30,15.921168327331543,16.0864064206776,15.882289757443402,15.882289757443402,9400
2024-12-31,15.833691596984863,16.271085255546886,15.79481117191053,15.882290274407076,14300
2025-01-02,15.833691596984863,15.833691596984863,15.60041275438027,15.79481117191053,19500
2025-01-03,15.629573822021484,15.746213248912145,15.590695249005128,15.619853715287197,30900
2025-01-06,15.658733367919922,15.833691572644053,15.571254265557856,15.736492364028347,29000
2025-01-07,15.493494033813477,15.70733173233155,15.493494033813477,15.70733173233155,14900
2025-01-08,15.454614639282227,15.600412523310037,15.406015962579849,15.435175353993342,19600
2025-01-10,15.017220497131348,15.522654906791558,14.988061104869526,15.415735590230932,20300
2025-01-13,14.939461708068848,15.065820312245506,14.939461708068848,15.036660919577164,17400
2025-01-14,15.065820693969727,15.201899408137134,14.97834158678785,14.97834158678785,20700
2025-01-15,15.493494033813477,15.551813743213073,15.240777764976118,15.250496944075772,33100
2025-01-16,15.435175895690918,15.580974711795879,15.347696791420017,15.580974711795879,26100
2025-01-17,15.610133171081543,15.678172062393985,15.454615175532894,15.454615175532894,21900
2025-01-21,15.63929271697998,15.785090598855883,15.629572610998832,15.7364919228708,21900
2025-01-22,15.503214836120605,15.610133226701166,15.503214836120605,15.600413120204648,16200
2025-01-23,15.63929271697998,15.63929271697998,15.406015735194403,15.444895232158666,17200
2025-01-24,15.551814079284668,15.785091068003453,15.464334976775035,15.561534185554706,20900
2025-01-27,15.464335441589355,15.736492863568577,15.454615335027158,15.551814546728364,23200
2025-01-28,15.279658317565918,15.542094710588788,15.269938210834598,15.406016924191892,28600
2025-01-29,15.26021671295166,15.44489501616952,15.192177825955772,15.221337216531108,34400
2025-01-30,15.357416152954102,15.454614432015639,15.27965715892074,15.435175146987463,17900
2025-01-31,15.396296501159668,15.512934998658103,15.289377183232483,15.454615286428696,21000
2025-02-03,15.308816909790039,15.396296011873924,15.26993741185946,15.396296011873924,13900
2025-02-04,15.435175895690918,15.542094285932924,15.201898902275428,15.503214787030343,22100
2025-02-05,15.396296501159668,15.512934998658103,15.357417001993522,15.425455893794183,23700
2025-02-06,15.454614639282227,15.55181384660766,15.318536861379027,15.318536861379027,41900
2025-02-07,15.414835929870605,15.703242499653388,15.365110462990595,15.414835929870605,24600
2025-02-10,15.434725761413574,15.50434084267177,15.176154104691204,15.424780478824017,34700
2025-02-11,15.55406665802002,15.593846840841172,15.494395909571107,15.494395909571107,15300
2025-02-12,15.504341125488281,15.544121308137791,15.48445055994634,15.544121308137791,13700
2025-02-13,15.504341125488281,15.534176025366822,15.365110011997809,15.46456094283877,23100
2025-02-14,15.564010620117188,15.703241730878073,15.51428610410591,15.544121003399546,18700
2025-02-18,15.583901405334473,15.643571204764362,15.544121222903092,15.643571204764362,17900
2025-02-19,15.514286994934082,15.623682264248442,15.385001159325618,15.464561527633226,24700
2025-02-20,15.365110397338867,15.464561330673956,15.275604747024166,15.464561330673956,20700
2025-02-21,15.235824584960938,15.49439625325096,15.126429316884877,15.49439625325096,22500
2025-02-24,14.997142791748047,15.275604064842556,14.997142791748047,15.196043701101267,49800
2025-02-25,14.977253913879395,15.066758616177978,14.768407711647242,15.036923715411785,76100
2025-02-26,15.046868324279785,15.215934335103608,14.917582495506604,14.917582495506604,46700
2025-02-27,15.086648941040039,15.325330040221303,15.017033857554098,15.325330040221303,22400
2025-02-28,15.255715370178223,15.305440837630517,15.086649349901066,15.305440837630517,14500
2025-03-03,15.16620922088623,15.325329952765701,15.116483755065302,15.186099786588352,17000
2025-03-04,14.897692680358887,15.23582471903139,14.83802287849574,15.205989818099816,29500
2025-03-05,14.798242568969727,15.036923671267369,14.748517102215786,15.036923671267369,21000
2025-03-06,14.659010887145996,14.947417445089446,14.52972505793902,14.867857080721208,19100
2025-03-07,14.748517036437988,14.8280774035157,14.390495384588286,14.54961611874371,21400
2025-03-10,14.121977806091309,14.738571097728657,14.022527825885874,14.738571097728657,24300
2025-03-11,13.714231491088867,14.201538982770114,13.575000372708056,14.12197861467662,47400
2025-03-12,13.77390193939209,14.102088687691062,13.604835923791484,13.793791556762196,16700
2025-03-13,13.704285621643066,14.350714770288809,13.624725256953493,13.982747846490938,20800
2025-03-14,14.559560775756836,14.639121139413895,13.70428544379194,13.70428544379194,41500
2025-03-17,14.410385131835938,14.549616249692225,14.271154962414046,14.47005588189846,14200
2025-03-18,14.440220832824707,14.48000101631316,14.370604800394121,14.46011045035174,9700
2025-03-19,14.59934139251709,14.59934139251709,14.420330094738576,14.509835743627832,11600
2025-03-20,14.688846588134766,14.818131467613775,14.519780578435327,14.55956076022141,16300
2025-03-21,14.480000495910645,14.649065558334689,14.470055213287363,14.619230658899193,19200
2025-03-24,14.609285354614258,14.877802294438638,14.609285354614258,14.698791001222384,6500
2025-03-25,14.440220832824707,14.867857568216992,14.330824616905668,14.599341566778524,20200
2025-03-26,14.430274963378906,14.867856963968002,14.430274963378906,14.71868151905758,12600
2025-03-27,14.708736419677734,14.708736419677734,14.390494960740162,14.42032986040697,15700
2025-03-28,14.291044235229492,14.639121547252133,14.291044235229492,14.639121547252133,15300
2025-03-31,14.300989151000977,14.310934433588494,13.99269202982835,14.171703322666284,20500
2025-04-01,14.450164794921875,14.450164794921875,14.062308253014942,14.17170351767996,28800
2025-04-02,14.539670944213867,14.828077514130632,14.271154940432105,14.818132231063132,13000
2025-04-03,13.933022499084473,13.942967781863224,13.803736668263795,13.942967781863224,15200
2025-04-04,13.296538352966309,13.634670372980924,12.96835161552491,13.634670372980924,29200
2025-04-07,13.207033157348633,13.316429372518332,13.028022807093963,13.028022807093963,10300
2025-04-08,12.928571701049805,13.574999906728548,12.858956618466227,13.525275389702774,91300
2025-04-09,13.17719841003418,13.47555026183504,12.858956940611606,13.037967292944607,62000
2025-04-10,12.968352317810059,13.216978704998468,12.689891029720672,13.107583436071952,15600
2025-04-11,12.640165328979492,12.878846428644785,12.620274763123527,12.759505878812138,15600
2025-04-14,13.147363662719727,13.157307997429367,12.630220320442302,12.799286340153428,20400
2025-04-15,13.207033157348633,13.425824639253653,12.938517157749438,13.425824639253653,15200
2025-04-16,13.40593433380127,13.415879616907016,13.157307946763996,13.157307946763996,11500
2025-04-17,13.51533031463623,13.704285948167522,13.276649214880583,13.276649214880583,17400
2025-04-21,13.664505958557129,13.664505958557129,13.435770138491103,13.445715421563817,10100
2025-04-22,14.350714683532715,14.46010994721095,13.783845903003508,13.783845903003508,20600
2025-04-23,14.808187484741211,14.808187484741211,14.539670539990208,14.609285622658525,14800
2025-04-24,14.718682289123535,14.937473775082198,14.668956822073694,14.728627572220383,15500
2025-04-25,14.440220832824707,14.718682117243887,14.420330266863285,14.718682117243887,11100
2025-04-28,14.877802848815918,14.947417932800972,14.519781197477146,14.519781197477146,26400
2025-04-29,14.95736312866211,15.026978212241696,14.599341479408604,14.907637662490528,39400
2025-04-30,14.738571166992188,15.036923005879283,14.698790985036197,15.036923005879283,23300
2025-05-01,14.708736419677734,15.394944802620463,14.708736419677734,14.85791186644613,20000
2025-05-02,14.818132400512695,15.017034270399636,14.738572031931682,14.738572031931682,28900
2025-05-05,14.818132400512695,15.116484256908699,14.708737130822403,14.93747390181862,14100
2025-05-06,14.718682289123535,14.857912458741813,14.619231355023853,14.857912458741813,10900
2025-05-07,14.47005558013916,14.847967793495744,14.39049521400455,14.738571578734874,17600
2025-05-08,14.718682289123535,15.096594510894171,14.480001185405575,14.480001185405575,30200
2025-05-09,14.748517036437988,14.8976924876001,14.629176485821421,14.668956669360277,10200
2025-05-12,14.748517036437988,15.066758504748835,14.718682135892443,14.76840760242461,23700
2025-05-13,14.668956756591797,14.957363326072159,14.609286006711477,14.957363326072159,19100
2025-05-14,14.917582511901855,15.046868340817127,14.838022147713128,14.847967430345307,15100
2025-05-15,14.818132400512695,15.265660659323904,14.818132400512695,15.026978605146457,30900
2025-05-16,14.877802848815918,15.106538666729316,14.748517015390544,14.748517015390544,15600
2025-05-19,15.116483688354492,15.275604419531744,14.987197857164382,15.275604419531744,11600
2025-05-20,15.116483688354492,15.176154436763147,15.10653840554732,15.176154436763147,8000
2025-05-21,15.017033576965332,15.176154306779718,14.987197728799364,15.176154306779718,8800
2025-05-22,14.708736419677734,15.007088261648887,14.708736419677734,14.967308079281691,11900
2025-05-23,14.589396476745605,14.838022863945177,14.529725726506573,14.529725726506573,13000
2025-05-27,14.668956756591797,14.847968057798365,14.639121855868835,14.768407690247534,30700
2025-05-28,14.609285354614258,14.778351365221974,14.47005519183215,14.629175919831331,12200
2025-05-29,14.857912063598633,14.857912063598633,14.5794507833333,14.728627180515508,11000
2025-05-30,14.748517036437988,14.857912304061244,14.659011386366966,14.728627418885754,12100
2025-06-02,14.34076976776123,14.738571598980725,14.34076976776123,14.738571598980725,22900
2025-06-03,14.400439262390137,14.609285456453485,14.330824180513806,14.39049492814663,21300
2025-06-04,14.082198143005371,14.599341473484985,14.082198143005371,14.30098962501093,22700
2025-06-05,13.942968368530273,14.261209843365796,13.81368253226974,14.261209843365796,14300
2025-06-06,14.121977806091309,14.340769280038222,14.042417442553221,14.241318351398439,23900
2025-06-09,14.112032890319824,14.251264004347341,13.962857441917347,14.171703638741437,15200
2025-06-10,14.201539039611816,14.370605059595775,14.181649421726034,14.370605059595775,11800
2025-06-11,14.151813507080078,14.549616295742364,14.131923889285884,14.549616295742364,14800
2025-06-12,14.171703338623047,14.320878783866391,14.092142974702016,14.310934449702026,21200
2025-06-13,13.694341659545898,14.42033024417663,13.694341659545898,14.251264227508084,27300
2025-06-16,13.555109977722168,13.992691977147697,13.226923241044435,13.992691977147697,50600
2025-06-17,13.266703605651855,13.614779963792575,13.266703605651855,13.445714900282965,22200
2025-06-18,13.17719841003418,13.495439879456756,13.17719841003418,13.395989894479396,20500
2025-06-20,13.11752700805664,13.326373199089332,13.077746826356812,13.177197754823558,44900
2025-06-23,12.878846168518066,13.216978193764836,12.759505621095858,13.16725272856366,82900
2025-06-24,13.326374053955078,13.346264620298113,13.037967481021905,13.097638231616605,28800
2025-06-25,13.03796672821045,13.545164759459398,12.908680899748893,13.356209132282878,27600
2025-06-26,13.574999809265137,13.654560174056403,13.246813067392573,13.246813067392573,29000
2025-06-27,13.525275230407715,13.863406304998705,13.35620921889504,13.654560111273305,1136800
2025-06-30,13.724176406860352,13.913132038916109,13.555110392078392,13.624725475188244,73200
2025-07-01,13.853462219238281,13.992692385262789,13.624725456086862,13.624725456086862,150600
2025-07-02,14.370604515075684,14.400439414991075,13.962857405305968,13.962857405305968,348800
2025-07-03,14.649065971374512,14.649065971374512,14.480000904183571,14.480000904183571,41400
2025-07-07,15.404890060424805,15.404890060424805,14.410384554417766,14.51978076707653,75400
2025-07-08,14.897692680358887,15.355165271192085,14.67890214228148,15.355165271192085,40500
2025-07-09,15.196043968200684,15.205989250951738,14.927527972962743,15.007088338102456,64300
2025-07-10,15.026978492736816,15.35516524778709,14.897692657651193,15.12642942693634,37000
2025-07-11,14.977253913879395,15.215935016877742,14.75846242858038,15.066758616177978,44400
2025-07-14,15.046868324279785,15.096593788951678,14.828076848784068,14.917582495506604,21100
2025-07-15,14.758461952209473,15.017033612995418,14.61923083907065,15.017033612995418,34400
2025-07-16,14.82807731628418,14.838022599218984,14.42033020030103,14.838022599218984,27800
2025-07-17,14.927528381347656,14.997143465640832,14.758462363691894,14.758462363691894,21300
2025-07-18,14.838022232055664,14.997142961337598,14.6490656547076,14.927527879385343,37700
2025-07-21,14.897692680358887,14.987198331588008,14.768407793510601,14.887748345671296,17000
2025-07-22,14.95736312866211,15.076703678413278,14.867857479240138,14.907637662490528,27600
2025-07-23,15.046868324279785,15.06675794108793,14.847967414026567,15.06675794108793,16600
2025-07-24,14.688846588134766,15.046868224209508,14.678901305579657,14.927527678851261,21000
2025-07-25,14.688846588134766,14.71868148736574,14.57945037689728,14.708736204810634,17600
2025-07-28,14.688846588134766,14.94741729552713,14.57945037689728,14.94741729552713,16400
2025-07-29,14.708736419677734,14.917582614214105,14.708736419677734,14.847967532180101,19400
2025-07-30,14.659010887145996,14.897691980250709,14.519780723718757,14.79824199900759,29800
2025-07-31,14.659010887145996,14.887747646030446,14.360659046547925,14.659010887145996,37000
2025-08-01,14.818132400512695,14.86785786798443,14.320879622664156,14.49989092618864,77200
2025-08-04,14.897692680358887,14.927528529724862,14.718682326335045,14.798242694442175,20300
2025-08-05,15.066758155822754,15.09659400411173,14.708736512264357,14.997143073350546,108900
2025-08-06,15.086648941040039,15.116483841329101,14.917582925344716,15.106538558421288,24400
2025-08-07,14.907637596130371,15.08664889417746,14.79824232978736,15.036923428227226,19500
2025-08-08,14.93747329711914,15.017033662479388,14.86785726610315,14.86785726610315,20800
2025-08-11,15.017033576965332,15.017033576965332,14.847967564428956,15.017033576965332,14100
2025-08-12,15.65351676940918,15.84247335068722,15.017033839043687,15.03692345640042,89700
2025-08-13,15.882253646850586,15.892197981382525,15.603791414399812,15.693297064227961,16000
2025-08-14,15.723133087158203,15.872308539566674,15.58390196939174,15.703242521005395,15100
2025-08-15,15.593847274780273,15.822583095258464,15.534176524670869,15.822583095258464,13100
2025-08-18,15.733077049255371,15.802693080707359,15.394945020139469,15.494395951679808,15800
2025-08-19,15.723133087158203,15.882253822643078,15.713187804081798,15.862363256490271,29800
2025-08-20,15.812637329101562,15.862362794601252,15.713187346536552,15.762912812036241,21700
2025-08-21,15.772857666015625,15.852418034062447,15.733077481992215,15.79274823224453,12300
2025-08-22,16.200496673583984,16.250221193421734,15.762913690910171,15.762913690910171,45700
2025-08-25,16.190549850463867,16.2999441630769,16.18060456806838,16.18060456806838,12300
2025-08-26,16.28005599975586,16.309889950998365,16.240274868940894,16.260165434348377,13000
2025-08-27,16.270111083984375,16.349671450539876,16.230329952272243,16.309890318827744,12300
2025-08-28,16.28999900817871,16.30988957312536,16.240274492680758,16.30988957312536,7900
2025-08-29,16.439176559448242,16.498846358185535,16.319835065104957,16.339725630306955,21500
2025-09-02,16.36956024169922,16.528682872866575,16.21043950740064,16.41928665671051,19400
2025-09-03,16.22038459777832,16.44912231037634,16.210439314894167,16.39939589595557,20300
2025-09-04,16.538625717163086,16.538625717163086,16.31983518888773,16.329780471564163,13900
2025-09-05,16.399394989013672,16.608242124293433,16.270110112407078,16.508791197820624,11800
2025-09-08,16.40934181213379,16.478956898140797,16.319836159590825,16.478956898140797,13300
2025-09-09,16.24027442932129,16.578406444620487,16.24027442932129,16.369559307232784,7700
2025-09-10,16.34967041015625,16.478955286256326,16.09109876108745,16.210438354892347,12600
2025-09-11,16.528682708740234,16.528682708740234,16.30989027860067,16.30989027860067,12100
2025-09-12,16.309890747070312,16.578407702571262,16.2104398120475,16.578407702571262,9800
2025-09-15,16.180604934692383,16.379504896502862,16.180604934692383,16.260165298790316,9300
2025-09-16,16.051319122314453,16.21043986007486,15.971758753434248,16.120934207976028,11800
2025-09-17,16.190549850463867,16.39939509016311,16.011538561082425,16.011538561082425,20900
2025-09-18,16.598297119140625,16.6579669172733,16.2701103841079,16.28999905223967,27300
2025-09-19,16.538625717163086,16.588352130545246,16.170659742478684,16.538625717163086,123700
2025-09-22,16.389450073242188,16.51873684960903,16.260165193744037,16.449121768581666,24700
2025-09-23,16.339725494384766,16.548570736662356,16.240274566070763,16.44912170521704,19800
2025-09-24,16.270111083984375,16.43917710002341,16.130879019860675,16.43917710002341,15600
2025-09-25,16.230329513549805,16.299944595295504,16.0612635020808,16.20049556244091,13500
2025-09-26,16.28999900817871,16.329780138072014,16.180604694709476,16.250219775154083,13200
2025-09-29,15.99164867401123,16.280056185096967,15.99164867401123,16.280056185096967,11700
2025-09-30,15.981703758239746,16.13087921018278,15.862363206998442,15.941924522927039,11500
2025-10-01,15.852417945861816,15.912088695782133,15.713187776771735,15.912088695782133,16300
2025-10-02,15.663461685180664,16.06126350733532,15.494395673656348,15.812637131380072,13600
2025-10-03,15.792747497558594,16.021484256378066,15.733076750082187,15.991648408422686,10800
2025-10-06,15.902143478393555,16.260166082525178,15.872308577527384,16.140824582191705,24200
2025-10-07,15.842473030090332,16.101044689535904,15.723132483061843,15.73307681732178,16800
2025-10-08,15.812637329101562,15.892197694527317,15.723132629323365,15.85241751181444,16200
2025-10-09,15.772857666015625,16.001594435476036,15.633627496150886,15.762913331335572,17500
2025-10-10,15.52423095703125,15.852417705531536,15.46456115644995,15.713187538552251,26500
2025-10-13,15.663461685180664,15.73307676694914,15.564010755424823,15.613736220302743,9700
2025-10-14,15.971757888793945,16.00159373683465,15.534175883641579,15.534175883641579,9700
2025-10-15,15.882253646850586,16.02148476307597,15.822582897487024,15.912088547315173,9900
2025-10-16,15.026978492736816,15.832528404136653,14.987198308743885,15.782802937036891,13700
2025-10-17,15.0369234085083,15.245769606477904,14.529725363662925,15.02697812564442,10900
2025-10-20,15.444670677185059,15.544121609957052,15.215934859617612,15.464561243113211,10500
2025-10-21,15.42478084564209,15.663461942861444,15.414835562816023,15.573956294295593,5900
2025-10-22,15.633626937866211,15.772857102758971,15.564010906985466,15.772857102758971,10100
2025-10-23,15.603791236877441,15.623681802583798,15.464561070670443,15.613736519730619,10900
2025-10-24,15.832528114318848,15.951869612547467,15.683352664184648,15.782802648129321,12000
2025-10-27,15.802693367004395,15.902143351912091,15.613736783341304,15.84247355065435,16700
2025-10-28,15.76291275024414,15.931978763219709,15.76291275024414,15.892197632228408,8000
2025-10-29,15.613736152648926,16.061263437742383,15.464560707095892,15.762912546636313,15200
2025-10-30,15.564010620117188,15.832527559062962,15.564010620117188,15.832527559062962,5300
2025-10-31,15.564010620117188,15.743021912747704,15.414835175214655,15.51428610410591,483700
2025-11-03,16.00159454345703,16.011539826638597,15.613737035285657,15.70324268705093,131200
2025-11-04,16.051319122314453,16.091100255188962,15.852418200113943,15.991649319871504,36200
2025-11-05,16.28005599975586,16.359616364517073,16.061263574010983,16.09109942212221,37400
2025-11-06,16.110990524291992,16.339726343492572,16.10104524125691,16.339726343492572,18100
2025-11-07,16.101045608520508,16.240275780449945,16.021485239293852,16.150770127961355,11100
2025-11-10,16.190549850463867,16.250219647968127,16.02148384347791,16.12093287369546,11100
2025-11-11,16.34967041015625,16.34967041015625,16.210438354892347,16.250219484073074,10800
2025-11-12,16.419286727905273,16.459065963218013,16.309890511274862,16.34967164345639,22500
2025-11-13,16.80714225769043,16.906593185212472,16.459064959797615,16.459064959797615,79600
2025-11-14,16.707691192626953,16.807142119330294,16.67785724242401,16.777308169127352,20100
2025-11-17,16.270111083984375,16.82703364987288,16.270111083984375,16.74747328331738,17300
2025-11-18,16.28005599975586,16.58835217609697,16.270110717052116,16.379505033055835,11500
2025-11-19,16.250221252441406,16.449123126252495,16.19055144904562,16.449123126252495,11900
2025-11-20,16.488901138305664,16.56846150254759,16.329780409821815,16.4292313393414,17600
2025-11-21,16.628131866455078,16.80714316629852,16.190550796691966,16.449122463480407,24500
2025-11-24,16.797197341918945,16.797197341918945,16.61818604784535,16.73752754285065,17600
2025-11-25,17.10549545288086,17.324285981212153,16.767363429270585,16.80714266311777,42100
2025-11-26,17.11543846130371,17.383955397109204,16.876757372877275,17.025934712903886,27400
2025-11-28,17.15522003173828,17.19500116259872,16.856869137759887,17.085604949601237,9100
2025-12-01,17.254671096801758,17.304395613896997,17.15522016574255,17.2944503311042,9800
2025-12-02,17.23478126525879,17.40384728619948,17.23478126525879,17.264617114907907,9400
2025-12-03,17.572912216186523,17.612691449713637,17.19500096176979,17.354121689615646,28100
2025-12-04,17.751924514770508,17.89115468530501,17.543077362099943,17.652473580016373,26700
2025-12-05,17.67236328125,17.801648162293503,17.67236328125,17.801648162293503,12200
2025-12-08,17.6922550201416,17.77181538995384,17.622638036795657,17.741979539948435,11300
2025-12-09,17.6922550201416,17.88120971290264,17.65247388680106,17.75192482328357,15700
2025-12-10,17.950824737548828,18.080111523591416,17.751924762137758,17.761870045438638,53900
2025-12-11,18.259122848510742,18.29890208488734,17.92099080339989,17.97071532308785,40900
2025-12-12,18.23923110961914,18.38840655596407,18.20939526160267,18.37846127329191,25600
2025-12-15,18.338682174682617,18.378461408795822,18.259121809587477,18.2889557609552,43500
2025-12-16,18.3486270904541,18.398351606318297,18.32873652536095,18.368515758678566,26600
2025-12-17,18.3486270904541,18.477911969822223,18.239230879310444,18.398351606318297,26300
2025-12-18,18.36851692199707,18.637033877154348,18.348628252513013,18.41824333787924,41500
2025-12-19,18.308847427368164,18.637034190228274,18.05027575104371,18.35857194721682,88300
2025-12-22,18.10994529724121,18.448077338646453,18.000550975752795,18.298901884348567,25200
2025-12-23,17.940879821777344,18.229285425442846,17.881208127058684,18.1099439328742,20400
2025-12-24,17.920989990234375,18.169616371130406,17.920989990234375,18.04032959081797,9400
2025-12-26,17.851375579833984,18.100001970099814,17.71214351141432,18.00055103461972,45100
2025-12-29,17.98065948486328,18.368516025469706,17.692253874298398,17.901099120203792,18000
2025-12-30,17.6922550201416,18.149726672344755,17.6922550201416,18.070166302532517,17000
2025-12-31,17.722087860107422,17.841429355764046,17.68230862613436,17.781757659501373,13500
2026-01-02,17.334232330322266,17.821539830359704,17.334232330322266,17.73203417761111,16900
2026-01-05,17.592803955078125,17.89115486547624,17.423737933354175,17.423737933354175,75300
2026-01-06,17.592803955078125,17.71214356048984,17.36406623377949,17.592803955078125,33200
2026-01-07,17.41379165649414,17.5928029512665,17.284504878328008,17.58285766857151,35600
2026-01-08,18.219341278076172,18.507748796578475,17.374011185583477,17.374011185583477,133700
2026-01-09,18.119890213012695,18.36851659742386,18.080110977878675,18.348627928291236,96500
2026-01-12,17.970714569091797,18.169616433235987,17.90109948570196,18.119890018765563,25100
2026-01-13,17.791704177856445,18.090056989284427,17.741979657719543,18.090056989284427,19900
2026-01-14,18.050275802612305,18.438134266641498,17.861319212283664,17.861319212283664,125600
2026-01-15,18.12983512878418,18.26906719110498,18.010495528930623,18.010495528930623,52500
2026-01-16,18.3486270904541,18.607196849190345,18.100000717395748,18.139779950713365,79500
2026-01-20,17.8215389251709,18.33868224881415,17.702197428611402,18.199450186683283,17900
2026-01-21,18.497802734375,18.60719704982955,18.209395228020473,18.23923107598192,62800
2026-01-22,18.418243408203125,18.88566033806732,18.3486283225711,18.6171433818848,80700
2026-01-23,18.100000381469727,18.507747473968372,17.652472159523086,18.348626749913713,59600
2026-01-26,17.960769653320312,18.318792257350427,17.901099851604894,18.249177172537635,30800
2026-01-27,17.950824737548828,18.24917754596868,17.88120965131151,18.090056806892292,43600
2026-01-28,17.642528533935547,18.010496428409983,17.5729134477328,17.89115492572754,29500
2026-01-29,17.91104507446289,18.04032996055628,17.612692273151634,17.81159414069247,31300
2026-01-30,18.040328979492188,18.15967047290045,17.403846072964605,17.403846072964605,46700
2026-02-02,18.42818832397461,18.487858125202465,17.960769506561544,18.01049592164207,114100
2026-02-03,18.42818832397461,18.547527926430316,18.119890241081674,18.348627956714544,24500
2026-02-04,18.825990676879883,18.985111415766454,18.338683176931156,18.55747371868298,34300
2026-02-05,19.005001068115234,19.005001068115234,18.35857096350741,18.825989771261913,128200
2026-02-06,19.0,19.079999923706055,18.739999771118164,19.06999969482422,69000
2026-02-09,19.010000228881836,19.010000228881836,18.809999465942383,18.959999084472656,28400
2026-02-10,18.799999237060547,18.989999771118164,18.459999084472656,18.459999084472656,60200
2026-02-11,18.75,18.969999313354492,18.639999389648438,18.899999618530273,200000
2026-02-12,18.469999313354492,18.899999618530273,18.100000381469727,18.899999618530273,67500
2026-02-13,18.889999389648438,18.920000076293945,18.389999389648438,18.600000381469727,23600
2026-02-17,18.549999237060547,18.950000762939453,18.40999984741211,18.950000762939453,32300
2026-02-18,18.3799991607666,18.950000762939453,18.170000076293945,18.649999618530273,83800
2026-02-19,18.479999542236328,18.719999313354492,18.149999618530273,18.190000534057617,43400
2026-02-20,18.40999984741211,18.739999771118164,18.100000381469727,18.440000534057617,26000
2026-02-23,17.8700008392334,18.40999984741211,17.809999465942383,18.40999984741211,27100
2026-02-24,17.899999618530273,18.190000534057617,17.610000610351562,17.8700008392334,28800
2026-02-25,18.1200008392334,18.190000534057617,17.530000686645508,17.709999084472656,79500
2026-02-26,18.170000076293945,18.450000762939453,18.06999969482422,18.190000534057617,24100
2026-02-27,17.40999984741211,17.8799991607666,17.3799991607666,17.760000228881836,28700
2026-03-02,17.799999237060547,17.8799991607666,17.270000457763672,17.360000610351562,30200
2026-03-03,17.829999923706055,17.950000762939453,17.40999984741211,17.520000457763672,35400
2026-03-04,18.1200008392334,18.299999237060547,17.799999237060547,17.93000030517578,60200
2026-03-05,17.860000610351562,18.149999618530273,17.639999389648438,18.1299991607666,37000
2026-03-06,17.700000762939453,17.729999542236328,17.299999237060547,17.510000228881836,42700
2026-03-09,17.8700008392334,17.889999389648438,17.299999237060547,17.520000457763672,104600
2026-03-10,18.309999465942383,18.59000015258789,17.75,17.75,97500
2026-03-11,18.1299991607666,18.420000076293945,18.0,18.270000457763672,76600
2026-03-12,18.010000228881836,18.260000228881836,17.854999542236328,18.020000457763672,84623
