date,close,high,low,open,volume
2021-03-15,21.837369918823242,21.837369918823242,21.55061159483677,21.832508571230104,46300
2021-03-16,21.57977294921875,21.881111591539135,21.56033126802111,21.881111591539135,21300
2021-03-17,21.686697006225586,21.688641915836797,21.356195864685887,21.50200660964683,40200
2021-03-18,21.322174072265625,21.91027284300199,21.278431219137477,21.676976390278092,19500
2021-03-19,21.356210708618164,21.531261920148843,21.08391047282043,21.327036743300543,25000
2021-03-22,21.24826431274414,21.502087825980094,21.176297660937795,21.502087825980094,20700
2021-03-23,20.636558532714844,21.124756902542998,20.569455440205154,21.122811105770477,35800
2021-03-24,20.491657257080078,20.986663185294407,20.491657257080078,20.923449824777528,14400
2021-03-25,20.881633758544922,20.957488310680592,20.22810934133106,20.29618626992526,11200
2021-03-26,21.331899642944336,21.331899642944336,20.961376536427927,21.083911649374787,15100
2021-03-29,20.921504974365234,21.375663985595082,20.855373848707192,21.23951385030673,15600
2021-03-30,21.20060920715332,21.229785026225663,20.912748174282974,20.912748174282974,8900
2021-03-31,21.30175018310547,21.44373583284192,21.253125672063856,21.27840989843176,9700
2021-04-01,21.502086639404297,21.521535330124156,21.414561038993483,21.424286311806476,26300
2021-04-05,21.675195693969727,21.832742172222446,21.560440052319255,21.832742172222446,24300
2021-04-06,21.706317901611328,21.84246804942899,21.69659262606626,21.69659262606626,14700
2021-04-07,21.52640724182129,21.696594944781328,21.491397730042895,21.696594944781328,11000
2021-04-08,21.69756507873535,21.701454817725853,21.434016249336924,21.550715838678098,20200
2021-04-09,21.851224899291992,21.851224899291992,21.6868708692549,21.73549725486996,11700
2021-04-12,21.874557495117188,21.881365001216842,21.75299435622154,21.861914453816027,9100
2021-04-13,21.75591468811035,21.871642305444876,21.623654289027105,21.871642305444876,21600
2021-04-14,21.822046279907227,22.015576116587706,21.80356955416898,21.80356955416898,14900
2021-04-15,21.967918395996094,21.99806618766237,21.861914212267283,21.99806618766237,17100
2021-04-16,22.153671264648438,22.182845236327612,22.017519262154615,22.153671264648438,19900
2021-04-19,21.920269012451172,22.114768947618124,21.84246681249654,22.08559312263514,20300
2021-04-20,21.53612518310547,21.871638763909345,21.356210409933947,21.871638763909345,31800
2021-04-21,21.89109230041504,21.89109230041504,21.44373894333591,21.44373894333591,13700
2021-04-22,21.806482315063477,22.056416097589864,21.72090064892966,21.998066310612288,19300
2021-04-23,22.119626998901367,22.19256376081838,21.861911913057572,21.861911913057572,9900
2021-04-26,22.284954071044922,22.318991599341242,22.210069653886844,22.280090507056205,57800
2021-04-27,22.36567497253418,22.396796594808077,22.280095148547368,22.367620769516257,11500
2021-04-28,22.345251083374023,22.416243917822182,22.345251083374023,22.367619400219066,11200
2021-04-29,22.480430603027344,22.581571238066587,22.30440739019889,22.581571238066587,17800
2021-04-30,22.200347900390625,22.425969448657124,22.173117873436603,22.357894381272075,23200
2021-05-03,22.26064109802246,22.445417586002705,22.26064109802246,22.416241765298583,53000
2021-05-04,22.182844161987305,22.2314705372753,21.965003936398062,22.173118886929707,36300
2021-05-05,22.214933395385742,22.28495424911461,22.124490024515897,22.182839808503523,15900
2021-05-06,22.217853546142578,22.217853546142578,21.97861699475222,22.14394294620693,8400
2021-05-07,22.527111053466797,22.527111053466797,22.221745208010617,22.221745208010617,7700
2021-05-10,22.28398323059082,22.61074540091655,22.28398323059082,22.61074540091655,29800
2021-05-11,22.01266098022461,22.075874353552443,21.78412160697494,21.988348715069883,35900
2021-05-12,21.407756805419922,22.007791204949644,21.39511376334009,22.007791204949644,30800
2021-05-13,21.806482315063477,21.89109015539816,21.46318738944794,21.46318738944794,32200
2021-05-14,22.270370483398438,22.270370483398438,21.968894366752302,21.978619642115934,12200
2021-05-17,22.211048126220703,22.231470647470925,21.9883443345455,22.163395576636855,18800
2021-05-18,21.95916748046875,22.3287186426435,21.95916748046875,22.18284323270364,32400
2021-05-19,21.723817825317383,21.73548889533905,21.434012840102014,21.62365103379799,12900
2021-05-20,21.875530242919922,21.925128584081584,21.716039829362824,21.725765103408623,7700
2021-05-21,21.95916748046875,22.08559234110824,21.939716931168373,22.027242548113588,8800
2021-05-24,22.085594177246094,22.153671105457143,22.04669493031784,22.095319452704818,9200
2021-05-25,21.91054344177246,22.250918787447876,21.91054344177246,22.221744817765135,17900
2021-05-26,22.114768981933594,22.14394480696185,21.978618841614807,21.978618841614807,32000
2021-05-27,22.299545288085938,22.318995837922294,22.2411954934834,22.2411954934834,8600
2021-05-28,22.2655086517334,22.31899673848834,22.143945492710927,22.31899673848834,9800
2021-06-01,22.396793365478516,22.41138034856789,22.299542483434674,22.34816699700345,16200
2021-06-02,22.264530181884766,22.51349198416952,22.25091517027105,22.51349198416952,14700
2021-06-03,22.192564010620117,22.221739828658976,21.978613576386792,22.124488956768882,14000
2021-06-04,22.28009033203125,22.31899142401069,22.173114183993945,22.27036505903639,13500
2021-06-07,22.299545288085938,22.357895082688476,22.2411954934834,22.357895082688476,10900
2021-06-08,22.52225112915039,22.552398927673803,22.250920942439688,22.29954732146456,17600
2021-06-09,22.348167419433594,22.59129370168567,22.348167419433594,22.59129370168567,18100
2021-06-10,22.267452239990234,22.484322351647474,22.23147076231011,22.484322351647474,7700
2021-06-11,22.50377655029297,22.50377655029297,22.35790109709203,22.387076929695027,14400
2021-06-14,22.298568725585938,22.53294168166293,22.25091433182739,22.53294168166293,20800
2021-06-15,22.299545288085938,22.396796182361186,22.20229439381069,22.28982001316776,15400
2021-06-16,22.153671264648438,22.27037086117841,22.09531961147681,22.212021062913426,21200
2021-06-17,21.793842315673828,22.202294591338536,21.618791075402303,22.163395346226274,13400
2021-06-18,21.41039276123047,21.6050334379159,21.313072422887757,21.55637234062901,24500
2021-06-21,21.85807228088379,21.882403767173624,21.566113007723676,21.566113007723676,8000
2021-06-22,21.94565773010254,21.95052476925354,21.76075107945875,21.867801809770533,12300
2021-06-23,21.90673065185547,22.02351360399143,21.90673065185547,21.945657683823605,10400
2021-06-24,22.111101150512695,22.1500300376636,21.974853757947542,22.023513010654668,6800
2021-06-25,22.325206756591797,22.35440156629783,22.203556766199213,22.257083058969,6800
2021-06-28,22.1500301361084,22.296009751110077,22.09163866135403,22.296009751110077,11700
2021-06-29,22.03324317932129,22.23761610535647,22.03324317932129,22.169492415421853,5800
2021-06-30,22.101375579833984,22.101375579833984,21.965128146267013,21.965128146267013,9700
2021-07-01,22.218158721923828,22.315479105418014,22.20842649795122,22.22789094589644,6400
2021-07-02,22.198694229125977,22.276550164517634,22.169499413499057,22.276550164517634,8500
2021-07-06,21.984586715698242,22.19869003350109,21.828874874344976,22.19869003350109,10400
2021-07-07,21.974857330322266,22.111104745036677,21.76561916844981,21.965125106952406,7400
2021-07-08,21.67316246032715,21.867801328760052,21.420130260756007,21.624501351045286,11200
2021-07-09,22.169496536254883,22.188959125402928,21.94565912685144,21.94565912685144,4900
2021-07-12,22.188961029052734,22.223022883273664,22.07217805921864,22.07217805921864,19800
2021-07-13,21.903812408447266,22.091640780966763,21.903812408447266,22.091640780966763,10200
2021-07-14,21.76074981689453,22.042976815636337,21.76074981689453,22.042976815636337,24300
2021-07-15,21.682897567749023,21.780216086800888,21.546648299859232,21.702360157820337,29700
2021-07-16,21.400672912597656,21.726695956071232,21.381208462431324,21.72182891541358,12700
2021-07-19,21.0211238861084,21.14763909052058,20.875144232946035,20.93353572296458,19700
2021-07-20,21.573896408081055,21.663431741633374,20.982191014270096,20.982191014270096,6500
2021-07-21,21.892133712768555,21.945658150834813,21.74128705213202,21.74128705213202,7600
2021-07-22,21.71208953857422,21.858069154273135,21.707224355751247,21.83860656674973,10700
2021-07-23,21.896997451782227,21.95538892524217,21.760750061631875,21.83860597832229,12900
2021-07-26,21.99237060546875,22.072173708904334,21.916461875661,21.916461875661,8800
2021-07-27,21.887266159057617,21.896998381085886,21.78994579500648,21.85806949297281,7500
2021-07-28,22.072175979614258,22.198691161053112,21.819143760504886,22.01378450019876,14600
2021-07-29,22.28628158569336,22.417663819977726,22.15976639132611,22.1889612059014,19900
2021-07-30,22.24832534790039,22.471188237886032,22.1597645336443,22.1597645336443,4900
2021-08-02,22.14029884338379,22.490651419075398,22.14029884338379,22.403063275152498,5200
2021-08-03,22.315475463867188,22.332020056297605,21.999184733182965,22.2327525017151,27000
2021-08-04,22.188961029052734,22.412798457659783,22.188961029052734,22.26681696101941,18900
2021-08-05,22.43226432800293,22.4809254527411,22.354408384653965,22.41280173433977,8700
2021-08-06,22.568506240844727,22.607433271673514,22.519845132019366,22.568506240844727,4800
2021-08-09,22.46437644958496,22.578241417282445,22.403065115049927,22.578241417282445,6900
2021-08-10,22.605487823486328,22.656094262662595,22.451721319122043,22.500382427694316,4900
2021-08-11,22.77288055419922,22.77288055419922,22.578241660028485,22.578241660028485,10000
2021-08-12,22.8244571685791,22.860466204645686,22.724218808012495,22.860466204645686,11100
2021-08-13,22.76314926147461,22.82154260272118,22.729087407196698,22.80207815563899,4400
2021-08-16,22.685293197631836,22.685293197631836,22.471189849666676,22.67556097414726,7700
2021-08-17,22.451723098754883,22.480919766212516,22.276546806472368,22.480919766212516,7600
2021-08-18,22.2570858001709,22.500385810921102,22.2570858001709,22.344672096307743,5300
2021-08-19,22.023513793945312,22.150030825453964,21.965122317373705,21.965122317373705,12000
2021-08-20,22.305744171142578,22.325208616722733,22.08190861566587,22.08190861566587,7100
2021-08-23,22.574344635009766,22.607433818565166,22.461454201020725,22.53444493790872,5800
2021-08-24,22.78261375427246,22.82640783217935,22.72422226914056,22.733954492701187,4100
2021-08-25,23.016178131103516,23.10376627390274,22.8799307339632,22.8799307339632,12500
2021-08-26,22.8215389251709,23.103765937456156,22.8215389251709,23.09403371548335,7500
2021-08-27,23.278945922851562,23.317872960702317,22.85073736910226,22.85073736910226,10500
2021-08-30,23.166051864624023,23.366530440488724,23.162157490836588,23.366530440488724,5400
2021-08-31,23.1037654876709,23.201085849272797,23.045374013202363,23.201085849272797,7000
2021-09-01,23.132966995239258,23.165081663238205,22.967522902754542,23.103770323777756,5700
2021-09-02,23.26531982421875,23.347068269546003,23.24974789624758,23.24974789624758,3600
2021-09-03,23.23028564453125,23.2789449037725,23.132965269816992,23.2789449037725,5100
2021-09-07,23.035646438598633,23.18649312232475,23.035646438598633,23.176760898578046,34200
2021-09-08,22.86046600341797,22.918857479142268,22.733950829976724,22.918857479142268,6200
2021-09-09,22.889665603637695,23.025913016537228,22.87020115715725,22.879933380397475,13700
2021-09-10,22.73395538330078,22.948058741326445,22.73395538330078,22.948058741326445,4800
2021-09-13,22.8215389251709,22.918857432435892,22.753413371361244,22.918857432435892,8900
2021-09-14,22.664857864379883,22.938327240198802,22.656100161918566,22.938327240198802,8900
2021-09-15,22.947084426879883,22.957789315577152,22.733953749693885,22.733953749693885,5100
2021-09-16,22.928592681884766,22.98698602143183,22.845871568540773,22.977253798173983,4200
2021-09-17,22.756078720092773,23.108900783483595,22.675182766045634,23.108900783483595,7100
2021-09-20,22.309688568115234,22.36816877726662,22.051407484172923,22.36816877726662,22600
2021-09-21,22.319438934326172,22.480256747407726,22.197607933746887,22.480256747407726,7300
2021-09-22,22.638141632080078,22.723911849949186,22.524109144015817,22.53385584418244,12200
2021-09-23,23.030929565429688,23.147888133958354,22.82625439424625,22.82625439424625,12400
2021-09-24,23.030929565429688,23.0601696723102,22.874986046720387,22.93346626048141,5400
2021-09-27,23.194673538208008,23.323327045057745,23.04067823143665,23.04067823143665,7200
2021-09-28,22.806760787963867,22.95295760308675,22.806760787963867,22.943212759872807,11200
2021-09-29,22.75023078918457,22.904226082352164,22.75023078918457,22.904226082352164,1900
2021-09-30,22.416902542114258,22.78726794007035,22.377915732332873,22.78726794007035,8500
2021-10-01,22.747304916381836,22.835997476501486,22.426645340033087,22.54360203102801,6400
2021-10-04,22.5631046295166,22.821387657146392,22.475386146018764,22.74828830123358,13900
2021-10-05,22.69955062866211,22.77752238680163,22.626451292096718,22.728788876093585,41400
2021-10-06,22.58746337890625,22.59233765923536,22.309688887931493,22.451013273583424,12100
2021-10-07,22.93736457824707,23.099156490192144,22.76777604806161,22.76777604806161,17200
2021-10-08,22.79896354675293,22.98219708165889,22.79896354675293,22.90422532512458,7400
2021-10-11,22.71904754638672,22.982202989459186,22.71904754638672,22.884737803988592,11600
2021-10-12,22.806760787963867,22.90422595104358,22.75315485532036,22.855494299000405,1000
2021-10-13,22.845748901367188,22.855495604131065,22.680058672368183,22.70929692166635,4700
2021-10-14,23.202465057373047,23.2063633659672,23.128391617104796,23.128391617104796,5900
2021-10-15,23.27458953857422,23.459773148193698,23.27458953857422,23.38180139556337,17900
2021-10-18,23.37205696105957,23.37205696105957,23.196620035876705,23.24535354786828,20900
2021-10-19,23.370107650756836,23.479267738159542,23.370107650756836,23.43053608742428,5800
2021-10-20,23.566986083984375,23.576732785883483,23.391549167787044,23.391549167787044,8200
2021-10-21,23.65470314025879,23.65470314025879,23.49875963710119,23.596222932329795,2900
2021-10-22,23.752168655395508,23.83014040815909,23.605969992344722,23.752168655395508,11300
2021-10-25,23.808700561523438,23.937354066203287,23.752172286947463,23.849635598558525,9100
2021-10-26,23.693693161010742,23.947101872662476,23.654708206368564,23.947101872662476,10000
2021-10-27,23.261919021606445,23.47926505911554,23.261919021606445,23.46951835828195,3700
2021-10-28,23.66444969177246,23.66444969177246,23.479266085822672,23.479266085822672,5400
2021-10-29,23.541645050048828,23.674198712977077,23.46952168445044,23.62546520190247,13600
2021-11-01,23.89251708984375,23.94709713093164,23.5767317696953,23.5767317696953,7600
2021-11-02,23.91786003112793,23.94709827797222,23.869126521398584,23.93735157602635,13400
2021-11-03,24.20050811767578,24.229748224922307,23.81064931602242,23.81064931602242,9300
2021-11-04,24.190759658813477,24.341830746794773,24.12253460585201,24.26873141348276,16400
2021-11-05,24.355478286743164,24.463664270244,24.263861511967033,24.463664270244,11700
2021-11-08,24.375946044921875,24.600114632710813,24.327212530841575,24.551382977623994,13000
2021-11-09,24.385690689086914,24.385690689086914,24.225848866183107,24.366197285100437,12500
2021-11-10,24.132282257080078,24.39543763656563,23.97633874160568,24.317465878828433,23700
2021-11-11,24.288225173950195,24.3077185776524,24.249238366545786,24.249238366545786,3800
2021-11-12,24.370094299316406,24.395436094951084,24.307717640665736,24.35255098025798,17800
2021-11-15,24.327211380004883,24.522141709117637,24.297973131933343,24.522141709117637,21100
2021-11-16,24.366195678710938,24.48802665710449,24.307717329600127,24.35644897736027,11900
2021-11-17,24.156644821166992,24.346700838802853,24.127404718841053,24.346700838802853,7900
2021-11-18,24.14495277404785,24.297972090576803,23.97633836262063,24.297972090576803,3800
2021-11-19,24.02507209777832,24.11279056383094,23.9763404428573,24.073805611692816,8100
2021-11-22,24.03481674194336,24.24923860782117,24.03481674194336,24.142028604378922,12100
2021-11-23,24.044565200805664,24.09914524850837,23.781409805958933,24.09914524850837,7600
2021-11-24,24.03481674194336,24.05431014583952,23.878873228760714,23.947098283403957,6300
2021-11-26,23.284337997436523,23.459774918844342,23.108901076028705,23.440281514467173,18300
2021-11-29,23.342819213867188,23.615719450903683,23.245354046785536,23.615719450903683,12500
2021-11-30,22.68006134033203,23.16738538189141,22.611836271952708,23.16738538189141,9300
2021-12-01,22.30481719970703,23.18687420994739,22.30481719970703,23.099155751072953,13500
2021-12-02,22.93346405029297,22.97244899671647,22.377913227064152,22.377913227064152,5900
2021-12-03,22.592336654663086,22.797011803546408,22.41689975048128,22.748280156381764,5100
2021-12-06,22.936389923095703,23.108900786795083,22.69955045395813,22.69955045395813,12800
2021-12-07,23.459774017333984,23.62546423018609,23.420789069071112,23.430535770885154,7800
2021-12-08,23.605968475341797,23.625461877028282,23.527996727588956,23.576730231805172,2300
2021-12-09,23.27264404296875,23.547494363799107,23.27264404296875,23.547494363799107,5100
2021-12-10,23.25119972229004,23.362308029242502,23.172251998095536,23.333069783831107,3400
2021-12-13,22.958805084228516,23.245352168962217,22.8944783394102,23.245352168962217,10700
2021-12-14,22.809682846069336,22.98219555507918,22.75802700230748,22.75802700230748,18600
2021-12-15,23.13716697692871,23.186874600192375,22.660563838087725,22.84574746093862,10000
2021-12-16,22.93346405029297,23.35256105456332,22.888628852265118,23.24535105765379,7100
2021-12-17,22.816364288330078,23.030075444179715,22.62997683123999,22.72756226736154,20700
2021-12-20,22.39577293395996,22.522632698201697,22.13229281443399,22.522632698201697,19900
2021-12-21,23.060325622558594,23.060325622558594,22.61045807218343,22.61045807218343,9500
2021-12-22,23.266223907470703,23.28379073317419,22.991034501512335,22.991034501512335,19200
2021-12-23,23.469207763671875,23.469207763671875,23.361865456129014,23.420415974905794,9000
2021-12-27,23.771718978881836,23.771718978881836,23.430170928703863,23.430170928703863,7300
2021-12-28,23.7522029876709,23.927856387817787,23.742444258630822,23.927856387817787,8500
2021-12-29,23.88004493713379,23.89858522330535,23.815638800963267,23.815638800963267,3800
2021-12-30,23.78050422668457,24.025444067575187,23.78050422668457,23.947376089228605,6800
2021-12-31,23.800996780395508,23.908340947608988,23.781481181955478,23.781481181955478,4200
2022-01-03,23.859546661376953,23.957130227221878,23.683893264796556,23.947373359667154,17000
2022-01-04,23.9376163482666,24.06447610973908,23.888822700556155,24.025443052858062,11100
2022-01-05,23.37845230102539,24.005923861123375,23.37845230102539,23.957130216934654,19100
2022-01-06,23.488723754882812,23.674135890916997,23.400897051565952,23.52775867248467,63200
2022-01-07,23.32965660095215,23.586305749035155,23.32965660095215,23.547270837124064,11900
2022-01-10,23.254518508911133,23.254518508911133,22.873937390401704,23.176450539440296,15900
2022-01-11,23.508237838745117,23.508237838745117,23.152052642556498,23.303308273330526,4100
2022-01-12,23.550201416015625,23.747322905042545,23.381378938557127,23.68389395764524,9900
2022-01-13,23.34234619140625,23.659498377727616,23.34234619140625,23.605826297462098,9200
2022-01-14,23.293556213378906,23.293556213378906,22.94224937805229,23.220366668923383,10400
2022-01-18,22.717805862426758,23.000801608723258,22.717805862426758,23.000801608723258,17200
2022-01-19,22.493358612060547,22.932492185662728,22.473843012012996,22.932492185662728,14500
2022-01-20,22.151809692382812,22.84075961567769,22.11277477438715,22.659250597315065,2500
2022-01-21,21.76049041748047,22.1664445889376,21.750731688979617,22.054222003108524,25000
2022-01-24,22.044466018676758,22.083499076251808,21.019823595273937,21.43943780532077,42500
2022-01-25,21.737071990966797,21.87369234220229,21.322336225745687,21.64436685297159,14700
2022-01-26,21.566299438476562,22.18108452049283,21.35161110722693,21.985915509969157,11900
2022-01-27,21.283302307128906,21.98591597136378,21.234510518795894,21.810262555305062,6700
2022-01-28,21.5906925201416,21.5906925201416,21.03445802759813,21.18571366532903,14300
2022-01-31,22.151809692382812,22.151809692382812,21.546781492461403,21.546781492461403,9700
2022-02-01,22.417240142822266,22.417240142822266,22.112774487046835,22.151809404535264,15100
2022-02-02,22.467987060546875,22.512875731906682,22.30794797485917,22.503117001387153,4800
2022-02-03,22.063983917236328,22.332342475250705,22.063983917236328,22.1615674937598,12800
2022-02-04,22.14204978942871,22.27866827259853,21.92736147440501,22.05422308988033,8300
2022-02-07,22.08544921875,22.23963452606243,22.08544921875,22.190840882671772,9100
2022-02-08,22.52067756652832,22.52067756652832,22.400648741063314,22.418213708047563,8000
2022-02-09,22.961761474609375,22.961761474609375,22.786108097975646,22.786108097975646,9800
2022-02-10,22.67876625061035,23.098382279216857,22.620215739566035,22.89345269863097,12600
2022-02-11,22.307945251464844,22.77635309149296,22.249392875495854,22.7373181741803,7700
2022-02-14,22.14204978942871,22.356736243165173,22.024946902935124,22.31770318852547,9100
2022-02-15,22.60070037841797,22.60070037841797,22.278669745873955,22.278669745873955,9300
2022-02-16,22.62021827697754,22.659251334956533,22.43480613303697,22.43480613303697,7000
2022-02-17,22.103010177612305,22.4250407204437,22.078614290984607,22.366490220279857,7300
2022-02-18,21.92736053466797,22.229875536275216,21.917601806104464,22.229875536275216,9500
2022-02-22,21.605331420898438,21.985914415861913,21.53214374357694,21.839535338644346,13700
2022-02-23,21.276472091674805,21.727315005989293,21.273544286471225,21.639488295031764,2600
2022-02-24,21.546781539916992,21.546781539916992,20.60996584140585,20.648998898200144,14400
2022-02-25,22.18596649169922,22.18596649169922,21.732195762559556,21.84929680546091,4600
2022-02-28,22.108875274658203,22.21036384451851,21.79074771379946,21.79074771379946,10500
2022-03-01,21.615087509155273,22.142047655663934,21.507745223274924,22.142047655663934,5300
2022-03-02,22.22011947631836,22.307946182650635,21.76634878069739,21.76634878069739,8800
2022-03-03,22.00543212890625,22.161568089082962,21.88833108941745,22.161568089082962,2700
2022-03-04,21.57605743408203,21.57605743408203,21.34673194669983,21.440414259787623,4400
2022-03-07,20.688032150268555,21.556538533483106,20.688032150268555,21.556538533483106,13300
2022-03-08,20.736827850341797,21.175961419922874,20.541656961352974,20.727069119763602,5900
2022-03-09,21.36625099182129,21.46871486606397,21.254028387466814,21.254028387466814,7600
2022-03-10,21.332094192504883,21.332094192504883,21.019822305909848,21.019822305909848,4100
2022-03-11,21.098865509033203,21.419920808955954,21.098865509033203,21.419920808955954,4300
2022-03-14,20.990549087524414,21.322338479282728,20.91248110483349,21.15644378340357,6800
2022-03-15,21.341854095458984,21.341854095458984,21.12228733146805,21.13692449530499,2400
2022-03-16,21.966394424438477,21.97615315254685,21.488227914850626,21.927359512004987,6400
2022-03-17,22.239633560180664,22.239633560180664,22.005427804651568,22.015186532905872,2100
2022-03-18,22.437883377075195,22.437883377075195,22.119518351500158,22.226942658799352,4500
2022-03-21,22.344127655029297,22.510146166629163,22.168344992167704,22.510146166629163,7100
2022-03-22,22.518939971923828,22.602926215951964,22.4124935684224,22.4124935684224,6400
2022-03-23,22.15857696533203,22.392955690533096,22.1292789261782,22.392955690533096,4700
2022-03-24,22.325572967529297,22.325572967529297,22.139046390181317,22.29529888388919,6200
2022-03-25,22.461315155029297,22.461315155029297,22.26111655098066,22.422251104153236,4600
2022-03-28,22.373424530029297,22.373424530029297,22.21717204051671,22.363658516600186,2600
2022-03-29,22.89003562927246,22.949607756209605,22.617570729020517,22.617570729020517,13400
2022-03-30,22.54920768737793,22.861712647568677,22.439831323846466,22.861712647568677,4500
2022-03-31,22.236709594726562,22.52968261971745,22.236709594726562,22.51991660386081,8800
2022-04-01,22.275768280029297,22.368544484687366,22.13904780496701,22.305066322975545,4500
2022-04-04,22.236709594726562,22.236709594726562,22.168349346407158,22.236709594726562,4700
2022-04-05,21.865604400634766,22.23670548387409,21.865604400634766,22.23670548387409,4700
2022-04-06,21.578495025634766,21.670293337882327,21.435914549419802,21.670293337882327,15300
2022-04-07,21.6048583984375,21.621460436670628,21.32848745501062,21.572632227286224,11400
2022-04-08,21.582401275634766,21.74158379384537,21.582401275634766,21.67029355502354,3200
2022-04-11,21.509153366088867,21.66052379054519,21.484739262189905,21.484739262189905,4900
2022-04-12,21.511104583740234,21.865601723276644,21.445672483876667,21.67028705419801,13000
2022-04-13,21.8529109954834,21.870489076297492,21.44567583279352,21.44567583279352,4700
2022-04-14,21.6995849609375,21.938847638288298,21.6995849609375,21.875369481003126,2400
2022-04-18,21.636112213134766,21.748418594325592,21.543335999737646,21.689822502913636,4100
2022-04-19,22.148813247680664,22.153695323373995,22.00232676208339,22.00232676208339,7500
2022-04-20,22.33338165283203,22.383187756315692,22.23670129847264,22.23670129847264,2800
2022-04-21,21.8529109954834,22.384168766506942,21.836308957304315,22.353894680730587,2500
2022-04-22,21.211294174194336,21.709349663407348,21.211294174194336,21.709349663407348,12000
2022-04-25,21.26012420654297,21.3089524090137,20.76206871810009,21.025745481865705,8200
2022-04-26,20.625350952148438,21.045278391146038,20.625350952148438,21.045278391146038,10700
2022-04-27,20.690778732299805,20.908555423546055,20.55698640123446,20.67417669623051,6500
2022-04-28,21.02867889404297,21.02867889404297,20.44956707962554,20.918324605261066,5800
2022-04-29,20.469093322753906,21.098987174846876,20.469093322753906,21.098987174846876,4500
2022-05-02,20.60484504699707,20.60484504699707,20.234719957882284,20.459334585125976,4700
2022-05-03,20.91832160949707,20.947619649157257,20.703474906685386,20.703474906685386,7900
2022-05-04,21.5140380859375,21.5140380859375,20.81578388553923,21.025748539515035,2600
2022-05-05,20.716175079345703,21.33825707759033,20.561876495965688,21.33825707759033,3600
2022-05-06,20.441749572753906,20.605815981886376,20.29331101948844,20.605815981886376,9700
2022-05-09,19.59017562866211,20.20542148604989,19.551113434442033,20.20542148604989,6700
2022-05-10,19.56966781616211,19.912446910450775,19.199544626755078,19.912446910450775,6700
2022-05-11,19.210289001464844,19.805026867398112,19.210289001464844,19.54135003607825,4100
2022-05-12,19.334312438964844,19.502283037858483,19.036455529465925,19.05305756710234,17400
2022-05-13,19.961275100708008,20.019869318627713,19.629238094702007,19.668300285756274,6800
2022-05-16,19.87924575805664,20.044286380209343,19.864595804406342,19.93198000316708,3300
2022-05-17,20.41050148010254,20.41929145139873,20.14682469333706,20.195654762743644,4800
2022-05-18,19.57552719116211,20.01987058575347,19.57552719116211,20.01987058575347,9200
2022-05-19,19.63705062866211,19.805023083427933,19.404625836521237,19.404625836521237,16400
2022-05-20,19.50716781616211,19.931979201394963,19.082356430929256,19.892917006144845,7500
2022-05-23,19.794279098510742,19.873383250135372,19.6878327164609,19.71713075736002,3300
2022-05-24,19.502281188964844,19.502281188964844,19.199542232474528,19.453452985964535,2400
2022-05-25,19.942718505859375,19.942718505859375,19.598963411863743,19.598963411863743,1100
2022-05-26,20.44273567199707,20.46421979140356,20.10776855937449,20.10776855937449,1900
2022-05-27,20.89195442199707,20.89195442199707,20.576519446413943,20.576519446413943,2700
2022-05-31,20.695661544799805,20.810897896202572,20.566753147050154,20.644879392271864,3800
2022-06-01,20.538434982299805,20.801133878408184,20.52769292523616,20.801133878408184,2600
2022-06-02,21.01598358154297,21.01598358154297,20.552108116587156,20.552108116587156,3900
2022-06-03,20.81089973449707,20.859729806246843,20.713241453674307,20.74351553935613,4300
2022-06-06,20.964223861694336,21.064812140831602,20.90855962455982,21.064812140831602,7500
2022-06-07,21.2054386138916,21.2054386138916,20.78160328256129,20.78160328256129,600
2022-06-08,20.858753204345703,21.064811835849195,20.82750307407918,20.996451593804647,3800
2022-06-09,20.43296241760254,20.762069431022084,20.43296241760254,20.723005377562906,1000
2022-06-10,19.772794723510742,20.044283565802875,19.75619268682274,20.044283565802875,5300
2022-06-13,18.810863494873047,19.189776616592635,18.74055117912529,19.12141638590644,10900
2022-06-14,18.745437622070312,18.867510023217086,18.730789529989345,18.84797799199112,3700
2022-06-15,18.94953727722168,19.028641423836387,18.88703702914054,19.013991472976333,3700
2022-06-16,18.01788330078125,18.545234992356548,17.910459014690684,18.545234992356548,13900
2022-06-17,18.126440048217773,18.278024114958658,17.906399262724776,18.170448205316372,16400
2022-06-21,18.383642196655273,18.551849857419533,18.383642196655273,18.493172939972055,3600
2022-06-22,18.295623779296875,18.385594917993643,18.053089315269247,18.053089315269247,6600
2022-06-23,18.314205169677734,18.346478684912718,18.287801770755575,18.287801770755575,1100
2022-06-24,18.975303649902344,18.975303649902344,18.933252206097183,18.933252206097183,900
2022-06-27,19.067235946655273,19.18752578614508,18.95281435916638,19.0603902744228,11500
2022-06-28,18.82861328125,19.099507887445803,18.82861328125,19.099507887445803,400
2022-06-29,18.647689819335938,18.647689819335938,18.512731239867623,18.512731239867623,1300
2022-06-30,18.428625106811523,18.639863471326457,18.278020356525108,18.361145822115443,1600
2022-07-01,18.689743041992188,18.689743041992188,18.45405608084888,18.493173405029044,3600
2022-07-05,18.6545352935791,18.6545352935791,18.184136975811466,18.405155150208508,4100
2022-07-06,18.555761337280273,18.62910701012961,18.439383069312957,18.600746907131178,2300
2022-07-07,18.990949630737305,18.990949630737305,18.747437774423886,18.747437774423886,2100
2022-07-08,18.96943473815918,19.00170825019608,18.874572772597475,18.943031341853416,2700
2022-07-11,18.712234497070312,18.796337386732674,18.712234497070312,18.747440271100817,4700
2022-07-12,18.659421920776367,18.835454502200562,18.659421920776367,18.659421920776367,2300
2022-07-13,18.626169204711914,18.68875951437358,18.385591490850697,18.414930873376946,2700
2022-07-14,18.41591453552246,18.41591453552246,18.13133044936582,18.13133044936582,8400
2022-07-15,18.77286720275879,18.77286720275879,18.581188410601026,18.581188410601026,1700
2022-07-18,18.794382095336914,19.099505013958495,18.794382095336914,19.04082623824295,4600
2022-07-19,19.437875747680664,19.441787292748533,19.230548936641863,19.230548936641863,3400
2022-07-20,19.650096893310547,19.686280090619928,19.377245591484353,19.441790759877822,3100
2022-07-21,19.754735946655273,19.754735946655273,19.461347671028527,19.461347671028527,1900
2022-07-22,19.56598663330078,19.87697775059223,19.510243857520823,19.862307126461946,1600
2022-07-25,19.726375579833984,19.73517795628597,19.64716165298793,19.733221250861487,2900
2022-07-26,19.540563583374023,19.627600594809984,19.529804502300696,19.568923685426537,1800
2022-07-27,19.89165687561035,19.901436675025433,19.58849055496685,19.58849055496685,11500
2022-07-28,20.217309951782227,20.217309951782227,19.803633719133252,19.803633719133252,2800
2022-07-29,20.47549057006836,20.5077622181929,20.26718632401253,20.28283250541642,9900
2022-08-01,20.454954147338867,20.478425285426308,20.310215773350563,20.36106959498911,2700
2022-08-02,20.273054122924805,20.429527139705947,20.273054122924805,20.331732903196855,3100
2022-08-03,20.403120040893555,20.403120040893555,20.302389831799378,20.35128694118782,9300
2022-08-04,20.28772735595703,20.40997203259732,20.28772735595703,20.40997203259732,3400
2022-08-05,20.41387939453125,20.41387939453125,20.106799770258682,20.106799770258682,1700
2022-08-08,20.539058685302734,20.703354784864974,20.537101979938967,20.703354784864974,8400
2022-08-09,20.254472732543945,20.507762552219532,20.224155923948413,20.507762552219532,3000
2022-08-10,20.757143020629883,20.797239626050047,20.59577917890642,20.59577917890642,9800
2022-08-11,20.92633056640625,21.09453821866293,20.92633056640625,21.016301710921468,4800
2022-08-12,21.21483039855957,21.2216760704322,21.05542323982307,21.05542323982307,2500
2022-08-15,21.219717025756836,21.219717025756836,21.055420918923804,21.084758443540856,7200
2022-08-16,21.342939376831055,21.436823933530643,21.211894203852175,21.211894203852175,13600
2022-08-17,21.123878479003906,21.23145251576528,20.96740545707322,21.23145251576528,9400
2022-08-18,21.255901336669922,21.280349894756494,21.13365668093164,21.13365668093164,4300
2022-08-19,20.94491195678711,21.09453930889217,20.920463396599104,21.09453930889217,6200
2022-08-22,20.489185333251953,20.674018472764697,20.489185333251953,20.674018472764697,4700
2022-08-23,20.567419052124023,20.683795457471746,20.537102243082245,20.683795457471746,2500
2022-08-24,20.670103073120117,20.693574210075266,20.611426163384913,20.611426163384913,500
2022-08-25,20.977184295654297,20.986962226935844,20.791371891111837,20.791371891111837,3100
2022-08-26,20.392366409301758,21.05542288004823,20.392366409301758,21.05542288004823,3900
2022-08-29,20.263273239135742,20.392363564320064,20.1733020987008,20.1733020987008,4200
2022-08-30,19.960105895996094,20.15569807813213,19.940546304721433,20.15569807813213,2500
2022-08-31,19.852527618408203,19.96010349215796,19.852527618408203,19.920986179624908,5600
2022-09-01,19.673566818237305,19.673566818237305,19.461349152144983,19.559145251463388,3500
2022-09-02,19.579679489135742,19.901427845512085,19.53958288891506,19.901427845512085,2200
2022-09-06,19.405607223510742,19.617823033695462,19.405607223510742,19.617823033695462,1700
2022-09-07,19.854488372802734,19.854488372802734,19.43983470273522,19.43983470273522,1500
2022-09-08,20.072568893432617,20.072568893432617,19.872087764652314,19.872087764652314,3400
2022-09-09,20.449087142944336,20.46864673676034,20.42952754912833,20.45886693985234,4000
2022-09-12,20.67205810546875,20.67205810546875,20.585996655162848,20.634895630406014,1100
2022-09-13,19.86133575439453,20.24371780787182,19.813416053355823,20.24371780787182,5300
2022-09-14,19.794832229614258,19.950327822652618,19.78407501307612,19.950327822652618,3100
2022-09-15,19.688234329223633,19.96988610740474,19.656940101715808,19.656940101715808,3300
2022-09-16,19.4060115814209,19.422670979225874,19.256078870288412,19.422670979225874,2900
2022-09-19,19.62355613708496,19.62355613708496,19.363869220824185,19.363869220824185,1500
2022-09-20,19.313892364501953,19.35407079438764,19.188458132496066,19.30507389445168,3000
2022-09-21,19.040491104125977,19.06009061684581,19.040491104125977,19.06009061684581,1400
2022-09-22,18.62890625,18.763158955050635,18.58970723388737,18.763158955050635,21600
2022-09-23,18.16832733154297,18.374116539612977,17.94293674813209,18.374116539612977,58200
2022-09-26,17.88610076904297,18.1095287847274,17.815543668194934,18.050732135243262,1300
2022-09-27,17.921384811401367,18.217330732322665,17.77635103027977,18.129134791914087,17300
2022-09-28,18.43291664123535,18.481915415984368,18.03113603385414,18.03113603385414,5900
2022-09-29,18.109525680541992,18.1408837636176,17.972332898891533,18.1408837636176,3400
2022-09-30,17.97233772277832,18.374118293262026,17.97233772277832,18.050733886065093,5100
2022-10-03,18.560312271118164,18.648508199807594,18.3839204137393,18.3839204137393,8700
2022-10-04,19.295270919799805,19.295270919799805,18.864091169712275,18.864091169712275,10900
2022-10-05,19.321735382080078,19.38347403065192,18.991491274335353,19.109086475052784,5700
2022-10-06,19.177682876586914,19.27567856556341,19.118886210845936,19.167883120778033,4800
2022-10-07,18.6975040435791,18.8346968719081,18.661245137901254,18.7563007029898,9700
2022-10-10,18.65046501159668,18.65046501159668,18.501511737559905,18.64458478522365,800
2022-10-11,18.601465225219727,18.83665368344201,18.50150886882485,18.50150886882485,1600
2022-10-12,18.506410598754883,18.62890471031473,18.506410598754883,18.51915046484973,6800
2022-10-13,18.932693481445312,19.01108965421914,18.089933222292515,18.089933222292515,4000
2022-10-14,18.413318634033203,18.5505114623761,18.413318634033203,18.5505114623761,9400
2022-10-17,18.88663673400879,18.913094017186555,18.844497599480867,18.844497599480867,5000
2022-10-18,19.131624221801758,19.334473353092022,19.03068842897659,19.32467359823512,5700
2022-10-19,18.824893951416016,18.95914851294249,18.756297548787213,18.95914851294249,4200
2022-10-20,18.61322593688965,19.070864909350068,18.61322593688965,19.070864909350068,3300
2022-10-21,18.981691360473633,18.981691360473633,18.599508400791542,18.717103588950366,2400
2022-10-24,19.103206634521484,19.14828588602473,18.98169377195089,19.14828588602473,700
2022-10-25,19.5471248626709,19.57946237274566,19.251178983375645,19.251178983375645,1100
2022-10-26,19.596118927001953,19.844047278057896,19.589259286243724,19.618658547684102,1900
2022-10-27,19.541242599487305,19.795051187025575,19.541242599487305,19.795051187025575,6400
2022-10-28,19.858747482299805,19.862667010300456,19.55986151018356,19.55986151018356,5100
2022-10-31,19.849925994873047,19.902842418507902,19.804846756936364,19.804846756936364,3200
2022-11-01,19.946943283081055,19.99104124376669,19.858747361709785,19.98124148926854,2800
2022-11-02,19.331531524658203,19.87344689240534,19.331531524658203,19.87344689240534,6200
2022-11-03,19.235496520996094,19.373670622148893,19.020886955622228,19.138482134168434,2700
2022-11-04,19.497140884399414,19.497140884399414,19.20707531816736,19.236472706034398,5100
2022-11-07,19.699995040893555,19.699995040893555,19.50106358758395,19.538301904843838,2500
2022-11-08,19.806806564331055,19.99103742786115,19.726449714252063,19.976338733475657,5300
2022-11-09,19.327613830566406,19.608861002442975,19.300175264443045,19.608861002442975,1900
2022-11-10,20.412416458129883,20.412416458129883,20.09883186565984,20.09883186565984,47100
2022-11-11,20.530017852783203,20.637811421002446,20.471219321995786,20.500618587389493,5700
2022-11-14,20.31442642211914,20.61821321553635,20.31442642211914,20.392822591911166,16000
2022-11-15,20.579010009765625,20.68680542221825,20.530013114529925,20.667205916479272,13800
2022-11-16,20.275222778320312,20.47121220547562,20.25072433356484,20.47121220547562,11100
2022-11-17,20.124309539794922,20.147828570923757,19.93223963287297,19.99103627613926,4200
2022-11-18,20.28110694885254,20.398702134150604,20.187032669726147,20.363424513117216,4500
2022-11-21,20.206628799438477,20.226226436117262,20.118432892492823,20.147830282066874,2100
2022-11-22,20.604488372802734,20.604488372802734,20.42221819851241,20.461415341831444,6400
2022-11-23,20.628007888793945,20.628007888793945,20.53981197787405,20.53981197787405,1200
2022-11-25,20.706405639648438,20.755404410102983,20.598612082872393,20.598612082872393,2500
2022-11-28,20.35362434387207,20.588812840564106,20.319326138257313,20.588812840564106,10700
2022-11-29,20.475135803222656,20.54471349356659,20.451618637342,20.54471349356659,2600
2022-11-30,20.891620635986328,20.891620635986328,20.398703966403595,20.513359048728756,2800
2022-12-01,20.82497787475586,20.980790769656775,20.78479944826909,20.941593626846295,32000
2022-12-02,20.824003219604492,20.833802974824827,20.706408026072655,20.706408026072655,3700
2022-12-05,20.30266571044922,20.716204855310327,20.265427393516404,20.716204855310327,2800
2022-12-06,20.09197425842285,20.216427198228462,20.040037248955432,20.216427198228462,4000
2022-12-07,20.098834991455078,20.226228051041506,20.05963597674424,20.147831890731727,4600
2022-12-08,20.216432571411133,20.317368373430124,20.187035173274865,20.187035173274865,4400
2022-12-09,20.059635162353516,20.226227229887396,20.059635162353516,20.108633928752788,3400
2022-12-12,20.289926528930664,20.324224733959994,20.16253346298059,20.19095144168718,5700
2022-12-13,20.457494735717773,20.87299452619453,20.392817863906657,20.87299452619453,3000
2022-12-14,20.392818450927734,20.598609523038768,20.334021802801043,20.525112311046595,3100
2022-12-15,19.944000244140625,20.03513626540337,19.903823686437583,19.991038311186674,9200
2022-12-16,19.792842864990234,19.792842864990234,19.606348912888755,19.738857625791336,13200
2022-12-19,19.52586555480957,19.79284691778721,19.43458150649899,19.79284691778721,8500
2022-12-20,19.621074676513672,19.67996682335138,19.493474713007373,19.493474713007373,5800
2022-12-21,19.958728790283203,19.974434238751368,19.856648055609813,19.856648055609813,3500
2022-12-22,19.732973098754883,19.732973098754883,19.4640297085564,19.64070803941722,2600
2022-12-23,19.900814056396484,19.900814056396484,19.900814056396484,19.900814056396484,200
2022-12-27,19.935169219970703,19.974431900470943,19.84683006099281,19.87627707136799,10900
2022-12-28,19.562185287475586,19.966580457491496,19.562185287475586,19.966580457491496,17600
2022-12-29,19.9616756439209,19.9744362050482,19.891003927078994,19.891003927078994,1700
2022-12-30,19.909648895263672,19.909648895263672,19.79775250848555,19.79775250848555,4000
2023-01-03,19.775177001953125,20.04313936236852,19.660337595044485,20.04313936236852,1600
2023-01-04,20.01958465576172,20.102034047173838,19.88609489745431,19.90572623983277,6000
2023-01-05,19.87235450744629,19.905727417033738,19.85272316390685,19.8860960734943,2700
2023-01-06,20.31797218322754,20.357232990260297,20.180554678243915,20.180554678243915,8400
2023-01-09,20.340545654296875,20.56335741744624,20.340545654296875,20.50446340123678,10900
2023-01-10,20.533912658691406,20.533912658691406,20.29834218449094,20.29834218449094,7300
2023-01-11,20.808746337890625,20.808746337890625,20.60262099768999,20.60262099768999,11400
2023-01-12,20.990331649780273,21.044316902720304,20.74003672653973,20.769483738729136,4800
2023-01-13,21.115966796875,21.115966796875,20.916712264724815,20.916712264724815,5200
2023-01-17,21.032535552978516,21.142469932476143,21.032535552978516,21.132654262584516,8600
2023-01-18,20.808746337890625,21.230808944686675,20.808746337890625,21.098302070737116,4200
2023-01-19,20.637956619262695,20.637956619262695,20.52704309375532,20.52704309375532,1000
2023-01-20,21.00505256652832,21.00505256652832,20.759666434040497,20.759666434040497,7800
2023-01-23,21.285776138305664,21.285776138305664,21.00505321093016,21.00505321093016,10600
2023-01-24,21.22492218017578,21.25535019930593,21.103210103655186,21.240625756405628,3400
2023-01-25,21.27890396118164,21.27890396118164,20.98542049449784,21.005051833727418,6100
2023-01-26,21.515457153320312,21.515457153320312,21.279886680038974,21.279886680038974,7400
2023-01-27,21.522329330444336,21.59398204411371,21.432026280151902,21.495827205847267,7600
2023-01-30,21.290681838989258,21.544902629572842,21.290681838989258,21.40748512583824,12500
2023-01-31,21.74317741394043,21.74317741394043,21.436935214850024,21.436935214850024,4000
2023-02-01,22.039602279663086,22.192723367659724,21.638150160387006,21.790290242990373,15900
2023-02-02,22.261428833007812,22.35958365423389,22.143642673107017,22.241797494333095,10600
2023-02-03,22.138736724853516,22.33013760477944,22.114198486530526,22.173090632935214,13600
2023-02-06,21.92770767211914,22.035678182910043,21.85899984603324,22.035678182910043,10300
2023-02-07,22.143644332885742,22.143644332885742,21.770658230846433,21.82955037913735,3200
2023-02-08,21.878625869750977,22.03567282609759,21.809916188220363,22.03567282609759,5700
2023-02-09,21.63520622253418,22.035677354010424,21.63520622253418,22.035677354010424,11300
2023-02-10,21.711767196655273,21.73139666566107,21.593981021881824,21.593981021881824,3500
2023-02-13,21.94341278076172,21.94341278076172,21.682321173528962,21.682321173528962,5000
2023-02-14,21.972858428955078,22.020953907581063,21.76771595461016,21.81973732730694,9000
2023-02-15,22.081811904907227,22.081811904907227,22.056292655109342,22.056292655109342,1000
2023-02-16,21.949298858642578,22.13382896538493,21.947336847889723,21.986597656571153,6300
2023-02-17,21.87175750732422,21.87175750732422,21.770657792539676,21.80991859989397,1900
2023-02-21,21.353500366210938,21.70195009621087,21.338777797389675,21.70195009621087,16000
2023-02-22,21.376075744628906,21.48600824803973,21.338776949236298,21.3485926187762,7600
2023-02-23,21.518402099609375,21.603796373001995,21.279886737349347,21.603796373001995,2100
2023-02-24,21.461471557617188,21.490918568359994,21.260254997910533,21.260254997910533,9900
2023-02-27,21.53606605529785,21.711763344800584,21.49582237471701,21.593977190923415,2300
2023-02-28,21.435951232910156,21.574347870490314,21.435951232910156,21.56453220073715,3900
2023-03-01,21.477176666259766,21.477176666259766,21.299517343515273,21.299517343515273,6100
2023-03-02,21.572389602661133,21.593982956576014,21.38589558928929,21.38589558928929,2800
2023-03-03,21.80304718017578,21.819733631261034,21.607720410168195,21.607720410168195,3600
2023-03-06,21.532142639160156,21.80991879778076,21.505640517470678,21.731395310212108,6800
2023-03-07,21.321109771728516,21.525271207674066,21.279885082410384,21.525271207674066,4700
2023-03-08,21.306386947631836,21.309329963564192,21.176823105001684,21.279884827060318,3300
2023-03-09,20.8028507232666,21.29264188202282,20.8028507232666,21.29264188202282,2000
2023-03-10,20.238466262817383,20.66151171786942,20.142275317725275,20.66151171786942,11600
2023-03-13,19.787939071655273,19.964617399961657,19.689784236801977,19.846831223708147,11800
2023-03-14,20.082399368286133,20.337601160363114,19.944983738762964,20.21981686995684,2700
2023-03-15,19.567087173461914,19.63088808393597,19.34623930808816,19.63088808393597,7800
2023-03-16,19.9371280670166,19.9547955199201,19.414946904433506,19.414946904433506,2000
2023-03-17,19.511388778686523,19.62544370361407,19.47795827254912,19.62544370361407,6100
2023-03-20,19.844707489013672,19.949914376318333,19.72376804716082,19.72376804716082,2700
2023-03-21,20.24488639831543,20.24488639831543,20.166227371831674,20.21538856011685,2000
2023-03-22,19.775882720947266,20.195725731037935,19.775882720947266,20.146562666105332,2300
2023-03-23,19.64412498474121,19.959743749717177,19.46812442706031,19.959743749717177,10000
2023-03-24,19.650026321411133,19.650026321411133,19.40126667143908,19.438629847634136,3400
2023-03-27,19.913536071777344,19.99907774407577,19.76310065237738,19.861424909429847,4700
2023-03-28,19.94696617126465,20.003992701370642,19.94696617126465,20.003992701370642,1500
2023-03-29,20.205554962158203,20.205554962158203,20.10428261916813,20.10723259038206,900
2023-03-30,20.26455307006836,20.37270806709063,20.23505522976451,20.37270806709063,1000
2023-03-31,20.589019775390625,20.589019775390625,20.416951870373317,20.446449707759474,3400
2023-04-03,20.64211654663086,20.6480164900169,20.49069841917093,20.6480164900169,8800
2023-04-04,20.25373649597168,20.37270679774567,20.205556130530216,20.37270679774567,5400
2023-04-05,20.11214828491211,20.17605932790606,20.06298709822695,20.17605932790606,500
2023-04-06,20.054140090942383,20.054140090942383,19.959748498401904,19.959748498401904,400
2023-04-10,20.294050216674805,20.294050216674805,19.949918103321384,19.949918103321384,6200
2023-04-11,20.442520141601562,20.50053125117004,20.35796116189273,20.382541759090355,2500
2023-04-12,20.3323917388916,20.530021031079443,20.3323917388916,20.530021031079443,2200
2023-04-13,20.493648529052734,20.520196399089595,20.36287645180348,20.373693639877274,2200
2023-04-14,20.416954040527344,20.648015769497853,20.343212252292414,20.648015769497853,600
2023-04-17,20.537893295288086,20.537893295288086,20.392373242354974,20.44153630940364,800
2023-04-18,20.577219009399414,20.628347466785897,20.520192485091446,20.559521057876974,1600
2023-04-19,20.542810440063477,20.542810440063477,20.542810440063477,20.542810440063477,200
2023-04-20,20.42973518371582,20.5103614835566,20.421869843616914,20.480863645116994,2400
2023-04-21,20.39925193786621,20.4218671318715,20.382536685841238,20.412034520363935,1800
2023-04-24,20.413021087646484,20.413021087646484,20.343211970704857,20.343211970704857,1300
2023-04-25,19.947948455810547,20.156394971962783,19.947948455810547,20.156394971962783,1200
2023-04-26,19.775882720947266,19.969579383106296,19.775882720947266,19.969579383106296,1800
2023-04-27,20.03546142578125,20.038409522383798,19.84176285224791,19.84176285224791,1700
2023-04-28,20.3156795501709,20.3156795501709,19.969578342446493,19.969578342446493,900
2023-05-01,20.313709259033203,20.4169488616021,20.303876648020147,20.313709259033203,7600
2023-05-02,19.94696617126465,20.185893229557333,19.709021811662293,20.185893229557333,6000
2023-05-03,19.848642349243164,20.097402026003497,19.848642349243164,20.03840634647146,4900
2023-05-04,19.49369239807129,19.595949321921577,19.41896604022845,19.58611670900761,4000
2023-05-05,19.934181213378906,19.940081155576788,19.814226349169413,19.814226349169413,2500
2023-05-08,19.887968063354492,19.99907488930102,19.861422074304393,19.99907488930102,8300
2023-05-09,19.856502532958984,19.87125051132233,19.802424111788405,19.811274024033654,4000
2023-05-10,19.86830711364746,20.05807110646214,19.86830711364746,20.05807110646214,1400
2023-05-11,19.7925968170166,19.7925968170166,19.723770398997157,19.733603012339827,6800
2023-05-12,19.822093963623047,19.831926576621747,19.70017181289415,19.827011207811985,4700
2023-05-15,19.98924446105957,20.00890968688699,19.98924446105957,20.00890968688699,400
2023-05-16,19.751300811767578,19.881088306269202,19.751300811767578,19.881088306269202,3400
2023-05-17,20.057086944580078,20.117063441674325,19.871253760077842,19.871253760077842,2900
2023-05-18,20.26553726196289,20.26553726196289,20.028577449480977,20.038408188260668,1300
2023-05-19,20.124935150146484,20.284218629136394,20.097404579685044,20.27438789001113,3000
2023-05-22,20.21833610534668,20.274381803660784,20.126894505744957,20.126894505744957,5900
2023-05-23,19.995145797729492,20.23505556833465,19.995145797729492,20.23505556833465,1900
2023-05-24,19.741466522216797,19.77293163214724,19.709020589036047,19.75326640728548,2900
2023-05-25,19.709020614624023,19.743433820487255,19.645109571429856,19.664774796317147,2400
2023-05-26,19.94008445739746,19.949917070895765,19.75326855168823,19.75326855168823,4800
2023-05-30,19.856502532958984,20.038401142495605,19.82208933319202,20.038401142495605,5100
2023-05-31,19.580215454101562,19.802427240005077,19.473043168665548,19.802427240005077,3000
2023-06-01,19.738521575927734,19.738521575927734,19.625447452619337,19.625447452619337,1100
2023-06-02,20.382537841796875,20.382537841796875,19.949914163201896,19.949914163201896,8500
2023-06-05,20.126893997192383,20.29404463861183,20.04823498213493,20.29404463861183,13400
2023-06-06,20.480859756469727,20.490692367416038,20.431698577116954,20.441531188063266,7400
2023-06-07,20.778785705566406,20.805333574165218,20.64801551078009,20.64801551078009,7500
2023-06-08,20.690296173095703,20.72667665879316,20.60377179201299,20.687348076620815,10900
2023-06-09,20.571321487426758,20.68734368705502,20.549688990211617,20.65784585015021,6200
2023-06-12,20.690296173095703,20.707011430017268,20.569358579344897,20.628352390293134,13500
2023-06-13,20.933155059814453,20.972483636819494,20.83483080423306,20.83483080423306,10200
2023-06-14,20.76600456237793,21.026562247785037,20.69717627012735,21.026562247785037,8700
2023-06-15,20.972482681274414,21.001980519218613,20.66767919070078,20.66767919070078,8600
2023-06-16,20.88585090637207,21.05813504248741,20.861239155177916,21.05813504248741,4200
2023-06-20,20.84154510498047,20.84154510498047,20.723406092486133,20.8070882842021,6900
2023-06-21,20.806106567382812,20.861237486529912,20.762788611871763,20.80216703508136,38500
2023-06-22,20.72340965270996,20.762789956225465,20.644650923435176,20.762789956225465,3200
2023-06-23,20.500913619995117,20.624960058279783,20.500913619995117,20.56588961042766,14300
2023-06-26,20.64267921447754,20.733250891390725,20.52650996946549,20.52650996946549,7200
2023-06-27,21.008909225463867,21.01875430040811,20.959685728498705,20.979374000631143,6400
2023-06-28,20.98331069946289,21.008908268703397,20.90061432700457,20.91538287762638,7000
2023-06-29,21.20285415649414,21.215651064483147,21.01875519052814,21.01875519052814,17200
2023-06-30,21.353477478027344,21.39482566253893,21.29440703350575,21.33378732985348,7400
2023-07-03,21.40270233154297,21.42239248096878,21.353478835734435,21.42239248096878,6900
2023-07-05,21.15264320373535,21.284564950091045,21.15264320373535,21.284564950091045,11300
2023-07-06,20.903568267822266,20.924242361165007,20.70371869884243,20.900614557665303,2700
2023-07-07,21.119171142578125,21.274720698443726,21.11720325423525,21.11720325423525,19500
2023-07-10,21.442087173461914,21.442087173461914,21.11720715012566,21.11720715012566,8000
2023-07-11,21.650794982910156,21.658670292178535,21.491307764810546,21.491307764810546,9500
2023-07-12,21.770898818969727,21.934323668581882,21.766961164892642,21.934323668581882,10700
2023-07-13,21.952045440673828,21.963858403653003,21.88509968385719,21.914634907939117,10600
2023-07-14,21.762041091918945,21.993395674366468,21.688205841477263,21.993395674366468,14900
2023-07-17,21.983551025390625,22.013086252794192,21.73742976362953,21.75711991523191,13400
2023-07-18,22.224748611450195,22.224748611450195,21.954013746605472,21.954013746605472,17800
2023-07-19,22.288738250732422,22.347808698613235,22.170601110482764,22.278893176085617,21200
2023-07-20,22.08199691772461,22.308427997244866,22.010129564080913,22.308427997244866,28000
2023-07-21,22.066246032714844,22.219825825674647,22.052463303003943,22.219825825674647,5400
2023-07-24,22.091840744018555,22.17059945756517,22.042615374454513,22.06230552228013,7400
2023-07-25,22.190290451049805,22.259204093309872,22.062306363061747,22.062306363061747,13500
2023-07-26,22.318273544311523,22.318273544311523,22.091842459996503,22.091842459996503,9800
2023-07-27,22.052461624145508,22.387186644004238,22.052461624145508,22.387186644004238,8100
2023-07-28,22.22966766357422,22.259202884834714,22.150908951302043,22.224746065575378,11100
2023-07-31,22.298583984375,22.34780935906378,22.239515412504502,22.32811920918827,49100
2023-08-01,22.347810745239258,22.347810745239258,22.180448216428427,22.24936186751121,11000
2023-08-02,22.112518310546875,22.170602941330447,22.042618838109078,22.09184421540812,2400
2023-08-03,22.141069412231445,22.17060464087497,22.003242100740906,22.091845908915193,2100
2023-08-04,22.087905883789062,22.2936628846511,22.087905883789062,22.131221961177225,4500
2023-08-07,22.258220672607422,22.259206494571714,22.121377317427026,22.121377317427026,11600
2023-08-08,22.105627059936523,22.111532603038064,21.894946575069486,21.90479165058026,6000
2023-08-09,21.987485885620117,22.12137551953816,21.983548231351346,22.091842173644398,8400
2023-08-10,21.89790153503418,22.200137671660894,21.826034169685176,22.101690666447883,11200
2023-08-11,21.864425659179688,21.89494482750032,21.816186107456495,21.816186107456495,3400
2023-08-14,21.898883819580078,21.898883819580078,21.747273790617182,21.776809016596342,4300
2023-08-15,21.616334915161133,21.757115905435658,21.614365149261435,21.757115905435658,8400
2023-08-16,21.34363555908203,21.599601889913078,21.34363555908203,21.56022158774392,11400
2023-08-17,21.06797981262207,21.39285980583412,21.06797981262207,21.39285980583412,13500
2023-08-18,21.143781661987305,21.195960744136983,21.04828650573986,21.04828650573986,2600
2023-08-21,21.180206298828125,21.215647061236005,21.067974714195476,21.215647061236005,12000
2023-08-22,21.11621856689453,21.161506289798744,21.076840142604613,21.15067539230677,7100
2023-08-23,21.310161590576172,21.343634470160985,21.181193548634948,21.186117025032985,6200
2023-08-24,21.166427612304688,21.26487648837826,21.166427612304688,21.236325206440807,3000
2023-08-25,21.201868057250977,21.264876163187214,21.033521589615706,21.264876163187214,2200
2023-08-28,21.415502548217773,21.471617412301402,21.323945037246897,21.323945037246897,3800
2023-08-29,21.72068977355957,21.72068977355957,21.440111731216586,21.440111731216586,3800
2023-08-30,21.7984676361084,21.86541152125184,21.786652794299684,21.786652794299684,4100
2023-08-31,21.835878372192383,21.899870425225785,21.796498069477614,21.796498069477614,8900
2023-09-01,22.032772064208984,22.07215236301251,21.988470166933016,22.06230728831163,7300
2023-09-05,21.543485641479492,21.91463729914077,21.543485641479492,21.91463729914077,6100
2023-09-06,21.481462478637695,21.65867007973102,21.392858678091034,21.65867007973102,5500
2023-09-07,21.268810272216797,21.314096108531874,21.225492323966492,21.314096108531874,7200
2023-09-08,21.246171951293945,21.314101662344893,21.225497854692026,21.225497854692026,4100
2023-09-11,21.26782989501953,21.37316825682499,21.26782989501953,21.353479984096367,9900
2023-09-12,21.227466583251953,21.323945696010867,21.220575218054886,21.27472219539074,6100
2023-09-13,21.074867248535156,21.21564823971891,21.028597466030003,21.21564823971891,7800
2023-09-14,21.34363555908203,21.34363555908203,21.27964350693523,21.284566983584455,4700
2023-09-15,21.13857650756836,21.13857650756836,21.13857650756836,21.13857650756836,400
2023-09-18,21.179983139038086,21.235192333032806,21.107030886069417,21.107030886069417,2300
2023-09-19,21.11688804626465,21.15632103294359,21.097170612746197,21.15632103294359,3000
2023-09-20,20.98872947692871,21.274624754969842,20.98872947692871,21.274624754969842,30500
2023-09-21,20.673254013061523,20.90000072485632,20.673254013061523,20.90000072485632,10300
2023-09-22,20.66339683532715,20.7619821242704,20.66339683532715,20.732407853838016,3800
2023-09-25,20.774799346923828,20.835922265742997,20.702832403222175,20.77184154370896,39500
2023-09-26,20.46327018737793,20.66339668658066,20.44651055675316,20.66339668658066,6500
2023-09-27,20.62889289855957,20.697903919185737,20.466228765121574,20.62396448012244,23400
2023-09-28,20.86056900024414,20.91479100730593,20.830992847203675,20.890145153284607,2200
2023-09-29,20.75212287902832,21.028161304970386,20.73733574418858,21.028161304970386,51600
2023-10-02,20.485946655273438,20.61410622142814,20.4267943505638,20.608190614885558,2500
2023-10-03,20.131040573120117,20.36764415352501,20.116253436956722,20.36764415352501,2900
2023-10-04,20.239484786987305,20.239484786987305,20.029497673519018,20.11132333777109,10900
2023-10-05,20.201032638549805,20.209906047415174,20.106392345775284,20.209906047415174,3900
2023-10-06,20.389333724975586,20.456372257252482,20.071891645457317,20.071891645457317,2500
2023-10-09,20.574674606323242,20.614107598405617,20.397221441057027,20.397221441057027,17500
2023-10-10,20.75212287902832,20.90000174885746,20.75212287902832,20.83099073210349,6500
2023-10-11,20.80141830444336,20.850710011846022,20.643682584325113,20.850710011846022,6900
2023-10-12,20.42580795288086,20.82113441605346,20.397218990047545,20.82113441605346,3300
2023-10-13,20.279903411865234,20.48594741766303,20.278918104190833,20.476088699844528,6300
2023-10-16,20.59931755065918,20.604245968838743,20.416934111930242,20.416934111930242,3900
2023-10-17,20.811277389526367,20.929578241525213,20.781701236347587,20.811277389526367,7300
2023-10-18,20.382431030273438,20.55495576486908,20.382431030273438,20.55495576486908,7900
2023-10-19,20.0472412109375,20.278916358837193,20.002879805109554,20.269057641867207,7400
2023-10-20,19.811628341674805,20.111325493140562,19.811628341674805,20.111325493140562,5800
2023-10-23,19.642057418823242,19.904294018673337,19.642057418823242,19.677547294742464,7200
2023-10-24,19.718955993652344,19.810638492717455,19.697266063246747,19.73768624044646,9200
2023-10-25,19.420244216918945,19.56910841969193,19.420244216918945,19.56910841969193,8900
2023-10-26,19.529672622680664,19.682479929499713,19.44094604199324,19.44094604199324,4200
2023-10-27,19.312786102294922,19.490239260290352,19.312786102294922,19.401512681292637,9800
2023-10-30,19.451791763305664,19.460663293075303,19.322645004586235,19.460663293075303,2600
2023-10-31,19.621356964111328,19.627272570906474,19.450804717597244,19.490239589087324,8200
2023-11-01,19.792892456054688,19.805708975989408,19.588822846466144,19.588822846466144,10300
2023-11-02,20.107378005981445,20.107378005981445,19.924009262410678,19.924009262410678,5000
2023-11-03,20.564815521240234,20.663398939866088,20.4169366325851,20.4169366325851,27300
2023-11-06,20.387359619140625,20.554954040781837,20.338066036094432,20.554954040781837,6600
2023-11-07,20.38834571838379,20.407077844776097,20.367642976807865,20.377501693799925,3000
2023-11-08,20.282859802246094,20.416934970592706,20.2444121216831,20.387360699555646,13800
2023-11-09,20.086671829223633,20.357779907288872,20.071884697076058,20.357779907288872,5700
2023-11-10,20.397218704223633,20.416934257440346,20.062029854886056,20.23948299634218,8100
2023-11-13,20.37454605102539,20.397221290547233,20.28384885365443,20.28384885365443,7900
2023-11-14,21.146467208862305,21.176041482994886,20.949296606306717,21.001546120251405,13100
2023-11-15,21.17603874206543,21.39292675287523,21.17603874206543,21.195756175840497,8800
2023-11-16,20.966054916381836,21.146465874712835,20.92464943092195,21.136607157171227,5400
2023-11-17,21.125761032104492,21.146463772776602,21.11688762309162,21.126746339653284,5800
2023-11-20,21.216459274291992,21.254906954549906,21.0577382545546,21.0577382545546,10500
2023-11-21,21.0971736907959,21.190830573493972,21.0971736907959,21.185900274216056,7600
2023-11-22,21.245046615600586,21.279551182474556,21.195754914454305,21.235189779657624,9300
2023-11-24,21.33574867248535,21.37321104754436,21.32391745912033,21.333776176805138,4000
2023-11-27,21.323917388916016,21.323917388916016,21.185899102499395,21.254908245707703,15300
2023-11-28,21.156322479248047,21.309129778925424,21.136606924739745,21.245049055788705,10400
2023-11-29,21.195755004882812,21.304199004296734,21.176037572197032,21.195755004882812,7500
2023-11-30,21.383068084716797,21.383068084716797,21.19575622414274,21.264765362154765,7100
2023-12-01,21.861204147338867,21.861204147338867,21.39292730541316,21.39292730541316,11700
2023-12-04,21.99429702758789,21.99429702758789,21.79712829875142,21.79712829875142,4700
2023-12-05,21.71924591064453,21.842477072276203,21.708401884321137,21.836561465060424,10100
2023-12-06,21.673892974853516,22.014010236006673,21.668962676373628,21.7675479620342,9200
2023-12-07,21.797122955322266,21.80698167140103,21.688678958813693,21.777405523164738,6500
2023-12-08,21.935144424438477,21.96472057699585,21.767549987329566,21.767549987329566,14900
2023-12-11,22.054428100585938,22.083017059487123,21.974574948937903,21.974574948937903,5000
2023-12-12,22.092880249023438,22.142171956495215,22.02387110641971,22.05344725911764,8600
2023-12-13,22.56017303466797,22.566086760750913,21.954861332111903,22.03372919001236,16900
2023-12-14,23.106332778930664,23.167455698779857,22.96042827383073,22.96042827383073,37200
2023-12-15,23.013507843017578,23.18731264186094,22.95425440909237,23.18731264186094,17200
2023-12-18,22.97992706298828,23.098430141978483,22.970051492477015,23.098430141978483,13400
2023-12-19,23.256439208984375,23.256439208984375,23.187312087962436,23.197187660047394,13500
2023-12-20,22.868335723876953,23.32556542728685,22.868335723876953,23.2268116018064,22300
2023-12-21,23.177438735961914,23.177438735961914,22.970057353031766,23.039184480675146,22400
2023-12-22,23.326553344726562,23.384817896878545,23.177434666784947,23.177434666784947,19400
2023-12-26,23.523073196411133,23.59220031505817,23.34531667213434,23.34531667213434,15400
2023-12-27,23.572450637817383,23.62182661209892,23.48850922125155,23.60207546895723,11500
2023-12-28,23.542823791503906,23.60207533702508,23.48357224598273,23.56257493453519,26100
2023-12-29,23.35519027709961,23.49344638632362,23.315689877016005,23.49344638632362,25200
2024-01-02,23.216938018798828,23.325567424485726,23.128059756613677,23.226813590549703,21100
2024-01-03,22.700456619262695,23.058932526148052,22.683668335724864,23.058932526148052,28200
2024-01-04,22.678733825683594,22.82192680475501,22.678733825683594,22.683670670256824,6400
2024-01-05,22.703418731689453,22.895987664626443,22.66391832975059,22.683667588933698,8500
2024-01-08,23.0391788482666,23.049054418883216,22.66391658269767,22.66391658269767,4100
2024-01-09,22.917713165283203,22.960176424195243,22.792295488976507,22.841671459040388,18100
2024-01-10,22.96413230895996,22.999684749633094,22.841677460057088,22.9305557363804,12600
2024-01-11,22.917713165283203,22.917713165283203,22.72316837745806,22.72316837745806,14700
2024-01-12,22.8851261138916,23.12805990653424,22.83180028637847,23.12805990653424,6700
2024-01-16,22.738969802856445,22.782421941200283,22.708357979527992,22.76267079799193,7500
2024-01-17,22.577014923095703,22.65404362937569,22.49603824839995,22.535538651857525,12400
2024-01-18,22.782424926757812,22.79230049965615,22.535541255018224,22.657996098670065,14800
2024-01-19,22.99671745300293,23.009554000629286,22.703418821001385,22.91080205360733,7900
2024-01-22,23.295940399169922,23.33544080207496,23.118183877165517,23.118183877165517,15800
2024-01-23,23.237672805786133,23.387778461052402,23.167556821530663,23.38580259355787,25800
2024-01-24,23.08855628967285,23.48357160522975,23.072756882537053,23.48357160522975,10400
2024-01-25,23.20311164855957,23.286064187595848,23.088556527780543,23.286064187595848,4300
2024-01-26,23.30976676940918,23.365068465865836,23.276190201253993,23.286065773274505,8400
2024-01-29,23.523073196411133,23.523073196411133,23.28606512523298,23.295940696978658,7500
2024-01-30,23.568498611450195,23.592199606213168,23.463820944522002,23.49344765886888,18800
2024-01-31,23.144847869873047,23.4934482041794,23.144847869873047,23.4934482041794,3700
2024-02-01,23.36408042907715,23.36408042907715,22.9898051190264,23.12805935398639,14800
2024-02-02,23.370994567871094,23.38481999221128,23.147811910562588,23.236690176627448,9600
2024-02-05,23.16360855102539,23.25643665815504,22.999679346399038,23.25643665815504,12700
2024-02-06,23.178422927856445,23.374941705811853,23.088555796507492,23.374941705811853,2600
2024-02-07,23.30680274963379,23.38481844621262,23.15768595176189,23.207061925834598,5200
2024-02-08,23.543807983398438,23.56257213211824,23.286061813285095,23.286061813285095,15600
2024-02-09,23.741317749023438,23.741317749023438,23.55269867083512,23.602074643389553,6200
2024-02-12,24.011899948120117,24.076088329243746,23.81933103760438,23.81933103760438,9600
2024-02-13,23.44407081604004,23.632689906659543,23.309766428953665,23.473697531668858,24800
2024-02-14,23.846986770629883,23.858836327189824,23.56257669389036,23.63664066042882,6600
2024-02-15,24.23903465270996,24.253847067634705,24.04646572439787,24.134355105476654,23900
2024-02-16,24.148181915283203,24.372353437549606,24.145220938986274,24.145220938986274,12400
2024-02-20,23.967464447021484,24.05634270893708,23.962525719374668,23.98721559046333,48600
2024-02-21,24.010915756225586,24.010915756225586,23.85883608890805,23.94771435472481,3900
2024-02-22,24.33778953552246,24.382228665795616,24.164969858427895,24.17484542999667,29500
2024-02-23,24.45135498046875,24.48591853803841,24.318037594026087,24.36247672284031,16400
2024-02-26,24.45135498046875,24.490855381874383,24.41679142289909,24.430616845926956,32100
2024-02-27,24.560970306396484,24.60935928489334,24.5264067503273,24.530356601939133,11600
2024-02-28,24.504682540893555,24.57973538081112,24.392105164589957,24.392105164589957,17200
2024-02-29,24.662689208984375,24.796993593729912,24.540234380140195,24.796993593729912,27900
2024-03-01,24.83649253845215,24.846368109576353,24.59355876279997,24.59355876279997,18000
2024-03-04,24.849332809448242,24.994499760221714,24.846369949534314,24.86612109324536,20700
2024-03-05,24.727867126464844,24.895746199137534,24.648862550751453,24.87599693878194,20400
2024-03-06,24.816740036010742,24.930308155928195,24.757488496085656,24.930308155928195,12700
2024-03-07,25.07448959350586,25.07448959350586,24.99943675945128,24.99943675945128,12000
2024-03-08,24.913522720336914,25.270022759744418,24.913522720336914,25.16731907423639,12900
2024-03-11,24.73773956298828,24.846368965524185,24.658736874845623,24.846368965524185,18000
2024-03-12,24.867107391357422,24.867107391357422,24.703176293561693,24.757490995464874,53000
2024-03-13,24.916484832763672,25.014249787697054,24.895744814291657,24.895744814291657,14200
2024-03-14,24.688364028930664,24.96487438414086,24.609361339380996,24.915496525939382,6500
2024-03-15,24.779335021972656,24.818887939297525,24.72989576130347,24.818887939297525,5400
2024-03-18,24.739784240722656,24.85843922192291,24.739784240722656,24.85843922192291,13700
2024-03-19,24.994892120361328,24.996870520481863,24.749670462713603,24.749670462713603,23600
2024-03-20,25.321191787719727,25.402274117010247,24.937536880909285,24.937536880909285,10900
2024-03-21,25.679141998291016,25.679141998291016,25.50610270769082,25.520934108031746,36700
2024-03-22,25.47149658203125,25.659369171737463,25.39733580330889,25.659369171737463,33400
2024-03-25,25.47149658203125,25.580265221227524,25.47149658203125,25.580265221227524,9200
2024-03-26,25.461605072021484,25.540709012339754,25.461605072021484,25.49621292803656,21100
2024-03-27,25.827463150024414,25.827463150024414,25.629702347236204,25.659367033450472,47200
2024-03-28,25.926342010498047,25.965894925976833,25.778022349426227,25.778022349426227,23300
2024-04-01,25.76714515686035,25.906566728316896,25.718694156918268,25.906566728316896,52100
2024-04-02,25.41216468811035,25.50115685276494,25.28361961205967,25.50115685276494,12300
2024-04-03,25.532798767089844,25.59014784984291,25.283620321864316,25.283620321864316,21900
2024-04-04,25.21440315246582,25.85712285562548,25.20451492491117,25.768130693620204,34100
2024-04-05,25.43194007873535,25.48138121957637,25.155077233972374,25.155077233972374,11500
2024-04-08,25.50016975402832,25.59015018641379,25.451718751974607,25.59015018641379,14000
2024-04-09,25.494237899780273,25.629702674650375,25.303398666072116,25.629702674650375,6600
2024-04-10,25.105636596679688,25.16496596687889,25.006758084987787,25.056197340833737,34900
2024-04-11,25.114538192749023,25.17485393790417,24.97709501573997,25.145191136872302,11200
2024-04-12,24.700227737426758,24.986980691344,24.601347343455753,24.986980691344,58900
2024-04-15,24.433252334594727,24.907877869730836,24.38381307838669,24.907877869730836,8000
2024-04-16,24.31459617614746,24.35909225895322,24.186051098714547,24.299764777207756,7100
2024-04-17,24.097063064575195,24.403590615808273,24.097063064575195,24.403590615808273,21700
2024-04-18,24.00806999206543,24.294821074812038,23.993236706312043,24.275044617798688,191800
2024-04-19,24.057510375976562,24.12672609278008,23.919078942369527,23.919078942369527,11500
2024-04-22,24.304706573486328,24.433249757662033,24.126722252330328,24.126722252330328,4800
2024-04-23,24.68836212158203,24.769442570698835,24.492579740563535,24.502467968209306,7400
2024-04-24,24.732860565185547,24.868325336298803,24.532133108179757,24.848548879118443,15700
2024-04-25,24.67056655883789,24.68045290149596,24.51235867249395,24.52224501515202,24600
2024-04-26,24.73483657836914,24.81394051950176,24.67056592281476,24.67056592281476,12900
2024-04-29,24.91776466369629,24.957315689188487,24.799107815246455,24.799107815246455,18000
2024-04-30,24.41347885131836,24.759559318152608,24.41347885131836,24.759559318152608,10900
2024-05-01,24.373924255371094,24.700228241949784,24.339316399672345,24.403588939964315,22200
2024-05-02,24.65079116821289,24.65079116821289,24.314598923687946,24.571687221618014,9500
2024-05-03,24.835697174072266,24.991926667573416,24.799110914979966,24.957318808696996,13500
2024-05-06,25.179798126220703,25.21440598355448,25.051253039563715,25.051253039563715,12700
2024-05-07,25.263845443725586,25.392390531414613,25.263845443725586,25.283621901214175,10900
2024-05-08,25.234182357788086,25.234182357788086,25.12541372881908,25.12541372881908,6300
2024-05-09,25.512035369873047,25.512035369873047,25.263845168861142,25.263845168861142,4700
2024-05-10,25.50313377380371,25.65936513593065,25.451716119760075,25.65936513593065,10200
2024-05-13,25.43194007873535,25.6791401249804,25.43194007873535,25.6791401249804,9300
2024-05-14,25.63959312438965,25.63959312438965,25.511048024004694,25.5703774023302,16600
2024-05-15,25.867015838623047,25.896680526740607,25.76319225919195,25.867015838623047,16300
2024-05-16,25.69891929626465,25.90656833776053,25.69891929626465,25.90656833776053,8600
2024-05-17,25.679141998291016,25.68903022718057,25.59509488171001,25.68903022718057,23000
2024-05-20,25.77802085876465,25.82746200025411,25.698916918368223,25.698916918368223,11100
2024-05-21,25.650468826293945,25.689031600834486,25.609927651474976,25.66925514199788,4300
2024-05-22,25.472482681274414,25.649478769264057,25.397333651758224,25.649478769264057,11700
2024-05-23,25.243080139160156,25.629701764282455,25.239125224952236,25.629701764282455,13700
2024-05-24,25.508079528808594,25.53082075645866,25.39238933254798,25.461605044503322,14900
2024-05-28,25.3973331451416,25.639590029090563,25.36272528828986,25.639590029090563,10100
2024-05-29,25.13530158996582,25.19957413214298,25.125413361478046,25.145189818453595,11600
2024-05-30,25.33306121826172,25.363712273376066,25.204516139841605,25.204516139841605,5600
2024-05-31,25.550596237182617,25.550596237182617,25.174851120937404,25.422051160472076,11500
2024-06-03,25.24407196044922,25.501160260923086,25.095750408877734,25.501160260923086,30900
2024-06-04,24.878211975097656,25.079927676276206,24.85843551918107,25.066084534331928,23800
2024-06-05,25.193641662597656,25.200563234172506,24.917767056689605,24.982037715035023,17300
2024-06-06,25.00774574279785,25.095747766973894,24.927651660744143,25.085861424830973,11600
2024-06-07,24.886123657226562,24.96720600093367,24.79910988509187,24.79910988509187,11300
2024-06-10,24.9840145111084,25.026532194913557,24.759557577879903,24.759557577879903,8900
2024-06-11,24.870302200317383,24.917764940224043,24.700227696649634,24.75955706452628,5600
2024-06-12,25.24407196044922,25.512036747214637,25.20847395823784,25.313287678656245,12200
2024-06-13,25.13530158996582,25.194629074905723,24.947429020671592,25.194629074905723,13300
2024-06-14,24.74966812133789,24.907875992463808,24.66067595808124,24.88809953707642,124900
2024-06-17,24.9731388092041,25.00181335164775,24.640901498534788,24.640901498534788,28100
2024-06-18,25.06608772277832,25.115526982871895,24.957319087388203,24.957319087388203,20700
2024-06-20,24.976104736328125,25.140244043778186,24.957316536941498,25.006757677969446,9500
2024-06-21,25.042449951171875,25.042449951171875,24.864211577491446,25.00284058427464,22500
2024-06-24,25.10186195373535,25.22563839148683,24.992938084136913,25.00284042579846,82100
2024-06-25,24.903818130493164,25.022644338091723,24.849356197372096,25.022644338091723,14400
2024-06-26,24.814699172973633,24.844406197313464,24.73548233007926,24.844406197313464,15800
2024-06-27,24.884014129638672,24.884014129638672,24.78499449071817,24.83450431017842,5600
2024-06-28,24.97016143798828,25.10186087662496,24.92857273800148,25.10186087662496,2000
2024-07-01,24.730533599853516,24.78499553676548,24.71567914244567,24.78499553676548,6800
2024-07-02,24.80380630493164,24.804795972438473,24.65626463324057,24.65626463324057,18800
2024-07-03,24.87609100341797,24.973131299385425,24.804795282661342,24.804795282661342,44900
2024-07-05,24.666168212890625,24.844406584349255,24.6166583935648,24.82460190114751,18000
2024-07-08,24.79489517211914,24.85430732922901,24.745383467295568,24.804795624405436,19700
2024-07-09,24.62656021118164,24.804796690169358,24.586950845620926,24.804796690169358,14000
2024-07-10,24.912729263305664,24.912729263305664,24.690920985734785,24.71567589325534,11800
2024-07-11,25.50289535522461,25.50289535522461,25.200882446012564,25.200882446012564,17400
2024-07-12,25.71381187438965,25.864324440972506,25.624692690948667,25.676183732743933,7300
2024-07-15,25.9831485748291,26.12177757533788,25.839567459343016,25.84451957432032,44600
2024-07-16,26.715906143188477,26.715906143188477,26.121778858192464,26.181192908767066,38900
2024-07-17,26.3198184967041,26.686197539601157,26.314868270805288,26.49805684791465,30600
2024-07-18,25.984140396118164,26.531728770873137,25.913836222512355,26.28021532538335,36500
2024-07-19,25.81481170654297,25.93858813543025,25.804909365590575,25.93858813543025,20900
2024-07-22,26.161388397216797,26.20099587584832,25.854423355277778,25.94354254304694,20200
2024-07-23,26.24753761291504,26.34953003750023,26.092074807002646,26.092074807002646,18700
2024-07-24,25.686084747314453,26.126728526746017,25.676182406479334,26.072266596492067,26600
2024-07-25,25.993053436279297,26.329725517595875,25.79501036891237,25.854424422329647,44400
2024-07-26,26.43864631652832,26.483205907066,26.22575070492366,26.389134611109537,21900
2024-07-29,26.44854736328125,26.54756888766557,26.339625386269137,26.527766093731493,28200
2024-07-30,26.52776527404785,26.62678490669407,26.389134388721978,26.547568067370037,24500
2024-07-31,26.765417098999023,27.08228447176806,26.61688386541983,26.77531944048287,39600
2024-08-01,26.1514835357666,26.814925264861515,25.973245177401044,26.725806085678734,41700
2024-08-02,25.25039291381836,25.473190876087756,25.052349860983668,25.4682387609937,38000
2024-08-05,24.62656021118164,24.835493381875363,24.072040425402626,24.111649790963344,65300
2024-08-06,24.79489517211914,25.131565321527333,24.46812358631882,24.61665681211112,40300
2024-08-07,24.52754020690918,25.171177327754688,24.52754020690918,25.171177327754688,16100
2024-08-08,25.25039291381836,25.25039291381836,24.765189511919743,24.765189511919743,212900
2024-08-09,25.290000915527344,25.29495114167582,25.082055532401174,25.082055532401174,26200
2024-08-12,25.17117691040039,25.41872979036551,25.1216670898788,25.299903576963676,27300
2024-08-13,25.49794578552246,25.507848127032048,25.220685889289598,25.28009993834712,20800
2024-08-14,25.537553787231445,25.606868285416944,25.438532266104268,25.606868285416944,15500
2024-08-15,26.082172393798828,26.146536673417604,25.983150861003477,26.002955545298278,22400
2024-08-16,26.131681442260742,26.15148612596925,26.015828008791022,26.042562254251056,67800
2024-08-19,26.30001449584961,26.30001449584961,26.141580821494003,26.141580821494003,31200
2024-08-20,26.121776580810547,26.369329437253203,26.062364424094266,26.369329437253203,40900
2024-08-21,26.42874526977539,26.43864761134411,26.21089753262068,26.230702215758114,10600
2024-08-22,26.309919357299805,26.48815773019624,26.25050719589385,26.48815773019624,41200
2024-08-23,26.91394805908203,26.91394805908203,26.418842324039844,26.468352142072664,22000
2024-08-26,26.80898666381836,27.042676647862795,26.80898666381836,27.022873852444423,17100
2024-08-27,26.715906143188477,26.765417852000645,26.606984161158852,26.69610145966361,11200
2024-08-28,26.636686325073242,26.745610183625374,26.517862014542157,26.606981191779653,12700
2024-08-29,26.686199188232422,26.93375204938976,26.686199188232422,26.755513687167927,20100
2024-08-30,26.872360229492188,26.872360229492188,26.56737452777383,26.735710558690503,15000
2024-09-03,26.141582489013672,26.735709750084585,26.121777806286325,26.735709750084585,26500
2024-09-04,26.027706146240234,26.191091931598308,25.956410427792438,26.032658260833205,22900
2024-09-05,25.834617614746094,26.062365801426452,25.770253339839556,26.062365801426452,5100
2024-09-06,25.359317779541016,25.953443184064685,25.349415437641806,25.943542730844076,15900
2024-09-09,25.49794578552246,25.646477130809217,25.37911957608594,25.408826600614702,23500
2024-09-10,25.433582305908203,25.537555950673113,25.210784336667093,25.537555950673113,13000
2024-09-11,25.580135345458984,25.580135345458984,25.04245119500489,25.37912138696063,14800
2024-09-12,25.844520568847656,25.90393273011217,25.57815267770166,25.587065351796685,37500
2024-09-13,26.3198184967041,26.34952551813197,26.17128716692142,26.17128716692142,5000
2024-09-16,26.587177276611328,26.587177276611328,26.36932955322948,26.36932955322948,9900
2024-09-17,26.765417098999023,26.92484045292837,26.65649323135522,26.765417098999023,11800
2024-09-18,26.779277801513672,27.08228224907287,26.725805539625174,26.87433687233559,30700
2024-09-19,27.339740753173828,27.359543548237202,27.111990667498368,27.13179535124034,18400
2024-09-20,27.179105758666992,27.645145930694525,27.12952770104254,27.645145930694525,28000
2024-09-23,27.203895568847656,27.347674587882626,27.124569539601076,27.347674587882626,20800
2024-09-24,27.18902015686035,27.31792423390716,27.15927218925806,27.31792423390716,55700
2024-09-25,26.910385131835938,27.258428194796934,26.891546077630508,27.258428194796934,7300
2024-09-26,27.079944610595703,27.238596646126755,27.030366558722793,27.11960856511919,21000
2024-09-27,27.16224479675293,27.334778832919277,27.050197722030383,27.139439725741443,195800
2024-09-30,27.208852767944336,27.218768757375674,26.911378758849004,27.14935683135631,40300
2024-10-01,27.00558090209961,27.109695958791356,26.742811898801122,27.109695958791356,30900
2024-10-02,27.000619888305664,27.060115822945477,26.980787910092392,26.980787910092392,13500
2024-10-03,26.911378860473633,26.955999867442355,26.708105804567595,26.88163278334889,6700
2024-10-04,27.183069229125977,27.208851178397587,27.055156188113145,27.208851178397587,23100
2024-10-07,26.980789184570312,27.08986317861404,26.802307046064616,27.08986317861404,24800
2024-10-08,27.03036880493164,27.070030871469577,26.85188477730692,26.970874759483937,18600
2024-10-09,27.18902015686035,27.258430189984136,26.951042089886705,26.951042089886705,25900
2024-10-10,27.020450592041016,27.050198557957795,26.871714545020016,27.04028256931887,36100
2024-10-11,27.441869735717773,27.446828675683125,27.25842867391027,27.25842867391027,35500
2024-10-14,27.635231018066406,27.635231018066406,27.387336954683715,27.4864930670115,8900
2024-10-15,27.526155471801758,27.85337554135222,27.51623948287217,27.575733525168207,33700
2024-10-16,27.82858657836914,27.873207583013684,27.674891586530936,27.674891586530936,14900
2024-10-17,27.81371307373047,27.86329302103106,27.76413501771148,27.84346104211082,21800
2024-10-18,27.7740478515625,27.868246903808583,27.74727487219021,27.868246903808583,10300
2024-10-21,27.41707992553711,27.77404794157412,27.397247948805852,27.77404794157412,19800
2024-10-22,27.138450622558594,27.268347629330563,27.138450622558594,27.268347629330563,16400
2024-10-23,26.901460647583008,27.010534631442983,26.732892623109155,27.010534631442983,30700
2024-10-24,27.07002830505371,27.1394402246572,26.999627245264595,27.030366242276,14500
2024-10-25,26.924270629882812,27.208853673055994,26.906422604825323,27.149357734488817,11100
2024-10-28,27.18902015686035,27.238598211582612,27.030368112211256,27.030368112211256,12000
2024-10-29,27.03036880493164,27.059123850453684,26.861800766761807,26.921294812209513,35700
2024-10-30,27.094820022583008,27.357587106504084,27.094820022583008,27.119609048961724,7900
2024-10-31,26.683313369750977,27.060113356330465,26.683313369750977,27.060113356330465,15300
2024-11-01,26.742809295654297,26.923277267634912,26.742809295654297,26.851883282303632,2500
2024-11-04,26.832050323486328,27.00260230032856,26.69323026648551,26.69323026648551,27200
2024-11-05,27.268346786499023,27.268346786499023,26.732894705421693,26.732894705421693,28100
2024-11-06,28.537565231323242,28.735879347078683,28.230175231287657,28.735879347078683,36900
2024-11-07,28.557395935058594,28.69621789949192,28.517733867564534,28.646637951022285,15000
2024-11-08,28.775541305541992,28.854867324588554,28.636719353749402,28.636719353749402,32800
2024-11-11,29.082931518554688,29.142425564367546,28.993689504194588,29.122595476617672,23000
2024-11-12,28.725961685180664,28.993687711709256,28.646635665240506,28.993687711709256,19100
2024-11-13,28.458236694335938,28.8152028276937,28.448320705731355,28.775540764556812,40900
2024-11-14,28.071521759033203,28.517731806604317,28.051691672360107,28.45823776402201,17000
2024-11-15,27.76413345336914,28.0725144669741,27.71455540014358,28.051691457665584,115000
2024-11-18,27.893035888671875,27.952531818586802,27.803795776362264,27.803795776362264,59800
2024-11-19,27.992197036743164,27.992197036743164,27.635230873412095,27.635230873412095,40400
2024-11-20,28.012027740478516,28.012027740478516,27.76413368967782,27.922785730887743,18300
2024-11-21,28.507816314697266,28.587142336617333,28.13101818339732,28.13101818339732,28700
2024-11-22,28.815204620361328,28.86478456646874,28.636720596937778,28.636720596937778,11200
2024-11-25,29.26141357421875,29.458736645816515,29.122593512921977,29.122593512921977,23300
2024-11-26,29.152339935302734,29.271329911603576,29.02343586131821,29.271329911603576,18500
2024-11-27,28.99269676208496,29.390317894414533,28.978814755838265,29.251497831947578,19600
2024-11-29,29.12259292602539,29.20290997540257,29.102760948730808,29.18208696662769,5100
2024-12-02,29.04326820373535,29.162256290247957,28.993688258287154,29.162256290247957,19300
2024-12-03,28.998647689819336,29.092846750844696,28.894530748254752,29.092846750844696,10800
2024-12-04,29.00360107421875,29.09284307498039,28.859822085071514,29.043265026237847,14600
2024-12-05,28.785457611083984,29.082929712961562,28.775541622183866,29.082929712961562,13700
2024-12-06,28.686302185058594,28.934196255940495,28.61689214781673,28.934196255940495,16100
2024-12-09,28.40865707397461,28.82511914368999,28.40865707397461,28.82511914368999,13800
2024-12-10,28.222240447998047,28.418572481508075,28.222240447998047,28.398740504479242,15000
2024-12-11,28.458236694335938,28.551444717681285,28.329330733757807,28.407665719837,25700
2024-12-12,28.279752731323242,28.447327832572967,28.269836742701372,28.438404766710295,12500
2024-12-13,28.11118507385254,28.398741182510438,28.069539055866528,28.349163130036086,11200
2024-12-16,28.091354370117188,28.259922403967554,28.05664935355519,28.0715223917156,34700
2024-12-17,27.6848087310791,27.962450759487744,27.605482707431147,27.94261878075536,19600
2024-12-18,26.683313369750977,27.793879461802547,26.603987355410247,27.793879461802547,19000
2024-12-19,26.561351776123047,26.98078694171861,26.55242681886294,26.98078694171861,44400
2024-12-20,26.753154754638672,27.01253680510434,26.623961305303407,26.623961305303407,24100
2024-12-23,26.81477165222168,26.822721493683094,26.6239621884567,26.6239621884567,41800
2024-12-24,26.99862289428711,26.99862289428711,26.749179099927993,26.83265811679458,16500
2024-12-26,27.164588928222656,27.164588928222656,26.86247410622789,26.97179105909777,18900
2024-12-27,26.822723388671875,27.056267531727933,26.67563993808072,27.00160810288269,14500
2024-12-30,26.67365264892578,26.78197635156474,26.415263835423236,26.62396329443687,24800
2024-12-31,26.713401794433594,26.892286490319282,26.643835945039655,26.822720640925347,4093400
2025-01-02,26.832660675048828,27.056266559779708,26.60905479031795,26.991668882962482,300400
2025-01-03,27.259992599487305,27.259992599487305,26.743215039419507,26.8575020563625,4362600
2025-01-06,27.40906524658203,27.548196951294525,27.31962289483048,27.31962289483048,6187500
2025-01-07,27.12086296081543,27.389188114342954,26.95191651091359,27.389188114342954,5805700
2025-01-08,27.10098648071289,27.11092473018782,26.842597680946557,26.96185288359116,149600
2025-01-10,26.733278274536133,26.792905874614476,26.532530567701507,26.792905874614476,181600
2025-01-13,26.782968521118164,26.782968521118164,26.435137391845107,26.435137391845107,355000
2025-01-14,27.210302352905273,27.220240601985388,26.857503040433603,27.001604808804462,326500
2025-01-15,27.697269439697266,27.82646289769022,27.538259336396727,27.796648147909988,169800
2025-01-16,27.83639907836914,27.876150179593818,27.697267380791942,27.717141983640676,141000
2025-01-17,27.96062660217285,28.31342594689163,27.92584367497677,28.31342594689163,40700
2025-01-21,28.51218605041504,28.522124300018316,28.17429314601277,28.253797247311695,109200
2025-01-22,28.472431182861328,28.58075676955666,28.38795891006979,28.56187352789188,184900
2025-01-23,28.60162925720215,28.70100796515418,28.299512525909197,28.4326827999454,132900
2025-01-24,28.482370376586914,28.561874475303796,28.417772704027183,28.551936226023283,159700
2025-01-27,27.94571876525879,28.19913749283642,27.766834065544096,28.07491221753758,173100
2025-01-28,28.025222778320312,28.06994395310966,27.866214578075347,28.015284528864093,83900
2025-01-29,28.0351619720459,28.153425825685243,27.915906757545958,28.114667975749136,128800
2025-01-30,28.382991790771484,28.522125395031658,28.214045332084204,28.233921832053852,112500
2025-01-31,28.064973831176758,28.467464403571856,27.995407980633047,28.39292848054516,139900
2025-02-03,27.756895065307617,27.92584151096558,27.394157498709355,27.43887867242844,283400
2025-02-04,27.95565414428711,27.965592393427702,27.697267248740566,27.697267248740566,194900
2025-02-05,28.293548583984375,28.293548583984375,28.039136595042,28.064974527802182,146600
2025-02-06,28.194168090820312,28.368082710471192,27.965592153601342,28.368082710471192,133700
2025-02-07,27.846336364746094,28.194167492189738,27.80161519271009,28.194167492189738,143100
2025-02-10,27.83639907836914,27.98546902513431,27.7072037344527,27.98546902513431,101900
2025-02-11,27.657514572143555,27.727080421405283,27.558133975115133,27.657514572143555,113400
2025-02-12,27.419002532958984,27.52235805155056,27.100986135916365,27.2401178357407,126500
2025-02-13,27.727081298828125,27.791678973269878,27.383226962235003,27.617764344612034,180100
2025-02-14,27.746957778930664,27.846338379035796,27.677391927515256,27.816523630346072,137400
2025-02-18,27.896026611328125,27.92584135882082,27.757888170341563,27.836399011869947,206700
2025-02-19,27.846336364746094,27.915902211129392,27.707202776452345,27.756894020674093,141100
2025-02-20,27.438880920410156,27.776773839408598,27.32956206557908,27.727082589245665,164600
2025-02-21,26.648807525634766,27.607826836332187,26.59414809929543,27.528322733164245,153100
2025-02-24,26.60408592224121,26.738249449595692,26.415262969424468,26.728311199918252,733700
2025-02-25,26.574270248413086,26.71340194800079,26.330789774134605,26.604084996407842,223900
2025-02-26,26.693527221679688,26.986698941263164,26.617998043529987,26.70346547096541,163100
2025-02-27,26.355636596679688,26.82272298015046,26.32085366894928,26.733280624407293,297500
2025-02-28,26.663713455200195,26.663713455200195,26.189670509539887,26.315882299506683,773300
2025-03-03,25.928300857543945,26.792907753662057,25.749416149236097,26.792907753662057,433400
2025-03-04,25.42146110534668,25.853764546991833,25.083568193673333,25.620222310634766,1125200
2025-03-05,25.77922821044922,25.789166459377284,25.272388888280954,25.461211826859838,561400
2025-03-06,25.302204132080078,25.72953939875924,25.212763674324464,25.38171013102257,861600
2025-03-07,25.35189437866211,25.39661555353471,24.745674429395176,25.202824427595875,934700
2025-03-10,24.70592498779297,25.063692515296154,24.47734902556377,25.014003160109638,329200
2025-03-11,24.775489807128906,25.07362971683428,24.50716275107768,24.715862204293295,1551300
2025-03-12,24.93449592590332,25.19288471061281,24.69399523099542,25.19288471061281,1251400
2025-03-13,24.517099380493164,24.914619865671018,24.328276439210985,24.914619865671018,675600
2025-03-14,24.964313507080078,25.014002861673763,24.63635883839059,24.705924693032696,164600
2025-03-17,25.272390365600586,25.42742364599209,24.98418681642104,24.98418681642104,409800
2025-03-18,25.123321533203125,25.23263849161752,25.093506783347912,25.222700241665784,63900
2025-03-19,25.5506534576416,25.718606649895996,25.182947707936044,25.182947707936044,56800
2025-03-20,25.44133758544922,25.71960099800611,25.371771732309995,25.371771732309995,32300
2025-03-21,25.346757888793945,25.346757888793945,25.00827189057763,25.22729268915645,192000
2025-03-24,26.013778686523438,26.013778686523438,25.695202279777465,25.72506952998434,282400
2025-03-25,25.97395896911621,26.054598080446848,25.82462650785511,26.00382622091454,112400
2025-03-26,25.744979858398438,26.025725161650957,25.645424261105074,26.00382365181515,51000
2025-03-27,25.585691452026367,25.726063153066594,25.446312857414963,25.685245149636575,221100
2025-03-28,25.08791732788086,25.506049346641046,24.968450223007142,25.506049346641046,244300
2025-03-31,25.12773895263672,25.287027163202936,24.600095568345335,24.779295279948645,988800
2025-04-01,25.262136459350586,25.401513156317073,24.909710897993826,25.11778093814096,623300
2025-04-02,25.720090866088867,25.78978111700665,24.908717168487648,24.908717168487648,148700
2025-04-03,24.002763748168945,24.669783786967038,23.962940749379758,24.50053983984319,77000
2025-04-04,22.808101654052734,23.273025506907256,22.32525821027918,23.01716861174863,152900
2025-04-07,22.52934455871582,23.435298771811173,21.698059416076006,21.74285933925729,766700
2025-04-08,22.011659622192383,23.435299563768126,21.792636924186812,23.435299563768126,854500
2025-04-09,24.142139434814453,24.276539201799903,21.77969500781715,21.87227986827967,723700
2025-04-10,23.066944122314453,23.534852964048405,22.594056456308333,23.495031864196516,123800
2025-04-11,23.375564575195312,23.46516442270857,22.72845604227242,23.126676531850734,1209300
2025-04-14,23.63440704345703,23.883295072851734,23.40045168818922,23.883295072851734,882000
2025-04-15,23.584630966186523,23.903207350381685,23.55476371809384,23.65431931287109,787200
2025-04-16,23.375564575195312,23.674231366527856,23.08685543232544,23.53485277102664,223900
2025-04-17,23.583635330200195,23.703102430129963,23.395476784034084,23.495032384164702,51100
2025-04-21,22.887744903564453,23.4552093550707,22.68863560241874,23.3357441541563,249900
2025-04-22,23.415388107299805,23.574676306761834,23.216276908539708,23.24614415801326,594000
2025-04-23,23.903209686279297,24.54036251693422,23.858409759194796,24.23671877767985,171000
2025-04-24,24.400985717773438,24.4607183207054,23.923121096587316,23.923121096587316,478700
2025-04-25,24.321340560913086,24.45574033583821,24.291473311308017,24.321340560913086,469600
2025-04-28,24.450761795043945,24.56724198110298,24.241696741979165,24.3312965929684,164100
2025-04-29,24.585159301757812,24.672769133980992,24.261606002048158,24.430849938417737,88500
2025-04-30,24.530405044555664,24.66480481637426,24.057519279362364,24.221784401230597,51200
2025-05-01,24.74942970275879,24.958494765156075,24.66978559819812,24.719562451474076,102400
2025-05-02,25.33680534362793,25.46622629971587,25.097871134309074,25.097871134309074,71100
2025-05-05,25.316892623901367,25.496092322828513,25.207381274809197,25.207381274809197,74800
2025-05-06,25.132715225219727,25.316891843947413,25.087915301868122,25.11778065152582,54500
2025-05-07,25.197423934936523,25.333815610033927,25.0580472440618,25.267112280373883,38400
2025-05-08,25.605600357055664,25.784800046072995,25.360696140854657,25.516000512547,36600
2025-05-09,25.595645904541016,25.695201503357197,25.473193790236735,25.695201503357197,27300
2025-05-12,26.511554718017578,26.58622189388035,26.2507209029004,26.54142196813572,48600
2025-05-13,26.70071029663086,26.810221648714,26.64097769497877,26.65093344506498,29000
2025-05-14,26.531465530395508,26.650932628906297,26.481688680353994,26.631021129343647,61000
2025-05-15,26.660886764526367,26.67084251370493,26.31244313873667,26.491642826220797,62200
2025-05-16,26.780353546142578,26.82017654522001,26.51155399896524,26.586221172802873,38600
2025-05-19,26.680797576904297,26.730576325060007,26.392088433061506,26.392088433061506,32000
2025-05-20,26.584228515625,26.69573177058673,26.539430491220493,26.68079719692017,22800
2025-05-21,25.874401092529297,26.39208868510203,25.874401092529297,26.30248883643117,47200
2025-05-22,25.784799575805664,25.91919934011746,25.695199732931137,25.814666823052168,91500
2025-05-23,25.774845123291016,25.854489221089764,25.585691577809666,25.585691577809666,26300
2025-05-27,26.32240104675293,26.342310647877948,25.973957392385543,26.173068594556952,226100
2025-05-28,25.97395896911621,26.312446894036178,25.97395896911621,26.312446894036178,25600
2025-05-29,26.113332748413086,26.21288834436658,25.924179204853008,26.21288834436658,85500
2025-05-30,26.058578491210938,26.073513065677503,25.774846261593286,25.884357612977347,66600
2025-06-02,26.00382423400879,26.00382423400879,25.62551333559711,25.96400123465382,34900
2025-06-03,26.33235740661621,26.392090009105004,25.993869494404393,26.003825244630058,84500
2025-06-04,26.242755889892578,26.42195558486448,26.242755889892578,26.397065261445547,31600
2025-06-05,26.252710342407227,26.372175533909306,26.123287502937494,26.282575690850255,38100
2025-06-06,26.5712890625,26.5712890625,26.451821961592884,26.521510312594888,33700
2025-06-09,26.531465530395508,26.650932628906297,26.481688680353994,26.650932628906297,110400
2025-06-10,26.551376342773438,26.646950019108495,26.478701080229296,26.58124359134441,77600
2025-06-11,26.50160026550293,26.700709565177114,26.44186576662207,26.611109715720943,96400
2025-06-12,26.591197967529297,26.591197967529297,26.392088669716312,26.392088669716312,144100
2025-06-13,26.113332748413086,26.421955285755423,26.053600150387012,26.28257669187451,30400
2025-06-16,26.352266311645508,26.511554513315364,26.22284535986318,26.22284535986318,58400
2025-06-17,26.192977905273438,26.35226610569843,26.173068304369163,26.242756654696954,25400
2025-06-18,26.262666702270508,26.41200105421577,26.22284560091956,26.232801350973585,55100
2025-06-20,26.217790603637695,26.447158409924956,26.15795403512904,26.447158409924956,48200
2025-06-23,26.530927658081055,26.530927658081055,26.028312269346642,26.157954365198428,31700
2025-06-24,26.85603141784668,26.945784366161604,26.64660723774195,26.736360186056878,26200
2025-06-25,26.65658187866211,26.875978835396506,26.63663635493901,26.875978835396506,26500
2025-06-26,27.07542610168457,27.07542610168457,26.726387074163657,26.726387074163657,30000
2025-06-27,27.115318298339844,27.27487867734134,27.005619824485155,27.095372775437216,30500
2025-06-30,27.115318298339844,27.205071249291905,27.045510870290407,27.205071249291905,86900
2025-07-01,27.34468650817871,27.569068888864024,27.005620222278633,27.005620222278633,46100
2025-07-02,27.5939998626709,27.5939998626709,27.354659290462173,27.36164003337522,21900
2025-07-03,27.77350616455078,27.81937934690546,27.653834925680076,27.653834925680076,93300
2025-07-07,27.53416633605957,27.783479680204664,27.404522331922596,27.783479680204664,122300
2025-07-08,27.52419090270996,27.633887470052613,27.494272619556686,27.564080044804648,17900
2025-07-09,27.743587493896484,27.743587493896484,27.494274159979934,27.62391815879802,22100
2025-07-10,27.823368072509766,27.962984834883883,27.71367149749202,27.71367149749202,21300
2025-07-11,27.574054718017578,27.653834909849103,27.500258563653613,27.653834909849103,32100
2025-07-14,27.723642349243164,27.723642349243164,27.514220058906297,27.54413834414434,36400
2025-07-15,27.247953414916992,27.863259314139615,27.247953414916992,27.76353359806429,36700
2025-07-16,27.414493560791016,27.414493560791016,27.045510897273086,27.334713371210672,24000
2025-07-17,27.75356101989746,27.77849197355381,27.424467486148078,27.424467486148078,35300
2025-07-18,27.624914169311523,27.873230791452638,27.603971941090688,27.873230791452638,10500
2025-07-21,27.45438575744629,27.763533767265013,27.45438575744629,27.763533767265013,71400
2025-07-22,27.698711395263672,27.743587872064747,27.424467104639245,27.44441262813079,147000
2025-07-23,27.903148651123047,27.953012460558412,27.823368458136308,27.823368458136308,35600
2025-07-24,27.703697204589844,28.132514523431333,27.700705186019572,28.132514523431333,32500
2025-07-25,27.89317512512207,27.9230934099637,27.663807314332292,27.733614743519635,23900
2025-07-28,27.8702392578125,28.032791656783214,27.813394707288392,28.032791656783214,28000
2025-07-29,27.853286743164062,28.082654560231997,27.853286743164062,28.073678503900886,30400
2025-07-30,27.803422927856445,28.052736268645404,27.653835303805035,27.918108738476022,49100
2025-07-31,27.551118850708008,27.81339506414903,27.478319402485706,27.713671251764353,86600
2025-08-01,27.175153732299805,27.254933924053358,26.756307250066204,27.175153732299805,38200
2025-08-04,27.52419090270996,27.52419090270996,27.288839067811292,27.364630530111846,117200
2025-08-05,27.52419090270996,27.613943850060107,27.364630530111846,27.603971089009015,36300
2025-08-06,27.504247665405273,27.59400062021126,27.384576424960674,27.584027858331726,52300
2025-08-07,27.444412231445312,27.693725565156605,27.34468651753884,27.683752803554977,42000
2025-08-08,27.604970932006836,27.64286666746427,27.56408317768304,27.57405593986762,30300
2025-08-11,27.494274139404297,27.771510444777004,27.484301377801923,27.623918138125365,31300
2025-08-12,28.229248046875,28.23224006542748,27.622918245273883,27.65383323416992,26600
2025-08-13,28.69097900390625,28.69097900390625,28.261163058501456,28.4017746227411,17200
2025-08-14,28.311025619506836,28.362882839956846,28.17739289300148,28.36188613440295,20900
2025-08-15,28.088638305664062,28.152461698544304,28.041766515494338,28.152461698544304,35500
2025-08-18,28.152462005615234,28.152462005615234,28.052736288806013,28.052736288806013,43600
2025-08-19,28.112573623657227,28.351914209233623,28.08664406161209,28.222270203227726,39200
2025-08-20,27.962984085083008,28.072680657159342,27.833340087934026,28.072680657159342,41400
2025-08-21,27.97295379638672,28.01384154614958,27.80342066237972,27.80342066237972,24800
2025-08-22,28.741836547851562,28.850538314188185,28.142487481088576,28.142487481088576,21600
2025-08-25,28.621171951293945,28.800675956806753,28.60122642775592,28.60122642775592,12200
2025-08-26,28.830595016479492,28.870486064626988,28.637127617605838,28.690980152182988,44500
2025-08-27,28.980180740356445,29.020071785885225,28.84555131486144,28.860511407989602,37700
2025-08-28,28.980180740356445,29.089879213450843,28.840565885225214,29.089879213450843,25300
2025-08-29,28.75081443786621,28.99015501722136,28.670037539190428,28.99015501722136,17200
2025-09-02,28.69097900390625,28.703943784246295,28.391801861103357,28.391801861103357,27100
2025-09-03,28.661060333251953,28.820620713088765,28.541390999429225,28.732863074811448,34000
2025-09-04,29.22151756286621,29.22151756286621,28.740841100554686,28.740841100554686,27700
2025-09-05,29.349164962768555,29.488779816281017,29.049987831100776,29.408999628258222,109000
2025-09-08,29.33919334411621,29.389055250281185,29.17963296185654,29.389055250281185,32200
2025-09-09,29.035030364990234,29.279358266845364,28.939293376129328,29.279358266845364,16500
2025-09-10,29.049989700317383,29.17963370301492,29.003119811669386,29.030046078610702,35000
2025-09-11,29.498754501342773,29.508727263259726,29.16966096652281,29.16966096652281,31400
2025-09-12,29.109825134277344,29.379082086839574,29.109825134277344,29.34916570439364,21800
2025-09-15,29.149715423583984,29.309275809930917,29.10982627805217,29.209551995046468,29100
2025-09-16,29.010099411010742,29.119797885566673,28.85951318487598,29.119797885566673,15200
2025-09-17,28.924335479736328,29.339193232882536,28.880455709042852,29.000126946338792,20600
2025-09-18,29.44889259338379,29.488781738941086,29.139742680292958,29.139742680292958,25400
2025-09-19,29.2321720123291,29.491836217831455,29.143286334618278,29.491836217831455,22000
2025-09-22,29.2321720123291,29.2321720123291,29.072378948155894,29.092351652514857,20000
2025-09-23,29.20620346069336,29.481847723442584,29.14228699955692,29.2521454410739,50300
2025-09-24,28.931560516357422,29.33204324187554,28.91258597093844,29.33204324187554,50500
2025-09-25,28.710845947265625,28.742806084640325,28.612973026875107,28.65292224615167,162400
2025-09-26,29.07337760925293,29.097346759781217,28.802727935458105,28.802727935458105,21300
2025-09-29,29.042417526245117,29.27211982177461,28.96152283379118,29.27211982177461,29400
2025-09-30,29.1722469329834,29.1722469329834,28.877630031272325,28.982493867971197,33200
2025-10-01,29.29209327697754,29.34202789407829,29.092350998807465,29.132300216394896,27500
2025-10-02,29.312068939208984,29.41194008188326,29.072379339720886,29.35201625334853,33500
2025-10-03,29.299083709716797,29.47186045361506,29.277112783341163,29.35301477158145,282800
2025-10-06,29.32205581665039,29.56174541264546,29.272119293599182,29.56174541264546,30100
2025-10-07,28.992481231689453,29.362001963163255,28.892610094440165,29.362001963163255,30800
2025-10-08,29.282106399536133,29.282106399536133,29.022442196082352,29.072378718794752,21400
2025-10-09,29.012454986572266,29.282106495451792,28.94654030028284,29.282106495451792,34800
2025-10-10,28.19351577758789,29.092352258505745,28.19351577758789,29.089357781452215,41200
2025-10-13,28.7318172454834,28.7827519259892,28.602984258212043,28.632946171136076,23900
2025-10-14,29.093351364135742,29.222184353888178,28.373282520194213,28.373282520194213,25000
2025-10-15,29.2321720123291,29.37199046725976,29.06239164353462,29.37199046725976,91300
2025-10-16,28.8526611328125,29.26712568935409,28.75279189956329,29.242158381041786,26700
2025-10-17,28.892610549926758,28.94254516689686,28.74779749387652,28.782752106732296,32500
2025-10-20,29.2321720123291,29.264130244187026,29.135297252874693,29.16226278486377,10500
2025-10-21,29.391963958740234,29.501822400512793,29.18223437943658,29.18223437943658,163300
2025-10-22,29.044414520263672,29.4618735564699,28.936554299927533,29.4618735564699,50300
2025-10-23,29.50182342529297,29.541770738762917,29.182235393115487,29.227177311321416,91400
2025-10-24,29.78145980834961,29.941252869174917,29.78145980834961,29.92127826035087,58300
2025-10-27,29.961227416992188,30.101045868708752,29.87134358235053,30.101045868708752,75300
2025-10-28,29.851369857788086,29.931266390404655,29.73152601130503,29.881331771850647,75800
2025-10-29,29.78145980834961,30.081073226059722,29.65162866076037,29.841381729938213,90500
2025-10-30,29.369993209838867,29.851368704955345,29.35201491916548,29.531782586831195,78500
2025-10-31,29.471860885620117,29.52679010724787,29.251145840136537,29.411938964245994,85100
2025-11-03,29.41693115234375,29.441898460408417,29.062390425128374,29.23217078680501,136800
2025-11-04,29.26213264465332,29.37698569780278,29.03243034812165,29.03243034812165,256900
2025-11-05,29.701562881469727,29.93126516522952,29.29209293046018,29.29209293046018,177200
2025-11-06,29.451887130737305,29.781460565175284,29.357010593737318,29.731525946729732,121900
2025-11-07,29.721538543701172,29.721538543701172,29.19721743222374,29.272119359644183,105400
2025-11-10,30.081073760986328,30.205912211031304,29.891318783550563,30.0710864563967,55800
2025-11-11,30.01116180419922,30.131007551097998,29.916285270530185,29.981201796137167,89600
2025-11-12,30.140995025634766,30.340735398416065,30.101045808148385,30.270826172698435,101300
2025-11-13,29.357009887695312,30.076078662388905,29.29209336137048,29.9662202185905,163100
2025-11-14,29.362003326416016,29.521796391480528,28.932558749723796,28.95253335907776,86100
2025-11-17,28.97250747680664,29.481848577388273,28.842674423092575,29.30208090602022,121400
2025-11-18,29.042417526245117,29.142288669265998,28.6828821733234,28.79274062113473,475300
2025-11-19,29.162261962890625,29.282105805200796,29.012454302677618,29.12231274553155,398800
2025-11-20,28.602985382080078,29.661616821722713,28.553050763461517,29.581720289002856,276300
2025-11-21,29.35201644897461,29.431912982669804,28.63294764571785,28.73281878905775,555500
2025-11-24,29.881330490112305,29.931265106524403,29.42192401861025,29.43191132286937,243500
2025-11-25,30.290802001953125,30.370698535261635,29.791448192554043,29.791448192554043,75400
2025-11-26,30.590412139892578,30.800141720878916,30.50053021076532,30.537481141383324,58000
2025-11-28,30.67030906677246,30.740220197928963,30.640349058303222,30.640349058303222,24500
2025-12-01,30.550464630126953,30.75020690550132,30.4406061881827,30.4406061881827,101400
2025-12-02,30.30078887939453,30.65632778089396,30.30078887939453,30.590413094221944,173700
2025-12-03,30.680295944213867,30.760192473825743,30.290800600466405,30.290800600466405,94300
2025-12-04,30.979909896850586,31.089766436422245,30.690283781426313,30.690283781426313,98200
2025-12-05,30.900012969970703,31.06979333427925,30.880038361255927,30.94795126893276,92000
2025-12-08,30.96992301940918,31.149690692857053,30.870051878062185,31.04981955151006,862600
2025-12-09,30.929973602294922,31.159677797383,30.770180539119302,30.770180539119302,113100
2025-12-10,31.59910774230957,31.66901696928013,30.870051654068643,30.870051654068643,114500
2025-12-11,31.94865608215332,31.958643386797725,31.47926419316782,31.47926419316782,119900
2025-12-12,31.449302673339844,31.86376724930034,31.20761485061388,31.858772644473756,124100
2025-12-15,31.239574432373047,31.599107873266455,31.203619754865205,31.599107873266455,158000
2025-12-16,31.069793701171875,31.26953407602772,30.92997334340087,31.1397029276156,152500
2025-12-17,30.720245361328125,31.234579154995632,30.676301603046458,31.119728011986552,135000
2025-12-18,30.90999984741211,31.179649441803193,30.85007602209542,31.009869079839582,149400
2025-12-19,31.200000762939453,31.290000915527344,30.950000762939453,31.290000915527344,173200
2025-12-22,31.469999313354492,31.530000686645508,31.280000686645508,31.290000915527344,192300
2025-12-23,31.389999389648438,31.450000762939453,31.290000915527344,31.31999969482422,131000
2025-12-24,31.469999313354492,31.520000457763672,31.360000610351562,31.360000610351562,88500
2025-12-26,31.450000762939453,31.540000915527344,31.344999313354492,31.540000915527344,62200
2025-12-29,31.170000076293945,31.420000076293945,31.149999618530273,31.280000686645508,76900
2025-12-30,31.030000686645508,31.260000228881836,31.0049991607666,31.260000228881836,99100
2025-12-31,30.690000534057617,30.979999542236328,30.68000030517578,30.979999542236328,71900
2026-01-02,31.15999984741211,31.219999313354492,30.780000686645508,30.8799991607666,106300
2026-01-05,31.459999084472656,31.5,31.200000762939453,31.309999465942383,112800
2026-01-06,31.90999984741211,31.959999084472656,31.17799949645996,31.3700008392334,132200
2026-01-07,31.75,32.0,31.507999420166016,32.0,147500
2026-01-08,31.579999923706055,31.6200008392334,31.459999084472656,31.56999969482422,111000
2026-01-09,31.969999313354492,32.040000915527344,31.6299991607666,31.709999084472656,338000
2026-01-12,32.279998779296875,32.279998779296875,31.700000762939453,32.040000915527344,573500
2026-01-13,32.29999923706055,32.29999923706055,32.09000015258789,32.124000549316406,124700
2026-01-14,32.25,32.3380012512207,32.06999969482422,32.224998474121094,84500
2026-01-15,32.779998779296875,32.86000061035156,32.439998626708984,32.439998626708984,83300
2026-01-16,32.77000045776367,32.869998931884766,32.619998931884766,32.779998779296875,85200
2026-01-20,32.38999938964844,32.72999954223633,32.255001068115234,32.279998779296875,88800
2026-01-21,33.040000915527344,33.16999816894531,32.61000061035156,32.68000030517578,111500
2026-01-22,33.060001373291016,33.54999923706055,33.0,33.54999923706055,87100
2026-01-23,32.56999969482422,33.04999923706055,32.38999938964844,33.04999923706055,88200
2026-01-26,32.66999816894531,32.83000183105469,32.558998107910156,32.58000183105469,94300
2026-01-27,32.66999816894531,32.70000076293945,32.5,32.599998474121094,81300
2026-01-28,32.60499954223633,32.79999923706055,32.505001068115234,32.720001220703125,77000
2026-01-29,32.68000030517578,32.779998779296875,32.25,32.75,94900
2026-01-30,32.15999984741211,32.650001525878906,31.989999771118164,32.45000076293945,194400
2026-02-02,32.58000183105469,32.720001220703125,32.0099983215332,32.0099983215332,113500
2026-02-03,32.779998779296875,33.01499938964844,32.33000183105469,32.70000076293945,150300
2026-02-04,32.81999969482422,33.0099983215332,32.38999938964844,32.95000076293945,99800
2026-02-05,32.849998474121094,33.0,32.630001068115234,32.63999938964844,74700
2026-02-06,33.97999954223633,34.02000045776367,33.209999084472656,33.209999084472656,327100
2026-02-09,33.97999954223633,34.16999816894531,33.85599899291992,33.93000030517578,139300
2026-02-10,33.88999938964844,34.099998474121094,33.83399963378906,34.0099983215332,118500
2026-02-11,33.86000061035156,34.31999969482422,33.650001525878906,34.09000015258789,108300
2026-02-12,33.470001220703125,34.380001068115234,33.369998931884766,34.13999938964844,99000
2026-02-13,33.81999969482422,34.0,33.2400016784668,33.61000061035156,127700
2026-02-17,33.709999084472656,33.869998931884766,33.400001525878906,33.625,164200
2026-02-18,33.90999984741211,34.189998626708984,33.81999969482422,33.849998474121094,129600
2026-02-19,34.06999969482422,34.06999969482422,33.709999084472656,33.959999084472656,84400
2026-02-20,34.369998931884766,34.39500045776367,33.93000030517578,33.93000030517578,89400
2026-02-23,33.93000030517578,34.369998931884766,33.66999816894531,34.279998779296875,80200
2026-02-24,34.36000061035156,34.3849983215332,33.939998626708984,34.0,78800
2026-02-25,34.439998626708984,34.52000045776367,34.25,34.5099983215332,55400
2026-02-26,34.42499923706055,34.619998931884766,33.959999084472656,34.5099983215332,72700
2026-02-27,34.08000183105469,34.09000015258789,33.790000915527344,34.0,95000
2026-03-02,34.290000915527344,34.41999816894531,33.619998931884766,33.68000030517578,129300
2026-03-03,33.66999816894531,33.849998474121094,32.90999984741211,33.40999984741211,163900
2026-03-04,33.790000915527344,33.880001068115234,33.54999923706055,33.847999572753906,110000
2026-03-05,33.064998626708984,33.619998931884766,32.720001220703125,33.40999984741211,153800
2026-03-06,32.099998474121094,32.4900016784668,32.099998474121094,32.400001525878906,195500
2026-03-09,32.650001525878906,32.691001892089844,31.43000030517578,31.719999313354492,417800
2026-03-10,32.650001525878906,33.20000076293945,32.56999969482422,32.65999984741211,136400
2026-03-11,32.459999084472656,32.584999084472656,32.27000045776367,32.45000076293945,88800
2026-03-12,31.700000762939453,32.060001373291016,31.667800903320312,32.060001373291016,189286
