date,close,high,low,open,volume
2021-03-12,91.18000030517578,92.25,89.62000274658203,92.18000030517578,1247900
2021-03-15,90.27999877929688,91.80000305175781,87.69999694824219,90.3499984741211,977300
2021-03-16,88.9000015258789,91.61000061035156,87.83999633789062,90.1500015258789,891200
2021-03-17,88.37999725341797,89.16000366210938,85.16000366210938,87.98999786376953,1430200
2021-03-18,86.0,89.91999816894531,85.12999725341797,88.05000305175781,1570200
2021-03-19,85.36000061035156,86.44999694824219,83.56999969482422,85.86000061035156,1886900
2021-03-22,84.16000366210938,88.72000122070312,83.87999725341797,86.9000015258789,1431000
2021-03-23,85.0199966430664,85.41000366210938,83.62000274658203,83.94000244140625,1253400
2021-03-24,81.23999786376953,84.66000366210938,80.62000274658203,84.66000366210938,2602500
2021-03-25,78.86000061035156,81.44000244140625,78.3499984741211,79.6500015258789,1810200
2021-03-26,79.0999984741211,80.66000366210938,74.37000274658203,79.68000030517578,2295100
2021-03-29,78.87999725341797,80.29000091552734,76.61000061035156,79.33000183105469,1644200
2021-03-30,79.77999877929688,80.98999786376953,76.5999984741211,78.33999633789062,1241400
2021-03-31,81.08999633789062,82.5,80.33000183105469,80.41000366210938,1620200
2021-04-01,82.54000091552734,86.2699966430664,81.94999694824219,82.94999694824219,1852400
2021-04-05,80.31999969482422,83.56999969482422,79.91000366210938,82.97000122070312,2732200
2021-04-06,82.83999633789062,83.31999969482422,80.44999694824219,81.02999877929688,1136200
2021-04-07,79.08999633789062,82.87999725341797,78.98999786376953,82.31999969482422,2242800
2021-04-08,79.48999786376953,81.0199966430664,79.37000274658203,80.58999633789062,1488300
2021-04-09,78.31999969482422,80.13999938964844,77.30999755859375,80.13999938964844,1062400
2021-04-12,76.44999694824219,78.44999694824219,75.83000183105469,78.0999984741211,1267800
2021-04-13,79.30999755859375,79.36000061035156,76.87000274658203,76.87000274658203,1000600
2021-04-14,76.29000091552734,78.33000183105469,75.41000366210938,77.70999908447266,1538300
2021-04-15,76.83999633789062,78.05000305175781,75.63500213623047,76.83000183105469,1187100
2021-04-16,77.08000183105469,77.5999984741211,75.96499633789062,77.44999694824219,767300
2021-04-19,78.6500015258789,80.04000091552734,77.12999725341797,77.94999694824219,1673400
2021-04-20,79.86000061035156,80.69999694824219,78.41999816894531,78.7699966430664,1209300
2021-04-21,80.58000183105469,81.0250015258789,78.19999694824219,78.5,865600
2021-04-22,81.9000015258789,83.55000305175781,80.27999877929688,80.45999908447266,874400
2021-04-23,85.05000305175781,86.30000305175781,83.15499877929688,83.80999755859375,1472500
2021-04-26,85.44999694824219,86.19000244140625,84.30000305175781,85.05000305175781,529000
2021-04-27,86.69000244140625,86.95999908447266,84.13999938964844,85.0199966430664,993200
2021-04-28,86.9000015258789,87.52999877929688,85.79000091552734,87.06999969482422,1118300
2021-04-29,83.79000091552734,87.69400024414062,83.29000091552734,87.05000305175781,739700
2021-04-30,82.97000122070312,84.0,82.19999694824219,82.9000015258789,1087700
2021-05-03,80.06999969482422,84.46499633789062,79.30500030517578,83.31999969482422,2042000
2021-05-04,76.0999984741211,79.5,74.75499725341797,79.5,2448300
2021-05-05,76.4000015258789,78.69200134277344,75.05000305175781,77.30000305175781,1424700
2021-05-06,73.83999633789062,75.79000091552734,72.52999877929688,74.08000183105469,2076600
2021-05-07,74.38999938964844,75.82499694824219,70.37000274658203,72.61000061035156,3012300
2021-05-10,70.87999725341797,74.1500015258789,70.37000274658203,74.0,1957700
2021-05-11,71.08000183105469,72.16999816894531,66.88999938964844,67.72000122070312,2300100
2021-05-12,70.58999633789062,72.23999786376953,69.7699966430664,70.7699966430664,1235400
2021-05-13,69.33999633789062,72.16999816894531,68.91999816894531,71.44000244140625,1308900
2021-05-14,74.52999877929688,75.5,70.75,71.02999877929688,1754400
2021-05-17,76.19999694824219,77.26000213623047,74.0,74.83000183105469,1700000
2021-05-18,79.16999816894531,80.29000091552734,78.26000213623047,78.77999877929688,2314200
2021-05-19,79.27999877929688,79.75,77.12999725341797,77.5999984741211,1119200
2021-05-20,73.94999694824219,77.41999816894531,72.75,73.0199966430664,2791600
2021-05-21,71.01000213623047,73.87999725341797,70.0,73.68000030517578,2442700
2021-05-24,70.76000213623047,73.20999908447266,69.2699966430664,70.0,1941300
2021-05-25,73.05000305175781,74.09300231933594,71.0,71.5,1149000
2021-05-26,74.38999938964844,76.5,73.54000091552734,73.54000091552734,1342200
2021-05-27,75.0999984741211,77.0999984741211,73.27999877929688,75.08000183105469,1855800
2021-05-28,75.22000122070312,76.61000061035156,74.32499694824219,75.58000183105469,1154800
2021-06-01,77.13999938964844,77.47000122070312,75.13999938964844,76.37000274658203,1605600
2021-06-02,77.5999984741211,78.62000274658203,76.68000030517578,77.38999938964844,1218000
2021-06-03,72.02999877929688,77.12000274658203,70.83999633789062,77.12000274658203,3488500
2021-06-04,74.3499984741211,74.8499984741211,72.13999938964844,72.31999969482422,1055800
2021-06-07,74.7300033569336,75.1500015258789,72.2300033569336,74.41999816894531,1057500
2021-06-08,76.16999816894531,76.83000183105469,74.86000061035156,75.30999755859375,757400
2021-06-09,74.87999725341797,78.08000183105469,74.69000244140625,76.30999755859375,659200
2021-06-10,77.7699966430664,77.83000183105469,74.75,74.75,887300
2021-06-11,79.66999816894531,79.9800033569336,77.62300109863281,78.0,1624000
2021-06-14,80.44000244140625,81.80899810791016,79.0,79.69999694824219,1300500
2021-06-15,75.20999908447266,79.55000305175781,74.94000244140625,79.30000305175781,1418900
2021-06-16,74.56999969482422,76.26000213623047,73.08999633789062,73.72000122070312,2106800
2021-06-17,78.0199966430664,78.37999725341797,74.0999984741211,74.33000183105469,1907900
2021-06-18,79.98999786376953,81.72000122070312,78.41000366210938,79.02999877929688,2471200
2021-06-21,77.41000366210938,79.87000274658203,76.34500122070312,79.12999725341797,945000
2021-06-22,76.0,77.4800033569336,75.25,76.45999908447266,968000
2021-06-23,76.36000061035156,77.9000015258789,75.80000305175781,76.86000061035156,1116200
2021-06-24,77.4000015258789,77.5999984741211,76.19999694824219,76.81999969482422,1231400
2021-06-25,79.9000015258789,79.9800033569336,77.87999725341797,78.37999725341797,1620500
2021-06-28,80.9800033569336,81.69000244140625,80.23500061035156,80.7300033569336,1032400
2021-06-29,80.4000015258789,80.5999984741211,78.51000213623047,80.12999725341797,826600
2021-06-30,78.48999786376953,80.05000305175781,78.1500015258789,80.05000305175781,1155800
2021-07-01,75.88999938964844,79.22899627685547,74.43000030517578,78.7699966430664,2698000
2021-07-02,76.41999816894531,77.58999633789062,75.29000091552734,75.58999633789062,1139300
2021-07-06,76.12000274658203,77.95999908447266,75.05999755859375,75.05999755859375,1420200
2021-07-07,72.30000305175781,77.19999694824219,70.91000366210938,77.05000305175781,3078700
2021-07-08,69.2300033569336,71.19000244140625,68.98999786376953,71.0,2839800
2021-07-09,70.44999694824219,70.81999969482422,67.94000244140625,70.61499786376953,1602400
2021-07-12,70.44000244140625,71.04000091552734,68.0999984741211,70.08999633789062,1452400
2021-07-13,73.8499984741211,75.58000183105469,70.44000244140625,71.12000274658203,1807700
2021-07-14,72.69999694824219,74.44999694824219,71.83999633789062,74.12999725341797,2114900
2021-07-15,73.38999938964844,74.47000122070312,72.05999755859375,73.08999633789062,894800
2021-07-16,72.3499984741211,74.0,71.13999938964844,73.48999786376953,1135300
2021-07-19,72.54000091552734,72.58999633789062,70.44999694824219,71.8499984741211,1354700
2021-07-20,74.4000015258789,75.20999908447266,71.43000030517578,72.6500015258789,1272200
2021-07-21,74.0,75.27999877929688,72.94999694824219,74.43000030517578,1262300
2021-07-22,72.47000122070312,74.39900207519531,72.31999969482422,74.0,1065800
2021-07-23,64.66999816894531,70.0,59.810001373291016,69.25,8028600
2021-07-26,55.9900016784668,62.029998779296875,55.720001220703125,62.029998779296875,6416300
2021-07-27,51.709999084472656,54.207000732421875,49.880001068115234,52.130001068115234,6805300
2021-07-28,59.900001525878906,60.70100021362305,55.13999938964844,55.18000030517578,5446000
2021-07-29,58.91999816894531,62.84000015258789,58.0099983215332,62.25,3723700
2021-07-30,58.959999084472656,60.56999969482422,58.0099983215332,58.5099983215332,1781900
2021-08-02,59.599998474121094,60.75,58.8650016784668,59.060001373291016,1630600
2021-08-03,56.689998626708984,60.25,55.27000045776367,59.994998931884766,1757400
2021-08-04,58.72999954223633,60.06999969482422,56.6349983215332,56.6349983215332,1513000
2021-08-05,57.90999984741211,58.900001525878906,57.040000915527344,58.08000183105469,1102800
2021-08-06,59.279998779296875,59.459999084472656,57.16999816894531,57.88999938964844,2025000
2021-08-09,59.869998931884766,60.18000030517578,58.77000045776367,59.349998474121094,1524400
2021-08-10,58.849998474121094,60.38999938964844,58.029998779296875,60.16999816894531,783500
2021-08-11,58.11000061035156,59.65999984741211,57.7599983215332,59.529998779296875,859300
2021-08-12,60.189998626708984,60.29999923706055,57.25,57.4900016784668,1172600
2021-08-13,57.900001525878906,60.47999954223633,57.4900016784668,60.19499969482422,1784800
2021-08-16,55.88999938964844,57.630001068115234,55.310001373291016,57.25,2495500
2021-08-17,53.15999984741211,53.689998626708984,50.560001373291016,52.66999816894531,3472800
2021-08-18,52.279998779296875,54.095001220703125,50.18000030517578,53.15999984741211,1775500
2021-08-19,50.29999923706055,51.130001068115234,49.65999984741211,50.0,1820500
2021-08-20,50.02000045776367,52.029998779296875,49.18000030517578,50.27000045776367,2496900
2021-08-23,53.13999938964844,53.310001373291016,50.029998779296875,50.18000030517578,1685800
2021-08-24,56.25,58.43000030517578,56.0,56.13999938964844,4908100
2021-08-25,56.790000915527344,57.0,54.0099983215332,55.560001373291016,2724400
2021-08-26,56.790000915527344,57.459999084472656,55.04999923706055,55.18000030517578,1735600
2021-08-27,51.20000076293945,55.36000061035156,49.15999984741211,55.18000030517578,4995300
2021-08-30,55.9900016784668,56.345001220703125,50.43000030517578,51.040000915527344,3166500
2021-08-31,58.47999954223633,58.79999923706055,56.452999114990234,56.72999954223633,2280000
2021-09-01,63.27000045776367,63.755001068115234,58.54999923706055,58.81999969482422,4062600
2021-09-02,61.97999954223633,63.7599983215332,60.2599983215332,62.9900016784668,2058400
2021-09-03,63.0,63.47999954223633,61.52000045776367,62.0099983215332,797300
2021-09-07,65.58999633789062,66.5,64.22000122070312,64.22000122070312,2406600
2021-09-08,63.86000061035156,65.1500015258789,62.900001525878906,64.53500366210938,1098500
2021-09-09,63.400001525878906,64.5199966430664,61.540000915527344,62.2400016784668,865200
2021-09-10,61.66999816894531,65.08000183105469,61.22999954223633,63.709999084472656,825500
2021-09-13,61.65999984741211,62.43000030517578,59.04999923706055,60.779998779296875,789300
2021-09-14,60.939998626708984,61.9900016784668,60.28300094604492,60.86000061035156,1111800
2021-09-15,58.970001220703125,60.75,58.400001525878906,60.66999816894531,1555600
2021-09-16,57.81999969482422,58.93000030517578,57.310001373291016,58.22999954223633,1114100
2021-09-17,59.279998779296875,59.88999938964844,57.790000915527344,59.29999923706055,1586100
2021-09-20,56.630001068115234,57.810001373291016,55.7400016784668,57.599998474121094,1443600
2021-09-21,57.25,58.40999984741211,57.06999969482422,57.06999969482422,625300
2021-09-22,60.029998779296875,61.13999938964844,57.56999969482422,57.56999969482422,1030700
2021-09-23,59.68000030517578,61.06999969482422,58.45000076293945,60.58000183105469,1016200
2021-09-24,57.119998931884766,59.04999923706055,56.02000045776367,59.04999923706055,578100
2021-09-27,57.709999084472656,57.880001068115234,55.189998626708984,56.220001220703125,596300
2021-09-28,56.349998474121094,57.83000183105469,56.02000045776367,57.41999816894531,1425200
2021-09-29,56.65999984741211,58.13999938964844,56.130001068115234,56.4900016784668,741000
2021-09-30,56.61000061035156,58.279998779296875,56.0099983215332,56.849998474121094,737500
2021-10-01,55.189998626708984,56.83000183105469,54.369998931884766,56.70000076293945,568200
2021-10-04,53.5,54.720001220703125,52.11000061035156,54.0099983215332,1094700
2021-10-05,54.63999938964844,55.060001373291016,53.779998779296875,54.29999923706055,1178600
2021-10-06,55.619998931884766,56.220001220703125,52.75,54.130001068115234,757700
2021-10-07,61.06999969482422,61.90999984741211,57.65999984741211,58.18000030517578,1506000
2021-10-08,59.79999923706055,61.2869987487793,59.209999084472656,60.599998474121094,806300
2021-10-11,57.77000045776367,60.04999923706055,57.689998626708984,59.689998626708984,573300
2021-10-12,56.689998626708984,58.540000915527344,56.5099983215332,57.220001220703125,505300
2021-10-13,58.59000015258789,58.81999969482422,56.47999954223633,57.0,620900
2021-10-14,58.27000045776367,59.310001373291016,58.029998779296875,58.380001068115234,730700
2021-10-15,58.040000915527344,58.709999084472656,56.77000045776367,58.709999084472656,733500
2021-10-18,58.900001525878906,60.439998626708984,57.810001373291016,58.29999923706055,846700
2021-10-19,63.08000183105469,63.56999969482422,59.63999938964844,59.81999969482422,1659500
2021-10-20,63.86000061035156,65.83999633789062,62.59000015258789,64.06999969482422,834000
2021-10-21,62.689998626708984,63.150001525878906,62.0,62.9900016784668,650900
2021-10-22,62.619998931884766,64.9000015258789,61.77000045776367,63.4900016784668,534000
2021-10-25,62.209999084472656,63.47999954223633,61.20000076293945,62.79999923706055,451100
2021-10-26,59.68000030517578,63.0,58.95000076293945,63.0,667800
2021-10-27,59.599998474121094,62.18000030517578,58.650001525878906,59.689998626708984,588800
2021-10-28,61.5099983215332,62.130001068115234,58.060001373291016,59.130001068115234,876600
2021-10-29,59.400001525878906,61.099998474121094,58.619998931884766,60.970001220703125,819100
2021-11-01,61.20000076293945,61.97999954223633,59.16999816894531,59.16999816894531,516400
2021-11-02,58.66999816894531,59.720001220703125,55.04999923706055,59.720001220703125,1926300
2021-11-03,58.61000061035156,60.13999938964844,57.630001068115234,58.66999816894531,521000
2021-11-04,57.31999969482422,59.689998626708984,56.81999969482422,58.7599983215332,759200
2021-11-05,58.29999923706055,59.27000045776367,56.9900016784668,57.66999816894531,964800
2021-11-08,58.34000015258789,59.9900016784668,57.400001525878906,57.97999954223633,623500
2021-11-09,59.029998779296875,59.58000183105469,58.11000061035156,58.650001525878906,685700
2021-11-10,57.349998474121094,60.11000061035156,56.47999954223633,59.59000015258789,941500
2021-11-11,61.290000915527344,61.75,58.38999938964844,58.5,1466400
2021-11-12,61.7599983215332,62.0,60.70000076293945,61.33000183105469,941700
2021-11-15,58.91999816894531,62.595001220703125,58.470001220703125,62.400001525878906,1439400
2021-11-16,59.97999954223633,61.619998931884766,58.5,60.95000076293945,1250500
2021-11-17,59.47999954223633,59.79999923706055,57.91999816894531,59.36000061035156,896900
2021-11-18,57.709999084472656,59.290000915527344,54.63999938964844,58.7400016784668,2196400
2021-11-19,55.02000045776367,58.75,54.93000030517578,57.72999954223633,1341400
2021-11-22,56.099998474121094,58.029998779296875,55.189998626708984,56.22999954223633,1155000
2021-11-23,56.060001373291016,56.58000183105469,55.02000045776367,55.66999816894531,895100
2021-11-24,56.349998474121094,56.84000015258789,54.83000183105469,55.5099983215332,700900
2021-11-26,55.54999923706055,56.59000015258789,54.0,55.130001068115234,930600
2021-11-29,55.650001525878906,56.03499984741211,54.380001068115234,55.939998626708984,614100
2021-11-30,56.040000915527344,57.31999969482422,54.75,55.08000183105469,1393900
2021-12-01,53.47999954223633,57.92499923706055,53.029998779296875,56.880001068115234,1516100
2021-12-02,53.529998779296875,56.689998626708984,52.209999084472656,54.05500030517578,968800
2021-12-03,49.25,53.189998626708984,47.20000076293945,52.150001525878906,2658000
2021-12-06,50.11000061035156,50.400001525878906,47.65999984741211,47.65999984741211,2930900
2021-12-07,51.52000045776367,52.724998474121094,50.65999984741211,51.88999938964844,1335600
2021-12-08,54.25,55.0,50.57500076293945,51.54999923706055,1010700
2021-12-09,53.834999084472656,55.720001220703125,53.417999267578125,54.470001220703125,1893000
2021-12-10,52.689998626708984,54.630001068115234,52.119998931884766,53.709999084472656,612100
2021-12-13,50.15999984741211,52.97999954223633,50.15999984741211,51.5,878300
2021-12-14,46.66999816894531,49.70000076293945,46.4900016784668,49.540000915527344,2149400
2021-12-15,43.22999954223633,46.474998474121094,41.435001373291016,45.619998931884766,2902100
2021-12-16,45.33000183105469,46.2599983215332,42.95500183105469,43.66999816894531,1524600
2021-12-17,47.16999816894531,47.36000061035156,43.15999984741211,44.65999984741211,1364300
2021-12-20,44.209999084472656,45.9900016784668,43.720001220703125,45.95000076293945,952300
2021-12-21,49.040000915527344,49.459999084472656,45.18000030517578,45.34000015258789,768300
2021-12-22,46.81999969482422,48.880001068115234,46.08000183105469,47.5,647500
2021-12-23,47.09000015258789,48.0,44.970001220703125,46.349998474121094,474500
2021-12-27,45.369998931884766,47.0,45.13999938964844,46.81999969482422,453000
2021-12-28,45.060001373291016,45.900001525878906,44.529998779296875,44.88999938964844,561200
2021-12-29,42.79999923706055,44.89899826049805,42.54999923706055,44.869998931884766,665600
2021-12-30,46.900001525878906,47.599998474121094,42.369998931884766,43.0,1150900
2021-12-31,47.15999984741211,47.790000915527344,46.27000045776367,46.849998474121094,465100
2022-01-03,45.380001068115234,46.77000045776367,45.10499954223633,46.77000045776367,852700
2022-01-04,41.02000045776367,46.68000030517578,40.2599983215332,44.720001220703125,2230900
2022-01-05,39.06999969482422,40.90999984741211,38.459999084472656,40.15999984741211,2069700
2022-01-06,41.849998474121094,42.83000183105469,38.77000045776367,39.29999923706055,1636400
2022-01-07,42.900001525878906,44.9900016784668,42.11000061035156,42.4900016784668,1476600
2022-01-10,44.7400016784668,44.970001220703125,42.220001220703125,43.34000015258789,1259400
2022-01-11,46.22999954223633,47.310001373291016,44.150001525878906,44.18000030517578,1633800
2022-01-12,46.290000915527344,48.41999816894531,45.970001220703125,46.88999938964844,1280400
2022-01-13,42.59000015258789,46.220001220703125,42.52000045776367,45.2599983215332,1145100
2022-01-14,43.61000061035156,44.119998931884766,42.11000061035156,42.900001525878906,942600
2022-01-18,42.63999938964844,43.93000030517578,41.5,41.86000061035156,767100
2022-01-19,42.56999969482422,44.38999938964844,42.2599983215332,42.650001525878906,664900
2022-01-20,43.9900016784668,46.0,42.59000015258789,45.0,3516200
2022-01-21,41.900001525878906,44.83000183105469,41.79999923706055,43.77000045776367,1062400
2022-01-24,40.459999084472656,40.689998626708984,37.75,40.08000183105469,2300300
2022-01-25,38.380001068115234,40.810001373291016,37.470001220703125,39.810001373291016,1436000
2022-01-26,38.63999938964844,40.34000015258789,38.0,39.66999816894531,1835300
2022-01-27,36.529998779296875,39.30500030517578,36.38999938964844,38.599998474121094,1472800
2022-01-28,37.0,37.04999923706055,34.95000076293945,36.279998779296875,1894800
2022-01-31,43.880001068115234,43.93000030517578,37.4900016784668,38.16999816894531,1336800
2022-02-01,47.150001525878906,47.380001068115234,42.11000061035156,42.11000061035156,2073700
2022-02-02,43.65999984741211,47.18000030517578,42.54999923706055,47.18000030517578,1317500
2022-02-03,40.5099983215332,42.88999938964844,40.16999816894531,42.45000076293945,1010700
2022-02-04,41.060001373291016,41.689998626708984,39.5,40.720001220703125,1271500
2022-02-07,38.41999816894531,41.970001220703125,38.209999084472656,40.349998474121094,1853700
2022-02-08,38.97999954223633,39.91999816894531,37.77000045776367,38.209999084472656,1525200
2022-02-09,46.40999984741211,47.15999984741211,41.29999923706055,41.869998931884766,3444400
2022-02-10,45.04999923706055,46.20000076293945,42.529998779296875,43.38999938964844,2920600
2022-02-11,42.90999984741211,45.630001068115234,42.630001068115234,44.61000061035156,1146400
2022-02-14,41.66999816894531,43.33000183105469,41.15999984741211,42.02000045776367,1576700
2022-02-15,46.0099983215332,46.26900100708008,42.66999816894531,42.66999816894531,1085500
2022-02-16,44.5,45.4900016784668,44.13999938964844,45.279998779296875,957700
2022-02-17,42.9900016784668,45.349998474121094,42.439998626708984,43.900001525878906,1413300
2022-02-18,42.59000015258789,43.4900016784668,40.81999969482422,42.08000183105469,777600
2022-02-22,42.34000015258789,44.79999923706055,40.849998474121094,40.849998474121094,2504900
2022-02-23,43.11000061035156,45.2599983215332,43.11000061035156,43.7599983215332,1396500
2022-02-24,44.400001525878906,44.65999984741211,40.0099983215332,40.310001373291016,1347100
2022-02-25,43.810001373291016,44.38999938964844,41.70000076293945,44.38999938964844,949700
2022-02-28,44.52000045776367,45.91999816894531,42.75,43.0,1224700
2022-03-01,45.040000915527344,46.400001525878906,44.095001220703125,45.38999938964844,709700
2022-03-02,44.63999938964844,46.22999954223633,42.900001525878906,45.63999938964844,1311000
2022-03-03,42.119998931884766,44.529998779296875,41.63999938964844,43.68000030517578,2072800
2022-03-04,41.40999984741211,42.79999923706055,40.08000183105469,41.400001525878906,2971100
2022-03-07,39.81999969482422,40.95000076293945,38.93000030517578,40.0,2905600
2022-03-08,39.0,40.43000030517578,38.529998779296875,39.540000915527344,1857500
2022-03-09,40.70000076293945,41.54999923706055,39.119998931884766,39.70000076293945,1293100
2022-03-10,34.43000030517578,38.939998626708984,33.209999084472656,38.2599983215332,2424500
2022-03-11,27.360000610351562,36.064998626708984,25.5,36.0099983215332,5910600
2022-03-14,21.020000457763672,24.665000915527344,19.829999923706055,23.510000228881836,6103400
2022-03-15,24.3700008392334,25.649999618530273,20.211000442504883,20.229999542236328,4804600
2022-03-16,37.099998474121094,37.209999084472656,31.860000610351562,32.099998474121094,8079200
2022-03-17,34.560001373291016,36.880001068115234,33.0,35.4900016784668,4397000
2022-03-18,37.13999938964844,40.67499923706055,36.560001373291016,36.83000183105469,5860400
2022-03-21,37.02000045776367,37.470001220703125,34.75,35.5,1885600
2022-03-22,39.41999816894531,40.27000045776367,34.18000030517578,36.15999984741211,3655100
2022-03-23,42.630001068115234,48.400001525878906,38.0099983215332,38.27000045776367,3959000
2022-03-24,42.709999084472656,43.810001373291016,38.72999954223633,41.88999938964844,2790900
2022-03-25,38.0,40.40999984741211,37.29999923706055,40.04999923706055,1437200
2022-03-28,39.529998779296875,40.619998931884766,37.39799880981445,38.15999984741211,1885500
2022-03-29,42.5099983215332,42.93000030517578,39.540000915527344,40.20000076293945,1113300
2022-03-30,42.20000076293945,45.150001525878906,41.599998474121094,41.9900016784668,1417900
2022-03-31,39.25,41.599998474121094,37.970001220703125,41.20000076293945,1130900
2022-04-01,41.77000045776367,42.709999084472656,41.0,42.70000076293945,960600
2022-04-04,44.470001220703125,44.79999923706055,41.470001220703125,43.81999969482422,1308500
2022-04-05,41.41999816894531,44.040000915527344,40.95000076293945,43.90999984741211,974400
2022-04-06,38.61000061035156,40.470001220703125,37.88999938964844,40.18000030517578,2521400
2022-04-07,35.40999984741211,38.5099983215332,34.880001068115234,38.380001068115234,1823800
2022-04-08,33.56999969482422,35.47999954223633,33.40999984741211,35.43000030517578,1719600
2022-04-11,34.54999923706055,36.150001525878906,33.25,35.5099983215332,1447300
2022-04-12,35.470001220703125,37.5,35.33000183105469,35.5,1238000
2022-04-13,37.36000061035156,37.790000915527344,34.9900016784668,35.939998626708984,1709900
2022-04-14,36.16999816894531,37.56999969482422,35.96500015258789,37.10499954223633,754700
2022-04-18,34.27000045776367,36.150001525878906,33.86000061035156,35.93000030517578,1020800
2022-04-19,35.56999969482422,35.90999984741211,33.7400016784668,34.279998779296875,971700
2022-04-20,32.119998931884766,35.70000076293945,32.0,35.70000076293945,1044600
2022-04-21,29.110000610351562,31.489999771118164,27.350000381469727,31.399999618530273,2822600
2022-04-22,29.15999984741211,30.809999465942383,29.100000381469727,29.579999923706055,987500
2022-04-25,27.81999969482422,28.350000381469727,26.56999969482422,27.790000915527344,2441400
2022-04-26,26.860000610351562,28.0,26.6200008392334,27.389999389648438,1589200
2022-04-27,28.0,29.079999923706055,27.3799991607666,27.989999771118164,1349700
2022-04-28,29.6299991607666,29.790000915527344,27.389999389648438,28.829999923706055,1175600
2022-04-29,31.420000076293945,34.73899841308594,30.270000457763672,33.9900016784668,1549900
2022-05-02,31.6200008392334,32.60300064086914,30.450000762939453,31.040000915527344,690100
2022-05-03,32.209999084472656,33.36000061035156,31.829999923706055,32.130001068115234,1302800
2022-05-04,33.650001525878906,34.02000045776367,30.225000381469727,30.225000381469727,1351600
2022-05-05,30.06999969482422,32.22999954223633,29.799999237060547,31.770000457763672,1012700
2022-05-06,27.739999771118164,30.139999389648438,27.510000228881836,29.959999084472656,1121400
2022-05-09,25.850000381469727,27.31999969482422,25.420000076293945,26.719999313354492,2680900
2022-05-10,26.549999237060547,28.31999969482422,25.100000381469727,27.200000762939453,2158300
2022-05-11,26.0,27.84000015258789,25.959999084472656,27.3799991607666,1565600
2022-05-12,25.6200008392334,26.040000915527344,24.5,25.459999084472656,1956400
2022-05-13,29.469999313354492,29.760000228881836,26.670000076293945,26.790000915527344,1628700
2022-05-16,28.0,30.1200008392334,27.81999969482422,28.559999465942383,1276300
2022-05-17,30.389999389648438,30.670000076293945,29.15999984741211,29.829999923706055,1698000
2022-05-18,27.15999984741211,30.309999465942383,26.1560001373291,29.18000030517578,2224700
2022-05-19,31.09000015258789,32.90999984741211,27.31999969482422,27.799999237060547,3593400
2022-05-20,28.950000762939453,30.459999084472656,27.190000534057617,30.350000381469727,2232800
2022-05-23,29.100000381469727,29.450000762939453,28.334999084472656,29.0,758800
2022-05-24,25.010000228881836,27.940000534057617,24.59000015258789,27.510000228881836,1892900
2022-05-25,25.270000457763672,26.739999771118164,24.190000534057617,25.709999084472656,2006000
2022-05-26,27.34000015258789,27.68000030517578,25.299999237060547,25.43000030517578,1134500
2022-05-27,27.510000228881836,27.510000228881836,24.860000610351562,26.31999969482422,1666100
2022-05-31,27.989999771118164,31.290000915527344,27.809999465942383,29.959999084472656,3271000
2022-06-01,27.739999771118164,30.190000534057617,26.81999969482422,29.360000610351562,2443500
2022-06-02,28.639999389648438,28.989999771118164,27.350000381469727,27.799999237060547,2078300
2022-06-03,27.739999771118164,28.540000915527344,27.040000915527344,28.15999984741211,1341700
2022-06-06,28.510000228881836,30.270000457763672,27.809999465942383,29.649999618530273,1824100
2022-06-07,31.06999969482422,31.690000534057617,27.291000366210938,27.639999389648438,1486200
2022-06-08,34.119998931884766,35.93000030517578,31.739999771118164,32.0,2873100
2022-06-09,31.399999618530273,33.11000061035156,31.360000610351562,32.61000061035156,1454400
2022-06-10,30.0,31.799999237060547,29.389999389648438,31.520000457763672,1061300
2022-06-13,27.549999237060547,28.790000915527344,26.725000381469727,28.5,1726000
2022-06-14,28.489999771118164,28.690000534057617,26.993000030517578,27.655000686645508,1672600
2022-06-15,29.530000686645508,30.079999923706055,28.469999313354492,29.59000015258789,2325900
2022-06-16,27.139999389648438,28.655000686645508,26.520000457763672,28.100000381469727,1281700
2022-06-17,28.1200008392334,29.3799991607666,27.979999542236328,28.8700008392334,984500
2022-06-21,31.260000228881836,31.899999618530273,29.34000015258789,30.0,1795700
2022-06-22,31.030000686645508,31.614999771118164,29.719999313354492,29.739999771118164,866400
2022-06-23,33.40999984741211,33.4900016784668,30.700000762939453,31.59000015258789,1053000
2022-06-24,34.7400016784668,35.40999984741211,33.61000061035156,34.540000915527344,1417100
2022-06-27,35.0099983215332,35.6150016784668,33.630001068115234,35.470001220703125,1379200
2022-06-28,33.20000076293945,35.099998474121094,33.040000915527344,35.0,1478800
2022-06-29,33.5,33.54999923706055,32.02000045776367,32.47999954223633,587300
2022-06-30,33.38999938964844,33.599998474121094,31.93000030517578,33.13999938964844,605000
2022-07-01,34.189998626708984,34.939998626708984,33.38999938964844,33.38999938964844,542900
2022-07-05,33.72999954223633,33.90999984741211,32.31999969482422,33.40999984741211,1291600
2022-07-06,31.510000228881836,33.79499816894531,30.719999313354492,33.290000915527344,805900
2022-07-07,32.689998626708984,33.13999938964844,31.520000457763672,32.810001373291016,963100
2022-07-08,30.969999313354492,31.739999771118164,30.65999984741211,31.479999542236328,932000
2022-07-11,27.81999969482422,29.5049991607666,27.65999984741211,29.344999313354492,1400000
2022-07-12,27.31999969482422,28.06999969482422,26.860000610351562,27.81999969482422,1385800
2022-07-13,27.90999984741211,28.229999542236328,26.799999237060547,27.31999969482422,765800
2022-07-14,26.799999237060547,28.315000534057617,26.399999618530273,27.709999084472656,1318800
2022-07-15,26.799999237060547,27.1299991607666,25.68000030517578,26.3700008392334,2105800
2022-07-18,28.06999969482422,29.09000015258789,28.020000457763672,28.270000457763672,887200
2022-07-19,28.850000381469727,29.010000228881836,27.739999771118164,28.68000030517578,422200
2022-07-20,29.149999618530273,29.385000228881836,28.68000030517578,28.809999465942383,388300
2022-07-21,29.219999313354492,29.979999542236328,29.0,29.229999542236328,415500
2022-07-22,28.100000381469727,29.25,28.0,28.84000015258789,655200
2022-07-25,28.219999313354492,28.40999984741211,27.299999237060547,28.059999465942383,1152900
2022-07-26,27.6299991607666,28.59000015258789,27.190000534057617,28.59000015258789,641100
2022-07-27,28.440000534057617,28.59000015258789,27.7450008392334,28.290000915527344,387500
2022-07-28,28.06999969482422,28.6299991607666,27.56999969482422,28.020000457763672,935600
2022-07-29,27.68000030517578,27.809999465942383,26.030000686645508,26.170000076293945,926500
2022-08-01,26.920000076293945,27.280000686645508,25.280000686645508,25.860000610351562,1526900
2022-08-02,28.559999465942383,29.190000534057617,26.56999969482422,26.989999771118164,1218300
2022-08-03,29.110000610351562,29.360000610351562,28.360000610351562,28.360000610351562,533200
2022-08-04,29.209999084472656,30.360000610351562,28.850000381469727,29.959999084472656,569200
2022-08-05,29.0,29.170000076293945,27.559999465942383,28.149999618530273,447100
2022-08-08,28.5,29.459999084472656,28.219999313354492,28.540000915527344,547700
2022-08-09,28.100000381469727,28.84000015258789,27.959999084472656,28.190000534057617,446500
2022-08-10,27.520000457763672,28.049999237060547,26.889999389648438,27.709999084472656,1350800
2022-08-11,29.010000228881836,30.030000686645508,28.6200008392334,28.6200008392334,861400
2022-08-12,29.290000915527344,29.360000610351562,28.225000381469727,28.329999923706055,381600
2022-08-15,29.350000381469727,29.600000381469727,28.610000610351562,28.610000610351562,386500
2022-08-16,28.479999542236328,28.81999969482422,27.8700008392334,28.5,464300
2022-08-17,27.889999389648438,28.889999389648438,27.700000762939453,28.56999969482422,642800
2022-08-18,27.079999923706055,27.969999313354492,26.709999084472656,27.309999465942383,1021600
2022-08-19,26.84000015258789,27.5049991607666,26.540000915527344,27.100000381469727,1228900
2022-08-22,25.979999542236328,26.780000686645508,25.875,26.65999984741211,695000
2022-08-23,25.290000915527344,26.729999542236328,24.915000915527344,26.639999389648438,1013500
2022-08-24,26.90999984741211,28.0,24.520000457763672,24.530000686645508,1449800
2022-08-25,29.0,29.350000381469727,27.110000610351562,27.549999237060547,1232500
2022-08-26,29.06999969482422,30.780000686645508,28.290000915527344,30.329999923706055,1647300
2022-08-29,27.3700008392334,29.579999923706055,27.170000076293945,28.84000015258789,765700
2022-08-30,26.3799991607666,27.43000030517578,25.8700008392334,27.0,819300
2022-08-31,27.239999771118164,28.110000610351562,27.0,27.690000534057617,597000
2022-09-01,25.1200008392334,26.770000457763672,24.71500015258789,26.479999542236328,1539400
2022-09-02,24.1200008392334,24.8799991607666,23.989999771118164,24.68000030517578,791400
2022-09-06,23.020000457763672,23.979999542236328,23.010000228881836,23.979999542236328,825500
2022-09-07,23.010000228881836,23.399999618530273,22.3799991607666,23.149999618530273,806800
2022-09-08,22.030000686645508,22.459999084472656,21.8799991607666,22.40999984741211,632500
2022-09-09,23.309999465942383,23.959999084472656,22.670000076293945,22.860000610351562,744600
2022-09-12,23.959999084472656,24.0,23.260000228881836,23.290000915527344,365500
2022-09-13,22.729999542236328,23.920000076293945,22.6299991607666,22.709999084472656,1476700
2022-09-14,22.989999771118164,23.329999923706055,22.520000457763672,23.329999923706055,974900
2022-09-15,22.950000762939453,23.299999237060547,22.756000518798828,22.920000076293945,575900
2022-09-16,21.6299991607666,22.479999542236328,21.559999465942383,22.43000030517578,1065600
2022-09-19,21.559999465942383,21.610000610351562,21.100000381469727,21.31999969482422,460400
2022-09-20,21.639999389648438,22.020000457763672,21.309999465942383,21.350000381469727,627200
2022-09-21,21.010000228881836,21.59000015258789,20.809999465942383,21.290000915527344,568300
2022-09-22,20.899999618530273,21.90999984741211,20.690000534057617,21.31999969482422,429500
2022-09-23,20.579999923706055,20.75,20.209999084472656,20.3799991607666,808200
2022-09-26,20.040000915527344,21.299999237060547,20.010000228881836,21.190000534057617,868500
2022-09-27,19.770000457763672,20.93000030517578,19.600000381469727,20.440000534057617,905800
2022-09-28,19.0,19.885000228881836,18.510000228881836,18.8700008392334,1642300
2022-09-29,17.530000686645508,18.489999771118164,16.559999465942383,18.1200008392334,2133600
2022-09-30,17.65999984741211,18.100000381469727,17.420000076293945,17.479999542236328,738600
2022-10-03,17.399999618530273,17.934999465942383,17.190000534057617,17.65999984741211,855500
2022-10-04,18.5,18.93000030517578,17.93000030517578,18.170000076293945,1734700
2022-10-05,18.469999313354492,19.049999237060547,18.09000015258789,18.43000030517578,902100
2022-10-06,17.65999984741211,18.719999313354492,17.520000457763672,18.280000686645508,550300
2022-10-07,15.960000038146973,17.200000762939453,15.559000015258789,17.139999389648438,1554400
2022-10-10,15.130000114440918,15.5,14.550000190734863,15.5,1315500
2022-10-11,14.489999771118164,14.9399995803833,13.789999961853027,14.670000076293945,1503700
2022-10-12,15.029999732971191,15.25,14.479999542236328,14.569999694824219,1013400
2022-10-13,14.579999923706055,14.760000228881836,13.635000228881836,14.170000076293945,930600
2022-10-14,14.170000076293945,15.050000190734863,14.119999885559082,15.039999961853027,941500
2022-10-17,15.40999984741211,15.869999885559082,14.520000457763672,14.800000190734863,1221800
2022-10-18,15.579999923706055,16.450000762939453,15.5,15.779999732971191,1198400
2022-10-19,14.5,14.960000038146973,14.1899995803833,14.819999694824219,662800
2022-10-20,14.380000114440918,15.149999618530273,14.210000038146973,14.729999542236328,666300
2022-10-21,14.390000343322754,14.550000190734863,13.59000015258789,14.430000305175781,1083300
2022-10-24,11.880000114440918,11.970000267028809,9.390000343322754,11.800000190734863,3847100
2022-10-25,12.34000015258789,13.414999961853027,12.039999961853027,12.369999885559082,2334400
2022-10-26,12.789999961853027,13.449999809265137,12.369999885559082,12.369999885559082,1690000
2022-10-27,11.149999618530273,12.619999885559082,11.100000381469727,12.4399995803833,1442000
2022-10-28,9.630000114440918,10.5600004196167,9.295000076293945,10.4399995803833,3628900
2022-10-31,8.630000114440918,9.4350004196167,8.407999992370605,9.420000076293945,5065300
2022-11-01,9.079999923706055,10.239999771118164,9.050000190734863,10.0,4203200
2022-11-02,9.0,9.640000343322754,8.90999984741211,9.34000015258789,2618900
2022-11-03,9.210000038146973,9.420000076293945,8.460000038146973,8.619999885559082,2773000
2022-11-04,9.569999694824219,10.260000228881836,8.75,10.100000381469727,3759900
2022-11-07,10.890000343322754,11.220000267028809,10.229999542236328,10.489999771118164,3864100
2022-11-08,10.449999809265137,10.800000190734863,10.21500015258789,10.720000267028809,1751900
2022-11-09,9.140000343322754,10.0600004196167,9.109999656677246,9.899999618530273,1690800
2022-11-10,11.0,11.145000457763672,10.119999885559082,10.479999542236328,2427300
2022-11-11,13.34000015258789,13.489999771118164,12.1899995803833,12.430000305175781,2740000
2022-11-14,13.550000190734863,13.960000038146973,13.170000076293945,13.595000267028809,2019000
2022-11-15,16.6200008392334,17.3799991607666,15.010000228881836,15.100000381469727,4279700
2022-11-16,14.649999618530273,16.357999801635742,14.140000343322754,16.200000762939453,2165100
2022-11-17,15.75,15.8149995803833,13.989999771118164,14.0,1645700
2022-11-18,14.460000038146973,15.359999656677246,14.430000305175781,15.300000190734863,1557800
2022-11-21,13.819999694824219,14.100000381469727,13.484999656677246,14.0,983500
2022-11-22,11.930000305175781,13.4399995803833,10.350000381469727,13.4399995803833,5260600
2022-11-23,11.720000267028809,12.0,11.350000381469727,11.920000076293945,2340600
2022-11-25,11.420000076293945,11.65999984741211,11.164999961853027,11.239999771118164,611900
2022-11-28,11.710000038146973,12.008000373840332,11.350000381469727,11.350000381469727,1085200
2022-11-29,13.489999771118164,13.9399995803833,12.656999588012695,12.699999809265137,2866700
2022-11-30,15.899999618530273,16.621000289916992,13.800000190734863,13.800000190734863,4102700
2022-12-01,14.869999885559082,16.18000030517578,14.70199966430664,14.850000381469727,1770700
2022-12-02,17.219999313354492,17.899999618530273,14.920000076293945,14.920000076293945,2433600
2022-12-05,17.809999465942383,20.299999237060547,16.799999237060547,19.190000534057617,4923000
2022-12-06,18.219999313354492,18.78499984741211,17.61400032043457,18.0,2678000
2022-12-07,17.549999237060547,17.68000030517578,16.489999771118164,17.110000610351562,1257400
2022-12-08,20.510000228881836,20.860000610351562,18.600000381469727,18.920000076293945,2466100
2022-12-09,20.5,21.5,19.790000915527344,20.540000915527344,1765300
2022-12-12,19.1200008392334,19.979999542236328,18.40999984741211,19.739999771118164,1270400
2022-12-13,19.989999771118164,20.799999237060547,19.420000076293945,20.239999771118164,1258400
2022-12-14,21.110000610351562,21.875,19.809999465942383,20.100000381469727,1634400
2022-12-15,19.450000762939453,21.1200008392334,19.3700008392334,20.209999084472656,1233700
2022-12-16,19.989999771118164,20.760000228881836,19.621000289916992,19.850000381469727,1320800
2022-12-19,18.68000030517578,19.114999771118164,18.190000534057617,18.885000228881836,1289500
2022-12-20,18.510000228881836,18.6200008392334,17.649999618530273,18.209999084472656,1101400
2022-12-21,20.1200008392334,20.18000030517578,18.295000076293945,18.600000381469727,886700
2022-12-22,20.049999237060547,20.65999984741211,19.459999084472656,20.459999084472656,728900
2022-12-23,19.360000610351562,19.969999313354492,18.8700008392334,19.739999771118164,620300
2022-12-27,20.440000534057617,20.575000762939453,19.260000228881836,19.5,787600
2022-12-28,19.93000030517578,20.549999237060547,19.479999542236328,20.31999969482422,995300
2022-12-29,21.030000686645508,21.239999771118164,19.139999389648438,19.719999313354492,1266000
2022-12-30,20.6200008392334,21.15999984741211,19.889999389648438,20.0,636600
2023-01-03,23.739999771118164,24.215999603271484,21.6200008392334,21.709999084472656,2940200
2023-01-04,27.229999542236328,27.889999389648438,25.139999389648438,25.3799991607666,2813000
2023-01-05,25.229999542236328,26.3700008392334,24.93000030517578,25.450000762939453,1498900
2023-01-06,24.450000762939453,24.8700008392334,23.399999618530273,24.71500015258789,669500
2023-01-09,24.09000015258789,26.75,24.040000915527344,26.75,1235200
2023-01-10,23.889999389648438,24.170000076293945,21.8799991607666,24.170000076293945,1490500
2023-01-11,22.079999923706055,22.75,19.690000534057617,21.59000015258789,6468900
2023-01-12,23.510000228881836,23.709999084472656,22.06999969482422,22.18000030517578,1732600
2023-01-13,24.799999237060547,25.089000701904297,23.559999465942383,23.93000030517578,1396300
2023-01-17,23.989999771118164,24.399999618530273,22.899999618530273,24.200000762939453,1330900
2023-01-18,22.229999542236328,24.281999588012695,21.770000457763672,24.079999923706055,1541700
2023-01-19,21.90999984741211,23.354999542236328,21.139999389648438,22.479999542236328,1753700
2023-01-20,22.65999984741211,23.40999984741211,21.729999542236328,23.100000381469727,1151700
2023-01-23,24.059999465942383,24.40999984741211,22.729999542236328,23.0,1021500
2023-01-24,23.549999237060547,24.139999389648438,23.15999984741211,24.010000228881836,404800
2023-01-25,23.700000762939453,23.979999542236328,23.0,23.309999465942383,349800
2023-01-26,26.1299991607666,26.399999618530273,24.350000381469727,25.8799991607666,2040500
2023-01-27,26.3799991607666,26.829999923706055,25.610000610351562,26.0,1352200
2023-01-30,23.760000228881836,24.5,23.139999389648438,24.3700008392334,1663800
2023-01-31,23.350000381469727,24.360000610351562,23.209999084472656,23.209999084472656,1049200
2023-02-01,25.479999542236328,25.66900062561035,23.934999465942383,24.56999969482422,948500
2023-02-02,25.81999969482422,26.280000686645508,25.229999542236328,25.25,749200
2023-02-03,24.030000686645508,25.68000030517578,23.780000686645508,24.829999923706055,700400
2023-02-06,22.459999084472656,23.1200008392334,22.040000915527344,22.8799991607666,1078600
2023-02-07,23.780000686645508,23.940000534057617,22.81999969482422,22.979999542236328,925800
2023-02-08,25.030000686645508,25.200000762939453,23.68000030517578,24.469999313354492,1141500
2023-02-09,25.25,26.5,24.899999618530273,26.18000030517578,844600
2023-02-10,22.520000457763672,23.799999237060547,22.149999618530273,23.209999084472656,1243100
2023-02-13,23.030000686645508,24.239999771118164,22.959999084472656,23.489999771118164,969100
2023-02-14,21.809999465942383,22.709999084472656,21.149999618530273,22.329999923706055,1269500
2023-02-15,22.09000015258789,22.170000076293945,21.18000030517578,21.709999084472656,683400
2023-02-16,22.440000534057617,22.915000915527344,21.81399917602539,22.329999923706055,640400
2023-02-17,20.979999542236328,21.670000076293945,20.459999084472656,21.5,1004900
2023-02-21,20.5,20.860000610351562,20.010000228881836,20.510000228881836,1147800
2023-02-22,20.059999465942383,20.700000762939453,19.69099998474121,20.5,995400
2023-02-23,19.799999237060547,20.645000457763672,19.334999084472656,20.549999237060547,949900
2023-02-24,18.920000076293945,19.3799991607666,18.799999237060547,19.290000915527344,1195200
2023-02-27,19.780000686645508,19.799999237060547,19.059999465942383,19.68000030517578,817600
2023-02-28,19.25,19.860000610351562,19.065000534057617,19.540000915527344,664900
2023-03-01,19.899999618530273,20.649999618530273,19.510000228881836,20.649999618530273,1103400
2023-03-02,19.59000015258789,19.690000534057617,18.649999618530273,18.959999084472656,772300
2023-03-03,20.600000381469727,20.8799991607666,19.719999313354492,19.719999313354492,928200
2023-03-06,19.489999771118164,20.299999237060547,19.440000534057617,20.299999237060547,518500
2023-03-07,17.59000015258789,19.15999984741211,17.5,19.020000457763672,2399100
2023-03-08,16.90999984741211,17.139999389648438,16.770000457763672,17.1200008392334,1029500
2023-03-09,15.760000228881836,16.729999542236328,15.720000267028809,16.610000610351562,1207200
2023-03-10,15.520000457763672,15.979000091552734,15.34000015258789,15.600000381469727,1480700
2023-03-13,15.819999694824219,16.260000228881836,15.390000343322754,15.569999694824219,985000
2023-03-14,15.59000015258789,15.899999618530273,15.359999656677246,15.630000114440918,1108900
2023-03-15,15.949999809265137,16.700000762939453,15.364999771118164,16.110000610351562,2795900
2023-03-16,16.239999771118164,16.3700008392334,15.470000267028809,15.75,1139200
2023-03-17,15.869999885559082,17.18000030517578,15.84000015258789,16.829999923706055,1098200
2023-03-20,16.079999923706055,16.260000228881836,15.550000190734863,15.710000038146973,760700
2023-03-21,17.25,17.45199966430664,16.549999237060547,16.65999984741211,1069400
2023-03-22,17.209999084472656,17.84000015258789,17.040000915527344,17.600000381469727,653500
2023-03-23,19.139999389648438,20.200000762939453,17.799999237060547,17.989999771118164,2102400
2023-03-24,18.770000457763672,19.540000915527344,18.40999984741211,19.200000762939453,1073000
2023-03-27,18.700000762939453,18.93000030517578,18.200000762939453,18.200000762939453,532500
2023-03-28,19.1299991607666,19.28499984741211,18.780000686645508,19.28499984741211,877900
2023-03-29,19.65999984741211,19.829999923706055,18.93000030517578,19.079999923706055,762900
2023-03-30,20.020000457763672,20.780000686645508,19.68000030517578,19.799999237060547,1076700
2023-03-31,18.65999984741211,19.780000686645508,18.520000457763672,19.780000686645508,1250900
2023-04-03,18.540000915527344,18.875,18.15999984741211,18.65999984741211,825300
2023-04-04,17.799999237060547,18.459999084472656,17.530000686645508,18.100000381469727,1018200
2023-04-05,17.239999771118164,17.709999084472656,16.780000686645508,17.709999084472656,873500
2023-04-06,17.84000015258789,17.950000762939453,16.979999542236328,17.15999984741211,1049000
2023-04-10,17.270000457763672,17.700000762939453,16.924999237060547,17.5,834700
2023-04-11,17.93000030517578,18.299999237060547,17.53499984741211,17.68000030517578,638300
2023-04-12,16.459999084472656,18.19499969482422,16.299999237060547,17.889999389648438,1899600
2023-04-13,16.93000030517578,17.290000915527344,16.829999923706055,17.290000915527344,1226900
2023-04-14,16.6200008392334,16.950000762939453,16.3799991607666,16.739999771118164,1052000
2023-04-17,17.15999984741211,17.229999542236328,16.81999969482422,17.079999923706055,1273300
2023-04-18,17.65999984741211,17.7549991607666,17.040000915527344,17.139999389648438,1078500
2023-04-19,16.850000381469727,17.06999969482422,16.719999313354492,16.809999465942383,785400
2023-04-20,16.360000610351562,16.790000915527344,16.204999923706055,16.65999984741211,753000
2023-04-21,16.09000015258789,16.219999313354492,15.770000457763672,15.880000114440918,896400
2023-04-24,15.699999809265137,16.200000762939453,15.609999656677246,16.200000762939453,1057200
2023-04-25,14.8100004196167,15.140000343322754,14.550000190734863,15.069999694824219,1108700
2023-04-26,14.90999984741211,15.75,14.65999984741211,15.710000038146973,895400
2023-04-27,15.510000228881836,15.600000381469727,15.0,15.0,519600
2023-04-28,15.529999732971191,15.710000038146973,15.279999732971191,15.569999694824219,509400
2023-05-01,15.40999984741211,15.640000343322754,15.140000343322754,15.470000267028809,477900
2023-05-02,13.800000190734863,15.109999656677246,13.460000038146973,14.989999771118164,2007200
2023-05-03,13.720000267028809,13.880000114440918,13.5,13.729999542236328,696600
2023-05-04,14.109999656677246,15.050000190734863,14.029999732971191,14.119999885559082,1702200
2023-05-05,14.739999771118164,14.779999732971191,14.085000038146973,14.449999809265137,736200
2023-05-08,14.739999771118164,14.880000114440918,14.210000038146973,14.739999771118164,655000
2023-05-09,13.75,14.210000038146973,13.699999809265137,14.039999961853027,823900
2023-05-10,12.869999885559082,14.0,12.550000190734863,13.710000038146973,2221400
2023-05-11,11.470000267028809,12.579999923706055,11.0,12.569999694824219,3880500
2023-05-12,11.010000228881836,11.5,10.78499984741211,11.5,2327500
2023-05-15,11.569999694824219,11.670000076293945,11.300000190734863,11.390000343322754,2761500
2023-05-16,10.399999618530273,11.194999694824219,10.25,11.119999885559082,2049200
2023-05-17,10.220000267028809,10.289999961853027,9.65999984741211,10.029999732971191,1695900
2023-05-18,10.199999809265137,10.390000343322754,9.989999771118164,10.199999809265137,1953100
2023-05-19,10.140000343322754,10.420000076293945,10.050000190734863,10.050000190734863,1196400
2023-05-22,10.710000038146973,10.949999809265137,10.454999923706055,10.520000457763672,1766900
2023-05-23,10.5,10.880000114440918,10.390000343322754,10.399999618530273,1582400
2023-05-24,10.289999961853027,10.59000015258789,10.079999923706055,10.510000228881836,1131600
2023-05-25,10.210000038146973,11.0,9.979999542236328,10.25,1218300
2023-05-26,10.15999984741211,10.529999732971191,10.100000381469727,10.529999732971191,761100
2023-05-30,10.0,10.170000076293945,9.8100004196167,10.170000076293945,1394800
2023-05-31,9.760000228881836,9.90999984741211,9.569999694824219,9.789999961853027,1145400
2023-06-01,10.34000015258789,10.699999809265137,9.850000381469727,9.899999618530273,1327600
2023-06-02,11.0600004196167,11.109999656677246,10.746000289916992,10.890000343322754,1055000
2023-06-05,10.84000015258789,11.270000457763672,10.609999656677246,11.270000457763672,1299800
2023-06-06,11.1899995803833,11.34000015258789,10.579999923706055,10.6899995803833,1350800
2023-06-07,11.529999732971191,12.039999961853027,11.425000190734863,11.5,1890500
2023-06-08,11.399999618530273,11.619999885559082,11.229999542236328,11.529999732971191,1034800
2023-06-09,11.350000381469727,11.8100004196167,11.3100004196167,11.529999732971191,1041300
2023-06-12,11.970000267028809,12.260000228881836,11.270000457763672,11.460000038146973,1726000
2023-06-13,13.010000228881836,13.270000457763672,12.5,12.770000457763672,2179100
2023-06-14,13.470000267028809,13.6899995803833,12.90999984741211,12.920000076293945,2310400
2023-06-15,13.600000381469727,13.789999961853027,13.239999771118164,13.34000015258789,1600900
2023-06-16,13.34000015258789,13.75,12.84000015258789,13.619999885559082,2218600
2023-06-20,12.390000343322754,12.40999984741211,11.819999694824219,12.399999618530273,1356400
2023-06-21,11.9399995803833,12.340999603271484,11.899999618530273,12.140000343322754,819200
2023-06-22,11.869999885559082,12.0600004196167,11.510000228881836,11.8100004196167,600700
2023-06-23,11.380000114440918,11.489999771118164,11.100000381469727,11.119999885559082,860700
2023-06-26,11.420000076293945,11.600000381469727,11.3100004196167,11.40999984741211,505200
2023-06-27,11.720000267028809,11.850000381469727,11.520000457763672,11.850000381469727,581400
2023-06-28,11.25,11.380000114440918,11.029999732971191,11.380000114440918,854200
2023-06-29,10.920000076293945,11.0,10.699999809265137,11.0,726700
2023-06-30,10.989999771118164,11.210000038146973,10.84000015258789,10.989999771118164,339000
2023-07-03,11.350000381469727,11.65999984741211,11.25,11.399999618530273,362600
2023-07-05,10.600000381469727,11.130000114440918,10.494999885559082,11.130000114440918,1187200
2023-07-06,10.100000381469727,10.34000015258789,9.899999618530273,10.119999885559082,924700
2023-07-07,10.479999542236328,10.710000038146973,10.289999961853027,10.390000343322754,853400
2023-07-10,10.819999694824219,10.984999656677246,10.550000190734863,10.569999694824219,737500
2023-07-11,11.270000457763672,11.3100004196167,10.84000015258789,10.949999809265137,545600
2023-07-12,11.819999694824219,12.100000381469727,11.595000267028809,11.699999809265137,1072500
2023-07-13,12.489999771118164,12.630000114440918,12.0,12.09000015258789,1207900
2023-07-14,11.970000267028809,12.239999771118164,11.729999542236328,12.170000076293945,1244200
2023-07-17,11.779999732971191,11.899999618530273,11.399999618530273,11.829999923706055,566400
2023-07-18,11.40999984741211,11.829999923706055,11.289999961853027,11.640000343322754,556600
2023-07-19,12.039999961853027,12.390000343322754,11.75,11.75,1005900
2023-07-20,11.8100004196167,12.010000228881836,11.755000114440918,11.859999656677246,683300
2023-07-21,11.5,12.010000228881836,11.479999542236328,11.989999771118164,857500
2023-07-24,12.0,12.3100004196167,11.069999694824219,11.3100004196167,950200
2023-07-25,12.010000228881836,12.630000114440918,11.9350004196167,12.470000267028809,716100
2023-07-26,12.34000015258789,12.470000267028809,11.800000190734863,11.8100004196167,793000
2023-07-27,11.979999542236328,12.5600004196167,11.9399995803833,12.5,795500
2023-07-28,13.539999961853027,14.239999771118164,12.710000038146973,12.75,3069800
2023-07-31,13.279999732971191,13.729999542236328,13.149999618530273,13.5600004196167,1116300
2023-08-01,12.819999694824219,13.109999656677246,12.675000190734863,13.029999732971191,721400
2023-08-02,12.0,12.33899974822998,11.8100004196167,12.329999923706055,1050100
2023-08-03,12.619999885559082,13.015000343322754,12.260000228881836,12.279999732971191,784800
2023-08-04,12.699999809265137,12.90999984741211,12.369999885559082,12.699999809265137,764700
2023-08-07,12.359999656677246,12.890000343322754,12.180000305175781,12.890000343322754,680500
2023-08-08,11.970000267028809,11.975000381469727,11.569999694824219,11.930000305175781,608700
2023-08-09,11.979999542236328,12.539999961853027,11.739999771118164,12.220000267028809,429600
2023-08-10,11.739999771118164,12.427000045776367,11.739999771118164,12.170000076293945,563600
2023-08-11,11.130000114440918,11.699999809265137,11.010000228881836,11.699999809265137,1108200
2023-08-14,11.210000038146973,11.210000038146973,10.800000190734863,10.899999618530273,353200
2023-08-15,11.029999732971191,11.319999694824219,10.979999542236328,11.15999984741211,824400
2023-08-16,10.890000343322754,11.020000457763672,10.720000267028809,10.800000190734863,508200
2023-08-17,11.029999732971191,11.380000114440918,10.989999771118164,11.289999961853027,460500
2023-08-18,10.4399995803833,10.51099967956543,10.220000267028809,10.229999542236328,1278900
2023-08-21,10.15999984741211,10.380000114440918,10.069999694824219,10.220000267028809,2072400
2023-08-22,10.579999923706055,10.850000381469727,10.130000114440918,10.850000381469727,1017100
2023-08-23,11.100000381469727,11.234999656677246,10.539999961853027,10.539999961853027,1409800
2023-08-24,11.229999542236328,11.420000076293945,11.0600004196167,11.239999771118164,947600
2023-08-25,11.359999656677246,11.489999771118164,10.890000343322754,11.220000267028809,821800
2023-08-28,11.4399995803833,11.649999618530273,11.199999809265137,11.430000305175781,612100
2023-08-29,11.9399995803833,12.0,11.470000267028809,11.649999618530273,993200
2023-08-30,11.869999885559082,11.979999542236328,11.489999771118164,11.609999656677246,693000
2023-08-31,11.960000038146973,12.050000190734863,11.369999885559082,11.640000343322754,845000
2023-09-01,12.289999961853027,12.470000267028809,12.130000114440918,12.140000343322754,1158400
2023-09-05,11.920000076293945,11.970999717712402,11.760000228881836,11.8100004196167,809700
2023-09-06,12.15999984741211,12.210000038146973,11.90999984741211,11.960000038146973,527900
2023-09-07,11.239999771118164,11.800000190734863,11.199999809265137,11.800000190734863,920200
2023-09-08,11.270000457763672,11.42300033569336,11.130000114440918,11.220000267028809,724100
2023-09-11,11.369999885559082,11.569999694824219,11.25,11.479999542236328,566600
2023-09-12,11.430000305175781,11.510000228881836,11.25,11.25,443500
2023-09-13,11.34000015258789,11.430000305175781,11.15999984741211,11.239999771118164,412500
2023-09-14,11.220000267028809,11.5600004196167,11.199999809265137,11.4399995803833,375800
2023-09-15,11.079999923706055,11.25,10.9399995803833,11.119999885559082,897600
2023-09-18,10.930000305175781,11.005000114440918,10.710000038146973,10.90999984741211,361000
2023-09-19,10.65999984741211,10.829999923706055,10.529999732971191,10.760000228881836,473100
2023-09-20,10.529999732971191,10.829999923706055,10.520000457763672,10.649999618530273,360600
2023-09-21,10.170000076293945,10.305000305175781,10.100000381469727,10.199999809265137,681100
2023-09-22,10.699999809265137,10.954999923706055,10.6899995803833,10.899999618530273,933900
2023-09-25,10.460000038146973,10.524999618530273,10.220000267028809,10.220000267028809,333400
2023-09-26,10.319999694824219,10.729999542236328,10.25,10.25,760700
2023-09-27,10.380000114440918,10.579999923706055,10.260000228881836,10.4399995803833,361900
2023-09-28,10.520000457763672,10.630000114440918,10.239999771118164,10.239999771118164,360500
2023-09-29,10.949999809265137,11.074999809265137,10.864999771118164,10.949999809265137,416900
2023-10-02,10.59000015258789,10.930000305175781,10.5600004196167,10.930000305175781,373200
2023-10-03,10.15999984741211,10.520000457763672,10.09000015258789,10.25,538800
2023-10-04,10.25,10.270000457763672,10.029999732971191,10.029999732971191,345000
2023-10-05,10.579999923706055,10.675000190734863,10.40999984741211,10.40999984741211,571300
2023-10-06,10.899999618530273,10.989999771118164,10.579999923706055,10.779999732971191,478800
2023-10-09,10.699999809265137,10.8100004196167,10.460000038146973,10.729999542236328,318300
2023-10-10,11.239999771118164,11.354999542236328,10.770000457763672,10.880000114440918,774000
2023-10-11,11.100000381469727,11.5600004196167,11.005000114440918,11.420000076293945,725000
2023-10-12,10.289999961853027,11.069999694824219,10.079999923706055,11.069999694824219,1213400
2023-10-13,10.1899995803833,10.380000114440918,10.123000144958496,10.149999618530273,277100
2023-10-16,10.359999656677246,10.635000228881836,10.130000114440918,10.130000114440918,387200
2023-10-17,10.34000015258789,10.449999809265137,10.15999984741211,10.15999984741211,449100
2023-10-18,10.104999542236328,10.239999771118164,9.800000190734863,10.069999694824219,1214300
2023-10-19,10.0,10.194999694824219,9.895000457763672,9.90999984741211,632300
2023-10-20,9.880000114440918,10.010000228881836,9.729999542236328,9.800000190734863,899800
2023-10-23,10.020000457763672,10.140000343322754,9.65999984741211,9.850000381469727,611400
2023-10-24,10.460000038146973,10.729999542236328,10.039999961853027,10.0600004196167,689000
2023-10-25,9.739999771118164,10.020000457763672,9.65999984741211,10.020000457763672,955200
2023-10-26,9.729999542236328,9.819999694824219,9.539999961853027,9.6899995803833,410800
2023-10-27,9.59000015258789,9.989999771118164,9.571999549865723,9.989999771118164,373000
2023-10-30,10.229999542236328,10.260000228881836,9.859999656677246,9.869999885559082,1102900
2023-10-31,10.300000190734863,10.345000267028809,9.970000267028809,9.970000267028809,667400
2023-11-01,9.989999771118164,10.199999809265137,9.854999542236328,10.199999809265137,847200
2023-11-02,10.239999771118164,10.470000267028809,10.109999656677246,10.109999656677246,682900
2023-11-03,11.029999732971191,11.239999771118164,10.720000267028809,10.720000267028809,1003200
2023-11-06,11.1899995803833,11.520000457763672,11.050000190734863,11.520000457763672,866600
2023-11-07,11.0,11.079999923706055,10.869999885559082,11.079999923706055,339700
2023-11-08,11.069999694824219,11.149999618530273,10.899999618530273,10.899999618530273,164700
2023-11-09,10.670000076293945,11.520000457763672,10.625,11.520000457763672,336600
2023-11-10,10.9399995803833,10.9399995803833,10.489999771118164,10.640000343322754,387300
2023-11-13,10.829999923706055,11.079999923706055,10.649999618530273,11.020000457763672,270300
2023-11-14,11.4399995803833,11.489999771118164,11.140000343322754,11.140000343322754,796400
2023-11-15,11.949999809265137,12.260000228881836,11.720000267028809,11.720000267028809,891500
2023-11-16,11.470000267028809,11.53499984741211,11.050000190734863,11.289999961853027,969400
2023-11-17,11.550000190734863,11.670000076293945,11.34000015258789,11.5,532400
2023-11-20,11.770000457763672,11.979999542236328,11.720000267028809,11.789999961853027,552500
2023-11-21,10.970000267028809,11.359999656677246,10.789999961853027,11.329999923706055,1054300
2023-11-22,11.180000305175781,11.199999809265137,10.76099967956543,10.970000267028809,626700
2023-11-24,11.260000228881836,11.364999771118164,11.039999961853027,11.279999732971191,521000
2023-11-27,10.829999923706055,11.09000015258789,10.829999923706055,11.09000015258789,743400
2023-11-28,10.789999961853027,10.949999809265137,10.680000305175781,10.8100004196167,684900
2023-11-29,10.550000190734863,10.779999732971191,10.472999572753906,10.630000114440918,836600
2023-11-30,10.25,10.5600004196167,10.210000038146973,10.539999961853027,557600
2023-12-01,10.270000457763672,10.28499984741211,9.949999809265137,10.020000457763672,774700
2023-12-04,10.0,10.15999984741211,9.84000015258789,10.0,622100
2023-12-05,9.670000076293945,9.8100004196167,9.625,9.729999542236328,662400
2023-12-06,9.380000114440918,9.850000381469727,9.369999885559082,9.850000381469727,814400
2023-12-07,9.229999542236328,9.449999809265137,9.09000015258789,9.40999984741211,983600
2023-12-08,8.729999542236328,9.145999908447266,8.710000038146973,9.020000457763672,780300
2023-12-11,8.630000114440918,8.649999618530273,8.4399995803833,8.649999618530273,986800
2023-12-12,8.130000114440918,8.484999656677246,8.039999961853027,8.470000267028809,1803700
2023-12-13,8.699999809265137,8.755000114440918,7.809999942779541,7.889999866485596,1977800
2023-12-14,8.779999732971191,9.09000015258789,8.670000076293945,8.770000457763672,1225700
2023-12-15,8.829999923706055,8.979999542236328,8.619999885559082,8.859999656677246,2805300
2023-12-18,8.489999771118164,8.760000228881836,8.414999961853027,8.760000228881836,1234200
2023-12-19,8.75,9.010000228881836,8.550000190734863,8.619999885559082,1710100
2023-12-20,8.229999542236328,8.619999885559082,8.229999542236328,8.569999694824219,1340800
2023-12-21,8.550000190734863,8.649999618530273,8.1899995803833,8.420000076293945,1300700
2023-12-22,8.609999656677246,8.75,8.199999809265137,8.239999771118164,1020200
2023-12-26,8.779999732971191,8.979999542236328,8.5,8.5,809600
2023-12-27,8.850000381469727,9.020000457763672,8.600000381469727,8.819999694824219,859200
2023-12-28,9.15999984741211,9.385000228881836,9.005000114440918,9.010000228881836,1343300
2023-12-29,9.119999885559082,9.34000015258789,9.100000381469727,9.1899995803833,718900
2024-01-02,8.699999809265137,9.029999732971191,8.6899995803833,9.0,951800
2024-01-03,8.680000305175781,8.800000190734863,8.420000076293945,8.59000015258789,959300
2024-01-04,8.15999984741211,8.579999923706055,8.149999618530273,8.569999694824219,1323300
2024-01-05,7.75,8.180000305175781,7.670000076293945,8.09000015258789,1466900
2024-01-08,7.610000133514404,7.71999979019165,7.309999942779541,7.480000019073486,846600
2024-01-09,7.380000114440918,7.46999979019165,7.260000228881836,7.420000076293945,1833300
2024-01-10,7.090000152587891,7.360000133514404,6.900000095367432,7.360000133514404,2237500
2024-01-11,7.179999828338623,7.320000171661377,7.019999980926514,7.25,700800
2024-01-12,7.090000152587891,7.389999866485596,7.050000190734863,7.119999885559082,792200
2024-01-16,6.449999809265137,7.000999927520752,6.380000114440918,7.0,2219300
2024-01-17,6.239999771118164,6.309999942779541,6.059999942779541,6.150000095367432,1863700
2024-01-18,5.960000038146973,6.400000095367432,5.704999923706055,6.239999771118164,2388800
2024-01-19,5.690000057220459,5.789999961853027,5.330999851226807,5.75,3467900
2024-01-22,5.849999904632568,5.940000057220459,5.289999961853027,5.46999979019165,2811000
2024-01-23,6.360000133514404,6.880000114440918,6.119999885559082,6.480000019073486,4015200
2024-01-24,6.15500020980835,6.71999979019165,6.039999961853027,6.670000076293945,1791700
2024-01-25,5.940000057220459,6.329999923706055,5.90500020980835,6.230000019073486,1368300
2024-01-26,5.769999980926514,5.880000114440918,5.630000114440918,5.760000228881836,982400
2024-01-29,5.769999980926514,5.795000076293945,5.554999828338623,5.730000019073486,979300
2024-01-30,5.429999828338623,5.590000152587891,5.409999847412109,5.579999923706055,1319800
2024-01-31,5.420000076293945,5.59499979019165,5.269999980926514,5.309999942779541,1724200
2024-02-01,5.454999923706055,5.599999904632568,5.420000076293945,5.550000190734863,881600
2024-02-02,5.260000228881836,5.34499979019165,5.045000076293945,5.309999942779541,1598400
2024-02-05,5.059999942779541,5.269999980926514,5.010000228881836,5.269999980926514,860500
2024-02-06,5.980000019073486,6.224999904632568,5.340000152587891,5.460000038146973,4368900
2024-02-07,5.849999904632568,5.949999809265137,5.670000076293945,5.860000133514404,1503600
2024-02-08,5.800000190734863,5.860000133514404,5.53000020980835,5.769999980926514,1284400
2024-02-09,5.920000076293945,5.96999979019165,5.539999961853027,5.820000171661377,1010400
2024-02-12,6.28000020980835,6.409999847412109,5.96999979019165,5.96999979019165,1023400
2024-02-13,5.769999980926514,6.130000114440918,5.739999771118164,6.03000020980835,1310000
2024-02-14,6.079999923706055,6.119999885559082,5.869999885559082,5.949999809265137,1399300
2024-02-15,6.769999980926514,6.900000095367432,6.099999904632568,6.179999828338623,2667900
2024-02-16,6.869999885559082,7.414999961853027,6.769999980926514,7.090000152587891,2436500
2024-02-20,6.760000228881836,6.809999942779541,6.551000118255615,6.744999885559082,1302500
2024-02-21,6.769999980926514,6.914999961853027,6.650000095367432,6.914999961853027,1546600
2024-02-22,7.150000095367432,7.260000228881836,6.90500020980835,7.070000171661377,1303400
2024-02-23,7.019999980926514,7.139999866485596,6.849999904632568,7.070000171661377,903700
2024-02-26,7.010000228881836,7.079999923706055,6.739999771118164,6.889999866485596,1048300
2024-02-27,7.309999942779541,7.400000095367432,7.03000020980835,7.190000057220459,1274600
2024-02-28,6.880000114440918,7.03000020980835,6.570000171661377,6.989999771118164,1699300
2024-02-29,6.829999923706055,7.014999866485596,6.624000072479248,6.920000076293945,1124200
2024-03-01,6.710000038146973,6.835000038146973,6.539999961853027,6.800000190734863,1316200
2024-03-04,6.400000095367432,6.760000228881836,6.340000152587891,6.760000228881836,880100
2024-03-05,5.920000076293945,6.269999980926514,5.90500020980835,6.159999847412109,1132600
2024-03-06,6.329999923706055,6.570000171661377,6.179999828338623,6.21999979019165,901800
2024-03-07,6.21999979019165,6.264999866485596,6.085000038146973,6.21999979019165,1078500
2024-03-08,6.409999847412109,6.684999942779541,6.335000038146973,6.360000133514404,856000
2024-03-11,7.820000171661377,8.550000190734863,7.545000076293945,7.590000152587891,5049900
2024-03-12,7.730000019073486,8.09000015258789,7.514999866485596,8.0,1682200
2024-03-13,8.40999984741211,8.6899995803833,7.619999885559082,7.730000019073486,3587200
2024-03-14,7.980000019073486,8.25,7.849999904632568,8.039999961853027,2826200
2024-03-15,7.570000171661377,7.940000057220459,7.440000057220459,7.929999828338623,1724000
2024-03-18,7.670000076293945,7.875,7.53000020980835,7.690000057220459,974500
2024-03-19,7.949999809265137,8.045000076293945,7.315000057220459,7.599999904632568,1326500
2024-03-20,8.140000343322754,8.220000267028809,7.829999923706055,8.010000228881836,1020600
2024-03-21,8.369999885559082,8.550000190734863,8.020000457763672,8.15999984741211,2673900
2024-03-22,8.529999732971191,8.890000343322754,8.029999732971191,8.180000305175781,2431100
2024-03-25,8.369999885559082,8.989999771118164,8.199999809265137,8.859999656677246,2544200
2024-03-26,6.150000095367432,7.932000160217285,6.059999942779541,7.920000076293945,9709000
2024-03-27,6.329999923706055,6.360000133514404,5.849999904632568,6.110000133514404,2649600
2024-03-28,6.650000095367432,6.815000057220459,6.340000152587891,6.440000057220459,2577500
2024-04-01,6.989999771118164,7.21999979019165,6.730000019073486,6.769999980926514,1522900
2024-04-02,7.21999979019165,7.289999961853027,6.769999980926514,6.889999866485596,1820700
2024-04-03,7.860000133514404,7.869999885559082,7.230000019073486,7.28000020980835,2081100
2024-04-04,7.480000019073486,7.889999866485596,7.460000038146973,7.889999866485596,1303700
2024-04-05,7.235000133514404,7.579999923706055,7.070000171661377,7.480000019073486,1339200
2024-04-08,6.760000228881836,7.210000038146973,6.684999942779541,7.090000152587891,1180600
2024-04-09,6.809999942779541,7.184999942779541,6.704999923706055,6.809999942779541,1415200
2024-04-10,6.75,6.800000190734863,6.465000152587891,6.769999980926514,1444500
2024-04-11,6.739999771118164,6.980000019073486,6.610000133514404,6.849999904632568,830000
2024-04-12,6.110000133514404,6.53000020980835,6.050000190734863,6.519999980926514,2578200
2024-04-15,6.119999885559082,6.449999809265137,6.025000095367432,6.300000190734863,1854000
2024-04-16,6.139999866485596,6.300000190734863,5.860000133514404,5.949999809265137,1488600
2024-04-17,6.25,6.264999866485596,6.034999847412109,6.210000038146973,1533700
2024-04-18,6.409999847412109,6.420000076293945,6.110000133514404,6.380000114440918,834200
2024-04-19,6.320000171661377,6.355000019073486,6.150000095367432,6.289999961853027,1893600
2024-04-22,6.590000152587891,6.650000095367432,6.300000190734863,6.369999885559082,1163200
2024-04-23,6.769999980926514,6.769999980926514,6.605000019073486,6.659999847412109,1340100
2024-04-24,7.260000228881836,7.269999980926514,6.980000019073486,7.059999942779541,1755000
2024-04-25,7.199999809265137,7.21999979019165,7.0,7.039999961853027,895200
2024-04-26,7.760000228881836,7.809999942779541,7.320000171661377,7.5,2035000
2024-04-29,8.5,8.569999694824219,7.889999866485596,7.889999866485596,2478400
2024-04-30,8.15999984741211,8.220000267028809,8.010000228881836,8.220000267028809,2398500
2024-05-01,8.420000076293945,8.729999542236328,8.100000381469727,8.199999809265137,1368500
2024-05-02,8.850000381469727,9.010000228881836,8.324999809265137,8.75,1736500
2024-05-03,8.739999771118164,8.960000038146973,8.505000114440918,8.960000038146973,1002700
2024-05-06,8.430000305175781,8.770000457763672,8.40999984741211,8.550000190734863,839900
2024-05-07,8.329999923706055,8.84000015258789,8.329999923706055,8.449999809265137,1368700
2024-05-08,8.09000015258789,8.329999923706055,7.96999979019165,8.170000076293945,1094300
2024-05-09,8.430000305175781,8.529999732971191,8.21500015258789,8.229999542236328,1050500
2024-05-10,8.329999923706055,8.5600004196167,8.274999618530273,8.479999542236328,777900
2024-05-13,8.4399995803833,8.949999809265137,8.390000343322754,8.390000343322754,872700
2024-05-14,8.420000076293945,8.75,8.369999885559082,8.489999771118164,647700
2024-05-15,8.59000015258789,8.609999656677246,8.270000457763672,8.59000015258789,618700
2024-05-16,9.229999542236328,9.239999771118164,8.489999771118164,8.609999656677246,1639000
2024-05-17,9.5,9.569999694824219,9.229999542236328,9.369999885559082,1864900
2024-05-20,9.75,9.8100004196167,9.3100004196167,9.510000228881836,2213500
2024-05-21,9.300000190734863,9.40999984741211,9.0,9.300000190734863,2049000
2024-05-22,8.010000228881836,9.449999809265137,7.769999980926514,9.260000228881836,2825600
2024-05-23,7.809999942779541,8.074999809265137,7.611000061035156,8.010000228881836,1405500
2024-05-24,7.739999771118164,7.868000030517578,7.519999980926514,7.809999942779541,1307800
2024-05-28,7.610000133514404,7.855000019073486,7.554999828338623,7.769999980926514,1671900
2024-05-29,7.610000133514404,7.630000114440918,7.353000164031982,7.429999828338623,473200
2024-05-30,8.079999923706055,8.09000015258789,7.590000152587891,7.590000152587891,930600
2024-05-31,8.020000457763672,8.1899995803833,7.880000114440918,7.920000076293945,1195700
2024-06-03,8.079999923706055,8.225000381469727,8.03499984741211,8.100000381469727,691200
2024-06-04,8.3100004196167,8.46500015258789,8.180000305175781,8.239999771118164,799400
2024-06-05,8.800000190734863,8.960000038146973,8.260000228881836,8.359999656677246,1276300
2024-06-06,8.9399995803833,9.239999771118164,8.5,8.760000228881836,927700
2024-06-07,8.819999694824219,8.84000015258789,8.619999885559082,8.720000267028809,768100
2024-06-10,9.050000190734863,9.069999694824219,8.741000175476074,8.899999618530273,635700
2024-06-11,9.029999732971191,9.109999656677246,8.729999542236328,9.0600004196167,937700
2024-06-12,8.970000267028809,9.164999961853027,8.914999961853027,8.989999771118164,998200
2024-06-13,9.140000343322754,9.15999984741211,8.970000267028809,8.979999542236328,532300
2024-06-14,8.960000038146973,9.09000015258789,8.850000381469727,9.0,463600
2024-06-17,8.710000038146973,9.079999923706055,8.65999984741211,8.970000267028809,1037600
2024-06-18,8.779999732971191,8.944999694824219,8.619999885559082,8.619999885559082,1211400
2024-06-20,8.789999961853027,8.890000343322754,8.664999961853027,8.800000190734863,1365400
2024-06-21,8.770000457763672,9.0,8.649999618530273,8.729999542236328,1768900
2024-06-24,9.390000343322754,9.720000267028809,8.9350004196167,8.960000038146973,1649600
2024-06-25,9.40999984741211,9.59000015258789,9.270000457763672,9.390000343322754,452500
2024-06-26,9.319999694824219,9.609999656677246,9.279999732971191,9.470000267028809,940300
2024-06-27,9.420000076293945,9.449999809265137,9.069999694824219,9.199999809265137,772300
2024-06-28,9.289999961853027,9.680000305175781,9.149999618530273,9.539999961853027,817700
2024-07-01,9.300000190734863,9.460000038146973,9.21500015258789,9.390000343322754,429500
2024-07-02,10.149999618530273,10.170000076293945,9.300000190734863,9.300000190734863,1197400
2024-07-03,10.960000038146973,11.180000305175781,10.449999809265137,10.5,1531500
2024-07-05,10.829999923706055,10.864999771118164,10.579999923706055,10.779999732971191,1795900
2024-07-08,11.819999694824219,11.949999809265137,10.84000015258789,10.970000267028809,2648900
2024-07-09,12.260000228881836,12.399999618530273,11.760000228881836,11.819999694824219,2302900
2024-07-10,12.180000305175781,12.359999656677246,11.875,12.34000015258789,1911200
2024-07-11,11.430000305175781,12.470000267028809,11.420000076293945,12.300000190734863,1685100
2024-07-12,11.529999732971191,12.140000343322754,11.430000305175781,11.600000381469727,2006100
2024-07-15,11.569999694824219,11.859999656677246,11.121999740600586,11.359999656677246,1832600
2024-07-16,12.119999885559082,12.380000114440918,11.399999618530273,11.609999656677246,2117700
2024-07-17,11.645000457763672,12.350000381469727,11.520000457763672,12.130000114440918,1685900
2024-07-18,11.59000015258789,12.28499984741211,11.494999885559082,11.789999961853027,1539900
2024-07-19,11.640000343322754,11.760000228881836,11.338000297546387,11.5,510600
2024-07-22,11.449999809265137,11.989999771118164,11.324999809265137,11.90999984741211,1351600
2024-07-23,10.899999618530273,11.140000343322754,10.800000190734863,11.140000343322754,1010200
2024-07-24,10.510000228881836,11.130000114440918,10.4399995803833,10.899999618530273,1205200
2024-07-25,10.75,10.975000381469727,10.460000038146973,10.520000457763672,1234500
2024-07-26,10.890000343322754,11.015000343322754,10.505000114440918,10.789999961853027,583800
2024-07-29,10.800000190734863,11.09000015258789,10.614999771118164,10.890000343322754,769400
2024-07-30,10.59000015258789,10.800000190734863,10.34000015258789,10.739999771118164,951500
2024-07-31,11.229999542236328,11.270000457763672,10.755000114440918,10.920000076293945,1368400
2024-08-01,11.170000076293945,11.449999809265137,10.979999542236328,11.210000038146973,1164500
2024-08-02,10.609999656677246,11.0,10.425000190734863,10.899999618530273,1450600
2024-08-05,10.399999618530273,10.399999618530273,9.880000114440918,10.199999809265137,1706400
2024-08-06,11.1850004196167,11.234999656677246,10.244999885559082,10.319999694824219,1097100
2024-08-07,11.100000381469727,11.430000305175781,11.010000228881836,11.270000457763672,830200
2024-08-08,11.40999984741211,11.609999656677246,10.770000457763672,10.789999961853027,486000
2024-08-09,11.210000038146973,11.40999984741211,11.050000190734863,11.40999984741211,655300
2024-08-12,11.489999771118164,11.625,11.020000457763672,11.220000267028809,671200
2024-08-13,11.479999542236328,11.649999618530273,11.229999542236328,11.539999961853027,499800
2024-08-14,11.420000076293945,11.539999961853027,11.265000343322754,11.5,582300
2024-08-15,11.739999771118164,11.880000114440918,11.503999710083008,11.529999732971191,1452300
2024-08-16,12.149999618530273,12.170000076293945,11.744999885559082,11.819999694824219,824400
2024-08-19,13.359999656677246,13.470000267028809,12.522000312805176,12.640000343322754,3067200
2024-08-20,12.600000381469727,13.449999809265137,12.569999694824219,13.029999732971191,1968100
2024-08-21,14.760000228881836,15.760000228881836,13.1899995803833,13.1899995803833,5926500
2024-08-22,16.299999237060547,16.594999313354492,14.319999694824219,14.899999618530273,4420100
2024-08-23,16.690000534057617,17.030000686645508,16.290000915527344,16.899999618530273,4252700
2024-08-26,17.040000915527344,17.075000762939453,15.949999809265137,16.399999618530273,2509800
2024-08-27,16.610000610351562,17.360000610351562,16.59000015258789,17.290000915527344,1676400
2024-08-28,16.399999618530273,16.5049991607666,15.880000114440918,16.209999084472656,2085700
2024-08-29,16.75,16.94499969482422,16.149999618530273,16.309999465942383,1089600
2024-08-30,17.030000686645508,17.15999984741211,16.56999969482422,16.709999084472656,1297800
2024-09-03,16.979999542236328,17.25,16.809999465942383,17.030000686645508,3093000
2024-09-04,16.959999084472656,17.25,16.684999465942383,17.15999984741211,1572900
2024-09-05,18.010000228881836,18.030000686645508,16.5,16.510000228881836,2049200
2024-09-06,17.219999313354492,18.139999389648438,17.104999542236328,17.899999618530273,1796200
2024-09-09,17.399999618530273,17.66699981689453,16.920000076293945,17.0,930900
2024-09-10,16.90999984741211,17.739999771118164,16.66200065612793,17.739999771118164,958800
2024-09-11,16.610000610351562,16.799999237060547,16.288000106811523,16.739999771118164,1166000
2024-09-12,16.165000915527344,16.639999389648438,16.15999984741211,16.440000534057617,997700
2024-09-13,16.1200008392334,16.399999618530273,15.970000267028809,16.170000076293945,1311600
2024-09-16,16.1200008392334,16.229999542236328,15.90999984741211,16.020000457763672,639000
2024-09-17,17.829999923706055,18.309999465942383,16.579999923706055,16.639999389648438,2304200
2024-09-18,17.200000762939453,18.125,17.049999237060547,17.829999923706055,1314900
2024-09-19,19.18000030517578,19.309999465942383,17.860000610351562,18.0,2237700
2024-09-20,19.549999237060547,20.0,19.010000228881836,19.219999313354492,1634600
2024-09-23,20.510000228881836,20.815000534057617,19.6299991607666,19.799999237060547,2478100
2024-09-24,21.530000686645508,22.770000457763672,20.15999984741211,21.989999771118164,4014400
2024-09-25,20.170000076293945,20.549999237060547,19.350000381469727,19.690000534057617,1524300
2024-09-26,19.989999771118164,22.299999237060547,19.959999084472656,21.579999923706055,3417900
2024-09-27,20.829999923706055,21.399999618530273,20.0,20.25,2272200
2024-09-30,20.399999618530273,22.63800048828125,19.700000762939453,22.100000381469727,2733800
2024-10-01,22.3799991607666,22.40999984741211,20.239999771118164,20.950000762939453,2144900
2024-10-02,22.989999771118164,23.809999465942383,21.924999237060547,23.25,2330900
2024-10-03,21.0,22.489999771118164,20.959999084472656,22.219999313354492,1887800
2024-10-04,22.1299991607666,22.15999984741211,21.020000457763672,21.40999984741211,1105300
2024-10-07,21.989999771118164,23.209999084472656,21.739999771118164,22.8799991607666,1591100
2024-10-08,20.299999237060547,20.975000381469727,19.110000610351562,20.0,1618900
2024-10-09,20.959999084472656,21.139999389648438,19.520000457763672,19.979999542236328,1371500
2024-10-10,21.045000076293945,21.520000457763672,20.459999084472656,21.0,791800
2024-10-11,21.479999542236328,21.520000457763672,20.010000228881836,20.200000762939453,637900
2024-10-14,22.209999084472656,22.66699981689453,20.520000457763672,21.219999313354492,3626700
2024-10-15,21.020000457763672,21.829999923706055,20.600000381469727,21.579999923706055,1628400
2024-10-16,22.0,22.559999465942383,21.239999771118164,21.389999389648438,1635000
2024-10-17,21.15999984741211,21.950000762939453,20.90999984741211,21.6200008392334,1015200
2024-10-18,21.56999969482422,22.75,21.229999542236328,22.639999389648438,1240400
2024-10-21,22.209999084472656,22.229999542236328,21.049999237060547,21.559999465942383,895400
2024-10-22,22.440000534057617,24.5,22.15999984741211,22.15999984741211,2384300
2024-10-23,21.59000015258789,22.719999313354492,21.25,22.719999313354492,1008800
2024-10-24,20.690000534057617,21.440000534057617,20.6200008392334,21.440000534057617,742900
2024-10-25,21.489999771118164,22.030000686645508,21.229999542236328,21.31999969482422,688400
2024-10-28,21.850000381469727,22.239999771118164,21.760000228881836,21.760000228881836,645700
2024-10-29,21.479999542236328,21.969999313354492,21.239999771118164,21.610000610351562,1139900
2024-10-30,21.860000610351562,22.174999237060547,20.969999313354492,21.479999542236328,1091700
2024-10-31,21.90999984741211,22.0,20.549999237060547,21.700000762939453,856800
2024-11-01,20.84000015258789,21.65999984741211,20.81999969482422,21.600000381469727,908900
2024-11-04,20.469999313354492,21.18000030517578,20.350000381469727,20.56999969482422,1609400
2024-11-05,22.030000686645508,22.079999923706055,20.68000030517578,20.700000762939453,1566000
2024-11-06,21.299999237060547,22.469999313354492,20.8700008392334,22.239999771118164,1021100
2024-11-07,24.1200008392334,24.559999465942383,21.690000534057617,21.700000762939453,1701000
2024-11-08,23.209999084472656,23.59000015258789,22.5,22.8799991607666,1343800
2024-11-11,23.795000076293945,24.739999771118164,23.610000610351562,24.219999313354492,942000
2024-11-12,22.59000015258789,23.190000534057617,22.299999237060547,22.739999771118164,1889300
2024-11-13,22.56999969482422,23.309999465942383,22.260000228881836,23.06999969482422,1122000
2024-11-14,22.200000762939453,22.979999542236328,22.100000381469727,22.520000457763672,1764300
2024-11-15,21.959999084472656,22.86199951171875,21.850000381469727,22.479999542236328,1060800
2024-11-18,23.489999771118164,23.639999389648438,21.899999618530273,22.510000228881836,2427200
2024-11-19,19.68000030517578,21.8700008392334,18.969999313354492,21.450000762939453,3816500
2024-11-20,18.56999969482422,19.510000228881836,17.211000442504883,19.5,3719200
2024-11-21,18.399999618530273,18.989999771118164,17.81999969482422,18.040000915527344,2288900
2024-11-22,18.309999465942383,18.540000915527344,17.709999084472656,18.110000610351562,2494100
2024-11-25,18.709999084472656,18.8799991607666,18.13800048828125,18.389999389648438,1225900
2024-11-26,18.25,18.760000228881836,17.920000076293945,18.709999084472656,1430700
2024-11-27,19.540000915527344,20.1200008392334,18.639999389648438,18.780000686645508,1149500
2024-11-29,19.690000534057617,19.739999771118164,19.2189998626709,19.5,451000
2024-12-02,19.799999237060547,19.950000762939453,19.21500015258789,19.559999465942383,732500
2024-12-03,20.40999984741211,20.940000534057617,19.8799991607666,20.149999618530273,1078400
2024-12-04,20.229999542236328,20.579999923706055,19.979999542236328,20.010000228881836,688700
2024-12-05,20.100000381469727,20.53499984741211,19.889999389648438,19.959999084472656,466000
2024-12-06,20.729999542236328,20.899999618530273,20.1299991607666,20.280000686645508,415500
2024-12-09,21.479999542236328,23.18000030517578,21.40999984741211,22.5,1546200
2024-12-10,20.8799991607666,21.0,20.43000030517578,20.649999618530273,833600
2024-12-11,20.84000015258789,21.0,20.5,20.829999923706055,740600
2024-12-12,20.559999465942383,20.889999389648438,20.389999389648438,20.559999465942383,456500
2024-12-13,20.899999618530273,20.969999313354492,20.5,20.559999465942383,451500
2024-12-16,20.079999923706055,20.899999618530273,19.950000762939453,20.549999237060547,559000
2024-12-17,20.010000228881836,20.299999237060547,19.920000076293945,20.110000610351562,690100
2024-12-18,19.190000534057617,20.219999313354492,19.06999969482422,19.950000762939453,512700
2024-12-19,19.260000228881836,19.700000762939453,18.90999984741211,19.399999618530273,820200
2024-12-20,19.799999237060547,19.959999084472656,18.809999465942383,18.940000534057617,980100
2024-12-23,19.68000030517578,19.8799991607666,19.149999618530273,19.149999618530273,351300
2024-12-24,19.649999618530273,20.0,19.290000915527344,19.950000762939453,232700
2024-12-26,20.649999618530273,20.920000076293945,19.760000228881836,19.760000228881836,690700
2024-12-27,22.290000915527344,22.549999237060547,20.530000686645508,20.690000534057617,1520000
2024-12-30,23.520000457763672,23.625,22.25,22.389999389648438,1729800
2024-12-31,23.760000228881836,24.25,23.479999542236328,23.540000915527344,956700
2025-01-02,23.18000030517578,23.850000381469727,23.100000381469727,23.56999969482422,723400
2025-01-03,24.049999237060547,24.110000610351562,23.440000534057617,23.56999969482422,720100
2025-01-06,25.399999618530273,26.200000762939453,24.520000457763672,24.829999923706055,1817600
2025-01-07,26.459999084472656,27.989999771118164,26.360000610351562,26.5,2749900
2025-01-08,28.84000015258789,29.170000076293945,26.176000595092773,26.610000610351562,1857700
2025-01-10,26.75,28.5,26.40999984741211,28.440000534057617,1651900
2025-01-13,21.889999389648438,26.260000228881836,21.579999923706055,26.06999969482422,3889700
2025-01-14,22.15999984741211,23.5,21.520000457763672,23.360000610351562,1960200
2025-01-15,21.399999618530273,22.3799991607666,21.149999618530273,22.15999984741211,1370100
2025-01-16,22.719999313354492,23.05500030517578,21.94499969482422,22.010000228881836,1336800
2025-01-17,23.520000457763672,24.079999923706055,22.381000518798828,22.84000015258789,1787600
2025-01-21,22.854999542236328,23.600000381469727,22.569000244140625,23.5,1248800
2025-01-22,19.920000076293945,22.829999923706055,19.709999084472656,22.719999313354492,2934300
2025-01-23,21.229999542236328,21.34000015258789,20.299999237060547,20.700000762939453,2654900
2025-01-24,22.790000915527344,23.6299991607666,21.8799991607666,21.969999313354492,1983400
2025-01-27,21.239999771118164,22.850000381469727,20.6200008392334,22.84000015258789,2880600
2025-01-28,21.959999084472656,21.969999313354492,20.81999969482422,21.780000686645508,1155400
2025-01-29,22.65999984741211,24.690000534057617,22.31999969482422,22.3799991607666,2655900
2025-01-30,23.049999237060547,23.510000228881836,22.459999084472656,22.799999237060547,1929600
2025-01-31,21.709999084472656,22.799999237060547,21.420000076293945,22.799999237060547,2094000
2025-02-03,25.68000030517578,25.989999771118164,21.75,21.90999984741211,4733900
2025-02-04,26.06999969482422,27.67799949645996,25.700000762939453,26.93000030517578,2759300
2025-02-05,25.950000762939453,26.145000457763672,25.030000686645508,25.25,851100
2025-02-06,26.559999465942383,27.299999237060547,26.170000076293945,26.760000228881836,1972700
2025-02-07,27.28499984741211,27.799999237060547,26.43000030517578,27.760000228881836,2252100
2025-02-10,29.25,29.729999542236328,27.309999465942383,28.0,2702500
2025-02-11,34.290000915527344,34.869998931884766,30.600000381469727,30.829999923706055,6925700
2025-02-12,34.43000030517578,35.939998626708984,33.20000076293945,33.810001373291016,4116200
2025-02-13,36.02000045776367,36.08000183105469,32.849998474121094,33.310001373291016,3721800
2025-02-14,39.13999938964844,41.83000183105469,38.060001373291016,41.83000183105469,5756200
2025-02-18,40.77000045776367,42.040000915527344,39.540000915527344,41.779998779296875,5061800
2025-02-19,43.0099983215332,45.20000076293945,41.93000030517578,42.400001525878906,7321700
2025-02-20,48.5,52.5,45.435001373291016,49.650001525878906,10590800
2025-02-21,44.7599983215332,50.86000061035156,44.63999938964844,50.290000915527344,8245900
2025-02-24,39.58000183105469,40.61000061035156,37.25,40.40999984741211,6239800
2025-02-25,39.349998474121094,42.400001525878906,38.20000076293945,40.40999984741211,6687400
2025-02-26,40.09000015258789,41.09000015258789,38.65999984741211,40.689998626708984,3860200
2025-02-27,37.95000076293945,39.0099983215332,36.29999923706055,37.70000076293945,3515800
2025-02-28,38.04999923706055,38.470001220703125,34.125,35.130001068115234,3238500
2025-03-03,31.84000015258789,36.220001220703125,31.030000686645508,36.220001220703125,7798000
2025-03-04,35.439998626708984,36.439998626708984,31.9950008392334,32.220001220703125,6975700
2025-03-05,39.05500030517578,39.97999954223633,37.20000076293945,37.57500076293945,5012000
2025-03-06,38.5,40.0,37.41999816894531,38.63999938964844,3295400
2025-03-07,36.36000061035156,37.55500030517578,35.439998626708984,36.5099983215332,2213800
2025-03-10,36.40999984741211,37.066001892089844,34.150001525878906,35.529998779296875,3884900
2025-03-11,38.779998779296875,38.97999954223633,36.31999969482422,38.189998626708984,3421800
2025-03-12,35.459999084472656,38.119998931884766,34.720001220703125,37.880001068115234,3813500
2025-03-13,33.52000045776367,34.619998931884766,32.34000015258789,33.26499938964844,2816500
2025-03-14,35.27000045776367,35.290000915527344,33.869998931884766,34.345001220703125,2620400
2025-03-17,35.45000076293945,36.15999984741211,33.810001373291016,34.029998779296875,2833500
2025-03-18,35.58000183105469,36.619998931884766,35.08000183105469,36.02000045776367,2959800
2025-03-19,30.610000610351562,32.67900085449219,29.010000228881836,29.920000076293945,10288500
2025-03-20,28.6200008392334,30.149999618530273,28.3700008392334,30.149999618530273,4976700
2025-03-21,27.670000076293945,28.729999542236328,27.270000457763672,28.649999618530273,3884700
2025-03-24,28.40999984741211,28.75,27.030000686645508,28.75,3913200
2025-03-25,27.040000915527344,27.673999786376953,26.6299991607666,27.1200008392334,3769500
2025-03-26,27.3700008392334,28.225000381469727,26.899999618530273,27.450000762939453,2708600
2025-03-27,26.170000076293945,27.209999084472656,25.84000015258789,27.0,2422900
2025-03-28,25.229999542236328,26.190000534057617,24.760000228881836,25.239999771118164,2118400
2025-03-31,25.329999923706055,25.584999084472656,23.90999984741211,24.719999313354492,3514200
2025-04-01,25.209999084472656,25.729999542236328,25.049999237060547,25.219999313354492,1662700
2025-04-02,26.299999237060547,26.65999984741211,25.8700008392334,26.1200008392334,1983200
2025-04-03,24.40999984741211,25.760000228881836,24.260000228881836,25.760000228881836,2464400
2025-04-04,21.479999542236328,23.270000457763672,20.799999237060547,22.6200008392334,4420100
2025-04-07,20.639999389648438,22.09000015258789,19.31999969482422,19.540000915527344,4532700
2025-04-08,17.68000030517578,21.0,16.924999237060547,20.760000228881836,7385800
2025-04-09,19.43000030517578,19.864999771118164,17.06999969482422,18.1200008392334,6277400
2025-04-10,20.389999389648438,22.450000762939453,20.135000228881836,20.760000228881836,6068600
2025-04-11,20.65999984741211,21.5,19.549999237060547,20.860000610351562,3818100
2025-04-14,20.399999618530273,22.079999923706055,20.375,20.799999237060547,2525200
2025-04-15,20.6299991607666,20.850000381469727,20.257999420166016,20.59000015258789,1921900
2025-04-16,19.81999969482422,19.899999618530273,18.09000015258789,18.780000686645508,5107900
2025-04-17,21.469999313354492,21.575000762939453,20.5,20.510000228881836,3220400
2025-04-21,21.209999084472656,21.729999542236328,20.610000610351562,21.610000610351562,2161800
2025-04-22,22.399999618530273,23.100000381469727,22.0,22.0,2093400
2025-04-23,23.40999984741211,24.770000457763672,23.239999771118164,24.100000381469727,2051800
2025-04-24,23.06999969482422,23.540000915527344,22.520000457763672,22.81999969482422,1056800
2025-04-25,23.149999618530273,23.360000610351562,22.700000762939453,23.010000228881836,468500
2025-04-28,23.3799991607666,23.690000534057617,22.93000030517578,22.93000030517578,591800
2025-04-29,23.84000015258789,24.420000076293945,23.639999389648438,23.729999542236328,1072500
2025-04-30,25.209999084472656,26.350000381469727,24.5,24.584999084472656,2423500
2025-05-01,25.760000228881836,26.75,25.600000381469727,26.4950008392334,1517500
2025-05-02,28.100000381469727,28.68000030517578,27.31999969482422,27.861000061035156,2235200
2025-05-05,27.790000915527344,28.09000015258789,26.93000030517578,27.899999618530273,1431200
2025-05-06,28.059999465942383,28.239999771118164,27.299999237060547,27.520000457763672,1314000
2025-05-07,26.190000534057617,26.899999618530273,25.6200008392334,26.489999771118164,1495000
2025-05-08,26.450000762939453,26.579999923706055,25.764999389648438,26.579999923706055,848500
2025-05-09,25.450000762939453,26.954999923706055,25.270000457763672,26.315000534057617,941500
2025-05-12,29.1299991607666,29.75,27.579999923706055,28.110000610351562,2983000
2025-05-13,27.34000015258789,28.360000610351562,27.094999313354492,27.8700008392334,2230600
2025-05-14,27.290000915527344,28.399999618530273,26.959999084472656,28.270000457763672,1601500
2025-05-15,26.440000534057617,26.639999389648438,25.610000610351562,25.799999237060547,1296600
2025-05-16,27.229999542236328,27.469999313354492,26.670000076293945,26.670000076293945,1477500
2025-05-19,27.079999923706055,27.114999771118164,26.5,26.530000686645508,1164200
2025-05-20,27.579999923706055,29.360000610351562,26.600000381469727,28.868000030517578,3413100
2025-05-21,29.649999618530273,30.66900062561035,28.0,28.40999984741211,3487700
2025-05-22,28.15999984741211,29.200000762939453,28.030000686645508,28.950000762939453,1384200
2025-05-23,28.5,28.6200008392334,27.670000076293945,27.979999542236328,844100
2025-05-27,27.139999389648438,28.799999237060547,26.979999542236328,28.049999237060547,2707200
2025-05-28,24.770000457763672,25.25,24.309999465942383,24.84000015258789,9022500
2025-05-29,25.09000015258789,25.579999923706055,24.530000686645508,25.56999969482422,3348300
2025-05-30,23.690000534057617,23.875,22.530000686645508,23.475000381469727,4050100
2025-06-02,24.3799991607666,24.56999969482422,24.100000381469727,24.350000381469727,1777600
2025-06-03,24.0,24.200000762939453,23.670000076293945,24.200000762939453,1286700
2025-06-04,24.479999542236328,24.530000686645508,24.100000381469727,24.299999237060547,1621700
2025-06-05,25.65999984741211,26.309999465942383,25.15999984741211,26.239999771118164,2984400
2025-06-06,25.280000686645508,25.3700008392334,24.56999969482422,25.110000610351562,886600
2025-06-09,26.06999969482422,26.799999237060547,25.940000534057617,26.200000762939453,1844700
2025-06-10,26.18000030517578,26.34000015258789,25.475000381469727,26.200000762939453,1722600
2025-06-11,26.889999389648438,27.229999542236328,26.6299991607666,26.65999984741211,2333000
2025-06-12,26.719999313354492,27.270000457763672,26.610000610351562,26.610000610351562,1305700
2025-06-13,25.68000030517578,26.15999984741211,25.46500015258789,26.0,995000
2025-06-16,28.1200008392334,28.350000381469727,27.18899917602539,27.219999313354492,2374200
2025-06-17,27.219999313354492,27.559999465942383,26.764999389648438,27.100000381469727,1075800
2025-06-18,27.25,27.399999618530273,26.78499984741211,27.1200008392334,950200
2025-06-20,27.049999237060547,27.243999481201172,26.5,26.84000015258789,1149900
2025-06-23,27.540000915527344,27.579999923706055,26.75,27.25,624300
2025-06-24,28.959999084472656,29.309999465942383,27.7810001373291,28.18000030517578,1727000
2025-06-25,28.729999542236328,28.989999771118164,28.559999465942383,28.78499984741211,915600
2025-06-26,29.690000534057617,30.23699951171875,28.510000228881836,29.270000457763672,1931800
2025-06-27,30.170000076293945,30.290000915527344,29.440000534057617,29.959999084472656,1778000
2025-06-30,30.56999969482422,30.950000762939453,29.309999465942383,29.920000076293945,2528700
2025-07-01,29.469999313354492,30.6200008392334,29.0,30.40999984741211,2011300
2025-07-02,30.834999084472656,30.98900032043457,29.0,29.2549991607666,2102400
2025-07-03,33.97999954223633,34.22999954223633,30.81999969482422,31.219999313354492,3499600
2025-07-07,32.31999969482422,33.13999938964844,31.850000381469727,32.18000030517578,1961100
2025-07-08,32.369998931884766,33.630001068115234,32.119998931884766,33.15999984741211,1197900
2025-07-09,32.22999954223633,32.85499954223633,31.979999542236328,32.34000015258789,929200
2025-07-10,32.5099983215332,33.25,31.68000030517578,32.91999816894531,842100
2025-07-11,33.90999984741211,34.31999969482422,32.97999954223633,33.08000183105469,1852300
2025-07-14,35.0,35.40999984741211,34.0099983215332,35.04499816894531,3486900
2025-07-15,37.720001220703125,39.68000030517578,37.38999938964844,39.25,7495400
2025-07-16,38.119998931884766,38.619998931884766,37.31999969482422,38.44499969482422,3134200
2025-07-17,37.95000076293945,38.83000183105469,37.5620002746582,37.599998474121094,1574400
2025-07-18,37.58000183105469,38.0,36.939998626708984,37.689998626708984,1483300
2025-07-21,35.7400016784668,37.040000915527344,35.54999923706055,37.029998779296875,2262500
2025-07-22,35.04999923706055,35.52000045776367,34.10499954223633,35.18000030517578,1792900
2025-07-23,36.720001220703125,37.130001068115234,36.02000045776367,36.369998931884766,2086900
2025-07-24,36.02000045776367,36.939998626708984,35.87699890136719,36.400001525878906,1018500
2025-07-25,36.779998779296875,37.290000915527344,35.84000015258789,36.16999816894531,1700900
2025-07-28,36.52000045776367,37.099998474121094,36.2599983215332,36.83000183105469,697300
2025-07-29,36.349998474121094,38.4900016784668,36.10499954223633,38.130001068115234,1806500
2025-07-30,35.27000045776367,36.709999084472656,34.9739990234375,36.029998779296875,1611900
2025-07-31,36.06999969482422,37.10499954223633,35.97999954223633,36.060001373291016,2571600
2025-08-01,34.119998931884766,34.74800109863281,33.33000183105469,34.68000030517578,2135900
2025-08-04,34.93000030517578,35.380001068115234,34.61000061035156,34.869998931884766,848300
2025-08-05,35.54999923706055,36.29999923706055,35.130001068115234,35.310001373291016,935800
2025-08-06,35.66999816894531,36.0,35.09199905395508,35.70000076293945,638600
2025-08-07,37.27000045776367,37.435001373291016,36.244998931884766,36.400001525878906,2208400
2025-08-08,36.369998931884766,36.637001037597656,35.709999084472656,36.349998474121094,808800
2025-08-11,36.869998931884766,39.0,36.34000015258789,37.849998474121094,2582100
2025-08-12,36.310001373291016,36.86000061035156,34.400001525878906,36.810001373291016,2195400
2025-08-13,33.91999816894531,36.29999923706055,33.060001373291016,36.220001220703125,4770200
2025-08-14,31.84000015258789,33.33100128173828,31.760000228881836,33.119998931884766,2376300
2025-08-15,31.40999984741211,32.79999923706055,31.3700008392334,32.099998474121094,2656700
2025-08-18,32.22999954223633,33.33000183105469,32.09000015258789,32.459999084472656,3377500
2025-08-19,31.59000015258789,33.5,30.530000686645508,33.09000015258789,4079700
2025-08-20,33.900001525878906,34.279998779296875,30.780000686645508,33.0,3521900
2025-08-21,32.0,32.88999938964844,31.610000610351562,32.400001525878906,2437800
2025-08-22,33.5099983215332,34.59000015258789,31.729999542236328,32.04999923706055,3169000
2025-08-25,33.209999084472656,33.470001220703125,32.77000045776367,33.29999923706055,1383600
2025-08-26,33.79999923706055,35.2400016784668,33.63999938964844,34.0,1923000
2025-08-27,33.66999816894531,33.95000076293945,33.25,33.45500183105469,1033000
2025-08-28,35.08000183105469,35.63999938964844,33.43000030517578,33.560001373291016,2529900
2025-08-29,34.560001373291016,36.029998779296875,34.04999923706055,36.029998779296875,3930600
2025-09-02,32.97999954223633,33.459999084472656,32.34000015258789,32.790000915527344,2094600
2025-09-03,34.15999984741211,34.25,32.66999816894531,32.810001373291016,1294200
2025-09-04,32.7599983215332,33.150001525878906,32.29999923706055,33.04999923706055,1690500
2025-09-05,33.16999816894531,33.654998779296875,32.13999938964844,33.2400016784668,1841300
2025-09-08,33.5099983215332,33.650001525878906,32.65800094604492,33.279998779296875,1070700
2025-09-09,34.2599983215332,35.0099983215332,33.09000015258789,33.099998474121094,2183900
2025-09-10,33.5,34.29999923706055,32.959999084472656,33.38999938964844,6260900
2025-09-11,38.5,38.77000045776367,34.2599983215332,34.400001525878906,8636300
2025-09-12,38.209999084472656,38.505001068115234,37.06999969482422,38.47999954223633,4406400
2025-09-15,37.20000076293945,37.880001068115234,36.189998626708984,37.68000030517578,3890700
2025-09-16,37.31999969482422,37.33000183105469,35.89500045776367,36.71500015258789,1848000
2025-09-17,40.13999938964844,40.6349983215332,38.04999923706055,38.494998931884766,5891500
2025-09-18,39.0,39.400001525878906,38.41999816894531,39.04999923706055,2569800
2025-09-19,38.959999084472656,39.904998779296875,38.650001525878906,39.29999923706055,2183100
2025-09-22,39.7599983215332,41.63999938964844,39.018001556396484,39.7400016784668,3442000
2025-09-23,37.630001068115234,39.47999954223633,37.459999084472656,39.36000061035156,2817000
2025-09-24,40.66999816894531,43.939998626708984,40.150001525878906,40.154998779296875,8740600
2025-09-25,42.06999969482422,43.220001220703125,39.97999954223633,41.0,4631300
2025-09-26,40.08000183105469,41.20000076293945,39.119998931884766,41.20000076293945,2776100
2025-09-29,39.970001220703125,42.584999084472656,39.529998779296875,41.84000015258789,2344900
2025-09-30,38.70000076293945,41.5,38.540000915527344,40.939998626708984,3586700
2025-10-01,40.22999954223633,40.61000061035156,38.6349983215332,39.279998779296875,2190800
2025-10-02,41.349998474121094,43.880001068115234,40.63999938964844,42.43000030517578,4692600
2025-10-03,39.630001068115234,41.27000045776367,39.09000015258789,40.95000076293945,2797300
2025-10-06,39.65999984741211,40.439998626708984,39.5,39.86000061035156,1472100
2025-10-07,37.5,39.970001220703125,37.310001373291016,39.7599983215332,3005400
2025-10-08,37.84000015258789,38.029998779296875,36.66999816894531,37.540000915527344,2476200
2025-10-09,38.41999816894531,38.61000061035156,37.77000045776367,38.029998779296875,3226200
2025-10-10,33.310001373291016,37.5,33.2599983215332,37.41999816894531,5325000
2025-10-13,35.7400016784668,36.22999954223633,35.0099983215332,35.52000045776367,2325500
2025-10-14,33.689998626708984,34.4900016784668,33.130001068115234,33.79999923706055,2377500
2025-10-15,33.86000061035156,35.029998779296875,33.5,34.60200119018555,1522600
2025-10-16,33.279998779296875,34.5,33.2599983215332,33.959999084472656,2001200
2025-10-17,32.72999954223633,33.0,32.11000061035156,32.492000579833984,2676100
2025-10-20,34.38999938964844,34.470001220703125,33.11000061035156,33.290000915527344,1518600
2025-10-21,34.130001068115234,34.790000915527344,33.880001068115234,34.369998931884766,1033400
2025-10-22,33.34000015258789,33.88999938964844,32.849998474121094,33.650001525878906,1715200
2025-10-23,34.2599983215332,34.84000015258789,33.439998626708984,33.5,1214800
2025-10-24,34.91999816894531,35.93000030517578,34.689998626708984,34.70000076293945,2131300
2025-10-27,35.900001525878906,36.439998626708984,35.64500045776367,36.099998474121094,1313900
2025-10-28,35.869998931884766,36.2599983215332,35.25,35.939998626708984,725100
2025-10-29,37.68000030517578,38.349998474121094,37.0,37.0,2218400
2025-10-30,35.529998779296875,37.02000045776367,35.5099983215332,36.7599983215332,1657900
2025-10-31,35.70000076293945,36.15999984741211,35.20000076293945,35.38999938964844,645900
2025-11-03,34.72999954223633,35.86000061035156,34.119998931884766,35.5099983215332,1204500
2025-11-04,33.02000045776367,34.68000030517578,33.0,33.7599983215332,1290700
2025-11-05,34.16999816894531,34.380001068115234,33.52000045776367,34.130001068115234,925600
2025-11-06,33.90999984741211,35.18000030517578,33.66999816894531,34.7400016784668,929500
2025-11-07,32.84000015258789,33.4900016784668,32.18000030517578,32.970001220703125,1676100
2025-11-10,33.41999816894531,34.0,33.11000061035156,33.52000045776367,1137200
2025-11-11,33.33000183105469,33.4900016784668,32.84000015258789,33.29999923706055,715100
2025-11-12,32.04999923706055,33.584999084472656,31.940000534057617,33.25,1301300
2025-11-13,30.600000381469727,31.280000686645508,30.049999237060547,31.280000686645508,2028600
2025-11-14,29.65999984741211,30.5,29.1200008392334,30.079999923706055,1856700
2025-11-17,29.350000381469727,30.8799991607666,29.219999313354492,29.940000534057617,1738300
2025-11-18,29.020000457763672,29.450000762939453,28.31999969482422,28.3799991607666,1651900
2025-11-19,29.75,30.030000686645508,26.969999313354492,29.020000457763672,3734000
2025-11-20,30.290000915527344,32.09000015258789,29.649999618530273,31.06999969482422,2469700
2025-11-21,30.920000076293945,32.349998474121094,29.399999618530273,30.170000076293945,1949500
2025-11-24,33.5099983215332,33.56999969482422,31.03499984741211,31.03499984741211,2923200
2025-11-25,34.06999969482422,34.20000076293945,33.20000076293945,33.5099983215332,1933800
2025-11-26,34.099998474121094,34.529998779296875,33.880001068115234,34.09000015258789,1466900
2025-11-28,33.970001220703125,34.29999923706055,33.38999938964844,34.119998931884766,1059200
2025-12-01,34.619998931884766,35.040000915527344,33.459999084472656,33.59000015258789,1193600
2025-12-02,33.79999923706055,34.25,33.58000183105469,34.165000915527344,1013500
2025-12-03,33.7400016784668,33.77000045776367,33.09000015258789,33.36000061035156,803600
2025-12-04,33.779998779296875,34.599998474121094,33.72999954223633,34.15999984741211,434100
2025-12-05,35.209999084472656,35.47999954223633,34.349998474121094,34.349998474121094,1176100
2025-12-08,35.63999938964844,36.2599983215332,34.90999984741211,35.400001525878906,1783300
2025-12-09,36.02000045776367,36.4900016784668,35.36000061035156,35.560001373291016,3051400
2025-12-10,36.22999954223633,36.459999084472656,35.439998626708984,35.849998474121094,995500
2025-12-11,36.150001525878906,36.47999954223633,34.970001220703125,35.349998474121094,1663600
2025-12-12,36.2599983215332,36.95500183105469,35.84000015258789,36.18000030517578,2769000
2025-12-15,35.58000183105469,36.13999938964844,35.16999816894531,36.0099983215332,1346500
2025-12-16,34.7400016784668,35.224998474121094,34.16299819946289,34.59000015258789,1350500
2025-12-17,33.689998626708984,35.654998779296875,33.65999984741211,34.86000061035156,1352600
2025-12-18,34.459999084472656,34.84000015258789,34.0,34.185001373291016,697100
2025-12-19,35.93000030517578,36.0,34.345001220703125,34.459999084472656,1386500
2025-12-22,36.04999923706055,36.439998626708984,35.689998626708984,35.880001068115234,808000
2025-12-23,34.93000030517578,35.68000030517578,34.630001068115234,35.5099983215332,807900
2025-12-24,34.79999923706055,34.97999954223633,34.470001220703125,34.779998779296875,181800
2025-12-26,35.400001525878906,35.63999938964844,34.709999084472656,34.84000015258789,336100
2025-12-29,34.650001525878906,35.09000015258789,34.18000030517578,34.47999954223633,430000
2025-12-30,34.599998474121094,34.91999816894531,34.279998779296875,34.650001525878906,331900
2025-12-31,34.900001525878906,35.5,34.744998931884766,34.83000183105469,556500
2026-01-02,38.34000015258789,38.790000915527344,36.39500045776367,36.5,2892400
2026-01-05,37.529998779296875,38.0,36.90999984741211,37.79999923706055,1185300
2026-01-06,37.66999816894531,37.86000061035156,36.34000015258789,37.04999923706055,1081700
2026-01-07,38.439998626708984,39.70500183105469,38.18000030517578,38.540000915527344,2176300
2026-01-08,41.75,42.470001220703125,38.79999923706055,39.09000015258789,5589000
2026-01-09,40.970001220703125,41.5099983215332,40.20000076293945,40.810001373291016,1970400
2026-01-12,44.0,46.0,41.79999923706055,41.83000183105469,5329500
2026-01-13,42.34000015258789,43.47200012207031,42.06999969482422,42.45500183105469,6218900
2026-01-14,43.939998626708984,44.33000183105469,42.75,42.869998931884766,2388000
2026-01-15,43.400001525878906,44.68000030517578,42.56999969482422,43.540000915527344,2234900
2026-01-16,40.65999984741211,43.0,40.209999084472656,43.0,2219900
2026-01-20,38.529998779296875,39.86000061035156,38.209999084472656,39.5,2333000
2026-01-21,40.869998931884766,41.0,40.02000045776367,40.099998474121094,1194500
2026-01-22,42.130001068115234,42.689998626708984,41.55500030517578,41.58000183105469,1196800
2026-01-23,42.59000015258789,44.5,42.45500183105469,44.119998931884766,2332800
2026-01-26,46.5099983215332,46.84000015258789,42.599998474121094,42.7400016784668,5102400
2026-01-27,47.52000045776367,48.18000030517578,45.209999084472656,46.810001373291016,3623600
2026-01-28,47.13999938964844,47.790000915527344,45.599998474121094,46.959999084472656,2529000
2026-01-29,46.43000030517578,48.0099983215332,45.608001708984375,47.880001068115234,2005500
2026-01-30,44.689998626708984,45.5,41.63999938964844,44.61000061035156,4696900
2026-02-02,45.08000183105469,45.619998931884766,43.20000076293945,43.25,1931500
2026-02-03,44.34000015258789,46.2599983215332,42.939998626708984,45.099998474121094,1778400
2026-02-04,41.25,43.849998474121094,40.709999084472656,43.58000183105469,3472300
2026-02-05,42.689998626708984,43.220001220703125,40.970001220703125,41.0099983215332,2270800
2026-02-06,46.47999954223633,46.70000076293945,43.709999084472656,44.220001220703125,3585200
2026-02-09,46.349998474121094,46.959999084472656,45.18000030517578,45.5,1463900
2026-02-10,46.11000061035156,46.91999816894531,45.529998779296875,46.35499954223633,810200
2026-02-11,46.47999954223633,47.5,45.349998474121094,46.41999816894531,1968400
2026-02-12,46.84000015258789,48.61000061035156,46.391998291015625,46.95000076293945,5269600
2026-02-13,46.119998931884766,46.25,44.27000045776367,45.334999084472656,1748100
2026-02-17,45.22999954223633,46.65999984741211,44.93000030517578,46.0,1797600
2026-02-18,45.18000030517578,45.86000061035156,44.29999923706055,45.189998626708984,1315200
2026-02-19,45.560001373291016,45.86000061035156,44.72999954223633,44.810001373291016,1065200
2026-02-20,45.08000183105469,46.310001373291016,44.29999923706055,44.529998779296875,1359700
2026-02-23,43.130001068115234,44.58000183105469,42.86000061035156,44.5,1774400
2026-02-24,46.029998779296875,46.33000183105469,44.16999816894531,44.16999816894531,1540400
2026-02-25,44.9900016784668,46.15999984741211,44.599998474121094,45.91999816894531,1471300
2026-02-26,41.790000915527344,43.529998779296875,40.439998626708984,43.5,3170700
2026-02-27,41.310001373291016,41.79999923706055,40.029998779296875,41.650001525878906,2916600
2026-03-02,39.900001525878906,40.77000045776367,39.279998779296875,40.220001220703125,2256400
2026-03-03,37.9900016784668,38.30500030517578,36.31999969482422,37.4900016784668,4365000
2026-03-04,38.2400016784668,38.900001525878906,37.88999938964844,37.90999984741211,1973400
2026-03-05,38.11000061035156,38.33000183105469,37.30500030517578,38.0099983215332,2147300
2026-03-06,40.869998931884766,41.91999816894531,36.474998474121094,37.525001525878906,3347000
2026-03-09,41.349998474121094,42.2599983215332,40.15999984741211,41.34000015258789,2510900
2026-03-10,43.88999938964844,45.33000183105469,41.880001068115234,42.099998474121094,3449600
2026-03-11,43.709999084472656,43.7599983215332,41.65999984741211,42.619998931884766,1771380
