date,close,high,low,open,volume
2021-03-15,51.60940170288086,51.60940170288086,51.4240347455989,51.46305975993513,133800
2021-03-16,51.57038116455078,51.59964806702804,51.38501419118006,51.59964806702804,74000
2021-03-17,51.667938232421875,51.74598826521778,51.25818672513457,51.4045249541813,170100
2021-03-18,51.32647705078125,51.38501085193196,51.1801351046439,51.267939528000255,55400
2021-03-19,51.34599304199219,51.433797471305716,51.15087167444763,51.199651085926135,203800
2021-03-22,51.49232864379883,51.560620560703306,51.385011711054545,51.433794841669474,1560000
2021-03-23,51.34599304199219,51.453309980223224,51.316722417800655,51.453309980223224,60800
2021-03-24,51.267940521240234,51.31671993035428,51.20940671895552,51.23867362009788,207000
2021-03-25,51.15087127685547,51.45330958028023,51.08257935699028,51.34599264288336,346600
2021-03-26,51.15087127685547,51.20940880315299,51.033799945890934,51.08257935699028,135900
2021-03-29,50.88745880126953,51.13135958228053,50.83867938939345,51.01428824945181,151200
2021-03-30,50.68258285522461,50.711849757918365,50.5167283894887,50.594778425512786,55200
2021-03-31,50.66307067871094,50.780142011884834,50.59477875755695,50.643558169576856,153500
2021-04-01,50.926483154296875,50.95575005671417,50.78014119894935,50.81916621659276,475300
2021-04-05,51.0045280456543,51.053311177163465,50.84843170106404,50.965506750729546,171800
2021-04-06,51.29721450805664,51.29721450805664,51.10209313717413,51.121605646425444,159100
2021-04-07,51.21916198730469,51.4240377420626,51.12160316740961,51.12160316740961,342800
2021-04-08,51.550865173339844,51.570377680883425,51.41428134216506,51.41428134216506,71200
2021-04-09,51.35574722290039,51.38501412534015,51.18013836500078,51.25818840034751,120100
2021-04-12,51.170379638671875,51.51183921032524,51.15086713148737,51.35574287447939,572400
2021-04-13,51.53135299682617,51.53135299682617,51.28745223341006,51.37525665710507,332500
2021-04-14,51.541114807128906,51.63867363083849,51.47281916457551,51.550869200847636,162300
2021-04-15,51.73623275756836,51.794770285115305,51.63867393328737,51.63867393328737,88700
2021-04-16,51.6484260559082,51.69720918753413,51.599646645912706,51.65818417088556,129600
2021-04-19,51.794769287109375,51.8630612071163,51.65818544709551,51.82403618950362,79700
2021-04-20,51.863059997558594,51.902085014261125,51.755743062441844,51.87281439091901,60600
2021-04-21,51.93135452270508,51.93135452270508,51.736233151028586,51.90208761952432,79700
2021-04-22,51.88257598876953,51.902088498430665,51.736234027126365,51.88257598876953,45900
2021-04-23,52.08744812011719,52.126473136714054,51.892326758763275,52.05818121848475,53600
2021-04-26,52.00940704345703,52.106965873138364,51.96062390698557,52.06794085261351,189000
2021-04-27,51.9020881652832,52.16550146157171,51.88257565574731,51.960621972260206,136000
2021-04-28,52.10696029663086,52.10696029663086,51.745988199484344,51.78501321583273,122000
2021-04-29,51.9020881652832,51.911842559235815,51.72647930109086,51.9020881652832,68200
2021-04-30,51.53135299682617,51.79476626791121,51.49232798148832,51.76549936722297,79900
2021-05-03,51.726478576660156,51.80452489208001,51.48257779332338,51.667941048872315,85000
2021-05-04,51.550865173339844,51.648423989427464,51.51184015825268,51.60940269597058,94700
2021-05-05,51.521602630615234,51.599648945760556,51.43379820005763,51.502090121421254,74700
2021-05-06,51.71672058105469,51.75574559967035,51.58013673753048,51.58013673753048,59100
2021-05-07,52.048423767089844,52.10696129273144,51.84354800978995,51.86306051833715,87300
2021-05-10,52.01915740966797,52.18501187324025,51.98989050735601,52.08744932948287,331800
2021-05-11,51.88257598876953,51.98989293109043,51.85330908509317,51.94111351775294,106500
2021-05-12,51.40452575683594,51.697209662760294,51.36550446145909,51.609405235309076,85600
2021-05-13,51.42403793334961,51.46306295010498,51.316720998087575,51.41428353997599,71600
2021-05-14,51.726478576660156,51.79477049826401,51.628916030347085,51.697211673581535,122200
2021-05-17,51.706966400146484,51.78501643769922,51.6094075748362,51.77525832218981,109200
2021-05-18,51.950870513916016,52.038674950973785,51.872820471362054,51.9703830245545,394200
2021-05-19,51.68745422363281,51.96062191356536,51.62891669509127,51.94111312568217,154300
2021-05-20,51.9020881652832,51.97038008784348,51.78501682969853,51.794771223651146,71900
2021-05-21,51.91183853149414,52.097205496887476,51.83379222103671,52.028913579625836,86900
2021-05-24,52.01915740966797,52.11671623179483,51.921598587541105,51.921598587541105,71600
2021-05-25,52.29232406616211,52.311836574531945,52.15574022920369,52.2142777543132,82500
2021-05-26,52.17525100708008,52.331347347231095,52.126471598588566,52.21427602252541,92400
2021-05-27,52.11671447753906,52.11671447753906,51.98988875736921,52.0581806748854,91300
2021-05-28,52.07769012451172,52.11671141677902,51.872810662365126,51.872810662365126,79200
2021-06-01,52.23379135131836,52.29232515601737,52.16549943141583,52.21427884254185,88700
2021-06-02,52.12647247314453,52.19476439050448,52.03866804773454,52.09720557188466,87100
2021-06-03,51.84355163574219,51.99964799340674,51.78501782763718,51.99964799340674,67300
2021-06-04,52.10696029663086,52.14598531297924,51.999643362488015,51.999643362488015,180800
2021-06-07,52.13622283935547,52.16549345998485,52.06793092727038,52.06793092727038,94500
2021-06-08,52.14598846435547,52.23379289563047,52.14598846435547,52.204522270785056,61300
2021-06-09,52.21427917480469,52.42891305108158,52.16549976336827,52.28257109514178,93600
2021-06-10,52.33134841918945,52.39964033680253,52.09720576498189,52.2045189772093,117500
2021-06-11,52.155738830566406,52.29232266386212,52.06793440607197,52.29232266386212,125600
2021-06-14,52.10696029663086,52.18501032932762,52.0289139855645,52.16549782115343,49800
2021-06-15,51.980133056640625,52.067937486329434,51.960620547639714,52.058183092644256,120300
2021-06-16,51.48257827758789,52.06793867445004,51.48257827758789,51.9606217333115,80400
2021-06-17,51.09233474731445,51.35574803834644,51.09233474731445,51.27770172339099,231400
2021-06-18,51.02404022216797,51.1508696643324,50.955748304455675,51.01428582890781,63300
2021-06-21,51.170379638671875,51.228913438595185,51.07281710274933,51.228913438595185,134000
2021-06-22,51.24842834472656,51.28745336092235,51.053310707008414,51.28745336092235,90900
2021-06-23,51.06306457519531,51.35574475039349,51.06306457519531,51.30696534146552,181400
2021-06-24,51.31672286987305,51.35574788805186,51.180139027877786,51.267943457964826,266200
2021-06-25,51.180137634277344,51.38501339169161,51.11184571513925,51.38501339169161,69600
2021-06-28,51.141109466552734,51.30696391826363,51.102088173470975,51.18013448126474,123500
2021-06-29,51.043556213378906,51.121606251307654,50.975264291006575,51.11184813575124,161400
2021-06-30,50.97526550292969,51.131361860867685,50.945998598825916,51.12160746671001,92300
2021-07-01,50.897212982177734,51.08257995681459,50.877704194813326,51.014288036147505,181600
2021-07-02,51.16062545776367,51.21916298381787,50.91672468165025,51.07282102949762,95100
2021-07-06,51.12160110473633,51.21915992069507,51.05330918923916,51.102088597218525,110700
2021-07-07,51.1313591003418,51.23867603843601,51.09233408255653,51.17038411812706,121500
2021-07-08,51.33623123168945,51.47281506265059,51.287451823721945,51.38501063965696,62000
2021-07-09,51.35574722290039,51.47281855428996,51.25818840034751,51.38501412534015,97400
2021-07-12,51.31672286987305,51.42403980904949,51.297214082414214,51.42403980904949,92600
2021-07-13,50.97526550292969,51.26794570885959,50.97526550292969,51.20941190065206,153200
2021-07-14,51.33623123168945,51.37525624671557,51.209405515299984,51.27769743078055,88700
2021-07-15,51.32647705078125,51.365502065968585,51.27769764261223,51.35574395135661,136100
2021-07-16,51.2776985168457,51.3459904337727,51.248427894141024,51.248427894141024,43300
2021-07-19,51.35574722290039,51.48257666952356,51.31672220522703,51.43379725824712,55800
2021-07-20,51.31672286987305,51.35574788805186,51.18989714323778,51.33623537896245,45100
2021-07-21,51.33623123168945,51.39476875422863,51.18013489321526,51.18013489321526,35200
2021-07-22,51.43379592895508,51.54111286396799,51.36550401060694,51.47281722398942,101900
2021-07-23,51.34599304199219,51.46306437386671,51.24843049740464,51.29721363051369,368700
2021-07-26,51.550865173339844,51.59964458138366,51.443548242665294,51.443548242665294,77800
2021-07-27,51.697208404541016,51.74598781379772,51.56062084833974,51.638670880454754,64100
2021-07-28,51.80452346801758,51.81428158319594,51.49233077165886,51.53135578911132,57300
2021-07-29,51.98989486694336,52.019161771709484,51.814285995085,51.92160294140187,135600
2021-07-30,51.91183853149414,51.95086354753804,51.8435466142325,51.90208413829835,50700
2021-08-02,52.048423767089844,52.097206899273075,51.98988996307872,51.98988996307872,97800
2021-08-03,52.13622283935547,52.14598095344196,52.038664028271086,52.13622283935547,66600
2021-08-04,52.05817794799805,52.31183309668128,51.95086101991392,52.2923205896087,53100
2021-08-05,52.048423767089844,52.097206899273075,51.99964435653708,52.097206899273075,64900
2021-08-06,51.599647521972656,51.74598947607418,51.531355602493406,51.70696445876304,67700
2021-08-09,51.53135299682617,51.69720745119688,51.472815473819395,51.58989051983295,91400
2021-08-10,51.48257827758789,51.55087019983412,51.42404074924942,51.511845180941805,119100
2021-08-11,51.580135345458984,51.58989346066485,51.44355150562098,51.52160154074585,43900
2021-08-12,51.472816467285156,51.50208709016864,51.38501204189545,51.46306207407758,277800
2021-08-13,51.83379364013672,51.83379364013672,51.521600946499085,51.60940537418657,49100
2021-08-16,51.726478576660156,51.814283007526626,51.63867414579369,51.745991085922775,41600
2021-08-17,51.48257827758789,51.58013710318804,51.42404074924942,51.57038270928028,48400
2021-08-18,51.48257827758789,51.53135769038796,51.345994433095434,51.48257827758789,59300
2021-08-19,51.31672286987305,51.40452729996008,51.25818906423541,51.365506003411845,71600
2021-08-20,51.39476776123047,51.39476776123047,51.228913311389086,51.31671773268624,57000
2021-08-23,51.550865173339844,51.589890188427006,51.41428134216506,51.453306357252224,50700
2021-08-24,51.60940170288086,51.62891048841877,51.54110978860757,51.60940170288086,184300
2021-08-25,51.453311920166016,51.453311920166016,51.34599497788881,51.42404129487089,68700
2021-08-26,51.30696487426758,51.33623177503179,51.25818546578379,51.33623177503179,94200
2021-08-27,51.58988952636719,51.58988952636719,51.219159331057355,51.26793873847517,70700
2021-08-30,51.67770004272461,51.67770004272461,51.521603687601,51.54111619719529,55400
2021-08-31,51.453311920166016,51.63867517942529,51.414286900859636,51.60940827576085,170700
2021-09-01,51.580135345458984,51.5996478542402,51.48257652318341,51.48257652318341,257900
2021-09-02,51.755741119384766,51.76549923400927,51.58989038707116,51.67769481054021,2481500
2021-09-03,51.706966400146484,51.78501643769922,51.638674478103155,51.74599141892285,99500
2021-09-07,51.34599304199219,51.453309980223224,51.30696802415717,51.453309980223224,75700
2021-09-08,51.34599304199219,51.35574743563568,51.22891798848713,51.32648053307468,83400
2021-09-09,51.58988952636719,51.6289108193233,51.41428068235886,51.4533056969452,80500
2021-09-10,51.40452575683594,51.53135520129446,51.33623383788838,51.51184269279081,94300
2021-09-13,51.42403793334961,51.4728173434786,51.336233506465256,51.365504129847004,204900
2021-09-14,51.48257827758789,51.55087019983412,51.43379886478782,51.55087019983412,136900
2021-09-15,51.472816467285156,51.52159959821417,51.36550325548029,51.52159959821417,86700
2021-09-16,51.16062545776367,51.19965047513314,51.111846046867086,51.150871064236554,187100
2021-09-17,50.936241149902344,51.063070605397044,50.89721612949924,51.063070605397044,77600
2021-09-20,51.053314208984375,51.053314208984375,50.94599726789981,50.94599726789981,53400
2021-09-21,51.01428985595703,51.10209428875129,50.975264836574986,51.10209428875129,57700
2021-09-22,51.0045280456543,51.209407521753725,50.88745671761921,51.03379866888588,116700
2021-09-23,50.88745880126953,51.04355515225135,50.86794629219298,51.03380075852836,197800
2021-09-24,50.653316497802734,50.71185402975185,50.59478268748449,50.64356210329331,184300
2021-09-27,50.55575180053711,50.57526430892291,50.42892235684464,50.51672678376551,134900
2021-09-28,50.233802795410156,50.28258220369421,50.12648586420706,50.28258220369421,141300
2021-09-29,49.92161178588867,50.20453759477202,49.882590488025656,50.17527069096709,121900
2021-09-30,50.09721755981445,50.09721755981445,49.87282929402165,49.931366819649085,150700
2021-10-01,50.243560791015625,50.2630733000544,50.08746444033594,50.08746444033594,106700
2021-10-04,50.292335510253906,50.311848017472066,50.10697227412671,50.27282300303575,102900
2021-10-05,50.07771301269531,50.19478435223147,49.98015046172286,50.19478435223147,83400
2021-10-06,49.96063232421875,49.96063232421875,49.83380660468573,49.843560997868906,133300
2021-10-07,49.941123962402344,50.028928394861964,49.89234454917604,49.98014898163566,115000
2021-10-08,49.87282943725586,49.91185445445289,49.765512500779245,49.90210006096887,81600
2021-10-11,49.61917495727539,49.746004404110465,49.492345510440316,49.677708762252706,102700
2021-10-12,49.60941696166992,49.61917507694336,49.48259123615951,49.61917507694336,204500
2021-10-13,49.92161178588867,49.93136990157745,49.697223506245884,49.78502793929138,177100
2021-10-14,50.18502426147461,50.19478237700325,50.10697794539865,50.1264904548253,100700
2021-10-15,50.0386848449707,50.116731159208925,49.970392924400805,50.116731159208925,52200
2021-10-18,49.91185760498047,50.02892894233086,49.88259070105055,49.90210321088073,309300
2021-10-19,49.95087814331055,50.09721637146216,49.92160752037592,50.09721637146216,43000
2021-10-20,50.058197021484375,50.12648894160072,49.98014698613396,49.98014698613396,108700
2021-10-21,49.85331726074219,50.09721803740263,49.84356286719319,50.03868423284764,141300
2021-10-22,50.028926849365234,50.077709982715206,49.9216099106042,49.960634928631954,148900
2021-10-25,49.96063232421875,49.98990294702899,49.85331539105207,49.93136542303888,75000
2021-10-26,49.941123962402344,49.98990709725933,49.87283203955938,49.98990709725933,89000
2021-10-27,50.155757904052734,50.26307484625204,50.116732884774684,50.20453731733496,94500
2021-10-28,50.30209732055664,50.428923044347705,50.20453477729757,50.233805401090535,136600
2021-10-29,49.86307907104492,50.067954845430776,49.78502903034701,50.038687940984445,138800
2021-11-01,49.970394134521484,50.01917354730547,49.71673523343574,49.81429778063435,154100
2021-11-02,49.99966049194336,50.097219316446136,49.97039358891865,50.097219316446136,80900
2021-11-03,50.14600372314453,50.14600372314453,49.921611722157515,49.999661761045296,124700
2021-11-04,50.14600372314453,50.18502502095773,49.902102934066264,50.13624560746822,94200
2021-11-05,50.3899040222168,50.41917092569977,49.98014876530193,50.20453704247623,106400
2021-11-08,50.36063003540039,50.47770508477852,50.3411175271707,50.39965505185977,162400
2021-11-09,50.60453414916992,50.66307167772645,50.50697532320636,50.59477975522583,208900
2021-11-10,49.81429672241211,50.48746153644437,49.804538607084226,50.41916961567141,144100
2021-11-11,49.76551055908203,49.86307309826803,49.7167311503042,49.8142936894902,68000
2021-11-12,49.80453872680664,49.84356374495087,49.67770927865317,49.76551370866241,92500
2021-11-15,49.47283172607422,49.82404943340524,49.47283172607422,49.82404943340524,68900
2021-11-16,49.26795196533203,49.463073311500956,49.25819757275715,49.36551077760143,155400
2021-11-17,49.41429901123047,49.41429901123047,49.26795705607507,49.27771144965786,71500
2021-11-18,49.63868713378906,49.63868713378906,49.404540750555924,49.4728326703259,121400
2021-11-19,49.55088424682617,49.6582011874121,49.492346718789136,49.62893056257827,74600
2021-11-22,49.10210418701172,49.28746743010021,49.04356666315887,49.26795492214926,99800
2021-11-23,48.84844970703125,48.96552104365593,48.82893719732203,48.93625413990743,158300
2021-11-24,48.760643005371094,48.760643005371094,48.5655216389883,48.60454665659096,139100
2021-11-26,49.3947868347168,49.414299343644146,49.2289323696496,49.37527432578945,75900
2021-11-29,49.404537200927734,49.404537200927734,49.08259013394781,49.29722027139101,137100
2021-11-30,49.62892532348633,49.843559182000284,49.24844073548812,49.75575476002914,191500
2021-12-01,49.63868713378906,49.81429599080629,49.531370196541815,49.60941650986585,137200
2021-12-02,49.56063461303711,49.74600157594152,48.52649775317175,49.716730953486426,87800
2021-12-03,49.67770767211914,49.71673268900134,49.365514980322466,49.472831915933284,109200
2021-12-06,49.56063461303711,49.5899052354922,49.42405078034775,49.580147120797065,107800
2021-12-07,49.589908599853516,49.589908599853516,48.89722755308723,49.52161295724509,94300
2021-12-08,49.72649002075195,49.73624441400363,49.56063556243036,49.65819810309906,44500
2021-12-09,49.70697784423828,49.70697784423828,49.570394008021275,49.6777072210272,69000
2021-12-10,49.736244201660156,49.746002316500565,49.58014785888707,49.66795228429883,77400
2021-12-13,49.648441314697266,49.83380828610514,49.59966190387485,49.74600385797259,338800
2021-12-14,49.48258590698242,49.687461646093496,49.42404838653778,49.687461646093496,86800
2021-12-15,49.62892532348633,49.64843783077217,49.33624515745926,49.43380397225821,71100
2021-12-16,49.723934173583984,49.75331485732628,49.58681933465441,49.63578838625795,96100
2021-12-17,49.48887252807617,49.733721497617175,49.48887252807617,49.733721497617175,56400
2021-12-20,49.430110931396484,49.61619480236706,49.42031488044612,49.58681412171349,162400
2021-12-21,49.23423385620117,49.75331250362087,49.18526480691423,49.75331250362087,385100
2021-12-22,49.40073013305664,49.430114551961275,49.22443856402499,49.34196876744545,236700
2021-12-23,49.312583923339844,49.312583923339844,49.13629235582828,49.21464582409964,112600
2021-12-27,49.21464538574219,49.283202801819485,49.116707287374325,49.25382211952892,124200
2021-12-28,49.20484924316406,49.2929950192787,49.1558764616903,49.2929950192787,104800
2021-12-29,49.13629150390625,49.244025652861986,49.048149457777676,49.15587987063447,69000
2021-12-30,49.07753372192383,49.16567951058499,49.02856466957857,49.16567951058499,55000
2021-12-31,49.253822326660156,49.3125836914884,49.14608817634307,49.155880491781446,59600
2022-01-03,48.7347412109375,49.077532037789624,48.67597984457931,49.077532037789624,382700
2022-01-04,48.77391815185547,48.9404174081379,48.68577236584691,48.80330257125772,81700
2022-01-05,48.715152740478516,48.97958634044944,48.67597600859439,48.950205659585734,128600
2022-01-06,48.45071792602539,48.66618249040439,48.42133350753359,48.60742112561874,186600
2022-01-07,48.67597961425781,48.744537032084025,48.57803777729246,48.68577192990482,182500
2022-01-10,48.636802673339844,48.636802673339844,48.39195368611278,48.39195368611278,529700
2022-01-11,48.80329895019531,48.81309126520343,48.53886161179012,48.58783065902838,57800
2022-01-12,49.22443771362305,49.26361444741971,49.028561516837655,49.12649961523035,196500
2022-01-13,49.34196853637695,49.430114320479994,49.34196853637695,49.430114320479994,96600
2022-01-14,48.97958755493164,49.2342325823938,48.94041455817498,49.2342325823938,262800
2022-01-18,48.362571716308594,48.793504577365795,48.35277566486471,48.73473947699933,223100
2022-01-19,48.607425689697266,48.685775428801236,48.57804126844636,48.63680637484884,126700
2022-01-20,48.49968719482422,48.76412454585304,48.49968719482422,48.76412454585304,128200
2022-01-21,48.72494888305664,48.930621137457024,48.72494888305664,48.930621137457024,57400
2022-01-24,48.607425689697266,48.715159850052146,48.568248952095615,48.66618706000041,486600
2022-01-25,48.52907180786133,48.57804086140341,48.431133700777174,48.57804086140341,428700
2022-01-26,48.10792541503906,48.5192736345548,48.10792541503906,48.450716220651984,151500
2022-01-27,47.82390594482422,47.95122472810128,47.66719900645422,47.95122472810128,283300
2022-01-28,47.774932861328125,47.843490278388984,47.618229660032014,47.843490278388984,274000
2022-01-31,47.97080993652344,48.02957503454251,47.73575701664474,47.73575701664474,79800
2022-02-01,48.156898498535156,48.19607523436256,47.94143392368276,48.12751781471419,629000
2022-02-02,48.26463317871094,48.33319059910462,48.205871810430175,48.29401759895052,66000
2022-02-03,48.225460052490234,48.284221420617385,48.14710658018844,48.14710658018844,60400
2022-02-04,48.01978302001953,48.05895975532543,47.902256550200946,47.902256550200946,70900
2022-02-07,47.931636810302734,47.97081354526263,47.794521974042176,47.91204844282279,56500
2022-02-08,47.647613525390625,47.66719815623851,47.490910325914705,47.61822910692084,78100
2022-02-09,47.80431365966797,47.9218401177144,47.74554856259538,47.79451760877316,150800
2022-02-10,47.42234802246094,47.804315564504726,47.3733789743319,47.48111312187511,88500
2022-02-11,47.539878845214844,47.58884789398656,47.343998914029044,47.471321429714656,115500
2022-02-14,47.04038619995117,47.2558545041227,46.97182878246006,47.2558545041227,91700
2022-02-15,47.246063232421875,47.29503228369763,47.06977165894985,47.07956397476535,51400
2022-02-16,47.45173645019531,47.45173645019531,47.265648821040934,47.265648821040934,61000
2022-02-17,47.44194030761719,47.5398821480641,47.344002203269476,47.344002203269476,93400
2022-02-18,47.3831787109375,47.4811168148129,47.30482523895784,47.46152844681798,143300
2022-02-22,47.334205627441406,47.373378623995606,47.19708706315569,47.23626379580875,90700
2022-02-23,47.138328552246094,47.32441243945832,47.138328552246094,47.31462012375203,396300
2022-02-24,46.97182846069336,47.03059356218278,46.726979475302635,46.92285941083502,101200
2022-02-25,47.10894012451172,47.10894012451172,46.91306393825996,46.91306393825996,92600
2022-02-28,47.2950325012207,47.42235128790342,47.03059513979644,47.03059513979644,420400
2022-03-01,47.6378173828125,47.6378173828125,47.26564588373144,47.39296840059319,965000
2022-03-02,47.16770935058594,47.31462023923248,47.05018288132816,47.275443504113525,118500
2022-03-03,47.03059005737305,47.118735834988875,46.92285591405384,47.040382372175365,87600
2022-03-04,47.03059005737305,47.0697667887798,46.81512177073463,46.87388686784477,93900
2022-03-07,46.58007049560547,46.85430015291696,46.5017170300314,46.81512342012993,131100
2022-03-08,46.29604721069336,46.482131097025146,46.22748979277643,46.31563557811235,184100
2022-03-09,46.570274353027344,46.76615428047949,46.42336720951238,46.42336720951238,254200
2022-03-10,46.13934326171875,46.296046462438895,46.12954721011805,46.296046462438895,127200
2022-03-11,45.93367004394531,46.14913460533602,45.89449331056557,46.10016555666081,75200
2022-03-14,45.453765869140625,45.727995539462746,45.453765869140625,45.63984975455934,129200
2022-03-15,45.65943908691406,45.86511508010175,45.65943908691406,45.68882350656895,1179200
2022-03-16,45.91408157348633,45.91408157348633,45.483144979481004,45.71820164312926,212600
2022-03-17,46.06098937988281,46.26666536456237,45.8846978136426,45.95325522983613,229500
2022-03-18,46.012020111083984,46.100165893783526,45.835728545684894,45.904285961551324,65600
2022-03-21,45.61046600341797,45.86511102538635,45.55170090540246,45.82593429337601,105400
2022-03-22,45.4831428527832,45.53211563515679,45.17953252421992,45.53211563515679,154600
2022-03-23,45.58108901977539,45.61046970311696,45.34603234474553,45.4733548660575,140900
2022-03-24,45.346031188964844,45.35582724056175,45.179535672807454,45.30685445477522,192000
2022-03-25,45.15994644165039,45.326441954622155,45.12076970821035,45.24809222384101,104200
2022-03-28,45.01303482055664,45.032623186955185,44.84653931031736,44.91509672466282,94000
2022-03-29,45.2382926940918,45.404791930360496,45.150146918678644,45.316646154947335,107900
2022-03-30,45.4831428527832,45.52231958424258,45.297058982499294,45.34602802877414,141800
2022-03-31,45.492942810058594,45.69861506373273,45.43417770782352,45.483146758303214,138800
2022-04-01,45.346031188964844,45.38520792315447,45.09138988893031,45.14035893861783,102100
2022-04-04,45.24809265136719,45.36561911669882,45.17953523524882,45.36561911669882,119400
2022-04-05,44.6800422668457,45.08159445756638,44.621280900851836,45.062006090202075,139100
2022-04-06,44.47437286376953,44.53313796962836,44.29808128229232,44.47437286376953,139700
2022-04-07,44.27849197387695,44.39602218310009,44.268699657824634,44.39602218310009,104500
2022-04-08,44.16096115112305,44.229518565034375,43.994461905839216,44.053227004662716,224400
2022-04-11,43.86714553833008,43.99446432195824,43.827968803629545,43.99446432195824,96000
2022-04-12,43.77899932861328,44.05322899665869,43.77899932861328,44.05322899665869,162900
2022-04-13,43.974876403808594,44.10219517792033,43.7104390684939,43.77899648104599,92600
2022-04-14,43.66147232055664,43.87693688445058,43.57332653747763,43.87693688445058,76700
2022-04-18,43.44600296020508,43.63208683723071,43.416622278595476,43.622294522060464,64100
2022-04-19,43.0836296081543,43.201156076384194,43.06404124076614,43.19136002464058,104800
2022-04-20,43.60270690917969,43.70064500697022,43.49497275995073,43.553737860284414,120700
2022-04-21,43.269710540771484,43.64188202354542,43.220741493693055,43.64188202354542,116600
2022-04-22,42.946510314941406,43.142390249433184,42.917129632402286,43.142390249433184,54600
2022-04-25,42.88774871826172,43.04445191778911,42.88774871826172,42.97589450150206,81300
2022-04-26,42.868160247802734,43.04445181385777,42.81919119858722,43.04445181385777,66700
2022-04-27,42.50578689575195,42.652694050640775,42.44702179213693,42.54495989539615,85600
2022-04-28,42.17279052734375,42.17279052734375,41.92794154230921,42.045468009018066,68300
2022-04-29,42.03567123413086,42.22175885065863,41.9964982366346,42.06505565237674,383100
2022-05-02,41.80061721801758,41.957320412225464,41.71247143776946,41.908351364554036,173400
2022-05-03,41.82020568847656,42.09443534499874,41.75164827434602,42.05525861232447,105400
2022-05-04,42.221763610839844,42.339290088776735,41.751653962992904,41.83000370291771,253500
2022-05-05,41.575355529785156,41.967111637078226,41.359887242309775,41.967111637078226,296500
2022-05-06,41.29133224487305,41.51659286036216,41.23256714409803,41.49700449343715,241400
2022-05-09,41.379478454589844,41.42844750435772,41.10524878701052,41.24236362080018,320800
2022-05-10,41.39906692504883,41.58515080907083,41.38927087341139,41.57535849353242,234000
2022-05-11,41.614532470703125,41.7026782491048,41.47741390955702,41.47741390955702,107100
2022-05-12,41.53618240356445,41.69288560730326,41.50680172039439,41.6145358734834,143400
2022-05-13,41.45783233642578,41.45783233642578,41.291333082236214,41.320713765170055,88300
2022-05-16,41.614532470703125,41.614532470703125,41.42844486291138,41.45782927977778,88800
2022-05-17,41.6830940246582,41.712474708344956,41.56556381771288,41.624328921185544,69100
2022-05-18,41.50680160522461,41.663504808528614,41.487213237799224,41.57535902316392,74000
2022-05-19,42.055259704589844,42.16299385419275,42.0062906555246,42.04546738921638,152200
2022-05-20,41.918148040771484,41.99650151407668,41.85938667189183,41.88876735633166,266600
2022-05-23,42.13361358642578,42.23155168551964,42.07484848531006,42.17279032050292,559100
2022-05-24,42.39805221557617,42.50578636948694,42.280522009801274,42.280522009801274,145000
2022-05-25,42.3588752746582,42.36866759037568,42.17279138723341,42.34908295894073,118500
2022-05-26,42.329490661621094,42.40784038838435,41.97690755093958,41.97690755093958,89400
2022-05-27,42.3686637878418,42.55475139466455,42.349079158164535,42.49598629733651,58300
2022-05-31,42.016090393066406,42.14340918458591,41.86917949688324,42.084647814992074,369600
2022-06-01,41.69288635253906,42.0258811334485,41.545975461864636,42.00629276561863,697300
2022-06-02,41.878971099853516,41.8887671520185,41.62432978505215,41.7712406787332,432200
2022-06-03,41.604740142822266,41.673297561480965,41.4872136731358,41.64391687808413,569400
2022-06-06,41.2717399597168,41.78102624311973,41.23256322958612,41.78102624311973,101500
2022-06-07,41.41865539550781,41.46762444552002,41.14442199046115,41.203187092135224,190100
2022-06-08,41.10525131225586,41.26195452279932,41.10525131225586,41.18360104947797,233100
2022-06-09,40.45884704589844,40.98771800647503,40.45884704589844,40.8799875929439,635300
2022-06-10,40.00831985473633,40.29234555412368,39.959350808383036,40.29234555412368,300000
2022-06-13,39.10728454589844,39.46966003801734,38.94078527475228,39.440279352091316,212400
2022-06-14,38.68613815307617,39.25418956991715,38.539227273245196,39.117071005228766,215800
2022-06-15,39.60676956176758,39.626357928450965,38.98975282368609,39.28357085173903,185200
2022-06-16,39.63615417480469,39.694915539044956,38.8036653991111,39.097483428609266,503900
2022-06-17,39.42068862915039,39.49904210174092,39.14645894728196,39.40110026100276,131100
2022-06-21,39.14645767211914,39.39130666183998,39.07790025388523,39.25419182537216,341200
2022-06-22,39.62635803222656,39.881003063678534,39.61656571690869,39.62635803222656,237700
2022-06-23,40.02790832519531,40.27275729370096,39.98873532966947,40.06708505681992,532500
2022-06-24,40.116058349609375,40.292349924481904,39.93976677473684,40.03770861416556,145300
2022-06-27,39.89079666137695,40.057295915924804,39.88100434574428,39.959354079102816,101600
2022-06-28,39.51862716674805,39.68512642977745,39.50883485061655,39.67533037754671,302600
2022-06-29,39.577392578125,39.74389184244294,39.28357452261606,39.74389184244294,721900
2022-06-30,40.04750442504883,40.223796015306526,39.79286309250965,39.83203609560065,544700
2022-07-01,40.35111618041992,40.54699612877181,39.969152335988326,40.086678810559754,876300
2022-07-05,39.71450424194336,39.802650025148715,39.46965525927281,39.7536809758344,365300
2022-07-06,39.450069427490234,39.85162163543076,39.44027711143769,39.85162163543076,268300
2022-07-07,39.36191940307617,39.58718000903784,39.117070431018,39.58718000903784,335700
2022-07-08,39.33253860473633,39.44027274989659,39.263981191652306,39.42068438385847,62000
2022-07-11,39.01913070678711,39.22480293806123,39.01913070678711,39.136657162358226,128800
2022-07-12,39.27377700805664,39.48924531758715,39.19542727301773,39.322749795567496,358700
2022-07-13,39.40109634399414,39.59697626989811,39.03872090953605,39.20521641809018,132500
2022-07-14,39.08769226074219,39.254191515208305,38.764493539635936,38.87222395593865,210800
2022-07-15,39.35213088989258,39.43048062574918,39.175839314091235,39.175839314091235,92700
2022-07-18,39.50883483886719,39.60677294455001,39.37171999647155,39.46965810215436,55100
2022-07-19,39.64594268798828,39.724296147592916,39.54800459958108,39.64594268798828,145000
2022-07-20,39.596981048583984,39.71450752387029,39.40110109904062,39.66553847050927,65500
2022-07-21,39.78306198120117,39.78306198120117,39.41089421451158,39.41089421451158,92400
2022-07-22,40.13564682006836,40.380495815117165,40.0377087164885,40.086677768278435,97900
2022-07-25,40.21399688720703,40.30214266740595,40.14543947328552,40.22378920229631,47200
2022-07-26,40.04750442504883,40.31194181043537,40.04750442504883,40.28256112409225,44300
2022-07-27,40.47843551635742,40.54699293246133,40.03770660133304,40.14544075123889,115400
2022-07-28,40.85060501098633,40.93875079772803,40.59596370267649,40.70369785714958,224600
2022-07-29,41.08565902709961,41.22277385624115,40.61554944028625,40.67431080357611,258100
2022-08-01,41.38927459716797,41.48721644185894,41.22277906534235,41.22277906534235,58300
2022-08-02,40.84081268310547,41.41865645466388,40.84081268310547,41.36968740339943,226400
2022-08-03,40.958335876464844,40.98771655765307,40.55678371046416,40.791840368266456,97500
2022-08-04,41.35988998413086,41.35988998413086,40.93874943220105,40.94854548378956,40600
2022-08-05,40.65472412109375,40.69390085564235,40.52740533795938,40.66452017278042,35100
2022-08-08,40.85060501098633,40.9289584819119,40.76245922424463,40.80163595970741,53800
2022-08-09,40.811424255371094,40.86039703792505,40.723282213411004,40.86039703792505,44000
2022-08-10,41.29133224487305,41.51659286036216,41.183598094835,41.252155511023034,81300
2022-08-11,41.026893615722656,41.62432571195238,41.026893615722656,41.45783020243202,355300
2022-08-12,41.04648208618164,41.0660704525453,40.80163311078421,40.99751303832193,89800
2022-08-15,40.811424255371094,41.02689254309245,40.74286684311407,41.01710022824091,89800
2022-08-16,40.60575485229492,40.69390063650507,40.49802070091595,40.56657811795729,66000
2022-08-17,40.233585357666016,40.36090413465059,40.08667447825445,40.25316998789529,73300
2022-08-18,39.90059280395508,40.24337989336486,39.87120838479205,40.20420315854687,44500
2022-08-19,39.26398468017578,39.48924530547991,39.23460399655759,39.420687886304705,732400
2022-08-22,38.94078063964844,39.195425674361815,38.81346185839074,39.136660573405116,205200
2022-08-23,38.92119598388672,39.12686823295524,38.49025938267764,38.75469673266531,878700
2022-08-24,38.80366897583008,38.88202245017124,38.51964697159159,38.70573086900291,609800
2022-08-25,39.156246185302734,39.156246185302734,38.88201653899795,38.979954630935744,55700
2022-08-26,38.656761169433594,39.20522053625697,38.62737674899718,39.0583133784718,72300
2022-08-29,38.460880279541016,38.59799511788354,38.431499595924514,38.57840675010616,91700
2022-08-30,38.47066879272461,38.607783617513945,38.313965602094115,38.578402936801595,190100
2022-08-31,38.37273406982422,38.55881795751047,38.35314570226265,38.411910804947354,152800
2022-09-01,37.951595306396484,38.08871014972758,37.87324183243627,38.0299487803567,106800
2022-09-02,38.088706970214844,38.31396758489757,38.07891465483688,38.196441119867224,268600
2022-09-06,37.57942199707031,37.706744518174496,37.45210321206523,37.696952202442986,216900
2022-09-07,37.98097229003906,37.98097229003906,37.589216166710365,37.60880453329163,204400
2022-09-08,37.54024887084961,37.785097860397755,37.461895400866645,37.58921792153942,51300
2022-09-09,37.91241455078125,38.02014869800732,37.83406482122522,37.91241455078125,74300
2022-09-12,38.12788391113281,38.27479479529336,38.05932649481762,38.206233642879184,124300
2022-09-13,37.5108642578125,37.82427066392746,37.5108642578125,37.67736351261679,38900
2022-09-14,37.73612594604492,37.82427173376409,37.60880715852769,37.61859947445242,65500
2022-09-15,37.53044891357422,37.72632883204898,37.471683817202184,37.638183055540274,152000
2022-09-16,37.67736053466797,37.67736053466797,37.38353878307164,37.38353878307164,101300
2022-09-19,37.5108642578125,37.55004099260164,37.324780371712706,37.324780371712706,59000
2022-09-20,37.07992935180664,37.15827908099304,37.021164252842695,37.07013330059655,175700
2022-09-21,36.825286865234375,37.13869327579048,36.697968079514105,36.9624054389394,86000
2022-09-22,36.71755599975586,36.89384383445874,36.609821846921434,36.88405151879156,128600
2022-09-23,36.05156326293945,36.42373100296245,36.01238653153743,36.42373100296245,137700
2022-09-26,35.39536666870117,35.80671488297007,35.287632523628396,35.79691883190956,165300
2022-09-27,35.170108795166016,35.39536941776869,35.05258232600355,35.39536941776869,121300
2022-09-28,35.9536247253418,36.03197819531769,35.38557701241288,35.463926746289694,102200
2022-09-29,35.83610153198242,35.9438356949969,35.5814602034841,35.718575052375456,75100
2022-09-30,35.855690002441406,36.022185537679455,35.79692489442239,35.836101633101734,2344100
2022-10-03,36.4139404296875,36.58043594196077,36.129914717587184,36.227856550776394,170600
2022-10-04,37.03096389770508,37.07013689805037,36.77631884691495,36.80570326729794,200000
2022-10-05,36.38456344604492,36.59023571249919,36.15929907486249,36.47270923682522,67300
2022-10-06,35.93403625488281,36.2474426616902,35.93403625488281,36.14950456060004,113700
2022-10-07,35.561866760253906,35.72836227126667,35.49330934558996,35.71856995607135,80300
2022-10-10,35.39536666870117,35.42474734968509,35.160313748632205,35.39536666870117,243400
2022-10-11,35.12113952636719,35.46392661600472,35.03299374101767,35.238665994800186,203100
2022-10-12,35.07217025756836,35.170108357969774,34.739175485664894,34.925259370867195,112700
2022-10-13,35.4443359375,35.581454500513516,34.7783464329725,34.7783464329725,188100
2022-10-14,34.98402404785156,35.41495691492233,34.94484731372722,35.40516459944074,53200
2022-10-17,35.39536666870117,35.54227754581838,35.39536666870117,35.4345434007456,98900
2022-10-18,35.5324821472168,35.63042397912631,35.38557500350084,35.54227819845718,86800
2022-10-19,35.1015510559082,35.33660772818329,35.08196268854369,35.19948915663171,52800
2022-10-20,34.97422790527344,35.35619172174446,34.935051171251025,35.13093110526409,116900
2022-10-21,35.36598587036133,35.51289301089224,34.807730516926505,34.86649187869935,130400
2022-10-24,35.483516693115234,35.591250851077675,35.297432797788716,35.32681348228784,473800
2022-10-25,36.149505615234375,36.26703208719112,36.04177145923269,36.061359827242015,176600
2022-10-26,36.62941360473633,36.7371440314431,36.33559180213784,36.33559180213784,158600
2022-10-27,36.77631759643555,37.070135637580485,36.70776017803836,36.77631759643555,458000
2022-10-28,36.60981750488281,36.71755164493963,36.46290663460558,36.50208336482599,290100
2022-10-31,36.16909408569336,36.335589610095425,36.14950571762855,36.32579729411262,175700
2022-11-01,36.257240295410156,36.62941182076942,36.129917769558446,36.57064671589188,115200
2022-11-02,35.992801666259766,36.89384415954333,35.992801666259766,36.394353861935976,402700
2022-11-03,35.58145523071289,35.747950742212154,35.23866442029261,35.23866442029261,167500
2022-11-04,36.247440338134766,36.276824755457454,35.8263035415638,36.031975782328445,128000
2022-11-07,36.257240295410156,36.37476676906599,36.149506137850956,36.29641703199518,124600
2022-11-08,36.54126739501953,36.63920550403736,36.17888817223493,36.227860962843216,138500
2022-11-09,36.52167510986328,36.717555042994576,36.394352592913094,36.4727060606052,125700
2022-11-10,37.83406448364258,37.85365284988152,37.3835395323445,37.3835395323445,1362700
2022-11-11,38.21603012084961,38.37273332218994,37.863446983809126,37.96138508360969,270100
2022-11-14,37.941802978515625,38.108298506480885,37.883037873063564,37.99077203167604,194500
2022-11-15,38.24540710449219,38.597990207431,38.07891160371478,38.33355288022689,88900
2022-11-16,38.61758041381836,38.91139843490899,38.43149653888402,38.51964231882109,503300
2022-11-17,38.42170333862305,38.42170333862305,38.127885295731055,38.1768543468632,104900
2022-11-18,38.28458786010742,38.47067174573407,38.23561880979505,38.42170269542169,75900
2022-11-21,37.941802978515625,38.14747524344893,37.91241855773996,38.13767919115728,51900
2022-11-22,38.30417251586914,38.41190665777662,38.14746932839427,38.157261643068274,509800
2022-11-23,38.82325744628906,38.93099160574122,38.470674283027215,38.490262651663905,275800
2022-11-25,38.80366897583008,38.81346502817237,38.57840834124817,38.666554131832335,66900
2022-11-28,38.500057220458984,38.833052002252415,38.42170374893151,38.70572947906986,83000
2022-11-29,38.5686149597168,38.695933747855634,38.490261487539804,38.54902659167255,62800
2022-11-30,39.03872299194336,39.2052185093787,38.52943665186619,38.66655148648331,654100
2022-12-01,39.72429656982422,39.75367724943895,39.40109414966765,39.46965155950111,171700
2022-12-02,39.77326965332031,39.998530270804125,39.45986325194292,39.49903998613985,1189000
2022-12-05,39.31295394897461,39.65574478284543,39.25419258141327,39.5284222596306,102100
2022-12-06,39.33253860473633,39.54800689505686,39.293361872660086,39.42068438385847,125100
2022-12-07,39.55780029296875,39.626357707929614,39.430477778284754,39.489242878007886,93900
2022-12-08,39.50883483886719,39.645949681262834,39.45006973379795,39.46965810215436,87700
2022-12-09,39.35213088989258,39.489245729716025,39.29336578592574,39.46965736172708,83800
2022-12-12,39.20521926879883,39.469656627582246,39.12686953439954,39.469656627582246,87600
2022-12-13,39.685123443603516,39.98873752622338,39.6067699760504,39.98873752622338,53600
2022-12-14,39.7928581237793,39.96914969202437,39.548009138561035,39.704712339656766,481000
2022-12-15,39.14775085449219,39.45167913982641,39.000687936435064,39.44187295064108,72600
2022-12-16,38.951663970947266,38.99088124348952,38.804604808861264,38.81440725701435,70400
2022-12-19,38.78499984741211,38.83401957275199,38.677154207685184,38.82421338370483,179700
2022-12-20,38.78499984741211,38.86343065996286,38.677154207685184,38.755585020235934,392600
2022-12-21,38.65754318237305,38.77519126391681,38.46146055315672,38.77519126391681,2517700
2022-12-22,38.51047897338867,38.56930488215413,38.39283089582272,38.48106788898842,158700
2022-12-23,38.50067901611328,38.55950492868458,38.383030930935874,38.45165929228646,70900
2022-12-27,38.255577087402344,38.38303136275814,38.216359811913605,38.255577087402344,228200
2022-12-28,38.088905334472656,38.373224970309685,38.0496917991572,38.3144027973539,106000
2022-12-29,38.373226165771484,38.45166071877634,38.21636079972711,38.304597801874905,174800
2022-12-30,38.38302993774414,38.39283238626978,38.25557566712023,38.33400647522065,131300
2023-01-03,38.28498458862305,38.50067584364627,38.23596486883547,38.45165612385869,151700
2023-01-04,38.61832809448242,38.892841546944744,38.2849887279359,38.66734781956993,94800
2023-01-05,38.353614807128906,38.4810690767389,38.21635808907126,38.29479263651281,148900
2023-01-06,39.01049041748047,39.05951013885149,38.24576855222552,38.36342037147398,169000
2023-01-09,39.1673583984375,39.32422376133128,39.0301016734011,39.0301016734011,107200
2023-01-10,39.11833572387695,39.11833572387695,38.93205554826179,39.010490093776596,58300
2023-01-11,39.42226028442383,39.432066472607254,39.22617766037007,39.334023290597884,45700
2023-01-12,39.9418830871582,40.00070526124106,39.46148080567826,39.77521153400445,198900
2023-01-13,39.89285659790039,39.94188005920674,39.78501470693544,39.78501470693544,49400
2023-01-17,39.99089813232422,40.147763478130315,39.902661141560486,39.902661141560486,66800
2023-01-18,40.19678497314453,40.60855512158866,40.10854797848293,40.55953540010221,74800
2023-01-19,40.24580764770508,40.24580764770508,40.108550921485694,40.11835337051624,54200
2023-01-20,40.039920806884766,40.039920806884766,39.83403572656185,39.83403572656185,71500
2023-01-23,39.971290588378906,40.000701672781865,39.79481660203123,39.79481660203123,100900
2023-01-24,40.16737747192383,40.1967885594467,39.892860275170676,39.95168619018179,155500
2023-01-25,40.2850227355957,40.3438486464796,40.05952902048839,40.07913765744969,104300
2023-01-26,40.06932830810547,40.12815421434887,39.824225975371824,40.08893694351993,152100
2023-01-27,39.89285659790039,39.91246523442993,39.71638260909956,39.76540607040591,82400
2023-01-30,39.539913177490234,39.82422906313237,39.539913177490234,39.71638342997342,91100
2023-01-31,39.79481887817383,39.79481887817383,39.51049924613314,39.686973242574595,90900
2023-02-01,40.2850227355957,40.35365109497771,39.765406945999075,39.922272301724384,700400
2023-02-02,40.343849182128906,40.59875398608002,40.27522082183572,40.559536711636724,1443800
2023-02-03,39.588932037353516,39.94188001456067,39.53991231606697,39.94188001456067,309400
2023-02-06,39.11833572387695,39.30461215952714,39.049707366533994,39.226177614012336,99600
2023-02-07,39.05950927734375,39.2850029826489,38.90264392843734,39.02029200512592,185200
2023-02-08,39.09872817993164,39.17715898767285,38.99088254681803,39.12813926533896,177700
2023-02-09,39.2948112487793,39.490890140308174,39.049708894403075,39.44187041742596,60500
2023-02-10,38.89283752441406,39.16735468844947,38.824209168396436,39.00068315243173,48700
2023-02-13,39.05950927734375,39.07911791345266,38.80460448785769,38.853624208147515,100600
2023-02-14,38.981075286865234,39.0889209170144,38.76538776653189,38.82420993572963,104500
2023-02-15,38.53989791870117,38.5889176445981,38.432052277748724,38.54970036789442,116300
2023-02-16,38.17713928222656,38.30459354671822,37.96145176535404,38.2457676384994,1580200
2023-02-17,38.520286560058594,38.58891491946085,38.235966933983505,38.314401481851846,61800
2023-02-21,38.000667572021484,38.16733911863496,37.98106267474004,38.12812184414178,191100
2023-02-22,37.90262985229492,38.128123580954735,37.883021214155114,38.05949521744807,187600
2023-02-23,38.0791015625,38.0791015625,37.66732766629131,37.83399921046021,776600
2023-02-24,37.65752410888672,37.73595865441302,37.5104612060074,37.5104612060074,60800
2023-02-27,37.735958099365234,37.80458645570882,37.67713219108577,37.726151911336196,78600
2023-02-28,37.64772033691406,37.8241943181781,37.57909198197414,37.63791414908559,118900
2023-03-01,37.706546783447266,37.90262942265737,37.647724609659925,37.784981335117415,214000
2023-03-02,37.41242218017578,37.451639453375115,37.27516546394313,37.39281354357612,840100
2023-03-03,37.71635055541992,37.80458755041173,37.51046174046234,37.64772219708907,154600
2023-03-06,37.6771354675293,37.8340008299508,37.6673292786475,37.81439219215246,137800
2023-03-07,37.39281463623047,37.77517371118434,37.36340355045406,37.73596017680416,732900
2023-03-08,37.4908561706543,37.58889561223387,37.373204352800855,37.520267255135174,133300
2023-03-09,37.6771354675293,37.745763829840875,37.54968119182268,37.54968119182268,108400
2023-03-10,38.21635818481445,38.441851899326245,38.12812118870418,38.196749547904936,164100
2023-03-13,39.03990173339844,39.28500408166938,38.84381910678868,39.030099285052216,181400
2023-03-14,38.7947998046875,39.06931324093097,38.68695417188755,38.971273796548324,2195300
2023-03-15,38.78499984741211,39.06931575036954,38.765391209283095,38.9222565743499,182500
2023-03-16,38.77519226074219,39.13794270314061,38.63793553875171,38.97127489499937,689100
2023-03-17,39.24578857421875,39.412460123324195,39.03990348999896,39.08892321386579,122500
2023-03-20,39.48108673095703,39.5889323626526,39.32422137757213,39.48108673095703,366100
2023-03-21,39.255592346191406,39.42226014507071,39.167355352677376,39.34382933970544,265700
2023-03-22,39.64775466918945,39.8046200231144,39.00068461675342,39.09872780043466,844100
2023-03-23,39.81442642211914,39.93207450319405,39.61834379368424,39.61834379368424,2577300
2023-03-24,39.54971694946289,39.73599339662956,39.500697225468,39.69677986141277,65200
2023-03-27,39.392852783203125,39.45167869775989,39.314418230460774,39.392852783203125,411700
2023-03-28,39.60853958129883,39.628144477300665,39.40265077363056,39.46147668153077,87200
2023-03-29,39.44186782836914,39.5595159035568,39.363437024899,39.39284810870469,1210200
2023-03-30,39.54971694946289,39.55951939827578,39.43206886388211,39.481088587877004,358200
2023-03-31,39.42226028442383,39.490888641847896,39.22617766037007,39.40265164802195,1263200
2023-04-03,39.74579620361328,39.785013475458456,39.422259320837945,39.47127904066197,302000
2023-04-04,39.86344909667969,39.90266637326427,39.4712838107646,39.7458010068913,323100
2023-04-05,39.84383773803711,40.04972281610126,39.8046204641301,40.00070309370005,259800
2023-04-06,39.80461883544922,39.932073100449415,39.785013939262974,39.892855828147056,171300
2023-04-10,39.392852783203125,39.549718148722505,39.265398504979466,39.549718148722505,251000
2023-04-11,39.402652740478516,39.50069592520617,39.29481084722572,39.50069592520617,264900
2023-04-12,39.57912826538086,39.67717145390439,39.43206909254341,39.67717145390439,115800
2023-04-13,39.74579620361328,39.89285536308534,39.70657893176811,39.824227007338735,68400
2023-04-14,39.402652740478516,39.63795264385981,39.26539602182488,39.55951809607769,64100
2023-04-17,39.1673583984375,39.18696703629488,38.99088439768634,39.1673583984375,71100
2023-04-18,39.17715835571289,39.25559290215397,39.098727549236834,39.16735590739027,131700
2023-04-19,39.05950927734375,39.18696354206924,38.990880920945,39.12813763374249,109700
2023-04-20,39.137939453125,39.29480853947647,38.932054387235986,39.167354276798335,74400
2023-04-21,39.17715835571289,39.28500398708686,38.990881917862865,39.02029300279576,1192500
2023-04-24,39.17715835571289,39.28500398708686,39.157549719102626,39.20657318061081,44900
2023-04-25,39.353633880615234,39.451677067491715,39.24578824503369,39.36344006928547,58500
2023-04-26,39.471282958984375,39.65756314875857,39.39285214747308,39.63795451088943,106400
2023-04-27,39.31441879272461,39.373244708122684,39.22618178961018,39.30461634347429,265800
2023-04-28,39.61834716796875,39.66736689426121,39.37324479654109,39.40265588432349,643000
2023-05-01,39.09872817993164,39.55951805782831,39.03990226915192,39.46147861316053,874100
2023-05-02,39.539913177490234,39.539913177490234,39.10853064485443,39.10853064485443,200300
2023-05-03,39.74579620361328,39.824227007338735,39.65755921194409,39.726187567690694,162000
2023-05-04,39.883056640625,40.03011955379925,39.6673653652935,39.69678019190749,462400
2023-05-05,39.71638488769531,39.79481943831339,39.53991462873509,39.59873680173342,98700
2023-05-08,39.53010559082031,39.7359906614059,39.49088831833784,39.69677712888837,61400
2023-05-09,39.392852783203125,39.46148114687002,39.38304659412767,39.46148114687002,85500
2023-05-10,39.75559997558594,39.765406163856255,39.55951734979476,39.608540811216315,170200
2023-05-11,39.62814712524414,39.77521003483891,39.61834467658822,39.75560139756193,41600
2023-05-12,39.27519989013672,39.51049603965304,39.16735426328971,39.51049603965304,159400
2023-05-15,39.22618103027344,39.3438328587921,39.186967494065854,39.23598721929931,169200
2023-05-16,39.11833572387695,39.314414607734,39.059509814740856,39.23598380218418,128900
2023-05-17,39.03990173339844,39.09872764337087,38.941862290076074,39.09872764337087,68900
2023-05-18,38.47126770019531,38.65754414561152,38.41244178797511,38.637935508204784,79800
2023-05-19,38.598716735839844,38.78499691399393,38.46146001928316,38.49087110426959,106900
2023-05-22,38.647735595703125,39.1281378329045,38.21635681900603,38.21635681900603,279700
2023-05-23,38.45166015625,38.500679881178236,38.24577132760696,38.42224532932084,122800
2023-05-24,38.24576950073242,38.461460768072136,38.177141141117986,38.451658319540826,105000
2023-05-25,37.90262985229492,38.16734085723435,37.87321876506787,38.1379297700073,187900
2023-05-26,38.000667572021484,38.079102121007864,37.85360840261974,37.932039211640976,178600
2023-05-30,38.34381103515625,38.59871582561254,38.26537649042204,38.304593762789146,835700
2023-05-31,38.4222412109375,38.52028439025025,38.226162332241756,38.31439932364079,124500
2023-06-01,38.7947998046875,38.843819526878825,38.53008881689627,38.53008881689627,278900
2023-06-02,38.4222412109375,38.75558054067109,38.412438762988664,38.69675837304832,56500
2023-06-05,38.38302993774414,38.44185210882818,38.23596703010386,38.284986752662256,133800
2023-06-06,38.46146011352539,38.47126630185491,38.235966401491886,38.353614481690876,200100
2023-06-07,38.196746826171875,38.549694785463444,38.147727107373555,38.441849160128264,139000
2023-06-08,38.608524322509766,38.61832677120527,38.36342196550545,38.36342196550545,119000
2023-06-09,38.66734313964844,38.71636659876792,38.52028398218451,38.63793205614862,96000
2023-06-12,38.686954498291016,38.794800132000866,38.579108864581166,38.74578040939596,1523700
2023-06-13,38.58891296386719,38.87323257553364,38.31439954016987,38.87323257553364,153700
2023-06-14,38.62813186645508,38.892839113357574,38.5496973192506,38.853625579720386,136900
2023-06-15,38.981075286865234,39.05950983241553,38.76538776653189,38.804605039307035,82000
2023-06-16,38.981075286865234,39.12813818978954,38.96147039044264,39.00068392325281,70300
2023-06-20,38.990882873535156,38.990882873535156,38.745780519846825,38.745780519846825,196500
2023-06-21,39.216373443603516,39.216373443603516,38.843816848699134,38.912445203028255,124700
2023-06-22,38.91244888305664,39.01049206991668,38.81440943616177,38.96147234646924,67400
2023-06-23,38.8536262512207,38.97127433409566,38.75558306552063,38.97127433409566,54500
2023-06-26,39.06931686401367,39.07912305334035,38.88304040642632,38.9614749611781,81400
2023-06-27,39.01049041748047,39.17715821813494,38.8536250651142,39.17715821813494,277700
2023-06-28,38.941864013671875,39.03010101255345,38.79480110221418,38.93205782492659,79100
2023-06-29,38.569305419921875,38.64773622607108,38.490870873807665,38.5987165047322,48300
2023-06-30,38.81440734863281,38.86342706944385,38.628130913564874,38.63793336174109,195500
2023-07-03,38.72616958618164,38.88303493364099,38.59871532263188,38.71636713820007,270200
2023-07-05,38.4810676574707,38.71636755115191,38.29479122411491,38.686952726963675,105100
2023-07-06,38.265377044677734,38.33400540233174,38.039883335248135,38.33400540233174,150100
2023-07-07,38.47126770019531,38.54969850985707,38.2261653425589,38.265378877407194,63400
2023-07-10,38.569305419921875,38.58891405645043,38.29479198845215,38.43204870418701,214800
2023-07-11,38.647735595703125,38.66734423191185,38.49087024599828,38.56930479083317,371800
2023-07-12,39.26539611816406,39.35363311465291,39.0104913171769,39.03009995417054,1506100
2023-07-13,39.87324905395508,39.9026638795379,39.61834425201634,39.65756152615003,263200
2023-07-14,39.657562255859375,39.785016529156486,39.56932525741755,39.77521034046008,731300
2023-07-17,39.735992431640625,39.76540725729539,39.56932462611248,39.61834434891693,51000
2023-07-18,39.9124641418457,40.059527041808956,39.853641973832325,39.902661693831774,128400
2023-07-19,39.83403396606445,39.902662323139005,39.68697106378186,39.843836414232975,1185800
2023-07-20,39.49089050292969,39.696779324869766,39.35363378161308,39.696779324869766,53400
2023-07-21,39.3830451965332,39.4418711090024,39.314416835301735,39.412460022750395,68600
2023-07-24,39.206573486328125,39.422261010792894,39.18696484956496,39.31441537857798,1760900
2023-07-25,39.30461502075195,39.30461502075195,39.108532382655866,39.14774965826814,159600
2023-07-26,39.402652740478516,39.43206756587936,39.20657385095337,39.314415744206165,63800
2023-07-27,38.89283752441406,39.26539412848467,38.86342644039648,39.26539412848467,50400
2023-07-28,39.00068664550781,39.03990392102033,38.922255834448016,38.97127555885604,22300
2023-07-31,38.873233795166016,39.01049051132105,38.873233795166016,38.902644880066376,111200
2023-08-01,38.57910919189453,38.75558318674151,38.50067838305428,38.677152377901265,106800
2023-08-02,38.44184875488281,38.80460289808886,38.43204630721241,38.80460289808886,2280200
2023-08-03,38.31440353393555,38.432051622074084,38.24577143089233,38.294794895918244,84700
2023-08-04,38.66734313964844,38.74577768226774,38.43204699172021,38.58891233699398,389800
2023-08-07,38.50067901611328,38.64773818759374,38.471267929810224,38.64773818759374,340400
2023-08-08,38.598716735839844,38.63793400913176,38.51047974091554,38.58891428749938,45700
2023-08-09,38.559505462646484,38.65754491165775,38.54969927376621,38.62813382494742,50900
2023-08-10,38.38302993774414,38.76538900965077,38.38302993774414,38.67715201305961,62500
2023-08-11,38.10851287841797,38.31440169774998,38.10851287841797,38.18694742672828,55600
2023-08-14,37.91242980957031,38.03008163067644,37.77517309157824,37.89282491268436,219700
2023-08-15,37.76537322998047,37.99086695926543,37.76537322998047,37.941847233762665,52800
2023-08-16,37.68693542480469,37.87321560159057,37.628113255263884,37.8045872438163,234800
2023-08-17,37.64772033691406,37.765368411101804,37.52026607489785,37.75556222327333,74500
2023-08-18,37.79478073120117,37.89282391286937,37.657524016830656,37.706543737682274,79800
2023-08-21,37.62811279296875,37.696741149899864,37.510460975402594,37.62811279296875,93600
2023-08-22,37.6771354675293,37.73596138092433,37.56928982962103,37.618309554134264,244100
2023-08-23,38.05949401855469,38.09871129359894,37.7653719356532,37.814391659475916,168700
2023-08-24,37.814388275146484,37.96145117341793,37.75556236784494,37.85360554668085,364800
2023-08-25,37.745765686035156,37.883022417408085,37.530074399611735,37.71635459787394,349300
2023-08-28,37.745765686035156,37.794785412959,37.667331130984664,37.745765686035156,77000
2023-08-29,38.12812042236328,38.14772905887868,37.608504644582744,37.79478108153152,1149500
2023-08-30,38.12812042236328,38.265377138006066,38.10851178584788,38.206554968424875,80100
2023-08-31,38.10851287841797,38.15753260112936,38.00066724447385,38.04969070715035,88900
2023-09-01,37.76537322998047,38.25557796493873,37.71635350447771,38.245771775858984,155200
2023-09-05,37.294776916503906,37.49085955734088,37.23595100226323,37.49085955734088,2367600
2023-09-06,37.284969329833984,37.43203223994031,37.19673233176322,37.43203223994031,151600
2023-09-07,37.294776916503906,37.33399419266436,37.24575719128599,37.284970727481145,69600
2023-09-08,37.284969329833984,37.50066060066588,37.284969329833984,37.40262115390511,109100
2023-09-11,37.42222213745117,37.46143940803998,37.35359378390315,37.412419689786354,133800
2023-09-12,37.34379196166992,37.412420316367324,37.27516360697252,37.29477224259532,63000
2023-09-13,37.353599548339844,37.4908600165828,37.31438601166435,37.34379709916231,60200
2023-09-14,37.2359504699707,37.392815832404814,37.20653938325345,37.3339936589703,92100
2023-09-15,37.07908248901367,37.19673056753964,37.07908248901367,37.18692811931455,49300
2023-09-18,37.06928253173828,37.098693618354865,36.922219618724874,36.97123934307427,897100
2023-09-19,37.01045608520508,37.10849553249107,36.99084744775484,37.08889063500602,225200
2023-09-20,37.00065231323242,37.314383021286076,37.00065231323242,37.20653738914918,62600
2023-09-21,36.93202209472656,37.03986773235355,36.814374008208596,36.8731999214502,69400
2023-09-22,36.93202209472656,37.02025909460635,36.9124171969446,36.92221964583558,60700
2023-09-25,36.66731643676758,36.755553440501764,36.59868807163714,36.70652997400968,76400
2023-09-26,36.50064468383789,36.71633596736277,36.490842234571026,36.63790141336631,85500
2023-09-27,36.25553894042969,36.52024992559896,36.16730194537327,36.52024992559896,142100
2023-09-28,36.36338424682617,36.40260151982594,36.14769298529242,36.2555386160593,111200
2023-09-29,36.44181823730469,36.6379008794731,36.3535849752925,36.6379008794731,3022800
2023-10-02,36.06926345825195,36.333974450439406,35.981026460856135,36.28495098746885,380900
2023-10-03,35.9320068359375,36.03004628221598,35.82416120105209,35.961417921828016,288300
2023-10-04,36.079063415527344,36.1182806872097,35.89278698498348,36.04965233174802,261200
2023-10-05,36.26534652709961,36.27514897583272,36.05945770405243,36.15750089120946,56600
2023-10-06,36.26534652709961,36.333974888126946,35.99082934302509,36.00063553172338,104800
2023-10-09,36.51044845581055,36.51044845581055,36.19671400056163,36.19671400056163,63400
2023-10-10,36.62809371948242,36.75554798149435,36.39279383115,36.63789616734572,2970400
2023-10-11,36.804569244384766,36.83398032917305,36.69672361354105,36.824177880898624,314600
2023-10-12,36.34377670288086,36.67711605346966,36.314365617229384,36.67711605346966,309400
2023-10-13,36.44181823730469,36.481035513731435,36.37318987354055,36.45162442639404,82100
2023-10-16,36.42221450805664,36.441819406933924,36.294760225561625,36.35358614208982,54000
2023-10-17,36.275150299072266,36.36338730074971,35.981028206802584,36.36338730074971,233300
2023-10-18,36.020240783691406,36.157497492845614,35.98102351251454,36.13788885725718,112100
2023-10-19,36.05945587158203,36.18691013842661,35.98102506580728,36.05945587158203,67300
2023-10-20,36.1476936340332,36.1476936340332,36.05945663818263,36.05945663818263,59000
2023-10-23,36.37318801879883,36.392796656012315,35.97122030583512,36.079065940526746,103700
2023-10-24,36.24573516845703,36.304557336369896,36.17710681258209,36.294754888372715,195900
2023-10-25,35.96141815185547,36.09867487350936,35.93200706577683,36.079066236135205,62900
2023-10-26,36.088871002197266,36.10847963879845,35.94180809767087,35.96141673427206,139000
2023-10-27,36.13789367675781,36.206522040487485,36.09867640035076,36.13789367675781,101500
2023-10-30,36.25553894042969,36.284950025460155,36.09867358699216,36.1378908603428,97600
2023-10-31,36.03004837036133,36.20652237586237,36.00063728276628,36.17711128826732,180200
2023-11-01,36.24573516845703,36.275146252413464,35.88298101315817,35.94180692103593,110200
2023-11-02,36.59868621826172,36.7555515791826,36.539860305429436,36.7555515791826,94800
2023-11-03,37.03986358642578,37.16731784753382,36.96143278418109,37.01045250307963,1953600
2023-11-06,36.93202209472656,37.12810473223334,36.92221964583558,37.000654196824385,378900
2023-11-07,37.00065231323242,37.0986917570123,36.843786959205595,36.97123748812642,42600
2023-11-08,37.15751647949219,37.226144835937355,37.02025602663693,37.098690571125644,79200
2023-11-09,36.824180603027344,37.206539693399925,36.824180603027344,37.08889160558497,124300
2023-11-10,36.882999420166016,36.961433964881046,36.82417725159468,36.941825328702286,82200
2023-11-13,36.94182586669922,36.99084558787753,36.755549430235625,36.755549430235625,77500
2023-11-14,37.79478073120117,37.85360664020209,37.461441393459225,37.461441393459225,71900
2023-11-15,37.56928634643555,37.7947800502623,37.55948389842782,37.745760330293855,111000
2023-11-16,37.71635055541992,37.90262699375151,37.5300703771233,37.549679013784264,1693000
2023-11-17,38.0202751159668,38.03008130429068,37.89282458747658,38.000666479284064,53500
2023-11-20,38.2065544128418,38.23596549720471,37.892823713087566,38.059491511097335,106700
2023-11-21,38.21635818481445,38.50067781005479,38.000666918774876,38.45165808776354,61400
2023-11-22,38.09870910644531,38.206554736643255,37.99086347624738,38.186946100246814,54400
2023-11-24,38.0791015625,38.167338558832924,37.902627569834145,38.10851264795595,33100
2023-11-27,38.34381103515625,38.383028307523354,38.12811977710213,38.26537649042204,148400
2023-11-28,38.598716735839844,38.68695373076414,38.43204893429674,38.4516575709427,92000
2023-11-29,38.78499984741211,38.88303929809187,38.68695665676704,38.79480229649396,87200
2023-11-30,38.34381103515625,38.814407083666666,38.29479131467984,38.39283075563266,193300
2023-12-01,38.74577713012695,38.79479684858305,38.34380945484331,38.441848891755505,124500
2023-12-04,38.569305419921875,38.745779408713844,38.43204870418701,38.48106842552589,108600
2023-12-05,38.70656204223633,38.73597312697567,38.58891396331397,38.73597312697567,175200
2023-12-06,38.88303756713867,38.91244865304025,38.765389483567226,38.80460675807942,47900
2023-12-07,38.990882873535156,39.13794204176909,38.81440887968235,38.81440887968235,158600
2023-12-08,38.65754318237305,39.03990225236409,38.53008891238767,38.61832590853676,60800
2023-12-11,38.598716735839844,38.598716735839844,38.43204893429674,38.530088377561505,12919200
2023-12-12,38.78499984741211,38.81441093462298,38.588917206087274,38.79480229649396,112500
2023-12-13,39.48108673095703,39.53991264096326,38.77519077074244,39.05951039249166,149900
2023-12-14,39.951683044433594,40.19678539439944,39.71638314288175,39.84383741205421,78100
2023-12-15,39.90266418457031,40.17717762567438,39.8340358242943,39.99090118206307,85700
2023-12-18,39.86344909667969,39.98109718646808,39.76540964518359,39.98109718646808,38900
2023-12-19,40.14776611328125,40.275220383853345,40.04972292823921,40.04972292823921,30400
2023-12-20,40.216392517089844,40.41247513767324,40.20658632907997,40.41247513767324,40300
2023-12-21,40.51051712036133,40.54973439493221,40.35365176204296,40.47129984579045,255500
2023-12-22,40.54973602294922,40.69679519854652,40.37326202026022,40.60855819720202,127500
2023-12-26,40.60855484008789,40.66738074944284,40.402669767293034,40.45168948843967,62400
2023-12-27,40.95170211791992,41.108567476271034,40.804639208230995,40.90268239467866,123000
2023-12-28,40.706600189208984,40.99091982294513,40.657580465452966,40.91248527296336,17100
2023-12-29,40.520320892333984,40.67718624129682,40.46149498398607,40.46149498398607,400500
2024-01-02,40.02031326293945,40.216395900016956,39.99090217636566,40.12815890033034,279800
2024-01-03,40.06932830810547,40.08893694351993,39.824225975371824,39.9614826833083,68200
2024-01-04,39.735992431640625,39.883055340019084,39.37324199492958,39.735992431640625,195800
2024-01-05,39.59873580932617,39.94188134973263,39.23598537172174,39.72619008090372,159100
2024-01-08,39.765403747558594,39.91246290299234,39.56932113368215,39.56932113368215,125300
2024-01-09,39.60853958129883,39.706579021167606,39.53010503743189,39.706579021167606,187600
2024-01-10,39.5693244934082,39.71638366132835,39.539913407817195,39.68697257573734,42300
2024-01-11,39.75559997558594,39.75559997558594,39.471280355186984,39.68697161755378,47200
2024-01-12,39.78501510620117,39.97129154515366,39.70658055929588,39.9418804600467,49100
2024-01-16,39.1967658996582,39.441868240506466,39.09872645930487,39.441868240506466,312100
2024-01-17,38.96147155761719,39.06931345103201,38.87323456121227,39.06931345103201,42100
2024-01-18,38.92225646972656,39.010493471087294,38.82421327934503,39.010493471087294,34100
2024-01-19,39.01049041748047,39.06931258713969,38.88303614994381,38.99088178093906,224400
2024-01-22,39.03010177612305,39.18696713942968,39.02029558718592,39.167358501520695,50100
2024-01-23,38.86343002319336,39.00068674788223,38.735975747425734,39.00068674788223,33500
2024-01-24,38.951663970947266,39.23598358693114,38.90264425025193,39.19676631438889,109000
2024-01-25,38.990882873535156,39.206574141569725,38.91244832517164,39.206574141569725,62800
2024-01-26,39.020294189453125,39.04970901524558,38.82421155735233,38.990883103625805,31300
2024-01-29,39.1967658996582,39.20657208767249,38.94186111076058,39.14774617948154,285800
2024-01-30,39.17715835571289,39.265395350476595,39.02029300279576,39.24578671386632,64900
2024-01-31,39.17715835571289,39.51049769815743,39.08892136094919,39.38304343017319,120800
2024-02-01,39.53010559082031,39.559516675199696,39.15754898216667,39.19676625464915,455700
2024-02-02,39.06931686401367,39.1673600574534,38.892842855787585,39.15755386812672,118100
2024-02-05,38.647735595703125,38.7065615043293,38.49087024599828,38.7065615043293,58100
2024-02-06,38.8536262512207,38.863428699808146,38.54969798549817,38.6771522569257,48600
2024-02-07,38.7947998046875,38.86342816374837,38.73597389407887,38.85362571529613,337000
2024-02-08,38.65754318237305,38.75558262699867,38.569306186223955,38.696760456209326,35800
2024-02-09,38.70656204223633,38.74577931519878,38.53008805387029,38.64773613279265,48600
2024-02-12,38.72616958618164,38.81440657787533,38.57910668670385,38.63793259448795,34200
2024-02-13,38.21635818481445,38.43204945085403,38.18694709943272,38.35361490321597,172700
2024-02-14,38.57910919189453,38.598717829095875,38.304595751005955,38.43205002283214,194900
2024-02-15,38.72616958618164,38.89283738162256,38.59871532263188,38.80460412989376,32900
2024-02-16,38.66734313964844,38.72616904661292,38.41243835606539,38.62812960830363,69400
2024-02-20,38.74577713012695,38.94185974391612,38.67714877629546,38.90264247316533,63800
2024-02-21,38.686954498291016,38.81440876903585,38.608523690116186,38.81440876903585,34900
2024-02-22,38.84382247924805,38.84382247924805,38.667348473974116,38.775194114971,78200
2024-02-23,38.91244888305664,38.941863709097234,38.81440943616177,38.91244888305664,83100
2024-02-26,38.82421112060547,38.941862942521524,38.765388949612536,38.941862942521524,35400
2024-02-27,38.7947998046875,38.86342816374837,38.72617144562663,38.86342816374837,42400
2024-02-28,38.755584716796875,38.77519335477236,38.64773907791433,38.64773907791433,27000
2024-02-29,38.755584716796875,38.961473545556856,38.73597607882139,38.76539090576726,83900
2024-03-01,38.88303756713867,38.95166592755245,38.539895765069815,38.8536264812371,48000
2024-03-04,38.91244888305664,39.0497093446607,38.78499835008634,38.92225507172523,49400
2024-03-05,39.12813949584961,39.21637649255646,39.079119773226935,39.17715921847228,38700
2024-03-06,39.34383010864258,39.43206710388112,39.20657339159708,39.31441528358637,40200
2024-03-07,39.59873580932617,39.59873580932617,39.42226181482345,39.45167664055065,141500
2024-03-08,39.706581115722656,40.00070319080906,39.64775520471934,39.8340353862473,126800
2024-03-11,39.59873580932617,39.716383892339614,39.49089017491171,39.63795308365236,55100
2024-03-12,39.46147918701172,39.51049891005846,39.33402491511809,39.363439740918245,40800
2024-03-13,39.45167541503906,39.53010622128997,39.40265195367161,39.47128031162803,29900
2024-03-14,39.09872817993164,39.29481080923229,39.030099820671175,39.25559353537914,20700
2024-03-15,39.03990173339844,39.14774736503206,38.961470926733554,39.08892145505962,51100
2024-03-18,38.941864013671875,39.098729373909656,38.89284054987584,38.96147265119725,50200
2024-03-19,38.873233795166016,39.01049051132105,38.84381897030064,38.941862153243534,31500
2024-03-20,39.1085319519043,39.27520350143804,38.804607419169855,39.27520350143804,42500
2024-03-21,38.97127151489258,39.11833441282151,38.824208616963645,39.06931095353529,48800
2024-03-22,38.951663970947266,39.46147729410164,38.79479862074322,39.46147729410164,31400
2024-03-25,38.91244888305664,39.32422278793847,38.64773788848229,39.32422278793847,26600
2024-03-26,38.951663970947266,39.43206620967743,38.89283806213389,39.43206620967743,28100
2024-03-27,39.03010177612305,39.19676958840154,38.922256137606254,39.19676958840154,102100
2024-03-28,38.8536262512207,39.18696560267069,38.834017614080686,39.18696560267069,42800
2024-04-01,38.46146011352539,38.686953825558895,38.28498612324438,38.2947923115739,218800
2024-04-02,38.559505462646484,38.559505462646484,38.1379290999606,38.520288187055876,150400
2024-04-03,38.66734313964844,38.8242084849222,38.157529832517504,38.618323420493795,311500
2024-04-04,38.88303756713867,38.971274564808546,38.47126740465604,38.93205729029635,76900
2024-04-05,38.71636962890625,38.82421152350078,38.61832644295877,38.64773752876045,47300
2024-04-08,38.7359733581543,38.79479926794905,38.628131466811446,38.79479926794905,25100
2024-04-09,38.902645111083984,39.049708016389125,38.78499703081889,39.049708016389125,28600
2024-04-10,38.31440353393555,38.588916986247234,38.226166532840324,38.588916986247234,41700
2024-04-11,38.226165771484375,38.61832730412386,38.04969177280878,38.61832730412386,44300
2024-04-12,38.06930160522461,38.61832851614391,38.04969296698244,38.61832851614391,87300
2024-04-15,37.91242980957031,37.9614532716804,37.8045879168373,37.85360763898232,112800
2024-04-16,37.62811279296875,37.76536950683097,37.49085607910652,37.73595842242191,38500
2024-04-17,37.853607177734375,37.90262689928209,37.667326999902045,37.88301826267,26600
2024-04-18,37.69674301147461,37.85360836934433,37.56928873946636,37.85360836934433,37000
2024-04-19,37.706546783447266,37.834001059928624,37.706546783447266,37.755566508258475,191700
2024-04-22,37.77517318725586,37.81439046105723,37.67713374271751,37.71635101651888,20900
2024-04-23,37.91242980957031,37.94184463482938,37.716350920990244,37.716350920990244,34900
2024-04-24,37.667327880859375,37.73595998058935,37.5986995210945,37.73595998058935,78000
2024-04-25,37.64772033691406,37.804585682486,37.41242044857373,37.588894429837765,28400
2024-04-26,37.59870147705078,37.83400139417473,37.55948794083454,37.65752739132309,33200
2024-04-29,37.892822265625,37.97125306758512,37.61830510885258,37.794779088218846,56700
2024-04-30,37.52027130126953,37.7359625839624,37.52027130126953,37.63791939184502,67800
2024-05-01,37.6771354675293,38.06930074356569,37.54968119182268,38.06930074356569,350600
2024-05-02,38.04969024658203,38.08890378029742,37.765370622346346,37.765370622346346,24600
2024-05-03,38.334007263183594,38.47126772511965,38.226165367324455,38.38303072671477,36000
2024-05-06,38.34381103515625,38.43204802799976,38.3242023989727,38.43204802799976,29700
2024-05-07,38.31440353393555,38.53989726118662,38.294794895918244,38.490873796160706,35800
2024-05-08,38.16733932495117,38.31440223511302,38.1085134128934,38.157533136292294,251800
2024-05-09,38.24576950073242,38.29479296328425,38.13792760702767,38.13792760702767,51900
2024-05-10,38.14773178100586,38.22616633266434,38.11832069411656,38.186949056835104,18900
2024-05-13,38.2065544128418,38.40263329521448,38.19674822474419,38.353613574621306,52400
2024-05-14,38.226165771484375,38.3438138572797,38.206557133857615,38.206557133857615,31700
2024-05-15,38.74577713012695,38.79479684858305,38.539892068632476,38.56930315171318,38200
2024-05-16,38.62813186645508,38.99088229736318,38.62813186645508,38.75558239571478,39600
2024-05-17,38.520286560058594,38.618326004928925,38.51048037159251,38.559503833992764,37500
2024-05-20,38.4810676574707,38.59871573432884,38.10851105079418,38.52028492974506,17600
2024-05-21,38.44184875488281,38.628128920303425,38.28498341240296,38.55950056671629,60300
2024-05-22,38.28498458862305,38.392830216134655,38.245767316807026,38.383027768163096,40500
2024-05-23,38.21635818481445,38.422243262416735,38.098710103322446,38.422243262416735,45100
2024-05-24,38.334007263183594,38.35361590060303,38.19675054121271,38.27518509089046,40000
2024-05-28,38.265377044677734,38.51047939057491,38.23596595995887,38.51047939057491,28600
2024-05-29,37.814388275146484,38.11831651959052,37.814388275146484,38.08890169595732,41600
2024-05-30,38.010475158691406,38.11832079753178,37.65752715520121,37.65752715520121,36100
2024-05-31,38.1379280090332,38.31440200417767,38.0398848228612,38.2457699038747,43700
2024-06-03,38.47126770019531,38.608524422077274,38.25557642868642,38.324204789627395,441400
2024-06-04,38.58891296386719,38.72616967571585,38.53008705594709,38.53008705594709,66100
2024-06-05,38.57910919189453,38.71636965230395,38.52028702025563,38.71636965230395,16700
2024-06-06,38.569305419921875,38.70656213565674,38.147729084470505,38.147729084470505,21500
2024-06-07,38.16733932495117,38.334007132500446,38.0791023268471,38.334007132500446,41000
2024-06-10,37.90262985229492,38.38303213680692,37.814392850648446,38.38303213680692,21100
2024-06-11,37.971256256103516,38.15753269886998,37.57909473344278,38.15753269886998,50600
2024-06-12,38.31440353393555,38.579110797255936,38.31440353393555,38.500679985152004,35900
2024-06-13,38.23596954345703,38.56930891471655,38.20655845598174,38.56930891471655,14100
2024-06-14,38.304595947265625,38.422244031111354,38.137928140147935,38.37322430783939,41300
2024-06-17,38.265377044677734,38.34381159054803,38.186946238772435,38.33400540233174,25900
2024-06-18,38.34381103515625,38.45165666418331,38.04968897233286,38.14772841328568,26100
2024-06-20,38.196746826171875,38.32420108701934,37.85360505461885,37.85360505461885,28500
2024-06-21,38.2065544128418,38.50067647636577,38.059491511097335,38.50067647636577,98100
2024-06-24,38.255577087402344,38.324205449525024,37.990866087801194,37.990866087801194,56000
2024-06-25,38.226165771484375,38.42224466782151,38.11832013451982,38.42224466782151,72500
2024-06-26,37.892822265625,38.275181307596974,37.833996359181306,38.275181307596974,425100
2024-06-27,37.91242980957031,38.03988407911942,37.90262736112734,38.03988407911942,58300
2024-06-28,37.853607177734375,38.03988361560169,37.80458745618667,38.00066634237751,107100
2024-07-01,37.84380340576172,37.922237957218094,37.66732940495013,37.922237957218094,145100
2024-07-02,37.76537322998047,38.216360688550395,37.46144494791883,37.843804042791824,289900
2024-07-03,38.16733932495117,38.26537877174896,37.67713461103191,37.93203941668526,218700
2024-07-05,38.53009033203125,38.677153244353306,38.01047452443302,38.343813884393164,1657200
2024-07-08,38.46146011352539,38.64773655217088,38.020275137822864,38.64773655217088,34400
2024-07-09,38.226165771484375,38.598718666497106,38.17714230743488,38.598718666497106,124800
2024-07-10,38.40263366699219,38.48106821267255,38.29479177662917,38.422242303412276,18200
2024-07-11,38.69676208496094,38.86342989583258,38.53989672297841,38.53989672297841,90800
2024-07-12,38.941864013671875,38.96147265119725,38.75558382716344,38.8536270147903,291500
2024-07-15,38.83401870727539,39.000686517709596,38.81441006958338,38.88303843152279,40200
2024-07-16,38.91244888305664,39.0497093446607,38.775192161417756,38.82421188486519,545400
2024-07-17,39.09872817993164,39.15755035074628,38.91244799911174,38.91244799911174,27700
2024-07-18,38.902645111083984,39.13794127161417,38.89283892274895,38.902645111083984,17000
2024-07-19,38.77519226074219,38.8830378965819,38.686955262324716,38.74578117459142,27100
2024-07-22,38.647735595703125,38.79479849728608,38.43204807733705,38.44185052545894,58900
2024-07-23,38.86343002319336,38.86343002319336,38.65754493616006,38.70656466069676,33800
2024-07-24,38.608524322509766,39.0301006757544,38.598718133849104,39.0301006757544,56500
2024-07-25,38.88303756713867,38.93205729029635,38.69676112315346,38.8144092067249,15000
2024-07-26,38.902645111083984,39.16735609665422,38.7065624839988,38.902645111083984,23400
2024-07-29,38.89283752441406,38.89283752441406,38.41243903229069,38.70656109236121,10300
2024-07-30,38.981075286865234,38.99088147504151,38.78499640291946,38.863427208504774,13700
2024-07-31,39.137939453125,39.2065715483862,39.05950864991413,39.11833455729593,544300
2024-08-01,39.24578857421875,39.29481203805077,38.98107757737966,39.20657503910441,1113900
2024-08-02,39.667362213134766,39.843836198934305,39.245785884831974,39.245785884831974,87500
2024-08-05,40.02031326293945,40.41247853709445,39.75560226387962,39.75560226387962,47100
2024-08-06,39.79481887817383,40.09874714759303,39.69677943124643,39.69677943124643,36700
2024-08-07,39.62814712524414,39.794818672115895,39.520305230168475,39.794818672115895,30700
2024-08-08,39.72618865966797,39.72618865966797,39.14774697392883,39.14774697392883,21000
2024-08-09,39.75559997558594,39.96148504968241,39.73599133901032,39.75559997558594,59300
2024-08-12,39.75559997558594,39.88305424334495,39.53010626491384,39.53010626491384,53500
2024-08-13,40.157569885253906,40.23600443587246,39.78501698971145,39.99090207513731,31400
2024-08-14,40.12815856933594,40.40267201500099,39.99090184650341,40.02031293283461,512700
2024-08-15,39.89285659790039,40.23600212721979,39.79481715521771,40.17717621763118,29300
2024-08-16,40.06932830810547,40.27521710997497,39.9614826833083,40.27521710997497,37500
2024-08-19,40.294822692871094,40.39286587161608,39.794815571148646,39.89285500992878,495500
2024-08-20,40.53012466430664,40.647772744880456,40.15756804586367,40.15756804586367,32500
2024-08-21,40.80463790893555,40.93209217727656,40.28502212718647,40.80463790893555,70500
2024-08-22,40.39287185668945,40.76542851119299,40.343852130036055,40.54973722595956,43500
2024-08-23,40.82424545288086,40.90267999744208,40.422277761916945,40.56934066298676,19600
2024-08-26,40.794837951660156,40.89287740100754,40.64777503767381,40.64777503767381,34400
2024-08-27,40.69679260253906,40.86346414554255,40.58895070996629,40.86346414554255,16700
2024-08-28,40.667381286621094,40.765424470174416,40.54973320632215,40.54973320632215,24900
2024-08-29,40.451690673828125,40.74581648925692,40.43208577676697,40.74581648925692,25000
2024-08-30,40.255611419677734,40.510516218785156,40.21639414597965,40.38306194924891,36000
2024-09-03,40.26541519165039,40.43208674036324,40.0301190216578,40.05953010791557,1947900
2024-09-04,40.677188873291016,40.71640240809532,40.40267168986988,40.43208651592956,50200
2024-09-05,40.7262077331543,40.834053366500854,40.60855591134074,40.834053366500854,440000
2024-09-06,40.63797378540039,40.99092179738874,40.55953923164059,40.89287860518899,37500
2024-09-09,40.588951110839844,40.84385591211177,40.33404256960282,40.84385591211177,24800
2024-09-10,40.63797378540039,40.72621078839747,40.34385168873189,40.34385168873189,67000
2024-09-11,40.7262077331543,40.85365826350469,40.45169055555441,40.45169055555441,25300
2024-09-12,40.84385299682617,40.96150107055707,40.696790099688926,40.82424436121022,24700
2024-09-13,40.95170211791992,41.17719583680183,40.94189592929258,40.95170211791992,69200
2024-09-16,41.17719650268555,41.255631053112054,41.03013359061844,41.09876195225903,20100
2024-09-17,41.0007209777832,41.26543196566999,40.96150370402996,41.15758633283111,25500
2024-09-18,40.873268127441406,41.38308148404224,40.85365948988385,40.961505126467806,31000
2024-09-19,41.07915496826172,41.118368501518155,40.86346370550869,41.059546331650985,39600
2024-09-20,40.90268325805664,41.04974243088456,40.85365979381544,41.000722706608585,20700
2024-09-23,40.95170211791992,40.981113203871644,40.7948367595688,40.90268239467866,27900
2024-09-24,41.16739273071289,41.294843261111794,40.96150391244333,40.96150391244333,16600
2024-09-25,40.90268325805664,41.236022619084565,40.90268325805664,40.99092025773948,12900
2024-09-26,41.059547424316406,41.157586870014036,41.01052770146759,41.13797823288149,703400
2024-09-27,41.26543426513672,41.37327990398517,41.157588626288266,41.16739481525555,20800
2024-09-30,41.0007209777832,41.304649239423235,41.0007209777832,41.0301320631156,38100
2024-10-01,40.971309661865234,41.451708172761045,40.78502948256824,40.902681303165835,114600
2024-10-02,40.71640396118164,40.9320952406759,40.510518870736384,40.69679532304895,134100
2024-10-03,40.43208694458008,40.6477744781685,40.255612946211684,40.48110666857903,337100
2024-10-04,40.24580764770508,40.41247920094668,39.89285964316078,39.89285964316078,118800
2024-10-07,40.09874725341797,40.137960788313315,39.853644895487456,39.853644895487456,20800
2024-10-08,40.18698501586914,40.23600474039412,39.990902377803955,40.23600474039412,950300
2024-10-09,39.80461883544922,40.18698163044981,39.745796666960615,40.18698163044981,29800
2024-10-10,39.89285659790039,39.902662786147665,39.686971524287756,39.83403442827679,22200
2024-10-11,39.84383773803711,39.971292008252334,39.72618965628118,39.89285746043832,22400
2024-10-14,39.775211334228516,39.92227424862759,39.667365695664564,39.92227424862759,10300
2024-10-15,39.93207550048828,40.18698404580945,39.892858225828846,39.91246686315856,759400
2024-10-16,39.9124641418457,40.137957845815095,39.80461851386797,39.883053057839014,56200
2024-10-17,39.9124641418457,39.9124641418457,39.618342081884094,39.618342081884094,62400
2024-10-18,39.87324905395508,40.09874651024121,39.85364415685335,40.09874651024121,184600
2024-10-21,39.46147918701172,39.83403581410418,39.441870549799994,39.75560126525729,23500
2024-10-22,39.45167541503906,39.62814566409485,39.010490442487054,39.62814566409485,98900
2024-10-23,39.17715835571289,39.265395350476595,39.118336185847106,39.20657318061081,21600
2024-10-24,39.539913177490234,39.539913177490234,39.294810825752656,39.39285027046165,22000
2024-10-25,39.37324142456055,39.5791265013358,39.25559334354112,39.500695693977875,30100
2024-10-28,39.31441879272461,39.549718714351535,39.30461634347429,39.373244708122684,21000
2024-10-29,39.33402633666992,39.33402633666992,39.128141248453744,39.206575800135305,23900
2024-10-30,39.34383010864258,39.520304099119656,39.18696475488129,39.41245846716533,30100
2024-10-31,39.353633880615234,39.48108815357208,39.17715988420273,39.44187087882148,333300
2024-11-01,39.206573486328125,39.58893255329731,39.167356212801785,39.58893255329731,1158000
2024-11-04,39.45167541503906,39.549714857843945,39.2359841529103,39.2359841529103,86300
2024-11-05,39.61834716796875,39.628149617241085,39.343833708758694,39.45167935058132,21500
2024-11-06,38.78499984741211,38.98107874877163,38.68695665676704,38.68695665676704,33400
2024-11-07,39.24578857421875,39.255594762971235,39.020294852459195,39.020294852459195,38400
2024-11-08,39.14775085449219,39.177161942117465,38.92225712277919,39.11833976686691,19000
2024-11-11,39.05950927734375,39.05950927734375,38.82420938400168,38.95166364872717,35900
2024-11-12,38.7359733581543,39.02029297888142,38.53989447210182,38.79479926794905,62800
2024-11-13,38.51047897338867,38.68695295972008,38.34381117516732,38.68695295972008,83800
2024-11-14,38.353614807128906,38.59871715793616,38.353614807128906,38.59871715793616,44400
2024-11-15,38.50067901611328,38.59871846376692,38.079102659265274,38.22616557071093,19000
2024-11-18,38.74577713012695,38.88303383778993,38.22616138255572,38.73597094245686,31400
2024-11-19,38.77519226074219,38.80460708685813,38.58891581517871,38.76538981201366,77900
2024-11-20,38.559505462646484,38.61832763606714,38.33400799798313,38.61832763606714,50200
2024-11-21,38.47126770019531,38.686955231739034,38.33400723834818,38.61832687079805,26200
2024-11-22,38.43204879760742,38.5300882405235,38.255574808386484,38.32420316642074,34100
2024-11-25,38.84382247924805,38.94186567104765,38.637937386416915,38.75558547661108,81500
2024-11-26,38.65754318237305,38.97127389313314,38.47126674159833,38.97127389313314,83300
2024-11-27,39.06931686401367,39.245790872239766,38.80460959163996,38.80460959163996,76600
2024-11-29,39.36343765258789,39.42225982113725,39.2163747512846,39.255592023627464,21100
2024-12-02,39.235984802246094,39.34383043509526,38.814408459271185,39.118336720940206,615600
2024-12-03,39.18696594238281,39.38304483555252,39.13794247912523,39.17715975374524,46900
2024-12-04,39.1967658996582,39.41245715639345,39.05950918717757,39.09872645930487,95300
2024-12-05,39.353633880615234,39.47128196490185,39.14774879812237,39.34383143191017,1004500
2024-12-06,39.24578857421875,39.52030575981033,39.24578857421875,39.52030575981033,13800
2024-12-09,39.2948112487793,39.608541963183654,39.26539642307787,39.48108769171778,38800
2024-12-10,39.26539611816406,39.33402447765926,39.069313488192726,39.27520230664343,22600
2024-12-11,39.06931686401367,39.52030807390558,38.863431767738376,39.52030807390558,997700
2024-12-12,38.77519226074219,39.069314342145375,38.63793553875171,38.96147244627084,27700
2024-12-13,38.66734313964844,38.85362330838686,38.64773450399361,38.81440603707721,16600
2024-12-16,38.78499984741211,38.78499984741211,38.50068020448936,38.50068020448936,45100
2024-12-17,38.67715072631836,38.7751901681735,38.530087823570675,38.530087823570675,44300
2024-12-18,38.13184356689453,38.7136329278517,38.01351461123146,38.634748211279536,28700
2024-12-19,37.96421432495117,38.21073519719111,37.895188781652784,38.21073519719111,34200
2024-12-20,38.24031448364258,38.34878426357155,37.79657994627463,37.79657994627463,49500
2024-12-23,38.05295944213867,38.33892453758076,37.9149083647831,38.33892453758076,270400
2024-12-24,38.01351547241211,38.17128867074039,37.9444899332441,38.023378413213116,49400
2024-12-26,38.07268142700195,38.12198484565274,37.88532316987535,38.043100128133425,143300
2024-12-27,37.88532257080078,38.062817884424696,37.85574127240002,37.98393316815277,63800
2024-12-30,37.95435333251953,38.11212653275365,37.89518697182805,38.00365675229085,78800
2024-12-31,37.88532257080078,38.15156554123665,37.7176901977169,38.15156554123665,224600
2025-01-02,37.65852737426758,38.21073548644484,37.49089498544824,38.21073548644484,174100
2025-01-03,37.54019546508789,37.78671631986867,37.52047334531226,37.757135021010086,100600
2025-01-06,37.757137298583984,37.905047563408814,37.60922327214921,37.60922327214921,218000
2025-01-07,37.52047348022461,37.82616069543143,37.52047348022461,37.52047348022461,53300
2025-01-08,37.41200637817383,37.69797149399087,37.3331216547543,37.69797149399087,213300
2025-01-10,36.95840835571289,37.254232647204454,36.938686234732124,37.02743389834059,143300
2025-01-13,36.869659423828125,36.938684964081425,36.780911763272485,36.79077470422857,71700
2025-01-14,37.00770950317383,37.13590140086621,36.91896184501906,36.96826902524594,52000
2025-01-15,37.362701416015625,37.48103037707325,37.08659925301121,37.08659925301121,181500
2025-01-16,37.44158935546875,37.60922173440482,37.234508974605056,37.293675335081794,177000
2025-01-17,37.3331184387207,37.62894270887787,37.23450784092852,37.4317252749032,214300
2025-01-21,38.01351547241211,38.06281889158787,37.61908435739629,37.61908435739629,244300
2025-01-22,37.97407150268555,38.05295998321601,37.84588336423823,37.97407150268555,46800
2025-01-23,37.92477035522461,38.003658840481265,37.72755290369298,37.72755290369298,22200
2025-01-24,38.171287536621094,38.23045389483995,37.95435174637126,37.95435174637126,43500
2025-01-27,38.112125396728516,38.30933906993537,38.112125396728516,38.289620711902444,30000
2025-01-28,38.0431022644043,38.05296144404419,37.76699633355794,37.76699633355794,19700
2025-01-29,37.8261604309082,38.0332370454342,37.79657913215012,37.88532302842437,43700
2025-01-30,37.99379348754883,38.22059222585175,37.944490068197716,38.03323772767363,32900
2025-01-31,38.05295944213867,38.26989899890298,37.93463048463529,38.072681561990855,17900
2025-02-03,37.95435333251953,38.07268229229267,37.64866611136163,37.717691651363445,112000
2025-02-04,38.26003646850586,38.319202828696966,38.04310067102468,38.072681970315344,19500
2025-02-05,38.44739532470703,38.70377536629262,38.31920342310932,38.45725450408693,1240700
2025-02-06,38.5361442565918,38.5361442565918,38.04310251591858,38.04310251591858,149500
2025-02-07,38.2205924987793,38.36850651949863,38.18115201998263,38.32906227909217,18600
2025-02-10,38.21073532104492,38.378367709138644,38.11212847647332,38.378367709138644,57800
2025-02-11,38.2304573059082,38.2304573059082,37.993795613526565,37.993795613526565,28400
2025-02-12,38.13184356689453,38.13184356689453,37.84588223750958,37.91490777511384,49100
2025-02-13,38.575584411621094,38.575584411621094,38.210734579851355,38.210734579851355,30600
2025-02-14,38.684051513671875,38.72349575264485,38.378364304045796,38.6446072746989,92800
2025-02-18,38.417808532714844,38.47697489115844,38.23045404005795,38.279757457956116,73400
2025-02-19,38.2205924987793,38.28962180029551,38.052960119466526,38.20087414018587,25900
2025-02-20,38.56572341918945,38.585445539116165,38.28962126343505,38.33892468244695,39500
2025-02-21,38.615028381347656,38.615028381347656,38.2896227935774,38.2896227935774,62800
2025-02-24,38.42767333984375,38.59530572116201,38.39808827838005,38.39808827838005,42100
2025-02-25,38.7136344909668,38.83196721301739,38.43753232940173,38.43753232940173,45500
2025-02-26,38.79252243041992,38.79252243041992,38.58544581213889,38.76294113112542,29000
2025-02-27,38.368507385253906,38.5953061302939,38.358648205734724,38.5953061302939,135700
2025-02-28,38.3192024230957,38.447394321348,38.250176884408255,38.447394321348,380600
2025-03-03,38.54600143432617,38.595304853510825,38.260036336801534,38.260036336801534,59300
2025-03-04,38.605167388916016,38.80238106358365,38.46711255039506,38.5953044482168,62800
2025-03-05,38.950294494628906,38.950294494628906,38.63474810598094,38.83196553928833,33100
2025-03-06,38.861549377441406,38.91085279858797,38.60516933051334,38.78266465592889,48700
2025-03-07,38.87140655517578,39.147512470275096,38.69391500051084,39.12779035051017,97200
2025-03-10,38.88127136230469,39.02918538683722,38.733357337772155,38.78266452035626,31600
2025-03-11,39.078487396240234,39.127790815433535,38.861547837858,38.970017617049116,51000
2025-03-12,39.009464263916016,39.04890474473826,38.79252469214869,38.87140941540317,42700
2025-03-13,38.92071533203125,39.03904429386531,38.693916587845194,38.693916587845194,50800
2025-03-14,38.87140655517578,38.89112867494071,38.526278863313784,38.81224395749071,1128500
2025-03-17,39.088348388671875,39.26584371528925,38.9108530620545,39.26584371528925,53100
2025-03-18,39.23625946044922,39.2559815798784,38.86154671451413,38.86154671451413,62900
2025-03-19,39.22639846801758,39.24612058842621,38.85168946508309,39.0784882073676,157900
2025-03-20,39.01932144165039,39.03904356185458,38.841826121422535,38.841826121422535,38100
2025-03-21,38.94043731689453,39.21653948074838,38.86154883487351,38.86154883487351,166600
2025-03-24,39.05876541137695,39.05876541137695,38.73335607267774,39.029184112080586,30600
2025-03-25,38.822105407714844,38.98974155471884,38.526281117154184,38.98974155471884,88200
2025-03-26,38.615028381347656,38.80238288572387,38.565724960365486,38.703776043759525,52900
2025-03-27,38.684051513671875,38.92071318590008,38.55585961781453,38.55585961781453,73100
2025-03-28,38.94043731689453,39.09821051932671,38.60516879152491,38.94043731689453,74100
2025-03-31,38.87140655517578,39.43347756445202,38.841825256333244,39.43347756445202,56500
2025-04-01,38.97987747192383,39.226398333773304,38.86154851148683,39.078488073629515,640200
2025-04-02,39.13764953613281,39.226397194284985,39.01932057913316,39.13764953613281,43500
2025-04-03,39.96596145629883,40.26178950378077,39.8673546148781,40.04484993872331,2585700
2025-04-04,39.689857482910156,40.38011662623923,39.67999830386118,40.38011662623923,456900
2025-04-07,39.29542541503906,39.95610330673968,39.275707055534546,39.95610330673968,253600
2025-04-08,39.37431335449219,39.51236443877281,38.93057503958309,39.04890400302221,423100
2025-04-09,39.36444854736328,39.77860554218375,39.177094050664586,39.49264044595173,353700
2025-04-10,40.10401153564453,40.370254514751714,39.63069193776836,39.965960456465204,455800
2025-04-11,40.675941467285156,40.98162868461275,40.42942060990767,40.823855486355555,498700
2025-04-14,40.95204544067383,41.04079310373141,40.62663985053597,40.98163050276631,886400
2025-04-15,40.69566345214844,41.08023538652287,40.577334494250856,41.08023538652287,189700
2025-04-16,41.15912628173828,41.24787394577232,40.96190883259487,41.01121225447823,620400
2025-04-17,41.18870544433594,41.37605994241065,41.080235664857504,41.27745310376286,511400
2025-04-21,41.59299850463867,42.47061213704622,41.4648066081807,42.47061213704622,2902000
2025-04-22,41.3661994934082,41.859241194732235,41.356336552880315,41.809937776921764,1142500
2025-04-23,40.97176742553711,41.48453128132228,40.85343846238974,41.307035955796266,715500
2025-04-24,41.395782470703125,41.474670951687166,41.16898373028872,41.16898373028872,490000
2025-04-25,41.2281494140625,41.47467027067505,41.090094574607285,41.47467027067505,225700
2025-04-28,41.45494842529297,41.51411102384155,41.070376488288076,41.277453106427664,254400
2025-04-29,41.33661651611328,41.49439347963158,41.25773179596398,41.49439347963158,369900
2025-04-30,41.33661651611328,41.41550499787243,41.11968071449532,41.36620157757789,281100
2025-05-01,41.02106857299805,41.425362622818106,40.93232091515414,41.425362622818106,954700
2025-05-02,41.050655364990234,41.45494943186461,40.93232264180027,40.97176688286359,512200
2025-05-05,41.08023452758789,41.35633667744588,40.883017094142325,41.35633667744588,296400
2025-05-06,41.316898345947266,41.36620176646694,40.961907699629805,41.16898432277837,3246200
2025-05-07,41.20842742919922,41.45494828661973,41.15912401003707,41.25773084836137,668400
2025-05-08,40.636497497558594,41.228149816165015,40.587194078077175,40.92246259680454,410600
2025-05-09,40.804134368896484,41.04079229129189,40.64636116676292,40.64636116676292,424700
2025-05-12,39.90679931640625,40.25192702696964,39.81805165345996,40.12373512235613,1428100
2025-05-13,40.27164840698242,40.30122970688371,39.89693564125672,39.89693564125672,527100
2025-05-14,40.11387634277344,40.488589119128974,40.09415422174315,40.35053427191696,208000
2025-05-15,40.36039733886719,40.42942288188307,40.17304283091122,40.34067521777551,218000
2025-05-16,40.340675354003906,40.64636258954222,40.251927689596656,40.261790630980784,324200
2025-05-19,40.70552444458008,40.81399422815551,40.33081543427759,40.340674613870846,412500
2025-05-20,40.66608428955078,40.76469113271098,40.42942259971238,40.685802648894864,204000
2025-05-21,40.62664031982422,40.873161190986245,40.62664031982422,40.823857769075836,614800
2025-05-22,40.636497497558594,40.66608255853528,40.43928005802312,40.62663831830623,537800
2025-05-23,41.09009552001953,41.16898400152332,40.80413417859291,40.833715478351905,324000
2025-05-27,41.129539489746094,41.22815009097602,41.02106970919807,41.02106970919807,257100
2025-05-28,40.902740478515625,41.14926133754352,40.86329623828481,41.14926133754352,1116700
2025-05-29,41.21828842163086,41.34648032637958,40.90274201118011,40.90274201118011,112100
2025-05-30,41.1788444519043,41.30703635749971,40.92246440232342,41.27745505682767,127400
2025-06-02,41.51411056518555,41.563417745577645,41.139401573151794,41.37605948795104,1843800
2025-06-03,41.21828842163086,41.395783747710645,41.19856630077644,41.31689902590292,324300
2025-06-04,41.51411056518555,41.58313610380281,41.297174770221204,41.356337368116144,1867000
2025-06-05,41.43522644042969,41.66202517936203,41.385923020941746,41.474670680663955,166600
2025-06-06,41.33661651611328,41.38592369801768,41.15912495537489,41.198565434644614,365400
2025-06-09,41.34647750854492,41.40564386707587,41.17884137351207,41.336614567984924,288700
2025-06-10,41.45494842529297,41.49439266539854,41.30703440570196,41.415504185187395,262200
2025-06-11,41.57327651977539,41.69160547602251,41.50425098183043,41.60285781843475,385400
2025-06-12,41.99729537963867,42.066320922007414,41.849381353642826,41.849381353642826,1167700
2025-06-13,41.70146942138672,41.829657559738905,41.58313670067884,41.829657559738905,486300
2025-06-16,41.7606315612793,42.02687453753195,41.71132814233097,41.898686400588254,235200
2025-06-17,41.58313751220703,41.80007707612877,41.47467149185603,41.62258175321278,120700
2025-06-18,41.58313751220703,41.84938049658102,41.47467149185603,41.63244469426915,252900
2025-06-20,41.59299850463867,41.79021593881794,41.484528727759596,41.79021593881794,329400
2025-06-23,41.80007553100586,41.829656829861776,41.316896762180505,41.415503599440044,105300
2025-06-24,42.02687454223633,42.10576302185028,41.78035368585736,41.947989824232124,438200
2025-06-25,42.125484466552734,42.1945100043037,41.78035301618821,42.1945100043037,196800
2025-06-26,42.3522834777832,42.431168195041536,42.23395452109084,42.31283923834918,348100
2025-06-27,42.24381637573242,42.431170882495906,42.14520953251163,42.431170882495906,113000
2025-06-30,42.50019454956055,42.51991666965637,42.27339581087328,42.3029808718219,193300
2025-07-01,42.58894348144531,42.72699832624017,42.095901749150514,42.095901749150514,520500
2025-07-02,42.47061538696289,42.5988072932303,42.19451321494997,42.5988072932303,303000
2025-07-03,42.43117141723633,42.470615659665725,42.30298327175579,42.470615659665725,267400
2025-07-07,42.17478942871094,42.63824985195705,42.03673834815503,42.45089158982275,483100
2025-07-08,41.96771240234375,42.135344780939,41.721191543273235,42.02687500109041,393400
2025-07-09,42.07617950439453,42.10576456613971,41.908547121481355,42.10576456613971,119800
2025-07-10,42.00715255737305,42.01701549816137,41.82965723928081,42.01701549816137,3115700
2025-07-11,41.74091339111328,42.007152606956126,41.681747031142784,41.93812706779543,196700
2025-07-14,41.65216827392578,41.73105299709089,41.593001910344455,41.71133087589712,290100
2025-07-15,41.38592529296875,42.04659942591871,41.346481050569054,41.78035643213574,635700
2025-07-16,41.59299850463867,41.75077169966014,41.28731129358033,41.494391668353884,522900
2025-07-17,41.46480941772461,41.50425365955503,41.34648045384327,41.41550599624155,263600
2025-07-18,41.52397537231445,42.04659840579573,41.44508688942903,41.662026455754045,635900
2025-07-21,41.908546447753906,42.06631964862223,41.66202558629653,41.6817477066063,238800
2025-07-22,42.17478942871094,42.214233669329715,41.84938008602074,41.97757198722686,100400
2025-07-23,42.10576248168945,42.2536727366535,41.97757058476619,42.11562166070984,186700
2025-07-24,41.98743438720703,42.27339572398421,41.938127206263935,42.115622525151714,146100
2025-07-25,41.8592414855957,41.8592414855957,41.41550319899878,41.66202405137378,1334100
2025-07-28,41.47467041015625,41.71132832679873,41.42536322938012,41.71132832679873,177200
2025-07-29,41.395782470703125,41.553555671061396,41.25773139059086,41.553555671061396,310600
2025-07-30,40.98162841796875,41.26758975184263,40.8435735789834,41.159123735054465,163100
2025-07-31,40.86329650878906,41.06051394963887,40.82385602990695,40.922462869526946,2956100
2025-08-01,41.53383255004883,41.721190807066584,41.139401439461956,41.1492606185425,269200
2025-08-04,41.563419342041016,41.73105172466181,41.50425298026374,41.54369722144859,172800
2025-08-05,41.58313751220703,41.70147023522427,41.12954002547055,41.18870638697916,200200
2025-08-06,41.809940338134766,41.85924375896549,41.642304193378436,41.73105185551769,139400
2025-08-07,41.83951950073242,42.28325778875815,41.73104972348061,41.987433517277566,187400
2025-08-08,41.72119140625,41.92826802440279,41.66202504608787,41.92826802440279,180900
2025-08-11,41.60285949707031,41.70147009926317,41.56341901780302,41.632444558533095,96700
2025-08-12,41.6718864440918,41.74091574876124,41.415506392958065,41.44508769380927,180400
2025-08-13,41.96771240234375,42.007152880971596,41.77049496276538,41.9085460419873,229800
2025-08-14,41.69160842895508,41.95785142057583,41.62258288612118,41.82965951462288,93300
2025-08-15,41.662025451660156,41.77049523220844,41.632444152096014,41.70146969215223,83000
2025-08-18,41.59299850463867,41.671883221344565,41.514110026323095,41.54369508649628,87300
2025-08-19,41.53383255004883,41.652165268673635,41.48452913142668,41.652165268673635,75100
2025-08-20,41.58313751220703,41.652166814772016,41.42536430979391,41.533834091754784,82200
2025-08-21,41.28731155395508,41.612720886644475,41.24787107615825,41.612720886644475,287100
2025-08-22,41.790218353271484,41.88882519525334,41.34648004113333,41.47467194499767,92000
2025-08-25,41.43522644042969,41.7902170793185,41.385923020941746,41.7902170793185,219500
2025-08-26,41.563419342041016,41.681748303985685,41.46480873907889,41.681748303985685,148500
2025-08-27,41.59299850463867,41.62257980320217,41.336614711722724,41.59299850463867,210400
2025-08-28,41.83951950073242,42.02687399496119,41.70146842481546,41.750771843127275,309200
2025-08-29,41.81979751586914,41.93812647252081,41.65216514074676,41.65216514074676,382000
2025-09-02,41.42536544799805,41.514113111894474,41.24787388181515,41.31689942466683,321100
2025-09-03,41.51411056518555,41.652165404029795,41.41550372762082,41.51411056518555,169900
2025-09-04,41.50425338745117,41.70147083370039,41.47467208707726,41.70147083370039,271100
2025-09-05,42.02687454223633,42.20436985975797,41.91840476357202,42.20436985975797,190800
2025-09-08,42.17478942871094,42.20437072837011,42.046597527504815,42.12548600874237,211800
2025-09-09,42.01701736450195,42.184649749251875,41.97757312281612,42.11562420710662,90800
2025-09-10,42.056461334228516,42.23395665905708,42.02687627235049,42.15506817619554,205300
2025-09-11,42.23395538330078,42.28325880279499,42.10576348332801,42.23395538330078,250200
2025-09-12,42.06631851196289,42.24381382834495,41.95784873399499,42.24381382834495,317400
2025-09-15,42.2635383605957,42.27339754024205,42.135346455533536,42.20437199788779,436600
2025-09-16,42.49033737182617,42.54950373490067,42.283260743480376,42.352286286262306,155800
2025-09-17,42.42131042480469,42.78616024766185,42.35228488430766,42.68755340741175,169700
2025-09-18,42.08604049682617,42.21423239415999,41.95784859949235,42.125484736253455,194100
2025-09-19,41.95785140991211,42.105765436867145,41.90854798813042,42.105765436867145,86000
2025-09-22,42.056461334228516,42.095901814049384,41.928269430383466,42.076179693334,103600
2025-09-23,42.125484466552734,42.15506576512895,42.02687386861586,42.14520658614011,385400
2025-09-24,41.82965850830078,42.04659807290826,41.68174824647649,42.04659807290826,270100
2025-09-25,41.563419342041016,41.80994020703151,41.474671680180045,41.770495965846656,143000
2025-09-26,41.75077438354492,41.9282697095553,41.622582478846326,41.68174884138643,185600
2025-09-29,41.96771240234375,41.97757158159826,41.878964742613974,41.878964742613974,2910200
2025-09-30,42.00715255737305,42.076178096452274,41.908545719148364,41.97757125822759,473500
2025-10-01,42.04659652709961,42.17478842525569,41.938126748783674,41.99729310830411,1165200
2025-10-02,42.01701736450195,42.17479056963538,41.85924415936853,41.85924415936853,101800
2025-10-03,41.99729537963867,42.164927764931356,41.99729537963867,42.164927764931356,680900
2025-10-06,41.790218353271484,42.0268762786719,41.770496232553135,42.0268762786719,76300
2025-10-07,41.61272048950195,41.80993792304275,41.583135429424544,41.80993792304275,107600
2025-10-08,41.59299850463867,41.70146828151775,41.454947429196096,41.57327638505978,107300
2025-10-09,41.38592529296875,41.77049725234081,41.28731468696951,41.701471708946336,230700
2025-10-10,41.6718864440918,41.750774928508314,41.45495063516633,41.51411323686874,108400
2025-10-13,41.59299850463867,41.77049381923904,41.32675553273812,41.72119040109664,82600
2025-10-14,41.78035354614258,41.83951990565519,41.52397351147408,41.70146882840217,260000
2025-10-15,41.99729537963867,42.04659880110064,41.74091533107047,41.74091533107047,194700
2025-10-16,42.19451141357422,42.2635369536306,41.938127611984974,41.938127611984974,252000
2025-10-17,42.036739349365234,42.21423467476742,42.01701722858611,42.15506831243005,338600
2025-10-20,42.02687454223633,42.135344320900636,42.007152422332844,42.10576302185028,88200
2025-10-21,41.93812942504883,42.105765573582836,41.92827024530446,42.105765573582836,218000
2025-10-22,42.02687454223633,42.05645960289643,41.89868640527828,41.89868640527828,113000
2025-10-23,41.91840744018555,42.056462288325164,41.86910401808353,42.056462288325164,187700
2025-10-24,41.91840744018555,42.07618064787798,41.829659775757925,42.07618064787798,119800
2025-10-27,42.00715255737305,42.04659679730682,41.918404898326926,41.96771207904903,94600
2025-10-28,42.06631851196289,42.105762751516615,41.96771167468829,42.095899810823326,81100
2025-10-29,41.8592414855957,42.184647054693656,41.711327469526836,42.15506575612376,235200
2025-10-30,41.73105239868164,41.85924430379796,41.59300131391481,41.85924430379796,113000
2025-10-31,41.58313751220703,41.80007707612877,41.533834091754784,41.80007707612877,129400
2025-11-03,41.46480941772461,41.642304744351584,41.35633963349591,41.62258262343637,997800
2025-11-04,41.33661651611328,41.53383395890131,41.277453916403765,41.514111838461524,187800
2025-11-05,41.316898345947266,41.45494942804631,41.21828774329804,41.45494942804631,108200
2025-11-06,41.51411056518555,41.67188376225495,41.30703394933378,41.67188376225495,84500
2025-11-07,41.543697357177734,41.642304198852145,41.49439393634053,41.6127228986718,277400
2025-11-10,41.563419342041016,41.79021808643908,41.43522743899519,41.61272276271714,188200
2025-11-11,41.68174743652344,41.79021721671941,41.652166137055374,41.652166137055374,85900
2025-11-12,41.72119140625,41.76063188474831,41.573277386649565,41.69160634536404,190200
2025-11-13,41.70146942138672,41.819798380484805,41.55355540130677,41.55355540130677,92000
2025-11-14,41.59299850463867,41.642301922781066,41.514110026323095,41.57327638505978,71600
2025-11-17,41.45494842529297,41.59299950405269,41.385922885913104,41.59299950405269,135000
2025-11-18,41.3661994934082,41.721190120219056,41.326755254515966,41.55355398573186,288000
2025-11-19,41.08023452758789,41.62257964835594,40.99148687061787,41.435225155467975,169900
2025-11-20,41.04079055786133,41.37605906843571,41.04079055786133,41.09995691676611,126000
2025-11-21,41.1788444519043,41.19856657288897,41.04079336662152,41.109818909262906,77400
2025-11-24,41.19856643676758,41.36620258377847,41.12954089435425,41.24787361987133,496800
2025-11-25,41.42536544799805,41.494394752459684,41.228151760770395,41.307036483339466,549400
2025-11-26,41.543697357177734,41.6127228986718,41.28731355024845,41.49439393634053,129100
2025-11-28,41.51411056518555,41.662024583142376,41.48452926623808,41.62258034347259,157900
2025-12-01,41.376060485839844,41.57327792733543,41.34647918617894,41.42536390581128,383100
2025-12-02,41.49439239501953,41.50425157417679,41.27745283746225,41.3168970773108,72600
2025-12-03,41.61272048950195,41.711327325467515,41.41550305596115,41.56341707151917,151200
2025-12-04,41.51411056518555,41.681746702977264,41.46480714640318,41.57327692469023,77500
2025-12-05,41.45494842529297,41.62258080332698,41.415504185187395,41.553555263947125,88200
2025-12-08,41.297176361083984,41.46480874372355,41.18870657861844,41.43522744363654,65600
2025-12-09,41.23801040649414,41.3366172488311,41.178844044126016,41.30703594845199,180000
2025-12-10,41.51411056518555,41.55355480485533,41.12953863242949,41.12953863242949,73700
2025-12-11,41.632442474365234,41.809937787816914,41.592998235462716,41.592998235462716,541100
2025-12-12,41.563419342041016,41.69160748347696,41.48453085967132,41.52397510085616,174900
2025-12-15,41.65216827392578,41.750775118284665,41.5535576679569,41.563420609358786,186800
2025-12-16,41.69160842895508,41.819800334908024,41.593001585366636,41.701471370279904,219500
2025-12-17,41.563419342041016,41.76063302474551,41.54369722144859,41.602859821615986,130500
2025-12-18,41.59299850463867,41.681746161938854,41.47466954877499,41.612720624217566,162800
2025-12-19,41.369998931884766,41.81999969482422,41.33000183105469,41.560001373291016,90400
2025-12-22,41.540000915527344,41.689998626708984,41.459999084472656,41.459999084472656,176400
2025-12-23,41.810001373291016,41.849998474121094,41.36000061035156,41.599998474121094,241700
2025-12-24,41.83000183105469,42.25,41.61000061035156,41.93000030517578,200500
2025-12-26,41.869998931884766,42.20000076293945,41.7599983215332,42.02000045776367,126700
2025-12-29,41.88999938964844,41.9900016784668,41.77000045776367,41.959999084472656,175400
2025-12-30,41.77000045776367,41.970001220703125,41.720001220703125,41.970001220703125,132700
2025-12-31,41.65999984741211,41.75,41.61000061035156,41.650001525878906,240600
2026-01-02,41.599998474121094,41.7400016784668,41.529998779296875,41.630001068115234,155500
2026-01-05,41.72999954223633,41.79999923706055,41.5099983215332,41.650001525878906,415600
2026-01-06,41.689998626708984,41.790000915527344,41.54999923706055,41.790000915527344,207200
2026-01-07,41.70000076293945,41.810001373291016,41.63999938964844,41.810001373291016,420100
2026-01-08,41.56999969482422,41.70000076293945,41.529998779296875,41.70000076293945,136000
2026-01-09,41.54999923706055,41.63999938964844,41.45000076293945,41.63999938964844,409100
2026-01-12,41.689998626708984,41.77000045776367,41.65999984741211,41.709999084472656,312500
2026-01-13,41.540000915527344,41.7400016784668,41.52000045776367,41.720001220703125,152200
2026-01-14,41.650001525878906,41.75,41.529998779296875,41.61000061035156,698200
2026-01-15,41.52000045776367,41.63999938964844,41.47999954223633,41.630001068115234,169000
2026-01-16,41.5099983215332,41.689998626708984,41.45000076293945,41.689998626708984,385300
2026-01-20,41.63999938964844,41.7400016784668,41.529998779296875,41.650001525878906,272300
2026-01-21,41.630001068115234,41.79999923706055,41.599998474121094,41.75,398100
2026-01-22,41.86000061035156,41.91999816894531,41.689998626708984,41.720001220703125,180000
2026-01-23,42.13999938964844,42.150001525878906,41.7599983215332,41.84000015258789,760400
2026-01-26,42.40999984741211,42.529998779296875,42.290000915527344,42.34000015258789,464900
2026-01-27,42.90999984741211,42.97999954223633,42.5099983215332,42.61000061035156,243200
2026-01-28,42.72999954223633,42.91999816894531,42.52000045776367,42.790000915527344,466600
2026-01-29,42.84000015258789,42.91999816894531,42.619998931884766,42.79999923706055,494100
2026-01-30,42.40999984741211,42.72999954223633,42.40999984741211,42.720001220703125,189800
2026-02-02,42.220001220703125,42.400001525878906,42.13999938964844,42.400001525878906,210200
2026-02-03,42.380001068115234,42.400001525878906,42.209999084472656,42.25,800000
2026-02-04,42.27000045776367,42.4900016784668,42.18000030517578,42.4900016784668,229500
2026-02-05,42.18000030517578,42.459999084472656,42.15999984741211,42.45000076293945,150500
2026-02-06,42.36000061035156,42.40999984741211,42.290000915527344,42.29999923706055,135500
2026-02-09,42.70000076293945,42.7400016784668,42.459999084472656,42.5,278300
2026-02-10,42.790000915527344,42.970001220703125,42.75,42.88999938964844,242600
2026-02-11,42.86000061035156,42.939998626708984,42.72999954223633,42.7400016784668,446700
2026-02-12,42.880001068115234,43.0,42.77000045776367,42.93000030517578,198100
2026-02-13,42.939998626708984,43.119998931884766,42.849998474121094,42.95000076293945,135200
2026-02-17,42.970001220703125,43.099998474121094,42.75,43.0,341600
2026-02-18,42.66999816894531,42.849998474121094,42.63999938964844,42.810001373291016,155500
2026-02-19,42.66999816894531,42.70000076293945,42.34000015258789,42.34000015258789,1525800
2026-02-20,42.77000045776367,42.790000915527344,42.61000061035156,42.68000030517578,1362800
2026-02-23,42.81999969482422,42.900001525878906,42.7599983215332,42.779998779296875,199000
2026-02-24,42.7400016784668,42.93000030517578,42.63999938964844,42.79999923706055,254700
2026-02-25,42.810001373291016,42.90999984741211,42.689998626708984,42.849998474121094,230200
2026-02-26,42.86000061035156,43.029998779296875,42.709999084472656,42.9900016784668,275300
2026-02-27,42.9900016784668,43.08000183105469,42.70000076293945,42.77000045776367,248200
2026-03-02,42.4900016784668,42.939998626708984,42.36000061035156,42.59000015258789,233500
2026-03-03,42.130001068115234,42.18000030517578,41.41999816894531,42.040000915527344,801100
2026-03-04,42.220001220703125,42.29999923706055,42.130001068115234,42.2599983215332,114200
2026-03-05,41.880001068115234,41.9900016784668,41.619998931884766,41.95000076293945,496300
2026-03-06,41.83000183105469,41.88999938964844,41.540000915527344,41.77000045776367,262000
2026-03-09,41.84000015258789,41.939998626708984,41.400001525878906,41.400001525878906,235400
2026-03-10,41.849998474121094,42.119998931884766,41.70000076293945,41.9900016784668,113900
2026-03-11,41.52000045776367,41.720001220703125,41.4900016784668,41.4900016784668,103600
2026-03-12,41.209999084472656,41.52000045776367,41.060001373291016,41.52000045776367,129416
