date,close,high,low,open,volume
2021-03-15,57.77747344970703,58.39153342712482,56.58657011148389,57.73095445352742,11155700
2021-03-16,56.326045989990234,57.9635376467761,56.31674006371346,57.926321040010954,5928500
2021-03-17,57.47044372558594,57.6286090182753,55.9166837399733,55.9166837399733,6268900
2021-03-18,56.698211669921875,57.94493982878759,56.5772629998054,57.340185830690366,8020500
2021-03-19,56.80055618286133,57.200625909282515,55.47939833220282,56.42840069144575,9363800
2021-03-22,55.32122802734375,56.70751669005434,55.28401141443989,56.31674935290691,8093400
2021-03-23,53.60931396484375,56.177203999686185,53.088295473092515,54.89325898226497,9849900
2021-03-24,53.683738708496094,55.5073102393184,53.67443278023226,54.51178886539134,6733400
2021-03-25,55.73991012573242,55.786429120678314,52.492833170435155,52.66961032007008,6826300
2021-03-26,57.023860931396484,57.14480962106263,55.62826964212592,56.242329667438085,6463100
2021-03-29,56.71682357788086,58.02867911908084,56.16789091600728,57.56348206831245,7357000
2021-03-30,57.6006965637207,57.88912000228123,56.809863026196126,56.893598634218755,5999900
2021-03-31,56.80986022949219,57.67512695340569,56.70751631926154,57.340184537804134,5721000
2021-04-01,57.03315734863281,57.27506180101734,56.53074368522354,57.00524666150068,4975200
2021-04-05,58.58692169189453,59.8429523946779,57.89842844832205,58.103116300308585,7378100
2021-04-06,59.63826370239258,60.14067739609578,58.83812771326068,59.08002863105925,5777900
2021-04-07,59.0986328125,59.67547615248019,58.57761084625131,59.4521835592106,4320500
2021-04-08,59.04280471801758,59.07071895255566,57.712340961584,58.72647060356823,5206900
2021-04-09,59.00558853149414,59.15445498564962,58.16823602189924,58.89394224004914,4086400
2021-04-12,58.29848861694336,58.93115682867885,57.64721209907783,58.884637837939486,4537900
2021-04-13,58.82881546020508,59.0241973592513,56.409792345572384,57.544870675153994,8635400
2021-04-14,58.642738342285156,60.24301731241953,58.419445748277255,59.721998893619904,6035000
2021-04-15,58.558998107910156,59.107930719491115,57.80538122618091,59.01489273753021,5148900
2021-04-16,58.04728698730469,58.99628938958414,57.730952853211534,58.828818168642364,5082900
2021-04-19,57.71234130859375,58.028675424945135,57.1075873105969,57.95424574712978,4855000
2021-04-20,55.68408203125,56.91220188357713,55.135149404136236,56.81916389898359,6112500
2021-04-21,57.721649169921875,57.74955985639104,54.80951472619058,55.470093666553545,7307100
2021-04-22,56.81916809082031,59.266105597206796,56.76334316644273,58.614829009489206,9786200
2021-04-23,57.24714660644531,57.49835343394496,56.521440359783064,57.042462322282894,5019800
2021-04-26,57.656524658203125,58.5031831640569,57.16341336196958,57.80538757519373,4953900
2021-04-27,58.05658721923828,58.168233505854054,57.08897660411097,57.65651751392932,4435000
2021-04-28,57.47044372558594,58.149630989644365,57.30297250440202,57.76816955231917,4457300
2021-04-29,57.93563461303711,58.289185325628175,57.44252693041349,57.80538002133815,4105400
2021-04-30,58.4101448059082,58.65204927743354,57.49835894600429,57.59140049242638,4676800
2021-05-03,57.82399368286133,58.67995453568909,57.358796641323174,58.62412961300267,4133600
2021-05-04,56.58656692504883,57.71234289539279,55.91668206043412,57.42392300581722,6293500
2021-05-05,56.59586715698242,57.535563509335425,56.18649153684455,56.54004224082598,7451300
2021-05-06,56.465614318847656,56.95872558491533,55.68408316516384,56.72612706952338,4452800
2021-05-07,57.36809539794922,57.82399003150424,56.24231948031642,56.45630968001072,5174700
2021-05-10,57.079673767089844,58.00076544176353,57.06106900928942,57.54487079387679,4178600
2021-05-11,55.618953704833984,56.49352636021369,54.697865607188334,55.91667950903981,6483100
2021-05-12,54.158233642578125,56.17719045899082,54.0372849785301,55.33053206479748,5999400
2021-05-13,55.75851821899414,56.19580457798089,54.55830898848062,54.86534074245134,5562600
2021-05-14,57.96355056762695,58.2240633238838,56.24232293652032,56.48422383607479,8033100
2021-05-17,57.77747344970703,58.093807592569036,56.86568763773345,57.91703398741776,5955100
2021-05-18,57.74956512451172,59.247500287313954,57.52627251404538,58.04729097124821,5298300
2021-05-19,56.186500549316406,56.921512758669834,55.41427527239429,56.75404153250901,8732100
2021-05-20,55.749210357666016,56.67960441743352,55.1630646554161,56.67960441743352,7798300
2021-05-21,55.90737533569336,56.381874711798,55.795729049993106,56.06554061133776,4885800
2021-05-24,56.4563102722168,56.80055507106023,55.64686845633081,56.25162244898317,4038100
2021-05-25,56.33536148071289,58.04728674952711,56.26093179902799,57.414618483932394,7029200
2021-05-26,56.94941711425781,57.07036933062979,56.223710914369015,56.52143671684501,4526600
2021-05-27,57.43321990966797,57.498347204277756,56.81916002536761,57.32157362593282,4437900
2021-05-28,57.1820182800293,57.47044171736123,56.82847109137018,57.34018711636348,3517100
2021-06-01,57.079673767089844,57.92633221387522,56.83777287479616,57.628606400665305,5313700
2021-06-02,56.633087158203125,57.61000024103461,56.39118625689288,57.38670764739005,5327800
2021-06-03,54.204750061035156,56.139971184052996,54.09310378060606,55.972499988823714,9963500
2021-06-04,54.47456741333008,54.753684900540186,53.879115827502794,54.55830301441025,5000900
2021-06-07,54.223365783691406,54.81881742633238,53.88842334741292,54.60482721408152,4756800
2021-06-08,54.80021667480469,55.17237220407999,54.251283986139505,54.76300005712555,4830000
2021-06-09,54.35362243652344,55.051418022026596,54.148938144879395,54.893252726248384,4740100
2021-06-10,53.497657775878906,55.02350344718434,53.46974709016555,54.753688321383066,4570600
2021-06-11,53.56278991699219,54.018684603492424,53.413926997778795,53.44183768601507,5059600
2021-06-14,53.29296875,54.027980883395635,52.96733226010146,53.49765657174854,4908300
2021-06-15,53.14411163330078,53.82329892129651,52.81847510795075,53.46044577900021,6430700
2021-06-16,52.725433349609375,53.488359797195066,52.40910275437765,53.08829003959127,5947700
2021-06-17,51.702003479003906,53.162722034512505,51.218198087173306,52.827779567155005,8334200
2021-06-18,51.348445892333984,51.81364291326201,50.86464056466824,51.17167230208311,8798300
2021-06-21,52.381187438964844,52.53935628249683,51.44149095388133,51.450793333302336,5470100
2021-06-22,51.869476318359375,52.39980072503483,51.55314215041505,52.19511286660845,4694100
2021-06-23,51.348445892333984,51.84155714795438,51.1530639953454,51.63686932301114,6157800
2021-06-24,50.8553352355957,51.7485126121601,50.818118624279336,51.664777011283974,8134800
2021-06-25,50.752994537353516,51.05072034836204,50.45526872634499,50.88324913602329,6555800
2021-06-28,49.52487564086914,50.47387801281719,49.18063083067884,50.47387801281719,8319700
2021-06-29,49.2364501953125,49.980768256099694,48.89220539915993,49.273666808186164,8078100
2021-06-30,49.394622802734375,49.83190916451119,49.16202427824404,49.40392518207839,6859900
2021-07-01,50.111019134521484,50.6041267964162,49.62721385056931,49.869114717959754,7113800
2021-07-02,49.924949645996094,50.278500414632425,49.599313115128425,50.22267548826711,6747600
2021-07-06,48.715431213378906,50.25057920925977,48.51074339425952,50.01798070541374,7819300
2021-07-07,47.803646087646484,49.00385168477013,47.56174165315813,48.65030451001262,9116600
2021-07-08,47.62686538696289,48.29675017181977,46.6127358317418,46.984894834255904,8425500
2021-07-09,49.16201400756836,49.28296620880273,48.17579519206326,48.38048298658742,6773900
2021-07-12,49.29227828979492,49.38531982797238,48.1199833021331,49.03176908124158,6919800
2021-07-13,47.98041915893555,48.96663809437321,47.91529186169802,48.845685878430025,6646800
2021-07-14,48.36188888549805,48.92012752109673,47.98042741496641,48.69683135702283,8445300
2021-07-15,48.175804138183594,48.8084723940421,47.794342708842876,48.05485546366045,6245400
2021-07-16,46.43596649169922,48.61308869182635,46.24058459469115,48.501442400560535,8234900
2021-07-19,45.12411880493164,45.55209928612553,44.07277236271862,44.69613832373774,15481100
2021-07-20,47.85017013549805,47.999033053539925,45.17993999035914,45.45905751804117,12772800
2021-07-21,49.43183898925781,49.79469211644474,48.454925904714905,48.464228283978144,13951600
2021-07-22,47.71991729736328,48.631703147864485,47.301239215711696,48.47353429516408,14707500
2021-07-23,47.17097854614258,48.38979246728742,47.04072394838709,47.840859841623875,8826500
2021-07-26,48.175804138183594,48.24093143959505,46.8732545607827,46.8732545607827,6376700
2021-07-27,47.589656829833984,48.157194216080185,47.2081954132834,47.9339016327768,4807300
2021-07-28,48.15719223022461,48.49213464053929,47.264014835499765,47.89668304405606,6798800
2021-07-29,47.961814880371094,48.75265199050803,47.95251250105806,48.54796415390311,5902100
2021-07-30,47.003501892089844,48.157188380762896,46.873247309417515,47.48730716285219,6562200
2021-08-02,46.277801513671875,47.92459585552155,46.19406590737684,47.07793741372579,7399000
2021-08-03,47.12446212768555,47.13376450695973,45.69165437577877,46.37084163629182,6208000
2021-08-04,45.49626922607422,46.69647482052927,45.12411019653725,46.34292764655785,11491500
2021-08-05,46.93838882446289,47.22680875944526,45.63583550468537,45.68235450556908,6904000
2021-08-06,47.18959045410156,47.608264964789,46.575530482698525,47.580354277189,5065900
2021-08-09,46.24988555908203,46.64065289031951,45.52417936429008,46.61273865647801,5649800
2021-08-10,47.55244445800781,48.036249830550446,46.156853265771254,46.333626872419316,5503200
2021-08-11,48.23161697387695,48.352569167261855,46.30570200236977,46.389437590225334,8714900
2021-08-12,47.440792083740234,47.98041876342741,47.05002475436475,47.84085824239941,5739800
2021-08-13,46.90116500854492,47.49661664651612,46.78951871371825,47.35705966527571,4979700
2021-08-16,46.62205123901367,46.938385390722914,46.02659955324851,46.51970731505303,5784000
2021-08-17,45.33810043334961,45.98007103319521,44.78916781637849,45.91494373534877,7226900
2021-08-18,45.06828689575195,46.02659518901233,44.965946530667225,45.1799367381253,6526600
2021-08-19,44.156497955322266,45.012462272500194,43.681998581609335,44.82638276449009,7762100
2021-08-20,44.06346130371094,44.56587492572653,43.99833400632057,44.00763638487425,5193200
2021-08-23,45.31949234008789,45.542788468877006,44.68682411588554,44.77986564836916,9345800
2021-08-24,47.2733154296875,47.5431269638482,46.05449814058852,46.05449814058852,8703100
2021-08-25,47.68269729614258,48.39910117410231,46.826736433648435,47.30123585974031,8039500
2021-08-26,46.77091598510742,47.72922085744838,46.361543822466224,47.38497600365528,5779400
2021-08-27,47.33844757080078,47.76642795770709,46.80812327633613,46.80812327633613,5940900
2021-08-30,45.747474670410156,47.57104974307178,45.69165329773849,47.478008206666146,6216300
2021-08-31,46.31502151489258,46.5476200617519,45.486971255940944,45.607923494076,6431200
2021-09-01,46.10102462768555,46.62204657519584,45.98007240699765,46.51970266147313,4509200
2021-09-02,46.14754867553711,46.6685706801204,45.62653022012586,46.11033560670205,4966700
2021-09-03,45.45905685424805,46.35223434945714,45.28227970159892,45.90564560185259,5201800
2021-09-07,45.15201950073242,45.347404937308525,44.64960944014491,44.993854224977625,6474400
2021-09-08,44.770565032958984,45.94286363715523,44.742654344487825,45.366016714823495,4901900
2021-09-09,45.80329513549805,46.69647250305387,44.49143976778438,44.575175367815945,7098200
2021-09-10,44.56588363647461,45.98007969837101,44.53796939701446,45.942866627711155,6585100
2021-09-13,45.33810043334961,45.654434543963,44.1844138293513,45.15202091842911,5511900
2021-09-14,44.68682098388672,45.55208765489617,44.40770350434171,45.15201796618551,4827500
2021-09-15,45.08689880371094,45.1148130411195,44.04485836920476,44.751956348183825,4800100
2021-09-16,45.70095443725586,46.07311347444099,45.21714910858384,45.477661854282076,5701300
2021-09-17,45.66374206542969,46.36153760885614,45.18923910836356,45.95216195190942,7289500
2021-09-20,46.12894058227539,46.184761956080166,44.584482989136696,45.43114501634145,7771200
2021-09-21,45.72887420654297,46.8081312859957,45.41254005140137,46.33362827869728,7660400
2021-09-22,47.12446212768555,47.66408885488323,45.93355527779736,45.93355527779736,9763600
2021-09-23,48.67822265625,49.1155090515777,47.4966216352799,47.664092869695956,10282400
2021-09-24,49.17131423950195,49.49695422105199,48.594471038214266,48.75263984049192,7030200
2021-09-27,49.27366638183594,50.61343604032303,49.16202009335252,49.7760800037686,8380100
2021-09-28,49.35739517211914,49.88771940567298,48.910806530661745,49.227140595340444,6898900
2021-09-29,48.882904052734375,49.65512926572574,48.761951832926705,49.49696398143016,4848800
2021-09-30,47.85017013549805,48.61309303410916,47.33845407655234,48.56657403769081,6404600
2021-10-01,50.56691360473633,50.90185602005153,49.04106797867508,50.02728691830635,12554000
2021-10-04,51.22749710083008,52.40909795708615,50.985592662984985,51.84155702503221,11905900
2021-10-05,50.67856979370117,51.62757223963349,50.59483417937856,51.11585262478864,5505200
2021-10-06,50.65995788574219,50.70647687946699,49.236452543395615,49.841210109333176,6351600
2021-10-07,50.27849197387695,51.15306104507886,50.25057774079454,51.069325444174424,5066200
2021-10-08,50.166847229003906,50.585525275998364,49.794691725475765,50.51109559496144,3220100
2021-10-11,48.073463439941406,49.61792111728939,48.00833613417034,48.37119282954452,15630900
2021-10-12,48.5479621887207,48.80847138900226,47.794341724685495,48.12928415314558,8399400
2021-10-13,47.68269729614258,48.278148948168386,47.13376463896158,48.259540640396104,8532100
2021-10-14,47.92458724975586,48.46421740435011,47.822246904147185,48.05484537440243,6090900
2021-10-15,46.854644775390625,48.83638508929419,46.79881985486812,48.60378657754119,7598000
2021-10-18,46.30571365356445,47.14306619363941,46.19406735805547,46.52900624458241,6134200
2021-10-19,45.9428596496582,46.36153768624731,45.78469081398158,46.13824155034256,6543600
2021-10-20,46.0265998840332,46.49179696052702,45.45905888284322,45.64513842327516,6995800
2021-10-21,45.27297592163086,45.97077148364686,45.049679780150164,45.86842756668369,10788300
2021-10-22,44.314666748046875,45.08689191436209,44.11928131272996,44.79847204886294,7623200
2021-10-25,44.175113677978516,44.54727275648371,43.923906832363315,44.18441960698575,5916300
2021-10-26,44.2774543762207,44.79847633833485,44.026247548907016,44.65891580677,6975000
2021-10-27,43.32845687866211,44.35188906171722,43.27263194990246,44.28676175275038,6391500
2021-10-28,43.95181655883789,44.128590150938564,43.20749847822704,43.29123408483718,6011800
2021-10-29,43.989036560058594,44.11929117995354,43.505231151040064,43.74713563013543,6079600
2021-11-01,45.710262298583984,45.710262298583984,43.7843468304117,44.04485603795678,8375000
2021-11-02,45.50557327270508,45.94285961606413,45.226455764906994,45.74747416635097,6211600
2021-11-03,46.01728820800781,46.38014131448985,45.20784638976547,45.514874576338116,5590600
2021-11-04,45.65443420410156,46.370838024250915,45.31949178957236,46.18475851071563,6709000
2021-11-05,48.594478607177734,48.89220440577484,47.37566117911543,47.431486097291696,13022700
2021-11-08,47.794342041015625,49.115503456555565,47.636176753846904,48.84568832638007,8151300
2021-11-09,47.366363525390625,47.8315605757477,46.770911868801065,47.58965967119763,8148500
2021-11-10,46.23128128051758,47.301235908919494,45.90564476709359,46.74300087185785,6815300
2021-11-11,45.66374206542969,46.501094588038434,45.65443613731453,46.25919369461946,5117500
2021-11-12,45.04966735839844,45.6544247650618,44.50073840817612,45.6544247650618,6455100
2021-11-15,45.710262298583984,45.942860819369734,45.24506525701248,45.64513499669771,4400600
2021-11-16,44.28675842285156,45.18924184949507,44.193720431086454,45.086897929050316,8331100
2021-11-17,44.100685119628906,44.2960670437135,43.62618210494106,44.10998749970204,6664900
2021-11-18,43.142372131347656,44.11928519725995,42.8260380048533,44.09137451083071,7392700
2021-11-19,43.57035827636719,43.71922119337196,42.221286094602235,42.9656006796261,9870900
2021-11-22,44.39840316772461,44.68682303854147,43.7006076621925,43.81225394930963,8300100
2021-11-23,43.70991134643555,44.94733711681541,43.654086426623515,44.76125759994688,6264400
2021-11-24,43.71922302246094,43.83086932759251,43.07724878231729,43.26332832365128,4977600
2021-11-26,41.83051300048828,42.314318301904656,40.76056203990811,41.68165010383489,11570900
2021-11-29,41.43974685668945,42.7143855581774,41.13271515350009,42.55622029229527,9893600
2021-11-30,41.30950164794922,41.663048869273894,40.15581134119939,40.8908235709363,12149100
2021-12-01,39.588260650634766,42.37014003760032,39.43939776515919,41.85842409060123,14225800
2021-12-02,42.18406677246094,42.38875460115372,39.8580816252127,40.19302405428392,12908200
2021-12-03,41.197853088378906,42.42597312006913,40.60240138200451,41.92356296104831,8508200
2021-12-06,42.388755798339844,43.69130538808378,41.85843145372302,41.85843145372302,13262600
2021-12-07,42.063114166259766,43.49592185565914,41.72817174025246,43.01211652355656,11351700
2021-12-08,42.11894226074219,43.049336381237914,41.45836328699148,41.45836328699148,12788200
2021-12-09,40.57448196411133,41.2815798260289,40.351185847669726,41.030373025971365,15789200
2021-12-10,39.048641204833984,39.92321037423609,38.6671797688087,39.52314063045692,17075600
2021-12-13,37.66234588623047,38.82533829952503,37.262276212123446,38.58343743919508,12916500
2021-12-14,37.43906021118164,38.35084600487732,37.2901972968879,37.54140058105648,9601200
2021-12-15,37.31810760498047,37.541400199566105,36.59240134881946,37.225066066259956,13099000
2021-12-16,36.77846908569336,37.913550759504034,36.65752043621954,37.90424838230258,13408000
2021-12-17,36.89942932128906,37.67165811653303,36.35980259679564,36.731958101818606,15175600
2021-12-20,36.62030792236328,37.178542895293745,35.96903142116347,36.20162991807973,12253100
2021-12-21,38.025203704833984,38.52761734198494,36.880819452993435,36.95525268035134,12569900
2021-12-22,38.25780487060547,38.70439361821894,37.64374489899048,38.00659803460317,8616000
2021-12-23,38.95559310913086,39.04863463223974,38.332230875571774,38.87185751291847,6587800
2021-12-27,38.853248596191406,38.992809104070446,37.84842500664419,38.1740614594671,6929200
2021-12-28,39.34636688232422,39.802257998475795,38.53692146935243,38.71369861776253,6561000
2021-12-29,39.22541046142578,39.59756947695196,38.8904680572865,39.29053775676715,6724000
2021-12-30,39.746437072753906,40.18371988615224,38.93699165065528,39.06724980591052,7673900
2021-12-31,39.85808181762695,40.155807633978256,39.64409160894768,39.64409160894768,5932100
2022-01-03,40.93733596801758,41.179236846193156,39.551047347465186,40.16510724501859,10571400
2022-01-04,41.5514030456543,42.370150900262296,41.38393181291239,41.597922043822145,11207000
2022-01-05,40.928035736083984,42.053811682443346,40.751258595481495,41.8212131704267,9702000
2022-01-06,40.83499526977539,41.57000743877273,40.072072414341,41.383927914458354,6750700
2022-01-07,42.19336700439453,42.50039873181032,41.03968041760117,41.11411009295647,7479100
2022-01-10,42.091033935546875,42.52831678328885,41.20715876162723,42.44458116577705,7710800
2022-01-11,42.639957427978516,43.03072119250278,42.1375438314433,42.193365198277434,6813200
2022-01-12,42.063114166259766,42.732999018274356,41.60722306910555,42.370145906490336,7831000
2022-01-13,42.60274124145508,43.25401773798421,42.09102526174339,42.16545493465369,8185900
2022-01-14,42.63066101074219,42.7143966288444,41.83982737802181,42.388760085764744,6241100
2022-01-18,42.26780319213867,42.9842070571614,42.016596365506935,42.332930493579674,6734000
2022-01-19,41.33740997314453,42.50970497258041,41.30949928599686,42.221285074262944,5475300
2022-01-20,41.25368118286133,42.56553693326388,41.179247939265984,41.64444506421969,7172700
2022-01-21,40.351192474365234,41.300194914042585,40.15581055862424,41.169940303548586,7899700
2022-01-24,40.81638717651367,40.89082040629852,38.96490495026227,39.43010198890237,11296800
2022-01-25,40.79777145385742,41.08619484309364,39.89529177636287,40.37909703451501,6803400
2022-01-26,40.66752243041992,42.19336808041663,40.33258000985058,41.30949658623502,10785800
2022-01-27,39.8394775390625,41.476973243751424,39.495232694565644,40.27676392880989,8960900
2022-01-28,39.94181442260742,39.96972510667597,37.80190894751393,39.811559831392294,10975900
2022-01-31,41.644432067871094,41.709562910277256,39.33705547408496,39.55104565888116,8199900
2022-02-01,42.03520584106445,42.63996342744711,41.73748001215442,41.86773461865608,6593200
2022-02-02,41.207157135009766,41.83982543141997,40.5372722213585,41.542099591835395,7955500
2022-02-03,40.41632080078125,41.33741257553155,40.31398042507303,41.04898910988464,5512200
2022-02-04,40.62100601196289,40.89082115108982,39.78364990749031,40.146506585542966,5073900
2022-02-07,41.495567321777344,41.9700702074777,40.87220510033983,41.37461866784451,7478500
2022-02-08,42.863250732421875,42.946986333287626,41.63513095250516,41.86772944944652,9563800
2022-02-09,43.747127532958984,44.41701236748337,43.170284230547175,43.272624592113694,9549800
2022-02-10,43.291236877441406,44.16580961382406,43.1423739615508,43.430797413851536,7231600
2022-02-11,42.360836029052734,43.737818669347774,41.60721918996938,43.34705490821882,8422200
2022-02-14,42.221290588378906,43.14237887626474,41.784004170372576,42.49110221411148,6002300
2022-02-15,44.00763702392578,44.165805855007456,43.1330679111469,43.26332250781912,6872100
2022-02-16,44.119285583496094,44.32397341689368,43.47731494580151,43.62617785668019,5773200
2022-02-17,43.15168380737305,43.905300834717416,42.807435399424136,43.72852721516661,5538300
2022-02-18,42.779518127441406,43.6633931875514,42.61204691398176,43.03072494763088,5037800
2022-02-22,42.444580078125,43.030729385687394,41.923561626222444,42.2305898497833,7196600
2022-02-23,40.94664764404297,43.00282154669791,40.90012864335063,42.87256692509046,7070800
2022-02-24,41.25368118286133,41.42115243177845,38.332243806019655,38.629969682056235,10439300
2022-02-25,41.997982025146484,42.47248492368009,41.504874371020904,41.70025624727769,6627700
2022-02-28,40.75126266479492,41.7188734232084,40.28606559430828,41.262978732495824,10361100
2022-03-01,39.030029296875,40.52796421575878,38.4066634667214,40.379101316630845,11235300
2022-03-02,39.3742790222168,40.062772235235975,39.03933656989243,39.541750248378975,8702600
2022-03-03,38.7695198059082,40.35119045973507,38.5276189055214,40.19302516893827,10376000
2022-03-04,37.84843444824219,38.304325595919984,37.280893446740734,37.99729737083502,8594700
2022-03-07,34.60134506225586,37.857723448646034,34.19197305709686,37.57860601107532,17624500
2022-03-08,36.434242248535156,37.92287177434111,34.28503004330335,35.08516974436383,15028100
2022-03-09,37.82981872558594,38.51831182588313,37.24366952998426,38.00659230240553,12104700
2022-03-10,38.174068450927734,38.60205243052752,36.899429538926206,37.21576367210598,9483400
2022-03-11,37.43906021118164,38.97420834936619,37.30880205564926,38.89047273825272,8790500
2022-03-14,37.308799743652344,38.24849971560127,36.48074961238375,37.76469438683467,7576000
2022-03-15,39.13237380981445,40.34188532755377,38.34153676228263,39.07654889084007,11080800
2022-03-16,40.11859130859375,40.258151838776215,38.91838565554573,39.86738448376833,12849000
2022-03-17,39.8022575378418,39.82086584531023,38.88116938777066,39.11376790736847,9449600
2022-03-18,40.2302360534668,40.4628345415093,39.29984210129678,39.671997552662035,7862300
2022-03-21,39.8022575378418,40.155808281398556,39.31845219117775,39.54174833162721,6251200
2022-03-22,40.062767028808594,40.55587471444127,39.66269732376536,40.00694211095205,5393600
2022-03-23,39.88599395751953,40.34188862683255,39.69061204888759,39.746436972427496,4301900
2022-03-24,40.86290740966797,40.93734064170993,39.64409340294159,39.979035848786715,4528800
2022-03-25,41.290889739990234,41.60722386514132,40.8722116994709,40.97455561483915,4416300
2022-03-28,41.32810592651367,41.8026089246614,40.83499816886821,41.542099701629375,4071400
2022-03-29,42.17477035522461,42.97490637767897,41.923563497911246,42.36084635397035,6100100
2022-03-30,42.3980598449707,42.50970614581456,41.6537452573918,41.83051886282556,4687200
2022-03-31,42.6120491027832,43.16098176417026,42.4259695728064,42.50970518383737,5033300
2022-04-01,42.71438980102539,43.04002629205263,42.30501770528092,42.7236921796955,6013000
2022-04-04,42.733001708984375,42.891167003907,41.85843252425325,42.65856847666418,4092400
2022-04-05,42.063114166259766,43.01211652355656,41.50487915569536,42.80742869673618,6874500
2022-04-06,40.686126708984375,41.30949249647825,39.64408648640036,41.19784266789439,7428900
2022-04-07,39.43939971923828,40.425618602609504,38.406661847320684,40.36979368685106,10010200
2022-04-08,38.36945343017578,39.476621107943465,38.31362850766036,39.39288549875621,7704000
2022-04-11,39.65339279174805,39.96972690572513,38.18337206150508,38.26710766665112,5991600
2022-04-12,39.8394775390625,39.969732153241196,39.234719917036195,39.91391077526293,5368200
2022-04-13,42.844642639160156,42.86325094490828,41.04898194993743,41.346707743564586,11063300
2022-04-14,43.50522232055664,43.87738134400789,43.04933124345892,43.207496521464236,7226100
2022-04-18,43.04003143310547,43.60757242740602,42.83534713536985,43.216808591497305,4808200
2022-04-19,44.05415344238281,44.379793464213364,43.37496626428554,43.37496626428554,6060900
2022-04-20,44.03555679321289,44.72404647620924,43.8773879422508,44.258849401525,5877500
2022-04-21,45.01247024536133,46.61274577968664,44.86360732242009,45.52418632114858,11926000
2022-04-22,43.588958740234375,45.49626933470078,43.551745676529066,45.021766393449646,6508300
2022-04-25,43.19819641113281,43.28193201834732,42.10963351734423,43.086550117904025,7064300
2022-04-26,41.88633728027344,43.12375942440482,41.635130480523905,42.85394786838171,5280400
2022-04-27,42.74230194091797,42.99350876361934,41.43975238330588,41.90494941441841,6407800
2022-04-28,43.63548278808594,44.24023679695119,42.86325401549022,44.24023679695119,8729000
2022-04-29,43.4680061340332,44.77986145113315,43.32844562297463,43.85876988632325,5954200
2022-05-02,43.291236877441406,43.78434817003116,42.109635929797086,43.17028819833595,6499800
2022-05-03,43.96112060546875,44.17511081955243,42.83534461213522,43.65408885319318,5384100
2022-05-04,44.72404861450195,44.82639254369316,43.123769465342484,43.63548911129849,4917800
2022-05-05,43.72852325439453,44.65891736619016,43.319151122906334,43.970424161825775,4652300
2022-05-06,42.909767150878906,43.542435308584494,42.211971701865785,43.542435308584494,4112500
2022-05-09,40.779170989990234,42.546917472035084,40.42562027391268,42.27710235847138,6505500
2022-05-10,41.486270904541016,42.25849612183197,40.63961245951657,41.26297477051218,6243700
2022-05-11,40.01625061035156,42.35154190157744,39.93251499534402,41.328106212688375,5743400
2022-05-12,39.38358688354492,40.46284397778719,38.54623071164485,39.4580165715071,6552900
2022-05-13,39.997642517089844,40.30467071374666,39.58826685598516,40.03485558241342,5144500
2022-05-16,40.17441940307617,40.65822478363068,39.634789096205836,39.71852471109358,4578200
2022-05-17,41.970069885253906,42.016588870961016,40.98385106207615,41.3653124235482,4051100
2022-05-18,41.15133285522461,42.19337331013065,40.955950935399486,41.42114801070047,4581200
2022-05-19,40.53726577758789,41.393230092209116,40.36049219755058,40.621001378483754,4295200
2022-05-20,39.68130874633789,41.30949837873346,38.75091467068328,41.21645684166496,4517800
2022-05-23,40.360496520996094,40.66752472438908,39.59757365296287,40.193025301264726,3287500
2022-05-24,38.82534408569336,39.81156307684568,38.6578728692869,39.64409186043922,3898700
2022-05-25,39.49522018432617,39.58825815093458,38.49039310893493,38.81603309040621,3903700
2022-05-26,41.867740631103516,42.27711281735004,40.174423405068225,40.39771603423093,5327400
2022-05-27,42.6120491027832,42.90977493107735,42.10963543659739,42.2026769761717,3279900
2022-05-31,42.66786575317383,43.05862949610087,41.63512793376501,41.78399081904738,5234000
2022-06-01,41.07689666748047,43.22610454374449,40.918727841342154,43.17028317501335,4725000
2022-06-02,41.46765899658203,41.486267301899474,40.56517570912855,41.05828692711237,4494400
2022-06-03,40.78847885131836,41.07690230967489,40.06277256476109,40.81638953951766,3647500
2022-06-06,41.32810592651367,41.71887331023368,40.797781551528786,41.439755778531946,3354700
2022-06-07,41.75608825683594,41.78399894413776,40.64891700490583,40.84430246353409,2707500
2022-06-08,40.351192474365234,41.53279344683099,40.211635484195355,40.890822774036884,4160200
2022-06-09,39.11376953125,40.32328117353939,39.09516122300901,40.19302656502433,4665400
2022-06-10,37.34601974487305,39.160289005027415,37.15063782971678,38.53692309345063,8413000
2022-06-13,35.00142288208008,36.52726854378176,34.81534336376171,36.28536765438801,7051500
2022-06-14,34.62926483154297,35.55965880510041,33.92216342410335,35.308452006339344,8193900
2022-06-15,34.63856887817383,35.475924914379284,34.15476356271862,35.047940968556766,7937600
2022-06-16,32.545188903808594,33.773308971939315,32.293982042258364,33.61514366050338,8811600
2022-06-17,33.149940490722656,33.373233071788,31.96833963930614,32.684743472803,8812300
2022-06-21,32.861515045166016,33.81051732938146,32.74056283416182,33.49418323464298,8449800
2022-06-22,33.20576477050781,33.47557991634047,32.43353949867697,32.86151994085657,6702000
2022-06-23,33.4383659362793,33.73609179337151,32.470758675315686,33.51279917513844,6503300
2022-06-24,35.10376739501953,35.20611130930367,33.41975287173423,33.51279440707057,6657700
2022-06-27,34.415283203125,35.22472516767242,34.23850603271227,35.19681447725871,4198200
2022-06-28,34.09893798828125,35.72712731966112,34.005896468414036,34.84325240136355,5945600
2022-06-29,33.66165542602539,33.96868360248194,33.32671301594809,33.83842900948998,4330200
2022-06-30,33.605831146240234,33.79191066083649,32.45214454425221,32.83360595204734,6157000
2022-07-01,34.173377990722656,34.35945753756565,33.35463011411676,33.577926280162785,4375600
2022-07-05,33.968685150146484,34.00590176388882,32.61961661911721,33.23367654917927,6514100
2022-07-06,33.78261184692383,34.34084690044518,33.30810885717595,33.65235368854172,5000400
2022-07-07,34.1640739440918,34.5176211617592,33.81052317725241,34.15476801515888,4127200
2022-07-08,34.14545822143555,34.499008911508895,33.74538854431415,34.154760599176676,3820000
2022-07-11,34.266414642333984,34.45249061341606,33.698873702687365,33.88494967376944,5360700
2022-07-12,35.85738754272461,36.35980118158077,34.71300328699999,34.79673889347602,8130800
2022-07-13,36.09928894042969,36.16441624091653,34.45249102275158,34.68508953853936,10121900
2022-07-14,35.782955169677734,36.55518395330688,35.448012735774576,35.64339818833257,5987800
2022-07-15,36.82499313354492,36.95524771474757,35.699213790640975,36.331881941486266,5121500
2022-07-18,37.16924285888672,38.07172267034565,36.98316333979556,37.35532237797788,5433800
2022-07-19,38.602046966552734,38.741603931066294,37.69956368951231,37.69956368951231,5068900
2022-07-20,38.611358642578125,38.85325956882359,37.98799624279456,38.55553371382664,5162000
2022-07-21,38.043819427490234,38.071730118604215,37.30880713532858,37.76470186883344,7632700
2022-07-22,37.43906021118164,38.38805907157188,37.42045190324844,38.29502108107773,5456900
2022-07-25,37.792606353759766,37.839125347701305,36.89942889306402,37.46696984699727,4511000
2022-07-26,36.843605041503906,37.56000892637177,36.74126467152721,37.40184363253993,5087000
2022-07-27,37.93217086791992,38.21128841005032,37.234375238007864,37.91356255855494,6018900
2022-07-28,35.494529724121094,36.07137296492094,34.387358679852106,35.708519901366664,16592800
2022-07-29,35.46662521362305,35.745742758306385,34.99212574257858,35.103772050617486,7902100
2022-08-01,35.64339828491211,35.81086950231747,34.74091489658008,35.354974844009156,5595500
2022-08-02,35.00142288208008,35.73643502739323,34.945601511004696,35.308454619681115,5486700
2022-08-03,36.28537368774414,36.45284492715981,35.057253631477344,35.131683321677535,6452500
2022-08-04,36.08998489379883,36.73195549000732,35.98764098371381,36.4528379937937,4965000
2022-08-05,36.10859298706055,36.28536657214618,35.66200428591932,35.6992173491358,4604400
2022-08-08,36.35980224609375,36.8994289653823,36.220241714823885,36.220241714823885,5405300
2022-08-09,35.671302795410156,36.40631483907925,35.382879404443884,36.05276415808368,3032000
2022-08-10,36.54587936401367,36.89943011821724,36.266761841925316,36.42493068558422,3363200
2022-08-11,36.257469177246094,37.26229323582896,36.17373354326646,37.076213654855,5047900
2022-08-12,36.71334457397461,36.81568847678462,36.210930987000694,36.75056118393666,3207300
2022-08-15,36.880821228027344,37.5786167968195,36.499359792387835,36.583095402609764,4722600
2022-08-16,37.09481430053711,37.40184607805796,36.61100890967437,36.843607450521525,4716900
2022-08-17,36.22954559326172,36.89943049240437,35.68991885164161,36.53657735509273,5492600
2022-08-18,36.266761779785156,36.33188908318845,35.74573980338693,36.25745940037262,2981300
2022-08-19,35.24333190917969,35.92251922267319,35.01073336829128,35.801566987643035,4382700
2022-08-22,34.86186981201172,34.88047812084606,34.35945612100069,34.657181964006035,5254300
2022-08-23,34.86186981201172,35.31776095635091,34.750219959005705,34.98281849567689,4717000
2022-08-24,35.16889953613281,35.42941232176223,34.824654680932554,34.98281998901813,6097300
2022-08-25,35.86669158935547,36.15511503600022,35.31775893230372,35.42940877891112,3446400
2022-08-26,34.91768264770508,36.04346198717379,34.815338748737815,35.848076566794866,3998300
2022-08-29,34.82464599609375,35.075852789674855,34.37805732389553,34.4245763117799,4072000
2022-08-30,34.61065673828125,35.234019000782745,34.41527485443792,35.07585372791091,4248700
2022-08-31,34.14545822143555,35.057243854427895,34.126849916782085,34.8432536746699,4097900
2022-09-01,34.08033752441406,34.08963990395524,33.34532531964501,33.79191407023115,3932300
2022-09-02,34.182682037353516,34.89908239710622,33.968688263308785,34.508318564513836,3791300
2022-09-06,34.182682037353516,34.75021947766551,33.77330634701259,34.508318564513836,4481800
2022-09-07,35.15959167480469,35.23402135254427,34.21058932671665,34.21058932671665,5394700
2022-09-08,35.03864288330078,35.15028918541771,34.39667220966347,34.703700427778024,5087700
2022-09-09,35.699222564697266,35.78295818021801,35.14098749400696,35.20611480061509,5733100
2022-09-12,36.07137680053711,36.41562159626135,35.90390559198552,36.034160187709745,6078000
2022-09-13,34.88047790527344,35.4666236586584,34.66648412958713,35.24333105237041,4348500
2022-09-14,35.38288116455078,35.42009777475346,34.10824243306523,34.71299992675914,4203700
2022-09-15,34.331546783447266,35.187507728480846,34.31293847388061,35.140988729150266,9367100
2022-09-16,32.312583923339844,33.884948541123734,32.24745662580374,33.87564616254923,12677800
2022-09-19,33.38254165649414,33.550012880207454,32.20094071103772,32.25676208616091,7935300
2022-09-20,32.647525787353516,33.14063347441873,32.30328099916675,33.09411448398886,4953900
2022-09-21,31.745040893554688,32.81499536628361,31.74504089355469,32.14511057993707,6164900
2022-09-22,30.703004837036133,31.698526225091136,30.47970869476756,31.633398923006922,6564500
2022-09-23,29.81913185119629,30.330847924780507,29.372543084295224,30.14477193378408,7767500
2022-09-26,29.186460494995117,30.079639655765355,29.12133142448999,29.56792189216797,6957700
2022-09-27,29.307411193847656,29.82843311499557,29.037596080261874,29.642353603930495,6169600
2022-09-28,30.17267608642578,30.284322366672598,29.260890441205696,29.316713581329104,6910300
2022-09-29,29.437667846679688,29.847043509502328,29.214373482528494,29.707482979145208,5638400
2022-09-30,28.693349838256836,29.409753612605616,28.64683085013991,29.167850970309185,6907600
2022-10-03,29.04690170288086,29.186462230533497,28.097901117275043,28.69335274347255,5734600
2022-10-04,30.879779815673828,31.000732046023437,29.81913107813464,29.81913107813464,7459700
2022-10-05,30.693702697753906,30.963514287424083,30.061034430414267,30.228505651131925,4884300
2022-10-06,30.275022506713867,30.9076907293489,30.144767910731044,30.628569681761082,4264300
2022-10-07,29.651660919189453,30.163375192726626,29.23298286193534,30.014512277833145,4428800
2022-10-10,29.456274032592773,30.042423249038375,29.428361573614406,29.633049390284306,4906600
2022-10-11,29.223676681518555,30.40527753931429,28.767783814446314,30.154070722380872,5624600
2022-10-12,29.39114761352539,29.56792297649349,28.851519145936365,28.99107789582243,4365500
2022-10-13,30.17267608642578,30.516920854203374,28.51657421635584,28.92594805129398,6616000
2022-10-14,30.479707717895508,30.991427288116295,30.042424924940917,30.66578723896019,5843000
2022-10-17,30.44249725341797,31.279849845978195,30.13546548505884,31.251939157644443,4665700
2022-10-18,30.991426467895508,31.279846346199346,30.684394733888954,31.056553766168733,4766200
2022-10-19,30.814651489257812,31.847389504473092,30.479709046574822,31.614790980295663,8804100
2022-10-20,30.526227951049805,31.34497210313029,30.507619645433696,31.112373606686003,4843600
2022-10-21,30.796043395996094,31.093769225083882,30.126162055134497,30.37736888889704,5450600
2022-10-24,31.37289047241211,31.465928463587602,30.675094891080324,30.96351479322747,5841100
2022-10-25,32.210243225097656,32.36841207000867,31.047250582879798,31.21472180729292,7783900
2022-10-26,31.977638244628906,32.87081911100862,31.921816880535353,32.19162842172026,9204500
2022-10-27,32.83361053466797,33.577925147766216,32.51727638045471,32.861521223542894,10819500
2022-10-28,33.70817184448242,33.80121336749986,32.53587704783228,33.10341791613946,7855100
2022-10-31,33.81982421875,34.01520967771807,33.224372560796645,33.680267232826345,6316700
2022-11-01,34.368751525878906,34.50831203922736,34.005898450178464,34.275713549760795,5401700
2022-11-02,33.959381103515625,34.97351070857378,33.95007872512271,34.14546061391713,7322300
2022-11-03,34.387367248535156,34.657182406318526,33.010384319768654,33.45697308997627,5130500
2022-11-04,34.49901580810547,35.354976698250056,34.24780896882253,35.085161550593725,4658300
2022-11-07,34.7967414855957,35.07585901158427,34.22920050488821,34.71300587288194,5061200
2022-11-08,34.83394241333008,35.01071950588093,34.452481099278664,34.8060317352097,4413300
2022-11-09,34.61065673828125,35.1316750951968,34.35014401065211,34.5083128326953,3366200
2022-11-10,36.117897033691406,36.47144776936307,35.19680890416291,35.727133233084565,5576700
2022-11-11,35.68991470336914,36.5272671807993,35.64339571281827,36.35979952465045,8221900
2022-11-14,35.12237548828125,35.64339743547808,35.11307310939008,35.42940722926464,8240200
2022-11-15,35.95043182373047,36.257463617634066,35.420107406235395,35.615489339171,7344400
2022-11-16,35.345680236816406,35.727141749411864,35.150294740767016,35.68992512643365,4646400
2022-11-17,35.0107307434082,35.08516042534275,34.70369898885221,34.796740527735146,3734000
2022-11-18,35.45732498168945,35.96904110280754,35.08516586678228,35.60618791781785,3166700
2022-11-21,35.12237548828125,35.75504372803038,35.047942260465284,35.410798922310654,3017500
2022-11-22,35.513145446777344,35.57827630699949,34.7874390955516,35.18750889152791,3034900
2022-11-23,35.94112014770508,36.22954000768043,35.4852255395921,35.6061777497725,4029000
2022-11-25,36.49005889892578,36.825001353451846,35.88530129501238,35.913211983165574,2326000
2022-11-28,35.88529586791992,36.41562015765892,35.792257888698536,36.2481489557233,4533400
2022-11-29,36.51796340942383,36.638915619579706,35.94112014041874,35.94112014041874,4628800
2022-11-30,37.13202667236328,37.15993735833794,36.11789700828116,36.545877422693735,4794100
2022-12-01,37.29019546508789,37.40184175803086,36.94594710899194,37.215762237011475,5185200
2022-12-02,36.983158111572266,37.132020995966464,36.666824038588196,36.88081421308167,5312600
2022-12-05,36.75056457519531,37.56931232405632,36.424928080906525,36.769172881893475,5466000
2022-12-06,36.91803741455078,37.0762027047035,36.60170328507358,36.93664572206964,4239700
2022-12-07,35.178199768066406,36.620309813589536,34.7874324274971,36.620309813589536,8706800
2022-12-08,34.88047790527344,35.941126658071354,34.72230905574513,35.50384027609706,6637300
2022-12-09,35.36428451538086,35.438717760319115,34.56414842732939,34.6664888153608,5678000
2022-12-12,36.22954559326172,36.27606813839143,35.1409861813268,35.28054316920026,4820200
2022-12-13,35.14098358154297,37.12272389544653,34.60135333067364,37.02968236124236,6578700
2022-12-14,35.4852294921875,35.782955312585635,35.047943140715105,35.4480128773448,5602100
2022-12-15,34.694393157958984,35.34566966865974,34.41527566742193,35.150284231029495,5810700
2022-12-16,34.68509292602539,34.982818771377126,34.19198516013134,34.443192007616624,8886200
2022-12-19,33.81982421875,34.97351446791351,33.81052183935716,34.778132558117285,4014800
2022-12-20,33.85704040527344,34.19198284591726,33.61513950323723,33.70817749267305,3337700
2022-12-21,34.05242156982422,34.47109961149659,34.005902576121,34.108246491771105,3683300
2022-12-22,32.99177551269531,34.0896408871566,32.64753067299298,34.024513580974315,5571100
2022-12-23,33.57792663574219,33.587229016055375,32.73126806035425,32.8987392993692,3337700
2022-12-27,31.577571868896484,32.45214452215184,31.307760299545773,32.2009377099937,15174100
2022-12-28,29.949384689331055,31.251937844130136,29.949384689331055,31.130985617814208,17673500
2022-12-29,31.056554794311523,31.233328388452236,29.967991895817267,30.098246496675863,11811600
2022-12-30,31.326372146606445,31.512451703190003,30.80535364717929,30.842570268330473,8942300
2023-01-03,30.330846786499023,31.698527273861842,29.865649728122218,31.465928744673437,11467600
2023-01-04,31.279842376708984,31.66130373926015,30.42388167992924,30.470400665767947,8497300
2023-01-05,31.196107864379883,31.484531265255868,30.935598695312052,30.935598695312052,5208000
2023-01-06,32.63822555541992,32.68474454890915,30.544838905859223,30.703004193556946,10662800
2023-01-09,33.302207946777344,33.60146928340433,32.65692279110073,32.834611662363116,7866300
2023-01-10,33.863319396972656,33.89137759771415,32.928126901718116,33.189983226273235,5432900
2023-01-11,33.63888168334961,34.05971553339337,33.152581063934235,33.30221174933305,8963700
2023-01-12,34.57408142089844,34.6208403507344,33.76981498480034,34.134539631989554,8037300
2023-01-13,34.5927848815918,34.62083952532898,33.57342453856902,33.69499703974853,5585800
2023-01-17,34.6395378112793,34.6956470890364,34.0784200613695,34.59277889065606,6791000
2023-01-18,33.94749450683594,35.26611607930675,33.47989815393881,35.191302517931284,9224300
2023-01-19,34.08777618408203,34.30287008680054,33.41443626776169,33.666938736381816,5490200
2023-01-20,34.65824508666992,34.70500401133202,34.08777693035142,34.43379725382367,5762900
2023-01-23,34.31221389770508,34.78916410325476,34.162583230125605,34.73305126510876,6098600
2023-01-24,34.30287170410156,34.583428826636926,34.05971958175418,34.12518635890722,3900300
2023-01-25,34.480552673339844,34.50861087926665,33.91008457501269,34.05971525920695,6402600
2023-01-26,33.386383056640625,33.994256224922964,32.56341240895235,33.6669401779615,16712000
2023-01-27,33.891380310058594,34.04101097857529,33.152577323486426,33.180631958996884,8196500
2023-01-30,33.171287536621094,34.499259511318044,33.14322932861508,33.666938545842186,6983000
2023-01-31,33.45185089111328,33.73240805122422,33.189998017340116,33.28351588155115,5602200
2023-02-01,33.32091522216797,33.78851154862425,32.87202317686717,33.19933917839582,9279100
2023-02-02,34.43379592895508,34.8920419349577,33.22739645471288,33.38638107341968,9675900
2023-02-03,33.9942512512207,34.39638437435285,33.93814197565229,34.03165981325086,4831100
2023-02-06,33.685646057128906,33.9942578349551,33.517311062868245,33.66694177249133,4388700
2023-02-07,33.84461212158203,34.041005239474224,33.26479382476815,33.57340903325879,5404900
2023-02-08,33.01230239868164,33.751105505828555,33.00295204114433,33.60147481289171,5489000
2023-02-09,32.591461181640625,33.51730343949523,32.572760468733975,33.18998745147814,5911400
2023-02-10,32.32960891723633,32.488593519343276,31.918125444537534,32.26414571856781,4808700
2023-02-13,32.79719924926758,32.91877526782176,32.24543555579999,32.32960301980271,3686000
2023-02-14,33.20869064331055,33.34897097291891,32.516650054850956,32.80656107121899,5334900
2023-02-15,33.40507888793945,33.52665135034815,32.77849802697117,32.872019422066074,5124600
2023-02-16,33.11516571044922,33.18998282154584,32.61951483560081,33.105815355300244,5566900
2023-02-17,33.06840515136719,33.1806272449419,32.72238494848414,33.04035051984252,4250800
2023-02-21,31.572101593017578,32.70368738566473,31.42247091504031,32.57276098836921,6613300
2023-02-22,31.422470092773438,31.796548561666057,31.188671941584715,31.49728721354263,5611200
2023-02-23,31.45987892150879,31.72173171148121,31.216730411888214,31.590805316494997,6215100
2023-02-24,31.39441680908203,31.431825371078652,30.889411924558154,31.001637610548013,5343000
2023-02-27,31.366361618041992,31.908771487517924,31.319602700109424,31.796549370984415,4815300
2023-02-28,31.40377426147461,31.768498863225705,31.17932643175543,31.40377426147461,5244400
2023-03-01,31.469236373901367,31.64692170595175,31.272843191924828,31.375714961656087,3639500
2023-03-02,31.721729278564453,31.731083201761322,31.16996910414777,31.235432296620136,3936700
2023-03-03,31.964887619018555,32.22674044036952,31.703034797667595,31.983591901611785,3871900
2023-03-06,31.572101593017578,32.24544142765367,31.42247091504031,32.05840218831289,5682200
2023-03-07,31.374662399291992,32.0610121122798,31.3088482889096,31.63792242742158,7739300
2023-03-08,31.872974395751953,31.891775353385245,31.393467484301127,31.449881117001247,5850400
2023-03-09,31.102001190185547,32.324267682938284,30.84814526231698,31.86356538719173,8594100
2023-03-10,30.8105411529541,31.054993056322928,30.10538687947465,30.885755743759855,13423400
2023-03-13,29.20278549194336,30.38744476549494,29.127569115525795,30.227611534744998,12036000
2023-03-14,28.704477310180664,29.992557964317687,28.318993161719234,29.701094733522424,15141200
2023-03-15,27.95231056213379,28.488227438533766,27.651445073158346,28.140352389393325,12768800
2023-03-16,28.657466888427734,28.760890080560284,27.670251704016703,27.801879917058198,9480400
2023-03-17,28.234373092651367,28.582248139199823,27.952310353863684,28.413010854587164,7742700
2023-03-20,28.281381607055664,28.563442542117315,28.065134770621754,28.20616523815258,5734100
2023-03-21,29.183982849121094,29.306208788757417,28.554045021841873,28.71388004647391,6676800
2023-03-22,28.281381607055664,29.466040762254035,28.27197933678032,29.277998943346475,5687100
2023-03-23,27.84889030456543,28.676270432922408,27.54802301004487,28.525837682312048,4993300
2023-03-24,27.858293533325195,27.914707165349764,27.21895517674694,27.538625251686078,6308100
2023-03-27,28.347196578979492,28.554042944810092,28.027526552968336,28.309589290019222,5115900
2023-03-28,28.79849624633789,28.87371262131929,28.337795725414345,28.347197996449502,4056300
2023-03-29,29.5600643157959,29.56946658691226,29.024147415262263,29.146373353175257,4730900
2023-03-30,29.917341232299805,30.246411750259874,29.842124857723245,29.898536690330708,5097100
2023-03-31,30.594289779663086,30.622494798747972,30.152392018802075,30.246411140151423,5193400
2023-04-03,29.795114517211914,30.39684729139405,29.748103163518117,30.152391838785867,6081300
2023-04-04,29.823320388793945,30.114783616829463,29.42843397297493,30.048969513076266,4715500
2023-04-05,29.69169044494629,29.71989725631951,29.24039222277313,29.522453163306427,4196400
2023-04-06,29.701091766357422,29.936143140391085,29.484844932638374,29.870329042589606,2979700
2023-04-10,30.24641227722168,30.265216819518397,29.51305306064836,29.578867165387006,4487400
2023-04-11,30.75412368774414,30.97037054094012,30.142992212172807,30.32162998135218,6179500
2023-04-12,30.31222915649414,30.64129967137156,29.43783589612049,30.556681026603137,12377200
2023-04-13,30.284021377563477,30.725919155266794,29.804518101846885,30.7071146129603,8621400
2023-04-14,29.77631378173828,30.462665286998817,29.597674201467733,30.35924208895271,6606200
2023-04-17,30.37804412841797,30.434454168810753,29.78571359809569,29.917341807811813,4447600
2023-04-18,30.142995834350586,30.70711781598955,29.19338607511822,30.65070418318562,21631400
2023-04-19,30.509672164916992,30.688309936146137,29.879734346809343,29.954950722405783,6395200
2023-04-20,30.284021377563477,30.716515090813687,30.152393168017735,30.340435004482956,5003100
2023-04-21,30.22761344909668,30.51907490871101,30.00196251225336,30.38744668996906,4329500
2023-04-24,30.23701286315918,30.528477899112897,29.813919613097283,30.331031991350784,4586500
2023-04-25,29.419036865234375,30.086582043541434,29.249799554311448,29.926747004703117,4956000
2023-04-26,29.052352905273438,29.84212575882494,29.02414788476795,29.30620884962211,6638100
2023-04-27,28.09334373474121,28.243778286980334,27.08732398684796,27.736066380585644,23081000
2023-04-28,28.478832244873047,28.685676858595,27.839492065532337,28.093346248141064,10931200
2023-05-01,28.760889053344727,28.84550769964916,28.29078625978669,28.47882809452984,7183300
2023-05-02,28.16855812072754,28.760888636268902,27.839487604648802,28.723279552545723,6812100
2023-05-03,28.948932647705078,29.296807731835177,28.159159763058437,28.281385707760915,8755300
2023-05-04,27.53862762451172,28.901924903171594,27.519823078883263,28.798501695515267,8760200
2023-05-05,27.886493682861328,28.102740507360014,27.839484127378864,27.848886397135274,5809000
2023-05-08,27.820682525634766,28.093341204164147,27.689054321744702,27.736063882191218,6960100
2023-05-09,27.858293533325195,27.961716732070215,27.463407075653322,27.717263039863816,4653900
2023-05-10,27.491615295410156,28.206171864507013,27.049719248454252,28.206171864507013,7088200
2023-05-11,27.23775291442871,27.378785175233546,27.059115159128712,27.3129692833181,5568900
2023-05-12,26.9180850982666,27.37878741282823,26.70183824419879,27.35058059970206,5101500
2023-05-15,27.31297492980957,27.369388563113937,26.78646023873591,26.871078895392397,5574500
2023-05-16,26.83346939086914,27.416395873960113,26.82406711942575,27.115530360971235,5016900
2023-05-17,28.09334373474121,28.215571472191762,26.993303064185987,27.115530801636535,8269400
2023-05-18,28.16855812072754,28.262579036735673,27.670250314494126,27.942908998287912,7223200
2023-05-19,27.717260360717773,28.262579531144656,27.660848527445985,28.206167697872864,4717700
2023-05-22,27.56682777404785,27.999323280508147,27.359983188618926,27.999323280508147,4655900
2023-05-23,27.717260360717773,28.366002719892805,27.58563215198365,27.651446256350713,5819400
2023-05-24,27.209552764892578,27.66085105896944,27.087325022767587,27.585634676623293,6072400
2023-05-25,27.491615295410156,27.660852613525215,27.153140659180035,27.190749749116765,5832700
2023-05-26,27.877098083496094,28.074542209025687,27.50101616974927,27.50101616974927,4414400
2023-05-30,28.018129348754883,28.43182036192162,27.867696579112447,28.055738437815528,5567600
2023-05-31,28.083942413330078,28.337796565606464,27.877096031023534,28.30018927365066,7024100
2023-06-01,27.369386672973633,28.290787767045245,27.341179858269424,28.290787767045245,8699100
2023-06-02,28.271982192993164,28.817301370957022,27.576230262025476,27.651446638527393,9546100
2023-06-05,28.206167221069336,28.45062088551458,28.11214630500581,28.45062088551458,4999500
2023-06-06,28.57284927368164,28.63866338258542,27.914706391343874,27.989922771991047,4460900
2023-06-07,28.948932647705078,28.977137669321063,28.591653498636386,28.78909761644802,5088700
2023-06-08,28.760889053344727,29.061754554293895,28.591651760735857,28.930126345953596,4483800
2023-06-09,28.78909683227539,29.080560071934542,28.704478183132426,28.864313210035814,5313700
2023-06-12,29.578866958618164,29.964352899806684,29.118166435368277,29.13697097753354,8837200
2023-06-13,30.509672164916992,30.584886747213584,29.69169251116831,29.71989932450442,8559500
2023-06-14,31.562698364257812,31.628512462363616,30.725916042684595,30.754121059987266,14745200
2023-06-15,31.938793182373047,32.02341185050941,31.45928620073343,31.525100321883873,11142500
2023-06-16,32.2020378112793,32.35247054518189,31.788348689697003,32.145624191091095,8743400
2023-06-20,32.58011245727539,32.740790126716334,32.003556385895735,32.050814311875506,8930900
2023-06-21,32.4666862487793,32.59901347763609,32.06026163116136,32.57065584010691,7216500
2023-06-22,32.40053176879883,32.513955133484664,32.02246470316011,32.50450138365294,4663200
2023-06-23,32.06970977783203,32.20203337803,31.68218911773183,31.77670494485961,6016400
2023-06-26,32.13587951660156,32.58011194604777,31.9941021353383,32.16423355063478,5842200
2023-06-27,33.317344665527344,33.506379966299605,32.126428400094504,32.18313646644225,7819400
2023-06-28,33.52528762817383,33.6008995936592,33.03379723309784,33.37406009165421,7692200
2023-06-29,33.978965759277344,33.997869649544356,33.33624791239247,33.525283209514214,8144800
2023-06-30,34.224708557128906,34.25306619483588,33.93170727669413,34.0262231209218,7172200
2023-07-03,35.00920486450195,35.094270569197036,34.05457822230729,34.05457822230729,4233200
2023-07-05,35.17933654785156,35.32111031974846,34.45155298102565,34.92413943177896,8215400
2023-07-06,35.065914154052734,35.07536790243117,34.52716587403637,34.82962092227192,7281900
2023-07-07,35.529056549072266,35.91657737122403,35.11318168803475,35.122631832480266,5735000
2023-07-10,36.3040885925293,36.33244262391664,35.566854932072346,35.58575882151332,7516700
2023-07-11,37.03187561035156,37.135845209327385,36.32299591429667,36.351349948363314,8125100
2023-07-12,36.43641662597656,37.36268568747789,36.37025480769423,37.23036205091323,9541100
2023-07-13,35.00920486450195,37.08858595273299,34.99975111645336,37.069682062184256,14500600
2023-07-14,34.36648941040039,35.12262705746475,34.18690424040787,34.971399528051876,9121000
2023-07-17,34.28142166137695,34.555522668873635,34.14909803170227,34.30032555212312,4790900
2023-07-18,34.72565460205078,34.73510474479168,33.91280531548898,34.05457908989369,5258500
2023-07-19,35.302207946777344,35.36836976428338,34.70675158922302,34.71620173220304,6488700
2023-07-20,35.04701614379883,35.29275953436424,34.51771797224797,35.11317796454909,6318800
2023-07-21,35.20768737792969,35.425076692832334,34.80126277881443,35.29275307554796,4648700
2023-07-24,35.16043472290039,35.34947003541761,34.87688355689892,34.96194926725423,6093400
2023-07-25,33.58198928833008,34.111287367852306,32.91091744851403,33.931705829260856,13980300
2023-07-26,34.27197265625,34.375942266968394,33.440222981600805,33.74267806430033,10660900
2023-07-27,31.209609985351562,31.965747593804203,30.869347160160743,31.965747593804203,33284400
2023-07-28,31.852325439453125,31.861775581414964,30.907152599146198,30.973314409523823,12511200
2023-07-31,32.287109375,32.59901819411026,31.606583664613137,31.606583664613137,10006400
2023-08-01,31.597129821777344,32.03190848337762,31.23796311606265,32.003554450614075,8903200
2023-08-02,31.540422439575195,31.76726554917497,31.237967363808103,31.237967363808103,7348000
2023-08-03,30.491273880004883,31.20960724922034,30.387307897465465,30.774828613170474,10735000
2023-08-04,30.935510635375977,31.12454594901882,30.566893756824225,30.746475321733133,8305700
2023-08-07,31.162351608276367,31.181255498906694,30.39676026271611,30.878796854369885,8037200
2023-08-08,31.890134811401367,32.07916650446683,30.765376767700328,30.822088438949027,8051300
2023-08-09,31.78616714477539,31.937394671729045,31.455354450749574,31.757809504656883,8101500
2023-08-10,31.98465919494629,32.25876027081922,31.521522770004115,32.05082102628811,8003700
2023-08-11,31.852325439453125,32.06971476005793,31.587674592394375,31.95629502877461,5061400
2023-08-14,31.6916446685791,31.842872181129515,31.521513266266346,31.6916446685791,4164300
2023-08-15,31.304128646850586,31.493163967334777,31.058385254105332,31.436452289524865,4498900
2023-08-16,31.11508560180664,31.918484613027246,31.105635460625482,31.181251012266554,5381300
2023-08-17,30.462921142578125,31.181254542299087,30.415663220226357,31.058381059745805,5945700
2023-08-18,30.387313842773438,30.595249454083284,30.151018786495452,30.226632555505603,5452800
2023-08-21,30.1699161529541,30.737020199239048,30.02814059207638,30.434565188626827,7323500
2023-08-22,29.772945404052734,30.321147399298507,29.62171788907948,30.2455318390377,6980100
2023-08-23,29.839109420776367,29.96198291250289,29.65952605743916,29.763495657704013,4300900
2023-08-24,29.508298873901367,30.009241186805863,29.508298873901367,29.583912637851636,4420600
2023-08-25,29.508298873901367,29.678430293483057,29.177489783352897,29.536654711423093,3982900
2023-08-28,29.385427474975586,30.00924148444606,29.186940215903515,29.668978641907856,5515500
2023-08-29,30.065948486328125,30.217176001288106,29.394876614039973,29.394876614039973,4814200
2023-08-30,29.89582061767578,30.084855935123805,29.716239049151994,29.98088633024995,3231700
2023-08-31,29.86746597290039,30.10375921350439,29.65007662421056,30.018693502665002,5202800
2023-09-01,29.69733428955078,30.103758948252445,29.546106761118672,30.02814518403639,4208400
2023-09-05,29.25054359436035,29.71634663150987,29.069925498106738,29.535728535256258,5519500
2023-09-06,28.490047454833984,29.336099499119875,28.280911951961034,28.42350442269994,8878300
2023-09-07,27.97671127319336,28.63263874582353,27.91016824801492,28.452020668081015,7910900
2023-09-08,28.071775436401367,28.11930565387914,27.634489820327243,28.04325621801776,8608200
2023-09-11,27.957700729370117,28.31893691414832,27.701033200158488,28.252392070412213,4906400
2023-09-12,27.83411979675293,28.1573303417022,27.72004474017492,28.043255285124186,4291900
2023-09-13,27.368316650390625,27.520415516272465,26.969056674160424,27.15917934993197,8279200
2023-09-14,27.510913848876953,27.67251914835583,27.168690435118904,27.62498711135509,8286200
2023-09-15,28.223875045776367,28.271405264496376,27.387329416275843,27.4443678545338,8547500
2023-09-18,27.64399528503418,28.157330319487976,27.624982473425927,28.04325526299996,5292000
2023-09-19,27.482389450073242,27.758069773264726,27.254241154929332,27.643994719112033,6510300
2023-09-20,27.111650466918945,27.786588990800176,27.102144060688865,27.72004596035122,4993100
2023-09-21,26.883501052856445,27.377821464389104,26.883501052856445,26.99757429660955,4960300
2023-09-22,26.664857864379883,26.997574822604903,26.645846865491652,26.912018981542428,5311700
2023-09-25,26.142019271850586,26.484242649802898,26.008933208496522,26.379673992503776,6223400
2023-09-26,25.248437881469727,26.246588830383786,25.238931474737782,25.92337825414438,10208600
2023-09-27,25.48609161376953,25.64769689557042,25.15337464380751,25.267449706968804,11127800
2023-09-28,25.875844955444336,26.075475860732098,25.314979677811408,25.41954833358888,6501500
2023-09-29,25.733253479003906,26.16103271169744,25.571648192559866,25.9614017987199,5941600
2023-10-02,25.847328186035156,26.00893347023207,25.62868446283111,25.771278747187292,6411100
2023-10-03,25.48609161376953,26.04695689689252,25.362511957409613,25.809302177371308,6603100
2023-10-04,25.85683250427246,26.294116289041106,25.533621961981943,25.552632960287298,11733700
2023-10-05,25.97090721130371,26.18004452290979,25.733252494050692,26.018439242651272,6775600
2023-10-06,25.74275779724121,26.1230049659201,25.45757287402243,25.78078342068986,6796800
2023-10-09,25.19139862060547,25.295967270563057,24.65905259140242,25.25794164761066,7451500
2023-10-10,25.333993911743164,25.88535281404363,25.26745087730096,25.562142235471455,7005600
2023-10-11,24.90621566772461,25.780785119909975,24.83967082230348,25.19140060974003,7150100
2023-10-12,24.193252563476562,24.95374698440321,24.031647272384433,24.915721356776015,8747800
2023-10-13,24.11720085144043,24.221767691249795,23.832014110563808,24.00312579245747,8373500
2023-10-16,24.34535026550293,24.449917110076722,24.0221396990131,24.1932513887032,5992100
2023-10-17,24.516462326049805,24.687572205166628,24.202756348098145,24.221769161276125,4496000
2023-10-18,23.480287551879883,24.25979475966165,23.442261925567767,24.25028835308362,7448300
2023-10-19,23.166582107543945,23.736951965420594,23.14756929543831,23.442260630429452,7268500
2023-10-20,23.00497817993164,23.318682345423362,22.928928740211276,23.052508399821246,7522000
2023-10-23,23.090532302856445,23.76547080335417,22.776826347617103,22.900407811165,6910400
2023-10-24,22.719791412353516,23.26164389679752,22.653248379269044,23.157077050448354,6445100
2023-10-25,22.434602737426758,22.8528754927776,22.415589927374135,22.767319660702167,10493300
2023-10-26,22.234973907470703,22.900407815350864,21.69312146316103,22.339542559236264,12871600
2023-10-27,21.236825942993164,22.177938417444246,21.122750879501385,21.769172008577673,11576700
2023-10-30,21.39842987060547,21.4459600863738,20.92312046027615,21.312874031693273,13309200
2023-10-31,21.13225746154785,21.37941859019984,20.83756611372348,21.23682611952106,12171000
2023-11-01,21.13225746154785,21.360405777266234,20.828059707256678,20.989664990869066,8540300
2023-11-02,22.016334533691406,22.0353473476747,21.33188954874846,21.4554692133164,6854700
2023-11-03,22.5296688079834,22.757817127950517,22.234975641509408,22.415593741419006,10929200
2023-11-06,22.368064880371094,22.80534873358557,22.10189091765677,22.710286474533188,6043000
2023-11-07,22.39657974243164,22.520161209097335,22.101888404720608,22.43460536699388,4873700
2023-11-08,22.805347442626953,23.128558017211784,22.472630461358843,22.510656088091967,7208400
2023-11-09,22.196949005126953,23.052505549485893,22.158923383387627,22.966949713733854,6642300
2023-11-10,22.016334533691406,22.158927012242636,21.560037877062776,22.00682812669976,6778100
2023-11-13,21.949790954589844,22.101889836367825,21.464975088986886,21.57905015690122,5050400
2023-11-14,23.10003662109375,23.166581461608065,22.301516666537086,22.45361734597972,8732200
2023-11-15,23.70843505859375,23.813001901048835,23.185593593671946,23.223619218682227,9043600
2023-11-16,23.090532302856445,23.84152023739844,22.985963651109998,23.660902151607722,6907700
2023-11-17,23.584854125976562,23.62287975185023,23.04300164940821,23.280656371633743,6824400
2023-11-20,23.889053344726562,23.974609195025288,23.309177019899558,23.537325349642245,6246000
2023-11-21,23.413740158081055,23.84151934173551,23.29966691788084,23.7179396959917,5898600
2023-11-22,23.489791870117188,24.098189191852136,23.290162773802184,23.860534469670483,7513900
2023-11-24,23.64189338684082,23.70843642127188,23.442262470385945,23.594361352845993,2240300
2023-11-27,23.23312759399414,23.61337481051578,23.119052522456773,23.53732536721145,7367300
2023-11-28,23.5943603515625,23.632385977144654,23.02398865996156,23.214113161549083,4760400
2023-11-29,24.079174041748047,24.402384577596596,23.76546991144345,23.813000126001754,9195800
2023-11-30,24.307323455810547,24.35485548572139,23.832014035671392,24.21226120915041,6874300
2023-12-01,25.37201690673828,25.37201690673828,24.27880562235256,24.345348649891296,7864100
2023-12-04,25.951892852783203,25.970905664189615,25.11534909567748,25.34349739306995,12285200
2023-12-05,25.828311920166016,25.95189156183739,25.5051013949807,25.80929910970537,8641100
2023-12-06,26.60782241821289,27.02609523599992,26.11350016202473,26.28461185171768,11001200
2023-12-07,27.72004508972168,28.12881147896858,27.216216454321298,27.244735672115805,15404500
2023-12-08,27.634490966796875,27.75807243842462,27.235230958670165,27.520417714853043,8752800
2023-12-11,27.891157150268555,27.91016996239067,27.349304696919297,27.58695940896101,8349700
2023-12-12,28.81325912475586,28.984370821454917,27.86264019923817,27.995728081760607,12983000
2023-12-13,27.710540771484375,28.157332818118302,26.740909051358194,28.11930719152747,22269800
2023-12-14,28.290414810180664,28.74671138458001,27.786586209388837,27.90066125956938,11860200
2023-12-15,27.57745361328125,28.3379479833824,27.46337855118528,28.23338114071949,14737200
2023-12-18,27.539426803588867,27.61547623732772,26.97856154982925,27.453870963987466,7778200
2023-12-19,28.062267303466797,28.252389974840302,27.643994525386752,27.68202014755833,7858500
2023-12-20,27.804025650024414,28.47354196829498,27.74663911037657,27.89967109896095,7398600
2023-12-21,28.31094741821289,28.703092146995598,28.043140505560043,28.2535608741749,7282900
2023-12-22,28.215301513671875,28.55962442099985,28.08139897161558,28.358768783630094,6409600
2023-12-26,27.880544662475586,28.282254132067234,27.851852301688226,28.14835158363182,5185200
2023-12-27,27.937931060791016,28.014448887247607,27.622302323799136,27.909238700155186,4668500
2023-12-28,28.100526809692383,28.138785721581304,27.775335180063184,27.83272172361124,4285300
2023-12-29,27.62230110168457,27.98575346413132,27.584044014434305,27.98575346413132,5699600
2024-01-02,27.23971939086914,27.77533317289629,26.981477227136608,27.354494293956442,6689600
2024-01-03,26.12067222595215,26.790188551262226,26.063285685700926,26.64672128849156,8192900
2024-01-04,26.713672637939453,26.799753360722402,26.072850492935963,26.17806067062295,6785500
2024-01-05,27.880544662475586,27.909238847548348,26.598900251125354,26.6371591645557,10576500
2024-01-08,27.851850509643555,28.19617158693536,27.593608333460736,27.737075601022763,10686400
2024-01-09,28.043140411376953,28.291817867086838,27.622301499845967,27.784898227645304,5474900
2024-01-10,28.416152954101562,28.61700857470054,27.918799914726094,28.02400826429207,7210400
2024-01-11,28.54049301147461,28.578750096178123,27.804025432008782,28.282250848656435,6221300
2024-01-12,27.325803756713867,28.282254720963063,26.99104555436956,28.282254720963063,9885900
2024-01-16,27.469270706176758,27.56491616630863,26.369352475373763,27.1632066931831,9115900
2024-01-17,26.885831832885742,27.660556448794665,26.780621664005924,27.24928232421182,7425900
2024-01-18,28.722217559814453,28.76047464235913,26.943218526502314,27.019734515876756,14095200
2024-01-19,28.683963775634766,28.827431053297932,27.947496106202305,28.827431053297932,8813800
2024-01-22,28.8465576171875,29.171751053563487,28.67439617154313,28.798735804190834,8595400
2024-01-23,29.755186080932617,30.11863659579523,29.468249735665637,29.669105359781042,10575500
2024-01-24,29.755186080932617,30.022991147372903,29.554330456817212,29.956039880762834,9713000
2024-01-25,29.06654167175293,31.37158814758745,28.645704597859897,31.0846536131799,19606100
2024-01-26,28.77960777282715,29.793445217643658,28.397027777074253,29.200446680297997,9929000
2024-01-29,28.89438247680664,28.980463208705174,28.129222442470134,28.856125387232524,8250800
2024-01-30,28.87525177001953,29.15262156882989,28.51179942418981,28.51179942418981,5357800
2024-01-31,28.58831787109375,29.04741570647454,28.157916044798828,28.789173516126354,5956700
2024-02-01,28.865690231323242,29.056979328530893,28.129222555145933,28.779609499079896,5977300
2024-02-02,29.047414779663086,29.1621878666322,28.502236231561167,28.73178605407004,4983000
2024-02-05,28.45441436767578,28.7413489088962,28.234431097787773,28.626575822122163,4994000
2024-02-06,29.678672790527344,29.697800422526022,28.33964003921061,28.483109137055518,7176800
2024-02-07,29.40130043029785,29.994300790644793,29.324784431312953,29.61171897143499,5441000
2024-02-08,30.922056198120117,30.94118200342951,29.315216733646405,29.496942896932886,10891100
2024-02-09,31.075088500976562,31.218553933697752,30.415135105320076,30.87423105745442,8162100
2024-02-12,31.362024307250977,31.79242792028978,30.769022152143982,30.96031305222461,8819000
2024-02-13,31.11334800720215,31.314205478139208,30.52991417250582,30.979445458957976,6266900
2024-02-14,32.28022003173828,32.461944401394405,31.208995973766367,31.409849800529063,9684200
2024-02-15,32.72018051147461,33.20797245550517,32.38542419582242,32.500197268536,7801600
2024-02-16,32.45237731933594,33.1410230922355,32.203698057535355,32.4619402223727,7230600
2024-02-20,32.38542175292969,33.53316333919979,32.33759994695383,32.815825303852215,8855400
2024-02-21,33.03581237792969,33.05494183226205,32.1463128186117,32.24195644170317,7133500
2024-02-22,32.748878479003906,33.647940958194226,32.72018247267786,33.25579625839553,8326400
2024-02-23,32.30891036987305,32.91147546099834,32.21326673890043,32.85408709327238,5477600
2024-02-26,32.66279983520508,33.06450746362254,32.318476925949746,32.39499110102279,7350800
2024-02-27,33.01668167114258,33.083632934480946,32.71061771057569,32.901908598072545,4822100
2024-02-28,32.968868255615234,33.05494899447733,32.672367122074434,32.71062603902895,3604700
2024-02-29,32.77757263183594,33.32274935047215,32.72975081676744,33.11232898588603,5300800
2024-03-01,32.481075286865234,32.863657148679074,32.17501125684258,32.74888404956334,6373300
2024-03-04,32.624542236328125,32.90191388534312,31.964588750839294,32.4428142221462,6115600
2024-03-05,33.0860710144043,33.153377462652216,32.316851843052135,32.39377192622418,4151700
2024-03-06,33.23030090332031,33.643756891795874,33.05722613289211,33.172608090535476,5647100
2024-03-07,33.48991012573242,33.55721656745651,33.182218819088895,33.27837349864187,4066700
2024-03-08,32.941837310791016,33.701442766414196,32.74953528935431,33.55721625033667,5874400
2024-03-11,32.48031234741211,33.009154015815966,32.19185558969062,33.009154015815966,5322100
2024-03-12,27.65345573425293,29.59573642957232,27.422689983417435,29.566890022981696,41071100
2024-03-13,27.191925048828125,27.864991383811617,27.057310314660853,27.62461015689682,19863300
2024-03-14,27.02846336364746,27.163076252010484,26.691929308776842,27.14384531539775,10585800
2024-03-15,27.259233474731445,27.278464414429695,26.884237486468955,26.94193030556371,11567600
2024-03-18,26.93231201171875,27.230384209933785,26.8169282195912,27.163077762010698,6885000
2024-03-19,27.08615493774414,27.143845914893443,26.836158258146373,26.94192657788934,6300400
2024-03-20,27.730377197265625,27.788068175539337,27.047693590834704,27.18230831875754,7483700
2024-03-21,27.57653045654297,27.81691164694664,27.201536386381388,27.653452364113626,9416200
2024-03-22,27.355384826660156,27.614995162378147,27.34576935734271,27.6053796930607,4534300
2024-03-25,27.413074493408203,27.62460930635345,27.163077805038466,27.32653710766625,5693600
2024-03-26,27.31692123413086,27.691915344148637,27.297690296703504,27.624608897116023,5471400
2024-03-27,28.14383316040039,28.172677732533735,27.413074044957906,27.48038049188655,9338600
2024-03-28,28.066909790039062,28.37459743660119,27.999603346598978,28.095754360677365,10002800
2024-04-01,28.057296752929688,28.278447038812924,27.980374834624072,28.18229418244011,7055700
2024-04-02,27.239999771118164,27.826530534658836,26.961158509639642,27.711146742140134,10511900
2024-04-03,26.951541900634766,27.191923110413644,26.89384908983441,27.143845768080016,7846800
2024-04-04,26.893848419189453,27.682300308131754,26.826541975563867,27.07653864757537,9651200
2024-04-05,27.249614715576172,27.336152099809006,26.730390410179165,26.768852284932926,6639200
2024-04-08,27.54768943786621,27.749610630933002,27.172695294409266,27.4034610622261,6855900
2024-04-09,27.93229866027832,27.941914129714966,27.268847774819108,27.557304522065436,7798900
2024-04-10,26.884233474731445,28.028448540547622,26.70154507674937,27.76883639525131,10963500
2024-04-11,27.42268943786621,27.528455925334704,26.69193032444339,26.77846770853051,6407100
2024-04-12,26.480396270751953,27.095771611621128,26.355397008410915,26.95154324535031,11545800
2024-04-15,26.76885414123535,27.10538823281541,26.58616389141248,26.788085079945816,7041500
2024-04-16,26.97076988220215,27.0573072608415,26.403470103994394,26.8169260610573,7169700
2024-04-17,27.672687530517578,27.913068757674377,27.316922507381697,27.336153445705413,7970500
2024-04-18,27.941911697387695,28.374598614555318,27.778452399120276,27.884220719753053,7554600
2024-04-19,28.249597549438477,28.51882515111468,27.989987249709742,28.0380627556691,6911100
2024-04-22,28.58613395690918,28.816899705730155,28.249599885475746,28.355368208088205,6526100
2024-04-23,28.326520919799805,28.672670449235433,27.93229588192616,28.182292560522658,7002700
2024-04-24,28.172677993774414,28.451521086736598,27.836145756010602,28.307292722843087,9632800
2024-04-25,26.211170196533203,26.422705024010774,24.99964854687813,25.845789690751698,36945300
2024-04-26,25.990018844604492,26.441934889766472,25.70156027270184,26.105400806194982,16106000
2024-04-29,25.807327270507812,25.90348012285852,25.31694937408599,25.461177735630496,15687800
2024-04-30,24.941957473754883,25.547717379415296,24.932342004272872,25.43233541355773,13924400
2024-05-01,24.68234634399414,25.191955244323673,24.58619347906888,24.990034044584288,12615200
2024-05-02,25.393871307373047,25.4419468166013,24.73041864303709,24.999646263019407,14758900
2024-05-03,25.143875122070312,25.663099435029835,24.951571247389982,25.413102747378563,10950400
2024-05-06,26.36501121520996,26.518855043062434,25.211180672353326,25.240027077811824,10802900
2024-05-07,25.96117401123047,26.278477175786975,25.836176572935074,26.10540238894464,7958800
2024-05-08,26.134244918823242,26.240013235963414,25.826557269647893,25.845786372249062,6458600
2024-05-09,26.23040008544922,26.316937473671775,25.845788656031985,26.057325309004106,7637000
2024-05-10,26.307323455810547,26.422705423830312,26.076557685807703,26.278477046823948,6445900
2024-05-13,26.903467178344727,27.249616741004914,26.34578279070513,26.355398260108274,9547200
2024-05-14,27.047693252563477,27.278460830698496,26.88423395452965,27.191923447388643,7181600
2024-05-15,26.70154571533203,27.2496145903118,26.480395438403903,27.2496145903118,8913000
2024-05-16,26.903467178344727,27.07654195967482,26.74000786641778,26.759238805224072,6076000
2024-05-17,26.788082122802734,27.182307153032323,26.701544742121794,27.086154304057604,6887500
2024-05-20,27.115001678466797,27.134230781778854,26.595777375815704,26.768852143366068,6545200
2024-05-21,26.893848419189453,27.086154115802316,26.72077549299353,26.951541228551136,6507900
2024-05-22,26.807313919067383,27.21115445816927,26.62462550501797,26.941928654743503,6317800
2024-05-23,25.624637603759766,26.78808365852261,25.518871114390894,26.740006314297524,11289200
2024-05-24,25.807327270507812,25.845787311070225,25.34579577998014,25.7111744181571,7250500
2024-05-28,25.49964141845703,25.913097429111044,25.384257620661142,25.663100728855984,8239200
2024-05-29,24.528499603271484,24.68234343543767,23.65351212009013,24.26888744875487,15761900
2024-05-30,25.10541534423828,25.153490854922197,24.441962659813793,24.711190287947993,10579400
2024-05-31,25.807327270507812,25.941940163420934,25.057337222928005,25.31694937408599,8230300
2024-06-03,26.62462615966797,27.21115512724092,25.96117343612397,26.211170141140016,10037000
2024-06-04,26.730390548706055,27.1534620033743,26.528471207091773,26.528471207091773,7389100
2024-06-05,27.36499786376953,27.393844271091233,26.461165775248077,26.759237981719483,8974400
2024-06-06,26.77846908569336,27.614994729605506,26.711162635489305,27.384228971493076,10698900
2024-06-07,26.682315826416016,26.855390600886338,26.38424362258557,26.701546764460094,7158900
2024-06-10,28.55729103088379,29.18228186588387,28.2207569400489,28.461138171507642,34733100
2024-06-11,26.97076988220215,28.461134421242,26.932309843897443,28.36498157453572,12599400
2024-06-12,27.34576988220215,27.663073039914945,26.99962031598336,27.172695099092756,9499700
2024-06-13,27.31692123413086,27.634224365829702,26.759236886479467,27.288074827989824,7345800
2024-06-14,27.288074493408203,27.345767304982896,26.68231464357883,27.0957706233819,9994300
2024-06-17,27.66307258605957,27.67268805540381,27.066926324459388,27.249616574073464,5924300
2024-06-18,27.508258819580078,27.875937861204566,27.36312240434698,27.73080144597147,6030000
2024-06-20,27.150253295898438,27.47923014689979,27.150253295898438,27.35344574881556,5464900
2024-06-21,27.440528869628906,27.624367469388837,26.927711562512535,27.19863422683037,9054300
2024-06-24,27.56631088256836,28.02107210723,27.3534442797392,27.469552664733467,8090900
2024-06-25,27.585664749145508,27.827559387234636,27.430852328409234,27.6437189455442,7059200
2024-06-26,27.527610778808594,27.788855587502926,26.34716375411343,26.647114436574135,11383300
2024-06-27,27.546960830688477,27.59534086580436,27.072847559610636,27.295390184614792,14298800
2024-06-28,27.682424545288086,27.76950676758546,27.1889592341062,27.575990307922464,10740000
2024-07-01,27.198631286621094,27.846908933061854,26.83095043582871,27.711446692791757,7971300
2024-07-02,27.372798919677734,27.4695553012899,27.005118025716648,27.247012670766427,7006000
2024-07-03,27.65339469909668,27.86626131428081,27.382472042536286,27.57598848943794,8222100
2024-07-05,26.066566467285156,27.624366666695465,26.066566467285156,27.38247203092577,16610100
2024-07-08,26.463272094726562,26.579380480147087,26.10526724107601,26.1826734465262,8227900
2024-07-09,26.579383850097656,26.81160249589078,26.289111004233686,26.463275449955965,7611400
2024-07-10,26.734195709228516,26.937388173398197,26.49230106100871,26.83095393761838,12553300
2024-07-11,26.095592498779297,26.327811126378545,25.544073027542378,26.124620519295302,18376300
2024-07-12,26.63743782043457,26.898682623155437,26.027862307896807,26.056890328425617,16401500
2024-07-15,26.811601638793945,26.976090071661194,26.327812347479643,26.83095365336884,6907400
2024-07-16,27.7791805267334,27.89529076994922,26.81160193347049,26.937388184080106,9487900
2024-07-17,27.401824951171875,27.76950584319021,27.217984505162708,27.256688534010813,8420800
2024-07-18,26.521326065063477,27.63404095114618,26.44391986026232,27.072845504960412,8297100
2024-07-19,26.298784255981445,26.58905707142773,25.834347013063564,26.531002877440386,6706900
2024-07-22,26.76322364807129,26.830953854080402,25.94078147758268,26.134297933759893,6579300
2024-07-23,26.298784255981445,26.898681900039655,25.979483420786707,26.850303712635124,10145000
2024-07-24,25.74726676940918,26.36651647401562,25.621480519717437,26.289110260939815,9815300
2024-07-25,27.169605255126953,27.643718516970083,24.934499350578033,25.098987775748885,21025300
2024-07-26,26.347164154052734,27.217984502441713,26.153649546360555,27.169606311896086,13132900
2024-07-29,25.45699119567871,26.37619155861842,25.302178774942917,26.337487530679656,15569500
2024-07-30,26.1633243560791,26.48262519739102,25.33120622911065,25.46666663284613,15559700
2024-07-31,26.066566467285156,26.898682759386375,25.882726027357496,26.124620663127192,10619300
2024-08-01,25.505369186401367,26.269755221831744,25.186068363536368,26.124618819713014,12554800
2024-08-02,24.23784065246582,25.011904558675155,24.07335223387842,25.002228552227717,16898900
2024-08-05,22.931612014770508,23.676646084037912,22.81550177856114,22.99934221693031,15482900
2024-08-06,23.55086326599121,23.92821832933758,23.096101988483802,23.29929260859039,9371100
2024-08-07,23.531511306762695,24.228169081370492,23.502485129827186,23.82178599468585,8399700
2024-08-08,24.40233039855957,24.48941261581433,23.734702526952564,23.7637287023644,10921500
2024-08-09,24.50876235961914,24.586168562730272,24.208813553252185,24.382977971629597,17826400
2024-08-12,24.557146072387695,25.031261249366324,24.47973985185218,24.47973985185218,18995900
2024-08-13,24.595848083496094,24.924824955105784,24.499089854403294,24.789364541681696,10654100
2024-08-14,24.557146072387695,24.82806876701693,24.353955435548173,24.673256325945903,8199000
2024-08-15,25.679536819458008,25.689210981367868,24.94417686515788,24.95385287257745,10219300
2024-08-16,25.476343154907227,25.756941820331452,25.302178720576276,25.553749365108803,6910600
2024-08-19,25.86337661743164,26.008513044403497,25.524723724157443,25.524723724157443,7598000
2024-08-20,25.660184860229492,25.98916173116908,25.602128815586237,25.921431524594997,13967100
2024-08-21,25.718238830566406,25.89240327192733,25.563426403914413,25.863375249863942,12040000
2024-08-22,26.0568904876709,26.308461130595894,25.69888561433274,25.882726054452856,9083500
2024-08-23,27.26636505126953,27.440529493324608,26.163326045600336,26.26975843590422,15426600
2024-08-26,27.285717010498047,27.450205444825173,27.072848539304292,27.285717010498047,9143400
2024-08-27,28.16621208190918,28.408106718557633,27.08252329769987,27.38247213040126,11681500
2024-08-28,27.750152587890625,28.34037608286414,27.343769530705675,28.0210733956742,7243200
2024-08-29,27.80820655822754,28.117831390625213,27.721124343426997,27.943666961024128,5303200
2024-08-30,27.982372283935547,28.495189589790705,27.904966072250772,27.99204829108485,6022900
2024-09-03,28.620973587036133,28.911246415372407,28.262968709612405,28.553243383458312,9814100
2024-09-04,28.72806167602539,29.107727092241387,28.51389177451026,28.601505299414168,6061100
2024-09-05,29.020111083984375,29.711298874038956,28.83514693263648,29.0006424437643,7387200
2024-09-06,28.91302490234375,29.57500504055518,28.650178782531306,29.020108914379126,8500100
2024-09-09,28.942230224609375,29.351101367886173,28.601503962410582,29.107725731574,10258200
2024-09-10,28.47494888305664,28.981170642167296,27.501446357140175,28.971435394091085,7386900
2024-09-11,28.046606063842773,28.61123743068721,27.462504201670583,28.61123743068721,8536700
2024-09-12,28.105018615722656,28.62097376381556,27.569591114754864,28.523623140293353,7681700
2024-09-13,27.92005157470703,28.552827818772485,27.890845831697746,28.221836825235115,6012300
2024-09-16,27.783761978149414,28.095282478109855,27.61826648044435,27.890845989505415,4350000
2024-09-17,27.68641471862793,28.212105161923798,27.433303817482187,27.988200007497944,7269100
2024-09-18,28.13422203063965,28.397068152693812,27.628000282270595,27.83243677391561,8617900
2024-09-19,28.17316436767578,28.620974650214553,28.066078492804007,28.484684887147754,5736300
2024-09-20,28.27051544189453,28.640445600423387,27.93952442051192,28.241309696428257,6532600
2024-09-23,28.844879150390625,29.000641263473476,28.06607786901998,28.28024775719473,6696700
2024-09-24,28.961700439453125,29.652886348588687,28.77673443774849,29.010374823518628,9022800
2024-09-25,27.637737274169922,29.44845264239342,27.608533385526826,28.961701359048075,10392600
2024-09-26,29.13692855834961,30.80161685273987,28.95196257337006,29.438713797246777,27608000
2024-09-27,28.74753189086914,29.78917935564858,28.669651758646626,29.40951208635611,11657600
2024-09-30,28.844879150390625,29.156401519747604,28.620974014097655,28.73779513470761,9592600
2024-10-01,29.088253021240234,29.409508762450418,28.280246044450468,28.766997280030054,9465900
2024-10-02,28.786468505859375,28.864348631256824,28.387332631096356,28.825409496962425,7088700
2024-10-03,29.701562881469727,30.129904521330523,29.224546857064887,29.282956489879485,10322100
2024-10-04,30.42195701599121,31.346785252000902,30.129906971361255,30.616658283617117,9565300
2024-10-07,30.217517852783203,30.53877359672284,29.93520124248029,30.334337110502005,5292500
2024-10-08,29.857324600219727,30.752947060011206,29.68209383639831,30.50957141177231,7657700
2024-10-09,29.82811737060547,30.54850903074992,29.70156285681078,30.17857888081959,6665800
2024-10-10,29.555538177490234,29.98387796498374,29.214811911722716,29.244017656837226,4603600
2024-10-11,29.80864906311035,29.925468329944525,29.175870916658294,29.244017655255124,4451400
2024-10-14,29.56527328491211,30.032554063663905,29.175870779143516,29.93520343722176,5805600
2024-10-15,29.682092666625977,30.324604204110543,29.633418281619992,30.178579192283827,5410000
2024-10-16,30.09096336364746,30.41221912758357,29.711297967216264,29.83785248042375,6313300
2024-10-17,29.29269027709961,30.013081901910706,29.195339656058398,30.013081901910706,7515000
2024-10-18,30.159107208251953,30.353808452291666,29.156400814830853,29.38030594571045,8078900
2024-10-21,29.6334171295166,29.974143381737854,29.370571004362322,29.759971639697167,7617900
2024-10-22,29.682092666625977,29.935203553636377,29.224547134419925,29.56527339988811,9247100
2024-10-23,29.915733337402344,29.974144828127713,29.477658297814774,29.652887199564532,6683000
2024-10-24,28.25104522705078,29.944939488026453,27.82270357331167,29.740502981338473,16801800
2024-10-25,28.650178909301758,28.85461354329913,28.35812704483723,28.59176927913232,9321800
2024-10-28,29.497127532958984,29.633419157258803,28.66965182255356,29.146667865580874,13045900
2024-10-29,30.20778465270996,30.324603918346984,29.02984560721604,29.23428210729395,9444700
2024-10-30,30.636123657226562,30.996320406872556,30.236987772294047,30.266193516365462,7542700
2024-10-31,29.769704818725586,30.84055788408003,29.701559944379056,30.636121404231876,6561000
2024-11-01,29.798913955688477,30.21752035357661,29.721033825161065,29.92546847149223,6158200
2024-11-04,29.117460250854492,30.022817892358503,29.107725002828687,29.740501270036305,5578300
2024-11-05,29.818382263183594,29.828117511492053,29.13693159287036,29.16613548098698,5793400
2024-11-06,30.558242797851562,31.054729294320577,30.16884217027057,30.64585817115837,8178400
2024-11-07,30.431690216064453,30.762681234657272,30.22725371314123,30.334339588806195,5654500
2024-11-08,30.937910079956055,31.035258844387997,30.421953087146928,30.53877420399738,4071200
2024-11-11,31.78485870361328,32.067171611532615,30.86003056863075,31.054729958179017,7113700
2024-11-12,31.18128776550293,31.67777618189033,30.71400695300865,31.36625564022748,6546300
2024-11-13,31.522014617919922,32.27161205105071,31.035261470528845,31.035261470528845,7172300
2024-11-14,31.56094741821289,32.20346259563863,31.434394774432462,31.687503775610423,6263500
2024-11-15,31.736181259155273,31.794592748348244,30.918440835349802,31.395456856239967,6251400
2024-11-18,31.473337173461914,31.911410321526233,31.181283456596006,31.736179576853598,6988100
2024-11-19,31.502540588378906,31.697241825504083,30.90870348627487,31.074198980788687,4246300
2024-11-20,30.928176879882812,31.46360254694327,30.61665635673427,31.385724272964918,6452700
2024-11-21,30.947647094726562,31.385723986917082,30.772416337850355,30.898970852922748,5153300
2024-11-22,31.122873306274414,31.28836880049369,30.840558555434832,31.0157892971739,5942600
2024-11-25,31.57068634033203,31.794591469472724,31.366251706805834,31.531745349103044,7658900
2024-11-26,31.113140106201172,31.512275996735397,30.947646457899946,31.03525997772641,5992900
2024-11-27,31.502540588378906,31.512273979107416,30.86976249612639,31.093669475862928,4108200
2024-11-29,31.502540588378906,31.74591620638107,31.317572741982243,31.541481578527385,2665100
2024-12-02,32.125579833984375,32.51498228711584,31.463597891831093,31.512272270068273,10732800
2024-12-03,32.10611343383789,32.7583620689592,31.90167879100393,32.18399541984177,7750100
2024-12-04,33.245113372802734,33.245113372802734,32.20346594750646,32.32028521300784,8240500
2024-12-05,33.916831970214844,35.162914155328366,33.478755041505295,34.52040256442697,15580600
2024-12-06,33.274314880371094,34.31596223114922,33.157495623226815,34.26728785014054,6768100
2024-12-09,33.001739501953125,33.56636907675905,32.91412411973628,33.48849080013168,6917700
2024-12-10,32.553924560546875,33.29378859238748,32.407901403411884,33.09908733592324,6559200
2024-12-11,32.69021987915039,33.16723408503189,32.514989109833735,32.5539263924236,8156600
2024-12-12,32.3494873046875,32.875179540679504,32.3494873046875,32.73888978622616,5285900
2024-12-13,32.14505386352539,32.50524875843752,31.97955650297608,32.26187312686657,5863800
2024-12-16,31.82379913330078,32.42737342813726,31.765391353142114,32.12558628071902,4297000
2024-12-17,31.94061851501465,32.2424019147462,31.551216027701056,31.648564792720784,5417500
2024-12-18,31.60962677001953,32.82650487217776,31.580419170308,31.94061776235126,8729500
2024-12-19,31.911413192749023,32.20346693589241,31.492806788768956,31.911413192749023,7319300
2024-12-20,32.39816665649414,32.55392693028045,31.668039676817493,31.668039676817493,15017800
2024-12-23,32.962799072265625,32.98226957016088,32.32028749619317,32.34949138622718,4774100
2024-12-24,33.43981170654297,33.47875270050928,32.86544504320135,32.94332703113398,2272300
2024-12-26,33.45938491821289,33.576823299330414,33.02878872032243,33.12665030474022,2954500
2024-12-27,33.312591552734375,33.498530050880824,33.07771853065146,33.16579544728505,2827100
2024-12-30,32.84284973144531,33.214726733283,32.500326724683106,32.9700690426729,5015800
2024-12-31,32.90156173706055,33.22451164671958,32.8134848283517,32.82327322553029,3324600
2025-01-02,32.65690612792969,33.14622148863122,32.54925615126656,32.91135220607525,3418600
2025-01-03,32.89178466796875,32.97007319757629,31.65870766132005,32.705842410437285,5561700
2025-01-06,33.107078552246094,33.674682420066915,33.03857096834957,33.18536706741661,5035200
2025-01-07,32.1773796081543,33.60617958511632,31.874002736396612,33.224514195821804,8371200
2025-01-08,32.1773796081543,32.1773796081543,31.472764284422894,31.971864316612645,5679400
2025-01-10,32.412254333496094,32.86242738430762,31.991442748220923,32.34375046921229,9648900
2025-01-13,31.962078094482422,32.28502801318329,31.570624326332243,32.030581943931736,7559900
2025-01-14,32.42203903198242,32.500327553721036,32.02080055847402,32.2458851915953,6697800
2025-01-15,32.09908676147461,32.95049443972253,31.971863723011843,32.95049443972253,5951800
2025-01-16,31.47276496887207,31.619561075568534,30.533280338918892,31.48254963383447,9664400
2025-01-17,31.414045333862305,31.639133689784735,31.179176046296316,31.31618375290648,10466500
2025-01-21,32.559043884277344,32.61776307030739,31.648917033300894,31.668490095310908,8090600
2025-01-22,31.179176330566406,33.01900318811433,31.140030204555163,32.94071093609184,12015500
2025-01-23,31.247678756713867,31.56084028413461,31.13024225063612,31.384686458312956,13108900
2025-01-24,31.48255157470703,31.492339973452946,31.071528423705814,31.345543857706627,6471400
2025-01-27,31.883790969848633,32.19695250474043,31.24767950218593,31.384687207053595,7026800
2025-01-28,31.169387817382812,31.70763581627665,31.032378251644246,31.697847418806138,7684400
2025-01-29,30.973661422729492,31.453190243922375,30.78772106623758,31.2672517540204,9683700
2025-01-30,30.591999053955078,32.38289334457729,30.288624028382497,30.6213586499486,17452000
2025-01-31,30.05375099182129,30.797510624301722,29.858025951646514,30.62135864812146,11303400
2025-02-03,29.828664779663086,30.239689768880847,29.30999167734331,29.525289770137366,10246900
2025-02-04,30.132041931152344,30.14182659613193,29.495930445256963,29.68187081189977,9775000
2025-02-05,30.229902267456055,30.670286836984374,29.926527267664305,30.132040688974172,7703400
2025-02-06,30.425630569458008,30.640928665334698,30.092895960727635,30.415844037837697,7366300
2025-02-07,30.337553024291992,30.5430645842998,30.151612660530162,30.484347262381856,5575700
2025-02-10,29.486143112182617,30.327766138392665,29.427425790950984,30.26904881716103,6131800
2025-02-11,29.133840560913086,29.613369448623185,28.957686711021584,29.535079056070316,7409700
2025-02-12,29.241485595703125,29.2512721270624,28.761956758638657,29.0164009742098,7807400
2025-02-13,29.29041862487793,29.417639800985906,28.664095542641697,29.2121282395984,10098900
2025-02-14,29.6329402923584,29.691657615724516,29.172982637318654,29.44699992401063,7018600
2025-02-18,29.35892105102539,30.190757520789095,29.15340949963138,30.171184458773496,9750500
2025-02-19,29.554649353027344,29.809091705052687,29.10447823806477,29.163195560332927,7730600
2025-02-20,29.955886840820312,29.955886840820312,29.407852295426128,29.525288802750584,7798500
2025-02-21,29.172985076904297,30.6800774798554,29.04576388787385,30.043967801522747,10258700
2025-02-24,29.623153686523438,29.965674827383225,29.261059482393936,29.486144110225492,17429400
2025-02-25,29.603580474853516,29.80909203838515,29.280632398882354,29.62315353802511,9553300
2025-02-26,30.034177780151367,30.249475869881522,29.66229705555656,29.750373971034804,8528800
2025-02-27,29.985244750976562,30.454988916555468,29.554648576865024,30.21033123584165,6893400
2025-02-28,30.396270751953125,30.484347669300735,29.82866498826299,29.975459228312328,6484800
2025-03-03,29.955886840820312,30.572423371151316,29.53507533391012,29.877596458133993,8206800
2025-03-04,28.820676803588867,29.672084524666822,28.722813353676788,29.672084524666822,11171600
2025-03-05,29.30999183654785,29.417639950234587,28.595589967333897,28.996828427250897,10285200
2025-03-06,28.898967742919922,29.495931252279973,28.703240839352308,28.947898535516778,7332100
2025-03-07,28.576017379760742,28.722811612434835,27.93990592718978,28.380290491801993,27553900
2025-03-10,27.57781410217285,28.28242755151108,27.05913914645792,28.03776987050045,14082400
2025-03-11,29.877595901489258,32.040370716113145,28.947895991144115,31.59019775752149,41161500
2025-03-12,29.631488800048828,30.163082632610223,28.843939808349134,29.946507645664532,21634500
2025-03-13,30.517480850219727,31.058919275530393,29.552735132044848,30.044952565112908,19473900
2025-03-14,31.236116409301758,31.40347040392251,30.399346436198,30.990007704133617,16207300
2025-03-17,31.629892349243164,31.974443039900795,31.108141209923772,31.206585069109,15046000
2025-03-18,31.88584327697754,32.25992956074816,31.40347043961892,31.816933139877797,10328600
2025-03-19,33.07700729370117,33.22467401366797,31.757864530797526,31.915373946279125,13433600
2025-03-20,33.61845016479492,33.89409070908193,32.96872334231786,33.165607299482424,14059000
2025-03-21,34.287864685058594,34.346928367583644,33.15576320260074,33.244362481708926,21663000
2025-03-24,34.29771041870117,34.45521984492226,33.785803844652385,34.25833212331566,16493500
2025-03-25,34.13035583496094,34.69148717717631,33.85471526745387,34.455221151226624,9624800
2025-03-26,33.85470962524414,34.38630527854465,33.480623377885955,34.25832771267887,8862400
2025-03-27,33.401878356933594,34.02207343069295,33.37234650995693,33.91378498468339,8042400
2025-03-28,33.06716537475586,33.864558921725816,32.83089936832451,33.79564878554183,10683700
2025-03-31,33.05732345581055,33.36249585027623,32.25992989010297,32.387907469732276,10676700
2025-04-01,31.098297119140625,32.64385953606907,30.802967414659438,32.21070955318473,17825800
2025-04-02,31.36409568786621,31.560983413739045,30.724211517609753,30.74390066572914,10174700
2025-04-03,28.410791397094727,30.527326025440765,28.400946822920215,30.320593723097094,18933600
2025-04-04,25.467330932617188,27.682309391817217,25.15231019674058,27.564176381155924,23120200
2025-04-07,25.555927276611328,26.5698958271155,24.11865332658953,24.699470026299824,19196900
2025-04-08,24.364763259887695,26.412387733491027,24.039899824862278,25.930014868008474,18258300
2025-04-09,28.105613708496094,28.607675698241817,23.94145481889152,24.19740810058505,28873500
2025-04-10,25.388574600219727,27.623240187412648,24.797913339873162,27.071957220664032,13581000
2025-04-11,25.7823486328125,25.831569623075303,24.60102608990102,25.2704420723735,13413700
2025-04-14,25.162155151367188,26.048146172916496,24.788070720992337,25.998925179698407,12196600
2025-04-15,25.408262252807617,26.21549850714418,25.103087983459496,25.112932557007554,8975700
2025-04-16,24.47304916381836,25.674058916131752,24.187562177132698,25.614993355240358,11604600
2025-04-17,24.354917526245117,24.748691083640505,23.902078404655526,24.48289510593639,11520700
2025-04-21,23.665813446044922,24.3352275314742,23.44923658877453,24.039897843127765,10956100
2025-04-22,24.364763259887695,24.38445240810997,23.69534724161459,24.098965391868575,9964200
2025-04-23,25.122777938842773,26.136744637330132,24.866824651339616,25.240909069899324,15331300
2025-04-24,26.04814338684082,26.274564813343666,24.246627813902805,24.266316960148327,22090000
2025-04-25,26.077678680419922,26.17612253992989,25.48701740102058,25.969390247192916,10540100
2025-04-28,26.23518943786621,26.983360179439988,25.851260431692243,26.067835431492334,14991400
2025-04-29,26.835695266723633,26.97351555016414,26.08752452667703,26.15643466839728,26757500
2025-04-30,27.524797439575195,27.74137430776528,26.19581189734911,26.57974088708905,15887100
2025-05-01,28.135149002075195,28.52892258143716,27.701997125946765,27.74137542271323,15584000
2025-05-02,29.385379791259766,29.582265628923,28.341879406429424,28.755340228820344,13782100
2025-05-05,29.611799240112305,30.113861222438253,29.168802821101053,29.188491968092755,11880600
2025-05-06,29.37553596496582,29.710243962933887,29.109738105815808,29.23771568732972,9472100
2025-05-07,29.808687210083008,30.09417233326684,29.306625223455836,29.365690787276556,8138300
2025-05-08,30.58639144897461,30.970320451672197,30.044953015546696,30.163084149764174,8522500
2025-05-09,30.694679260253906,30.960477123309154,30.52732525881103,30.763589400084417,7154100
2025-05-12,30.78327751159668,32.269772449023556,30.59623436859618,31.501914485150678,12506900
2025-05-13,30.802967071533203,31.216427902136974,30.72421048171102,30.96047649585667,11198900
2025-05-14,30.891565322875977,32.02366504522162,30.586391039627788,30.78327876423594,14419900
2025-05-15,31.354248046875,31.531444729635357,30.82265236561295,31.04907379151734,8258800
2025-05-16,32.16148376464844,32.299307793908504,31.305026522796787,31.462535943773194,10105500
2025-05-19,32.082733154296875,32.358373721269906,31.482227271687563,31.876002729067103,10637900
2025-05-20,31.99413299560547,32.378061990701376,31.816934420127208,32.0925749796174,7045000
2025-05-21,31.26565170288086,32.043354273955636,30.99000926326699,31.688957119832164,9982100
2025-05-22,30.72420883178711,31.34440379970851,29.84806247133028,31.17704981064436,17704200
2025-05-23,30.468259811401367,30.724211223864256,30.025263371253107,30.104018085317186,9083300
2025-05-27,32.151641845703125,32.250083827946824,30.950632012321712,30.980163855930645,13846200
2025-05-28,32.3780632019043,32.72261766947716,32.08273348349979,32.35837405330118,12112800
2025-05-29,33.185298919677734,33.79565124940601,32.919501051309815,33.07701048197365,13344400
2025-05-30,32.860435485839844,33.09669774068654,32.56510578962106,32.81121449569019,19814600
2025-06-02,32.594635009765625,33.0770059318652,32.318994482851586,32.92934297329862,13046200
2025-06-03,32.09257125854492,32.44696836840978,31.96459744523192,32.43712567327822,11261000
2025-06-04,31.76771354675293,32.20086353547234,31.66926780705239,31.935065671262365,9864300
2025-06-05,31.954755783081055,32.397752236793494,31.67911521424714,31.688957910853592,10255100
2025-06-06,32.95887756347656,33.00809855377159,32.32883987493024,32.456817453953974,9190600
2025-06-09,33.04747772216797,33.29358643547295,32.64385958256063,33.145919705361585,9748100
2025-06-10,33.82518005371094,34.08113144728785,32.99825467822448,33.09669665529543,10755400
2025-06-11,32.968727111816406,34.04176132446066,32.72261838190094,33.91378373341469,11325800
2025-06-12,32.0728874206543,32.65370034454208,31.905531552753175,32.47650553635372,10415800
2025-06-13,31.236116409301758,31.94491068188866,30.91125299358623,31.167206272280346,12160600
2025-06-16,31.698801040649414,32.1713292899799,31.364093061291896,31.5314451733103,10310300
2025-06-17,30.950632095336914,31.482225935988453,30.67498966239805,31.20658538071005,12669000
2025-06-18,30.851621627807617,31.316969543467074,30.613997039696045,31.010038019882003,8961500
2025-06-20,31.079345703125,31.465487320510192,30.831819848494256,30.99023624438014,17650900
2025-06-23,31.564495086669922,31.772417779550555,30.41597531100952,30.98033582684419,10929000
2025-06-24,31.544694900512695,32.366478757777244,31.40607914047364,32.099150386779456,10884400
2025-06-25,31.02984046936035,31.703111078358052,30.92092849188356,31.653604775653896,7059800
2025-06-26,31.208059310913086,31.3763769627783,31.109048594203134,31.188256789876625,6318900
2025-06-27,31.841724395751953,32.09914961145153,31.148651277714368,31.435782162992666,21619300
2025-06-30,32.11894989013672,32.18825681940807,31.71300768571409,32.079348628370504,9701000
2025-07-01,33.07935333251953,33.227870348312024,31.86152664463272,31.891228537013376,15871600
2025-07-02,33.65361404418945,33.762522238489204,33.06945292501585,33.37638254185563,9172200
2025-07-03,33.74272537231445,33.90114176376897,33.52490141771023,33.663515288114844,3733400
2025-07-07,33.47539520263672,34.109060734364625,32.93083534542259,33.66351347707329,8574800
2025-07-08,33.643714904785156,34.13876663165418,33.49520165289142,33.722924994017774,7706500
2025-07-09,34.19817352294922,34.48530442532739,33.78232811658344,33.980349558807866,9786300
2025-07-10,36.9803581237793,37.47540979224726,34.93084451847748,35.198172872683514,23739200
2025-07-11,36.76253890991211,37.13877546829007,36.46550865652887,36.920955296846145,10378100
2025-07-14,37.326900482177734,37.366505526285664,36.762541822946865,36.831848761663295,10601000
2025-07-15,36.76253890991211,37.297191855224106,36.683328827972794,37.01006475055558,9849600
2025-07-16,37.03976821899414,37.22788650618828,36.406102644293114,37.01996569766664,8705800
2025-07-17,36.10906982421875,37.584321677795565,35.940750293312874,37.25758954136395,15297200
2025-07-18,36.14867401123047,36.396199864921826,35.821941848369164,36.287291661931256,8191300
2025-07-21,36.495208740234375,36.91105031897463,36.1981785015707,36.2377797636333,9188800
2025-07-22,36.80214309692383,37.04966895722688,36.485310297891516,36.485310297891516,10725300
2025-07-23,37.0694694519043,37.47541168952196,36.98035999599092,37.17838142879228,12692500
2025-07-24,32.93083953857422,35.891250556692356,32.07935373248371,35.742733526369435,44107100
2025-07-25,32.88133239746094,33.059551308309885,32.297171251221535,33.019946266577975,16999800
2025-07-28,32.19816207885742,32.73281880567582,31.80211921967091,32.673411243714455,15894400
2025-07-29,30.792217254638672,32.51499700763236,30.782315993656404,32.32687871438655,13281700
2025-07-30,30.40607452392578,31.049643245050635,30.148649301642678,31.049643245050635,11884200
2025-07-31,30.623897552490234,30.980335370190332,30.069440193768546,30.198152801008963,13500800
2025-08-01,29.50507926940918,30.01003220785965,29.049632631868924,29.980330315785803,12572500
2025-08-04,29.455575942993164,29.88132070415671,29.316962072278468,29.683299270159413,7020300
2025-08-05,29.62389373779297,29.930825262339518,29.24765527755582,29.554586802102364,9324500
2025-08-06,29.415969848632812,29.94072530802517,29.267454722683212,29.633793795933023,8836000
2025-08-07,29.267454147338867,29.772407076418887,29.06943461278953,29.633793213387126,6313300
2025-08-08,29.32686424255371,29.713003973507025,29.20805100077524,29.643697035999754,7086000
2025-08-11,28.772403717041016,29.633794489257813,28.693195522116554,29.30706044913537,7961200
2025-08-12,30.41597557067871,30.574391962572427,29.039732457924924,29.089236872214578,12196500
2025-08-13,30.66349983215332,30.841718735928534,30.099141229179985,30.326864544682866,7877000
2025-08-14,30.396175384521484,30.514986735950757,29.920924313387243,30.21795646890519,5812700
2025-08-15,31.188257217407227,31.455585589646944,30.445679664611816,30.564492903986924,7885000
2025-08-18,31.000137329101562,31.109049308831636,30.713008321366438,31.029841111338598,8090700
2025-08-19,31.277366638183594,31.40607924958952,30.911027548305793,31.03974204818409,5219600
2025-08-20,30.871423721313477,31.346672890953617,30.79221552637345,30.920928134973867,5368800
2025-08-21,30.76251220703125,30.80211724933215,30.247657987953755,30.69320527147704,4871900
2025-08-22,32.44568634033203,32.54469516183103,30.91102505695871,30.91102505695871,8447700
2025-08-25,32.19816207885742,32.46549044226662,32.09914947558848,32.09914947558848,7783200
2025-08-26,33.069454193115234,33.178362391591236,32.168460274105385,32.20806153857637,8181800
2025-08-27,32.86153030395508,33.307077586871735,32.7031139119119,33.03974921712174,5190100
2025-08-28,32.65361022949219,33.01994743612619,32.22786545815613,33.01994743612619,5208300
2025-08-29,32.57440185546875,32.7427176127055,32.30707349667107,32.69321320039731,3666000
2025-09-02,31.930835723876953,32.61400573315277,31.39617896342899,32.00014266205226,7200600
2025-09-03,32.1897087097168,33.205279169526,31.980617099150216,32.020444434319444,4369700
2025-09-04,30.984956741333008,32.53818664702725,30.765910207827364,32.22953051328235,10494900
2025-09-05,31.2537841796875,31.72174585543348,30.85552033793588,31.094478642986854,8027900
2025-09-08,31.57239532470703,31.721745927390497,31.064610112241734,31.13430604732239,9332500
2025-09-09,30.855520248413086,31.54252656036126,30.50703867573956,31.472830625640913,6896100
2025-09-10,30.975000381469727,31.293611454269005,30.447299605226046,30.676301076416557,7513600
2025-09-11,31.582351684570312,31.701831785111082,30.467212941858055,31.2139583477905,11511900
2025-09-12,31.522613525390625,32.319141222548154,31.40313532035291,31.731703232814368,10397700
2025-09-15,31.293611526489258,31.652049933751556,31.05465322133832,31.622179433455766,8911000
2025-09-16,31.433002471923828,31.572394337727633,30.57673381267932,31.373263372161016,8161900
2025-09-17,31.980615615844727,32.4884046203411,31.423046242839433,31.602265444644793,10892500
2025-09-18,32.129966735839844,32.25940367215576,31.50269951938661,32.06027080047211,9021300
2025-09-19,32.37887954711914,32.60788100373458,31.841221971686366,32.349010947865104,22410900
2025-09-22,32.15983581542969,32.30918642094904,31.771528798851783,32.110053546304464,10781200
2025-09-23,33.1953239440918,33.265019880955705,32.10009882353576,32.11005375816902,12691400
2025-09-24,32.91653823852539,33.75289322928364,32.82692863958189,33.2351493018482,8455100
2025-09-25,31.791440963745117,32.73731922499921,31.52261216540068,32.73731922499921,9892700
2025-09-26,32.38883590698242,32.458531840406295,31.861137040160685,32.00052890700842,6824700
2025-09-29,32.617835998535156,32.91653718420843,32.26935634610747,32.617835998535156,9139200
2025-09-30,31.771528244018555,32.74727513477925,30.636475815952917,32.68753793212966,10283400
2025-10-01,32.13991928100586,32.40874806807275,31.67195953613035,31.851178727508273,8546700
2025-10-02,32.16979217529297,32.43862096651275,31.701830524116676,32.139919777506286,7438900
2025-10-03,32.37887954711914,33.344671436528756,32.36892081527223,32.60788100373458,9214100
2025-10-06,32.438621520996094,32.56805465375838,31.63213513355123,32.398794188695334,6908500
2025-10-07,32.24944305419922,32.61783637648331,31.95074566320824,32.428662248422484,8065900
2025-10-08,32.30918502807617,32.55810016111506,31.970660295217545,32.51827282827439,7688800
2025-10-09,31.542526245117188,33.58362959469286,31.333436543974052,33.384496726849086,10590300
2025-10-10,31.154218673706055,32.48840392634394,30.925215310140047,31.711788034800897,7987400
2025-10-13,31.761571884155273,32.17974940058421,31.423047137566527,31.5923095108609,4892700
2025-10-14,33.27497482299805,33.48406643178003,31.2836555583292,31.383221996330604,11028900
2025-10-15,33.41436767578125,33.732978731247535,33.105711554110556,33.60354180304455,7429100
2025-10-16,33.14554214477539,33.902242526378195,32.69749411704964,33.52389043650492,11017200
2025-10-17,33.374542236328125,33.65332597612964,33.04597243029612,33.08579976402307,8264400
2025-10-20,34.28059387207031,34.51955028290749,33.4541937724112,33.633412979610924,7636000
2025-10-21,34.52950668334961,34.82820407579271,33.91219823254808,33.97193543215065,9405000
2025-10-22,33.61349868774414,34.5992043090262,33.28493267941252,34.21089730002356,10576400
2025-10-23,31.51265525817871,33.00614794578093,30.885389962587478,32.677578149195355,27807800
2025-10-24,32.06026840209961,32.28926985805435,31.24382520853077,31.910917809973622,15189600
2025-10-27,32.11005401611328,32.59792937622352,31.731703827639073,32.319141828384645,9621300
2025-10-28,30.95508575439453,32.0403558743708,30.89534665486578,32.01048727414229,11384700
2025-10-29,30.526952743530273,30.99491252499372,30.32781987108057,30.885391154311016,10919900
2025-10-30,29.95942497253418,30.63647442487398,29.919597640480443,30.35768879771297,6580200
2025-10-31,30.168514251708984,30.258123854163454,29.79016407395707,29.86981684290862,8462500
2025-11-03,30.297950744628906,30.626518649127966,29.620901268916473,30.02912194120101,8815200
2025-11-04,29.541248321533203,30.039078591933784,29.133027651730472,29.89968672392459,12954900
2025-11-05,31.4827880859375,31.512656687657095,29.670684251766197,29.670684251766197,9061800
2025-11-06,31.37326431274414,31.83126725644304,30.91525946997344,31.452917081173158,7749500
2025-11-07,32.30918502807617,32.3290986944965,30.71612779681295,31.024782030041074,8647100
2025-11-10,32.518272399902344,33.43428205245323,32.32909826861649,32.60788199854163,7819100
2025-11-11,31.851181030273438,32.65766555070937,31.652050058068117,32.65766555070937,7650900
2025-11-12,33.1953239440918,33.33471581781962,31.891007214800332,31.891007214800332,8948800
2025-11-13,32.89662551879883,33.65332586642636,32.72736125008282,33.09575838864089,7849200
2025-11-14,32.67757797241211,32.93645183465059,32.27931224503451,32.40874917615375,7673600
2025-11-17,31.711788177490234,32.687536937636324,31.43300254615253,32.65766453907676,5773700
2025-11-18,31.82131004333496,32.12000744661197,31.393177605057055,31.52261264005795,7093400
2025-11-19,31.781484603881836,32.82692931332223,31.64209273558516,32.20961704208902,5614400
2025-11-20,31.024782180786133,32.51827298627611,31.014825347527587,32.229530518993606,7806000
2025-11-21,32.65766525268555,33.09575832512604,31.174131262331837,31.38322096517191,7111200
2025-11-24,33.135581970214844,33.28493257234016,32.6477104264735,32.87671189776036,6136600
2025-11-25,34.21089553833008,34.57928886147193,32.8866652443908,33.155494036351634,7179100
2025-11-26,34.907859802246094,35.236425804493884,34.08145973324505,34.21089666656376,4766200
2025-11-28,34.65894317626953,35.18664202287851,34.62907077870101,34.89789956795748,2546100
2025-12-01,34.619117736816406,34.95764247532695,34.13124239673162,34.38015753392632,6694000
2025-12-02,35.27625274658203,35.5749501448088,34.29054715447586,34.69876781828592,7239000
2025-12-03,35.525169372558594,35.61477897561056,35.13686235871461,35.266295497900174,6539400
2025-12-04,35.654605865478516,36.13252247641758,34.96759765126194,35.49530032849883,10861300
2025-12-05,37.68574905395508,38.004360115583864,35.15677422704451,35.15677422704451,15212300
2025-12-08,37.78532028198242,38.20349590813267,37.21779404755351,37.93466709211734,12448300
2025-12-09,37.98445129394531,38.53206383382062,37.38705268832752,37.43683495592645,8837400
2025-12-10,39.657161712646484,39.67707158137203,37.924710676467186,38.034233945175664,17176500
2025-12-11,40.56321334838867,40.961475298046466,39.59742137876352,39.756726918255374,22816800
2025-12-12,40.9913444519043,42.01687743695593,40.91169358015736,41.22034972876804,20008600
2025-12-15,41.53895950317383,41.777915909028955,40.73247308758969,41.42943623459706,18835600
2025-12-16,41.987003326416016,43.351061006653225,41.7380881903624,42.44501006334378,12565100
2025-12-17,40.80216979980469,42.644144137569036,40.80216979980469,41.987004513589184,12332900
2025-12-18,40.553253173828125,41.64848204226901,40.493512174338925,41.07099710830396,10585500
2025-12-19,41.08095169067383,41.17056129006848,40.513425493888896,40.72251709123873,17197900
2025-12-22,42.05670166015625,42.156266192009134,41.100864682908764,41.210387946832995,7295900
2025-12-23,41.37965393066406,42.47487901919454,41.21038966169854,41.847611807617625,8845300
2025-12-24,41.29999923706055,41.5489143750357,41.14069370068219,41.29999923706055,2013300
2025-12-26,41.279998779296875,41.630001068115234,41.11000061035156,41.16999816894531,5291000
2025-12-29,41.119998931884766,41.70000076293945,40.970001220703125,41.18000030517578,4953500
2025-12-30,41.27000045776367,41.56999969482422,41.02000045776367,41.119998931884766,6535800
2025-12-31,41.33000183105469,41.65999984741211,41.220001220703125,41.34000015258789,6352100
2026-01-02,41.29999923706055,41.84000015258789,40.849998474121094,41.5099983215332,6338700
2026-01-05,42.439998626708984,42.79999923706055,41.119998931884766,41.130001068115234,7849900
2026-01-06,42.47999954223633,43.20000076293945,42.150001525878906,42.52000045776367,7993200
2026-01-07,42.63999938964844,43.189998626708984,42.439998626708984,42.58000183105469,10053400
2026-01-08,42.91999816894531,43.380001068115234,42.540000915527344,42.65999984741211,8238400
2026-01-09,44.52000045776367,45.02000045776367,43.869998931884766,44.20000076293945,12343400
2026-01-12,43.849998474121094,44.0099983215332,43.16999816894531,43.9900016784668,8381800
2026-01-13,43.20000076293945,44.43000030517578,42.900001525878906,43.29999923706055,7418300
2026-01-14,42.54999923706055,43.720001220703125,41.75,43.119998931884766,8868400
2026-01-15,43.099998474121094,43.40999984741211,42.540000915527344,43.0099983215332,7874600
2026-01-16,43.119998931884766,43.310001373291016,42.619998931884766,43.060001373291016,6841900
2026-01-20,42.380001068115234,43.13999938964844,41.86000061035156,42.470001220703125,9655100
2026-01-21,42.849998474121094,43.470001220703125,42.349998474121094,42.849998474121094,11975200
2026-01-22,42.439998626708984,43.90999984741211,42.2400016784668,43.119998931884766,10195500
2026-01-23,41.95000076293945,42.43000030517578,41.7599983215332,41.810001373291016,7012900
2026-01-26,42.029998779296875,42.40999984741211,41.709999084472656,41.869998931884766,6183500
2026-01-27,41.34000015258789,42.5,41.20000076293945,42.04999923706055,7890600
2026-01-28,40.86000061035156,42.02000045776367,40.68000030517578,41.88999938964844,10626300
2026-01-29,48.5,49.119998931884766,42.68000030517578,43.380001068115234,34535300
2026-01-30,47.52000045776367,49.849998474121094,47.29999923706055,48.540000915527344,14685000
2026-02-02,49.63999938964844,49.79999923706055,48.099998474121094,48.77000045776367,13003200
2026-02-03,51.189998626708984,51.209999084472656,49.93000030517578,50.0,10884600
2026-02-04,52.59000015258789,52.77000045776367,50.86000061035156,51.54999923706055,12376600
2026-02-05,52.5099983215332,52.970001220703125,51.880001068115234,52.529998779296875,7803300
2026-02-06,54.2599983215332,54.70000076293945,52.66999816894531,52.849998474121094,14795400
2026-02-09,53.36000061035156,54.25,53.099998474121094,53.81999969482422,8403300
2026-02-10,54.06999969482422,54.54999923706055,53.189998626708984,53.27000045776367,8464700
2026-02-11,51.43000030517578,54.70000076293945,51.22999954223633,54.2400016784668,10556400
2026-02-12,50.83000183105469,52.7400016784668,49.79999923706055,52.209999084472656,13189800
2026-02-13,51.11000061035156,51.720001220703125,50.209999084472656,51.08000183105469,9161900
2026-02-17,54.2599983215332,55.11000061035156,52.63999938964844,52.66999816894531,12962200
2026-02-18,54.79999923706055,54.88999938964844,53.150001525878906,53.68000030517578,13316600
2026-02-19,52.08000183105469,54.70000076293945,52.0,54.310001373291016,9750000
2026-02-20,52.09000015258789,52.40999984741211,51.29999923706055,52.18000030517578,7074600
2026-02-23,50.900001525878906,52.369998931884766,50.25,51.869998931884766,8914300
2026-02-24,50.63999938964844,51.43000030517578,50.16999816894531,50.68000030517578,9321300
2026-02-25,49.88999938964844,50.79999923706055,49.400001525878906,50.709999084472656,10176200
2026-02-26,50.93000030517578,51.650001525878906,49.97999954223633,50.56999969482422,11230300
2026-02-27,49.2599983215332,50.90999984741211,48.709999084472656,50.72999954223633,9146300
2026-03-02,48.27000045776367,49.02000045776367,46.95000076293945,48.0,10033400
2026-03-03,47.75,48.31999969482422,46.02000045776367,46.52000045776367,12373400
2026-03-04,47.150001525878906,48.38999938964844,46.779998779296875,47.93000030517578,7909800
2026-03-05,43.900001525878906,46.619998931884766,43.88999938964844,46.25,15598900
2026-03-06,41.560001373291016,43.0,40.470001220703125,43.0,14084100
2026-03-09,43.029998779296875,43.11000061035156,38.81999969482422,40.689998626708984,14823200
2026-03-10,42.81999969482422,44.61000061035156,42.119998931884766,42.380001068115234,10990700
2026-03-11,41.849998474121094,42.93000030517578,41.38999938964844,42.54999923706055,7960500
2026-03-12,38.61000061035156,40.68000030517578,38.542301177978516,40.5,8537928
