date,close,high,low,open,volume
2021-03-15,84.33076477050781,84.4105849796344,83.62128713480494,84.37511008292755,264100
2021-03-16,83.9494400024414,84.25096652963954,83.77206548690198,84.25096652963954,150900
2021-03-17,84.16226196289062,84.25981623091623,83.55033187548351,84.04696686459985,179600
2021-03-18,83.95830535888672,84.88063255998736,83.7809376058907,84.23323417202043,150000
2021-03-19,83.57695007324219,83.99377169301611,83.10691948622747,83.89621740897773,407500
2021-03-22,83.70110321044922,83.89621176540132,83.18673410738315,83.36410183035146,149200
2021-03-23,82.92066955566406,83.69223330178009,82.72556101530292,83.24880726137546,139600
2021-03-24,83.0714340209961,83.90507715452124,83.06257037168015,83.30201745995625,158300
2021-03-25,83.96717071533203,84.06472500344367,82.50386315980325,83.00936866813366,229900
2021-03-26,85.45953369140625,85.5130217296641,84.24708827892289,84.407559195329,165400
2021-03-29,85.43280029296875,85.66458635532261,84.78199960618535,84.98704844771895,202300
2021-03-30,85.20991516113281,85.47736215839785,85.00486634176022,85.28123708105655,232700
2021-03-31,84.87113189697266,85.30797351644432,84.80872692299556,85.19207370646399,200800
2021-04-01,85.2455825805664,85.2455825805664,84.65718689905894,84.88897975555884,215300
2021-04-05,85.89636993408203,86.17274067337247,85.70023805511224,85.83396495455824,191600
2021-04-06,85.75373840332031,86.092507342259,85.67349953784638,85.79830950490975,220900
2021-04-07,85.75373840332031,86.06576332097872,85.49520152822247,85.94095335391535,322300
2021-04-08,85.73590087890625,85.76264489905031,85.37038793421603,85.72699073994676,224000
2021-04-09,86.20841217041016,86.25299007973547,85.69134515106032,85.92313123497665,151600
2021-04-12,86.27079772949219,86.4491025249952,86.05683877652105,86.19948261292346,123600
2021-04-13,85.95877838134766,86.09250528618847,85.56652140921634,85.9944393427474,271400
2021-04-14,86.27970886230469,86.54716263674102,85.88744514023327,85.94093997609974,141000
2021-04-15,86.77003479003906,86.79677880600822,86.31536611366806,86.57390293742287,158200
2021-04-16,87.32278442382812,87.42976731608474,87.07316447686277,87.18906431054914,171400
2021-04-19,87.10881042480469,87.30494229264849,86.89485147880792,87.25145425655737,153800
2021-04-20,86.52043914794922,86.77005910244561,86.27081239181918,86.6630762069613,147700
2021-04-21,87.36737060546875,87.40303157293238,86.48478376605472,86.5026108489695,130800
2021-04-22,86.57392120361328,87.4654248660526,86.43127735283906,87.39410294066549,138900
2021-04-23,87.18907928466797,87.41195524725492,86.4223854292381,86.5561055654826,108800
2021-04-26,86.9126968383789,87.42085369302826,86.89486975647617,87.33170468024716,394400
2021-04-27,87.1801528930664,87.24255788376188,86.752228098559,87.04642596968073,155400
2021-04-28,87.2782211303711,87.42085819784424,87.1355772612639,87.2782211303711,118800
2021-04-29,88.04489135742188,88.09837939320391,87.45649575729053,87.6437106841599,196500
2021-04-30,87.58133697509766,87.82204682531477,87.3584610109294,87.78638585485169,136100
2021-05-03,88.45498657226562,88.68677940824705,88.10730071910979,88.10730071910979,352400
2021-05-04,88.61547088623047,88.66004199112854,87.87552116825994,88.22320707397937,594900
2021-05-05,89.16819763183594,89.3732464768207,88.66004079176375,88.99881655290088,146800
2021-05-06,90.05078887939453,90.05078887939453,88.99881426191364,89.2751782269832,140500
2021-05-07,90.58567810058594,90.66591015693297,89.7654964503093,89.88138946557693,301800
2021-05-10,90.69265747070312,91.58416100435088,90.66590665132266,91.0225094251082,269300
2021-05-11,89.4178237915039,90.2825766667532,89.11470899678723,89.97055173221649,207500
2021-05-12,88.23210906982422,89.5515305394057,88.1429600734956,89.36431560662585,310600
2021-05-13,89.39998626708984,89.85465503982824,88.06273077214543,88.16971366032892,190300
2021-05-14,90.32714080810547,90.56784377760243,89.87247208613076,89.94379400362334,155700
2021-05-17,90.3360824584961,90.63919048830233,90.09537262152358,90.30933843252899,130900
2021-05-18,89.50696563720703,90.36280830413664,89.4534707944013,90.2825694407445,152900
2021-05-19,89.02555084228516,89.02555084228516,87.86659343118943,88.68678191982049,326600
2021-05-20,89.49806213378906,89.81008709019973,88.85617833681061,89.09688816149449,192800
2021-05-21,89.84574127197266,90.29149311936418,89.65852631226423,89.84574127197266,134000
2021-05-24,90.12210083007812,90.39847158704545,89.94380282050115,90.27366162001495,117700
2021-05-25,89.66743469238281,90.34497253855176,89.53370779060668,90.26474047846574,138600
2021-05-26,89.72984313964844,89.81899214373249,89.28409131759518,89.75658716071035,338400
2021-05-27,89.99726867675781,90.36278834840506,89.81005377236463,90.18449038278241,130200
2021-05-28,90.12210083007812,90.29148870031942,90.02404168595395,90.29148870031942,112100
2021-06-01,90.05968475341797,90.78180724701305,89.97053575961046,90.71940227118456,120700
2021-06-02,90.2469253540039,90.38064547186119,89.9259834678791,90.30933034288185,233500
2021-06-03,90.58567810058594,90.69266097734776,89.87247252543867,89.98837234233876,126400
2021-06-04,90.9244384765625,90.96901637143868,90.6659016498706,90.90661139959111,136400
2021-06-07,90.71049499511719,91.04035378914185,90.57676808934325,91.03143684832145,275100
2021-06-08,90.53219604492188,90.67483308839658,90.13101533178143,90.60351116584279,134700
2021-06-09,90.3003921508789,90.6391610391181,90.26473119396447,90.50543415109692,162900
2021-06-10,90.35389709472656,90.96903681376513,90.31823613113833,90.74616089256371,113400
2021-06-11,90.3360824584961,90.55895841040102,90.00622360108846,90.55004146786723,93300
2021-06-14,89.93487548828125,90.24690717143784,89.49804065414723,90.23799023149935,83100
2021-06-15,90.0775375366211,90.25583556165334,89.78333967384758,90.0775375366211,119200
2021-06-16,89.47132110595703,90.11320492443487,89.14146225434088,90.11320492443487,140100
2021-06-17,88.49066925048828,89.63179302826468,88.06274443300502,89.48914915522552,422900
2021-06-18,86.81461334228516,87.61696789846073,86.81461334228516,87.61696789846073,294400
2021-06-21,88.4104232788086,88.4282571623249,87.30496055797724,87.34062152337614,267900
2021-06-22,88.49066925048828,88.72245534172558,88.08948845879131,88.44609133975499,112700
2021-06-23,88.18753814697266,88.58871886463575,88.17862800777765,88.56196804215183,84000
2021-06-24,88.8392562866211,88.92890099103585,88.49860367406401,88.64203383323711,176200
2021-06-25,89.3861083984375,89.49368616007206,88.84823326917139,88.95581103080595,114800
2021-06-28,89.09923553466797,89.34128377307323,88.79444215528702,89.34128377307323,158600
2021-06-29,88.88407897949219,89.50263220614325,88.76753471228298,89.35920205193877,171100
2021-06-30,89.30542755126953,89.36817953382707,88.70479361598667,88.75858591493109,133000
2021-07-01,89.87019348144531,89.88811968774314,89.48471507123855,89.55643357533586,88400
2021-07-02,90.16603088378906,90.23774939083138,89.76261941126599,89.96880840914933,135000
2021-07-06,89.3233413696289,90.00465339965703,88.76753328730963,90.00465339965703,96900
2021-07-07,89.56539916992188,89.64607735660542,88.97373177643087,89.17992076371036,141300
2021-07-08,88.76757049560547,89.02754502181817,88.26555449434237,88.48966975768555,172400
2021-07-09,89.98674011230469,90.0674251475186,89.35025371219932,89.35025371219932,117700
2021-07-12,90.35428619384766,90.39910513084102,89.47575158744834,89.68194058386814,113800
2021-07-13,89.90604400634766,90.30048890114121,89.85225855322211,90.2646296525734,123900
2021-07-14,89.8343276977539,90.28255805659279,89.49367508723927,90.06740939939682,212800
2021-07-15,89.87019348144531,89.97777123759127,89.38610383796801,89.40403688371883,89600
2021-07-16,89.22476196289062,90.19294148139961,89.11719102047049,90.19294148139961,125600
2021-07-19,87.72766876220703,88.27451048666953,87.09118231099502,88.12211376724994,230600
2021-07-20,88.9737319946289,89.29645842106036,87.91590800564865,87.91590800564865,131500
2021-07-21,89.8343276977539,89.91501271886021,89.43092311057991,89.43092311057991,166900
2021-07-22,89.59229278564453,89.8791599624471,89.29645908597072,89.8791599624471,155800
2021-07-23,89.9598388671875,90.02259084888048,89.61918622934745,89.85226794968698,93900
2021-07-26,90.20189666748047,90.31843412027101,89.7805589574207,89.7805589574207,102300
2021-07-27,90.2287826538086,90.2646419072448,89.57436324764122,89.7984784520275,84100
2021-07-28,90.04051971435547,90.38117233637966,89.76261223165807,90.30049415200001,117400
2021-07-29,90.6949462890625,90.90113530241567,90.47083106733044,90.57840883596519,99000
2021-07-30,90.31841278076172,90.74871691304638,90.183942311957,90.57838719659692,73700
2021-08-02,90.2287826538086,91.1431696783452,90.17499035392767,90.67701306258117,108700
2021-08-03,91.17903137207031,91.21489062646624,89.91502514201788,90.30050357745725,80100
2021-08-04,90.2287826538086,90.90112826696745,90.2287826538086,90.65012033236734,70600
2021-08-05,90.58737182617188,90.60529803385148,90.29153810355677,90.4529013304874,74500
2021-08-06,91.1611099243164,91.24178812132953,90.8563096657635,90.93699470223044,84400
2021-08-09,91.10731506347656,91.21489282926228,90.87424016345457,91.11628158715544,70600
2021-08-10,91.73482513427734,91.81550331439456,91.04454656471893,91.21487628645845,71400
2021-08-11,92.26373291015625,92.281665954115,91.82446908549929,91.94997303540127,141900
2021-08-12,92.39823150634766,92.4161577163105,91.97689375794971,92.28169404295319,98100
2021-08-13,92.44303894042969,92.49682439909616,92.22788342685773,92.43407241750093,90400
2021-08-16,92.73887634277344,92.73887634277344,91.75277073157855,92.27271968929263,80000
2021-08-17,92.46992492675781,92.71196631256007,91.78861286236803,92.32648792816943,90900
2021-08-18,91.2865982055664,92.3982076009339,91.22384622775016,92.17409241738265,182700
2021-08-19,91.07144165039062,91.34038260331899,90.41702915209218,90.5425331062714,92700
2021-08-20,91.44796752929688,91.62725695235154,90.86526664518959,91.06248911422156,83900
2021-08-23,91.94103240966797,92.21893995368592,91.87828041704215,91.87828041704215,84000
2021-08-24,91.96791076660156,92.120314301543,91.90515878378562,92.00377001956113,106600
2021-08-25,92.28167724609375,92.55957790638865,91.7886210686804,92.05756204535189,76400
2021-08-26,91.81551361083984,92.35338872363057,91.73483542167514,92.35338872363057,128700
2021-08-27,92.37132263183594,92.45200082175359,91.96791116388805,91.96791116388805,113700
2021-08-30,92.17407989501953,92.48783974147474,92.08443520166828,92.46094701741454,90100
2021-08-31,92.03067016601562,92.36235628892862,91.86930694641222,92.09342214922509,98800
2021-09-01,91.73482513427734,92.17408896252664,91.52863616377937,92.17408896252664,88400
2021-09-02,92.36235046386719,92.36235046386719,91.98583858835599,91.98583858835599,114200
2021-09-03,92.07548522949219,92.29960042287703,91.90515549389478,92.29960042287703,67900
2021-09-07,91.17903137207031,91.92309551201548,91.1431721176744,91.92309551201548,130000
2021-09-08,91.11627960205078,91.27764282748701,90.80251967466184,90.9907756310952,119700
2021-09-09,90.6142578125,91.33142233701206,90.5425393082129,91.00869590717308,114900
2021-09-10,90.0763931274414,91.08939146971089,90.03156734721418,91.08939146971089,123000
2021-09-13,90.6501235961914,91.00870246455736,90.17499360064487,90.75769452091978,144500
2021-09-14,89.62816619873047,90.96389106056033,89.48472916793996,90.96389106056033,101500
2021-09-15,90.54255676269531,90.77563852683461,89.64609580464882,89.67298853907754,90100
2021-09-16,90.12120056152344,90.8025126651551,89.6640036515052,90.6590756583051,84200
2021-09-17,89.56539916992188,90.04052228559941,89.52953991824488,89.95087073668047,108200
2021-09-20,88.2655258178711,88.65100421916199,87.3332058045291,88.29241854642233,238600
2021-09-21,88.09521484375,89.02753505562356,88.06832210947213,88.85721212537901,120100
2021-09-22,88.71376037597656,89.31438747341035,88.57033020379906,88.72272689906677,85600
2021-09-23,89.95087432861328,90.32739306653045,89.1082058186396,89.25163599162212,85400
2021-09-24,90.01362609863281,90.3722049227213,89.76261134653714,89.76261134653714,72300
2021-09-27,90.33636474609375,90.73977626754883,90.20190107839616,90.30051232767713,95400
2021-09-28,89.3233413696289,90.26462781689739,89.14405196988834,90.24669477325202,123200
2021-09-29,89.68598937988281,90.04682757403516,89.21690454517602,89.5055737240147,113200
2021-09-30,88.26970672607422,90.06486799903946,88.23362221777137,89.92955969592407,120200
2021-10-01,89.26200866699219,89.67697708080189,87.99908525945443,88.75683930397709,132300
2021-10-04,88.8650894165039,89.8393435959639,88.48620552638577,89.19885906892019,154300
2021-10-05,89.61381530761719,90.07388415125993,89.01843817091692,89.13570765237202,205900
2021-10-06,89.83033752441406,89.8483763390654,88.51328381752596,89.03649203141742,130600
2021-10-07,90.54298400878906,91.12032238596218,90.39864597328761,90.39864597328761,126500
2021-10-08,90.67829132080078,90.90381433698926,90.43472949158038,90.63319084701284,112800
2021-10-11,89.87543487548828,91.13836521206818,89.87543487548828,90.77752698984297,121400
2021-10-12,89.50555419921875,90.04680793116981,89.35220023694195,90.01974627693444,113900
2021-10-13,89.66796875,89.75817659622628,88.75685367355437,89.64992305130424,202100
2021-10-14,91.05716705322266,91.10226752296627,90.26332170267966,90.39863687674182,94500
2021-10-15,91.81492614746094,92.08555651071026,91.56234147905012,91.65254930599455,113600
2021-10-18,91.4541015625,91.86906313410924,91.129347831255,91.52627058775822,106400
2021-10-19,92.29304504394531,92.29304504394531,91.67060614467141,91.86906063510766,82900
2021-10-20,93.23120880126953,93.27631615519272,92.38324698332409,92.43737030209918,110000
2021-10-21,93.12296295166016,93.28533979177527,92.74407906978091,93.28533979177527,86800
2021-10-22,93.43868255615234,93.5739977203903,93.03273706343845,93.08686725858273,76000
2021-10-25,93.60108184814453,93.72737419644237,93.2582824321217,93.66422802229344,73400
2021-10-26,93.74542236328125,94.06115326552438,93.57402952058783,93.69129903215885,110500
2021-10-27,92.58171081542969,93.83561829832958,92.55464915330354,93.83561829832958,145600
2021-10-28,93.3394775390625,93.34850038780138,92.69899292694257,92.69899292694257,96000
2021-10-29,93.3484878540039,93.56498801774859,93.15002650289789,93.19512697570264,82300
2021-11-01,93.54693603515625,93.82658923038036,93.2672897223478,93.70931286765502,116900
2021-11-02,94.01603698730469,94.15135217479272,93.49282193297296,93.70932210350404,124300
2021-11-03,94.40393829345703,94.44903876836311,93.6732390228477,93.6732390228477,86500
2021-11-04,94.16939544677734,94.8008571750652,93.70932654050095,94.8008571750652,107800
2021-11-05,94.53924560546875,94.99029161144442,94.31372260248091,94.71063840769672,158100
2021-11-08,94.77378845214844,94.97224980408693,94.52120377965079,94.96322695652168,89100
2021-11-09,94.66556549072266,94.79185785856232,94.29570435460802,94.73772764204685,129200
2021-11-10,94.51219940185547,94.93618384886794,94.42199155582287,94.47612176937642,110000
2021-11-11,94.55728912353516,94.71064312141947,94.48512010720741,94.71064312141947,157000
2021-11-12,94.79183959960938,94.93617075687433,94.42197853473796,94.81890126144552,74700
2021-11-15,94.7647705078125,95.02637113999566,94.63847817420132,95.02637113999566,77800
2021-11-16,94.6926040649414,95.07148107606308,94.63848074404294,94.82791924960378,91900
2021-11-17,94.313720703125,94.55728251318388,94.16035983354571,94.55728251318388,195200
2021-11-18,93.96192169189453,94.26862971947914,93.63716796714795,94.26862971947914,90400
2021-11-19,93.07786560058594,93.60108068412275,93.00569657890843,93.60108068412275,109500
2021-11-22,93.61009216308594,94.33176858043603,93.32142297262918,93.38456914296609,181200
2021-11-23,94.44001007080078,94.49413338635796,93.74539540321139,93.80854156549992,347700
2021-11-24,94.36785125732422,94.43099742643508,94.14232824158306,94.27764342751101,120900
2021-11-26,92.3652114868164,92.76213422143371,91.99535729699119,92.60878021302854,135000
2021-11-29,92.75310516357422,93.33044353032071,92.35618245552992,93.33044353032071,179200
2021-11-30,90.6602554321289,92.02241642092208,90.54298593759808,92.01339357290695,285000
2021-12-01,90.16409301757812,92.52757654496094,90.16409301757812,91.63450738836714,175600
2021-12-02,91.73374938964844,92.14871093671691,90.29941934773969,90.41669572745286,167800
2021-12-03,91.76080322265625,92.36520323644251,91.06618849912131,92.23891090169361,206100
2021-12-06,92.84331512451172,93.3935918433283,92.41031478071872,92.56366878237806,105500
2021-12-07,93.89875793457031,94.10624213378902,93.56498828169238,93.58302709438195,117200
2021-12-08,93.69127655029297,94.15134540168913,93.27631505228665,93.97994571770676,127500
2021-12-09,93.66421508789062,93.91679974960606,93.23120789465285,93.42064639093942,83900
2021-12-10,94.45806121826172,94.52120738879727,93.88072283553198,94.2054765361195,105200
2021-12-13,94.2325439453125,94.50317433978182,93.97093639930331,94.3768819910073,116300
2021-12-14,94.25959777832031,94.66554333630322,93.94386693261112,93.96191262803235,211100
2021-12-15,95.3150405883789,95.32405655271461,94.04308761066088,94.54825691008139,171600
2021-12-16,95.97357940673828,96.54189496058552,95.61274118484718,95.61274118484718,175300
2021-12-17,94.51219940185547,95.5315680210346,94.4490532213909,95.5315680210346,257300
2021-12-20,93.6732406616211,93.7454096816331,92.87037924063303,93.61009448971473,226900
2021-12-21,94.5663070678711,94.73769986974243,94.0070075439553,94.23253054647388,89400
2021-12-22,95.22482299804688,95.22482299804688,94.29566940089653,94.62042304993757,115500
2021-12-23,95.757080078125,96.05477213001373,95.58568037265874,95.61274203511832,158500
2021-12-27,96.71654510498047,96.72561722270468,95.87237416282211,96.062992514241,101400
2021-12-28,96.91621398925781,97.17037865982364,96.72559568029281,96.74375376225852,98700
2021-12-29,97.09774780273438,97.2883660873959,96.88897143842226,96.97974106084038,191500
2021-12-30,96.96160125732422,97.5243840626442,96.87083162428011,97.37006806866222,128400
2021-12-31,96.96160125732422,97.25206823823281,96.81637122950947,96.94345010082704,92200
2022-01-03,97.41545867919922,97.42453772030463,96.7255969860517,97.03422205612266,90600
2022-01-04,98.46839904785156,98.69532658288274,97.80576759843785,97.80576759843785,144700
2022-01-05,98.06900024414062,99.49410482716816,98.04177004912712,98.67716435037055,273000
2022-01-06,98.05994415283203,98.4956481508506,97.81486541507667,98.2142532442069,182600
2022-01-07,98.5682373046875,98.78609271681047,97.99638242974139,98.13254033099861,385100
2022-01-10,98.50471496582031,98.73164253219734,97.66054414188655,98.68626117408978,383100
2022-01-11,99.22179412841797,99.22179412841797,97.99638681285087,98.70439962072169,302800
2022-01-12,99.19456481933594,99.47595275183278,98.74978878161666,99.28533444995308,187400
2022-01-13,98.84058380126953,99.60306412992439,98.62273524677416,99.25812974958596,209400
2022-01-14,98.76795196533203,98.81334024880732,97.94193922326369,98.18701794830294,286500
2022-01-18,97.46084594726562,98.12347051021518,97.04330008938308,98.12347051021518,360600
2022-01-19,96.62576293945312,97.887479758247,96.5985327372933,97.84209839640741,264300
2022-01-20,95.92681121826172,97.69684328289121,95.82696254535657,96.68928443832395,254700
2022-01-21,94.89202880859375,96.29897551783411,94.66510124981826,95.93589696401692,506500
2022-01-24,94.8103256225586,94.91925333736438,91.92380697035651,93.80276676776208,502400
2022-01-25,94.75588989257812,95.38221229650357,92.57738350635478,93.74833077551584,404100
2022-01-26,94.38371276855469,95.92681738954151,93.51230485345306,95.12803488019107,457800
2022-01-27,94.22032165527344,95.93589338153006,93.7392294313998,95.06449241940601,299200
2022-01-28,95.40033721923828,95.4094162599914,93.13106180048723,93.86631174535229,331600
2022-01-31,96.03573608398438,96.11742667287747,94.65601278581796,94.94647975512477,496800
2022-02-01,96.78006744384766,96.87083708200575,95.85419912890853,96.15374516758175,318600
2022-02-02,97.64237976074219,97.82391901914745,96.49866304200837,96.66205114468463,347500
2022-02-03,96.8708267211914,97.57883951849028,96.7346688158773,97.45176065360478,297600
2022-02-04,96.7528305053711,97.44269222219984,96.02666647343302,96.4896006317912,272400
2022-02-07,96.87992095947266,97.38823649875569,96.40790773704141,96.87992095947266,277700
2022-02-08,97.50623321533203,97.66054229548386,96.72560184773153,97.02514789175304,195000
2022-02-09,98.286865234375,98.42302315758536,97.92377974757389,98.03270747119811,256700
2022-02-10,96.89807891845703,98.36857216423148,96.51684223723858,97.47901298277478,295100
2022-02-11,95.89051055908203,97.44269426045484,95.57281335563373,96.92529969333057,268300
2022-02-14,95.2278823852539,95.9177371653901,94.41094180321959,95.83604656982635,354000
2022-02-15,96.15374755859375,96.38067512227161,95.67266223164144,95.85420151247186,237300
2022-02-16,96.29898071289062,96.55314540966542,95.65450724223425,95.84512557085544,333400
2022-02-17,95.01910400390625,95.72711685179372,94.82848569295803,95.72711685179372,193500
2022-02-18,94.61969757080078,95.29140802167227,94.22030984153703,94.87385528722638,234300
2022-02-22,93.93891906738281,94.78308976217353,93.32167590425325,94.4835437583139,438200
2022-02-23,93.00399017333984,94.57433193252184,92.84060205345547,94.4744832522992,393100
2022-02-24,92.56828308105469,92.70443406176803,90.62577701110617,91.25209922350263,481000
2022-02-25,95.40033721923828,95.60003456413301,92.94952253709874,92.94952253709874,376600
2022-02-28,94.84664916992188,94.99188614490753,93.72109031490365,93.96616905359176,396400
2022-03-01,93.51229858398438,94.95556135415936,92.95860175202833,94.61063398296335,348700
2022-03-02,95.40033721923828,95.8541923029885,94.04785100874078,94.12046948420777,391400
2022-03-03,95.6363525390625,96.26267482794695,95.05541853281129,95.79974066115064,538700
2022-03-04,95.73619079589844,95.77250003299537,94.4018557650213,94.64693445882702,273900
2022-03-07,93.89356231689453,95.41851600621581,93.87540423144804,95.41851600621581,411900
2022-03-08,92.83152770996094,94.9464943340307,92.83152770996094,94.10232349278672,301800
2022-03-09,94.27477264404297,94.8557065608238,93.9116872147353,94.33831207477591,280700
2022-03-10,94.14771270751953,94.25663351051138,93.15830488690398,93.35800225942894,230500
2022-03-11,93.4669189453125,94.8557144216227,93.41245855025065,94.39278028775959,206500
2022-03-14,93.61214447021484,94.69232175550162,93.23090787256497,93.93892067542296,375200
2022-03-15,94.73772430419922,94.84664510549077,93.66662589805996,93.92078366811337,215200
2022-03-16,95.80882263183594,95.80882263183594,94.20217156130356,95.29142805028548,333900
2022-03-17,96.97068786621094,96.99791806572142,95.5274249646388,95.5455830478322,328200
2022-03-18,97.12499237060547,97.26115028702199,96.31713083855455,96.91621597539623,339400
2022-03-21,97.59700012207031,98.02362503489107,97.09776365462768,97.27930292910148,348200
2022-03-22,98.1325454711914,98.31408473219106,97.77853906454685,98.10531527456935,321300
2022-03-23,97.13407897949219,98.00548001705778,97.13407897949219,97.95101961635987,294500
2022-03-24,98.16231536865234,98.16231536865234,97.40505023852218,97.65138815586837,185100
2022-03-25,99.08380889892578,99.09293458740429,98.2900480228154,98.3721583365396,313100
2022-03-28,99.0108413696289,99.0108413696289,98.18058449873655,98.86486512280867,226800
2022-03-29,99.46701049804688,99.61299367937889,98.63675377702005,99.47613618709543,339500
2022-03-30,99.39403533935547,99.7224905677893,98.91959691567912,99.51264146484363,311400
2022-03-31,97.91598510742188,99.38490791989302,97.87948930924635,99.12031860376685,426700
2022-04-01,98.20793151855469,98.29004879378378,97.31380894474977,98.29004879378378,235200
2022-04-04,98.02545928955078,98.18056119024493,97.24081713668987,98.18056119024493,345500
2022-04-05,97.4871597290039,98.81010619495162,97.31381340377439,97.73350460511813,251000
2022-04-06,97.92509460449219,98.08019650044449,96.97622489141717,97.04009078744815,269900
2022-04-07,98.54551696777344,98.86484647326398,97.45066399927009,97.84298509483308,277000
2022-04-08,99.16593933105469,99.50351328008078,98.53639899886397,98.63676070286138,200900
2022-04-11,98.23530578613281,99.30278168332019,98.12582536233583,99.06556945785263,407800
2022-04-12,97.97985076904297,99.10207393733356,97.62402543879853,98.53639950832002,231100
2022-04-13,98.3721694946289,98.4269097099874,97.66964454103572,97.82474645845919,223000
2022-04-14,97.98896789550781,98.91958630231368,97.96159778955193,98.41778478444641,194500
2022-04-18,97.88861083984375,98.49077408200021,97.50541541657496,97.77000472145907,207800
2022-04-19,98.89221954345703,99.00170693184742,97.97071983354003,98.01634131891804,194700
2022-04-20,99.64035034179688,100.00530128502506,99.30276950116026,99.30276950116026,264500
2022-04-21,98.58202362060547,100.2881587210801,98.41779600528504,100.14218248571856,273000
2022-04-22,95.98174285888672,98.13494607467221,95.87226243287607,98.13494607467221,469100
2022-04-25,96.10037231445312,96.255474251645,93.93804304099385,95.43433611230208,388700
2022-04-26,94.42158508300781,96.164222796926,94.39421497623194,95.56205260441145,299400
2022-04-27,94.54020690917969,95.46169973993098,94.10226427765338,94.54932563837463,264800
2022-04-28,95.93612670898438,96.28282632024401,94.23911052596931,95.11498872351561,400600
2022-04-29,93.15338897705078,95.56205590867107,92.9526655726055,95.47994558550432,280100
2022-05-02,93.12602233886719,93.78293279212166,91.5202420043409,93.26287984343884,710700
2022-05-03,93.78292083740234,94.49457141742505,93.17163195054806,93.42709554739099,372600
2022-05-04,96.31932830810547,96.39231990280928,93.71906365432118,94.00189738272145,561100
2022-05-05,94.24825286865234,95.72629454280572,93.3906189366338,95.67155432105557,495600
2022-05-06,94.33035278320312,94.49458039117829,93.07127909596794,93.80117416185409,390000
2022-05-09,92.24101257324219,93.37235441566602,91.89431294950978,93.20813377352546,465000
2022-05-10,91.93079376220703,93.38146488489777,91.19176618872018,93.18074151829296,3063600
2022-05-11,91.547607421875,93.54570878799093,91.42900130311699,92.00379443982939,439600
2022-05-12,91.62059020996094,91.68445610790212,90.20641476673156,91.1370331311404,420500
2022-05-13,92.7428207397461,92.89792265289822,91.9125570384117,92.30487814635386,186500
2022-05-16,93.0712890625,93.73731829443203,92.4326229804888,92.52386596424923,175400
2022-05-17,94.46720886230469,94.48545328031122,93.61870072734027,93.95628162778384,260900
2022-05-18,91.41987609863281,93.82854300933934,91.09142088709451,93.82854300933934,463500
2022-05-19,90.46187591552734,91.16440077390837,89.76846978456253,90.32501843481762,285500
2022-05-20,90.73558807373047,91.19177505642567,88.95646162556358,91.05492453030585,235100
2022-05-23,92.39611053466797,92.76106152137933,91.45636644246746,91.52023234307737,267300
2022-05-24,92.8614273071289,93.03478059964645,91.23740265363209,92.00379349470911,200300
2022-05-25,93.4453353881836,93.67342886860438,92.43259977824643,92.66981894692502,222300
2022-05-26,94.56756591796875,94.9142655299536,93.90152983923392,93.90152983923392,181200
2022-05-27,95.9908676147461,95.9908676147461,94.65880241129769,94.81390432054565,357500
2022-05-31,95.2244873046875,95.89051649947734,94.71355307539913,95.4160850303474,356600
2022-06-01,94.51280975341797,95.66240282611211,93.78291480380526,95.66240282611211,226100
2022-06-02,95.27921295166016,95.30658305673116,93.45446503107746,94.7409086954406,217900
2022-06-03,94.49456787109375,95.05111652655498,94.41245755841621,94.62229966472151,898100
2022-06-06,94.66791534423828,95.50729763974189,94.5219321828323,95.2153382777902,160800
2022-06-07,95.72628784179688,95.753657950756,94.1113887654515,94.1113887654515,189200
2022-06-08,94.5766830444336,95.4251841000356,94.36683398192757,95.19709062207104,191200
2022-06-09,92.55122375488281,94.5675695242282,92.54209806554908,94.28472884177405,155600
2022-06-10,90.69910430908203,91.57498252949897,90.6261127171653,91.30126754024184,257100
2022-06-13,87.91634368896484,89.13892129209627,87.46928245686483,88.89258341832769,549100
2022-06-14,87.2412109375,88.6097720402754,86.56604911497702,88.27219112901392,459800
2022-06-15,87.72477722167969,88.66452149644292,86.45657769115384,87.85250904771377,322000
2022-06-16,85.60803985595703,86.15546277276094,85.01499546239445,86.15546277276094,415900
2022-06-17,85.0879898071289,86.17370998851044,84.66829865857282,85.56242116088701,239900
2022-06-21,87.33244323730469,87.60615126969996,86.26496729315409,86.41094351825927,304100
2022-06-22,87.08607482910156,87.9345827259802,86.22844820620907,86.22844820620907,655600
2022-06-23,87.33123779296875,87.73520426107157,86.33967036234156,87.33123779296875,452800
2022-06-24,89.54387664794922,89.54387664794922,87.94635633593064,88.11161754094437,199900
2022-06-27,89.71832275390625,90.16819776353822,89.36943408937142,89.75504824515576,222300
2022-06-28,88.93793487548828,90.93024570812524,88.81857526494588,90.38855340988135,329000
2022-06-29,88.66249084472656,89.1674576117883,88.39623627706413,89.12154899490214,183600
2022-06-30,88.30443572998047,88.7451346845243,87.41386170024663,87.73520103966806,244000
2022-07-01,89.18582916259766,89.36944964613731,87.43223042937491,88.17590249378468,267900
2022-07-05,88.20344543457031,88.21262856020824,86.55083305336788,88.14836069008773,813100
2022-07-06,88.33197784423828,88.8277615399054,87.59748892836541,88.12999111585476,365700
2022-07-07,89.17664337158203,89.37863010024185,88.79103616487086,88.80021929017511,219200
2022-07-08,89.11238098144531,89.61734783413466,88.90121811917352,89.26846610252281,200800
2022-07-11,88.62577056884766,89.05728637616006,88.47887559457409,88.6165874439956,233000
2022-07-12,88.11163330078125,89.00220734238567,87.78111083163584,88.32279615321328,145900
2022-07-13,87.48731231689453,88.11163174708568,86.91807762903217,87.30368483467818,247100
2022-07-14,86.8262710571289,86.92726442544503,85.67862551232987,86.20195160057133,324600
2022-07-15,88.62577056884766,88.62577056884766,87.49649137556003,88.02899353755757,312200
2022-07-18,87.82701110839844,89.34189744257829,87.58829890232767,89.26845346004792,234700
2022-07-19,89.75505065917969,89.87440325544728,88.4880456933436,88.55231355359096,182800
2022-07-20,89.48880004882812,89.80095623963328,89.00219951335438,89.6173357750034,239000
2022-07-21,89.81015014648438,89.82850939328281,88.66250459308692,89.04811181790706,193200
2022-07-22,89.69996643066406,90.35183521662904,89.17664038063043,90.1314822447513,202100
2022-07-25,90.3885498046875,90.48036704134162,89.75505430073856,89.93867476470342,194300
2022-07-26,90.0304946899414,90.48037678303436,89.8652334527113,90.21412217834846,223600
2022-07-27,90.99452209472656,91.33422770356148,89.79179178441066,90.20494138583551,181400
2022-07-28,91.74736785888672,91.9860800730765,90.36101019815062,91.05878059095893,210200
2022-07-29,92.39006805419922,92.51860381381563,91.53621936264817,91.62803662352293,355800
2022-08-01,92.07788848876953,92.38086856179333,91.66473193337205,91.82081703456937,299400
2022-08-02,91.30667114257812,92.34414713443931,91.26995265150829,91.9493568110537,4557200
2022-08-03,92.05034637451172,92.31660095414902,91.37093523833164,91.68309843691985,293100
2022-08-04,91.45357513427734,92.06871144095358,91.38930726648539,91.99526044785641,173400
2022-08-05,91.68310546875,91.69228859417886,90.81089767916133,90.91188404018945,166400
2022-08-08,91.63719177246094,92.27069430320182,91.49947992201461,91.97689734779642,297800
2022-08-09,91.84835052490234,92.18805605921095,91.60045521469384,91.88507601547661,135600
2022-08-10,93.06946563720703,93.0970080095389,92.64713291721588,92.86747890054333,250500
2022-08-11,93.45506286621094,94.07019913142221,93.30816088991894,93.62032408720356,153500
2022-08-12,94.7587890625,94.7587890625,93.55605886747716,93.79477108336138,165200
2022-08-15,94.97915649414062,95.06179062798354,93.95087041732955,94.14367405673164,132200
2022-08-16,95.38311004638672,95.6952732576515,94.81387536976983,94.86896711568248,134300
2022-08-17,94.88732147216797,95.35556276260311,94.56598215703471,94.69451788308801,283600
2022-08-18,95.27293395996094,95.31884258096923,94.79551652296638,95.03422874379972,129700
2022-08-19,94.67616271972656,94.96995967832338,94.4649928722951,94.85060006707741,116600
2022-08-22,93.23472595214844,93.89576389558155,92.99601371984977,93.89576389558155,275400
2022-08-23,92.9317626953125,93.51017362741356,92.87667794120965,93.18883422069075,3117500
2022-08-24,93.22554016113281,93.37243514280499,92.80320745740096,92.8950176965301,253200
2022-08-25,94.29055786132812,94.29055786132812,93.28981427982337,93.40916689822119,188900
2022-08-26,91.80245208740234,94.40072304502975,91.76572659275682,94.33645518056807,208000
2022-08-29,91.48112487792969,92.12380360764239,91.10470076614733,91.35258913198714,142500
2022-08-30,90.48037719726562,91.60965648628108,90.17739709351125,91.60965648628108,204400
2022-08-31,89.73668670654297,90.84760660762448,89.72751058675244,90.58135904026754,224900
2022-09-01,90.21411895751953,90.2783868249994,88.93793772851072,89.36944655034853,210900
2022-09-02,89.40615844726562,91.35256743078918,89.04809366796084,91.09549599997253,2932200
2022-09-06,89.15828704833984,89.92032536611052,88.87367319662867,89.6724300074755,213600
2022-09-07,90.34265899658203,90.47119473766544,88.83694859702837,88.93794196568999,195500
2022-09-08,91.10469818115234,91.12305742804915,89.73669963080779,90.09476448501272,210600
2022-09-09,92.12380981445312,92.33497969968496,91.49949729476812,91.60966679604275,126400
2022-09-12,92.84911346435547,93.19800219608214,92.49104861155263,92.61040823226863,142900
2022-09-13,89.72750854492188,91.60045962161985,89.42452848661107,91.49947327352102,187100
2022-09-14,89.9570541381836,90.3151189984251,89.2592836649069,90.00295575853576,154200
2022-09-15,89.55307006835938,90.35183381854428,89.33272410456323,89.88359251638956,264000
2022-09-16,89.01139068603516,89.1399264339471,88.40543744654637,88.6808681900693,191900
2022-09-19,89.47042846679688,89.47961159088254,88.2401560168276,88.26769838441328,155200
2022-09-20,88.44214630126953,88.8828382098345,87.85455242006852,88.86447896559079,292800
2022-09-21,87.07416534423828,89.33273809436848,87.07416534423828,89.00221559457738,213600
2022-09-22,86.8262710571289,87.48731601168076,86.65182669282426,87.08334253841629,305600
2022-09-23,85.33890533447266,86.03667566784755,84.30143646084433,86.03667566784755,381500
2022-09-26,84.20964050292969,85.21956718006322,83.84239252815226,84.84314308430393,392800
2022-09-27,83.86074829101562,85.1920212686955,83.35578847576232,84.83395643444732,276400
2022-09-28,85.51368713378906,85.8744257696966,84.03373285096599,84.35747174768062,376500
2022-09-29,84.2557144165039,85.01419839615554,83.73773224208605,84.9401989263879,452200
2022-09-30,83.16424560546875,84.69044393786388,83.01624668086137,84.20946154684415,293800
2022-10-03,85.29168701171875,85.70792874223292,83.92273208681627,84.16321978144798,241700
2022-10-04,87.76136779785156,87.77061949664896,86.34616133192495,86.34616133192495,216200
2022-10-05,87.5948715209961,88.0573576579749,86.59590682842544,86.95664545071065,197200
2022-10-06,86.51264953613281,87.6781164948538,86.36465765239406,87.17863065540195,256400
2022-10-07,84.88469696044922,86.01316419046941,84.38521817510785,86.00391954935498,212700
2022-10-10,84.34819793701172,85.34716232185193,83.94120800361031,85.12517102044035,176400
2022-10-11,84.24646759033203,85.25468387609821,83.78398150174696,83.9967211505886,227900
2022-10-12,84.00597381591797,84.87544993070563,83.98747747723169,84.42220847764777,214700
2022-10-13,86.52188873291016,86.77162808806311,82.6740015139805,82.79425240018261,525200
2022-10-14,85.25468444824219,87.5393668703014,85.14369230270262,86.92888889890057,566600
2022-10-17,86.69763946533203,87.13237043162806,86.3738935794207,86.43864134520751,528700
2022-10-18,87.78910827636719,88.35333478344549,87.00287632001023,88.13134344812146,388700
2022-10-19,87.31739044189453,87.90937217584808,86.7069053092043,87.45613770450403,238300
2022-10-20,86.65140533447266,88.02036744335672,86.4664136972893,87.28038678066609,342300
2022-10-21,88.8620834350586,88.95457924830887,86.46640870407873,86.67914836885656,301000
2022-10-24,90.01829528808594,90.30503441524976,89.23207032016781,89.23207032016781,320400
2022-10-25,90.73051452636719,90.81376568923875,89.73154997075055,89.93504497223942,344100
2022-10-26,91.4334945678711,92.12722367241788,91.00800823058636,91.00800823058636,229100
2022-10-27,91.68323516845703,92.5897038555268,91.53523624821392,92.05321835511094,201100
2022-10-28,93.55168914794922,93.62568861873487,91.90523973634726,91.90523973634726,190800
2022-10-31,93.22794342041016,93.69968119071369,92.98744868655263,93.08919618714707,394700
2022-11-01,93.30194091796875,93.9124188516827,92.71920396194943,93.78292331856225,272600
2022-11-02,91.96073913574219,94.4766647775927,91.96073913574219,93.20020561679128,343600
2022-11-03,91.74798583984375,92.25671626610595,90.9155095295326,91.20224862537088,412400
2022-11-04,92.90422058105469,93.40370647263848,91.7665015407285,92.85796914300893,326000
2022-11-07,93.82916259765625,93.94015472197145,92.96893834933161,93.21867768601717,283300
2022-11-08,94.36566925048828,94.82815539220343,93.57019957915843,94.04193036268337,273100
2022-11-09,92.83020782470703,94.29166555137324,92.70996398275764,93.95867500461442,203800
2022-11-10,95.84562683105469,95.95661898429395,94.42116872299906,95.09639451179861,337000
2022-11-11,95.94738006591797,96.04912052679651,95.02240776320085,95.98437274788546,207100
2022-11-14,95.42938232421875,96.62259733586257,95.42938232421875,95.75312119009621,223700
2022-11-15,95.70687866210938,96.54859972965116,94.90215027397278,96.31735666998895,274600
2022-11-16,95.26289367675781,95.84563073289983,95.12414642258217,95.47564040742428,326800
2022-11-17,95.35538482666016,95.37388822336645,94.31016873605549,94.31016873605549,344900
2022-11-18,96.13236999511719,96.31736162958133,95.58663267658454,95.90112692354778,292500
2022-11-21,96.24336242675781,96.42835404818375,95.6698771091726,95.82712069308245,237800
2022-11-22,97.455078125,97.48282616375376,96.78909696699662,96.83534840290508,311700
2022-11-23,97.80654907226562,97.80654907226562,97.21456748559568,97.24231551981816,225400
2022-11-25,98.00080108642578,98.1025485922772,97.76955803803216,97.76955803803216,62200
2022-11-28,96.66883850097656,97.62155865806031,96.50234323664309,97.20531696873799,262500
2022-11-29,96.94635009765625,97.02960127908794,96.36362005555053,96.7151070093157,275000
2022-11-30,98.79625701904297,98.79625701904297,96.14159189665583,97.09431192712762,251600
2022-12-01,98.59278869628906,99.23102180673816,98.19505740366509,99.23102180673816,365900
2022-12-02,98.52803802490234,98.66678526965784,97.4458222183699,97.5568214255699,330900
2022-12-05,96.96484375,98.06555594111478,96.6966009476505,97.92681574763944,285000
2022-12-06,96.02137756347656,97.24234078533628,95.5681430871367,96.90935017419463,300700
2022-12-07,96.13236999511719,96.72435169377661,95.8086311063157,95.8086311063157,165200
2022-12-08,96.6410903930664,96.82608199463996,96.29884816748033,96.53009119793592,269900
2022-12-09,95.78087615966797,96.82609222727439,95.78087615966797,96.43760558872808,159000
2022-12-12,97.23307037353516,97.23307037353516,95.86410855087699,95.97510774416618,151400
2022-12-13,97.48281860351562,99.0182758272726,97.0203325082121,99.0182758272726,207600
2022-12-14,97.07582092285156,98.28753919569604,96.60409022388204,97.42731484401773,208400
2022-12-15,95.29986572265625,96.32658522544078,94.82812801832856,96.08609052521813,228900
2022-12-16,94.43040466308594,94.73564717032352,93.75517893650559,94.46740439641572,249000
2022-12-19,94.17141723632812,94.9113978176464,93.65343506359203,94.53215582905189,234000
2022-12-20,94.37490844726562,94.83739452771442,94.03267326419915,94.08816933562018,274800
2022-12-21,95.73462677001953,95.89187035702983,95.04089759052664,95.1148970633473,181800
2022-12-22,94.92625427246094,95.24288900929683,93.6038260683193,95.1683913157387,222100
2022-12-23,95.634033203125,95.634033203125,94.60961000976421,94.90762919704625,136300
2022-12-27,95.85755920410156,96.07175876048974,95.30809510173094,95.82030679841797,179800
2022-12-28,94.92625427246094,96.20212230627484,94.86106434986716,95.99723766236049,275800
2022-12-29,95.88549041748047,96.09037508266249,95.26152865000388,95.34534122839503,346600
2022-12-30,95.78305053710938,95.78305053710938,94.92626655638516,95.50366816348344,324000
2023-01-03,95.55023193359375,96.25801342937189,94.86108019319312,95.95068641217179,275300
2023-01-04,96.26732635498047,96.76090828492774,95.55022999605464,95.91343206168263,158800
2023-01-05,95.6619873046875,96.0810644253877,95.3453454159078,95.90412438373436,239900
2023-01-06,97.6735610961914,97.8970755108928,96.21143804957379,96.44426023601079,173600
2023-01-09,96.78884887695312,98.19509700683221,96.72365894272932,98.00883497678568,149900
2023-01-10,97.19861602783203,97.21723867782828,96.39770707976744,96.7329716210582,129400
2023-01-11,97.7480697631836,97.7480697631836,96.9471608417823,97.47799516362552,159400
2023-01-12,97.87844848632812,98.3161553458618,97.25448671451902,97.93433064414633,142200
2023-01-13,98.12989044189453,98.26957805929324,97.03096951895608,97.31966673513838,243500
2023-01-17,97.46868896484375,98.17646333527978,97.35693175127349,98.01814594493248,844300
2023-01-18,95.61541748046875,97.52456232439401,95.56885730450078,97.51524744713261,204800
2023-01-19,94.98213195800781,95.52228110603218,94.78656218479254,95.06595163519657,153800
2023-01-20,96.00656127929688,96.00656127929688,94.74932279024063,95.1777147958732,150500
2023-01-23,96.64913177490234,97.16134335758876,95.96929506170214,96.10898267046362,166300
2023-01-24,96.69570922851562,96.90990165461328,95.63404065914109,96.26731727115126,271800
2023-01-25,96.909912109375,96.909912109375,95.75511596471765,96.11831803525641,317900
2023-01-26,97.40348815917969,97.44074056226168,96.5932714839467,97.16135819690076,152000
2023-01-27,97.04029083251953,97.55250251835923,96.88197344059444,97.22655285699294,128400
2023-01-30,96.26732635498047,97.19861516021524,96.24869659998073,96.57464626077896,180700
2023-01-31,97.45005798339844,97.46868773801049,96.23937971971979,96.43495661729845,232200
2023-02-01,97.75738525390625,98.35340951006094,96.40701224764203,97.03098113579081,183800
2023-02-02,97.4873046875,97.8318840759801,96.93784064128411,97.71081199358942,312400
2023-02-03,97.0775375366211,97.64562424385757,96.77952542013388,97.22654714744937,272800
2023-02-06,96.78884887695312,96.97510380182972,96.4535843280393,96.63983925291589,294600
2023-02-07,97.552490234375,97.80393505428955,96.26731440060392,96.5466967443791,188300
2023-02-08,96.91921997070312,97.43143162549497,96.80746276279326,97.152042158305,109500
2023-02-09,96.15557861328125,97.53388930708802,95.97863144920034,97.42213208158896,276700
2023-02-10,97.17997741699219,97.22654469549397,96.23937381157543,96.2580035650438,336200
2023-02-13,97.92501831054688,97.92501831054688,97.12410937765416,97.12410937765416,155100
2023-02-14,97.53387451171875,98.14852139579888,96.94715804831345,97.6921918949487,258100
2023-02-15,97.47799682617188,97.47799682617188,96.80746775447689,97.05891970894734,170400
2023-02-16,96.63052368164062,97.39418018027501,96.44426166662653,96.63052368164062,142200
2023-02-17,96.909912109375,96.97510204241607,96.15557044058984,96.3138878343796,139100
2023-02-21,95.42915344238281,96.52807438356776,95.3453337653831,96.23006228622111,183300
2023-02-22,95.14976501464844,95.71785169150016,94.85175291410071,95.46640686813791,114000
2023-02-23,95.35464477539062,95.77372182789017,94.5723657160132,95.55021454023499,105000
2023-02-24,94.88900756835938,95.06595469966378,94.19985590169512,94.5258055342276,174000
2023-02-27,94.89833068847656,95.7551146841784,94.7213835418015,95.50366983300253,115900
2023-02-28,94.39543151855469,94.94488848949185,94.37680176401844,94.86107590958734,175100
2023-03-01,94.32093048095703,94.60031996881223,94.04154809827165,94.26505542545391,127600
2023-03-02,94.84243774414062,95.02869974713714,93.87390374923437,93.98565384586337,225200
2023-03-03,95.94136810302734,96.0158729115329,94.88901432727249,95.12183652497512,160700
2023-03-06,95.99724578857422,96.3418180778087,95.89480345794524,95.98793091165268,137500
2023-03-07,94.40473937988281,96.02517975080166,94.25572977534503,96.02517975080166,207000
2023-03-08,94.25572967529297,94.5537417788832,93.7528329182653,94.45129945216446,148300
2023-03-09,92.55146789550781,94.58167753359204,92.24414802627122,94.33023271236776,167600
2023-03-10,91.67606353759766,93.1009341371972,91.27560910524487,92.36521519844815,172500
2023-03-13,91.03347778320312,92.22552627872895,90.40951600900905,90.68889837849008,505800
2023-03-14,92.13240814208984,92.53286264017403,91.14524421409308,92.23485048614651,216300
2023-03-15,91.08935546875,91.1172929959886,90.00906415289546,90.66096347236203,358300
2023-03-16,92.05789184570312,92.14171152819094,90.22325186481461,90.51195620986226,218200
2023-03-17,90.53057861328125,91.73194195444198,90.25119625114088,91.64812937735066,123500
2023-03-20,91.82506561279297,91.96476034067337,90.88446202391192,90.88446202391192,261800
2023-03-21,92.82154846191406,92.89605326751963,92.25346175321795,92.7377358844848,152000
2023-03-22,91.2197265625,93.13818614208445,91.2197265625,92.86811156279418,135900
2023-03-23,90.88523864746094,92.15950648284748,90.32306334324849,91.61606725778182,200100
2023-03-24,91.55047607421875,91.6066914575369,90.06071122871603,90.34179529375322,184800
2023-03-27,92.40311431884766,92.7778930727954,92.0095851896881,92.30941248191421,284300
2023-03-28,92.41249084472656,92.69358209531967,92.1314067425809,92.30942452940558,277500
2023-03-29,93.44314575195312,93.44314575195312,92.99340122038178,93.0589882199394,204300
2023-03-30,93.76170349121094,93.96783609125268,93.32133059993018,93.93972840005542,119800
2023-03-31,94.65182495117188,94.69867587434828,94.00532653171037,94.00532653171037,140100
2023-04-03,95.58878326416016,95.74807210895412,94.97976417242806,94.97976417242806,198900
2023-04-04,94.84857940673828,95.74806124388637,94.48315798533962,95.71995355342021,209700
2023-04-05,95.50445556640625,95.52319164512198,94.8860577420869,94.8860577420869,232000
2023-04-06,95.57003021240234,95.7480551052026,95.3357899422739,95.50444322270421,141800
2023-04-10,95.83238220214844,95.83238220214844,95.19524835466179,95.29831464972919,205200
2023-04-11,96.15095520019531,96.45078248042938,95.9260793786851,96.01040959886299,134400
2023-04-12,96.00104522705078,96.61007144646454,95.83239192242,96.50700514094314,472700
2023-04-13,96.6475601196289,96.75999090131465,95.68249111843976,96.06664153661184,153500
2023-04-14,96.54448699951172,97.09729069969741,96.13222176652783,96.71314030860086,168300
2023-04-17,96.99421691894531,96.99421691894531,96.45078487458846,96.5257363351728,93600
2023-04-18,97.00359344482422,97.14413905676302,96.64755075656643,97.14413905676302,110500
2023-04-19,96.909912109375,97.0129784291052,96.57260545361214,96.6288208467567,149200
2023-04-20,96.33834075927734,96.50699404451628,96.02914187826498,96.36644844874284,327400
2023-04-21,96.33834075927734,96.59131711291278,96.03851349090212,96.59131711291278,218100
2023-04-24,96.68502807617188,96.70376415477021,96.34772147382884,96.37582916594965,145500
2023-04-25,95.60751342773438,96.39455733633459,95.53255482259739,96.27275496432152,190000
2023-04-26,94.3426284790039,95.19525948059459,94.14586747863683,95.19525948059459,96500
2023-04-27,95.6449966430664,95.71995525126988,94.52063896535316,94.74551478996361,183100
2023-04-28,96.43204498291016,96.46952428872163,95.49508378296323,95.49508378296323,153600
2023-05-01,96.58197021484375,97.02234315908649,96.4976399826635,96.4976399826635,134400
2023-05-02,95.17652130126953,96.25402812103063,94.47380039470099,96.25402812103063,136300
2023-05-03,94.27703857421875,95.3451737709863,94.26766696064804,95.23273585347779,92600
2023-05-04,93.50872802734375,94.08027491537636,93.0964628232687,93.90225000480824,227300
2023-05-05,94.88607025146484,95.14842542719963,94.32389488607123,94.32389488607123,184900
2023-05-08,94.81110382080078,95.18588257297273,94.64245052294481,95.09218788492974,198800
2023-05-09,94.44568634033203,94.7829929246397,94.30514073879613,94.3519845070106,82500
2023-05-10,94.29578399658203,94.97039727158648,93.54621210247765,94.97039727158648,133900
2023-05-11,93.89287567138672,93.93035497507562,93.38691579425605,93.86476798073161,113700
2023-05-12,93.87415313720703,94.24893193127365,93.37756480146619,94.19271654185312,86000
2023-05-15,94.18334197998047,94.34263082576581,93.63053827211921,94.09901889848857,101500
2023-05-16,93.06836700439453,94.05217207355831,93.06836700439453,93.97722060289396,219300
2023-05-17,94.23017883300781,94.3613528169306,93.24636680514087,93.57430891339384,153700
2023-05-18,94.42695617675781,94.47380709989962,93.5930612136539,93.9397394589404,201900
2023-05-19,94.50190734863281,95.09219033209621,94.267667048274,94.71740442183278,132600
2023-05-22,94.29578399658203,94.91418188148523,94.03343597817971,94.53939593443305,240900
2023-05-23,93.7523422241211,94.63308810387811,93.73360614407075,94.11775654690386,108200
2023-05-24,93.00276947021484,93.4993577558245,92.89970316771699,93.4993577558245,112700
2023-05-25,92.55301666259766,92.80600016367953,91.96273374081649,92.67482618106149,133800
2023-05-26,93.27449798583984,93.48062346208661,92.74979480976947,92.77790250432825,119700
2023-05-30,93.0308837890625,93.46188510818887,92.7591641675258,93.19953710075951,140900
2023-05-31,92.75914764404297,93.01212399230148,92.30003871282415,92.61860205125677,111600
2023-06-01,93.35881042480469,93.59305071734954,92.48743625059994,92.97466006222325,262900
2023-06-02,95.09219360351562,95.27021852541577,93.87414828881388,93.87414828881388,221200
2023-06-05,94.71739959716797,95.38264830693396,94.67992744165237,95.18588017402237,194800
2023-06-06,94.91417694091797,95.04535094329113,94.49254009176396,94.62371409413713,117100
2023-06-07,95.59815979003906,95.70122610437018,94.69867780460626,95.02661282818373,211400
2023-06-08,95.91671752929688,96.01041221659095,95.26084042134556,95.57003932301777,93100
2023-06-09,95.93546295166016,96.22591865509659,95.74807355881997,95.8979836434027,111800
2023-06-12,96.2821273803711,96.31023507042046,95.79490359136176,96.01040779581706,230700
2023-06-13,96.79745483398438,97.03169512321458,96.40393286370477,96.49762754970757,137200
2023-06-14,96.47888946533203,97.01295702773157,96.10410358066919,96.83493212411634,109200
2023-06-15,97.70631408691406,97.90307508370766,96.478897186153,96.478897186153,237200
2023-06-16,97.6032485961914,98.22164643280058,97.55640482424776,98.02488543436498,127800
2023-06-20,96.77873229980469,97.20036202004523,96.6569299058001,97.14414663026578,133100
2023-06-21,96.79745483398438,97.17224072644196,96.25402279578952,96.52573524066379,148100
2023-06-22,96.49764251708984,96.7787337671436,96.2727738061153,96.61008044680084,108300
2023-06-23,95.79132080078125,96.31940610119428,95.63101021953052,96.08365270713523,103300
2023-06-26,96.05536651611328,96.25339851008737,95.56499541183406,95.68759178521529,118200
2023-06-27,96.57402038574219,96.64945600126427,95.86676022853838,96.1213707194979,145400
2023-06-28,96.3476791381836,96.49856473840018,95.91389382949303,96.49856473840018,179400
2023-06-29,97.07381439208984,97.07381439208984,96.21566863245661,96.29111144103096,136000
2023-06-30,97.84709167480469,98.07341292089703,97.48874190765058,97.53589546478855,104700
2023-07-03,98.12056732177734,98.28087790602865,97.54532845393653,97.63962837440067,67900
2023-07-05,97.76221466064453,98.0168323524535,97.62076118681983,97.81880036694794,232000
2023-07-06,96.72489166259766,97.04551998470313,96.3948383858875,97.01722353702354,805100
2023-07-07,96.46085357666016,97.309567181407,96.43256432227228,96.51743208543589,180700
2023-07-10,97.01724243164062,97.2718601479922,96.49858923712047,96.49858923712047,104800
2023-07-11,97.83766174316406,97.95082596608785,97.15869079486703,97.29071212430001,159800
2023-07-12,98.0168228149414,98.51661880514992,97.88480150411735,98.40345459817706,224600
2023-07-13,98.28087615966797,98.40346533463077,98.01683350921108,98.17714409061381,259600
2023-07-14,98.12056732177734,98.56377766742106,97.98854599420301,98.56377766742106,185800
2023-07-17,98.14884948730469,98.35631361411038,97.65847842492356,97.86594255172925,163600
2023-07-18,98.79954528808594,99.23333793498637,98.17715996773208,98.17715996773208,209900
2023-07-19,99.35590362548828,99.69538906341539,99.01641818756116,99.12015024885123,118200
2023-07-20,100.36492919921875,100.52523977087401,99.51621559248174,99.51621559248174,124800
2023-07-21,100.77042388916016,100.99674511624619,100.36492779354406,100.62897042424811,124400
2023-07-24,101.33624267578125,101.54370682318567,100.9213143809724,100.94961083303724,164200
2023-07-25,101.14764404296875,101.411686708424,100.94017989307589,100.95903700005569,117700
2023-07-26,101.3173828125,101.64743613138053,101.0250437061006,101.06276511320449,108800
2023-07-27,100.81758880615234,101.71344886053681,100.68556028129643,101.65687034604349,146500
2023-07-28,101.10992431640625,101.41168839546413,100.8458816465585,101.29852416783373,118300
2023-07-31,101.30794525146484,101.46825582712749,100.97789195021164,101.27965599630349,113000
2023-08-01,101.10992431640625,101.46826691196773,100.79872808639004,101.20422424211999,128100
2023-08-02,100.47810363769531,100.91188903759283,100.35550726308709,100.72328199766592,112200
2023-08-03,100.14803314208984,100.50638288494916,99.83684414779387,100.15746529180251,186600
2023-08-04,99.72368621826172,100.83644253193361,99.61052199844634,100.42151425389989,137100
2023-08-07,100.77987670898438,100.87417664005959,100.15748421356557,100.15748421356557,218500
2023-08-08,100.34607696533203,100.44037688296416,99.48793116724785,100.0631700178131,104600
2023-08-09,99.99715423583984,100.67612511942176,99.93114357741506,100.43093959043448,141900
2023-08-10,99.90286254882812,101.07219739204302,99.74254476977727,100.37436934629154,133100
2023-08-11,100.40265655517578,100.44980291718686,99.66710711727484,99.73311777978844,131100
2023-08-14,100.34607696533203,100.4215125826642,100.0631700178131,100.26120200322734,245200
2023-08-15,99.09186553955078,99.8368471072464,98.95984421814876,99.76140429655312,152600
2023-08-16,98.54491424560547,99.5350813335777,98.49776069108401,99.12958522640896,141500
2023-08-17,98.19600677490234,99.11073114782268,98.14886041014108,98.76182070902179,192500
2023-08-18,98.41289520263672,98.57320578032174,97.84708850840444,97.84708850840444,211200
2023-08-21,98.31858825683594,98.61092013578774,97.71506020018721,98.46004171893652,268700
2023-08-22,97.68677520751953,98.46005326506665,97.61133958755877,98.39403540633894,258600
2023-08-23,98.23372650146484,98.2903122106817,97.74336258753043,97.78108399546737,268500
2023-08-24,97.50759887695312,98.91268699962201,97.50759887695312,98.10169480126012,154700
2023-08-25,98.1677017211914,98.43174434416173,97.36614170299669,97.90365909822108,152800
2023-08-28,98.60148620605469,98.92211452733486,98.27143293019407,98.46003994113,128800
2023-08-29,99.42192077636719,99.42192077636719,98.62978563792919,98.76181415652098,123300
2023-08-30,99.59166717529297,99.85570983295857,99.34648162405084,99.47850295288364,375800
2023-08-31,99.1861801147461,99.7708511920963,99.14845870382445,99.76141904071002,100000
2023-09-01,99.44078063964844,99.8745732242882,99.16731302857342,99.7519768524724,71500
2023-09-05,98.6580810546875,99.64824097408162,98.6580810546875,99.46907329035648,93800
2023-09-06,98.3280258178711,98.53548996293394,97.90367257178644,98.52606500697499,218800
2023-09-07,98.39402770996094,98.6863667949497,98.16770647853593,98.20542788287715,154200
2023-09-08,98.71466064453125,98.80896056246263,98.36574303410033,98.49776435812878,84000
2023-09-11,99.02584838867188,99.20501605904768,98.81838427017384,99.11071614917273,111400
2023-09-12,99.09186553955078,99.53508305909573,98.75238008605348,98.75238008605348,130400
2023-09-13,99.07300567626953,99.46907685283492,98.92212724274874,99.18616989737717,102900
2023-09-14,100.22348022460938,100.28949088616868,99.73311633797202,99.73311633797202,102800
2023-09-15,99.47850799560547,100.18576823361452,99.4030723714648,99.92172556256419,126400
2023-09-18,99.59166717529297,99.81798842548879,99.21446029521805,99.73312065464891,109400
2023-09-19,99.2238998413086,99.64825311638242,98.7901144150086,99.64825311638242,103300
2023-09-20,98.96927642822266,99.90286509108591,98.95985147216194,99.48793679648003,141900
2023-09-21,97.7685317993164,98.73672184041187,97.75903768112117,98.6892657332163,167400
2023-09-22,97.50275421142578,98.01532796449146,97.4268157498108,97.83497592862845,148000
2023-09-25,97.77802276611328,97.81599199578018,97.08509699800005,97.2274797987784,168300
2023-09-26,96.62947082519531,97.33188339733904,96.4870880390054,97.23696395384222,276900
2023-09-27,96.53456115722656,96.9712037096855,95.84164257984943,96.9712037096855,246300
2023-09-28,96.87627410888672,97.17053384125137,96.53455826877256,96.54405238707861,114900
2023-09-29,96.24979400634766,97.3603667978091,95.90807818714568,97.3603667978091,115900
2023-10-02,95.40499114990234,96.01248428299962,94.84495411795648,95.9840091739309,114000
2023-10-03,94.62664031982422,95.376516241734,94.34187474475843,95.04428732352746,242400
2023-10-04,94.52223205566406,94.6835958443628,93.81032531999216,94.6551207336383,140900
2023-10-05,94.35137176513672,94.61714911436891,93.867273169384,94.36086588243491,209500
2023-10-06,94.97785186767578,95.39550615231462,93.29775509500695,93.89575416828431,355300
2023-10-09,95.82263946533203,95.85112181668029,94.86394365140224,94.93987486266248,112100
2023-10-10,96.2972412109375,96.79083390056012,95.91756343970691,96.14537155082311,155700
2023-10-11,96.1453857421875,96.4871015802448,95.62331786685264,96.34471877407253,190000
2023-10-12,95.62332153320312,96.34472246808268,95.12024187507721,96.34472246808268,206800
2023-10-13,95.88909149169922,96.64846160031928,95.57585802064176,96.08843175767679,151400
2023-10-16,96.7813491821289,97.14204599658086,96.44912747909552,96.4776025905141,168100
2023-10-17,97.0091552734375,97.40782855057594,96.3067426529676,96.3067426529676,148700
2023-10-18,96.17386627197266,96.93323645306886,95.96503911007667,96.86679210536475,143700
2023-10-19,95.34805297851562,96.50608926084018,95.26262763402816,96.14539240318616,163700
2023-10-20,94.4937744140625,95.52840891840542,94.4937744140625,95.32907586459324,137800
2023-10-23,93.83880615234375,94.65512650503882,93.75337357307134,94.29442243549573,160500
2023-10-24,94.4083251953125,94.72156589979711,94.07610349747573,94.19001118325828,157700
2023-10-25,93.95272064208984,94.50325642057535,93.79134958998591,94.26595414371221,183900
2023-10-26,93.51608276367188,94.14256428207631,93.41167641916228,93.74389817503229,426400
2023-10-27,92.13972473144531,93.41166865925891,91.85495911184645,93.41166865925891,196500
2023-10-30,93.20282745361328,93.41165457758666,92.50040762899566,92.5858401987527,244700
2023-10-31,94.02863311767578,94.04762135149744,93.09841243331573,93.44012822321228,136800
2023-11-01,94.4083251953125,94.66461567785078,93.93372070072,94.1140727260699,175300
2023-11-02,96.10741424560547,96.11690836363059,94.87343961038731,94.91140884059757,258600
2023-11-03,96.66742706298828,97.066100289,96.62946508135755,96.70539628650792,236000
2023-11-06,96.44913482666016,96.86678913765647,96.20233843908137,96.66744885876057,130300
2023-11-07,96.1453857421875,96.31624366121615,95.91757759744608,96.1453857421875,115100
2023-11-08,95.90807342529297,96.25928334478235,95.54737663043952,96.21182000040366,133900
2023-11-09,95.13922119140625,96.0694419553121,95.07277685112727,96.0694419553121,129600
2023-11-10,96.16436767578125,96.21183102559891,95.05379481219614,95.55687445594545,113600
2023-11-13,96.12640380859375,96.3067558576968,95.80367618587337,95.98402823497642,123300
2023-11-14,97.58817291259766,97.8729385033425,96.95220463407595,96.99966797983002,184800
2023-11-15,98.0438003540039,98.24313337878912,97.73055963995994,97.76852886971285,239300
2023-11-16,97.85395050048828,98.06277763527805,97.49325369432673,97.88243285314219,152400
2023-11-17,98.30007934570312,98.35703680881106,97.94887665900475,98.15770379265771,246500
2023-11-20,98.62281799316406,98.86961436450872,98.0343057974622,98.17668859792605,207100
2023-11-21,98.52790069580078,98.70824548790327,98.22415409438106,98.40449888648357,301500
2023-11-22,98.80316925048828,98.92657106518541,98.56586698147446,98.61333033203344,152800
2023-11-24,99.23979949951172,99.33471894697574,98.96452803254331,98.96452803254331,85600
2023-11-27,98.85063171386719,99.10692221756062,98.73672401868228,99.10692221756062,309700
2023-11-28,98.86012268066406,99.26828285636832,98.67977064617676,98.74621498911047,162000
2023-11-29,98.94554138183594,99.45811509661449,98.82214682234638,99.19233774270482,201600
2023-11-30,99.82831573486328,99.91374831658777,98.97402612707067,99.1448840486292,265100
2023-12-01,100.57818603515625,100.61615526466029,99.67644037057805,99.78085394124165,182800
2023-12-04,100.56868743896484,100.76802769545688,100.10357707155943,100.10357707155943,152400
2023-12-05,99.91374206542969,100.35037733945194,99.81882261314486,100.33138910386096,267100
2023-12-06,99.60051727294922,100.2934431449602,99.52457880222916,100.15106032283288,180300
2023-12-07,99.83781433105469,100.00867226027633,99.6194930496473,99.90425867898028,139000
2023-12-08,100.18900299072266,100.3598608835902,99.71439853741158,99.88525643027914,119200
2023-12-11,101.17618560791016,101.19517384370147,100.52123631091149,100.52123631091149,147600
2023-12-12,101.30908203125,101.37552637306635,100.69209471901803,101.0812666519738,156900
2023-12-13,102.78984832763672,102.78984832763672,100.97685557601045,101.15720761192246,179900
2023-12-14,103.67259979248047,104.00482146735679,103.23596455665884,103.34986499267964,218300
2023-12-15,103.19800567626953,103.39733870117841,102.9417151857509,103.19800567626953,224100
2023-12-18,103.52072143554688,103.85295034764928,103.48275221010977,103.6441232286898,285300
2023-12-19,104.16621398925781,104.19468910612025,103.54922657030325,103.54922657030325,225100
2023-12-20,102.5620346069336,104.09026166526105,102.51457126051999,103.95736574368092,278200
2023-12-21,103.46929931640625,103.48841636881858,102.65668235976273,103.16337542120196,222600
2023-12-22,103.91861724853516,104.28190688126965,103.56489708251581,103.68917615519817,125500
2023-12-26,104.4539794921875,104.6738583914914,103.99509005578781,104.06201067215859,252700
2023-12-27,104.65473937988281,104.66430155169947,104.23409134555014,104.50177380601639,221300
2023-12-28,104.68342590332031,104.84594636653938,104.4922262164509,104.4922262164509,192200
2023-12-29,104.55914306640625,104.73122569590457,104.16717424051551,104.6356185621164,160300
2024-01-02,105.26659393310547,105.45779361907198,104.10025688482854,104.1576153318584,185600
2024-01-03,104.70255279541016,105.23792509780475,104.62607728975482,104.99892181985396,234600
2024-01-04,104.70255279541016,105.41956262926253,104.65475651610072,104.87463544728678,162000
2024-01-05,104.82682037353516,105.28570250039884,104.43485156694753,104.66429992417928,205100
2024-01-08,105.46736145019531,105.52471990030264,104.41574853335595,104.60694822958096,165700
2024-01-09,104.9893569946289,105.14232258967836,104.79815729461812,105.12319824339666,243900
2024-01-10,105.01803588867188,105.11363573837542,104.58783291810539,104.94155309138863,223900
2024-01-11,104.7599105834961,104.97023461912308,104.14806282192706,104.97023461912308,196500
2024-01-12,104.76947021484375,105.3048425008524,104.46354632018208,104.98935643310102,145300
2024-01-16,104.13850402832031,104.52091071515933,103.9186178129026,104.43486574606513,144100
2024-01-17,103.56490325927734,104.10983044707848,103.2780964051499,103.51709968565568,149600
2024-01-18,103.95684814453125,104.02376876056917,103.10599718613487,103.46928678216936,266300
2024-01-19,104.93199157714844,105.14231560947789,103.77521669313691,104.18630258528981,129300
2024-01-22,105.14232635498047,105.44825026223393,105.00847780761838,105.00847780761838,349300
2024-01-23,105.61077117919922,105.62988823244356,105.1805608962878,105.25704369686778,232000
2024-01-24,105.3526382446289,106.04096882757851,105.29527979398343,105.93580680552782,171100
2024-01-25,106.21302795410156,106.21302795410156,105.47690125655146,105.86886273883677,126600
2024-01-26,106.25128936767578,106.39469278336122,106.00272393340775,106.08876890033929,122100
2024-01-29,106.58588409423828,106.6050084381863,105.90711576008613,106.29908457921914,143700
2024-01-30,107.1690673828125,107.21687095548084,106.45205755559412,106.49029895496857,200800
2024-01-31,106.24173736572266,107.30291253206269,106.20349596495889,107.19775050341268,327700
2024-02-01,107.2072982788086,107.22642262352272,106.05052341281801,106.375564334954,144500
2024-02-02,107.2264404296875,107.70444701371329,106.65282669381526,107.03523341979621,149700
2024-02-05,106.56678009033203,106.94918678430646,106.27997324640096,106.91094538552892,169500
2024-02-06,107.03522491455078,107.13082476499905,106.66238039214183,106.78665946834445,168300
2024-02-07,107.38894653320312,107.56102917215433,107.14994327320426,107.42718793005902,122700
2024-02-08,107.36982727050781,107.39850649605717,106.99698275076405,107.39850649605717,351000
2024-02-09,107.28377532958984,107.29333750143527,106.844010244101,107.29333750143527,202800
2024-02-12,107.76179504394531,108.01991536507366,107.14994725909204,107.3029055584049,167400
2024-02-13,106.48072814941406,107.28378288357258,105.7924048978789,107.09257590220125,152500
2024-02-14,106.9874267578125,107.10214365881586,106.47117882189455,106.8727025630082,128700
2024-02-15,108.21112823486328,108.3354073156688,107.1308287327642,107.1308287327642,180600
2024-02-16,108.05815124511719,108.55528210354893,107.86695155728994,108.05815124511719,135600
2024-02-20,108.01991271972656,108.40231939934516,107.81915085403196,107.9243128732721,186800
2024-02-21,108.5839614868164,108.5839614868164,107.7809067504013,108.00079295614609,178000
2024-02-22,109.5208511352539,109.72161299767718,108.64132089212318,108.85164492717632,208200
2024-02-23,109.80765533447266,110.17093765390185,109.65468975126008,109.65468975126008,173800
2024-02-26,109.39656829833984,110.14225727417141,109.32964767983702,109.94149541866294,157300
2024-02-27,109.44437408447266,109.51129470433196,109.14800508755245,109.51129470433196,140400
2024-02-28,109.32965087890625,109.60689553333044,109.13845119010364,109.186247465404,145400
2024-02-29,109.39656829833984,109.8076541816573,109.15756504742971,109.77897495855613,153800
2024-03-01,110.1518325805664,110.19007398052784,109.35833994241956,109.54953964842545,175100
2024-03-04,110.26654052734375,110.49598890846934,109.8936960252655,109.92238254325669,159100
2024-03-05,109.77898406982422,110.60115590469647,109.39657737786952,110.14226641559064,389100
2024-03-06,110.47686004638672,110.97399089136671,110.19961540087871,110.3430188097691,175100
2024-03-07,111.0409164428711,111.27991970370645,110.81147535473333,111.02179209747588,157400
2024-03-08,110.76367950439453,111.27036528566937,110.76367950439453,111.06004123446823,156000
2024-03-11,111.26080322265625,111.27036539602975,110.37171073775215,110.57247990958962,147500
2024-03-12,111.67188262939453,111.8535274438752,111.17475905002742,111.54760355800295,137500
2024-03-13,111.92044830322266,112.21681001690814,111.65276581424212,111.82484845627258,112500
2024-03-14,111.34683227539062,112.06384200606193,110.76366377760729,112.00648356162428,130600
2024-03-15,111.19387817382812,111.47112284022235,110.7541130355548,110.77323738154111,123700
2024-03-18,111.50935363769531,111.73879471111273,111.21299194728948,111.62407782130414,118400
2024-03-19,111.9969253540039,112.07340814516151,111.39463249088838,111.40419466323318,107400
2024-03-20,112.86690521240234,112.8860295590937,111.75793379974235,111.90133722472284,159500
2024-03-21,113.84590148925781,114.22096343489834,113.28812176059984,113.41313996342015,139900
2024-03-22,113.33621215820312,114.09595515800505,113.33621215820312,113.98054865039127,146500
2024-03-25,113.10539245605469,113.56700375491354,113.04769287799216,113.2688794853514,154500
2024-03-26,113.02847290039062,113.36506605497459,112.96115426947382,113.25927858679385,193000
2024-03-27,114.61524963378906,114.61524963378906,113.61508212038657,113.61508212038657,135000
2024-03-28,114.93263244628906,115.10573853402393,114.57680122783962,114.68258868907648,158200
2024-04-01,114.47101593017578,114.9903342031958,114.30752888233063,114.93263461858696,176500
2024-04-02,113.79782104492188,113.89398945772258,113.41314005653946,113.83628987747808,123600
2024-04-03,113.79782104492188,114.09594532575795,113.4612279315296,113.65356475713102,134200
2024-04-04,112.51876068115234,114.61526437878408,112.35527364450455,114.42292755180782,211400
2024-04-05,113.28812408447266,113.6631860378068,112.51876209255764,112.61493050725208,160100
2024-04-08,113.31697082519531,113.53815743932125,113.20156432836035,113.34582061510918,126800
2024-04-09,113.3843002319336,113.68242453897226,112.47068188707861,113.52855653240334,134800
2024-04-10,112.1148452758789,112.663013285733,111.62437684479491,112.2494825177954,258100
2024-04-11,111.980224609375,112.54762345041287,111.31665000657843,112.33604851403248,196600
2024-04-12,110.36456298828125,111.54744847469102,110.04720060424741,111.4224302645474,210100
2024-04-15,109.85485076904297,111.70131059682797,109.5951879993106,111.52820452939943,201500
2024-04-16,109.56635284423828,110.26839624956628,109.3259281260983,110.26839624956628,145400
2024-04-17,109.25859832763672,110.04719102902096,109.01817363407835,109.97025336615924,206500
2024-04-18,109.38361358642578,110.14335647810815,109.21050751823006,109.60480752691221,271200
2024-04-19,110.23953247070312,110.46072642640912,109.60481506843229,109.60481506843229,223400
2024-04-22,111.12430572509766,111.69170452818621,110.26839433039052,110.61459916828083,195800
2024-04-23,112.05713653564453,112.19178111254841,111.45126895688384,111.58590619660843,189200
2024-04-24,111.96097564697266,112.06676310488733,111.278170360456,111.78786956467408,193100
2024-04-25,111.71094512939453,111.95136984876339,111.05698959922402,111.48975115921591,175700
2024-04-26,111.60515594482422,111.95136812235083,111.21085588929336,111.4128117699872,139600
2024-04-29,112.07637786865234,112.13407744815574,111.52820985183175,111.78786529677646,155500
2024-04-30,110.68191528320312,111.80710849523969,110.6530654921319,111.80710849523969,256300
2024-05-01,110.24916076660156,111.42243459277793,110.21069193032919,110.42226686123709,172500
2024-05-02,110.80693817138672,111.01851308374404,110.0375761877564,110.98004425084456,179300
2024-05-03,111.35511016845703,111.64361541971502,110.73962349449079,111.64361541971502,138600
2024-05-06,112.0667724609375,112.0763915044182,111.67247972439364,111.88404732070623,145300
2024-05-07,112.49952697753906,112.7014828417119,112.38412048207769,112.4033512293982,227700
2024-05-08,112.74956512451172,112.8457335369623,112.27833476747819,112.29756551509648,145400
2024-05-09,113.55740356445312,113.60548410532071,112.67264237094504,112.86497920877548,119000
2024-05-10,114.00940704345703,114.13442525853873,113.81706286196946,113.90361957793394,99300
2024-05-13,113.94207763671875,114.56717599018096,113.79782134854301,114.34598937386714,225400
2024-05-14,114.3556137084961,114.45178212600389,113.79782661489898,114.04786303298326,175600
2024-05-15,115.45194244384766,115.509642023235,114.72104931049678,114.76912984759308,170400
2024-05-16,115.4327163696289,115.79816664291788,115.37501678423811,115.60582246298152,122300
2024-05-17,115.73084259033203,115.76931142695527,115.3365498550094,115.42309923452643,107900
2024-05-20,115.08650207519531,115.7885454790402,115.03842153397696,115.71160780847471,146300
2024-05-21,115.22113037109375,115.32691782560079,114.96147492459983,115.04802429437129,115100
2024-05-22,114.86531066894531,115.25960337413785,114.55756733665609,114.95186004184863,346000
2024-05-23,113.49008178710938,114.99032962464534,113.29773761743819,114.99032962464534,183500
2024-05-24,113.6631851196289,114.05747781784493,113.53815957807433,113.80743407191545,100600
2024-05-28,113.02847290039062,113.6631977094751,112.58609227762591,113.6631977094751,107000
2024-05-29,111.79749298095703,112.23987357809749,111.72055531088563,112.23025453504356,177800
2024-05-30,112.1148452758789,112.25910155998355,111.62437684479491,111.68207642356501,167500
2024-05-31,113.90360260009766,113.94207143066122,112.21101074119683,112.27832936038827,149400
2024-06-03,113.25927734375,114.01902036271862,112.48030357495071,113.99017056938241,160800
2024-06-04,113.21117401123047,113.40351081954151,112.61491816597997,112.98998007821174,183700
2024-06-05,113.78820037841797,113.8074311258318,112.89382021149544,113.46122631212646,204100
2024-06-06,113.81705474853516,114.02862966449923,113.44199279284601,113.75935516679213,116200
2024-06-07,113.68241882324219,114.47101157735703,113.42276336519578,113.5766313640285,99200
2024-06-10,114.06710052490234,114.06710052490234,113.37467618296344,113.65356972830995,162500
2024-06-11,113.40351867675781,113.61509358286638,112.81688183243115,113.61509358286638,130500
2024-06-12,113.5189208984375,114.65372571260589,113.19193950934874,114.65372571260589,195400
2024-06-13,113.89399719238281,114.08633403104602,113.20157283370712,114.08633403104602,127500
2024-06-14,113.78820037841797,113.81705016812846,112.95151979091641,113.41313843782267,137500
2024-06-17,114.74029541015625,114.7883832908662,113.51894101423665,113.77859649340112,118300
2024-06-18,115.10574340820312,115.28846120947493,114.75953121807296,114.75953121807296,122600
2024-06-20,115.30769348144531,115.5577372366367,114.84607480549043,115.01918089182603,132800
2024-06-21,114.9903335571289,115.39424532148175,114.76913958873753,115.39424532148175,123200
2024-06-24,115.644287109375,116.15398632767543,115.12496884813118,115.22113726602522,136000
2024-06-25,114.6825942993164,115.48080615054101,114.39408169325101,115.48080615054101,172800
2024-06-26,114.41332244873047,114.61527834281452,114.16327867345379,114.58642854897116,170900
2024-06-27,114.31072998046875,114.47523931223019,113.73013008917428,114.4655605556023,185800
2024-06-28,114.66876983642578,115.24936972614053,114.16558523406717,114.66876983642578,360600
2024-07-01,114.34944152832031,115.5009699763245,114.12688179737751,114.99777797268888,281900
2024-07-02,114.78490447998047,114.78490447998047,114.09786034572787,114.31074133358716,159200
2024-07-03,114.85263061523438,115.06551896654088,114.65909239462471,114.94939603417508,171800
2024-07-05,114.755859375,115.09454941999327,114.2333246290646,115.09454941999327,174900
2024-07-08,114.88166046142578,115.38484507375392,114.68812223920088,114.8429528169808,164300
2024-07-09,114.9397201538086,115.3654968670766,114.61071624463126,114.86230486362743,284200
2024-07-10,115.97512817382812,115.9944856881562,114.90101499320639,115.0558455769166,176900
2024-07-11,116.5654067993164,116.72990875738427,115.9460992302256,116.14930883420271,264800
2024-07-12,117.2040786743164,117.86209392744627,116.7589517946593,116.86538859866667,245100
2024-07-15,117.73627471923828,118.19108028899134,117.50403624758512,117.52338637741958,246800
2024-07-16,119.26519775390625,119.29422664108854,117.97819628215132,118.01690392597044,366500
2024-07-17,119.59420013427734,119.91353265468565,118.82006941590555,118.82006941590555,220700
2024-07-18,118.6749267578125,120.2909322321406,118.40398061633577,119.30391309065699,192300
2024-07-19,117.77499389648438,118.77169179195377,117.66854971514991,118.74266290299502,159400
2024-07-22,118.23947143554688,118.25882156615835,117.47501207865028,118.08464085974231,220900
2024-07-23,117.88143157958984,118.35558729947816,117.80401629148164,118.3072082814567,173200
2024-07-24,117.32987213134766,118.03627378515775,117.2040778128243,117.70726246964666,178600
2024-07-25,117.66854858398438,118.9265212334466,117.26212937701175,117.32986591150718,392400
2024-07-26,119.26519775390625,119.6716169399147,118.31687893715836,118.42332311197887,158300
2024-07-29,118.96522521972656,119.29422912494705,118.50074086695419,119.29422912494705,277600
2024-07-30,119.10070037841797,119.52646971132225,118.7233100650993,119.09102162140947,226200
2024-07-31,119.84579467773438,120.54251748376764,119.42969674539384,119.83611592133725,184300
2024-08-01,118.5684814453125,120.19416566139698,118.09432570225036,119.89419063372706,154300
2024-08-02,116.84603881835938,118.11368292256974,115.79128308826382,117.66855604157014,249700
2024-08-05,114.18494415283203,115.09455539245491,113.76884617967782,114.29138833545721,335000
2024-08-06,114.91069793701172,116.31381508504579,114.18494616056743,114.46557106672002,413000
2024-08-07,114.35912322998047,116.55572862146568,114.29138669498477,115.93642104929678,172000
2024-08-08,116.323486328125,116.42025174885414,114.86230411211139,114.88166162589422,184300
2024-08-09,116.55572509765625,116.91376527622532,115.76223683338371,116.18801354490061,273600
2024-08-12,116.17833709716797,116.78797328854412,115.82997566858974,116.71055799714263,122400
2024-08-13,117.31051635742188,117.32986648906072,116.10093010495733,116.4879917995631,219100
2024-08-14,118.06529235839844,118.33623848706722,117.32018312183102,117.32018312183102,161100
2024-08-15,119.41036224365234,119.54583532003073,118.80072601722057,119.29423929987273,162200
2024-08-16,119.79742431640625,119.83612457933482,119.16843799425348,119.25552465993553,130900
2024-08-19,120.55220031738281,120.55220031738281,119.79741971289519,119.79741971289519,131100
2024-08-20,120.22319793701172,120.51350159841982,120.04901721671261,120.43608630434716,249600
2024-08-21,120.4167251586914,120.6876712804358,120.09739263689491,120.52316933262358,151400
2024-08-22,120.25222778320312,121.03604472214869,119.94257398717798,120.81347759560147,90900
2024-08-23,121.51988220214844,121.58761874096989,120.5812420336735,120.76510151735842,168400
2024-08-26,121.6650161743164,122.20690840532563,121.44244907502164,121.78113171940241,186200
2024-08-27,121.78113555908203,121.78113555908203,121.40374526019775,121.60695485323328,129400
2024-08-28,121.68437957763672,122.19724297831779,121.09410088330185,121.58761415193385,135200
2024-08-29,122.18756103515625,122.68107429092098,121.40375150985176,122.10047436911289,159200
2024-08-30,123.30036926269531,123.44552107400136,121.96498884068075,122.37140800615546,93100
2024-09-03,122.03273010253906,123.09716445553205,121.59728203445542,122.7391242914506,217600
2024-09-04,122.11015319824219,122.71978200909082,121.66502634516927,122.0327379065612,336600
2024-09-05,120.9973373413086,122.3230465805359,120.59091811739209,122.1972448807078,295700
2024-09-06,119.54582977294922,121.21989301740173,119.32326265338128,120.82315256433968,176500
2024-09-09,120.74574279785156,121.2586062127755,119.82646015405155,120.0877275489779,126600
2024-09-10,120.92959594726562,121.22957097438574,120.01998472602584,121.21989221723486,256800
2024-09-11,120.76509094238281,120.96830054105277,118.5200992173782,120.64896800768781,196400
2024-09-12,121.47147369384766,121.51018133509245,120.37801051391078,120.96828912312058,106400
2024-09-13,122.18756103515625,122.40044939578921,121.82952823111768,122.00370894593296,172900
2024-09-16,123.22296905517578,123.2713554591071,122.5359249391776,122.61334023237623,125500
2024-09-17,123.05846405029297,123.67777161510581,122.66172360223875,123.3681178326994,130200
2024-09-18,122.76817321777344,124.22935552885323,122.7004366805832,123.1649136833938,138300
2024-09-19,123.84227752685547,124.22934658983168,123.31005664242214,124.12290241294502,198100
2024-09-20,123.67776489257812,123.77453769278695,123.09716500496577,123.44552641407881,241600
2024-09-23,124.08419799804688,124.18097080911375,123.71648641727121,123.92938217198095,137300
2024-09-24,124.17130279541016,124.32611862566682,123.84229147088043,124.16161665476653,152300
2024-09-25,123.39714050292969,124.20031488111363,123.15522326690527,124.20031488111363,109800
2024-09-26,123.99372100830078,124.13969307343747,123.60444484334394,123.74069038735504,221900
2024-09-27,124.40245819091797,125.01557056650674,124.2954070594604,124.36352983176747,156700
2024-09-30,124.84038543701172,124.96690445660516,123.73095322188888,124.36352604538087,229500
2024-10-01,124.58737182617188,124.92797827869863,124.09104450498653,124.73334389873315,219100
2024-10-02,124.51924133300781,124.74307012695911,123.99372702337187,124.65548688362833,141800
2024-10-03,123.92559814453125,124.19809667350333,123.61417867910318,124.11050600441301,104100
2024-10-04,124.89877319335938,124.91824108458808,123.97424883027232,124.49003657545721,156800
2024-10-07,124.07157135009766,124.8598576326249,123.74069143322414,124.69441767418814,321200
2024-10-08,124.28567504882812,124.4024601280982,123.82827610271879,124.15916344823795,128300
2024-10-09,125.47295379638672,125.57027840600898,124.12023230550543,124.15916066438928,140100
2024-10-10,125.07395935058594,125.46322809230888,124.85985708774312,125.46322809230888,165600
2024-10-11,126.40721893310547,126.5142700632989,125.43403224031087,125.43403224031087,139800
2024-10-14,127.15657806396484,127.25388782438728,126.25150670916746,126.5142712766442,126300
2024-10-15,126.41693878173828,127.38039890262667,126.29043461611433,126.73809215536774,186900
2024-10-16,127.30254364013672,127.40959476589987,126.53373271849223,126.67970477651022,172900
2024-10-17,127.22467803955078,127.57502580397261,127.11762692126497,127.46797468568681,187600
2024-10-18,127.21495819091797,127.35120372591311,126.74783276374171,127.10790706701825,159500
2024-10-21,126.14444732666016,127.15656974647328,125.94008644838514,127.06898651292686,183800
2024-10-22,126.05686950683594,126.21258293959451,125.30751160512932,125.68705381644692,192200
2024-10-23,125.62866973876953,126.017953335376,125.05449313963217,125.71625297938694,138300
2024-10-24,125.19072723388672,125.7065149587628,124.8501059742216,125.579995945233,134800
2024-10-25,124.26620483398438,125.63840156467795,124.2175425318992,125.63840156467795,220200
2024-10-28,124.80146026611328,124.97662673377148,124.43164459041307,124.43164459041307,149600
2024-10-29,124.09103393554688,124.71386538335196,124.02291116587874,124.36352501421942,154900
2024-10-30,123.96452331542969,124.44139016023875,123.69203221829625,123.7796228851323,179200
2024-10-31,123.1373062133789,123.85746225880159,123.10811180171413,123.61416559516184,235000
2024-11-01,123.2443618774414,124.26621087228462,123.21516746470164,123.84774029842242,174000
2024-11-04,122.92321014404297,123.54604904030153,122.53394140250037,123.44873185491586,118700
2024-11-05,124.1883544921875,124.1883544921875,123.02053343047555,123.02053343047555,130100
2024-11-06,127.6431655883789,127.82807342928666,126.69917334243398,127.37067451219376,202700
2024-11-07,127.18576049804688,127.92537697612907,126.95219036566077,127.92537697612907,495800
2024-11-08,127.93514251708984,128.3438791887522,127.29283566891245,127.52639099577549,170500
2024-11-11,128.22706604003906,128.84017837369018,128.09082050474433,128.30492275301458,183200
2024-11-12,127.20524597167969,128.3341313101348,127.03979115733803,128.3341313101348,159200
2024-11-13,127.47771453857422,127.73073770167164,126.95218547336982,127.38038994141824,184000
2024-11-14,126.60186004638672,127.68209792692389,126.53374469608052,127.68209792692389,2156500
2024-11-15,126.1152572631836,126.6018505991937,125.87196059517854,126.32935951900005,202900
2024-11-18,126.65050506591797,126.82568637785991,126.08605504911493,126.3001572916833,224800
2024-11-19,126.03739929199219,126.39748845481488,125.46322272513574,125.97901046819662,351300
2024-11-20,126.24178314208984,126.39749658199018,125.50216657703966,126.29044544826507,238000
2024-11-21,127.73075866699219,128.04218554928897,126.37802970252399,126.63105290715184,242800
2024-11-22,128.7136688232422,128.81099343403028,127.85727461683997,127.85727461683997,252000
2024-11-25,129.3754425048828,129.90095678997463,129.05428911135147,129.45329922297987,259800
2024-11-26,129.47276306152344,129.61874998874768,128.71367855884324,129.3559853994655,174900
2024-11-27,129.4824981689453,130.16372591407944,129.3657056628858,129.67713254617632,116500
2024-11-29,129.9009246826172,130.2318193651557,129.48246163213318,129.6381750298399,97100
2024-12-02,129.1029510498047,129.9982810309027,128.78179765718522,129.9690866179055,185900
2024-12-03,128.37306213378906,129.39491114646324,128.37306213378906,129.36570188356336,492800
2024-12-04,127.97405242919922,128.49956671901654,127.51665348729772,128.49956671901654,205500
2024-12-05,127.63343048095703,128.20762192291176,127.57504165457367,127.93513083335557,206000
2024-12-06,127.3511962890625,127.81832168896031,127.2149507620236,127.67234964200748,359100
2024-12-09,126.55318450927734,127.61396923577553,126.51426357740708,127.61396923577553,144500
2024-12-10,125.910888671875,126.47533868905931,125.53134648700183,126.47533868905931,228400
2024-12-11,125.38536834716797,126.21258296542315,125.37564182623743,126.21258296542315,259400
2024-12-12,124.78199768066406,125.52161421386066,124.71386748502277,125.52161421386066,242000
2024-12-13,125.3075180053711,125.50216723108639,124.93771714574429,125.40484261822874,223400
2024-12-16,124.86958312988281,125.73571869909675,124.74306410696543,125.42430667684316,209800
2024-12-17,124.16887664794922,124.42190724680829,123.77960794179634,124.24673335910964,284300
2024-12-18,121.15200805664062,124.41218195888928,121.09361923161966,124.22728153804782,242700
2024-12-19,120.73353576660156,122.23224412767182,120.67514694241216,121.88189633288526,295100
2024-12-20,122.0765380859375,122.85508296592764,120.5097069554951,120.5097069554951,264600
2024-12-23,122.54150390625,122.62959629682516,121.29836762955277,121.87588957261381,444400
2024-12-24,123.59864044189453,123.60843097386939,122.4729757083812,122.70789619986363,191400
2024-12-26,123.90209197998047,123.99997489955055,123.12880421979715,123.23647767172065,266200
2024-12-27,123.24626159667969,123.87272120992854,122.63937557910026,123.32456344734506,230900
2024-12-30,121.88565826416016,122.34571616421431,121.17110628712975,122.24783325245517,218500
2024-12-31,122.26741790771484,122.53170252402772,121.65074135633866,122.21847271640358,198900
2025-01-02,122.00313568115234,123.19732675295506,121.49414000313212,122.83515172475624,271900
2025-01-03,122.93302917480469,123.10922141473527,122.08143957179678,122.49255230897218,220700
2025-01-06,122.67853546142578,123.86293595152448,122.46318855995548,123.27563097259781,232600
2025-01-07,122.56107330322266,123.53012690627901,122.27720760778432,123.30499693719942,556500
2025-01-08,122.8155746459961,122.86451237188656,121.77800225406594,122.54149948344761,369400
2025-01-10,120.99491119384766,122.41423205071708,120.79914537496472,122.32613967261594,312400
2025-01-13,122.13037872314453,122.14995978780324,120.71105772289778,120.71105772289778,281500
2025-01-14,123.02112579345703,123.02112579345703,121.93460825379046,122.44360389576623,220600
2025-01-15,124.4208755493164,124.69495070552422,124.00976281500469,124.51875846682093,214100
2025-01-16,125.1060562133789,125.21372965681074,124.28383079224939,124.46981355235665,243200
2025-01-17,126.02617645263672,126.2806705388132,125.42908096093666,125.79124849433694,263700
2025-01-21,127.5629653930664,127.5629653930664,126.61348545757234,126.61348545757234,298900
2025-01-22,127.01480102539062,127.79787926784054,126.9267086438085,127.79787926784054,279900
2025-01-23,128.20899963378906,128.20899963378906,127.18121031275162,127.3084648288349,271600
2025-01-24,128.1208953857422,128.42433464740947,127.9349126289849,128.14047644855208,353000
2025-01-27,128.5809783935547,128.5809783935547,127.40636830709506,127.40636830709506,277900
2025-01-28,127.5629653930664,128.55159251923106,127.36718463178819,128.55159251923106,324100
2025-01-29,127.38675689697266,128.2775085169523,127.14204589825125,127.56295658275856,244800
2025-01-30,128.66905212402344,128.9431272732393,127.93491905948625,128.2089942087021,226300
2025-01-31,127.99365234375,129.05080579053606,127.85661476375788,128.69842130827402,253300
2025-02-03,127.72936248779297,128.1502582502262,126.22193432174136,126.36876988740782,379100
2025-02-04,127.71958923339844,127.89578895914093,127.19101992812585,127.3280575210467,267000
2025-02-05,128.78652954101562,128.80609566974135,127.68043089299165,128.22858121683416,387200
2025-02-06,128.64947509765625,129.26615167073288,128.05239452496414,129.26615167073288,193200
2025-02-07,127.77830505371094,128.96271301260106,127.71957679617482,128.96271301260106,295500
2025-02-10,128.27752685546875,128.28730991986552,127.55317681874989,128.27752685546875,194200
2025-02-11,128.9039764404297,128.94312363093667,127.85660612867386,128.06216995276682,210700
2025-02-12,128.29710388183594,128.55159797192724,127.81746489391986,128.0523928558335,210000
2025-02-13,129.15846252441406,129.2955000866691,128.30687302582726,128.6886215875359,281700
2025-02-14,128.8452606201172,129.6479050587524,128.83546261956369,129.37382989083048,163400
2025-02-18,129.54022216796875,129.54022216796875,128.6396874052579,128.82567017050883,239700
2025-02-19,130.19606018066406,130.19606018066406,129.30532332016213,129.3248894500355,238800
2025-02-20,129.62831115722656,129.75556566400914,128.9039761148641,129.75556566400914,362500
2025-02-21,128.1306915283203,129.31509950563708,128.04259914064562,129.14869779470396,210700
2025-02-24,128.27752685546875,128.9724978270449,128.1796364675962,128.48307575963446,338400
2025-02-25,128.6005401611328,129.0410170104557,127.97408054663518,128.5222308423237,232200
2025-02-26,128.16986083984375,129.02145050703626,127.85662352925792,128.81590159094424,196200
2025-02-27,127.84683227539062,129.40319085573563,127.81746814640118,128.37540153317676,207700
2025-02-28,129.73599243164062,129.77515456038753,127.54339117304204,128.29710532367324,254400
2025-03-03,128.66905212402344,130.40161033840434,127.86640774017,130.08837306160027,304400
2025-03-04,125.98703002929688,128.05239166702225,125.71293994162106,127.9838654111094,647600
2025-03-05,126.9071273803711,127.37698328668574,125.45844234250548,125.85977199482522,378500
2025-03-06,125.99681854248047,126.57433299882726,125.16480251941043,125.86956402512479,515000
2025-03-07,127.16163635253906,127.45529255988936,125.69337025176269,125.78146263317524,403400
2025-03-10,125.63465118408203,127.17142871522569,124.73410890075296,125.82061902422616,295300
2025-03-11,123.99996948242188,125.39971682828927,123.44202865046006,125.23331512549085,458300
2025-03-12,123.43223571777344,124.52854376451016,122.79598557875647,124.38171566043123,279400
2025-03-13,122.98197174072266,124.16637220184823,122.57085901232954,123.52033898122873,254600
2025-03-14,124.78305053710938,124.97881637208427,123.16795626060882,123.49097660950652,291800
2025-03-17,126.3589859008789,126.74073451638702,124.5970709373002,124.5970709373002,250500
2025-03-18,125.8010482788086,126.34919858664175,125.41929967614081,126.16321581734643,468500
2025-03-19,126.59391021728516,127.07354920691898,125.67379436646455,126.00659777838561,265000
2025-03-20,126.3687744140625,126.9364908265238,125.7814620023076,125.95764676424903,310100
2025-03-21,125.8010482788086,126.01639517631101,124.97881534907103,125.6640107018503,247000
2025-03-24,127.07353973388672,127.30845274315372,126.55473865448124,126.61348184277264,231300
2025-03-25,126.71136474609375,127.35740543156967,126.31003508366396,127.33782436765283,352900
2025-03-26,126.87776184082031,127.74893245378169,126.6134846994323,127.01479941130947,240400
2025-03-27,126.75379180908203,127.29501511191734,126.32081316681379,126.75379180908203,177700
2025-03-28,125.25804901123047,126.8620263416438,125.1399618888741,126.65538701582928,297500
2025-03-31,126.7833023071289,127.2950056659486,124.73651139466595,124.73651139466595,388600
2025-04-01,126.39952850341797,126.91123186208219,125.41549166802318,126.35032365860613,293700
2025-04-02,126.88170623779297,127.10803049547103,125.62214034649183,125.68118015152004,274300
2025-04-03,122.64051055908203,124.99235804236793,122.4830685662071,124.3527400925814,454900
2025-04-04,115.0831069946289,120.52483709996673,115.0043897521421,120.07217354073933,929400
2025-04-07,114.37460327148438,117.76952730870796,110.4581334115418,112.07195320108865,991700
2025-04-08,113.03631591796875,118.11394217150146,111.44217351462426,117.9072953334466,684300
2025-04-09,120.42642211914062,120.77084100876493,111.21583697585545,111.69802041828747,779800
2025-04-10,117.3365478515625,118.85196544929401,114.36475997023791,118.85196544929401,411300
2025-04-11,118.96021270751953,119.53095587520396,116.2344339704695,117.09054121439088,448600
2025-04-14,120.3280258178711,120.91844643126211,119.48175351922197,120.30834838405374,408600
2025-04-15,119.8556900024414,121.12509091815619,119.8556900024414,120.62323753570347,346800
2025-04-16,118.40914916992188,120.30834048178119,117.7203189098726,119.89503932270965,599600
2025-04-17,118.44851684570312,119.4620735872233,117.75968655481384,117.75968655481384,409000
2025-04-21,116.14586639404297,117.93681313282521,115.01422253265962,117.89745075852606,525200
2025-04-22,118.70436096191406,118.97005511220182,117.11022609060853,117.14958846500691,269200
2025-04-23,119.51126861572266,121.5875869035735,119.10781742405202,120.45595056826954,253900
2025-04-24,120.5149917602539,120.7019611603704,118.82244721159243,119.30462315611872,220400
2025-04-25,120.39691162109375,120.49531380827112,119.35383492332345,120.3673917157011,198700
2025-04-28,120.82003784179688,121.36126108814933,119.8950408417054,120.65275338659885,310700
2025-04-29,121.55806732177734,121.80407652707767,120.49530575305474,120.5248331640791,242200
2025-04-30,121.74503326416016,122.15832691550695,119.54079294937236,121.02668310172938,221100
2025-05-01,121.39078521728516,122.1976951260088,120.89876679714624,121.54822720777487,284600
2025-05-02,123.1817398071289,123.47695388104553,122.41419222407261,122.80780848675951,270900
2025-05-05,122.39450073242188,123.00460628232011,121.89264734426587,122.48306795289993,188700
2025-05-06,121.46951293945312,122.30594277264092,121.31206343750435,121.64663987534276,223800
2025-05-07,122.33545684814453,122.8471526898851,121.70567388556917,121.71551635587335,290800
2025-05-08,122.75859832763672,123.89024221855085,122.46338426649201,122.67987357698406,307400
2025-05-09,122.48306274414062,122.98492361855968,122.33545572135796,122.98492361855968,258700
2025-05-12,125.01203918457031,125.01203918457031,124.2740115656098,124.85458968887492,281600
2025-05-13,124.26416778564453,124.83491094011768,124.20512797918354,124.70698885691718,277000
2025-05-14,123.41790008544922,124.25432990751436,123.30965543120021,124.21497504015598,264800
2025-05-15,124.84475708007812,124.84475708007812,123.21125231566155,123.24077221975975,185500
2025-05-16,125.96654510498047,125.96654510498047,124.56921465366257,124.7561840477139,181600
2025-05-19,126.26176452636719,126.35032423830852,125.26789272353429,125.3170900609666,198100
2025-05-20,126.07479095458984,126.3503200594349,125.60245749131401,126.11416083540203,202000
2025-05-21,123.80166625976562,125.474533308846,123.80166625976562,125.34660372116282,182700
2025-05-22,123.32933807373047,123.94927857574244,122.84715462011592,123.41789778504422,314500
2025-05-23,123.17188262939453,123.4474117280958,122.26657058863184,122.26657058863184,212800
2025-05-27,125.01203918457031,125.04155908811191,123.75247324942787,124.14608948106118,196600
2025-05-28,124.15592193603516,125.23836092045887,124.03784232425384,124.95299685358405,238300
2025-05-29,124.77587890625,124.80539881131935,123.77215708825845,124.59875196822829,209300
2025-05-30,124.90379333496094,125.29740956281822,124.05752107272954,124.4708147335574,152600
2025-06-02,125.21868896484375,125.21868896484375,123.83119340488332,124.69715063638385,495700
2025-06-03,125.76974487304688,125.84846962129289,124.64794348715934,124.93331506884725,178200
2025-06-04,125.12027740478516,126.07478676985735,125.12027740478516,125.97639210151297,163800
2025-06-05,124.91364288330078,125.46470112896286,124.68731109948642,125.41549628234065,191300
2025-06-06,126.23224639892578,126.5274604580955,125.8386301559013,125.87799253096429,196000
2025-06-09,126.34048461914062,126.81281808063055,125.90750602310402,126.4290443278181,203300
2025-06-10,126.98995971679688,127.15724418108034,126.40938157336406,126.41921653648278,343700
2025-06-11,126.88170623779297,127.23596008317202,126.42904270722701,127.05882565287759,133000
2025-06-12,127.50164794921875,127.56068775134278,126.33064182306157,126.7340854759789,184300
2025-06-13,126.68490600585938,127.58036810328159,126.39952691865501,126.87186038946358,229700
2025-06-16,127.186767578125,127.81655058486665,126.8915535091374,127.26549233086912,171000
2025-06-17,126.07479095458984,126.96043309034336,126.01575114858161,126.81281856011273,174800
2025-06-18,126.33065032958984,126.96043328666818,126.06495618693194,126.33065032958984,162200
2025-06-20,126.4192123413086,126.95058562109264,126.30113272695888,126.71442639239322,223300
2025-06-23,127.37373352050781,127.42293836653441,125.9075131940961,126.62585589740962,145500
2025-06-24,128.41680908203125,128.69233819915132,127.62957659802646,127.79686106090574,179200
2025-06-25,127.84606170654297,128.26920534656898,127.61973744246036,128.26920534656898,139100
2025-06-26,128.7218475341797,128.8104072398658,128.19047428485345,128.19047428485345,163300
2025-06-27,129.15484619140625,129.73542437253963,128.67266269348207,128.84979714759757,193100
2025-06-30,129.77601623535156,129.97384251435932,129.21221058552058,129.55840280048974,492600
2025-07-01,131.09158325195312,131.33886987471666,129.65732385856012,129.7364573890258,522000
2025-07-02,131.14105224609375,131.22018578177958,130.6168057787064,131.06191871040792,283100
2025-07-03,131.94224548339844,132.1598589117025,131.3388655400421,131.3388655400421,179200
2025-07-07,130.94320678710938,131.83343252020867,130.3101536874623,131.6652794414311,218600
2025-07-08,130.76516723632812,131.15093377631837,130.63658845178347,130.80474154940197,202500
2025-07-09,130.73548889160156,131.16082972788922,130.2310296186431,131.16082972788922,228400
2025-07-10,131.4476776123047,131.71475139305116,130.59701101967104,130.7948373007812,178300
2025-07-11,130.6068878173828,130.87396157924752,130.32992802477375,130.8541744245821,396100
2025-07-14,130.76516723632812,130.81462758108137,130.1024408775335,130.3991878528748,164200
2025-07-15,129.2220916748047,130.71569738134502,129.20230451970738,130.71569738134502,188800
2025-07-16,129.9243927001953,130.00351113447687,128.69784566435214,129.68699211781941,209100
2025-07-17,130.5079803466797,130.58711387102247,129.6869870114469,129.6869870114469,220000
2025-07-18,130.12222290039062,130.87396879417574,129.93428265364997,130.87396879417574,202500
2025-07-21,130.09254455566406,130.88386472958882,129.9936238739821,130.38929150753296,143400
2025-07-22,130.7156982421875,130.88386642185654,129.85514565450038,129.85514565450038,166500
2025-07-23,131.94224548339844,131.95213151443875,131.08169289439965,131.1805984843342,215800
2025-07-24,131.5268096923828,132.14997680952388,131.4081169436617,131.68507675279602,148200
2025-07-25,131.97190856933594,132.0213689071064,131.2201627520234,131.60592923755135,162400
2025-07-28,131.30918884277344,131.89278161526778,131.12124860579263,131.89278161526778,177800
2025-07-29,131.30918884277344,131.63560897650166,131.06190223478328,131.4081095232402,199200
2025-07-30,130.65634155273438,131.48722088856036,130.11230802576168,131.31906781534624,151300
2025-07-31,129.2319793701172,130.66625381619141,128.94513353680867,130.02329955925327,221500
2025-08-01,128.05490112304688,128.4505536505285,127.44162008432099,128.4505536505285,305700
2025-08-04,129.1033935546875,129.1033935546875,128.14392033031078,128.14392033031078,298700
2025-08-05,129.07373046875,129.45949699479323,128.59892928809865,129.22209640446755,217500
2025-08-06,129.11329650878906,129.50894908705817,128.81654952849803,129.27156357736806,240300
2025-08-07,128.9649200439453,129.91449219159404,128.51979206323426,129.80568547746998,195600
2025-08-08,129.83535766601562,130.00351075142834,129.30122522371502,129.3111112546768,165200
2025-08-11,129.7364501953125,130.43873571284067,129.43970324581494,130.11231557771103,129300
2025-08-12,130.96298217773438,131.0322296730261,130.14200391729452,130.14200391729452,151600
2025-08-13,131.665283203125,131.70484241971846,131.07178930198498,131.36853625255497,229800
2025-08-14,131.5268096923828,131.66528959694998,130.82450904503511,131.14104316586156,136200
2025-08-15,131.45755004882812,131.9719104010632,131.2992980962126,131.9719104010632,185600
2025-08-18,131.56637573242188,131.86312271278817,131.31908909764635,131.5169304800095,149600
2025-08-19,132.1103973388672,132.61487168758723,131.65539842441905,131.6850716104406,204500
2025-08-20,132.60498046875,132.87205425607058,132.15986755200112,132.2884614298181,506000
2025-08-21,132.1103973388672,132.54562419141897,131.73451685835846,132.12029846299237,138300
2025-08-22,133.63369750976562,134.00956291449913,132.75335773295595,132.75335773295595,200900
2025-08-25,132.60498046875,133.62380018006473,132.60498046875,133.60402811669147,189800
2025-08-26,133.05007934570312,133.1588860554871,132.3675809950689,132.5258329512466,249900
2025-08-27,133.43585205078125,133.59411910749583,132.89183356973797,132.89183356973797,228900
2025-08-28,133.584228515625,133.6237877318644,133.05998211468665,133.60401567033307,188200
2025-08-29,133.64358520507812,133.8414114879026,133.21824435848646,133.5051052977832,224300
2025-09-02,133.20834350585938,133.20834350585938,132.14996470925843,132.98084406058229,1654300
2025-09-03,132.51596069335938,133.05999429882226,131.88290752332387,132.81270766844622,904600
2025-09-04,133.4754180908203,133.51497730595906,132.30821748634688,132.63463761065276,164800
2025-09-05,132.931396484375,133.94033013251894,132.38736289502395,133.60402394753018,216700
2025-09-08,132.76324462890625,132.80280384796507,132.08073112801358,132.80280384796507,484700
2025-09-09,133.16879272460938,133.36661899795163,132.555511656118,132.5752988114054,273500
2025-09-10,134.28651428222656,134.65250872571963,133.76226788030124,133.99966845771482,183300
2025-09-11,135.82960510253906,135.90872354082092,134.54371162938006,134.54371162938006,182600
2025-09-12,134.87013244628906,135.7306850787079,134.87013244628906,135.49328448316777,149200
2025-09-15,134.78109741210938,135.44382375964364,134.61294431734797,135.2657846333708,216100
2025-09-16,134.81076049804688,135.30533371375986,134.54370182864912,135.00860185887345,349500
2025-09-17,135.54273986816406,136.14611981988887,134.73164760947182,135.0877409431648,192900
2025-09-18,135.93838500976562,136.34393866359378,135.53284644911403,135.75045986857418,286800
2025-09-19,135.97796630859375,136.3241736100343,135.47350704291898,136.22525292585777,460000
2025-09-22,136.10655212402344,136.31426441805263,135.4240386858604,135.5526174558673,225900
2025-09-23,136.2549285888672,137.00667448546872,136.047201185592,136.15600790289278,340600
2025-09-24,135.9878387451172,136.58133260449054,135.89881919416393,136.2944717049623,268800
2025-09-25,135.49327087402344,136.02741838704367,135.1075043782539,135.86915133924683,175800
2025-09-26,136.3538360595703,136.57144947308103,135.9383812932854,135.9383812932854,416000
2025-09-29,136.35682678222656,136.64515814704694,135.85971838685492,136.64515814704694,525100
2025-09-30,136.94342041015625,137.01300769387382,135.96907707376104,136.167932559911,443200
2025-10-01,137.30133056640625,137.45045700126468,136.44630360861825,136.44630360861825,464600
2025-10-02,136.97325134277344,137.38086869687146,136.5755555246306,137.06272721290148,199500
2025-10-03,137.59959411621094,138.26573269839625,137.13231102332838,137.13231102332838,191900
2025-10-06,137.49021911621094,138.0668666157485,137.22179153322662,137.99727933626679,191600
2025-10-07,137.4007568359375,137.85810323268623,137.1024887659313,137.66919961599748,281200
2025-10-08,137.30133056640625,137.7686136230196,136.92352337070795,137.60953531214213,199900
2025-10-09,136.7843475341797,137.7686276158444,136.51590475362673,137.52007341880682,266900
2025-10-10,134.47775268554688,137.39081566346917,134.47775268554688,137.03289702520502,317400
2025-10-13,135.73046875,136.02873679546718,135.1041073715732,135.17370982275085,215900
2025-10-14,136.77439880371094,137.37091972183376,134.7262996569148,134.9152032573437,256500
2025-10-15,137.15219116210938,138.10664587214916,136.36676664167882,137.30133276990404,164800
2025-10-16,135.8100128173828,137.38086191725827,135.4421423074367,137.38086191725827,246000
2025-10-17,136.64515686035156,136.92353634549482,135.8796056909355,136.01879543350714,358800
2025-10-20,137.70895385742188,137.78849301631396,137.01300518029547,137.01300518029547,229800
2025-10-21,137.71890258789062,138.2756615168734,137.6095381432302,137.78848986874195,148300
2025-10-22,137.2814483642578,137.71890615422777,136.7246894208573,137.69901757180818,247400
2025-10-23,137.48028564453125,137.679125952711,136.98317728881034,137.2118428846899,160200
2025-10-24,138.20606994628906,138.5043380161673,138.07683208009237,138.2856091096262,147100
2025-10-27,138.80259704589844,138.82248562807345,138.32537726750087,138.52421757762124,154600
2025-10-28,138.01718139648438,138.84236797808057,137.9177536497516,138.7330035248922,223000
2025-10-29,136.7644500732422,137.80838066714696,136.37670615785393,137.5995884801487,386100
2025-10-30,136.44630432128906,137.66918660514352,136.22757543532578,136.22757543532578,296100
2025-10-31,136.51589965820312,136.8539297126267,135.7702370949221,135.94920399879226,319900
2025-11-03,135.8497772216797,136.69486753429288,134.95498820759587,136.69486753429288,183100
2025-11-04,135.60122680664062,135.83984429662536,134.94504008709072,135.2631967404037,183300
2025-11-05,136.09832763671875,136.5755474196255,135.54156869490362,135.54156869490362,296400
2025-11-06,136.03868103027344,136.35682250464802,135.67082568381238,135.83984071247136,186200
2025-11-07,136.7843475341797,136.7843475341797,135.51175125899087,135.87960661603233,207400
2025-11-10,137.25161743164062,137.40074386729623,136.26733744468524,136.88374693945215,311700
2025-11-11,138.42478942871094,138.62362973824443,137.38085884048115,137.38085884048115,203800
2025-11-12,139.29971313476562,139.56815591212003,138.6534782983857,138.67335171112006,132600
2025-11-13,138.08676147460938,139.46872212700853,137.90780974448478,139.1306920786331,247500
2025-11-14,137.6791229248047,138.26572230126732,136.82409596494716,137.36098147282243,227300
2025-11-17,136.35682678222656,137.9873417122238,135.98897142422572,137.62942306073447,258500
2025-11-18,136.14804077148438,136.9533538915817,135.64098053250214,135.95913716641596,293000
2025-11-19,136.01878356933594,136.33694019348812,135.39242219712557,136.0883860198228,228000
2025-11-20,134.74620056152344,137.4305828649262,134.69648668783103,137.00307692636895,215700
2025-11-21,136.376708984375,137.02295897044502,134.98481161068256,135.52168197752292,410000
2025-11-24,136.4562530517578,136.86388557247872,135.8199549193947,136.64515666724037,252900
2025-11-25,138.1464080810547,138.30548639473366,136.6451463183847,136.6451463183847,594100
2025-11-26,139.00143432617188,139.4090668138865,138.29554896504936,138.29554896504936,537100
2025-11-28,139.9857177734375,140.06525693182277,139.04121491974527,139.04121491974527,84800
2025-12-01,138.98155212402344,139.99565745178884,138.8721876752395,139.40907321310382,170900
2025-12-02,138.86224365234375,139.20027368693977,138.3949605931199,139.03125866964177,228100
2025-12-03,140.2442169189453,140.3436446654178,139.09092181025895,139.09092181025895,200900
2025-12-04,140.0751953125,140.472875938638,139.66756280985533,140.16467117779953,246300
2025-12-05,139.83657836914062,140.68166866609428,139.6973886324058,140.124909719155,200600
2025-12-08,139.12074279785156,139.8266433666705,138.88214048656695,139.8266433666705,146000
2025-12-09,138.6335906982422,139.92607555071191,138.6037654083851,139.19034966963366,181100
2025-12-10,140.4530029296875,140.69160523783748,138.65347305985333,138.85231337349282,175300
2025-12-11,141.4869842529297,141.5665234139502,140.1845627286245,140.33368917394807,196100
2025-12-12,141.31796264648438,141.99403789841602,140.94015544185953,141.83495958377998,216000
2025-12-15,141.8647918701172,142.2425990933805,141.41739736235706,141.82501470422432,194800
2025-12-16,140.4828338623047,141.755430125378,140.10502663183027,141.755430125378,335300
2025-12-17,140.18455505371094,141.05947060649223,140.05530202781108,140.7015519867674,325800
2025-12-18,140.11495971679688,141.14895363540933,139.8664055285498,140.77114641469973,207500
2025-12-19,140.4530029296875,141.03958716461423,140.12490958543776,140.12490958543776,209400
2025-12-22,141.52000427246094,141.6199951171875,140.80999755859375,140.80999755859375,232700
2025-12-23,141.66000366210938,141.8699951171875,141.3300018310547,141.3300018310547,237700
2025-12-24,142.47999572753906,142.6300048828125,141.66000366210938,141.67999267578125,208900
2025-12-26,142.35000610351562,142.5800018310547,141.99000549316406,142.47000122070312,153300
2025-12-29,142.2100067138672,142.52999877929688,142.02000427246094,142.27999877929688,188500
2025-12-30,142.11000061035156,142.3000030517578,141.9499969482422,142.3000030517578,136800
2025-12-31,141.16000366210938,142.11000061035156,141.14999389648438,142.11000061035156,183700
2026-01-02,142.44000244140625,142.55999755859375,140.8300018310547,141.42999267578125,268700
2026-01-05,143.91000366210938,144.22999572753906,142.7899932861328,142.7899932861328,257300
2026-01-06,145.14999389648438,145.35000610351562,143.77000427246094,143.77000427246094,287000
2026-01-07,143.52000427246094,145.19000244140625,143.3800048828125,145.19000244140625,278200
2026-01-08,144.6199951171875,144.94000244140625,143.33999633789062,143.4199981689453,345300
2026-01-09,145.52999877929688,145.75999450683594,144.89999389648438,144.89999389648438,226800
2026-01-12,145.6199951171875,145.7899932861328,144.5800018310547,144.97000122070312,253700
2026-01-13,145.2899932861328,145.9600067138672,144.92999267578125,145.91000366210938,213700
2026-01-14,146.11000061035156,146.11000061035156,145.00999450683594,145.00999450683594,346800
2026-01-15,146.60000610351562,147.0399932861328,146.44000244140625,146.49000549316406,213000
2026-01-16,146.8699951171875,147.17999267578125,146.60000610351562,146.82000732421875,211800
2026-01-20,144.9600067138672,146.0800018310547,144.74000549316406,145.58999633789062,380200
2026-01-21,147.0,147.38999938964844,145.35000610351562,145.35000610351562,696400
2026-01-22,147.08999633789062,147.6999969482422,146.9199981689453,147.13999938964844,242600
2026-01-23,146.22999572753906,146.57000732421875,145.64999389648438,146.57000732421875,191100
2026-01-26,146.69000244140625,146.85000610351562,146.3000030517578,146.41000366210938,245800
2026-01-27,146.5399932861328,146.6699981689453,146.16000366210938,146.3000030517578,247700
2026-01-28,146.67999267578125,147.11000061035156,146.30999755859375,146.57000732421875,226300
2026-01-29,147.74000549316406,148.25999450683594,146.9600067138672,147.47999572753906,251500
2026-01-30,148.1999969482422,148.38999938964844,146.91000366210938,147.52999877929688,264700
2026-02-02,149.60000610351562,149.75999450683594,147.72999572753906,147.9499969482422,322000
2026-02-03,150.25,150.82000732421875,149.22000122070312,149.41000366210938,462000
2026-02-04,150.9199981689453,151.41000366210938,150.49000549316406,150.5800018310547,271300
2026-02-05,150.36000061035156,151.08999633789062,149.99000549316406,150.58999633789062,302400
2026-02-06,153.17999267578125,153.3699951171875,151.16000366210938,151.16000366210938,203800
2026-02-09,152.77999877929688,153.0800018310547,152.10000610351562,152.6300048828125,235400
2026-02-10,152.4499969482422,153.25999450683594,152.33999633789062,152.64999389648438,193100
2026-02-11,153.25,153.6199951171875,152.75999450683594,153.16000366210938,221100
2026-02-12,151.6999969482422,154.02999877929688,151.58999633789062,153.3300018310547,212000
2026-02-13,152.64999389648438,153.2899932861328,151.5,151.61000061035156,182300
2026-02-17,152.35000610351562,153.3800048828125,151.72000122070312,152.6999969482422,275900
2026-02-18,152.8800048828125,153.24000549316406,152.47999572753906,152.66000366210938,212900
2026-02-19,152.5,152.89999389648438,151.97999572753906,152.63999938964844,223400
2026-02-20,152.97000122070312,152.99000549316406,151.7899932861328,152.1300048828125,222700
2026-02-23,151.8699951171875,153.42999267578125,151.47999572753906,152.57000732421875,176800
2026-02-24,152.33999633789062,152.5399932861328,151.66000366210938,151.77999877929688,202900
2026-02-25,152.77999877929688,153.02000427246094,152.0,152.67999267578125,194600
2026-02-26,152.66000366210938,153.5,152.02999877929688,152.92999267578125,499100
2026-02-27,153.11000061035156,153.13999938964844,151.5500030517578,151.97999572753906,238700
2026-03-02,152.7100067138672,153.16000366210938,151.8699951171875,152.19000244140625,215700
2026-03-03,150.99000549316406,151.55999755859375,149.10000610351562,150.52999877929688,297100
2026-03-04,151.61000061035156,151.86000061035156,150.2899932861328,151.22000122070312,209500
2026-03-05,149.5,150.99000549316406,148.47000122070312,150.60000610351562,256300
2026-03-06,147.89999389648438,148.14999389648438,146.64999389648438,147.8300018310547,207400
2026-03-09,148.27999877929688,148.64999389648438,145.5,146.64999389648438,194900
2026-03-10,148.02999877929688,149.5500030517578,147.60000610351562,148.11000061035156,244600
2026-03-11,147.6999969482422,148.02000427246094,147.02999877929688,147.6199951171875,277900
2026-03-12,146.02999877929688,146.94000244140625,145.97999572753906,146.52999877929688,240886
