date,close,high,low,open,volume
2021-03-15,50.59534454345703,50.724390380912354,50.1909936993484,50.41467512005089,1527100
2021-03-16,49.88127136230469,50.672766170208305,49.88127136230469,50.672766170208305,3143700
2021-03-17,49.98451232910156,50.182388506938345,49.34787836496175,49.97591058660463,1318400
2021-03-18,49.545753479003906,51.416945973028945,49.528546711384514,49.967311081040535,2039900
2021-03-19,49.029563903808594,49.61457759748039,48.392926625080065,49.49413350519928,1870700
2021-03-22,48.17783737182617,49.20161523450978,47.98426701655626,49.029554155094175,3808800
2021-03-23,46.93039321899414,48.10042739524595,46.874473674487994,47.91115619560051,2774000
2021-03-24,46.83574295043945,47.567015722493686,46.67228359948509,47.30031577760026,1915100
2021-03-25,47.32612228393555,47.40355108518821,45.96682067310025,46.706695155769076,1445900
2021-03-26,48.21226119995117,48.453149388077314,47.39495777070909,47.53260863276052,1864700
2021-03-29,47.43796920776367,48.99514712511251,47.39495393220429,48.143430228874045,1520600
2021-03-30,47.264469146728516,47.70258602638254,47.02155442983431,47.169037419530135,1003000
2021-03-31,46.75260543823242,47.325192426631595,46.15399282155379,47.238438126057105,3917800
2021-04-01,47.27313232421875,47.4292893741395,46.327496063262856,47.22107776793596,2801100
2021-04-05,47.793663024902344,48.5050587226043,47.767637402377346,48.279495605305705,2562000
2021-04-06,48.38361358642578,48.6785828506738,47.54208294529902,48.027915648020624,1338900
2021-04-07,48.24480056762695,48.43566398969066,47.83704809665966,48.31420334235469,746600
2021-04-08,47.43796920776367,48.296847918720914,47.16902561744786,48.24479666924713,1456200
2021-04-09,47.64619064331055,47.67221958287535,47.16036123096301,47.281818584049894,1266900
2021-04-12,47.25578308105469,47.897772758804976,47.24710566652446,47.82836998988299,1177300
2021-04-13,47.151676177978516,47.49002586180488,46.969490177854865,47.481348446867116,1228700
2021-04-14,49.17308807373047,49.26851978988887,47.19506090049975,47.3165182448961,2613200
2021-04-15,48.782684326171875,49.52010907576312,48.470363567235744,49.43335147080074,1311100
2021-04-16,48.600502014160156,49.29454635929367,48.44434162282206,49.15573749026697,1829600
2021-04-19,46.80466079711914,48.52242179141525,46.691877556890226,48.17539796430989,2787100
2021-04-20,45.8329963684082,46.83936144414327,45.69418419709989,46.657172124033266,2302400
2021-04-21,46.95214080810547,47.177707274321875,45.35670434088216,45.633454981612246,2209000
2021-04-22,46.62247085571289,47.06492305406613,46.37955287338527,46.90876267594987,1296800
2021-04-23,46.71790313720703,46.865389421886576,46.266776795687754,46.76128359764862,1079700
2021-04-26,47.75897216796875,47.76331087598393,47.038902182282044,47.169033637556616,1823000
2021-04-27,48.23611831665039,48.249134438229696,47.255782296700154,47.75896311879066,2220500
2021-04-28,48.878108978271484,49.1557266551311,48.12333612615089,48.30552210606556,2032400
2021-04-29,48.73061752319336,49.88446855839074,48.236110882241164,49.88446855839074,1456300
2021-04-30,47.88042449951172,48.539769051218954,47.5854552652141,48.305528484912244,1349000
2021-05-03,48.54844284057617,48.91281815561184,48.305528170195174,48.42698550538567,1237700
2021-05-04,50.62190246582031,50.65226680015359,48.826061413619705,49.19911084083667,3497200
2021-05-05,51.229190826416016,51.81045517726398,50.24017732889095,50.82144167973892,2421000
2021-05-06,51.68033218383789,51.77576391310626,50.36164611737418,51.28125705186548,2521400
2021-05-07,53.25926971435547,53.74510233330065,51.32461996254458,51.77574954239426,2825700
2021-05-10,53.571590423583984,54.10947429147046,53.34602728849093,53.74510230952077,2780100
2021-05-11,53.328678131103516,53.823184876775585,52.313635704564355,52.63463055661406,2462200
2021-05-12,51.98396301269531,53.74510425078965,51.715022723769955,53.32867769517844,1715900
2021-05-13,51.43740463256836,52.11409736665627,51.04700370541608,51.82780555972063,2040600
2021-05-14,52.5218505859375,52.80814239708174,51.80177738644192,51.888534987897835,1841300
2021-05-17,53.03371047973633,53.06841021192,51.97529087572553,52.27026011080407,1640000
2021-05-18,52.93828201293945,54.06610445987228,52.9296045972638,53.267954309861615,1771500
2021-05-19,51.93190383911133,52.330978813674264,51.07302192393464,52.330978813674264,1916100
2021-05-20,51.98396301269531,52.105423653862985,51.33329589902828,51.923234346843515,1377700
2021-05-21,52.01866149902344,53.13780963082561,51.99697458281158,52.469791055473856,1681200
2021-05-24,52.99900817871094,53.31132893897787,52.62595874944368,52.70403893951042,1385900
2021-05-25,52.4004020690918,53.43279287912349,52.278941406619246,52.91226042067122,1978700
2021-05-26,52.87754821777344,53.40675800092325,51.67164569392142,52.28760976863569,3126400
2021-05-27,53.450138092041016,53.58894695187157,52.868873716243876,53.11179170304555,1826700
2021-05-28,53.918617248535156,54.12682887587787,53.13781537233961,53.571593457011765,3179000
2021-06-01,55.089813232421875,55.67975165462855,54.02271960946497,54.02271960946497,5261800
2021-06-02,54.656036376953125,55.393457766189904,54.144178126123734,55.393457766189904,1735300
2021-06-03,54.378421783447266,54.560607787499485,53.59761989541747,54.230935511502,1901900
2021-06-04,55.983394622802734,56.06147811441066,55.35007906072971,55.53226835870835,4171000
2021-06-07,55.957374572753906,57.19798019625582,55.95303917459353,56.564661261631,3376100
2021-06-08,56.00941848754883,56.42584831887777,55.532266614217,55.95736724073057,2323000
2021-06-09,56.42585754394531,56.693930775385326,55.48889523446688,56.11353677411917,2538100
2021-06-10,56.01810073852539,57.024469056757084,55.93134644669498,56.79022518799396,1552000
2021-06-11,56.30440139770508,56.75552773096095,56.11353796554453,56.33042702592172,1031000
2021-06-14,55.28935623168945,56.52128775667382,55.029090033569005,56.13956091059718,3079900
2021-06-15,54.777503967285156,55.39346814280661,54.048756546700815,55.0898247631734,1753500
2021-06-16,53.606292724609375,54.898949472639956,53.41542932176033,54.76881804207699,2550800
2021-06-17,51.385345458984375,53.545561522302556,51.220510997636595,53.545561522302556,3584600
2021-06-18,50.34428405761719,51.09906031690015,49.99726357135604,50.77806214754175,3535500
2021-06-21,51.70634841918945,52.31363842370114,51.073032787594094,51.09906172414204,3234200
2021-06-22,53.18119430541992,53.51086658749534,52.05337190927841,52.59993324097582,2503500
2021-06-23,53.18119430541992,53.665292808709054,53.085762594071966,53.45881202417893,1637600
2021-06-24,52.82548904418945,53.54556217725785,52.7690990905432,53.21588994106607,2064100
2021-06-25,52.981658935546875,53.42411446810279,52.90791744994235,53.26361537343613,1828900
2021-06-28,51.567535400390625,53.18986775337062,51.558861295217,53.18986775337062,2089100
2021-06-29,51.864803314208984,53.150058280082945,51.47135757615826,52.564260551146276,1322900
2021-06-30,52.99269104003906,53.00143279814156,51.62874664201296,51.82984043112932,1782900
2021-07-01,53.70962905883789,54.18176398835641,53.34241189078721,53.55225074899839,1165200
2021-07-02,53.19377899169922,53.893236297797145,52.58175259813521,53.68340077360553,1132500
2021-07-06,51.6462287902832,53.1850382277092,51.19158069901078,53.1850382277092,1502400
2021-07-07,51.98721694946289,52.345689054152615,51.30524644182775,51.58502938523067,1218600
2021-07-08,52.092132568359375,52.328196692081775,50.85933472627892,51.36644334233545,1623500
2021-07-09,53.517276763916016,53.6965144684375,52.481206787500774,52.69541485547421,1131800
2021-07-12,53.68339920043945,54.041871267764506,52.913994518641,53.32492713311439,980600
2021-07-13,53.84952163696289,54.10307595644234,53.368644940372064,53.77957423768211,1062700
2021-07-14,53.76209259033203,54.60144139919906,53.639684637339364,54.21673736034491,1095000
2021-07-15,53.5085334777832,54.094327905988074,53.09322832163274,53.324926567624246,988500
2021-07-16,51.90851974487305,53.954434286036715,51.75988653840434,53.84077477589309,1571300
2021-07-19,50.28227996826172,50.86807771307217,49.906324403131485,50.710699413587285,2213000
2021-07-20,51.21781539916992,51.689947030475885,50.05496483354558,50.43092378820039,1923300
2021-07-21,52.17082214355469,52.41563471233745,51.707432284337486,51.707432284337486,1008200
2021-07-22,52.07465362548828,52.38066519179222,51.61126039401613,52.36317834010686,1174800
2021-07-23,51.69868850708008,52.41563266457778,51.18283811714632,52.37191720819876,1308500
2021-07-26,51.93476486206055,52.49433080413839,51.41016928990549,51.576292721962176,1296600
2021-07-27,51.27900695800781,51.83420018053239,50.70195434270999,51.58501844518277,903200
2021-07-28,51.99595642089844,52.253879939006346,50.859334584026804,51.56753695903946,939700
2021-07-29,52.39814758300781,52.71290421599827,52.17606825431213,52.49432359145219,843700
2021-07-30,51.93476486206055,53.23750369559626,51.74241281874275,52.564274879260076,1702700
2021-08-02,50.61452102661133,52.345678903961755,50.60577927050822,52.03966741122625,1073800
2021-08-03,51.71617126464844,51.864804471631636,50.299766576057145,51.08665806971897,1597100
2021-08-04,50.50960922241211,51.707430066038604,50.49212237287242,51.47136260016614,1689800
2021-08-05,50.728179931640625,51.2615170649771,50.4483970641977,50.579543407219454,1324800
2021-08-06,52.02219009399414,52.04841870238355,50.96426064212867,51.13038072072115,1452000
2021-08-09,52.7391242980957,52.92273119256723,51.83857333783292,51.89103054466758,1862000
2021-08-10,55.98286437988281,56.42002559686837,53.1500615615706,53.48230168508134,4546800
2021-08-11,55.633140563964844,56.218938362305614,55.09543076904293,56.131500777506844,1554900
2021-08-12,55.633140563964844,55.860462942173946,54.618926616425036,55.5194777072225,1244300
2021-08-13,55.61565017700195,55.89543308713126,55.17848896301549,55.50198732748837,1134600
2021-08-16,54.409088134765625,55.09980370210706,54.076844654796545,55.04734315202491,1376400
2021-08-17,53.062625885009766,54.15552889797954,52.36316862376417,54.07683974763471,2747300
2021-08-18,52.72164535522461,53.55225238581482,52.677929897883146,53.06263059187386,2624900
2021-08-19,50.763160705566406,52.240764388836034,50.22982349782712,52.03967063326268,2183300
2021-08-20,51.873558044433594,52.40689199369582,50.41343766420029,50.597044597648384,1935400
2021-08-23,52.70415496826172,53.13257442611831,52.45060399858678,52.79158921235254,917800
2021-08-24,53.150062561035156,53.560991844741665,52.861534551466846,52.97519740389759,851300
2021-08-25,53.10634994506836,53.499792400570215,52.67793045393829,53.08886309489207,706700
2021-08-26,52.5030632019043,53.097602743179166,52.39814544028977,53.05388728711274,857600
2021-08-27,53.57847213745117,53.823284661595636,52.450598849249225,52.459340605162396,1110500
2021-08-30,53.246238708496094,53.849520000216074,53.1150890064687,53.700883448899994,867300
2021-08-31,53.062625885009766,53.64842363430473,52.88776407115485,53.22874927755737,1535200
2021-09-01,52.68667221069336,53.499792399864226,52.301971512646915,53.34241408355531,1172500
2021-09-02,53.91072463989258,53.94569833998461,52.70415866892233,52.80907976919843,1190500
2021-09-03,53.473567962646484,54.11182303510994,53.228758711640204,54.02439211268653,683000
2021-09-07,54.33914566040039,54.43531833545249,53.29170565944883,53.33367343368779,1527200
2021-09-08,52.98393249511719,54.531483437887026,52.581745018991704,54.26918740281715,1635000
2021-09-09,54.75881576538086,55.23969244396408,52.61672510411878,52.74787480522122,2406500
2021-09-10,54.21673583984375,55.20472118199897,54.173020382638775,55.20472118199897,1105800
2021-09-13,54.43531036376953,54.88995840538179,54.04186795771922,54.723838352499996,1074500
2021-09-14,53.36864471435547,54.8724771044921,53.18503779493437,54.820019890529245,1351700
2021-09-15,55.458274841308594,55.528218904946684,53.55225157949395,53.56099333672037,1695200
2021-09-16,55.222206115722656,56.26702451773713,54.79378664531868,55.35335581806227,1626500
2021-09-17,55.126033782958984,55.414561813209396,54.19050896078001,54.802535386994705,1635500
2021-09-20,53.96318054199219,54.40034174966153,52.98393703541461,53.49104563724321,1507400
2021-09-21,54.38285446166992,54.723839667252555,53.709625807066246,54.42656991502854,1124600
2021-09-22,55.15225601196289,55.755537239031945,54.87246978860285,55.134769164548196,1332900
2021-09-23,56.4637451171875,56.498718815464855,55.64187988404696,55.72931412974034,2168800
2021-09-24,56.75228500366211,56.92714686109764,55.8342435757449,56.14025516153321,1183000
2021-09-27,57.9326057434082,58.116212652176756,56.92713362063216,57.18068792432704,2089800
2021-09-28,57.95901870727539,58.46967245239642,57.52760086199187,58.1527154186788,1850600
2021-09-29,57.140220642089844,58.038261194766335,57.1314144131582,57.80054675108814,1712700
2021-09-30,57.078582763671875,57.71249681742965,56.64716492769672,57.307490947497136,1612300
2021-10-01,59.16520690917969,59.44694573380689,57.386731838192375,57.44836199616759,3686500
2021-10-04,59.65825653076172,60.036843716501586,59.12999705970656,59.79032307782141,3118300
2021-10-05,60.15129089355469,60.389005277189284,59.27085630394342,59.8695520935664,2382800
2021-10-06,59.869564056396484,60.116084715996884,58.61934830146065,59.81674011996331,2300800
2021-10-07,61.19020462036133,61.55118603013931,60.230534131858136,60.35379443832308,2355100
2021-10-08,61.797706604003906,62.00460927197847,61.27824669807324,61.51596780123601,2134800
2021-10-11,62.82782745361328,63.53217797587088,62.37880382774445,62.49326464999234,2277500
2021-10-12,62.176300048828125,63.3296673399431,61.93857892158264,62.55488723313677,1595100
2021-10-13,62.053043365478516,62.38760614814031,61.45434747422101,62.17630369157413,1187700
2021-10-14,63.16238021850586,63.40010133678891,62.4316245604981,62.880641397817925,1245100
2021-10-15,62.72217559814453,63.57619846057779,62.30837015204308,63.3913079517806,1431900
2021-10-18,62.880638122558594,63.20640134586674,62.21151265651704,62.510857199138314,1193600
2021-10-19,63.23282241821289,63.47053684117414,62.546084399453804,63.25923438552148,1394900
2021-10-20,63.21521759033203,63.408907592448415,62.598909236450275,63.09195726299249,1384000
2021-10-21,61.55118942260742,62.96868302508115,61.32667428852814,62.96868302508115,1324700
2021-10-22,61.70085906982422,62.3875969907514,61.234229801357436,61.68324661600491,796700
2021-10-25,62.149879455566406,62.43162499540033,61.77129900007718,61.92097128022642,962700
2021-10-26,61.84173583984375,62.38760781080349,61.656845345772915,62.38760781080349,722700
2021-10-27,61.47195816040039,62.33478722968983,60.90848041942201,61.577612755778034,1220900
2021-10-28,61.76250076293945,61.84173666838104,60.996520091082886,61.630434203352564,1663800
2021-10-29,61.55118942260742,61.78890382183947,60.926074911846094,61.33108076076234,1508200
2021-11-01,62.99510192871094,63.12716175253628,61.278250329965125,61.31346852204632,1811600
2021-11-02,59.64064025878906,64.7119456341988,58.997926737242054,63.76548108900725,4887900
2021-11-03,60.06325912475586,61.21662648633157,59.085976024562214,59.86075617870089,2190400
2021-11-04,59.12118911743164,60.661949781683184,59.04194650462047,60.05444771313674,2064100
2021-11-05,58.95391082763672,59.2972798472683,58.33760918142213,59.209237714549666,2348600
2021-11-08,60.72357940673828,60.83803349403521,59.182818756006355,59.288466615916334,1847600
2021-11-09,60.31858825683594,60.89967171482957,59.30608692314325,60.72358744687617,1351700
2021-11-10,59.587825775146484,60.705974982605554,59.30608691614374,60.327387761084594,1588700
2021-11-11,60.133689880371094,60.65754285990092,59.8387383585642,59.97521137310646,1274100
2021-11-12,60.14249801635742,60.3009765463514,59.57022077983104,59.96641374622382,925200
2021-11-15,60.6795539855957,60.882056909053546,59.398519967861134,60.882056909053546,1429500
2021-11-16,59.63185119628906,60.60912763197049,59.565814556823646,60.47706778740838,1502000
2021-11-17,59.50857925415039,60.43303839319611,59.43814958190173,59.43814958190173,1328600
2021-11-18,60.81163024902344,60.926084352732296,59.06836642151985,59.649456603082484,2842100
2021-11-19,59.7639045715332,60.38989906604307,59.438148033963316,60.31858272738876,1585000
2021-11-22,61.2342414855957,61.78010674885812,59.74630456154834,60.1336980132966,3893100
2021-11-23,61.24304962158203,62.55490246167752,60.327396517619796,61.11978927270108,1877900
2021-11-24,61.35750198364258,61.58641019012937,60.70597540990059,60.917284593528194,1567800
2021-11-26,59.587825775146484,60.08967332765713,58.6721728040915,59.57901954659458,2158200
2021-11-29,60.24814987182617,61.30466887900147,59.93999905449871,60.485864297426204,1867100
2021-11-30,58.2143440246582,60.63553941815183,57.967816669431905,59.799122433725685,2345500
2021-12-01,58.047061920166016,60.48586316261201,58.02064995305977,59.19162975411863,1657700
2021-12-02,59.32369613647461,60.08087062393855,58.214353092484345,58.35521917165794,2153500
2021-12-03,59.45575714111328,60.829233191181196,58.87907345899333,59.7639079578357,1977600
2021-12-06,60.52989196777344,60.978915592636916,59.53500307070769,59.92238981161605,1680600
2021-12-07,61.832942962646484,62.73538331732321,61.410331275725305,61.48076767640965,2669900
2021-12-08,62.20273208618164,63.012730647918694,61.93859890783071,62.176320111783696,1283300
2021-12-09,61.11977767944336,62.17542344044643,61.10217194030779,61.85934634963221,1388500
2021-12-10,61.91215515136719,63.29443707849169,61.63922259978167,61.903348925359886,1745300
2021-12-13,61.066951751708984,62.14108316788698,60.43832411217239,61.76249597558136,2092000
2021-12-14,61.014129638671875,61.524776678374614,60.670760630430415,60.749996532093554,2145600
2021-12-15,62.45804977416992,62.951091135663404,60.38022301189772,60.68837386283115,2845300
2021-12-16,62.8630485534668,64.34217934474312,62.7750064134163,62.977502663813965,3263600
2021-12-17,62.3699951171875,64.01641053507008,62.097062491335706,62.854236921618885,3130700
2021-12-20,61.304683685302734,61.894580212011654,59.966425505185775,61.551211115890005,2388900
2021-12-21,63.56739044189453,63.813917830535274,61.98261181802542,61.98261181802542,2752800
2021-12-22,65.34587097167969,65.40750113808778,63.40891040979745,63.42652286716225,3112800
2021-12-23,66.02379608154297,66.61369243389923,65.26662170435463,65.7244515086555,2191800
2021-12-27,67.08033752441406,67.1683796714284,66.02381160868622,66.47283529080018,1117200
2021-12-28,67.38846588134766,67.66051851008078,66.86020645858133,67.13313903828762,1235300
2021-12-29,66.95707702636719,68.10163836938072,66.93946456669231,67.40609399029812,1751500
2021-12-30,66.10669708251953,67.4265328779493,66.04469187292666,67.17850528151683,1509700
2021-12-31,66.6115951538086,66.81533040803504,65.90296518888931,66.07126117310004,1228900
2022-01-03,67.4265365600586,67.74542244339631,66.51948308042859,67.07221816100987,2122200
2022-01-04,63.573341369628906,67.9580194456272,62.89128393988458,67.17851751670544,6511000
2022-01-05,61.95234298706055,64.20225723374689,61.92577028761362,63.75050106896332,3530400
2022-01-06,61.34114074707031,62.29247983240956,60.62365086625468,61.91690731869123,3110900
2022-01-07,61.23482894897461,62.12062138904225,61.14625105657984,61.30569396611442,2041500
2022-01-10,60.76536560058594,61.11968396066569,59.55183417174311,60.995673548346865,3510400
2022-01-11,62.01435089111328,62.058636472755644,60.18076021117678,61.00454772002143,2533200
2022-01-12,64.04280090332031,64.3528269288871,62.979845841013535,63.068423740023974,5619300
2022-01-13,62.91785430908203,64.66286700685839,62.767271172233805,64.41484613250557,2147400
2022-01-14,63.75935363769531,64.37054592965833,62.767263503433945,62.891273925458975,2436600
2022-01-18,65.71695709228516,66.04469603877959,63.62648595406503,64.03926158737363,5750000
2022-01-19,65.38920593261719,66.35472332869998,64.95516947429931,66.12441537287258,3120600
2022-01-20,63.76820755004883,65.7435280268093,63.75935448982954,65.7435280268093,2104100
2022-01-21,62.73183059692383,63.4758998824865,62.23578891192278,63.245591918138395,4092200
2022-01-24,61.67774200439453,62.7141245782874,59.71128792745689,61.217132783379135,3780500
2022-01-25,61.70431900024414,61.837182490772435,59.72899842496413,61.0842600928453,3331200
2022-01-26,62.032047271728516,63.55561144265393,61.46514061622981,62.944412459232346,2264600
2022-01-27,61.385440826416016,63.378474531714424,61.0134027319662,62.85142675946775,1467500
2022-01-28,60.747657775878906,61.44743473676775,60.11874584451174,61.34999701069074,3075500
2022-01-31,61.82831573486328,61.93460650374204,60.101016401922706,60.61477764503693,2004100
2022-02-01,64.76030731201172,64.82231253305834,62.37752269539027,62.5546852969965,2847500
2022-02-02,65.3803482055664,65.59294329069506,64.22882190572767,64.78686879855297,2236900
2022-02-03,63.847930908203125,64.99945720952837,63.68848797318134,64.99060414951572,1403800
2022-02-04,64.1402587890625,64.72487851281811,63.378476453515326,63.45819456027456,2028600
2022-02-07,64.30854797363281,64.60086118340969,63.25445926750276,64.20225717594079,2837100
2022-02-08,65.81439208984375,65.98268808633334,64.04280691119989,64.39711854047975,3448000
2022-02-09,66.58503723144531,67.26710141129206,66.22186572994138,66.54075165022208,2384100
2022-02-10,67.18737030029297,69.02096079225718,65.934858211502,66.19528687001221,2340200
2022-02-11,67.5682601928711,67.93143841212606,66.61160253821357,67.22280161058833,4679300
2022-02-14,65.0083236694336,67.55055107144504,64.06672968124491,67.35567560227919,3008100
2022-02-15,65.91183471679688,66.1067034241676,62.492674527106125,64.86659911334641,2835600
2022-02-16,66.4875717163086,66.84189000838882,65.26960723344861,65.71693669594788,2885500
2022-02-17,68.35660552978516,69.76501911746674,67.59482343995697,68.62234598272445,4359300
2022-02-18,67.12537384033203,68.90581916875287,66.52303449707864,68.81724124493434,3007100
2022-02-22,67.08993530273438,68.2237488452838,66.21300244686596,67.6214095560467,3531500
2022-02-23,66.53189086914062,67.70113697391619,66.35473503068393,67.54169401608034,1564600
2022-02-24,68.6312026977539,68.79949866948519,65.99153819635332,66.23069918673994,5500200
2022-02-25,71.94407653808594,71.99722193186447,68.06430059878284,69.13611559909916,6068000
2022-02-28,76.16929626464844,76.28445361644282,71.80233890729795,72.20094959279608,8293600
2022-03-01,75.2303695678711,78.31293094428489,74.53059256774718,76.14273491041823,4868800
2022-03-02,77.94974517822266,79.57960024262536,76.20473275601134,76.50590574020978,6768700
2022-03-03,79.43788146972656,80.56194980392463,77.68400912982344,78.83554222509999,5205400
2022-03-04,84.14144897460938,84.21231401447618,79.00385522938532,79.21644359092356,8016400
2022-03-07,88.03892517089844,90.02309868455596,85.04494864308995,85.23096427642712,11337400
2022-03-08,83.98200225830078,88.01236167616541,83.37080990145284,86.18763090860055,9054300
2022-03-09,84.17687225341797,84.22116458798774,78.75582570192347,80.39454071008399,7279300
2022-03-10,90.26225280761719,90.44826841280073,85.70928011485802,86.34705176580734,8450400
2022-03-11,89.81936645507812,90.5722887754378,87.20627436222163,87.24170687539937,4644100
2022-03-14,87.7466049194336,88.77412748709772,84.84829573902262,88.26922602072776,5642400
2022-03-15,86.30276489257812,87.09111968924014,83.69853273934463,84.7260552992541,4037500
2022-03-16,83.10504913330078,88.15406350107065,82.18382415499431,87.04682291532636,6189000
2022-03-17,87.020263671875,87.36129571724892,84.29202758306745,84.46032358263044,6368400
2022-03-18,88.26923370361328,88.96901066669383,86.65709144628252,87.02026289711148,3307700
2022-03-21,93.20310974121094,93.42455791803074,89.52618334826289,89.96996500802932,4625200
2022-03-22,92.61848449707031,93.66372017537277,91.35180063911106,93.46884469598487,4310500
2022-03-23,93.45111846923828,95.52386989094255,92.12242958105006,93.53969637683859,2698900
2022-03-24,94.6380844116211,95.9658880935926,93.0436616807984,93.71686599366753,2720800
2022-03-25,96.04649353027344,96.40966498829016,94.58050783350166,94.77980982029656,2129600
2022-03-28,94.50521850585938,94.83295745604929,92.34388231124669,94.17747279760796,4243800
2022-03-29,89.75736999511719,90.78488594517952,84.92094298295642,88.80957213892918,6979000
2022-03-30,90.83427429199219,93.2194975787476,90.11336950879436,91.59968222066773,2964100
2022-03-31,92.55199432373047,93.89590923874283,90.79867625909205,91.53738504199917,3685500
2022-04-01,92.35619354248047,95.07517020803482,91.77769335892907,92.77449868952377,2859200
2022-04-04,91.4928970336914,93.72681398069236,89.81078113468914,93.43311627040137,3510100
2022-04-05,90.06886291503906,93.44199614826525,89.73956409592705,92.72999337946726,3250900
2022-04-06,90.05107116699219,92.90799798187618,89.57936769151354,89.97986884874682,3449900
2022-04-07,92.87239837646484,93.17500483895671,90.43377665269189,90.57617450133806,2917300
2022-04-08,94.35870361328125,95.96072172157861,93.00589360311733,94.38540957360819,3077300
2022-04-11,95.90733337402344,96.00523486807683,92.16039779779352,94.43881775344968,2734800
2022-04-12,96.8863525390625,98.07896099823955,95.93404345337277,96.49474651832838,2621600
2022-04-13,97.6784439086914,98.92445730748544,95.25761942880054,98.30144721297505,3198800
2022-04-14,99.68095397949219,100.46415903056395,97.23343055588859,97.43813550265311,2850000
2022-04-18,101.90597534179688,104.35349876703654,99.60085653878879,99.93905733124959,4532100
2022-04-19,100.8735580444336,101.38353795631436,99.16474338942938,101.18506644517178,2427900
2022-04-20,100.67778778076172,102.18189788421948,97.68735797012926,100.66888579239259,2725400
2022-04-21,96.04083251953125,101.57668037888206,95.25762059572106,101.24738153839536,3536200
2022-04-22,92.39177703857422,96.9130216929288,92.3294767173232,95.10630558642362,3146300
2022-04-25,88.6270523071289,89.62385752915642,85.44972208146356,88.99195227869933,7622000
2022-04-26,88.05746459960938,89.99768387354601,86.41984503002924,89.05427001652737,4126000
2022-04-27,89.97095489501953,90.68296440232032,86.44652209335501,88.99194691515036,3300800
2022-04-28,90.15786743164062,90.91437332935271,87.80824543933008,90.66517202565709,2941100
2022-04-29,87.4433364868164,93.22839182691114,87.12293287860845,91.14577516378554,4584300
2022-05-02,88.29773712158203,89.25894787301141,86.09941517330812,86.92712329977915,4154200
2022-05-03,94.0027084350586,95.1775194861873,88.42057181016435,91.67088351665815,8118100
2022-05-04,95.5068130493164,95.81832146656647,92.66769045989749,94.75920914445912,4064900
2022-05-05,92.1336898803711,95.96072968429712,90.81825995724027,95.87173017983471,3919700
2022-05-06,92.3740005493164,92.82790687166676,89.26787219647689,91.35048922215387,3045800
2022-05-09,82.65509033203125,89.89085686058516,82.2723864124019,89.52595012293179,5212000
2022-05-10,83.91890716552734,88.32979068908386,83.01999662693012,85.19161966623282,3304300
2022-05-11,86.35753631591797,88.92966071439623,84.51521872271336,84.53302269784736,3229200
2022-05-12,84.91572570800781,85.85913267249629,82.77970366159772,84.99582322451258,2982300
2022-05-13,88.06636047363281,89.77518238331419,86.89154923022994,87.26535805467043,2599100
2022-05-16,90.21127319335938,90.86987766306177,88.14645349112938,89.22336309369237,2845200
2022-05-17,92.69439697265625,92.94359829401729,90.05107034636981,91.64418655390132,2718100
2022-05-18,90.29137420654297,93.13940594112701,89.91757220576369,92.32949481587816,2883500
2022-05-19,90.21127319335938,91.5551880948371,89.21446110633472,89.45476723340336,2693500
2022-05-20,86.3486328125,91.84888632308284,84.91482887986318,91.67088731622945,3455500
2022-05-23,90.31807708740234,90.95887758534401,86.36643667051439,86.9805447867137,2622200
2022-05-24,88.3956527709961,89.5660162381802,86.99833955814191,88.71605640619306,1927300
2022-05-25,87.47895812988281,88.55586786904081,86.10834388271054,87.41665779093078,2415600
2022-05-26,85.29842376708984,87.27424401043982,84.65762325782742,87.24754483799893,2867400
2022-05-27,85.05812072753906,85.66154780133569,82.93100073933557,84.98691841064041,3568600
2022-05-31,86.49993133544922,88.55584887001126,84.39060867165193,85.12041539575554,4333500
2022-06-01,84.04351806640625,87.86165603404173,84.01681889303275,87.68365022783975,3173500
2022-06-02,85.33401489257812,87.01613046082272,83.93670178059119,84.25710539265931,1937400
2022-06-03,83.21580505371094,84.81782326816187,83.02890406039613,84.65762144671679,2825600
2022-06-06,82.10328674316406,84.27490972528653,81.49808067225581,83.68750083724638,3055600
2022-06-07,79.67357635498047,81.40019541709368,78.83251839961423,81.40019541709368,6137500
2022-06-08,78.58775329589844,80.5279720982434,77.29723689627336,78.55215214105782,4894500
2022-06-09,79.42436218261719,80.6614735407504,77.43074490472446,78.76575774790938,4279300
2022-06-10,76.95014953613281,80.30548605694742,76.59414470665102,79.2107723945807,4002200
2022-06-13,75.00102996826172,77.26610726450475,74.48483008416322,75.20573495643495,5163200
2022-06-14,77.62655639648438,79.05947088202286,75.7664347665293,75.96223775812744,4721500
2022-06-15,78.30296325683594,79.16181833646439,76.79884648002103,78.55216458998767,3807300
2022-06-16,75.85543823242188,78.13385814363336,75.49053143620884,76.44284039505679,3841800
2022-06-17,73.90631866455078,76.54074343781579,73.45241235452805,75.48163097783846,3975300
2022-06-21,76.79884338378906,77.9736544714456,75.87323361923742,75.97113510906104,3274400
2022-06-22,76.78994750976562,77.41295765735289,73.9508176593096,74.29792729009853,3076200
2022-06-23,70.26616668701172,77.2349347058526,70.20386636510311,76.9857334182182,4680000
2022-06-24,71.36979675292969,73.1053109271133,69.96802903664859,71.18289574880431,5050100
2022-06-27,74.47591400146484,74.68951414722787,71.10278086067984,72.29539582082795,3612600
2022-06-28,75.31253814697266,79.21077378304985,74.72512914949704,76.90565452440286,3758400
2022-06-29,73.6297607421875,76.24788264259706,73.57605094982024,75.77796805488241,2855000
2022-06-30,71.32939910888672,72.50195947814139,70.49696893060877,72.50195947814139,4143500
2022-07-01,70.90868377685547,72.41242788881085,69.19906696794087,70.57749963964675,3544300
2022-07-05,66.8360595703125,68.61728534971365,65.35022059281599,68.56357555438409,4606700
2022-07-06,66.34378051757812,67.3462725235417,64.16872114183269,66.68391075832082,3630000
2022-07-07,68.89476776123047,69.45866946028318,67.83856605025271,68.15184477194866,2656500
2022-07-08,68.2592544555664,69.5929305698105,67.0687885380576,69.23489483452678,2342200
2022-07-11,67.79379272460938,68.4203568463557,67.1135324721474,67.43575705917752,1615800
2022-07-12,66.61228942871094,67.83855954049297,66.36166647540385,66.7644523890812,1871700
2022-07-13,67.66849517822266,68.98427259254605,66.07524330989988,66.09314202381827,1922100
2022-07-14,64.3566665649414,66.20949378778066,63.54213525739797,65.43076672958706,2571900
2022-07-15,65.5650405883789,65.97677927293955,64.50973357297258,65.23385635496645,1794600
2022-07-18,67.0508804321289,68.80524777741489,66.75550047972311,66.82710898254197,3048900
2022-07-19,70.21949005126953,70.80219187887134,67.05983774016279,67.17620328420853,3268200
2022-07-20,71.52632141113281,71.964911613718,69.38705971191219,69.38705971191219,3136400
2022-07-21,70.95345306396484,71.6784772537132,69.69944372990611,71.13247433320778,1885000
2022-07-22,70.10313415527344,73.42390234409042,69.78985542594431,71.85750186848067,2913400
2022-07-25,73.4686508178711,73.4686508178711,70.48354022151217,70.93555613339915,2000400
2022-07-26,73.85354614257812,74.44429933848212,73.09272442515802,73.67452484914958,2462000
2022-07-27,74.74861145019531,75.17824877767426,72.4482413903053,74.11310139945115,1763700
2022-07-28,74.65912628173828,75.79588249309367,73.82669603143587,75.24092671657067,2086600
2022-07-29,76.6730728149414,76.87893877817774,74.42640496145887,75.48260675287224,2386000
2022-08-01,74.88288879394531,76.31949782238239,74.17577012176024,76.07334783697566,1678800
2022-08-02,73.54920959472656,75.151414236866,71.48156327141767,74.27423384532563,4316200
2022-08-03,73.298583984375,74.96344430877349,72.39454531104897,74.3458328509911,2436000
2022-08-04,73.80876922607422,75.12454635517383,71.90223906023407,73.79087051603577,2825600
2022-08-05,75.00818634033203,75.09769354686509,72.30950343103596,72.74361372416936,2817900
2022-08-08,76.55669403076172,77.1832582425601,75.08875373757955,76.06440089538081,2522000
2022-08-09,79.07188415527344,79.37621690859022,77.1385021861209,77.38912514240333,3220300
2022-08-10,80.88890838623047,81.47070870875312,79.06293248550318,79.86851109302447,2639400
2022-08-11,81.02317810058594,82.9834185384027,80.88444086940967,81.77505385810406,2212000
2022-08-12,82.68804168701172,82.71490000316804,80.68305097208356,80.7994096929042,1438300
2022-08-15,80.01173400878906,81.37226850225333,79.51943399556896,80.41451996217715,2134100
2022-08-16,81.8555908203125,82.22705223381793,80.46104839450234,80.48611068676385,1328300
2022-08-17,82.0256576538086,82.56270773847525,80.95155748447525,81.09476765353728,1731000
2022-08-18,82.25840759277344,83.68159110378124,82.14652183892825,82.89391785513835,1507100
2022-08-19,80.85310363769531,81.58707373583061,80.65618366495804,81.34539674057565,2019000
2022-08-22,81.97196960449219,82.3192633760144,80.12808797882475,80.21760203335349,2259400
2022-08-23,86.2325668334961,86.58165659489904,82.64327752005357,82.88494769291081,3265500
2022-08-24,88.14805603027344,88.2733675008489,85.57915722555036,86.2057145784277,2832100
2022-08-25,91.02128601074219,91.27190896640319,89.3832771990049,89.58914312874212,3746300
2022-08-26,89.87557983398438,91.95217887971947,89.71446409642891,91.16449890546451,2462700
2022-08-29,88.63140869140625,90.11725466185194,86.98445380408053,88.55980700466976,2170300
2022-08-30,84.17387390136719,87.93323172852233,84.04408262928659,87.70946026669255,3050200
2022-08-31,82.14202117919922,83.71737410540642,81.50651107821491,82.96550530839829,2675100
2022-09-01,80.34291076660156,81.45281534936225,79.11664064851952,80.28920096992888,2348400
2022-09-02,82.32105255126953,83.23403717822946,80.96947090987258,81.91825979284555,2142400
2022-09-06,81.14848327636719,83.64576669105503,80.9515633044075,82.84914086191834,1803000
2022-09-07,80.80835723876953,81.29170446386058,79.1479766511067,79.72530407529216,1611300
2022-09-08,81.59603118896484,82.55377279672817,80.39213960115325,80.8173040236203,1885800
2022-09-09,85.08686065673828,85.31063212434297,83.20718169465155,83.71738036763172,3021500
2022-09-12,81.3812026977539,85.67761744887478,79.053980886298,85.48069747201198,4018600
2022-09-13,80.19969177246094,83.40410079349857,79.77005438343967,79.85956160373883,2763800
2022-09-14,82.1509780883789,82.82229247480034,80.28025194278676,80.29815065501425,1983700
2022-09-15,79.52838134765625,81.83770462308131,79.36726561148791,80.8083544658371,1970300
2022-09-16,77.03108978271484,79.24195303152977,76.0823009212011,77.86351993654064,2847200
2022-09-19,80.35186767578125,80.73317655386694,75.2337706514067,75.4109959322076,1843900
2022-09-20,80.47718048095703,81.02317662400117,78.43637879286497,79.60894602288002,2084400
2022-09-21,79.37620544433594,81.83321831316928,79.34040119447201,81.44385136400054,3152100
2022-09-22,78.91970825195312,81.14847666691587,78.87495806221985,80.09227521794625,1781700
2022-09-23,74.2384262084961,76.65515538989258,73.41494199628266,76.49403965586859,2784800
2022-09-26,73.17326354980469,75.79586519545161,73.0837563363314,73.23591928213226,1992600
2022-09-27,75.76007843017578,76.46719718905874,74.31003665296417,74.62332221587295,2224100
2022-09-28,78.36161804199219,78.80270964562223,75.64303776643423,75.85008468857724,1960600
2022-09-29,75.23796081542969,78.18158218307369,74.67983995719987,77.37140895916326,1927800
2022-09-30,75.05792236328125,76.51623424126913,73.81566126804788,74.73385305706172,2152200
2022-10-03,76.25519561767578,77.48846003234293,75.98514237881425,76.96634748879796,1806200
2022-10-04,79.3878402709961,80.23401507455313,77.74949305400895,77.88451619910568,1895500
2022-10-05,75.73306274414062,78.87473412914059,75.67004965186362,78.64068255729234,2109400
2022-10-06,76.94832611083984,77.45243084958224,74.2657540341493,75.16594499213899,2123200
2022-10-07,75.38198852539062,76.79528804771257,74.03170209509913,76.4892264201109,1409400
2022-10-10,76.58824157714844,77.85750714428866,75.63403457593226,76.17415459726311,1823600
2022-10-11,74.2747573852539,76.03012699478973,72.77143327554342,75.62504381348514,1789500
2022-10-12,74.49079895019531,74.69784588456643,72.16830471831338,73.90567347609785,1923700
2022-10-13,77.93852996826172,78.23559461431503,72.83444920059618,73.22152469538428,1711700
2022-10-14,70.14287567138672,78.20858558625659,70.01684949052247,77.43442083642671,3087300
2022-10-17,71.77223205566406,73.25754172382938,71.57418893513206,71.62819819785449,1944200
2022-10-18,73.72563934326172,75.0759257529628,72.24032291900816,73.25753620853472,1861300
2022-10-19,73.54559326171875,74.92289109800541,73.07749701891657,73.58160172161298,1417200
2022-10-20,74.34676361083984,75.61603608457128,72.98748028802544,73.89666815795549,1367400
2022-10-21,74.60782623291016,75.30998096901935,71.80823172505941,72.84345272956803,2291000
2022-10-24,71.13308715820312,74.91389333863593,70.77301626589603,74.49980631815315,3424500
2022-10-25,74.90486907958984,74.94988136280952,70.78199392859793,71.11506696785706,2222100
2022-10-26,73.87867736816406,75.63404712500316,73.75265117371984,75.15694697919113,1316100
2022-10-27,75.075927734375,75.72406632700316,73.73914360405742,74.30176295628159,1477900
2022-10-28,74.13973236083984,75.94911821951496,73.27554981273398,75.19295419747708,1306100
2022-10-31,76.0661392211914,77.42542954922457,74.3377741558254,74.49980880994798,2959700
2022-11-01,77.21837615966797,77.70448008150457,75.81408051963668,77.40741542906359,2046100
2022-11-02,74.69783782958984,77.61445418540072,74.56280783198793,76.72326718988563,2375700
2022-11-03,64.19261169433594,67.21725370607916,62.252701379130755,66.6141274437387,8838300
2022-11-04,65.97499084472656,68.18045576778187,65.4258738549532,65.93898238514502,3962800
2022-11-07,65.85797882080078,66.83017991018318,64.96048688356419,66.68615291720198,2754400
2022-11-08,69.99885559082031,70.47595573223128,65.9840044684882,66.18204072370766,3355900
2022-11-09,67.04622650146484,70.38593417770818,66.98321340824938,69.33270552266117,2373100
2022-11-10,71.2771224975586,71.65520106312168,69.64777901174232,69.76480136739409,2194300
2022-11-11,69.0266342163086,73.56359689577384,68.82859113169489,72.1412937134674,3165200
2022-11-14,70.02584838867188,70.83602154279238,68.40550208043086,68.65755442439918,2037200
2022-11-15,71.58319091796875,71.76323325285088,68.76109685630877,71.59219475169107,2716300
2022-11-16,69.97183990478516,71.51116548060705,69.86381452707593,70.50294922572165,1797900
2022-11-17,71.06107330322266,71.07007026751114,68.15345361462332,68.83760063568992,1738800
2022-11-18,70.03485107421875,71.04306043359237,69.59375261158162,70.2508949558115,1426100
2022-11-21,69.12565612792969,69.9313239160095,67.32527442969345,69.28769075548739,1676500
2022-11-22,72.85244750976562,73.37455986356697,69.99884409523095,70.06185718152344,2212300
2022-11-23,72.06028747558594,72.37535293092233,70.89904033913591,71.97026288727967,1400600
2022-11-25,74.13973236083984,74.89588951496533,72.43837189614511,72.88846740252811,985500
2022-11-28,72.1953125,74.12172061177567,72.10529477726425,72.9154680177101,1509800
2022-11-29,73.4915771484375,74.0676987171653,72.01526477008366,73.20351636407361,1457300
2022-11-30,72.37535095214844,73.87866813216066,70.47594757173573,73.10450339569331,3153300
2022-12-01,70.71900177001953,73.20353081817488,70.61098324699898,72.69042223009073,2180800
2022-12-02,71.51116943359375,71.8262348844393,69.55325142034144,70.11587074967697,2836900
2022-12-05,70.7550048828125,73.48258226940307,70.23289250132402,71.85323890321528,2182000
2022-12-06,69.69277954101562,72.00626993610719,69.44973101392861,70.9170397445104,1558300
2022-12-07,68.63955688476562,69.90882936441263,67.86539215276353,69.15266542872872,1791500
2022-12-08,68.75658416748047,70.2959099098966,68.53153642383053,69.71079127073644,1686900
2022-12-09,69.170654296875,70.75859073327587,68.81058348931124,68.81058348931124,1422400
2022-12-12,69.83680725097656,70.16087650390216,68.2614732756648,69.2066695401052,1347000
2022-12-13,69.35971069335938,72.57339188999808,69.10315299358648,71.55617179071646,1932500
2022-12-14,68.46852111816406,70.0888675672564,68.3154903057253,69.52174974403002,1519700
2022-12-15,67.33428955078125,67.98242130176973,66.19104313468897,67.7753812177895,1978400
2022-12-16,66.34407806396484,66.90219899099823,65.67793860570175,66.16404259997354,2391800
2022-12-19,65.61489868164062,67.55931386380631,65.5878940598733,66.61411089449078,1554100
2022-12-20,66.01100158691406,66.73115019971257,65.38986765649933,65.46188457815268,1432600
2022-12-21,66.73114013671875,67.82037015780206,66.36206548774686,66.56910552138922,1458400
2022-12-22,65.68694305419922,66.44310025153668,64.60670965640071,66.23606015279975,1597400
2022-12-23,66.65914154052734,67.1632462668237,65.74094294001692,66.0290037647451,1481100
2022-12-27,66.97420501708984,67.6223435705703,66.6861442008665,66.90218809605611,1658200
2022-12-28,65.83096313476562,67.28027114526265,65.8039585045434,66.83017566046014,1864200
2022-12-29,66.48339080810547,67.01800925759382,65.89439934220444,66.26591256903232,1799900
2022-12-30,66.17529296875,66.8367771097979,65.58630156625576,66.11186355083758,1521900
2023-01-03,64.89764404296875,66.30215461726587,64.56237029790111,66.03031720608982,2097700
2023-01-04,65.2238540649414,65.66786000642708,64.3448985896516,65.0607488539259,2253300
2023-01-05,67.52544403076172,67.66136620060266,65.02450652415891,65.10605567809023,2019600
2023-01-06,70.07169342041016,70.35259414939648,68.24582485542251,68.31378247911654,2137800
2023-01-09,69.65486907958984,70.9144010432592,69.46458082392269,70.37977573261404,1619200
2023-01-10,67.34420776367188,70.86002237924774,67.04518042292652,70.29822097779744,3031500
2023-01-11,67.13580322265625,68.31378612703696,66.83224763179945,67.92414626604537,2329100
2023-01-12,69.10212707519531,69.36037296448085,67.00894234436392,67.70667289240386,2606400
2023-01-13,68.11443328857422,68.45877036280815,67.57075154008042,68.32284819736257,2475500
2023-01-17,69.11119079589844,69.89953389880131,68.2186505987601,69.03870495904475,2445700
2023-01-18,70.08981323242188,71.92021691669409,69.46458235382758,69.54613150235751,2878400
2023-01-19,69.0749282836914,69.81796144148124,67.82445295752514,69.5279974509605,1765700
2023-01-20,71.42183685302734,71.55775901174985,68.8212168488689,68.91183623020936,2080400
2023-01-23,71.67555236816406,72.19205102510875,71.18623675948677,71.8567842120934,1443500
2023-01-24,71.32215881347656,73.34285066238779,62.360449814132366,73.34285066238779,1506300
2023-01-25,71.79335021972656,72.33703189029042,70.67879691877627,70.97782425723702,1319000
2023-01-26,74.05870056152344,74.14931302631437,72.03800872157471,72.318909436413,1697100
2023-01-27,73.22505950927734,75.17325892066042,72.96227848045926,74.11307839677603,1408900
2023-01-30,72.19204711914062,73.2522274239361,72.1286177055192,72.32796926641154,1341000
2023-01-31,75.01921081542969,75.29104823039599,72.11050692157303,72.21923912224418,2411100
2023-02-01,75.7984848022461,76.46902533790019,74.45739681764996,74.45739681764996,2253700
2023-02-02,76.56869506835938,77.16674973283338,75.4179023381725,76.11562586677145,2364700
2023-02-03,75.17324829101562,75.76223969209653,74.5027077442236,75.64444417719557,2902400
2023-02-06,74.97390747070312,75.73506750628778,73.83670599157489,74.94672441823386,2352700
2023-02-07,73.57843780517578,74.93764545118238,72.7176090613533,74.74735721033596,2893100
2023-02-08,70.83283996582031,73.52407223001565,70.80565691883453,73.22504488659669,3083300
2023-02-09,71.18623352050781,71.8930203964535,70.687861527276,71.64836605989062,1674700
2023-02-10,72.54544067382812,73.09818567056475,71.14998665856582,71.3402818130318,1516800
2023-02-13,71.24966430664062,72.60887199064338,70.57006046463925,72.54544257525477,2115600
2023-02-14,69.7454833984375,71.0095435993836,68.712486032659,70.96876902493432,2992600
2023-02-15,69.8179702758789,69.87233637057861,67.76103212476251,68.60374115904644,3072100
2023-02-16,70.6063003540039,73.96807288771727,67.33514027491904,67.99662432895263,4348200
2023-02-17,67.6976089477539,69.90858917977235,67.65230616909237,69.78173033825867,1823500
2023-02-21,68.04193115234375,68.68529551908665,66.94550448547304,67.19016573215838,2127200
2023-02-22,70.3072738647461,70.37976659462261,68.25940609538856,68.40438464185436,2751300
2023-02-23,70.41603088378906,71.4580916728346,69.25164635938782,70.5972627546125,1599200
2023-02-24,69.65486907958984,69.88140370490143,68.24128831660963,69.88140370490143,1518000
2023-02-27,70.4522705078125,71.35840903524416,70.28010197534822,70.76035428876087,1054900
2023-02-28,70.47945404052734,71.21795915769763,70.06263114464676,70.56101010346505,1372900
2023-03-01,71.2043685913086,71.94286680513216,70.41602556764381,70.6697432543529,1375300
2023-03-02,74.80174255371094,75.12341787820965,70.60631650327919,70.96877331798245,2617200
2023-03-03,75.0373306274414,75.4722801704724,73.19787048897659,74.07682598291223,2040600
2023-03-06,73.55126190185547,74.91953300077905,72.98946044477997,74.76549111179308,1575600
2023-03-07,72.11955261230469,73.39721108663518,71.43542060268804,73.03475434058691,2900100
2023-03-08,73.68718719482422,73.92278515541653,71.76164276077809,72.0833249904304,2768200
2023-03-09,71.39466094970703,74.21275254190644,71.20437267376516,73.70531022610592,3716300
2023-03-10,68.65811920166016,71.78430154337906,68.56750672362966,71.11376091000672,3036200
2023-03-13,67.11767578125,68.32284159808522,65.89439023697352,67.73385021357052,2638400
2023-03-14,68.96620178222656,71.66649064055669,68.16880239107776,69.58237623870593,3851500
2023-03-15,66.12999725341797,66.91833340118043,64.71641635383335,66.89115034964225,2583900
2023-03-16,65.8581314086914,66.8186357869748,64.59859973454324,65.35069617688683,1926400
2023-03-17,65.88533020019531,66.26590671501951,64.93388891313481,65.32352183548707,1921600
2023-03-20,66.90019989013672,67.60698673769,65.93968848281925,66.41994764312167,2005600
2023-03-21,68.15974426269531,69.27429083106462,67.6568370803954,68.36815226211263,2556800
2023-03-22,67.3895263671875,68.757790598392,67.25360420220143,68.35909433793164,3231900
2023-03-23,66.35652923583984,68.93902272758989,66.02125548265917,68.0238208539211,2175600
2023-03-24,65.0335693359375,65.73129998362165,64.04588150353217,65.64974390837118,1977100
2023-03-27,65.70410919189453,66.5468183326964,64.35214647275285,66.09374905083064,1853100
2023-03-28,65.37789916992188,66.3927699432236,65.03356208901853,65.68598296516315,1753400
2023-03-29,65.88533020019531,66.91832754802567,65.62254920282959,66.34746277578937,1980400
2023-03-30,66.34171295166016,67.30014719444488,66.04961983375279,66.98979433939058,1387100
2023-03-31,67.40969848632812,67.43708113641807,66.18656035530103,66.21394300539097,1471900
2023-04-03,67.67440032958984,68.72411255352647,67.01810124646927,68.35899434988976,1136100
2023-04-04,66.67034149169922,68.09429506034645,66.00856855570876,67.6287690998073,1583400
2023-04-05,65.20073699951172,66.42387501482521,64.90864381943307,66.30521455431071,1826700
2023-04-06,62.078983306884766,64.66217926755436,61.631710231235076,64.4431111465331,2972700
2023-04-10,64.98167419433594,66.02225666911318,62.617538947920046,62.95527454427984,2731900
2023-04-11,66.90766143798828,66.91678434456097,65.19160789141252,65.31027531736558,2882300
2023-04-12,65.9127197265625,67.911736745688,65.88533707655553,67.5740011461488,2188400
2023-04-13,66.58818817138672,67.00807871154427,65.29202491940137,65.72103836743709,1278500
2023-04-14,66.56991577148438,68.21294403204273,66.16828509355906,67.04456451117359,832200
2023-04-17,68.34986877441406,68.40464103503398,66.46038943822386,66.5060318280653,1837700
2023-04-18,67.46446990966797,68.72412054646492,67.1678082879379,68.20382930908669,1379600
2023-04-19,66.77074432373047,67.0098968039638,65.7484146521795,66.70684915451173,1283200
2023-04-20,65.81230163574219,66.5973033108212,65.57954218340666,66.12265453623984,1554000
2023-04-21,64.46137237548828,65.48369493991562,64.1053840590823,65.4471824248932,2431300
2023-04-24,65.01817321777344,65.30113649184119,64.43124309524856,64.68956756089804,1330400
2023-04-25,63.420806884765625,65.03644605953541,63.40254714038856,64.35185189048767,1541200
2023-04-26,63.046546936035156,63.8498014370679,62.685997138631166,63.66724581175841,1128200
2023-04-27,62.98265075683594,63.63986213985102,62.71794022956316,63.63986213985102,1106400
2023-04-28,63.3477783203125,63.69007538584295,62.16114570751962,62.75446201391606,1168700
2023-05-01,63.75852966308594,63.95934504837635,63.05568277862087,63.384288506541296,2093100
2023-05-02,62.772701263427734,63.54858001597463,61.87816902484797,63.42078969617752,3687500
2023-05-03,61.20270538330078,63.484685345928696,61.08403796825201,63.01915948361855,2122600
2023-05-04,57.74322509765625,61.19358150685696,57.569795857039786,61.09317382154332,3547000
2023-05-05,59.36800003051758,59.550555668005444,57.67020613848594,58.802066411823304,2257700
2023-05-08,58.87508773803711,61.11142549440427,58.7746800545381,60.16212788249669,2290000
2023-05-09,58.27264404296875,58.838574133482346,57.74322298775984,58.66514141717756,2649000
2023-05-10,57.834503173828125,58.82944313683212,57.049501476388976,58.67427016418846,2936400
2023-05-11,56.35578155517578,56.37403433162299,53.62653184898322,54.31112587258726,6838800
2023-05-12,54.667118072509766,56.63874886059574,53.68130441947954,55.01398004395814,8573500
2023-05-15,56.79392623901367,56.87607766825337,54.575841131567344,54.867934328413924,3001700
2023-05-16,56.64788055419922,57.11340300604835,55.71683216847533,56.5657291236346,3388000
2023-05-17,55.77159881591797,56.10020454612133,55.02310953357729,55.91764542022772,4842700
2023-05-18,56.10020065307617,56.145839560876055,55.08700088260152,55.52514414715175,4120800
2023-05-19,56.54747009277344,56.91258483581882,55.83548990208786,56.063687922250764,4028700
2023-05-22,55.64380645751953,56.80305286063772,55.02310754117239,56.711775042008966,2403400
2023-05-23,55.004844665527344,55.81723247452872,54.283741628226934,55.798976216593566,4063000
2023-05-24,52.64984893798828,55.00485076015954,52.55948341091798,55.00485076015954,2679800
2023-05-25,51.45408630371094,52.558567318104096,51.22132684064208,52.266470661932345,3751600
2023-05-26,51.01594543457031,51.937867324594094,50.92466762539132,51.892224937979385,3027700
2023-05-30,49.68327713012695,51.362814829703396,49.11278203491791,51.152873052509555,4421300
2023-05-31,48.10414505004883,49.26339145136681,47.78466572129316,49.22687893116177,4043300
2023-06-01,48.770484924316406,49.254263650274986,47.67422135557131,48.39624028155066,4505200
2023-06-02,50.011878967285156,50.51208933422751,49.08174291723833,49.728912168568996,6305600
2023-06-05,50.52303695678711,50.90641141616346,49.68326996905119,50.42263275940364,3880800
2023-06-06,52.22996139526367,52.29841801231866,48.21367504550724,48.37797789048979,6397900
2023-06-07,54.165077209472656,54.539321788742015,52.50379605446964,52.585947473432434,2925500
2023-06-08,53.799964904785156,54.84055081951486,52.859790159802515,54.21985191544122,2828400
2023-06-09,53.663047790527344,54.174209132276154,53.20665174566562,53.81822077440809,1686600
2023-06-12,54.411537170410156,54.44804968978243,53.19752201647341,53.19752201647341,1563100
2023-06-13,55.1508903503418,55.442986990530294,54.74926312837342,55.132637574728555,1963700
2023-06-14,53.4074592590332,54.950079992690846,52.92368060539038,54.813159797647494,2475800
2023-06-15,54.42979431152344,54.8314215850458,53.5808973735115,53.60828002247138,1931600
2023-06-16,54.8314208984375,54.922698715177816,54.11031430730224,54.393281110438046,2205000
2023-06-20,53.553504943847656,54.24722881346074,53.005831136911134,54.24722881346074,2980400
2023-06-21,55.3151969909668,55.972408383041966,53.40746146188226,53.553508051007256,3372100
2023-06-22,54.49368667602539,55.114385555360315,53.955139221367894,55.023104260149076,1770300
2023-06-23,53.63566207885742,54.32938602239826,53.50969980581827,54.02816295906528,1588400
2023-06-26,54.44805145263672,54.676249483063486,53.699562191398975,53.93688661095154,1391300
2023-06-27,53.94601058959961,54.24723364767564,52.90542817447415,54.16508222111177,3199900
2023-06-28,54.10118865966797,54.58496736266573,53.45310709866614,53.891246892668455,2762500
2023-06-29,54.34064865112305,54.46038326750814,53.61303573273767,54.33143991760547,2336000
2023-06-30,54.38669967651367,55.068261904572616,54.11039199454922,54.893264345688976,2618300
2023-07-03,55.31694412231445,55.78666686639804,54.1932888140946,54.54328044530855,1169100
2023-07-05,55.09589385986328,55.34457183777957,54.59853790403071,54.85642812933812,1630200
2023-07-06,54.2669677734375,54.580117432243426,53.33673104449686,54.580117432243426,2823700
2023-07-07,56.081390380859375,56.523483367895366,54.00907752781663,54.06434046873716,2301600
2023-07-10,54.67222595214844,55.722197373565535,54.64459623477742,55.67614667346611,2158000
2023-07-11,55.491939544677734,55.518648739536566,53.834089771342796,54.41433842171513,2051600
2023-07-12,54.690650939941406,56.726122249007865,54.672229955864005,56.36692184310713,2070800
2023-07-13,56.36691665649414,56.532701984492554,54.911690669273256,54.911690669273256,1921900
2023-07-14,55.805084228515625,56.6063775698307,55.65771989547558,56.40375380780241,1265700
2023-07-17,55.82350540161133,56.63124591332017,55.50114350648389,56.06297112608519,1712400
2023-07-18,58.06160354614258,58.56816822236587,55.86955601363269,55.95244867071962,2614500
2023-07-19,59.36024856567383,60.235229334289386,58.43922412913326,58.632639155403496,3052900
2023-07-20,59.22210693359375,60.32733779231674,58.88132402249239,59.866823763367755,1849500
2023-07-21,59.18526077270508,59.51683141219588,58.7523764918762,59.10236459938941,1105300
2023-07-24,60.99047088623047,61.85623939240273,60.40285461488324,60.62205830741979,2591700
2023-07-25,61.53388214111328,61.81940561660921,60.574171075900075,60.81548138210454,1593900
2023-07-26,62.012813568115234,62.38122615354085,60.861528630463695,60.88915834466563,1880200
2023-07-27,61.93913269042969,62.556219760892866,61.653616260460204,62.298333046483535,2555000
2023-07-28,62.39042663574219,62.95225420480168,61.96675465408643,62.279907787327254,2228100
2023-07-31,63.44961929321289,63.66145882816563,63.007529781751835,63.035159497857386,1754600
2023-08-01,61.76413345336914,62.92463066373171,61.30361946811733,62.850946739638836,2493400
2023-08-02,62.05887222290039,62.19702784633783,60.327341886226904,60.953641289174655,2944200
2023-08-03,59.452362060546875,60.87073904101839,58.835271454356445,59.86682186268792,3697500
2023-08-04,60.29970169067383,61.515458317305914,59.44314540644083,59.50761708259231,2055500
2023-08-07,61.11021041870117,61.91150736114515,60.298787732884115,60.37339218631363,2104400
2023-08-08,61.06415939331055,61.1608633985435,59.406306177599866,60.20760306967436,1724900
2023-08-09,62.51017379760742,62.906216124435176,61.31283456946228,61.44177792918424,2034700
2023-08-10,61.607566833496094,63.633825769944714,61.607566833496094,62.952266967959126,1719000
2023-08-11,61.23915100097656,62.114131834946704,60.92600484749761,61.39573110460216,1249000
2023-08-14,58.78921890258789,59.657749037031465,58.66948427887246,59.47077765478315,2854700
2023-08-15,56.45901870727539,58.32870803609419,56.412968007508915,58.12608074098989,2851000
2023-08-16,56.449806213378906,57.34320097237032,56.14586529096365,56.41296425064198,2023000
2023-08-17,56.468223571777344,57.1497822714674,56.440590344776105,56.928737536113815,1610700
2023-08-18,56.61559295654297,56.72150921027252,55.64851073430565,55.86955900284525,1833800
2023-08-21,56.82743453979492,57.19584367216394,56.49586386125244,56.965586646892035,1224300
2023-08-22,55.5932502746582,57.103735622522436,55.36759939991388,56.86426989002032,1519700
2023-08-23,55.5932502746582,55.777456576129126,54.93932124220724,55.49193663317705,1937300
2023-08-24,56.044551849365234,56.5971707520546,55.0590521800286,55.261679462359,1279200
2023-08-25,56.14586639404297,56.61190704283674,55.50114608725187,56.33007269790372,1424800
2023-08-28,57.453731536865234,57.81293191917904,56.41296884221616,56.41296884221616,2199700
2023-08-29,58.84447479248047,58.90894646749871,56.76295318451414,57.398461201169425,1660400
2023-08-30,58.81684875488281,59.129994902577735,58.112262895683244,58.94579211297908,891400
2023-08-31,58.319496154785156,59.276445652981764,57.85898212733837,58.8997448131322,1197500
2023-09-01,59.489200592041016,59.802353794684116,58.789224307331274,58.94579739520951,858400
2023-09-05,59.07474136352539,60.502337719412566,58.98263995953934,59.7102529967365,1824100
2023-09-06,58.319496154785156,59.40630954063502,57.83135240999339,58.94579551318824,1630800
2023-09-07,57.52741241455078,58.669488767376535,57.22347497841181,58.21818346711775,1059300
2023-09-08,57.914241790771484,58.19975822299131,57.47214877110978,57.75766520332961,661800
2023-09-11,57.83134460449219,58.67868861417544,57.77608166381786,58.301067303174385,1256200
2023-09-12,58.006343841552734,58.58751299562833,57.61030151485708,57.951080895929024,1201100
2023-09-13,57.97871398925781,58.06160665077713,57.112945410402084,57.960293007426515,1380600
2023-09-14,59.314205169677734,59.636563567367375,58.66027261323971,58.66027261323971,1369300
2023-09-15,58.97342300415039,59.86682130797113,58.632643620469075,59.05631917994222,1488600
2023-09-18,57.70241165161133,59.44315419186074,57.49978434607767,59.31421082050054,941400
2023-09-19,57.905033111572266,58.274366262838605,57.421495488446034,58.033976477739266,902400
2023-09-20,57.960289001464844,59.21288757187454,57.69319005353631,58.15370402716089,1631500
2023-09-21,57.3339958190918,57.932665453905365,56.79058913183496,57.62872451250806,1748100
2023-09-22,57.09452438354492,58.11686246064092,56.88268486240963,57.4629334568803,1302100
2023-09-25,57.444515228271484,57.628721530485606,56.698484798796606,56.91952955069917,926000
2023-09-26,57.398460388183594,57.75305810920422,56.7076894398212,56.8734747485036,1205300
2023-09-27,57.59187698364258,58.135283618402056,57.0668913296224,57.79450425833206,1489900
2023-09-28,58.46505355834961,58.95272821672973,57.025257079363186,57.81482540514635,1768900
2023-09-29,57.36894607543945,59.078124708882044,57.276057357411766,58.660121934280006,2024700
2023-10-02,55.64119338989258,57.471126676251544,55.26498592608975,57.471126676251544,3082700
2023-10-03,53.14244842529297,55.29749939718424,53.08671660892807,55.03740813820767,3880900
2023-10-04,54.02490234375,54.127082059148684,53.03097818328952,53.318938877278775,2130000
2023-10-05,54.4986457824707,54.972387501205574,53.644058158562935,53.644058158562935,1875900
2023-10-06,54.535797119140625,54.786600907529184,53.174956506861115,54.350016141429386,1223200
2023-10-09,56.69084930419922,56.81160747410444,54.52651096131185,54.721579397982005,1414400
2023-10-10,57.5361442565918,57.712637768381136,56.39359610246357,56.39359610246357,1583600
2023-10-11,56.421470642089844,57.8798455061297,56.2728465649736,57.66619861674244,1592500
2023-10-12,55.64119338989258,56.74658474274279,55.27891887966069,56.74658474274279,1837800
2023-10-13,56.11492919921875,56.830183648480684,55.678344440239776,56.32857607988493,1794100
2023-10-16,56.99739074707031,57.32250482125422,56.01275398264847,56.570096951435,1134300
2023-10-17,57.89842224121094,58.08419967448722,56.52364513932005,56.644403305731565,1423200
2023-10-18,56.988094329833984,57.57330315119674,56.5700915723379,57.48970189100206,1162900
2023-10-19,56.54222106933594,57.48970081938875,56.412175454452125,56.820890750298,990600
2023-10-20,55.17674255371094,56.23568954391624,54.963092121286536,55.947728844825626,1459400
2023-10-23,52.75230407714844,54.37788130283516,52.603680015396165,53.86698631202905,2126800
2023-10-24,52.69657516479492,53.616189095405964,52.272994942474035,52.80804233886131,1413100
2023-10-25,52.08349609375,52.79875052664456,51.68406824754294,52.10207454514071,1316000
2023-10-26,52.176387786865234,52.529371296492,51.53544712293129,52.064920615632694,1652900
2023-10-27,51.544742584228516,52.44577457355253,51.14531468062428,52.27857203048667,1931200
2023-10-30,52.064918518066406,53.06813364917465,51.56795645130741,52.204255134101665,1452200
2023-10-31,49.88200759887695,51.74909791775912,49.70551405900027,51.591186375214455,3363700
2023-11-01,50.309303283691406,50.58797301494467,49.361823362648,50.1885451008731,1895900
2023-11-02,51.451847076416016,51.8234090472887,49.398975868864476,49.6962240281716,2426000
2023-11-03,52.222835540771484,53.20746871355903,51.86985203215157,51.962740750667486,2647400
2023-11-06,49.993465423583984,51.572598270926854,49.58939210069009,51.48899701596525,3160600
2023-11-07,49.29679870605469,49.7984063297011,48.850926443972675,49.48257970112496,2743500
2023-11-08,49.41755294799805,50.23498713510757,48.804478193535274,49.909869533762524,2182700
2023-11-09,50.430057525634766,50.755171596111104,49.840203156156484,49.8634271083952,2249400
2023-11-10,49.74266815185547,50.43934418631697,48.87878958564501,50.34645546577979,1711900
2023-11-13,50.4393424987793,50.63441093146754,49.42219793206062,49.436130885327294,1482200
2023-11-14,52.29714584350586,52.835910333012286,51.92558742570459,52.018476144285536,1790500
2023-11-15,54.10850143432617,54.32214831090967,52.52936849492935,52.60368230077263,2433100
2023-11-16,53.12386703491211,54.02490248008992,52.72443917015148,53.653340521971096,1645800
2023-11-17,52.52008819580078,53.84841753665207,52.1485262029207,53.60690117823669,1450600
2023-11-20,52.715152740478516,52.94737808294758,51.55402602813317,52.4922148525781,1129000
2023-11-21,52.278568267822266,52.73373150084809,51.94416320575881,52.56652896981636,1208400
2023-11-22,51.56331253051758,52.176387281575586,51.136018758699635,52.11136447036318,1743800
2023-11-24,52.00918960571289,52.63155182681564,51.377536386501944,51.377536386501944,723500
2023-11-27,51.191749572753906,51.51686359996528,50.62511923091938,51.34966108783454,1129600
2023-11-28,51.47042465209961,51.860565069214545,50.569389191350076,51.126732138160335,1219300
2023-11-29,51.56331253051758,51.841985771116406,51.16388820884599,51.461136358239116,1011100
2023-11-30,49.66835021972656,51.3868160888283,49.60332741668879,51.0802805235755,2894200
2023-12-01,51.693359375,51.74258890500579,49.78910885265125,49.85413166094365,1735300
2023-12-04,50.411476135253906,51.507579999676324,50.17832240922906,51.08028623381061,1094200
2023-12-05,49.5661735534668,50.35573823499896,49.43612793942406,50.16066981393486,1443600
2023-12-06,49.59404373168945,50.53223610265669,49.49186401371505,49.8541349821861,1363900
2023-12-07,50.42075729370117,50.99667860375772,49.69621547305339,50.142087635257944,2357500
2023-12-08,50.55080795288086,51.10815086897552,50.04920393491618,50.35573952681252,899700
2023-12-11,50.699440002441406,50.968818714811675,50.00276395395883,50.31858702753241,1615400
2023-12-12,48.86949920654297,50.29071709788336,48.78589794567134,50.24427274039408,2245600
2023-12-13,51.33108901977539,51.38682437857488,48.57225431353577,48.74874430118446,1957000
2023-12-14,51.51686477661133,53.43969016655517,51.39611016001886,51.78624700158325,2732400
2023-12-15,50.98740005493164,51.735166006120195,50.7365962380599,51.40540641638453,2403400
2023-12-18,51.03384017944336,52.38074787958204,50.94095145949346,51.619049036864794,1690600
2023-12-19,52.91950988769531,53.003111149108626,51.41468718225561,51.41468718225561,1616600
2023-12-20,51.53544616699219,53.07742225710363,51.507580260570315,52.51079187000939,1384500
2023-12-21,52.65013122558594,52.87306557550287,51.46856924928888,51.8326970077761,1198200
2023-12-22,53.01239776611328,53.62547249230358,52.91950905199975,53.01239776611328,863100
2023-12-26,53.29106903076172,53.69049689154272,53.00311188239221,53.27249057869314,749000
2023-12-27,53.40254211425781,53.755522088801044,52.98453578284866,53.05884605094497,1062400
2023-12-28,53.00877380371094,53.59005046813696,52.92439464464515,53.44004347162544,1007500
2023-12-29,52.811893463134766,53.04627963278877,52.37124631972153,52.736888172149904,1139400
2024-01-02,53.468162536621094,54.105693092825305,52.40873980989958,52.81188423739484,1589300
2024-01-03,53.261905670166016,53.599418694425786,52.67125161892649,52.905637749812975,1462300
2024-01-04,52.305606842041016,53.44940866350849,52.12747110380593,53.299401691359556,1285600
2024-01-05,52.67125701904297,53.08096427534204,51.818091558203385,52.502498701386884,1429600
2024-01-08,52.25873565673828,52.286860849240846,51.40557024515644,52.155605182297286,1020500
2024-01-09,49.92424774169922,51.752460346121595,49.896122549406904,51.66808119279599,3112400
2024-01-10,49.961753845214844,50.41646355984919,48.86482477595429,49.924251201926694,2807900
2024-01-11,49.57735824584961,50.10238092017674,49.09920850864599,49.97112525159496,1712900
2024-01-12,48.03041076660156,49.81174698679607,47.55226458092139,49.2773468360275,3187600
2024-01-16,46.352203369140625,47.2053688053214,46.052189385634115,46.84910443518792,3549500
2024-01-17,45.864681243896484,45.96781172466603,45.2740307064055,45.73342556889848,3138000
2024-01-18,46.867855072021484,46.91473158567591,45.770926054974495,46.21157315151331,2651700
2024-01-19,48.23666763305664,48.28354414509225,46.53971071635811,47.0834882700273,2481000
2024-01-22,47.86164855957031,48.086660825195295,47.41162760476897,48.086660825195295,1906100
2024-01-23,48.264793395996094,48.902323981278954,48.0210333846579,48.23666820373171,2343700
2024-01-24,47.964778900146484,48.70543995091267,47.60382582304827,48.70543995091267,1992600
2024-01-25,47.36475372314453,48.311672197545654,46.98973445175763,48.22729304030604,2233500
2024-01-26,47.68351364135742,47.85227193676237,47.158487436047736,47.5522579841421,1566300
2024-01-29,47.98353576660156,48.06322620399121,46.58659265591976,47.45850947186866,1453600
2024-01-30,47.927276611328125,48.4804280413875,47.50538084663053,47.63664008844095,1569800
2024-01-31,46.755348205566406,48.23667039041937,46.60534121260841,47.98353291921859,1638700
2024-02-01,48.74293899536133,49.061704261007954,47.06473352103207,47.21474049448646,2530500
2024-02-02,47.805397033691406,48.32104580855721,47.27099336265212,48.096033548306536,1495700
2024-02-05,46.98973083496094,47.533508378972535,46.689716871523004,47.186617904331534,1373700
2024-02-06,47.261619567871094,47.53350833965199,46.483459468487844,46.83034994284189,2100000
2024-02-07,46.577213287353516,47.805397928973676,46.3147019591853,47.5522604726192,2292500
2024-02-08,45.9865608215332,46.29595224887389,45.49435206410312,46.26782347955736,1869800
2024-02-09,46.04281234741211,46.605337633695,45.82717753512205,45.977184516560726,1218000
2024-02-12,46.93348693847656,47.19599829865265,46.12719795913682,46.22095099449998,1288700
2024-02-13,45.76155090332031,46.61471630319162,45.2552759865311,46.09906393806448,1365100
2024-02-14,45.799049377441406,46.38970343942128,44.908384925035904,46.183442496027034,1546200
2024-02-15,47.25224304199219,47.30380827431099,45.90217670702488,45.93030547330226,2025900
2024-02-16,47.927276611328125,48.14291142962942,46.93348167276117,47.158490362967456,1611600
2024-02-20,47.41162872314453,47.94602884310493,47.18662002866053,47.81477317524781,2143300
2024-02-21,47.28974533081055,47.767895049231385,46.93348098049735,47.44912976243369,2107500
2024-02-22,50.76803970336914,50.83366753690413,48.57418527483884,48.70544094190881,3691100
2024-02-23,49.91487503051758,50.39302119284949,49.2023391466539,49.53048189563937,2660000
2024-02-26,50.224266052246094,50.411775695437186,49.371100573353154,49.8586242150704,1498000
2024-02-27,49.858619689941406,50.599280746277465,49.37109609247142,50.49615027305995,1827700
2024-02-28,49.464847564697266,50.36020430275552,49.385157138420986,49.642983313371936,1752600
2024-02-29,48.977333068847656,49.324223580712015,48.64919030231743,48.83669994369914,2394400
2024-03-01,48.977333068847656,50.02269332899872,48.827326071032076,49.59611238189304,1740300
2024-03-04,47.77726745605469,48.864818946527095,47.71163962635408,48.864818946527095,1882000
2024-03-05,47.711639404296875,48.14290901930753,47.439750638832066,47.580383745506545,1725000
2024-03-06,49.18358612060547,49.2960940413876,48.096034588185226,48.24604157277945,1990600
2024-03-07,50.40239715576172,50.41177460476532,49.50235517965589,49.50235517965589,2022000
2024-03-08,49.59611129760742,50.636782810449,49.4132903847806,50.299269755079465,1377800
2024-03-11,49.90549850463867,50.13519592966141,49.47422884805958,49.47422884805958,1373800
2024-03-12,49.67110824584961,50.32739012521097,49.32421777481732,49.99925097375455,2751900
2024-03-13,50.327388763427734,50.55239743935274,49.42734690683088,49.5679764351719,2636900
2024-03-14,49.77423858642578,50.40239169657278,49.577355096061666,50.261762164790625,1648800
2024-03-15,50.40239715576172,50.69303727524228,49.65236217567353,49.65236217567353,3273800
2024-03-18,50.449275970458984,51.08680658150329,50.2898915294735,50.63678202839653,2002500
2024-03-19,49.7554931640625,50.39021270889892,49.717990520562935,50.346147281609376,1103000
2024-03-20,50.29926681518555,50.54302682589106,49.3992213241261,49.661736231557406,1486600
2024-03-21,50.271141052246094,50.77741600065298,50.10238273611047,50.62740900591563,2522900
2024-03-22,48.96795654296875,50.289894353782536,48.7035711266754,50.25239170950933,2884900
2024-03-25,49.267967224121094,49.699236874852915,48.977330691712105,49.192965517078015,1280000
2024-03-26,49.74611282348633,50.54302422376955,49.42734754808335,49.96174763089886,2389200
2024-03-27,50.797489166259766,50.87799895530784,49.70822590150949,49.96396606662184,3249500
2024-03-28,51.44157791137695,52.00988701601245,50.79749233240544,50.92062368336972,3273900
2024-04-01,51.9625244140625,52.28930411063955,51.61206728104505,51.858333576706286,1729600
2024-04-02,51.716251373291016,52.78657043783153,51.53628769171474,51.97199151861772,2229500
2024-04-03,53.2222785949707,53.3833017869311,51.70678532886616,51.744673563824016,3446200
2024-04-04,53.2222785949707,54.08421606754659,53.00442666379448,53.610623970236304,2560300
2024-04-05,53.762168884277344,54.074741377193575,52.40769892130231,52.48347177177795,2053400
2024-04-08,52.78657150268555,54.39678525765811,52.77710125113604,54.11263073930313,2534000
2024-04-09,53.2696418762207,53.50643793012541,52.350872030839696,53.40224708829197,1723100
2024-04-10,52.549774169921875,53.12755705712406,51.9341066642371,52.89076102880976,1646000
2024-04-11,51.706787109375,52.74868831404683,51.41315869817206,52.587668729762726,1660500
2024-04-12,50.12498474121094,51.49840251581199,49.72716912257635,51.38474142666223,2302600
2024-04-15,49.59456253051758,50.86852636486093,49.49984194785554,50.62699339559871,1668600
2024-04-16,48.941001892089844,49.49037041767504,48.6757914939291,49.367235470005824,1471600
2024-04-17,49.07361602783203,49.61351074735244,48.81787585334009,49.1872771231992,1262400
2024-04-18,49.86924743652344,50.16287221346919,49.30093477296433,49.556674929582805,1536600
2024-04-19,49.99237823486328,50.27653637017898,49.65612829550854,49.85030278042621,1238600
2024-04-22,49.5377311706543,49.99237913685332,49.15885967209886,49.99237913685332,978000
2024-04-23,49.50931930541992,49.850306200616984,48.997838962624336,49.25357913402213,1510700
2024-04-24,49.52825927734375,49.79346967886504,49.083081577743826,49.4998412963088,1138900
2024-04-25,49.30093765258789,49.547207571814155,48.723154703504385,49.35777000622957,1536400
2024-04-26,49.77452850341797,49.8484080320324,49.02530546163315,49.45248573402022,1227900
2024-04-29,51.223724365234375,51.74467496372531,50.2007636730229,50.68382603553095,1890700
2024-04-30,49.98291015625,50.99639695082412,49.954495786771396,50.911150229167376,1447100
2024-05-01,49.698760986328125,50.23865574402391,48.94101066171108,49.85031032860727,1825000
2024-05-02,49.84082794189453,49.96396289057785,48.86996637593421,49.72716685792108,2136200
2024-05-03,50.13446044921875,50.949039446713265,50.11551633146062,50.35231238360572,989200
2024-05-06,51.15741729736328,51.39421334849817,50.45650300940778,50.45650300940778,1554000
2024-05-07,52.34139633178711,52.4171728007283,51.18583408620119,51.27108080714958,1682100
2024-05-08,52.502418518066406,52.68238220853028,51.744671909243735,51.91516534788144,1749800
2024-05-09,55.09770202636719,55.23031084669709,53.17491929684495,53.17491929684495,3298700
2024-05-10,55.09770202636719,55.97858360298655,55.06928765719266,55.38186017099607,2178400
2024-05-13,53.95161056518555,55.3344986146425,53.84741972622821,55.154534919402245,1365700
2024-05-14,54.46309280395508,54.89879667921366,54.22155981547042,54.36837582697576,901900
2024-05-15,54.31153869628906,55.097699653095496,54.136308329745226,54.84196311509851,1522300
2024-05-16,54.15052032470703,54.36837587575284,53.762174937589705,54.18840856082118,1855500
2024-05-17,54.70935821533203,54.91773989713638,53.83795047909748,54.38731544037122,1151500
2024-05-20,56.802635192871094,57.46755815477629,54.9366812427071,54.9366812427071,2281500
2024-05-21,56.43323516845703,56.8215805376574,55.978583582505536,56.1585508891341,1490800
2024-05-22,57.14362335205078,57.62668569435739,55.59971212591401,55.969113378246284,1877300
2024-05-23,56.0827751159668,57.65510072945201,55.808090833237095,57.304643590271226,1204100
2024-05-24,55.75126266479492,56.490065185553846,55.656542076735455,56.27221325284855,902700
2024-05-28,56.16802215576172,56.67003223712896,56.05436106383106,56.31010123059076,1135400
2024-05-29,54.02738952636719,55.467109994350196,53.93266893511897,55.41974789211554,1475600
2024-05-30,54.28312683105469,55.04087345484631,54.02738666804609,54.02738666804609,1386800
2024-05-31,55.51446533203125,55.64707053903019,54.13157729729815,54.4630903147955,1427600
2024-06-03,54.62411117553711,56.12729420901599,54.18840730994535,55.666015965298584,905900
2024-06-04,54.18840789794922,54.37784546298155,53.781118397757076,54.20735201577455,1733300
2024-06-05,52.79604721069336,54.5104482454474,52.635024022964025,54.39678715678137,1481100
2024-06-06,52.9191780090332,53.05178321332171,52.12354317008129,52.65396760045617,1568000
2024-06-07,52.48347473144531,52.96653706847792,52.10459961803949,52.33192540872715,1290300
2024-06-10,52.20878982543945,52.919177944595035,51.9151650486498,52.625553167805386,1415400
2024-06-11,50.39019775390625,51.92463507285564,50.21875765314752,51.612066180671874,2142400
2024-06-12,49.651390075683594,51.59312042163138,49.03572256264464,51.23318944259248,2653300
2024-06-13,48.57160186767578,49.72716768243151,48.36322381247286,49.72716768243151,2086100
2024-06-14,48.514774322509766,48.543188691366716,47.73808359250557,48.23061618105678,1730000
2024-06-17,48.060123443603516,48.448468785082824,47.491810808342166,48.448468785082824,1423900
2024-06-18,48.31586456298828,48.79893052949987,47.78544372223326,48.09801263007518,1702300
2024-06-20,49.196746826171875,49.348296156042515,48.169052820073446,48.36322731849388,1731800
2024-06-21,48.84628677368164,49.36723733830733,48.43899729639481,49.15885928038955,2366400
2024-06-24,49.86924743652344,49.963964407172874,48.770513956174156,48.83681655827293,1714500
2024-06-25,49.36724090576172,49.49984611944306,48.69474097168,49.49984611944306,1723900
2024-06-26,49.39565658569336,49.490373558699154,48.95805578773407,49.2251631437062,1385700
2024-06-27,49.22515869140625,49.60403016238231,48.88417183827338,49.206214575874355,1170900
2024-06-28,48.727455139160156,49.81858201569241,48.507315826452654,49.579299677815726,2118400
2024-07-01,48.0191764831543,49.00502217070161,48.0000371096737,48.947593096783955,1377800
2024-07-02,47.83732223510742,48.61259828672597,47.444899366027094,48.32546022540158,2009300
2024-07-03,48.71788787841797,49.15816652575985,48.1627510743408,48.220180152708444,1165700
2024-07-05,47.789466857910156,49.19644811544076,47.74161112252419,49.19644811544076,2027700
2024-07-08,46.975914001464844,47.95218280339779,46.55477471709636,47.87561434788652,2538000
2024-07-09,46.478206634521484,47.25347913940417,46.43034724188904,47.004627093047034,2821000
2024-07-10,46.21977996826172,46.631345905613344,45.80821403091009,46.593059853032045,2939900
2024-07-11,47.54061508178711,47.63633021154896,46.60262871707422,46.68877050828045,2221200
2024-07-12,47.55018615722656,48.27760285300139,47.41618863309636,47.77032546846314,2447400
2024-07-15,47.86604309082031,47.88518611832047,46.851488191426,47.50233652179477,1592500
2024-07-16,48.727455139160156,48.96673747703683,47.3080306751566,47.56932950011513,1513900
2024-07-17,49.962154388427734,50.18229370778647,48.33503371147311,48.73702629869546,2649400
2024-07-18,48.62217330932617,50.134439530041945,47.87561353771957,49.80901538451823,2218200
2024-07-19,48.36374282836914,48.60302515568331,47.7607539923716,48.44031492566578,1400400
2024-07-22,48.268035888671875,48.61260305653306,47.65068698811374,48.57431700429095,1476000
2024-07-23,47.464046478271484,48.258461971395974,47.22476413136573,48.258461971395974,1752400
2024-07-24,47.330047607421875,48.09575036559765,47.26304884427892,47.59804265999371,1708200
2024-07-25,48.574317932128906,48.74660151935036,47.00462627180811,47.22476559966686,1747800
2024-07-26,49.024169921875,49.32087770449262,48.410647424186585,48.97631053008341,1484800
2024-07-29,48.20103454589844,48.95716760704057,47.58847234740916,48.81359674438771,1303900
2024-07-30,48.574317932128906,48.73702818052752,47.98089871567667,48.23932409650885,1069700
2024-07-31,49.00502014160156,49.57929625236517,48.574311232949626,49.024163165448144,1731600
2024-08-01,47.75118637084961,49.20602353321505,47.291764685548785,48.813600615489825,1367700
2024-08-02,45.865638732910156,46.956769307259066,45.47321582805832,46.803628750515884,2077300
2024-08-05,45.21479415893555,45.51150193420174,43.9360670400071,44.41080532228721,1693200
2024-08-06,45.15736770629883,45.607219715803204,44.48737636161291,45.07122590982265,7409000
2024-08-07,45.06165313720703,46.03792189556244,44.57351510687049,45.43493301266507,4040800
2024-08-08,44.056663513183594,44.72665479907661,42.97510995930758,44.650086348460746,4417500
2024-08-09,43.97052001953125,44.34380352447228,43.396243883121194,44.08537816774017,2471000
2024-08-12,44.1906623840332,44.75536887273903,43.798239478400944,44.07580787903712,1698600
2024-08-13,44.50651550292969,44.96593716030475,43.96095205659938,44.37251797592347,2806900
2024-08-14,43.922664642333984,44.66922435600037,43.597240522066315,44.48737109658792,1867000
2024-08-15,44.35337448120117,44.97551002275769,44.295945405452365,44.34380479415574,2624700
2024-08-16,44.77450942993164,44.87022455478312,44.19544661642526,44.477801670788764,1491100
2024-08-19,45.31050109863281,45.92306326496826,44.803223739228486,44.81279342569563,1215400
2024-08-20,44.79365158081055,45.34878834064028,44.71708313358218,45.186074457147264,1327600
2024-08-21,45.70292663574219,45.95656533026824,45.01379233275916,45.12865048402882,1682400
2024-08-22,45.147789001464844,45.66463971889559,44.82236853251807,45.61678398235393,1615300
2024-08-23,46.17192459106445,46.32506515143453,45.46364721737851,45.46364721737851,1234500
2024-08-26,46.49734878540039,47.138623741613245,46.46863242013009,46.53563118716251,1344900
2024-08-27,46.363346099853516,46.496387025963955,45.990066223849716,46.191062518442706,1342100
2024-08-28,45.74121856689453,46.29635176476711,45.607221024344575,46.02835667966719,1180300
2024-08-29,46.191062927246094,46.46384465836759,45.50193224666272,46.133637500373496,1297900
2024-08-30,46.344200134277344,46.43991525741124,45.78906702473519,46.19105958842172,1374900
2024-09-03,44.4490852355957,45.894352583657984,44.008806615469695,45.78906777207162,2594400
2024-09-04,44.95636749267578,45.39664612478985,44.55437126032385,44.58308762409391,1255600
2024-09-05,44.51608657836914,45.51150202597116,44.410805411837195,45.35836146873692,1396300
2024-09-06,44.343807220458984,44.889370690867985,44.06623881589049,44.35337690802803,2093500
2024-09-09,44.114097595214844,44.7458029019012,44.10452790698651,44.36294965190254,1520100
2024-09-10,43.31010055541992,43.96094876746145,42.73103777066327,43.57809558938108,3695600
2024-09-11,43.70252990722656,43.750385648800794,43.03253857171024,43.61638811192934,2488400
2024-09-12,44.1906623840332,44.458661097235904,43.587673494434604,43.702527999430686,1752000
2024-09-13,44.73623275756836,44.831944243512616,44.34380982334228,44.429947969996626,2178100
2024-09-16,44.58308792114258,45.11907803297133,44.15237897330962,44.937224766623544,1746000
2024-09-17,44.88936233520508,45.26264215061782,44.61179398230289,44.803220558482266,1170500
2024-09-18,44.81279754638672,45.60721668907406,44.59265822581475,44.78408483318655,1803300
2024-09-19,45.846500396728516,46.08578275025808,45.018581847006274,45.68378649772575,2989500
2024-09-20,45.04250717163086,45.80820989838535,44.80322484132267,45.7986365605242,3290100
2024-09-23,45.44450378417969,45.52107588925883,44.86065426200743,45.2147947712601,1717000
2024-09-24,45.64550018310547,46.34420421326565,45.55935839028249,45.779501367287054,2274200
2024-09-25,45.166934967041016,45.9422110936638,45.12386589669698,45.79864022353254,1953400
2024-09-26,46.57391357421875,47.27740422384588,45.320072823436085,45.320072823436085,3111800
2024-09-27,46.699737548828125,47.357889585819464,46.41905430231938,46.951382178439246,1998200
2024-09-30,46.51584243774414,46.796521985479465,46.148050733509066,46.62230505674347,1904500
2024-10-01,47.71600341796875,47.74504203662447,46.12869677105292,46.273878787935345,2218300
2024-10-02,48.228973388671875,49.080696498397906,47.82246598855247,47.92893230030116,1990900
2024-10-03,48.3354377746582,48.57740533124524,47.36756754831007,48.00636175001456,1548800
2024-10-04,48.219295501708984,48.90648249227187,48.170902727693516,48.5193366080161,1258300
2024-10-07,48.01604461669922,48.71291239158382,47.933776529978694,48.22897725727664,2023200
2024-10-08,47.009456634521484,47.58050021619145,46.293234734066765,47.464356822737265,1929800
2024-10-09,47.454681396484375,48.30640832603119,47.22239458341945,47.377253689506844,2207500
2024-10-10,47.454681396484375,47.53211279559424,46.564242459514965,47.15464395526449,1963900
2024-10-11,47.47403335571289,48.09346970320317,47.45467550833734,47.60953459520991,1897900
2024-10-14,46.98042297363281,47.314335700317095,46.51584569518041,47.299818237261086,1243100
2024-10-15,46.360984802246094,47.25142362833933,46.33194618512958,46.990098227081916,3358500
2024-10-16,46.45777130126953,46.99009919233686,46.41905560574014,46.45777130126953,2348400
2024-10-17,46.74813461303711,46.75781538360245,45.906088488329495,46.45777426232402,2296200
2024-10-18,46.14805603027344,47.13528417571187,46.08127274352169,46.9223515290098,1660700
2024-10-21,45.78994369506836,46.53520424426971,45.20921931915627,46.20612820555914,2129400
2024-10-22,46.573917388916016,46.67070663333644,45.54797724298459,45.838337591981556,1750200
2024-10-23,46.23516082763672,46.42873560995918,45.954477577875736,46.31258852528658,2066400
2024-10-24,46.264198303222656,46.39002247248856,44.986609838447265,46.23516337651979,1996700
2024-10-25,46.3513069152832,47.27271909289667,46.331949066712205,46.45777323635766,1936000
2024-10-28,46.79652404785156,46.80620481772562,46.06094429909539,46.16741061491855,1847600
2024-10-29,46.138370513916016,46.888471393364874,45.809298191417135,46.79652254317737,2167200
2024-10-30,46.4190559387207,47.27078278581733,45.92544373964191,46.08030283073839,2109300
2024-10-31,46.14805603027344,46.631991178500186,45.756069741692066,46.457774229767985,1801100
2024-11-01,46.80620574951172,47.009457615330184,46.23516215592746,46.34162847387008,1610700
2024-11-04,49.1484489440918,50.02921070294989,48.470942738917806,48.8774464620222,3604600
2024-11-05,49.003273010253906,49.303310432252864,48.1999389105476,48.63548127230812,1768300
2024-11-06,47.919254302978516,48.993590867857044,47.348210709580556,48.53869436243059,2090200
2024-11-07,47.36756896972656,48.7806623486195,46.82556398967142,47.05785078337162,2200300
2024-11-08,46.76749038696289,47.42564245518086,46.12869616688451,47.42564245518086,2325700
2024-11-11,47.261104583740234,47.58049983622159,46.5981121543088,46.651345311744336,3369000
2024-11-12,45.480224609375,47.454677110634265,45.44150891331666,46.82556366428026,2520600
2024-11-13,45.306007385253906,45.993194371387936,45.11727298331754,45.373758006865316,1800000
2024-11-14,44.88014221191406,46.00287154805506,44.67689034664339,45.567332891655624,3938200
2024-11-15,44.70592498779297,45.40279274100526,44.45428035031739,45.238256572681216,2485000
2024-11-18,44.134883880615234,44.50267562572447,43.84452353116359,44.43492500059016,2229200
2024-11-19,44.096168518066406,44.3090974556511,43.70901895351481,43.844520193468306,2483700
2024-11-20,44.41556167602539,44.46395444627933,43.699339815150914,43.85419889524256,2043900
2024-11-21,45.364078521728516,45.38343637018463,44.376850403259056,44.39620825171517,2075300
2024-11-22,45.422149658203125,45.60604367058558,44.96628213538783,45.13178933102435,1404000
2024-11-25,45.29632568359375,45.93511988288568,45.228575063375814,45.693152327212495,1595500
2024-11-26,44.42524337768555,45.064037557986104,44.2316686004756,44.72528077483576,1991700
2024-11-27,44.60913848876953,45.00596513040612,44.231669694545936,44.415563706771515,1276200
2024-11-29,45.160823822021484,45.606043232225,44.889821344877056,44.899498422432856,933900
2024-12-02,46.23516082763672,46.25451867508215,44.98660735839529,45.19953998816319,1554900
2024-12-03,47.21270751953125,47.32885460271491,46.612629024943,46.82556165198121,2148800
2024-12-04,46.50616455078125,47.957969918810626,46.394861540159575,47.35789140048877,1485100
2024-12-05,46.53520202636719,47.09172445007709,46.29323447096919,46.6513454191613,2175200
2024-12-06,46.39002227783203,46.98042373252687,46.20128787079116,46.57391629973203,1544100
2024-12-09,47.21270751953125,48.11185976893945,46.83523872951393,46.92234719583576,1693500
2024-12-10,46.9901008605957,47.38692752353038,46.07062336585474,47.28046120311072,1969000
2024-12-11,46.34162902832031,47.35789206170363,46.31259040990454,46.999781099720025,1973700
2024-12-12,46.39002227783203,46.786848940345145,46.06094623876271,46.69974046846997,2404500
2024-12-13,46.631988525390625,46.78200723132336,46.05126785741128,46.293235417758,1478600
2024-12-16,45.3834342956543,46.40937806413889,45.325364445072466,46.31258882628266,2291500
2024-12-17,44.88982391357422,45.48990244393123,44.628498499031956,45.243094492619306,1658400
2024-12-18,43.47673034667969,44.96047637226339,43.41866049399116,44.63817539816673,2042400
2024-12-19,42.62500762939453,43.91227317017083,42.58629193243517,43.65094775389321,2096200
2024-12-20,43.14765548706055,43.77192851986139,42.460464835873594,42.52821545481526,2958400
2024-12-23,43.04119110107422,43.10894172304954,42.342388664015594,43.012152482990516,1794300
2024-12-24,43.07022476196289,43.24444169682003,42.547573957391464,42.973439216878646,847800
2024-12-26,42.992794036865234,43.34122791196636,42.79922294370411,42.925043415832455,1333800
2024-12-27,42.886329650878906,43.293800698905635,42.683074103997555,42.83793318744462,1263900
2024-12-30,42.7605094909668,43.12346084787826,42.48950699262185,42.7605094909668,1536800
2024-12-31,43.84813690185547,43.85793372356221,42.81439840324437,42.907485029640654,3477100
2025-01-02,44.367454528808594,44.803485983263364,44.093098666540854,44.093098666540854,2145100
2025-01-03,45.8862190246582,46.36634177544642,44.36745377287718,44.36745377287718,3131100
2025-01-06,47.463768005371094,47.88510234281363,46.53291672470414,46.54271354607385,3021200
2025-01-07,47.26780319213867,47.95369284457164,47.160019464522556,47.64014222122564,1612200
2025-01-08,46.866065979003906,47.41477769810101,46.50842031539104,47.33639191158068,1986800
2025-01-10,47.493167877197266,47.76752374052819,46.1605758476157,47.003244556781596,2286400
2025-01-13,50.168148040771484,50.19754224347426,48.11046788175756,48.11046788175756,3855800
2025-01-14,50.64826965332031,50.96182026781119,49.541045681194845,49.94278263962492,2332000
2025-01-15,50.9912223815918,51.81429374645797,50.8344470615134,51.04021396827533,2280000
2025-01-16,50.462100982666016,51.07940540049938,50.25633408932764,50.70706263792167,1618300
2025-01-17,50.579681396484375,50.844240431997186,50.3739145036916,50.6090793367535,1444000
2025-01-21,50.25633239746094,50.677666729342015,50.05056551104965,50.46209928387223,2472300
2025-01-22,51.53013610839844,52.77454181778062,51.08920436289792,51.09900492269703,3719500
2025-01-23,52.75494384765625,52.83332963608305,51.20678434467977,51.60852132214027,2107300
2025-01-24,51.706504821777344,52.74514354915486,51.441945794865575,52.74514354915486,1863400
2025-01-27,51.48114013671875,52.22582189181478,51.39785407461409,51.70650440125858,2762400
2025-01-28,51.3929557800293,51.66241135686036,50.78545192442338,51.42234998242078,1797600
2025-01-29,52.02005386352539,52.25521868185833,51.11369654581376,51.44194424535063,1296700
2025-01-30,51.26557540893555,52.33360838569747,51.00101637016132,51.93187141670362,1531100
2025-01-31,50.589481353759766,51.26557416681165,50.3739139041701,51.05000671722199,1675200
2025-02-03,49.9329833984375,50.37391512977237,47.875306969299125,48.796361456451095,3013100
2025-02-04,51.79469299316406,52.029854089066966,50.51109257381514,50.589482097661595,2035600
2025-02-05,50.707061767578125,51.91227264221136,50.707061767578125,51.72610313302707,1624200
2025-02-06,49.48225402832031,51.030413473260104,49.07072024441573,50.92262974762275,4074100
2025-02-07,49.266685485839844,49.75660878219965,49.031524396765285,49.482252932339954,1926500
2025-02-10,50.93242645263672,50.971621214200326,49.697821365928505,49.78600771053753,2129500
2025-02-11,50.707061767578125,51.12839610641147,50.50129487777156,50.736455969602446,1570600
2025-02-12,48.92374038696289,50.55028557183783,48.384825511687225,50.19754020247395,3846200
2025-02-13,49.67822265625,49.913383743704706,48.94333771677239,49.18829936326493,1362100
2025-02-14,49.87419509887695,50.119156757048614,49.49205177236182,49.81540295530118,1211600
2025-02-18,50.61887741088867,50.72666113963345,49.883992428885165,49.883992428885165,2702700
2025-02-19,51.3929557800293,51.42234998242078,50.23673647360042,50.40330860424309,2814700
2025-02-20,52.07884979248047,53.98954772752857,51.4517448105625,52.53937516609343,6048900
2025-02-21,51.53013610839844,52.95091451598083,51.4321529373176,52.24542372318,2747800
2025-02-24,51.14799499511719,51.53013458397327,50.58948271327856,51.53013458397327,2323300
2025-02-25,52.480587005615234,53.00970134665827,51.31946739997264,51.52033775387709,3294600
2025-02-26,52.1180419921875,52.62756269896329,51.69670763346557,52.59816849555145,2469300
2025-02-27,51.47134017944336,52.265017263001745,51.4517427991041,52.20622512198398,1854000
2025-02-28,51.304771423339844,51.53993252722171,50.579683254430975,51.36355983040113,2464600
2025-03-03,48.60038757324219,52.323807467928084,48.252542495182134,51.92207053038372,3469300
2025-03-04,47.51276397705078,48.32113444367886,47.220769357030626,47.99288672493015,3567100
2025-03-05,48.864952087402344,49.09031637158557,48.002689714306086,48.19865605685263,2730700
2025-03-06,50.10935592651367,50.86383827813975,48.76696709358277,48.86495026119416,3270100
2025-03-07,50.050567626953125,50.889315354986586,49.776208028988,49.99177548357097,2899900
2025-03-10,49.52145004272461,50.2465344625614,48.89434879168146,49.78600908384937,2021400
2025-03-11,50.14855194091797,50.30532725570189,49.403866392330585,49.48225591863172,3411800
2025-03-12,49.73701095581055,50.1191542633117,49.482252488627864,50.00156998201069,1452500
2025-03-13,49.06092071533203,50.24653424660341,48.37502732326967,49.237293408657166,1699200
2025-03-14,49.76641082763672,49.89378819726549,48.96293689663541,49.3450764811582,1671000
2025-03-17,51.099002838134766,51.4223502797654,49.727216072054254,49.727216072054254,1638200
2025-03-18,51.02061462402344,51.441948981372526,50.44250495262481,51.19698731955647,1714300
2025-03-19,51.29497146606445,51.667314245705235,50.91283186440451,51.02061559570724,1213400
2025-03-20,51.3929557800293,51.53013370828049,50.41310916358572,50.7952487459478,1285000
2025-03-21,51.4223518371582,51.46644688015408,50.569886296694065,50.95202589283942,2457900
2025-03-24,51.47134017944336,52.069047197427295,51.42234859750427,51.42234859750427,1444900
2025-03-25,49.12950897216797,52.216027323023006,48.62978884016635,51.58892608371971,3702500
2025-03-26,49.4920539855957,50.16815058458752,49.03152858935519,49.25689287641298,2054400
2025-03-27,49.87419509887695,50.05056779178601,49.227496470816504,49.286284876574015,1482500
2025-03-28,49.09031295776367,49.88399004602973,48.86494868925265,49.6978205384297,1505000
2025-03-31,49.2042350769043,49.5311424308324,48.4810808508853,48.52070667177227,2073400
2025-04-01,49.095272064208984,49.59553390563813,48.5900522712762,49.39245817709074,1667400
2025-04-02,49.48161315917969,49.51133063605142,48.54052067600253,48.54052067600253,1538000
2025-04-03,50.2344856262207,50.48214134764233,48.530616832509864,48.68911634306265,3410200
2025-04-04,46.95552444458008,49.48161194784914,46.202648964898515,48.976392179839564,5469200
2025-04-07,47.08430480957031,48.28296137990871,45.350714749966976,45.667713772837466,3902200
2025-04-08,46.44040298461914,47.96595939093791,45.86583988410086,47.60933831836016,4431400
2025-04-09,47.9560546875,49.20919205789554,46.06396508980692,46.07386965613084,3862600
2025-04-10,47.86689758300781,48.29286572660273,46.53946276367336,47.66877224988262,3145500
2025-04-11,50.680267333984375,50.81895393514034,48.173992610140616,48.53061745821394,2559900
2025-04-14,51.631263732910156,52.10676226446747,50.204768138238215,50.96754821352591,1984600
2025-04-15,51.73032760620117,52.25535651931894,51.6114501406857,51.8095754709518,1786700
2025-04-16,52.77048110961914,53.047854305914065,51.85910609776578,52.03741851793434,2587200
2025-04-17,52.0077018737793,53.07757641192459,51.968076051123596,52.790294866060414,2808600
2025-04-21,52.067138671875,52.800197469117705,51.49257560150926,52.12657362472228,1647700
2025-04-22,52.968605041503906,53.057761249232904,51.898730548755864,52.03741714323959,1260700
2025-04-23,52.5822639465332,53.07757538335167,51.84920135731427,52.87945005283901,2302800
2025-04-24,53.1766357421875,53.543165144459834,52.651606832533105,52.94879293650868,2817100
2025-04-25,53.54316711425781,53.56298002577526,52.85963867207505,52.90916906140543,1709000
2025-04-28,55.048912048339844,55.73244046158034,53.51344737055459,53.51344737055459,2943900
2025-04-29,56.277286529541016,56.564564289471214,55.07862998646661,55.21732036237851,3117300
2025-04-30,56.51503372192383,56.732971961593854,54.80125661805166,55.633379976242466,3357700
2025-05-01,56.207942962646484,56.81221973535137,56.0890654981468,56.37634703563153,2184400
2025-05-02,56.29710006713867,56.79241150698782,55.97019270295357,56.71315986272729,2166100
2025-05-05,55.67300796508789,56.34663184217649,55.53432136314491,56.29710145275778,1588800
2025-05-06,55.94047546386719,56.2099242534321,55.31638198890212,55.84141090811997,1594500
2025-05-07,56.08906555175781,56.584376984200915,55.34609840309315,55.79187944807722,2657200
2025-05-08,54.236602783203125,56.25747436919084,53.19644951300917,56.25747436919084,4791500
2025-05-09,55.10835266113281,55.123211399917224,53.6224183198682,54.56351082512108,1998800
2025-05-12,55.67300796508789,55.692820876640674,54.147447785862155,55.30647854867766,2146400
2025-05-13,57.51556396484375,57.74340676660889,55.67300486134816,55.72253524800558,2309000
2025-05-14,56.4456901550293,57.17379856234701,55.92066124806063,57.030157794059555,1677900
2025-05-15,56.92118835449219,57.53042307318534,56.19803412364647,56.19803412364647,2079900
2025-05-16,57.3570671081543,57.39668915195367,56.3961616911485,56.99053391633009,1752900
2025-05-19,57.43631362915039,57.52546983873166,56.594285700047806,56.88156346076401,1176500
2025-05-20,58.1297492980957,58.357592100742984,57.228282653305904,57.456125455953185,1968800
2025-05-21,59.1203727722168,59.189716070319804,58.164421558166715,58.218906117951406,3138100
2025-05-22,58.3377799987793,59.06093423779391,58.11984175891071,58.97177802865916,1473400
2025-05-23,59.11046600341797,59.14018725977336,58.07031272521351,58.34768970394742,1544700
2025-05-27,59.2392463684082,59.93268312731948,58.44674883490659,58.65477872890208,1942600
2025-05-28,59.00149917602539,59.556245561688876,58.86776297310556,59.15999868320443,1361100
2025-05-29,58.22881317138672,59.39774850209755,58.18919112715401,59.18971859890151,1773800
2025-05-30,58.47646713256836,58.57553168747598,57.664156676957745,58.119842292753674,2553500
2025-06-02,59.655311584472656,59.803902750465895,58.585437050474496,58.644875784227644,2675200
2025-06-03,59.18971633911133,59.526528265252445,58.996545182243395,59.49681078848087,1682200
2025-06-04,59.73455810546875,60.269495360422304,59.27887249373484,59.576058597955814,2156200
2025-06-05,59.72465515136719,60.16052786405944,59.64540350600872,60.15062329785285,1449900
2025-06-06,59.18971633911133,59.6899819453488,58.625061606893325,59.259059637529234,1376000
2025-06-09,59.89305877685547,60.35171841253253,59.45718606745636,59.68502887775088,1488900
2025-06-10,59.278873443603516,60.279400892262444,59.18971723301597,59.98221478327944,1823800
2025-06-11,59.66521453857422,59.754370747331876,58.37740557346194,59.26896766103847,2059700
2025-06-12,59.87324523925781,59.9227794061776,58.95196566266021,59.4373725344189,1784200
2025-06-13,62.30027389526367,62.32504097946103,59.96240323466874,60.418092642985364,4158100
2025-06-16,62.25074005126953,64.46973689821498,61.84953900623655,62.36961373518185,2733800
2025-06-17,61.38890075683594,62.35971072060905,61.131336693205014,62.07242917999239,2724400
2025-06-18,61.75543212890625,61.99318328914208,61.27002524209939,61.61674552665472,2086700
2025-06-20,60.36855697631836,61.59693101084689,60.10108834511635,61.55730518868517,2617300
2025-06-23,59.764278411865234,60.665745055075206,59.73455715666678,60.42799390811898,2280600
2025-06-24,58.86280822753906,59.685027011036304,58.84299909589511,59.685027011036304,1939800
2025-06-25,58.090126037597656,59.07084436771622,58.08022147136175,58.86281068749768,1970200
2025-06-26,57.50565719604492,58.52104715551601,57.396688075056645,58.317967652051244,2258700
2025-06-27,57.57500076293945,57.77312609484668,56.693347003825,57.45612707536567,4120800
2025-06-30,58.2400016784668,58.779998779296875,57.279998779296875,57.560001373291016,2855600
2025-07-01,58.52000045776367,59.119998931884766,58.06999969482422,58.58000183105469,1114100
2025-07-02,59.9900016784668,60.0,58.56999969482422,59.0,1781300
2025-07-03,60.13999938964844,60.209999084472656,59.5099983215332,59.720001220703125,1143500
2025-07-07,60.75,60.80500030517578,59.849998474121094,60.2599983215332,1438700
2025-07-08,61.369998931884766,62.040000915527344,60.66999816894531,60.75,2221600
2025-07-09,62.11000061035156,62.775001525878906,61.25,61.43000030517578,1752000
2025-07-10,60.79999923706055,62.150001525878906,60.7400016784668,62.08000183105469,1847800
2025-07-11,60.9900016784668,61.025001525878906,58.9900016784668,60.27000045776367,2660600
2025-07-14,60.91999816894531,61.654998779296875,60.70000076293945,61.0,1697500
2025-07-15,59.880001068115234,61.22999954223633,59.56999969482422,61.08000183105469,1486500
2025-07-16,58.459999084472656,59.82500076293945,58.45000076293945,59.59000015258789,2610900
2025-07-17,58.31999969482422,58.553001403808594,57.77000045776367,58.0,1731500
2025-07-18,60.0099983215332,60.939998626708984,58.86000061035156,59.15999984741211,2566900
2025-07-21,59.2400016784668,60.029998779296875,59.040000915527344,60.029998779296875,1191700
2025-07-22,60.029998779296875,60.244998931884766,59.41999816894531,59.470001220703125,1202100
2025-07-23,60.68000030517578,61.97999954223633,60.150001525878906,60.2599983215332,1935600
2025-07-24,60.290000915527344,60.81999969482422,60.09000015258789,60.38999938964844,1412500
2025-07-25,60.09000015258789,60.25,59.63999938964844,60.029998779296875,986900
2025-07-28,59.61000061035156,59.814998626708984,59.13999938964844,59.720001220703125,998600
2025-07-29,60.43000030517578,60.470001220703125,59.42499923706055,59.5,1690200
2025-07-30,59.349998474121094,60.005001068115234,59.02000045776367,59.91999816894531,1881400
2025-07-31,59.31999969482422,59.400001525878906,58.8650016784668,59.0099983215332,1857900
2025-08-01,58.560001373291016,59.25,58.150001525878906,59.060001373291016,1521900
2025-08-04,59.060001373291016,59.209999084472656,58.5099983215332,58.619998931884766,920200
2025-08-05,59.130001068115234,59.54999923706055,58.43000030517578,59.11000061035156,1447200
2025-08-06,57.95000076293945,59.5,57.95000076293945,58.599998474121094,3037100
2025-08-07,55.709999084472656,58.13999938964844,55.099998474121094,57.900001525878906,6069800
2025-08-08,55.689998626708984,56.03499984741211,54.66999816894531,55.939998626708984,3801100
2025-08-11,56.310001373291016,57.22999954223633,55.63999938964844,56.43000030517578,2285600
2025-08-12,56.04999923706055,56.470001220703125,55.29499816894531,56.29999923706055,2678100
2025-08-13,56.880001068115234,57.220001220703125,56.27000045776367,56.369998931884766,1711800
2025-08-14,56.90999984741211,56.95000076293945,56.2599983215332,56.29999923706055,1715100
2025-08-15,57.130001068115234,57.380001068115234,56.65999984741211,57.0099983215332,1677700
2025-08-18,56.70000076293945,57.18000030517578,56.310001373291016,56.97999954223633,1421400
2025-08-19,56.790000915527344,57.35499954223633,56.61000061035156,56.720001220703125,1180800
2025-08-20,57.040000915527344,57.56999969482422,56.66999816894531,57.150001525878906,1428500
2025-08-21,57.61000061035156,57.61000061035156,56.77000045776367,56.84000015258789,1985400
2025-08-22,57.900001525878906,58.130001068115234,57.47999954223633,57.560001373291016,1314000
2025-08-25,58.27000045776367,59.560001373291016,57.5,57.79999923706055,2455500
2025-08-26,58.54999923706055,58.689998626708984,57.91999816894531,58.2400016784668,1605600
2025-08-27,58.16999816894531,58.75,58.02000045776367,58.2400016784668,2463300
2025-08-28,58.81999969482422,58.900001525878906,57.880001068115234,58.43000030517578,3321900
2025-08-29,57.619998931884766,58.869998931884766,57.61000061035156,58.72999954223633,2417200
2025-09-02,57.599998474121094,57.7400016784668,57.060001373291016,57.65999984741211,2673800
2025-09-03,56.779998779296875,57.540000915527344,56.720001220703125,57.18000030517578,2371200
2025-09-04,56.97999954223633,57.060001373291016,55.810001373291016,56.45000076293945,2711100
2025-09-05,56.43000030517578,57.689998626708984,56.220001220703125,57.0,2574800
2025-09-08,57.31999969482422,57.5,56.61000061035156,56.61000061035156,2981000
2025-09-09,56.45000076293945,57.75,56.45000076293945,57.5099983215332,2844800
2025-09-10,57.40999984741211,57.529998779296875,56.5099983215332,56.5099983215332,2462900
2025-09-11,57.119998931884766,57.654998779296875,56.81999969482422,57.31999969482422,2922400
2025-09-12,56.95000076293945,57.41999816894531,56.79999923706055,56.9900016784668,2447700
2025-09-15,57.099998474121094,57.28499984741211,56.650001525878906,57.2400016784668,4564300
2025-09-16,56.709999084472656,57.20000076293945,56.470001220703125,57.189998626708984,3150200
2025-09-17,56.47999954223633,57.130001068115234,56.34000015258789,56.689998626708984,2809200
2025-09-18,56.22999954223633,56.5,55.66999816894531,56.25,2042500
2025-09-19,56.61000061035156,56.790000915527344,55.8849983215332,56.290000915527344,2313000
2025-09-22,57.0,57.099998474121094,56.040000915527344,56.5099983215332,2227500
2025-09-23,56.369998931884766,57.290000915527344,56.31999969482422,57.25,3644500
2025-09-24,59.029998779296875,59.72999954223633,56.349998474121094,56.349998474121094,6139400
2025-09-25,58.150001525878906,60.59000015258789,56.84000015258789,59.040000915527344,8083800
2025-09-26,58.81999969482422,59.150001525878906,57.59000015258789,58.220001220703125,3915600
2025-09-29,57.75,58.880001068115234,57.540000915527344,58.540000915527344,1880600
2025-09-30,58.709999084472656,58.84000015258789,57.439998626708984,57.70000076293945,2178500
2025-10-01,56.630001068115234,58.91999816894531,56.61000061035156,58.63999938964844,3927500
2025-10-02,59.75,59.77000045776367,56.66999816894531,56.7599983215332,3017500
2025-10-03,59.349998474121094,60.29499816894531,59.22999954223633,59.7400016784668,2092500
2025-10-06,60.369998931884766,60.46500015258789,59.060001373291016,59.25,3056100
2025-10-07,60.63999938964844,61.380001068115234,60.5,60.5,1668500
2025-10-08,60.439998626708984,60.900001525878906,59.90999984741211,60.75,1914200
2025-10-09,61.11000061035156,61.72200012207031,60.494998931884766,60.810001373291016,3265100
2025-10-10,59.84000015258789,60.70000076293945,59.11000061035156,60.38999938964844,3993600
2025-10-13,60.040000915527344,60.790000915527344,59.93000030517578,59.95000076293945,1739100
2025-10-14,58.02000045776367,59.91999816894531,57.849998474121094,58.959999084472656,3059200
2025-10-15,58.130001068115234,58.83000183105469,57.834999084472656,58.310001373291016,2172600
2025-10-16,56.41999816894531,58.14500045776367,55.9900016784668,58.099998474121094,3065800
2025-10-17,57.41999816894531,57.63999938964844,56.0,56.619998931884766,2090000
2025-10-20,57.56999969482422,58.13999938964844,57.209999084472656,57.36000061035156,1869900
2025-10-21,56.0099983215332,57.72999954223633,55.97999954223633,57.630001068115234,2944600
2025-10-22,56.83000183105469,57.025001525878906,55.650001525878906,56.0,2776400
2025-10-23,57.83000183105469,58.08000183105469,57.119998931884766,57.15999984741211,1430600
2025-10-24,58.15999984741211,58.29999923706055,57.77000045776367,58.09000015258789,1139400
2025-10-27,57.5099983215332,58.75,57.459999084472656,58.275001525878906,1548400
2025-10-28,57.0099983215332,57.650001525878906,56.849998474121094,57.5,1051600
2025-10-29,56.439998626708984,57.18000030517578,56.005001068115234,57.04999923706055,1025800
2025-10-30,54.31999969482422,56.25,54.29999923706055,56.0,2115100
2025-10-31,54.45000076293945,55.14500045776367,54.119998931884766,54.279998779296875,2167100
2025-11-03,54.529998779296875,55.060001373291016,53.970001220703125,54.45000076293945,1953200
2025-11-04,53.63999938964844,54.08000183105469,53.029998779296875,54.0,2456800
2025-11-05,54.0,54.75,53.650001525878906,53.869998931884766,2474100
2025-11-06,55.59000015258789,56.2599983215332,54.290000915527344,54.599998474121094,3829300
2025-11-07,56.880001068115234,57.150001525878906,55.29999923706055,55.90999984741211,1878200
2025-11-10,58.939998626708984,59.220001220703125,56.8849983215332,57.060001373291016,3138200
2025-11-11,59.33000183105469,59.724998474121094,58.70000076293945,59.13999938964844,1777500
2025-11-12,60.130001068115234,60.48500061035156,59.04999923706055,59.11000061035156,1570100
2025-11-13,58.869998931884766,60.85900115966797,58.529998779296875,60.209999084472656,2138900
2025-11-14,59.369998931884766,59.68000030517578,58.619998931884766,58.619998931884766,1943100
2025-11-17,56.9900016784668,59.63999938964844,56.959999084472656,59.63999938964844,2391700
2025-11-18,57.31999969482422,57.55500030517578,56.625,57.09000015258789,1709800
2025-11-19,55.939998626708984,57.040000915527344,55.619998931884766,57.0,1935600
2025-11-20,55.060001373291016,56.33000183105469,54.52000045776367,56.150001525878906,3008900
2025-11-21,56.189998626708984,56.255001068115234,55.209999084472656,55.29999923706055,2205500
2025-11-24,56.22999954223633,56.36000061035156,55.47999954223633,56.36000061035156,3063400
2025-11-25,56.83000183105469,56.970001220703125,55.97999954223633,56.36000061035156,2537600
2025-11-26,57.400001525878906,57.40999984741211,56.474998474121094,56.88999938964844,1790400
2025-11-28,58.16999816894531,58.209999084472656,57.34000015258789,57.40999984741211,859000
2025-12-01,60.16999816894531,60.349998474121094,58.33000183105469,58.43000030517578,8926700
2025-12-02,59.290000915527344,60.20500183105469,58.650001525878906,60.150001525878906,2517300
2025-12-03,60.06999969482422,60.099998474121094,59.40999984741211,59.47999954223633,1798200
2025-12-04,60.04999923706055,60.5,59.72999954223633,59.970001220703125,1538500
2025-12-05,60.34000015258789,61.415000915527344,60.02000045776367,60.25,2638700
2025-12-08,59.119998931884766,60.279998779296875,58.849998474121094,60.18000030517578,4027800
2025-12-09,58.65999984741211,59.25,58.31999969482422,59.15999984741211,2485800
2025-12-10,59.0,59.209999084472656,58.040000915527344,58.619998931884766,1594000
2025-12-11,61.0,62.09000015258789,59.099998474121094,59.099998474121094,2887400
2025-12-12,62.84000015258789,62.900001525878906,61.439998626708984,61.599998474121094,2276100
2025-12-15,61.849998474121094,62.34000015258789,59.349998474121094,62.20000076293945,4995200
2025-12-16,61.849998474121094,62.560001373291016,61.599998474121094,61.939998626708984,3220200
2025-12-17,63.29999923706055,63.380001068115234,61.744998931884766,61.849998474121094,2854900
2025-12-18,61.630001068115234,63.775001525878906,61.41999816894531,63.52000045776367,2739000
2025-12-19,62.279998779296875,62.88999938964844,61.72999954223633,61.72999954223633,2458700
2025-12-22,62.66999816894531,62.88999938964844,62.27000045776367,62.5,2601000
2025-12-23,63.61000061035156,63.790000915527344,62.619998931884766,62.619998931884766,2237100
2025-12-24,63.540000915527344,63.939998626708984,63.310001373291016,63.650001525878906,1192600
2025-12-26,62.77000045776367,63.77000045776367,62.29999923706055,63.58000183105469,1557700
2025-12-29,62.689998626708984,63.349998474121094,62.630001068115234,62.959999084472656,1532900
2025-12-30,62.47999954223633,63.290000915527344,62.470001220703125,62.84000015258789,2344700
2025-12-31,61.720001220703125,62.04999923706055,61.52000045776367,61.68000030517578,1401000
2026-01-02,63.15999984741211,63.2400016784668,61.66999816894531,61.849998474121094,1759300
2026-01-05,62.11000061035156,63.189998626708984,61.540000915527344,63.0,2226100
2026-01-06,60.599998474121094,62.040000915527344,60.54999923706055,61.779998779296875,3544900
2026-01-07,58.9900016784668,61.040000915527344,58.7599983215332,60.63999938964844,2878700
2026-01-08,59.79999923706055,60.70000076293945,58.7400016784668,58.79999923706055,3096800
2026-01-09,59.81999969482422,61.150001525878906,59.689998626708984,60.18000030517578,2647300
2026-01-12,59.34000015258789,60.900001525878906,59.06999969482422,59.7400016784668,2727900
2026-01-13,61.33000183105469,61.5,59.29999923706055,60.09000015258789,2677200
2026-01-14,66.19999694824219,66.25,63.5099983215332,63.630001068115234,6672800
2026-01-15,67.83000183105469,67.94499969482422,65.80999755859375,66.30999755859375,3929100
2026-01-16,66.37999725341797,66.83499908447266,65.80000305175781,66.37000274658203,2848200
2026-01-20,67.22000122070312,67.7699966430664,66.44999694824219,66.44999694824219,3211300
2026-01-21,68.68000030517578,69.20999908447266,67.38999938964844,67.55999755859375,4597100
2026-01-22,68.0999984741211,69.70999908447266,68.05500030517578,68.58999633789062,1752800
2026-01-23,70.87999725341797,70.91999816894531,68.75,68.95999908447266,2604000
2026-01-26,70.2300033569336,71.80999755859375,69.86000061035156,71.44000244140625,2330800
2026-01-27,70.31999969482422,72.05999755859375,70.25499725341797,70.6500015258789,2090300
2026-01-28,71.5999984741211,72.36000061035156,70.86000061035156,71.19999694824219,3130500
2026-01-29,71.12999725341797,73.06500244140625,70.52999877929688,72.19999694824219,2289200
2026-01-30,68.88999938964844,70.3949966430664,68.1500015258789,70.12000274658203,3184100
2026-02-02,68.69000244140625,69.92500305175781,68.18000030517578,68.18000030517578,2564400
2026-02-03,70.41000366210938,70.61000061035156,68.83599853515625,69.18000030517578,4182000
2026-02-04,71.5,71.5,69.45999908447266,70.7699966430664,4491500
2026-02-05,67.9800033569336,70.77999877929688,67.78500366210938,70.5999984741211,3288700
2026-02-06,68.61000061035156,68.80000305175781,67.95999908447266,68.5,3422100
2026-02-09,70.08000183105469,70.30999755859375,68.95999908447266,68.95999908447266,3040300
2026-02-10,71.13999938964844,71.36000061035156,69.88999938964844,70.19999694824219,1943400
2026-02-11,73.06999969482422,73.07499694824219,70.9800033569336,71.6500015258789,2708400
2026-02-12,70.43000030517578,73.55000305175781,69.9800033569336,73.26000213623047,3058100
2026-02-13,70.80999755859375,71.06999969482422,69.7300033569336,70.12000274658203,1906000
2026-02-17,69.86000061035156,70.31999969482422,69.02999877929688,70.2699966430664,2265400
2026-02-18,70.27999877929688,71.0,69.83000183105469,70.08499908447266,2567100
2026-02-19,71.77999877929688,72.1500015258789,69.40499877929688,69.40499877929688,3831300
2026-02-20,71.19999694824219,72.97000122070312,69.80000305175781,72.0999984741211,2572200
2026-02-23,71.91000366210938,72.31999969482422,70.77999877929688,70.87000274658203,2166900
2026-02-24,72.76000213623047,73.06999969482422,71.91000366210938,72.05000305175781,2376700
2026-02-25,72.52999877929688,73.4800033569336,71.2300033569336,73.43000030517578,2521000
2026-02-26,73.12999725341797,73.4000015258789,71.80999755859375,72.12000274658203,2451300
2026-02-27,75.06999969482422,75.7300033569336,72.79000091552734,73.62999725341797,3419300
2026-03-02,75.73999786376953,78.0,74.68000030517578,78.0,6071800
2026-03-03,74.41999816894531,75.73999786376953,73.0199966430664,75.08000183105469,4467700
2026-03-04,73.58999633789062,74.94000244140625,72.25,74.12999725341797,3228400
2026-03-05,74.38999938964844,74.79000091552734,73.0,73.25,4113000
2026-03-06,76.20999908447266,77.47000122070312,74.31999969482422,75.43000030517578,6778700
2026-03-09,75.80999755859375,78.08000183105469,75.64800262451172,77.0199966430664,6859200
2026-03-10,76.08999633789062,76.83999633789062,75.1500015258789,75.44999694824219,3038000
2026-03-11,79.30999755859375,79.30999755859375,76.41500091552734,76.83000183105469,6477800
2026-03-12,83.94000244140625,85.3499984741211,82.0999984741211,82.12999725341797,11069116
