date,close,high,low,open,volume
2021-03-15,56.124263763427734,56.25798699339495,54.395455334370155,54.77751077494867,2731100
2021-03-16,55.60849380493164,56.29619511808802,54.96854532716639,56.01920608258757,2405500
2021-03-17,57.90083694458008,58.77957145104938,53.88923081414578,54.8061719608063,4406600
2021-03-18,56.009647369384766,57.623843170574915,55.27418600235717,55.38880591349932,2983400
2021-03-19,56.58273696899414,56.869279464614394,55.379253386369356,56.429914061757636,2332600
2021-03-22,55.63713836669922,57.022097904544395,55.493865308320835,55.57027857774537,2060900
2021-03-23,52.61888885498047,54.69154981252234,52.29413971375437,54.37635415274779,2821300
2021-03-24,51.58732986450195,53.02959945751483,51.47271359575715,52.69529684526304,1936000
2021-03-25,51.214820861816406,52.246378142863065,50.28833364856367,51.55867328883196,2602900
2021-03-26,52.85767364501953,53.08690982788321,50.99514195635323,50.99514195635323,2461900
2021-03-29,53.44986343383789,53.54538003083326,50.81366729772136,52.15086686338589,2346300
2021-03-30,49.94449234008789,51.29124554998672,49.38095710226719,50.488924256201074,3666000
2021-03-31,52.11266326904297,52.962740932807606,50.059102002072315,50.24057806889868,3303000
2021-04-01,55.59893798828125,55.59893798828125,53.106011268359325,53.48807037130288,2607500
2021-04-05,55.92369079589844,56.917041613751024,54.80617385850368,55.522531990757514,2598900
2021-04-06,57.80531692504883,58.81777090490027,56.78331310810925,57.1749220132582,2333800
2021-04-07,56.7833137512207,57.919933844017436,56.33439488770272,57.318192080261355,1516300
2021-04-08,59.362213134765625,59.66785898546292,58.330655655972805,58.655404827786924,2449700
2021-04-09,59.304901123046875,59.47682736357408,56.71646132028904,57.13672343958564,1221000
2021-04-12,56.84062194824219,58.349751326322064,56.210227008387605,58.27333805187401,2202300
2021-04-13,58.58854293823242,59.42907081949596,57.78622169784128,58.17783065781875,1922500
2021-04-14,57.767112731933594,59.304895262697514,57.44236360342702,58.36885451431632,1907100
2021-04-15,62.65745162963867,63.33560306755346,59.228484157941104,59.41951370704564,3485600
2021-04-16,63.65079879760742,63.92779144608305,62.5141750482024,63.794071862290785,2418500
2021-04-19,62.86758041381836,63.85137760895376,62.046155956542634,62.96309336037283,2122700
2021-04-20,64.19525146484375,64.63461699532391,62.29451623170341,62.29451623170341,2241800
2021-04-21,66.43026733398438,66.43981352710946,63.956440613735445,64.28119335924661,2508800
2021-04-22,64.2907485961914,65.79032457802346,63.287851639204504,65.47513255563977,2493000
2021-04-23,63.784515380859375,65.61839011845942,63.24963707085197,65.10261876933538,1903800
2021-04-26,63.35470962524414,64.06151421574953,62.724311024155,63.794075034864846,1282500
2021-04-27,60.93819808959961,63.65080771252204,60.75672200669053,63.56484823397503,2434600
2021-04-28,61.425315856933594,62.40911313188951,58.94194260917498,59.43861798744383,2689700
2021-04-29,59.14252471923828,60.31735524400201,57.7671184386464,60.19318548282801,2993600
2021-04-30,57.78621292114258,59.304892051094534,57.5474269173362,58.36885135340378,1898200
2021-05-03,62.18943786621094,62.82938271504381,59.553237900726295,59.7347176260142,3392300
2021-05-04,60.93819808959961,64.38627281355932,59.67740806070751,62.093925319072284,3000900
2021-05-05,61.86466979980469,62.10345578485239,60.269581168606805,61.272485220675144,1803900
2021-05-06,65.90493774414062,66.95559471451165,62.81027314264962,62.85802597161113,4141800
2021-05-07,68.20684051513672,68.75127233539695,66.74546398869741,68.15908039748356,3406400
2021-05-10,68.17818450927734,71.10093046519738,67.80567888628667,70.20309266251664,3015800
2021-05-11,69.00914764404297,69.08556090592597,64.85427308415392,65.33184504016805,2409700
2021-05-12,66.3538589477539,69.41031702182728,65.69480721511867,68.55068591125325,2896900
2021-05-13,66.44937133789062,67.28034928565846,64.5868433532723,65.67570698846006,2149100
2021-05-14,69.80192565917969,70.00250502584066,67.50957858892922,67.89163764849937,2168000
2021-05-17,76.56434631347656,77.18518408192092,70.69020927325613,71.16778127185665,5398400
2021-05-18,76.15363311767578,77.18518308305393,73.94724555741878,76.87953729939183,2172800
2021-05-19,73.91861724853516,78.14990681503932,72.23756122979036,74.74959541802683,3711600
2021-05-20,75.88619232177734,76.79358354712973,73.51743914410488,74.09052412017591,1925600
2021-05-21,74.77822875976562,76.65031022858265,73.35506616166145,76.4115242154095,2327600
2021-05-24,75.59009552001953,76.25869340464713,74.40571900132045,75.10297003997918,1362500
2021-05-25,75.75247192382812,76.38287049175932,73.24999918817228,75.0743205259199,2421200
2021-05-26,75.48504638671875,77.53860791296542,74.52990216866654,76.15365171165854,2034300
2021-05-27,74.49166870117188,75.26534019447351,73.7944177538889,74.53942880974499,1300200
2021-05-28,75.23670196533203,75.37042885137625,72.84884157521881,73.47924021605107,1472700
2021-06-01,75.742919921875,77.03236282710753,74.34840330954063,76.23003810100872,1904100
2021-06-02,75.92440032958984,76.73627133428293,74.98836321877648,75.86709401709909,1367700
2021-06-03,70.44186401367188,72.27573858890366,69.93563890263944,72.24708543728595,2720000
2021-06-04,72.46678924560547,73.393272949392,71.5211912908414,72.01787032939514,1709800
2021-06-07,72.14203643798828,72.47633543284283,70.63290693302027,71.89369691873709,1413800
2021-06-08,70.1744384765625,72.0178668884997,70.04071888499575,71.47343504078619,1862000
2021-06-09,69.93566131591797,71.62626338770274,69.82104138554342,70.48964671530341,1539500
2021-06-10,73.37417602539062,73.45058930913808,69.74462520627647,70.2413042634631,2214800
2021-06-11,70.85258483886719,72.96345228268267,70.43231913138821,72.21844110100317,1672900
2021-06-14,70.03116607666016,70.79528428196126,67.53823935865013,68.12087785057868,1697600
2021-06-15,68.32144927978516,70.17443097508975,67.59553779804155,70.031157917392,1742200
2021-06-16,65.32230377197266,69.43897247048905,65.12172438741084,67.82478391268076,3813400
2021-06-17,58.56943893432617,62.64790124483667,58.26379309808537,60.985952465725546,5560200
2021-06-18,56.02874755859375,59.26668517401259,55.952337932352066,58.62674043534562,3451500
2021-06-21,58.158721923828125,58.684050434374306,56.38215336807318,57.76711300030256,2992300
2021-06-22,57.49967575073242,58.22558366610512,56.897933945414344,57.45191927428176,2307700
2021-06-23,56.68779754638672,59.43861341294284,56.67824770912556,58.836871645099386,2583100
2021-06-24,56.85972595214844,57.939039783429955,56.49677382490215,57.67160060680943,1766700
2021-06-25,56.745113372802734,58.645851819978226,56.277091139695905,58.493028902887666,2019700
2021-06-28,55.38880920410156,56.97434829990898,54.60558767244148,56.65914899092052,2124500
2021-06-29,54.366798400878906,55.41745905795041,53.220628438379734,53.5740307220308,1660900
2021-06-30,55.49386978149414,56.17202484975234,53.92743406787845,54.290389839731155,1483600
2021-07-01,55.39835739135742,57.15582266813701,54.7297557975722,57.069859554027694,2145400
2021-07-02,56.8692741394043,57.404152442853565,55.646687352409174,56.831067505276444,2281900
2021-07-06,57.13672637939453,58.951501836739915,56.0287592409818,58.81778223024655,3321600
2021-07-07,57.32775115966797,58.08231589735289,56.43946682666383,57.94859265844798,2397300
2021-07-08,54.44322204589844,57.66205713612726,53.44032131587544,57.385068073791146,2686000
2021-07-09,56.58273696899414,56.97434589651177,54.653345487892345,54.80616839512885,2062000
2021-07-12,55.121368408203125,57.21313644325232,54.78706941079544,56.152925846351074,2026400
2021-07-13,56.36305236816406,58.330650547859705,55.159572391882485,55.21688235021423,2016300
2021-07-14,57.862632751464844,59.16162569883338,57.251337451803224,58.82732671303738,2442600
2021-07-15,58.5025749206543,58.75091077836434,57.4232610896693,57.967692923974674,1587200
2021-07-16,55.121368408203125,57.95814771952419,54.73931293167802,57.78622147983287,2657900
2021-07-19,52.81946563720703,54.414558107478925,51.654192365000135,53.688646583561095,2882600
2021-07-20,52.93408203125,54.61513761646299,52.227277467592046,53.30659127508563,2265600
2021-07-21,54.022945404052734,54.328591189467545,51.95028105039931,52.15086041390556,1587100
2021-07-22,53.382999420166016,54.21397370865297,52.1795195417913,54.21397370865297,1691700
2021-07-23,52.532928466796875,53.020050382129426,51.77836371072229,52.647544745065865,1563400
2021-07-26,53.7077522277832,54.42411030174301,52.0075968981993,52.31324271826865,1726000
2021-07-27,54.137569427490234,54.32859898166963,52.92453594857462,54.09936278793722,1517000
2021-07-28,55.74220657348633,55.81861620176988,53.21107341840211,53.48806606354883,2087600
2021-07-29,58.74135971069336,59.62009049728191,57.490119679961815,57.69070270175741,3254200
2021-07-30,58.31153869628906,59.36219925045825,57.41370467530966,57.70979697440213,1615500
2021-08-02,57.776668548583984,58.397510031047496,57.34685297236425,58.13962068531566,1613900
2021-08-03,58.70315933227539,58.83687893200493,57.22268660963491,57.64294872929715,1014000
2021-08-04,57.80531692504883,61.138771180944254,57.63339070877999,60.41285968034577,2451900
2021-08-05,55.96189880371094,57.86263736420836,55.71356291497766,57.69071111678303,1898600
2021-08-06,52.561580657958984,53.39255867997416,51.42496044738111,53.096462686011606,4167400
2021-08-09,50.0877571105957,52.074458659638054,49.94448767654608,51.10976104320966,3709200
2021-08-10,48.81740951538086,50.16416238459919,48.492660415675054,49.71524354699803,2940400
2021-08-11,50.66084671020508,51.43451114163886,49.90628195546097,50.04000155380331,2990100
2021-08-12,49.18037414550781,50.106861498245465,48.387602747914386,50.106861498245465,2342100
2021-08-13,51.12886047363281,51.596882667197,50.135513418263756,50.47936221997683,2485100
2021-08-16,50.67039489746094,51.53957590194979,50.030450085222036,51.3007898716662,1695500
2021-08-17,49.36184310913086,50.67994287330433,48.655034933100076,50.21192070161587,1995500
2021-08-18,47.02174377441406,49.70570001673093,46.33403885400021,49.70570001673093,4309300
2021-08-19,45.51261901855469,46.983538202086976,45.273832987279135,46.983538202086976,2959300
2021-08-20,45.121009826660156,45.98063734840745,44.67209092436565,45.04459654814804,2107000
2021-08-23,48.846065521240234,49.495563758578946,46.591925008545324,47.37514282823283,3274900
2021-08-24,48.893829345703125,49.60063764328357,48.4640173788405,49.58153432242076,1277600
2021-08-25,47.53752136230469,48.35894585517517,46.6874437129433,48.215672785549664,2572300
2021-08-26,46.91667938232422,48.09150624344714,46.5919302272799,46.8402697453886,1693000
2021-08-27,50.364749908447266,50.60353594270517,46.30538732606286,46.63013647839704,3411500
2021-08-30,48.96068572998047,50.52712513913668,48.61683690920464,50.29788894836715,2271300
2021-08-31,50.14506530761719,50.28833838021605,48.94158534341204,49.1803713686864,1701300
2021-09-01,49.6292839050293,50.870970439848335,49.46691116564171,50.737250855979646,1903200
2021-09-02,49.92538070678711,49.92538070678711,48.93203000488564,49.67704120951902,1465200
2021-09-03,52.341896057128906,52.99139433792917,51.05245297695562,51.38675195519741,2928500
2021-09-07,49.400054931640625,51.57778235397203,48.9606858683891,50.9473873820558,2226900
2021-09-08,48.96068572998047,49.7439072563514,47.89092534142251,49.189921920749995,2113900
2021-09-09,48.196571350097656,49.79166392282427,47.480213261147625,49.79166392282427,2894600
2021-09-10,46.86892318725586,48.597735411857364,46.81161322651822,48.177469653619546,2303800
2021-09-13,48.57863235473633,49.41916023217887,47.06950283940962,47.384702159795246,2530300
2021-09-14,49.1230583190918,50.087752197304106,48.19656743339381,49.18991811047357,2395400
2021-09-15,49.13261413574219,49.78211245413913,48.13926698135786,48.225230101251164,1461600
2021-09-16,45.02548599243164,46.91667060864442,43.94617229021238,46.91667060864442,5278700
2021-09-17,43.93663024902344,44.47151227678936,43.27758210697895,44.47151227678936,2629500
2021-09-20,43.611881256103516,43.89842376918563,42.475261041990656,43.36354538305522,2676800
2021-09-21,43.745601654052734,45.26428100915433,43.4399558153543,44.395099972183345,2615400
2021-09-22,43.697837829589844,45.818258667268026,43.59277140702594,44.098996559104535,3752600
2021-09-23,41.997684478759766,43.19161452517813,41.93082468764717,43.11520125328639,3161000
2021-09-24,41.37683868408203,42.24601959715135,40.97567994432017,41.367288847052826,2050000
2021-09-27,41.30043029785156,42.88596927405909,41.21446718766502,41.606076102162504,2651800
2021-09-28,40.52676773071289,40.86106673530374,39.380593989337896,40.11605544302363,4729600
2021-09-29,39.1513557434082,40.62227479365282,38.99853284298336,40.2879758375939,3963200
2021-09-30,40.74644470214844,42.007234546602,39.733990705535874,40.30707931711454,4247700
2021-10-01,40.35484313964844,41.329090677528264,39.74355142417546,41.1953710702168,2816000
2021-10-04,41.25267791748047,41.892626445244204,40.01099114913996,40.01099114913996,2494100
2021-10-05,41.586978912353516,41.75890515806227,39.89637325860804,40.78465764690797,2240400
2021-10-06,43.086544036865234,43.124750669209824,40.76554395391409,40.98522662451796,2874800
2021-10-07,43.36354446411133,44.10855571105397,42.20781731088757,42.42750002104794,1941200
2021-10-08,44.0225944519043,46.018845890767196,43.81246157089163,45.24517780997258,2960700
2021-10-11,43.7838020324707,45.23562138043012,43.60232598032026,44.14675778035688,1522300
2021-10-12,45.41709899902344,45.74184812284113,43.697840432053184,44.32823536139512,2749600
2021-10-13,48.425804138183594,48.826962890879486,46.123907119887285,46.16211375640653,2963300
2021-10-14,50.488914489746094,50.66084070827074,49.11350474154893,49.66749003314731,1937700
2021-10-15,49.466915130615234,50.05910346817946,47.442006961316416,48.08195542002082,2086000
2021-10-18,48.50221633911133,49.45736044121961,48.015094450213766,49.05620166725522,1427200
2021-10-19,49.29498291015625,50.517566076291786,48.75055111626244,50.47935944145374,1496200
2021-10-20,50.47936248779297,51.329443768106785,49.63883833214328,50.47936248779297,1951700
2021-10-21,50.12596130371094,50.145064622702236,49.31409028630141,50.09730814701677,1404400
2021-10-22,50.785011291503906,53.71730710239725,50.336096031150824,51.62553914028743,3022900
2021-10-25,52.418304443359375,53.01049271109932,51.62553316380399,52.23682474903042,1647000
2021-10-26,51.76881408691406,51.99804664440209,50.87097624659285,51.30079184636515,1660500
2021-10-27,51.195716857910156,52.07445123112141,50.67038838749586,51.568226077905756,1475700
2021-10-28,49.61018371582031,51.272136068860696,49.28543457297727,50.97604008334376,2130100
2021-10-29,46.8975715637207,48.444907553584294,46.830711771470654,47.88137241634431,2030100
2021-11-01,47.174560546875,47.74764912051158,45.99018405314596,47.16501071026103,1282500
2021-11-02,46.29582595825195,46.71608796219199,45.53170792405577,46.71608796219199,1628700
2021-11-03,47.413352966308594,47.67124231285205,44.65298707552271,45.10190597249675,2000800
2021-11-04,47.02174377441406,49.73435317388631,46.754304591402274,48.69324595540893,2978100
2021-11-05,49.90627670288086,49.90627670288086,47.231874086754566,47.9482321255519,2323800
2021-11-08,50.46025848388672,51.09065336833596,49.61973075675935,50.91872715952388,1780400
2021-11-09,51.67329406738281,51.67329406738281,49.342743787935845,50.622637020615585,1929200
2021-11-10,53.56448745727539,55.27419277334901,52.88633231916061,54.13757250884625,3730500
2021-11-11,55.93323516845703,56.3534972259087,54.758408460130184,55.90457837019569,2434000
2021-11-12,56.3535041809082,56.945692526673064,54.40500926358232,55.16912384579275,2135200
2021-11-15,56.69735336303711,56.93613938384264,55.17867412497056,56.21022784018595,1530200
2021-11-16,54.69154739379883,57.17492414146142,54.56738128910478,56.32484650914852,1946100
2021-11-17,55.63713836669922,56.75465510514377,55.03539662252933,55.78996126196305,1735900
2021-11-18,54.500518798828125,55.847271714018184,54.06114978287397,55.14046353985431,1505700
2021-11-19,52.62843322753906,54.96853676892733,52.56157343866385,54.14711234150583,1942500
2021-11-22,50.527130126953125,51.998049440078404,49.10396365198733,50.622643090444086,2715700
2021-11-23,48.96068572998047,49.90628000697451,47.91002866095211,48.998892369039666,2827200
2021-11-24,48.75055694580078,49.33319544420391,48.005542051711785,48.072405492466444,1502600
2021-11-26,47.82406234741211,49.868070033806205,46.37224295250009,49.868070033806205,2274200
2021-11-29,47.81452178955078,47.92913807772348,46.48686824024038,47.613938730765916,1619600
2021-11-30,46.90713119506836,50.508025185701165,46.400905946346526,48.626389987869615,4087700
2021-12-01,44.0608024597168,48.884279885552814,43.97483933696152,47.99599549827693,2801100
2021-12-02,42.9719352722168,44.08945213616023,41.892621403690654,44.06079897870085,3391700
2021-12-03,43.478153228759766,43.688286064613315,41.75889484006128,43.000581251699906,3131300
2021-12-06,44.729393005371094,45.082795247283165,42.98147782490418,43.18205718029333,1967300
2021-12-07,45.52217102050781,46.14301618877017,44.76760625134854,44.87267269307779,1867000
2021-12-08,45.932884216308594,45.932884216308594,44.67209417772381,45.054149667351545,1541700
2021-12-09,43.5927734375,44.996836343370546,43.03879178852121,44.84401344259171,2160400
2021-12-10,43.01013946533203,44.21362312233814,42.41795111863856,44.21362312233814,1903500
2021-12-13,42.9719352722168,43.99393918223854,42.59942600731668,43.37309405099065,1869500
2021-12-14,41.930824279785156,43.10565099680303,41.55831504831434,41.55831504831434,2325500
2021-12-15,40.65093994140625,41.6442871763904,38.51141525245388,41.62518749805175,4916300
2021-12-16,44.90132141113281,44.94908152980286,41.84486328269567,41.84486328269567,3688300
2021-12-17,44.63389205932617,46.43911417736867,44.45241595662936,45.197427333958316,2743500
2021-12-20,44.70074462890625,44.73895126862975,43.36354503085526,44.309135680704685,2215100
2021-12-21,45.216514587402344,45.579470307391325,44.01303481760783,45.56036699122506,2513000
2021-12-22,46.314937591552734,46.343590747726466,44.261376382107684,45.46485630801551,2024900
2021-12-23,46.658782958984375,46.945329073953374,45.31203006425388,46.14300796792764,2116200
2021-12-27,46.86892318725586,47.21277566451015,45.90422919814646,46.60148399098509,1486800
2021-12-28,46.05705261230469,47.728554894161284,45.99974265095014,46.78296057153322,1649700
2021-12-29,46.47731018066406,47.35604461746362,45.283380096241345,45.283380096241345,1613600
2021-12-30,48.04375076293945,48.21567700409825,46.343595315464476,46.343595315464476,1598000
2021-12-31,48.846065521240234,48.97978510358902,47.910024801213346,48.68369278369823,2185400
2022-01-03,46.49641799926758,47.30828907781545,46.33404159740651,46.93578343839735,2135000
2022-01-04,46.92623519897461,48.320744845601,46.63969266993419,46.91668171664123,1766100
2022-01-05,45.2642822265625,48.76010978883558,45.1305626239837,47.74765928726129,2742500
2022-01-06,42.064544677734375,43.89841949789345,41.99768488597349,43.2584747357292,3553400
2022-01-07,42.75224685668945,43.21071921542929,41.62518020917585,42.599423951637995,2555000
2022-01-10,44.18496322631836,44.25182666354595,41.73979673064044,42.25557540466706,2454800
2022-01-11,46.05705261230469,46.05705261230469,43.82201512967872,44.43330680978397,2361700
2022-01-12,47.718997955322266,47.718997955322266,45.78005661477526,46.33403829339488,2370600
2022-01-13,46.32448959350586,47.77630908603776,46.24807631535835,47.107707476589624,1763400
2022-01-14,45.53171920776367,46.48686334362868,44.748501307841224,46.48686334362868,2343400
2022-01-18,44.50015640258789,45.971078947697364,44.02258443159793,44.84400880467426,1966500
2022-01-19,50.794559478759766,51.138411910312165,45.3502378142124,45.493510875221,4748900
2022-01-20,49.371395111083984,51.921631643953255,49.28543200000782,51.692395466555006,2643200
2022-01-21,47.279632568359375,50.12596152615357,46.67789077001266,50.07820505025617,2877900
2022-01-24,46.505958557128906,46.93577407206422,43.573666862637566,46.849810969077154,3056500
2022-01-25,47.184120178222656,47.67124206791143,44.79625991907344,45.49351467751474,3457700
2022-01-26,44.27092742919922,47.92913106886045,43.42084976602181,46.18121562279721,3802400
2022-01-27,41.539222717285156,44.08945597352984,41.30043666811232,42.02634465441993,3677700
2022-01-28,40.393043518066406,40.54586642323282,39.151356958141086,40.54586642323282,3886600
2022-01-31,42.83821487426758,42.914628157336765,40.89927336121049,41.02344312440498,2668700
2022-02-01,43.65009307861328,44.26138481738859,42.331992989637676,43.83156917494152,2507900
2022-02-02,44.07990264892578,45.178316202107325,42.94327881285165,44.00348937031194,2405200
2022-02-03,43.01969528198242,44.09900559555658,42.026344447845446,43.36354777407491,2874800
2022-02-04,43.32533645629883,44.2613772262083,42.121852863854116,42.331985729363474,1776100
2022-02-07,45.94242858886719,46.32448767662406,43.392195655384384,43.93662748710735,2789900
2022-02-08,46.9835319519043,46.9835319519043,45.45530301247414,45.70363884878709,1948900
2022-02-09,46.87847137451172,47.900475208929166,46.56327209143335,47.241423487432705,2288300
2022-02-10,44.11810302734375,47.604380320185506,43.6691877946691,46.17166422344267,3758000
2022-02-11,49.1230583190918,50.07820236007186,44.204065050610296,44.242271686709984,5237700
2022-02-14,51.06200408935547,51.22438048540141,49.33319555360147,49.50512178772743,4545600
2022-02-15,49.25678253173828,49.60063500178512,47.117261719246834,48.40670483833677,3174400
2022-02-16,52.5042724609375,52.79081496286432,49.80121290294198,49.829866060058976,4916700
2022-02-17,56.3917121887207,57.279996550706585,53.12511726060808,53.9178886638456,5767700
2022-02-18,55.34104537963867,56.42991266579609,54.33814484798475,56.40125586643311,3274600
2022-02-22,54.261741638183594,56.82152830662875,53.42121374793355,55.97144693426556,2991500
2022-02-23,56.09560775756836,56.95523883147308,53.74595434700917,53.965637033988095,2836300
2022-02-24,53.97519302368164,60.317353088759134,51.81656889943584,60.317353088759134,6314800
2022-02-25,54.91123580932617,55.188224828682316,51.95984040011086,52.733504787766975,3348200
2022-02-28,54.901676177978516,57.20357305107041,53.975185340549835,57.20357305107041,3550800
2022-03-01,59.50547790527344,59.58189118374061,55.9045841381853,56.038303731917196,5082000
2022-03-02,59.14252471923828,59.438620720934495,56.53498159609914,57.958147999625055,3568300
2022-03-03,59.99260711669922,60.06901675625524,57.881735714727775,58.91329317562813,2451200
2022-03-04,64.7301025390625,65.39870767898725,60.66119089927875,60.98593998929604,4700600
2022-03-07,68.1972885131836,68.67486055138912,64.07106639457467,65.52288218436424,5719600
2022-03-08,68.99006652832031,74.8164445013717,66.36342006375706,69.79238413238085,8111400
2022-03-09,67.34721374511719,67.82478580372384,61.75006863527359,62.523733038321545,3255700
2022-03-10,70.06936645507812,71.39701607060809,67.97759870251956,67.97759870251956,3500800
2022-03-11,67.82478332519531,68.64620781895505,65.2649968931194,66.00045463014234,3006100
2022-03-14,62.227638244628906,65.07396352107853,60.52747930526848,64.6632512753554,3502100
2022-03-15,62.74342346191406,64.17613973067687,58.6076474171642,58.95149990464102,2332400
2022-03-16,62.982215881347656,63.51709434392763,59.83979033934527,61.82649218203163,3338100
2022-03-17,65.51333618164062,67.74837736490481,64.40537271585698,64.57729896072345,2220000
2022-03-18,64.0328598022461,66.08642102541327,62.90578949979882,63.95644652715824,1788700
2022-03-21,67.13706970214844,68.4074129155852,64.61549023525583,64.69190350083926,2594700
2022-03-22,65.48468780517578,67.1657437347504,63.84183852027018,67.1657437347504,1892200
2022-03-23,68.9614028930664,69.12378293252645,65.92404428483117,66.58309606281291,3025300
2022-03-24,68.56977844238281,71.25373035155093,67.96804043520532,70.24128019393406,2518400
2022-03-25,68.91365814208984,69.00917110833475,66.79323677046058,67.45228862574325,1515400
2022-03-28,65.23634338378906,67.29945080109073,64.86383777667666,66.84098572487746,2211700
2022-03-29,67.07976531982422,67.2230310879382,61.70230001672394,62.50462475401368,2213800
2022-03-30,68.73217010498047,69.32436208366028,67.08932105014146,67.08932105014146,1882100
2022-03-31,67.63375091552734,70.20309085843135,67.45227849307443,68.9136477898944,2115300
2022-04-01,71.59760284423828,71.66446264160292,66.47802974349207,66.64995597773995,2528800
2022-04-04,70.29859924316406,72.65780616631895,68.50293108778021,72.40946667778405,2403600
2022-04-05,67.15618133544922,72.87749991128943,66.47802987875043,71.19644420490896,2407400
2022-04-06,66.70726013183594,68.44562938132914,65.494230336907,67.03201291363473,2473300
2022-04-07,68.579345703125,69.70641597358318,66.77412403164455,67.19438245835772,2769600
2022-04-08,71.95099639892578,72.56228795156883,69.43896311533719,69.43896311533719,2690100
2022-04-11,71.38746643066406,74.62540427580028,69.6204513417846,73.97590601053328,2373800
2022-04-12,72.5145263671875,75.14117220911713,71.28238980687648,73.33595074072818,2653000
2022-04-13,75.78113555908203,76.41153421419156,73.1544890704692,74.26245981441743,2205200
2022-04-14,76.23004913330078,76.66941454970592,73.73712242171963,75.06477215244875,1913800
2022-04-18,76.36378479003906,79.1432582343646,76.2014120060045,78.06394778574496,2846500
2022-04-19,71.9701156616211,75.4181868856007,70.94811163569074,74.18604996490805,3037100
2022-04-20,73.52699279785156,73.86129176074766,70.39411416610443,71.50208477132675,2679300
2022-04-21,66.29655456542969,71.63580651302503,64.73966504009046,71.40657397259126,4437900
2022-04-22,61.998409271240234,64.90204102755001,61.30115084666603,62.695660408643,3412100
2022-04-25,57.81487274169922,59.457721803254636,55.15957323916394,57.2417877239214,4380200
2022-04-26,55.31239318847656,58.93239010397824,55.264636713486,58.58853765430936,2853800
2022-04-27,54.72020721435547,56.80242167622059,54.557830820166025,55.40790849941097,3352000
2022-04-28,56.802425384521484,57.222687510802196,54.22353537734206,55.130923074407065,3305400
2022-04-29,55.66579818725586,59.08521588820972,55.53207859333443,58.15872492520315,4101800
2022-05-02,54.19487762451172,54.548279919920965,51.51092140235301,52.752607998763395,5804400
2022-05-03,55.89503860473633,57.041212364912965,54.54828543851491,54.68200504254476,3895900
2022-05-04,58.005897521972656,58.47391970805834,54.357247554869744,55.780413787706664,5790600
2022-05-05,54.23308181762695,59.31444823048345,52.657096210138015,59.075662201144006,4297500
2022-05-06,53.22063446044922,54.56738759800168,52.294143447127965,53.71730986740567,3800400
2022-05-09,46.83071517944336,50.91873450305903,46.67789226552408,50.25968272636877,3707800
2022-05-10,45.2642822265625,48.80786626924431,44.14676528193747,48.00554501018561,3852900
2022-05-11,45.07324981689453,48.50221736148563,45.006390019824465,46.620585918307754,4900200
2022-05-12,40.96612548828125,43.650081434157656,39.45699986621478,43.26802237755123,4820900
2022-05-13,42.59942626953125,43.516367393317495,40.76555130913009,41.02344065860881,2657100
2022-05-16,43.611881256103516,43.879320449168716,42.446604240172434,42.513464038438734,2487100
2022-05-17,43.755157470703125,44.97774089073106,43.13431227820307,44.79626480294129,2479800
2022-05-18,41.65382766723633,43.88886462511398,41.539211415022976,43.497255756765476,1822000
2022-05-19,46.181217193603516,46.79251249695933,43.74560039263821,43.7742571941551,2345100
2022-05-20,45.92333221435547,46.46776408520841,44.481062515819204,46.36269764634455,1554800
2022-05-23,46.429561614990234,48.16792382254202,45.493520706584356,47.57573541999669,1889800
2022-05-24,47.9100227355957,48.51176447380681,45.79915537704659,46.65878278804869,2343100
2022-05-25,47.413352966308594,47.69989547016167,46.01884344226084,46.677891565481474,1596200
2022-05-26,46.87847137451172,48.06284794730139,46.17166317958727,46.88802121176317,1453000
2022-05-27,47.19366455078125,47.9100225455676,46.410446767968324,47.56617012509652,1570200
2022-05-31,44.97773361206055,48.368494272288586,44.41419847491498,46.96443134810201,1549300
2022-06-01,45.636783599853516,46.50596457878315,44.54791991675326,45.818263309427266,1760000
2022-06-02,49.619747161865234,50.040009342581946,46.849827231742935,46.9931003343165,2224300
2022-06-03,47.23186492919922,49.29497553518569,46.945322497953676,48.26341841040011,1405400
2022-06-06,46.2767333984375,48.36849771206529,45.483962028961834,48.10105852409069,1289900
2022-06-07,47.07905197143555,47.47066089344948,45.79915877497299,45.999738154729656,1445200
2022-06-08,46.505958557128906,47.52796231287227,45.94242346945485,46.515512037230295,1216900
2022-06-09,43.00058364868164,46.07614851833557,42.89551722489815,45.75139941008897,1693200
2022-06-10,46.97399139404297,47.62348973249483,40.918377104537726,41.81621132835722,4152800
2022-06-13,41.07120132446289,44.079907064968424,40.92792823450128,43.17251933024564,3064600
2022-06-14,38.85526657104492,41.16671379942282,38.06249513156236,41.16671379942282,2717200
2022-06-15,39.982330322265625,41.26222348880816,37.92876916728065,40.67958503815729,4452900
2022-06-16,41.625179290771484,42.25557421564811,38.16755521944373,39.32327864111998,3532200
2022-06-17,40.60317611694336,41.69204350597079,39.97278112518315,41.46280730733718,1637600
2022-06-21,40.96612548828125,42.121848851317154,40.096944595907566,40.507656806504656,1753700
2022-06-22,39.867713928222656,42.198264079711365,39.819953811240026,40.91837091730383,2611900
2022-06-23,36.70618438720703,40.40259066469864,35.989826383777675,39.45700014057962,2973600
2022-06-24,38.62602996826172,38.87436949958943,36.15220635528095,37.059594070050444,2776300
2022-06-27,38.28217315673828,38.3776860990243,37.03093320871426,37.97652372553557,2177600
2022-06-28,36.54381561279297,38.87436980059413,36.419649489753645,38.692890070083465,2168100
2022-06-29,35.416744232177734,37.52761177432987,34.80544896042016,37.20286264141527,2425300
2022-06-30,32.809200286865234,35.3498835949744,32.665930849679164,34.94872479855044,2799800
2022-07-01,34.62397384643555,35.13975253819472,31.481548862877816,31.67257841281665,3925500
2022-07-05,31.7585391998291,34.06998601823405,30.478646045731676,33.506454534785775,3860300
2022-07-06,31.233213424682617,32.18835754382529,29.561711216182935,31.768091799507694,3303300
2022-07-07,32.17880630493164,33.19126045347683,31.481551486592508,31.834957458687644,3624000
2022-07-08,31.892257690429688,33.19125411802232,31.3478258999806,32.37938317256953,2435100
2022-07-11,31.013525009155273,32.150144990147695,30.793842339396317,31.051727997767927,2679800
2022-07-12,30.010629653930664,31.55796399852768,29.762291953104334,30.984875314965763,2799100
2022-07-13,31.338279724121094,32.570412863317706,29.494849468933758,29.752738817208115,4539300
2022-07-14,28.58746337890625,29.112791908394296,26.868202895340925,28.893109201284226,5084200
2022-07-15,28.367780685424805,29.103240262702844,27.422186417023546,29.103240262702844,3408100
2022-07-18,28.702077865600586,30.106140779755794,28.692528028314154,29.38023108587673,3784700
2022-07-19,29.322921752929688,29.98196980627831,28.654320219100303,29.265611800800805,4029700
2022-07-20,27.613218307495117,29.924667313498528,27.594114986519916,29.57126316262916,3946900
2022-07-21,28.702077865600586,29.036378646199097,27.555906102996296,27.976169993514215,4622700
2022-07-22,28.004823684692383,30.478646957935943,27.71828119400791,29.055482520189983,5909500
2022-07-25,26.13274574279785,27.976174329550098,25.674275144904943,27.80424808306438,5748000
2022-07-26,27.212055206298828,27.393533095506942,26.33332256091322,26.352425880154666,3393400
2022-07-27,28.100339889526367,28.453744013078573,26.60076392295245,27.32667366776261,4652300
2022-07-28,29.160551071166992,29.99152544766557,28.472846128638118,29.743187754173796,6015600
2022-07-29,29.73363494873047,30.048832427982283,28.138544233294247,29.552158881925912,4993600
2022-08-01,29.71453285217285,30.325824479173054,29.11279106277587,30.029730325068925,3434300
2022-08-02,28.902658462524414,31.290516707148587,28.88355514476284,29.92466227946399,4795300
2022-08-03,28.033479690551758,29.3133729298931,27.5845607977454,29.3133729298931,4558700
2022-08-04,30.07748794555664,30.851154168162783,28.320022629216957,28.654323433634595,5389600
2022-08-05,29.704980850219727,29.781392302713574,27.86155250928877,28.644770352798915,4367100
2022-08-08,31.338279724121094,32.0355344908248,30.755641231010774,30.87025750460416,4497800
2022-08-09,31.261865615844727,31.834954255764615,30.153898617635598,31.73943766065186,3049700
2022-08-10,31.6821231842041,32.68502725010562,31.06128180066771,32.035529070330455,3756900
2022-08-11,30.478647232055664,32.264765628852174,30.364030963468124,31.997326454286092,2734800
2022-08-12,31.729888916015625,31.91136498760332,30.698331514774406,30.927567707356566,2627900
2022-08-15,30.497751235961914,30.66967746449873,29.724085029339033,30.34492832654981,2524700
2022-08-16,30.621923446655273,30.7651928862132,29.733637253976948,30.153901199493326,2286800
2022-08-17,28.482398986816406,30.17300461259791,28.30092108359307,30.077489830807053,3946000
2022-08-18,28.59701156616211,29.074583561086293,28.205402676067685,28.644768036937492,2537700
2022-08-19,27.336227416992188,28.243613301017497,27.145197850990563,28.214960141372327,2809300
2022-08-22,27.374425888061523,27.58455690449245,26.476590050961125,26.66761957265654,2976700
2022-08-23,28.234060287475586,29.38978564499289,27.50815052196738,27.55590882207554,4248800
2022-08-24,28.788040161132812,28.854899951002576,27.37442744968098,27.957065884476286,2743200
2022-08-25,29.189205169677734,29.380234731377755,28.377332265142034,29.342028090320582,2505000
2022-08-26,26.43838882446289,29.30382110766116,25.97036843682231,28.92176383425995,5535600
2022-08-29,25.817548751831055,26.95416905442876,25.597864198120135,26.199606072947635,3649900
2022-08-30,24.71912956237793,25.807995121711848,24.337072270415533,25.78889180166551,3514100
2022-08-31,24.136493682861328,25.024778055014476,24.126942022518584,24.652270588819103,4445300
2022-09-01,22.646465301513672,23.47744145413992,22.436334259395576,23.210000455431903,5943700
2022-09-02,24.060081481933594,24.852851048070224,22.999870899804137,23.58250941024182,4369400
2022-09-06,23.401031494140625,24.948365806770628,23.267311897147827,24.17469773955919,3474800
2022-09-07,25.053424835205078,25.445033700582474,23.018969066824756,23.315063174887367,4242500
2022-09-08,25.196699142456055,25.483243449451816,24.184246963373493,24.661818986573735,3623900
2022-09-09,26.64851951599121,26.753585947955518,25.83664668215964,25.97991975185379,3479000
2022-09-12,27.4030818939209,27.976168658777553,27.049677812024974,27.81379410576471,3299000
2022-09-13,25.21580696105957,26.71538309006157,25.043880710535745,25.406836533151157,3535000
2022-09-14,25.31131935119629,26.151845380892446,25.177599756465565,25.578760362450577,3122300
2022-09-15,23.80219078063965,25.330421688033063,23.324618735941254,24.852849643334668,4784000
2022-09-16,24.232006072998047,24.871952678461174,22.59870875143997,23.009420996679506,5300800
2022-09-19,25.129838943481445,25.139390602405793,23.334168966935028,23.611159788570507,3345600
2022-09-20,23.77353286743164,24.356171273014628,23.248204411828738,24.327516298024587,3581300
2022-09-21,23.888153076171875,25.24445770952861,23.02852378951878,24.308416971212857,4983600
2022-09-22,23.68757438659668,24.747784984812277,23.362825227175556,24.16514646553446,3331700
2022-09-23,21.16599464416504,22.35037319538231,20.650217740118723,22.264410074409106,5419600
2022-09-26,20.067575454711914,21.30926191337831,19.38942227427036,20.91765302310079,3753000
2022-09-27,20.249055862426758,21.33791956494499,20.20129756384704,20.745729415106155,4362300
2022-09-28,23.16224479675293,23.16224479675293,21.16599344996977,21.175545109738206,5383700
2022-09-29,23.353273391723633,23.467889660663285,22.06382852449969,22.866149694248243,4958200
2022-09-30,24.184249877929688,25.072534239620243,23.038077977194224,23.267312357341318,4777600
2022-10-03,26.04677963256836,26.10408776756064,24.594960186283682,25.015224093743512,4105800
2022-10-04,27.498598098754883,28.30091742542902,26.667621972916837,27.021026073324276,5306900
2022-10-05,26.763137817382812,26.763137817382812,25.311318364526855,26.342873908020767,3664000
2022-10-06,27.30756950378418,27.37442929816872,26.027676285645704,26.371528738815073,3804100
2022-10-07,24.642719268798828,26.830000329085482,24.623617769642472,26.237810132207436,4341200
2022-10-10,23.869050979614258,24.92926151977221,23.668471591904808,23.869050979614258,3890800
2022-10-11,23.4678897857666,24.99612068018643,23.334170197359924,23.94546182641075,4744500
2022-10-12,23.7830867767334,24.184247355599428,23.13358852316052,23.572955738962705,4237400
2022-10-13,23.362821578979492,23.553851109441755,20.841241978916276,22.063826965931003,3759400
2022-10-14,21.385677337646484,22.952115011919766,21.261509397400594,22.818393589586204,3265300
2022-10-17,22.62735939025879,23.248202557859027,22.493638006095,22.608256075122192,4521300
2022-10-18,22.92345428466797,23.39147459103151,22.388574194794273,23.295959833820234,2600600
2022-10-19,21.61490821838379,22.283509756379708,21.337917401871852,22.063827070561167,3499600
2022-10-20,22.130691528320312,23.238658671671406,21.55760463511971,21.767737528309304,3753200
2022-10-21,24.27021026611328,24.308416902733335,22.10203282632834,22.350370498980567,6612000
2022-10-24,23.50609588623047,23.792638375350727,22.617811619447867,23.639815471580892,4391500
2022-10-25,24.423032760620117,24.709577065100966,23.658918258923205,23.811741159262585,4809000
2022-10-26,25.817548751831055,26.38108398365039,24.910161020110287,24.910161020110287,4475500
2022-10-27,25.273113250732422,26.32377217660696,25.196701791857524,26.104089460065733,2919300
2022-10-28,24.967466354370117,25.034326150320684,24.06963220618706,24.537652599633837,2836100
2022-10-31,23.878602981567383,24.60451273082217,23.79263986509031,24.203352127860125,3774600
2022-11-01,24.85284996032715,25.645619491766368,24.661820411294144,25.129840802452932,3711100
2022-11-02,22.05428123474121,25.47369763214285,21.949214782569072,25.292219711607277,6410400
2022-11-03,20.97496223449707,21.681770426956437,20.72662638738642,21.4620859132929,4976600
2022-11-04,25.11073875427246,25.120288591901154,22.894802956900598,22.90435461632205,7222500
2022-11-07,25.445035934448242,25.655168783347207,24.480340262282223,25.37817614499589,2887400
2022-11-08,28.405986785888672,29.11279323786306,25.26356348154587,25.483246198688,8144700
2022-11-09,27.70873260498047,29.29427178227621,27.469946562354085,28.186304690233232,4393300
2022-11-10,31.79674530029297,31.978221352402453,29.886457260291017,30.774741490378748,6409800
2022-11-11,31.987777709960938,32.0355341865391,30.89891036861648,31.892261113218996,4046900
2022-11-14,31.61526870727539,32.121497565194474,30.99442721949743,31.366932840881336,3142100
2022-11-15,30.956220626831055,32.369833480048484,30.306722337030394,32.31252716503326,4138000
2022-11-16,30.287616729736328,31.233210935504708,30.220756938211686,30.4213381345783,2495700
2022-11-17,29.303821563720703,29.666775523652365,28.702079754680117,29.23696176755904,2174400
2022-11-18,29.800495147705078,29.905559754594012,28.87400425142383,29.179650056542002,2478800
2022-11-21,29.447092056274414,29.590363304610378,28.511051290567174,29.447092056274414,1783400
2022-11-22,31.672576904296875,31.73943669705319,29.81959691659907,29.915111687019255,3240100
2022-11-23,32.732791900634766,32.914267985443594,31.13769920515638,31.834957671747933,3284800
2022-11-25,32.255210876464844,32.69457620875743,31.882705327626127,32.398480279472466,1200100
2022-11-28,29.5426082611084,31.987778547976465,29.43754182373254,31.987778547976465,3390700
2022-11-29,31.338279724121094,31.701231864431097,30.411788766644968,30.526405040238355,2822400
2022-11-30,33.44914245605469,33.8025447067522,31.214105407854138,32.274315803531785,3679300
2022-12-01,35.64598083496094,36.19996621339289,34.27057451476321,34.9487260143588,2986300
2022-12-02,35.24481964111328,35.56001530744098,33.57331742373013,33.97447620698096,2040000
2022-12-05,32.92381286621094,34.6335177542802,32.57996046391344,34.6335177542802,3565400
2022-12-06,32.809200286865234,34.366086280670665,32.627724208995225,33.621075005262846,3027600
2022-12-07,34.00313186645508,34.79590329680409,33.23901723957925,33.26767404305243,3315100
2022-12-08,34.11774444580078,35.044231637296626,33.716582075841465,34.67172606463915,2719800
2022-12-09,33.33453369140625,35.65553436480005,33.200810444182146,34.815006457321054,3472300
2022-12-12,33.04798126220703,33.07663806012214,31.80629477891444,32.69457899899277,2644300
2022-12-13,34.900962829589844,36.40053862648708,34.155948027786565,35.43584114068579,3808600
2022-12-14,34.652626037597656,35.28302098431123,33.29632319365668,34.977375170364375,3599600
2022-12-15,31.58661651611328,33.000229410459895,31.414690278894096,32.6181739394284,4113900
2022-12-16,31.987777709960938,32.4653497629138,30.994426965358418,31.538858814237845,2925600
2022-12-19,31.051734924316406,32.541761120131895,30.774745888059478,32.111945520994176,2712500
2022-12-20,33.44772720336914,33.83262773744773,32.03322563259992,32.04284649414429,4250300
2022-12-21,34.207908630371094,34.75638958391101,33.832632574863155,33.98659207637113,2405300
2022-12-22,33.46697235107422,33.515087670492925,31.97548921618205,33.10132088413991,3278300
2022-12-23,33.83262252807617,34.51581738372152,32.543210709338425,33.72677471396828,2664400
2022-12-27,35.45882797241211,36.2959861543383,33.707537368317894,34.38111152466578,2568100
2022-12-28,33.30339431762695,34.881479997804426,32.87038210765539,34.69865425167588,2218600
2022-12-29,33.58245086669922,34.44847171467791,33.31301897717956,34.053950249661305,1931400
2022-12-30,33.16867446899414,33.6882853601268,32.54321208858442,33.4958387852467,2502000
2023-01-03,35.352989196777344,36.3152370895829,34.47734376115166,34.62167874266185,3500300
2023-01-04,38.384063720703125,38.788209700889375,36.555795123784776,36.84446872638409,4061800
2023-01-05,37.912567138671875,37.912567138671875,36.21900885009627,37.075408857879545,2790300
2023-01-06,39.808189392089844,40.23158076198863,37.78747053448112,39.11537349070957,3124300
2023-01-09,39.317440032958984,40.982128046734765,39.15385602176203,40.924391865603454,2727800
2023-01-10,40.654972076416016,40.69346287177212,39.02877451480572,39.45216225166998,2327300
2023-01-11,40.0102653503418,41.25156222462031,39.15386172358845,41.09760272319981,2169000
2023-01-12,41.472877502441406,41.78079649580824,39.85630095192355,41.290051747218584,3477400
2023-01-13,42.65644073486328,42.935489767885755,41.328537929886004,41.395894972755244,2412500
2023-01-17,39.779319763183594,41.819283843923266,39.23083887199738,41.62683357124587,2529000
2023-01-18,39.009525299072266,41.49212262560817,38.89405292430582,41.00137788024448,2363000
2023-01-19,40.885902404785156,41.357401676266406,39.028764231062446,39.586865933933794,2601000
2023-01-20,41.84815979003906,41.95400396808637,39.79857088198495,40.23158314012091,3012800
2023-01-23,41.925132751464844,41.925132751464844,40.10648515297493,40.94363963928158,1643600
2023-01-24,42.70455551147461,42.88738125969721,40.51062817938444,41.45363418998298,1630000
2023-01-25,44.06132507324219,44.30188700921226,41.472876292966575,41.713438228936646,1991700
2023-01-26,42.810401916503906,43.830382132325624,41.83852968100607,43.772649619390016,1970700
2023-01-27,41.646080017089844,42.377390337591834,40.98213041380681,42.26191796865969,2428700
2023-01-30,40.33742141723633,41.684569651989506,40.33742141723633,41.23231206290969,1341700
2023-01-31,40.780059814453125,40.8281714668037,39.54838022431248,39.90441452721105,1518900
2023-02-01,42.743045806884766,43.29153043367151,39.90441771398586,40.808929330736,2798900
2023-02-02,39.94290542602539,43.14719243119518,39.182732437318684,42.99323292669563,3244200
2023-02-03,36.51730728149414,38.403312219576556,36.14203120072802,37.7874741720953,3235000
2023-02-06,36.16127014160156,36.63276945658923,35.68976715593024,36.44031918344413,1536400
2023-02-07,37.09465026855469,38.01840723357198,35.9688221556931,36.247871215280234,2407400
2023-02-08,36.594276428222656,37.57576945757919,36.315227403458124,37.43143451456652,1009800
2023-02-09,35.06430435180664,37.77784253231695,34.640916691468135,37.37370026617796,2225800
2023-02-10,34.69865417480469,35.4299608283825,34.09243708218751,35.08355106117268,1664100
2023-02-13,34.708274841308594,35.09317539619105,33.98658905391679,34.48695830699049,1339400
2023-02-14,34.64091873168945,35.1701542559535,33.47659984417179,34.159794860415985,2244400
2023-02-15,32.74528503417969,33.15905180064609,32.06209011119873,33.13018554692905,3215400
2023-02-16,32.50472640991211,33.053207309957315,31.2249388667012,31.869643069297467,2562700
2023-02-17,31.79267120361328,31.94663071936532,30.416656425655017,31.42701597719554,3263400
2023-02-21,31.157581329345703,32.12944988424397,30.791926178188298,31.590593525363207,2400400
2023-02-22,29.685344696044922,30.82079554684361,29.23308706001213,30.82079554684361,3496800
2023-02-23,29.358177185058594,30.050994859788464,28.982901173997643,29.762321287486472,3147400
2023-02-24,28.626869201660156,28.780828687514006,27.91480612075064,28.33819562451965,2887200
2023-02-27,29.059885025024414,29.348558638148056,28.578761112923626,28.96365987553584,2717900
2023-02-28,29.61798667907715,30.12797681666518,28.55951377723977,29.1368627996367,2393300
2023-03-01,31.18644905090332,31.532858823994374,30.214578614997126,30.3781608039188,3189100
2023-03-02,31.21531867980957,31.234564077135854,30.435898441516173,30.666839538747357,1929900
2023-03-03,32.06209182739258,32.17756051912477,31.19606746269232,31.888886954452527,2750300
2023-03-06,30.936262130737305,31.850394423719127,30.522493529428083,31.65794783825979,2250100
2023-03-07,28.299701690673828,30.291553923494085,27.953291968325388,30.099105505232895,3743100
2023-03-08,28.203479766845703,29.300443400413652,27.85707184049853,28.318950299189325,3542600
2023-03-09,27.847448348999023,29.21384012683034,27.654998079028832,28.6076230611635,3604900
2023-03-10,28.95403480529785,30.484008867278682,28.809698010559302,29.21384213703239,4812200
2023-03-13,32.92811584472656,33.34188262897582,31.35003028186126,31.600213056422362,5159600
2023-03-14,33.4381103515625,33.77489560625429,32.187188971827894,32.812647826353206,2437500
2023-03-15,33.56320571899414,34.61205601242159,32.5528462201676,34.57356521782068,3138700
2023-03-16,33.101318359375,33.82300404740774,31.5520991617554,33.82300404740774,2780300
2023-03-17,36.209381103515625,37.26785207965614,33.52470920444711,34.31375200571918,6400600
2023-03-20,37.47954559326172,37.97991479694642,36.661632912539595,37.24860454899056,3975000
2023-03-21,34.880828857421875,36.326167039284506,33.97508124434951,36.26835218876337,4050400
2023-03-22,36.07564163208008,37.55952312725745,34.91937396508577,35.054271614522754,3640000
2023-03-23,37.877498626708984,38.812148184845654,36.34543995227112,36.89466818691062,4244100
2023-03-24,38.44599533081055,39.04340072250932,37.39571615350784,38.2532828469992,2902500
2023-03-27,38.426727294921875,38.426727294921875,36.49960962863652,36.82721977893244,2518200
2023-03-28,40.14186096191406,40.363479053118354,38.137660494331406,38.83142035680585,2684800
2023-03-29,39.688987731933594,40.44056613484803,39.187936688552405,39.448098019289866,2028900
2023-03-30,40.68145751953125,41.037973279705156,39.76607583872513,40.363481321443516,2377000
2023-03-31,40.40202713012695,41.27886562895752,39.679357916507726,41.06688148340979,1725600
2023-04-03,42.02080535888672,42.656754103139114,40.03587264770593,40.748907870381935,2863100
2023-04-04,44.76694869995117,45.181279349587385,41.71246854057592,42.261696857407976,3741200
2023-04-05,45.3258056640625,46.289364439187885,44.024999112232216,45.8653962256943,3016200
2023-04-06,45.595603942871094,45.75941085676922,43.81302156195515,44.85366319615841,1919900
2023-04-10,44.46824264526367,44.52605382414682,43.55286099753202,44.28516411030614,1927500
2023-04-11,45.94247817993164,47.1083833011631,45.17163197067466,45.258352398946364,2959300
2023-04-12,46.828956604003906,47.667255413555274,45.585968535059216,47.24328718554718,2287100
2023-04-13,49.36311721801758,49.96052264888121,48.245389149457324,48.30320400109644,3174700
2023-04-14,47.19511032104492,48.53445648588255,45.23908710267214,48.12012590134765,3146100
2023-04-17,45.1619987487793,46.43389603754766,44.42005805105025,46.14482914022486,2253200
2023-04-18,45.66305160522461,47.37818511784551,45.28726425589173,45.393256313536426,1877400
2023-04-19,44.34298324584961,45.248727334086496,43.793754939323904,43.98646746413843,2068400
2023-04-20,44.4296989440918,45.88467118316704,44.14063202564407,45.05600998811433,1617200
2023-04-21,43.263790130615234,44.39115212425078,42.35804253673539,43.46613658962392,2198600
2023-04-24,43.46614074707031,43.890105322071044,42.51221585871199,42.88800322586712,1204600
2023-04-25,43.523948669433594,43.98646012206183,42.21351180593717,43.18670456406412,1813700
2023-04-26,42.49293899536133,44.73803262556151,42.25204931018199,44.554957788071775,1703500
2023-04-27,43.68775939941406,43.83229470047468,41.741370037074184,42.068980200550904,1885800
2023-04-28,43.090354919433594,43.88047291852356,42.35804810154966,43.56249671914845,1416500
2023-05-01,42.50257873535156,44.88257011841023,42.50257873535156,44.516416749704646,1435200
2023-05-02,45.961753845214844,46.08701751391,42.40621964841194,42.65674698580225,2880700
2023-05-03,46.30864715576172,47.08912759825276,45.39326536484241,45.769052789106375,2196300
2023-05-04,48.44773864746094,49.99906901114986,46.91567990219065,47.00240034723181,2967300
2023-05-05,47.53236389160156,48.17794661187154,45.28726981515925,45.68232883034917,2058400
2023-05-08,47.435997009277344,48.74643750257663,47.021666451081686,47.95631961850235,1450200
2023-05-09,47.35892105102539,48.02377536380545,46.82896071944114,47.21438574683233,1474800
2023-05-10,46.491722106933594,47.503458329563884,45.383627778152004,47.3974662506404,1761100
2023-05-11,42.71456527709961,45.52815533450066,42.618207187382616,45.479978127484806,2350600
2023-05-12,42.753108978271484,43.205982854592484,42.06898301560171,42.5507624837949,1554000
2023-05-15,43.601036071777344,44.21771312092601,43.08071343317623,43.205977107436155,1640700
2023-05-16,41.22105026245117,43.46614435618894,40.74890844040156,43.177077409427966,2459500
2023-05-17,40.469478607177734,41.26923435350597,39.939521884363785,41.17287624664875,2110900
2023-05-18,38.48453903198242,39.24575140339655,37.44389738841521,39.22647978537128,3134900
2023-05-19,39.03377151489258,40.08405091924145,38.089484183337234,38.77361383254481,2218300
2023-05-22,38.503814697265625,39.22648390859126,38.41709424487912,38.61944441757142,1635700
2023-05-23,37.9642219543457,38.52308420239944,37.55952530686463,37.90640709736684,1969700
2023-05-24,36.03710174560547,38.11838867330308,35.85402321529759,38.11838867330308,2788000
2023-05-25,34.64958190917969,35.497514886547044,34.35088096169335,35.43006604836071,2768000
2023-05-26,34.842288970947266,35.7094934336489,34.283426731628204,35.46860371353016,2193100
2023-05-30,34.447227478027344,35.21807379134967,34.15816056999212,34.92900688331444,2027600
2023-05-31,36.027462005615234,36.711587853633894,34.49540340648774,34.649572663445255,3531300
2023-06-01,38.46526336669922,39.16866448571202,36.24907898657156,36.38397662286939,3355600
2023-06-02,37.01029968261719,39.06268130637163,36.5574257930436,38.53272461098796,2303200
2023-06-05,37.357177734375,37.87750040499392,36.61523696531144,36.653780202176264,1094300
2023-06-06,37.61734390258789,37.70406435883249,36.62487564208063,37.588434633382455,1032500
2023-06-07,36.239444732666016,38.99522331209257,35.902196968877135,37.67514519423433,2513200
2023-06-08,37.328277587890625,38.06058081668195,36.96212413565201,37.30900596664797,1947100
2023-06-09,36.25872039794922,37.28972806893746,36.16236230795458,37.10664953579029,1448800
2023-06-12,36.538150787353516,36.55742240594192,35.48787514192569,36.114186205464705,1019200
2023-06-13,35.85401916503906,37.45352649660231,35.5264090525172,36.97174713558103,2012400
2023-06-14,35.75767135620117,37.07774601960652,34.890466876191525,36.55742333160073,2181200
2023-06-15,35.95037841796875,36.0370988528151,34.88082761342545,35.198800090738764,1820800
2023-06-16,36.721229553222656,37.62697357836756,35.72876508173624,36.36471379634552,2135200
2023-06-20,34.14852523803711,35.613135170461106,33.88836390046652,35.497509134547094,2692300
2023-06-21,33.66266632080078,34.17461183735603,32.71605515783799,33.498459953887945,2309600
2023-06-22,33.343902587890625,33.37287930751305,32.52285991286166,32.69672760005695,1735400
2023-06-23,33.112083435058594,34.29051936415181,32.88991994895153,33.77857757811079,1576400
2023-06-26,33.70130157470703,34.1842666386833,32.74503281148339,33.50811481217032,1529600
2023-06-27,32.70639419555664,33.93312588047744,32.10751855759082,33.865511067387644,1669300
2023-06-28,31.779098510742188,32.59047985907226,31.68250329979186,32.27172119003198,1779000
2023-06-29,32.590484619140625,32.63878038930446,30.88078598291174,31.102951315815755,2348100
2023-06-30,33.66266632080078,33.71096577905168,32.3683196929269,32.90924193664764,1918700
2023-07-03,34.8990592956543,35.150199527365096,33.80755713361565,33.971763499593614,1682600
2023-07-05,33.044471740722656,35.21781472249351,32.99617596696291,35.111561809383254,2587500
2023-07-06,31.296138763427734,32.59048532958171,30.99669908631477,32.56150491906681,2459500
2023-07-07,32.09785461425781,32.90923599087958,31.701823447378775,31.837053062693958,2263000
2023-07-10,33.469478607177734,33.662661674592414,31.711486163642217,31.82739674103719,2096800
2023-07-11,33.826873779296875,34.367795981550834,33.3922044814795,33.89448859398724,1889800
2023-07-12,37.565025329589844,37.66162056156299,35.159861166794194,35.18883789402047,3553800
2023-07-13,38.212196350097656,38.3860640640937,37.6422974397175,38.028667271584645,1723600
2023-07-14,37.65195083618164,38.71447604358702,37.52637890486281,38.18321159751907,1779500
2023-07-17,37.70024871826172,37.97071163820772,36.541135604635826,37.01443926626256,1078300
2023-07-18,39.11050796508789,39.94120468358852,38.00934465178776,38.637200636015244,2835000
2023-07-19,38.56959533691406,39.09119855840848,38.27015563167138,38.83039694766127,1051500
2023-07-20,36.3093147277832,38.21219831507423,36.203061821018366,37.91275864007616,2033700
2023-07-21,36.51215362548828,36.64738323727374,35.54622361590007,35.700772270044965,1382200
2023-07-24,36.11612319946289,36.705341106786626,35.36269895585844,36.415562834994965,945400
2023-07-25,37.062740325927734,37.38149905701795,36.05817572960838,36.09681013677859,1198200
2023-07-26,36.9081916809082,37.37183773000758,36.08715249318183,37.37183773000758,1801200
2023-07-27,33.78823471069336,36.0774880332363,33.759257986588686,36.00021554071352,3690100
2023-07-28,34.55132293701172,34.89905839092834,34.06835784762335,34.58029966326104,1700700
2023-07-31,36.09680938720703,36.88887183108318,35.082583446607686,35.101902492157244,1627800
2023-08-01,33.44049835205078,34.90871251644086,33.334245453648805,34.47404324331043,2620600
2023-08-02,31.296138763427734,33.25697581572601,31.14159008469582,33.25697581572601,3520000
2023-08-03,31.296138763427734,31.90467211327338,30.842150407582853,31.402387986211867,2499200
2023-08-04,31.83705711364746,32.41661741910961,31.470006306725672,31.885352884586524,3177000
2023-08-07,31.441022872924805,31.94330694879858,30.78419197643455,31.94330694879858,2001400
2023-08-08,30.97737693786621,31.11260655761924,29.953491583238865,30.50407142636522,2570600
2023-08-09,30.938739776611328,31.431366188715636,30.494412817061836,31.006354588510995,1538000
2023-08-10,31.044992446899414,31.93365004415237,30.610325012604758,31.527957491025994,2314800
2023-08-11,31.585918426513672,31.682509973078538,30.542713879268454,30.803513634305517,1397400
2023-08-14,30.48475456237793,30.909764337886212,30.05974662923517,30.909764337886212,1491100
2023-08-15,28.919944763183594,30.359180244454762,28.794372831253572,30.359180244454762,2746000
2023-08-16,28.253454208374023,28.977901752178486,28.147201312392447,28.919946464536434,1957400
2023-08-17,27.741512298583984,28.4369831619779,27.37445966474369,28.23413687936618,2647500
2023-08-18,27.422754287719727,27.67389632874341,27.065361191068437,27.67389632874341,1878500
2023-08-21,27.847766876220703,27.944360262210008,27.007406813189057,27.70287771841955,1907500
2023-08-22,28.263113021850586,28.369365915169773,27.490367889069343,28.089245320915673,1452100
2023-08-23,29.992128372192383,30.36884235777266,28.804034811002907,28.8619901001824,3292800
2023-08-24,29.847238540649414,30.407477902789463,28.977901853516983,29.740987486661645,1859300
2023-08-25,29.267683029174805,30.127362121978365,28.40800577873681,29.615418475358968,2545700
2023-08-28,30.455778121948242,30.69726065809395,29.26768264391355,29.402914116963714,1372100
2023-08-29,31.53762435913086,31.53762435913086,30.04043135563731,30.21429909664379,2205400
2023-08-30,31.527957916259766,32.54218378565879,31.305794435132814,32.04956105528701,1761300
2023-08-31,31.016016006469727,31.730802214852112,30.484753347662043,31.585914911130175,1555500
2023-09-01,30.523391723632812,32.18479084300386,30.50407267934158,31.81773637093234,1932100
2023-09-05,29.30632209777832,30.455779539183315,29.055180027416228,29.934176352500742,1560800
2023-09-06,29.209726333618164,29.818263335232455,28.804035613330463,28.997222372463835,1237000
2023-09-07,28.929609298706055,29.229047135235863,28.630169619810662,29.20972808968798,1508000
2023-09-08,28.929609298706055,29.914856670895354,28.852334958880117,29.08415797835793,1907500
2023-09-11,29.76030731201172,30.214295660197422,29.509165252717946,29.779626357118673,1644200
2023-09-12,29.905197143554688,30.407481273529367,29.026200837281788,29.093817496689045,1238900
2023-09-13,29.7989444732666,30.272250009438782,29.441549519391632,29.8182635177713,1002600
2023-09-14,30.494413375854492,30.996697476835294,29.74098906674877,29.74098906674877,2033100
2023-09-15,31.798418045043945,32.13649580068208,31.151246627955754,31.19954239740948,2424000
2023-09-18,31.83705711364746,32.06888197277855,31.01601795348999,31.740465571769334,1221100
2023-09-19,31.081106185913086,32.06965445030703,30.89696440759626,32.01150324755351,1709300
2023-09-20,31.740140914916992,32.62208056039526,31.110182440831267,31.110182440831267,3074800
2023-09-21,30.073177337646484,30.73220769390337,29.743661235250684,30.276701010490218,2389500
2023-09-22,29.918109893798828,31.06172248793363,29.869650558114316,30.60621582370709,1634900
2023-09-25,29.17185401916504,29.772735019290046,28.667887997519422,29.733969397605232,1702800
2023-09-26,27.659957885742188,28.784188645995247,27.62119041540635,28.69696368627434,1888200
2023-09-27,25.9542293548584,27.330443197990526,25.44057143750481,27.2819838575601,5591000
2023-09-28,26.21590232849121,26.24497793267122,25.382422009213986,25.847620584885203,3036400
2023-09-29,25.857311248779297,27.243216891726625,25.430878316672104,26.99123387950577,3826900
2023-10-02,24.151580810546875,25.295195282443824,23.928673406305183,25.295195282443824,4046900
2023-10-03,24.267879486083984,24.66523677532194,23.56038801022669,24.015896499256456,3758800
2023-10-04,23.938364028930664,24.471403767623475,23.4440899092258,24.471403767623475,2518400
2023-10-05,24.70400619506836,24.71369806319183,23.91898336241555,23.94805711825113,2515000
2023-10-06,25.81854248046875,26.167442302702536,24.61677868542805,24.791228596544943,3927400
2023-10-09,27.05907440185547,27.136607492177447,26.487267167530383,26.7295583058534,3053400
2023-10-10,27.49519920349121,27.659957251571587,26.91370010152902,27.291673685963833,2260200
2023-10-11,28.522512435913086,28.590353657300458,27.815022772109558,28.39652001173541,2289500
2023-10-12,27.388591766357422,28.735729966294844,27.078459390705763,28.425597590643186,2626400
2023-10-13,29.68550682067871,30.04409848694257,28.78418541883943,29.220308320013046,4528300
2023-10-16,29.840578079223633,30.22824353857712,29.11370464973532,29.35599579289809,2272200
2023-10-17,30.945423126220703,31.003572479280162,29.49167635999199,29.83088430848561,2505100
2023-10-18,30.867889404296875,32.04057939950201,30.373615292122935,31.846745761911787,3437500
2023-10-19,30.89696502685547,31.02295560494398,29.81150176651933,30.693441358742948,3157300
2023-10-20,30.790359497070312,32.205338912511934,30.75159202613696,30.906658212800846,3051600
2023-10-23,30.36392593383789,30.877583821912463,29.16216208768739,30.34454219877061,1885000
2023-10-24,30.237937927246094,30.55776218894523,29.511064437153976,29.511064437153976,1240700
2023-10-25,29.326921463012695,30.838817744373845,29.268772103719716,29.91811246951822,2580900
2023-10-26,28.813262939453125,29.472295159218316,27.90224955192808,29.08462969127843,3700300
2023-10-27,30.189476013183594,30.189476013183594,28.348063698219846,29.094320861445247,3391600
2023-10-30,29.191238403320312,30.431767901372112,29.084629706380948,30.373618543284625,2357200
2023-10-31,27.71810531616211,29.385067605511434,27.252906795674104,28.997402171771427,3460800
2023-11-01,27.93132209777832,28.318987548939447,26.894316322721803,27.795639652005597,3769200
2023-11-02,28.183307647705078,28.44498254406474,27.45643416795147,28.44498254406474,2392600
2023-11-03,30.538375854492188,31.226483661150564,28.590354844928807,28.687271671737204,5334300
2023-11-06,29.92780113220215,30.703133897943637,29.840578021484266,30.431767152653908,2909000
2023-11-07,28.64850425720215,29.249387105752657,27.74718090864375,29.074937186865906,3639500
2023-11-08,26.855548858642578,28.425596246823588,26.613257720552184,28.251146331632956,3628300
2023-11-09,26.73925018310547,27.989471496076828,26.390350352260118,27.0978400327768,2865100
2023-11-10,26.0996036529541,26.351586677335614,25.595637604191076,26.167444880953965,2751400
2023-11-13,25.73131561279297,26.293430924323527,25.60532504664582,25.90576551094633,2088500
2023-11-14,28.0185489654541,28.444981915069732,26.79740132464672,26.79740132464672,3055700
2023-11-15,27.89255714416504,28.425596921195933,27.417666724065672,28.396521318462806,2011300
2023-11-16,28.590356826782227,29.52075399215367,27.79564211922708,28.03793327877608,3970300
2023-11-17,28.231765747070312,29.113707288779306,28.15423264817154,28.89079801197731,2148400
2023-11-20,28.47405242919922,28.47405242919922,27.33043986262811,27.659955943202114,1904600
2023-11-21,29.83088493347168,30.557758331814743,29.2687695793611,29.2687695793611,3544800
2023-11-22,29.859960556030273,30.160402910435934,29.385070127868275,29.908419894741552,1287600
2023-11-24,30.024717330932617,30.383309027973965,29.72427683786642,29.82119366262365,1425600
2023-11-27,30.945423126220703,31.27493920778198,30.276699096165807,30.91634752542367,2955700
2023-11-28,33.8529167175293,33.91106791922445,31.488156637964522,31.67229656439536,5284400
2023-11-29,33.86260223388672,34.250269466175354,33.31987254516509,33.833528485439125,2813500
2023-11-30,34.11458969116211,34.11458969116211,33.0969677487766,33.48463131407779,1854900
2023-12-01,35.12252426147461,35.355121678763254,33.64939372939248,33.91106859664417,3555200
2023-12-04,33.43617630004883,34.007983520888956,32.79652785784371,33.63000994554992,4021000
2023-12-05,32.22471618652344,33.145423102695005,31.56568410107866,32.583305978081434,2881200
2023-12-06,32.15687942504883,33.24234266427562,32.08903820366398,32.941904025876816,2188100
2023-12-07,31.885517120361328,32.50578187869589,31.178023702249533,32.50578187869589,2638300
2023-12-08,30.57714080810547,31.410622912500802,29.840577376935965,30.509299585382067,3191200
2023-12-11,30.296083450317383,30.38330840595973,29.278459584001528,29.733968096474825,2155700
2023-12-12,28.822954177856445,30.363925996737613,28.532205545383846,30.363925996737613,2681600
2023-12-13,32.447635650634766,32.496093149115424,28.444986013888958,28.842343416742597,5642400
2023-12-14,33.78508377075195,35.074070965554995,33.21327642046696,33.552482604080886,3989000
2023-12-15,33.12604904174805,33.83353881414902,32.83530037730611,33.184200253464375,2538700
2023-12-18,33.455562591552734,33.78507870497108,32.883755327005304,33.62031879972712,1639700
2023-12-19,35.28728485107422,35.99477460377956,33.756006622538344,33.84322789207992,3108000
2023-12-20,33.64939498901367,35.62648789825418,33.60093380295094,35.578030409260876,2057600
2023-12-21,34.84210968017578,35.34111044263013,34.48008937280939,34.734481113338816,1706800
2023-12-22,35.3802490234375,37.063160300148915,35.3019760767547,36.368467836487525,2821900
2023-12-26,35.5661506652832,36.0651551653715,35.10628823733297,35.74226946149819,1163800
2023-12-27,36.35868835449219,36.935965850862786,35.83033192070801,35.908608606796555,1760900
2023-12-28,34.538795471191406,36.192354959324845,34.3431074940088,35.84990006614585,2026800
2023-12-29,34.030006408691406,34.32354022503019,33.32553495381587,33.99087180129209,2143000
2024-01-02,33.178768157958984,34.5192245761894,32.8852380730641,34.08871403383941,2149100
2024-01-03,31.300167083740234,31.9263673861205,30.79137992124957,31.525208779677083,3196900
2024-01-04,31.290386199951172,31.691544853831154,30.585912875966056,31.427366657504695,2151000
2024-01-05,31.300167083740234,32.493858319228146,30.7228897005717,31.32952083526727,2657000
2024-01-08,31.212108612060547,31.466502200777285,30.116261316593096,30.30216281640184,2317500
2024-01-09,30.008636474609375,31.378446696733878,29.80316391487034,31.368663977610964,2620300
2024-01-10,29.88143539428711,30.34129962795912,29.470492212586276,29.91078727898241,1849500
2024-01-11,29.402002334594727,30.2532425128205,28.658392584467055,29.852083884639,2601500
2024-01-12,31.065343856811523,32.092700938659576,30.742460042554825,31.114264911673384,3278500
2024-01-16,28.3648624420166,30.155400438382408,28.169176340871953,30.057556454700702,4057800
2024-01-17,26.59389305114746,27.41577951067837,26.398205087937733,27.41577951067837,3968900
2024-01-18,26.730873107910156,27.024405048357025,26.329714468896263,27.024405048357025,2720500
2024-01-19,26.86785316467285,27.122246762825903,26.143810708184322,27.122246762825903,2926500
2024-01-22,26.7113037109375,26.926560838673993,25.967693947069172,26.182949208586983,1776400
2024-01-23,27.914779663085938,27.924564247001054,26.89720533053632,27.03418577291086,2225300
2024-01-24,26.91677474975586,29.470493322676926,26.81893077590942,28.893215929823363,3467100
2024-01-25,27.885427474975586,28.100682734522643,27.39620944909882,27.75823160938384,1872900
2024-01-26,27.552757263183594,28.28658425392794,27.435345989746885,27.807150843921193,1546200
2024-01-29,28.051761627197266,28.120251852099955,27.11246204879542,28.03219245830545,2270500
2024-01-30,27.650602340698242,28.5311943915549,27.317933942296165,28.34529102392583,1916100
2024-01-31,27.24944305419922,28.854077501776494,27.112460744763634,27.914779834770844,3988800
2024-02-01,29.36286735534668,29.558553454085278,27.846290292474123,27.924566971432057,3776000
2024-02-02,27.317934036254883,27.719092659316225,26.642812652914664,27.719092659316225,4547300
2024-02-05,26.0068302154541,26.584107636051847,25.75243661771453,26.22208547528666,2959200
2024-02-06,26.633028030395508,26.770010343447417,26.00682956919348,26.25143857637785,1703300
2024-02-07,26.251441955566406,26.740660032909215,26.03618667337436,26.574325811963906,1485600
2024-02-08,25.8796329498291,26.153593835484596,25.615454781902535,25.8796329498291,1436700
2024-02-09,25.22408103942871,25.635024238762785,24.852274310107195,25.586101318473855,2600300
2024-02-12,25.801359176635742,26.045968186452765,24.98925733869197,25.057747562845755,2775000
2024-02-13,23.2085018157959,24.578313742273675,22.78777589312936,24.509821652974896,6854800
2024-02-14,23.413978576660156,23.54117446158936,22.81713189716254,23.35527292717121,3165700
2024-02-15,24.754432678222656,25.233868011329477,23.922763483015707,23.922763483015707,3508400
2024-02-16,24.940336227416992,25.409985112465026,24.265214788773708,24.402197113243467,3455300
2024-02-20,25.136022567749023,25.576317669128905,24.901198140436023,25.468690972997106,1874900
2024-02-21,24.76421546936035,25.13602220693281,24.0890959503585,25.13602220693281,2492400
2024-02-22,23.550954818725586,24.500038957176997,23.384620619858126,24.48046978878821,3605300
2024-02-23,24.421762466430664,24.617450419346124,23.27699410039669,23.717289195128533,3743600
2024-02-26,23.66836929321289,23.88362455893297,23.276995234531512,23.88362455893297,2790400
2024-02-27,23.24764060974121,23.873839080182083,23.24764060974121,23.727074046949834,2774500
2024-02-28,22.846479415893555,23.120440282838892,22.65079148274537,23.120440282838892,2823300
2024-02-29,23.91297721862793,24.42176253851638,23.73685843372789,23.775994904695324,3229400
2024-03-01,25.576318740844727,25.811143177997497,23.756428886356076,24.48047136746513,4908800
2024-03-04,27.8560733795166,27.934348188046936,26.27100804022266,26.54496893696951,5367000
2024-03-05,28.071331024169922,29.039982497561162,28.03219268606829,28.76601972950578,4309100
2024-03-06,29.03998374938965,29.81294729803028,28.775805554471724,28.82472661298893,3584100
2024-03-07,29.969493865966797,30.17496639644915,29.43135481232668,29.832513423124272,2246500
2024-03-08,29.99884796142578,30.722890385944496,29.59768934603323,30.302162602430702,3296000
2024-03-11,31.035991668701172,31.38823111958132,29.627045062492847,29.724887177148837,2861100
2024-03-12,29.88143539428711,29.930356446258287,29.059549030885442,29.84229705973536,2470000
2024-03-13,31.270814895629883,31.67197352212964,30.126046522119825,30.214104048666364,2214600
2024-03-14,30.49785041809082,30.850087977861424,30.057553468377563,30.507635002108735,2562600
2024-03-15,30.488067626953125,30.791382284470867,29.861869142731027,30.263027779963146,1878700
2024-03-18,30.0869083404541,30.49785155341149,29.94014330715903,30.390222991426402,1191600
2024-03-19,28.775184631347656,29.73041956886555,28.666860433452435,29.73041956886555,2082700
2024-03-20,31.05986785888672,31.611340581344955,28.440359279018498,28.58807733346334,3439700
2024-03-21,30.469003677368164,32.26129580155072,30.43945968848816,31.680277168436604,3449800
2024-03-22,29.710723876953125,30.616718844285685,29.691027885023182,30.025852234579553,1523400
2024-03-25,30.26219940185547,31.296216469138983,30.075093107901793,30.12433121087629,1562800
2024-03-26,30.163719177246094,31.512864515785942,30.163719177246094,31.512864515785942,1598600
2024-03-27,32.468101501464844,32.468101501464844,30.547785445810728,30.567481438188757,2523500
2024-03-28,33.82708740234375,34.12252349851787,32.724138248272006,33.27561470362088,2440800
2024-04-01,34.64445877075195,35.50121379817717,34.00435215139741,35.304257626327576,3145700
2024-04-02,35.54060363769531,35.65877583101844,34.486892502050566,35.136845200267196,2916200
2024-04-03,37.09654998779297,37.29350615080379,35.36334401787571,35.41258211947183,2539200
2024-04-04,36.24964141845703,37.44122064400471,36.14131535129342,37.02761236543694,2553100
2024-04-05,38.65250015258789,38.9282365311738,36.269341436806464,36.653403894587235,3184500
2024-04-08,38.1207160949707,39.57818557842797,37.35259125066073,39.36153719676104,2726000
2024-04-09,39.38123321533203,40.26753024633201,38.77066878091139,39.46986329409464,2595600
2024-04-10,38.13056945800781,39.06610467179483,36.584469754360676,37.293506692216255,3343200
2024-04-11,39.903167724609375,40.00164392993959,37.8449834775459,39.21382301741859,2857600
2024-04-12,38.33736801147461,42.9165824567372,37.57908928846199,41.36063303004547,6768100
2024-04-15,37.707115173339844,39.154734921771244,36.59431602466864,38.94793263722767,4360400
2024-04-16,36.643550872802734,37.14578924109116,35.29440744922352,36.820811031419105,3335100
2024-04-17,37.80559158325195,38.66234659288005,36.83066437561946,37.293507049731005,2777600
2024-04-18,38.17980194091797,38.977472604807005,37.57908741391058,38.94792674246795,1830600
2024-04-19,38.90853500366211,39.47970742847794,38.160106186848346,38.40630042031188,2428300
2024-04-22,35.42243576049805,36.91929749927585,35.205783582485275,35.69817216405849,3409800
2024-04-23,36.545074462890625,36.74203061093818,34.68384656492467,34.880798956346155,1911200
2024-04-24,36.643550872802734,36.850353138979806,35.95420622891973,36.10192427997541,1367100
2024-04-25,39.292606353759766,39.725906909506804,36.28903330344907,36.66324963960073,4465700
2024-04-26,39.93271255493164,40.75007939002844,39.24336780078559,40.1690607231002,2424400
2024-04-29,40.33646774291992,40.779618174177564,38.75097606476836,39.9622551624147,1378100
2024-04-30,36.59431838989258,38.53433055875452,36.485992303379746,38.08133021909843,2869800
2024-05-01,37.10640335083008,38.89869746514989,36.4662967000187,37.17533745087109,2732600
2024-05-02,37.55939865112305,38.012395223470904,36.092082850120946,36.43675333851028,1531800
2024-05-03,37.185184478759766,38.17981152931909,36.535231693460595,37.82529114522376,1773100
2024-05-06,38.888851165771484,39.46001995725993,38.652502997710506,38.82976318459957,2120500
2024-05-07,38.80022048950195,39.00702278555722,38.20935195653839,38.62296030527555,1276100
2024-05-08,38.84945297241211,39.46001365381596,37.815437885153266,37.992698043726335,1933000
2024-05-09,41.4886589050293,41.616677219031445,39.44032080147831,39.46001679362319,2959700
2024-05-10,41.153831481933594,42.670388954323776,41.13413549125794,42.39464884149077,2281700
2024-05-13,40.55311965942383,41.61667693151492,39.82438298160339,40.878094136003256,1262500
2024-05-14,41.43941879272461,41.636371191366344,40.68114003675007,41.05535259947033,1041000
2024-05-15,42.65069580078125,43.143084330548,40.720529909059564,42.36510955192621,2147500
2024-05-16,42.04998016357422,42.611302773231046,41.28185152144414,42.08937214658115,1201300
2024-05-17,44.8664436340332,44.945223844383214,42.88703966495566,43.251406120655375,2777000
2024-05-20,45.792137145996094,46.353459816933004,44.07862326439147,45.18157636923828,1793900
2024-05-21,45.1323356628418,45.76259239693721,44.53162103921134,45.30959208225798,1159700
2024-05-22,41.49850845336914,44.019539306925594,41.04551186646791,44.00968943172569,2598300
2024-05-23,39.8046875,41.882567725743826,39.55849323167256,41.4689631581344,2164400
2024-05-24,40.917484283447266,41.449264773937124,40.65159403820234,40.86824618394847,1247000
2024-05-28,42.76886749267578,43.15292994031317,41.96135061389298,42.788563484429794,1523200
2024-05-29,40.6811408996582,42.365108737497486,40.65159503393427,41.75454802417955,1214100
2024-05-30,41.50835418701172,42.187848999565965,40.809159626023245,40.91748570265356,1103500
2024-05-31,41.015968322753906,42.41435002220333,40.208451389370836,42.128763757399746,1865200
2024-06-03,41.43941879272461,41.49850300966665,40.494029998763736,41.17352854660682,2585200
2024-06-04,38.307823181152344,40.10011685118459,37.75634676090174,40.04102888438517,2992000
2024-06-05,39.617576599121094,39.78499063555158,38.06163095776502,38.770667813548684,1742600
2024-06-06,42.31587219238281,42.43404438974388,39.61758134902458,39.69636531834957,2044400
2024-06-07,36.71248245239258,39.48955307208049,36.45644210557153,39.40092299882978,3595600
2024-06-10,37.52985763549805,37.73665993456972,36.367820302676215,36.84051288196577,1596500
2024-06-11,36.98823165893555,37.06701187866652,36.082234713955394,37.04731588457709,1570600
2024-06-12,37.52000427246094,39.27290998391431,37.20487591556229,38.711587363399445,2112100
2024-06-13,35.72770690917969,37.618480625957496,35.23531842914523,36.68294176256684,2138400
2024-06-14,36.01329803466797,36.446598603734095,35.2156272359737,36.446598603734095,1773700
2024-06-17,35.73756408691406,36.06253859671304,34.93989323383645,35.73756408691406,1420300
2024-06-18,36.7912712097168,37.067007581751184,35.432277828098414,35.599691880138096,1849700
2024-06-20,38.60326385498047,39.1251945264553,37.155640286472895,37.56924863031502,2059400
2024-06-21,37.352596282958984,38.39646137753739,36.89959971152228,38.31767740513454,1775800
2024-06-24,37.82529067993164,38.62296153433392,37.628334496009586,38.032092982567754,1200000
2024-06-25,37.05475616455078,37.558568631814246,36.926336629946356,37.53881091070588,1006800
2024-06-26,36.955963134765625,37.10414412602866,35.7705265098588,35.86931509350054,959400
2024-06-27,37.78577423095703,38.269828944560594,37.64747396089879,37.64747396089879,1118500
2024-06-28,37.123905181884766,38.62545410430526,36.70900063006897,38.34885358202772,1272600
2024-07-01,37.05475616455078,38.20067761003633,36.89669816408381,37.410387607701466,1163400
2024-07-02,37.351112365722656,38.05249439747343,36.52130705107123,37.07450808190592,1346800
2024-07-03,39.97883224487305,40.67033359702476,38.2994637430766,38.2994637430766,2328000
2024-07-05,42.250911712646484,42.88314359056959,41.35195630464972,41.3815909963026,1937700
2024-07-08,41.89528274536133,42.01382528718028,40.50239563169039,41.480381964795264,1490200
2024-07-09,41.855770111083984,42.49788281169507,41.23341889856523,41.88540857482277,1376600
2024-07-10,44.02906799316406,44.33530697983809,42.82387353353029,42.82387353353029,1969200
2024-07-11,46.508609771728516,46.666667761902964,44.03895132000291,46.143097607625315,2545600
2024-07-12,46.637027740478516,47.05193230608011,45.45159096955917,45.52074487082578,1383900
2024-07-15,46.19248962402344,47.684165426286214,45.520745997883566,46.73581749343023,2052100
2024-07-16,49.403045654296875,49.47219955737473,46.548121107614456,46.814844670687165,2533600
2024-07-17,47.29889678955078,49.68952421374419,47.12108109058108,48.988142161363434,2200600
2024-07-18,45.83686447143555,47.80271057877191,45.30341731700662,47.5458677461209,1791500
2024-07-19,44.84899139404297,45.44170781470117,43.21901558463426,43.40670823854957,1588300
2024-07-22,44.94778060913086,45.11571556301455,43.69319375310762,44.434091235675716,1061100
2024-07-23,44.908267974853516,45.066325963595816,44.088343335877724,44.70081757120418,971100
2024-07-24,44.1673698425293,47.01241736941464,44.1673698425293,45.64916487989046,2276300
2024-07-25,42.00394821166992,42.646057099352035,41.1049927541954,42.092856059921225,2582400
2024-07-26,42.39909744262695,43.10048335573807,42.07310446386827,42.65594404979441,1644700
2024-07-29,42.843631744384766,42.932539595188956,41.44086761880701,42.80412007500478,1251800
2024-07-30,43.38695526123047,43.683317272330285,42.191641546912855,43.31780513021371,1481400
2024-07-31,45.78746795654297,45.98504139399383,44.56251942746741,45.14535899532752,2564300
2024-08-01,43.97967529296875,46.48884902073441,43.07083908242393,45.7874632021924,3367400
2024-08-02,42.4386100769043,46.05418991200704,41.421111997160004,45.293534654035184,3314000
2024-08-05,39.6429557800293,40.235672260083575,36.29409975408374,37.440021045681625,2554400
2024-08-06,40.354217529296875,41.22353835806588,38.734122190499896,39.3762348942815,1807700
2024-08-07,38.259944915771484,41.66807403298168,37.95370593807686,41.29268492619462,2464200
2024-08-08,40.02822494506836,40.48264119925843,38.2797062956155,39.237934988129155,2133300
2024-08-09,40.67033386230469,40.93705742918856,39.24781194065713,40.67033386230469,1516600
2024-08-12,43.03132629394531,43.515377196021994,41.18401922732789,41.39147338233157,2574100
2024-08-13,44.177249908447266,44.44397346328695,42.695454893826536,42.82387441517929,1794000
2024-08-14,43.58452606201172,43.74258403318749,42.250912165741084,43.456106551205906,1882400
2024-08-15,44.019195556640625,44.443977130689085,42.43861181624641,43.69319881769185,1694900
2024-08-16,46.5876350402832,46.73581604888674,44.81935875435915,45.244140292729725,2568200
2024-08-19,48.50408935546875,48.57323948903544,46.044311705111795,46.09370411931662,1893900
2024-08-20,49.21534729003906,50.321753085599674,48.39542274416802,49.49194779682939,2011400
2024-08-21,49.83770751953125,50.22297362894968,48.18797374036041,49.08692925180331,1584700
2024-08-22,47.4964714050293,48.58311957645102,46.75557389676915,48.40530387299661,2166500
2024-08-23,48.62263488769531,49.21535138539611,47.43719812389413,48.40530374661854,1852700
2024-08-26,48.4349365234375,49.52158841740104,48.02003574515284,49.31413425985927,1400600
2024-08-27,48.4547004699707,48.50409288777252,47.022297743318376,47.6742874561422,1121600
2024-08-28,46.370304107666016,47.12108236097917,45.49110633261213,47.042051484462164,1653900
2024-08-29,47.44707489013672,48.138579980006874,46.53824242854706,46.53824242854706,1257700
2024-08-30,46.72593307495117,47.72367711267381,46.16285129857282,47.447072827709434,1076600
2024-09-03,43.6339225769043,45.57013761648329,42.67569768516738,45.57013761648329,2334700
2024-09-04,42.79423522949219,43.76234075189981,42.280545892794414,42.66581195321795,1313200
2024-09-05,43.72282409667969,44.82923360715587,43.545012185480786,44.18712101211878,1396600
2024-09-06,41.292686462402344,43.880887333234575,41.055601373379304,43.69319465705804,1899100
2024-09-09,42.320064544677734,42.527514936310595,41.74710201342567,41.85576758096654,1045600
2024-09-10,43.337562561035156,43.337562561035156,41.53965162974075,42.42873012033666,1054700
2024-09-11,43.66355895996094,43.73270909003739,41.59892449585104,42.705330345473726,978800
2024-09-12,47.842220306396484,48.425059808834,45.12559620948254,45.342927343123485,2770300
2024-09-13,49.995765686035156,50.36127407725241,49.284502854780214,49.32401829393876,1941200
2024-09-16,49.501827239990234,50.381024914974354,48.770806789010656,49.8574586070398,1358800
2024-09-17,48.64239501953125,49.995766809732004,48.05955546824191,48.89923784303513,1889700
2024-09-18,47.506343841552734,52.20857125329046,47.397678281112704,49.14619668575866,4083100
2024-09-19,49.037532806396484,50.36126975746518,47.96076167628539,49.887095833434515,2244200
2024-09-20,50.53908920288086,51.43804470718379,49.88709953787433,50.42054665517048,2156300
2024-09-23,50.49957275390625,52.702507544151345,50.479815034949844,51.02314288525209,1574700
2024-09-24,53.18608093261719,53.68065114351383,50.604423828013324,51.474868455707366,1855100
2024-09-25,52.95857620239258,53.918039793421144,52.642051586529604,52.85965990164099,1298400
2024-09-26,53.76967239379883,54.60055047526064,52.750858995951674,53.62129982546698,1610100
2024-09-27,50.465938568115234,53.62129476732065,50.3571325313718,53.13661813326276,2169400
2024-09-30,49.11082077026367,50.07028436119921,48.002980841579614,49.94169883014119,1720800
2024-10-01,50.733009338378906,51.445187822888265,49.45701738427946,50.23843916453611,2039600
2024-10-02,50.4362678527832,51.50453746330335,49.644952558150834,50.84181524331036,1182500
2024-10-03,48.596473693847656,49.30865228615202,47.90407459101235,49.30865228615202,1492000
2024-10-04,48.39863967895508,49.94170004874217,47.89417596603937,48.61625177262626,1529400
2024-10-07,47.26112747192383,47.80515771476963,46.61818847088883,47.67656840525415,1481800
2024-10-08,47.033626556396484,47.033626556396484,45.54002617163718,46.420360548078555,1794800
2024-10-09,46.48960494995117,46.48960494995117,45.0157838987451,45.99503468452616,1586300
2024-10-10,49.01190185546875,49.100924634752985,46.44013854567882,47.04351474157521,2228200
2024-10-11,49.41745376586914,50.4857272152533,49.35810775641749,49.575716079858886,1305200
2024-10-14,49.793331146240234,50.10985579309721,48.57668882739533,49.160281852526275,980400
2024-10-15,51.039642333984375,51.039642333984375,49.25919039643071,49.72408758462064,1279500
2024-10-16,51.83095932006836,53.64108431967897,51.553997437697866,52.127700690284875,2215900
2024-10-17,53.0475959777832,54.056519548600924,52.25628448300582,52.71128812084396,1661400
2024-10-18,57.2712287902832,57.647099413195924,53.908150031314776,54.353263951365165,2404000
2024-10-21,57.42949295043945,59.536359284512514,57.0734018029141,58.853853767269705,2084800
2024-10-22,59.744083404541016,60.08039130123973,58.428524823161204,58.586787140827,1564400
2024-10-23,57.54819107055664,58.93298919513112,56.56894037523633,58.37906919064706,1532100
2024-10-24,54.373050689697266,58.35928541846055,52.572815407464084,58.181239839051,2334800
2024-10-25,53.057491302490234,54.531312182346625,52.572814611755454,53.83891313659712,1604800
2024-10-28,52.55303192138672,53.14651466803384,52.17715750276553,52.45411561476468,1139100
2024-10-29,54.046634674072266,54.42250910916737,52.80031934218098,53.215756528387594,1717700
2024-10-30,52.76074981689453,54.204893915289695,51.593563826884406,54.026848338964676,1426100
2024-10-31,49.823001861572266,51.16823343548824,48.63603260380692,50.98029811420663,2659700
2024-11-01,48.744842529296875,50.97040864958246,48.63603647080391,50.208770013403246,1684200
2024-11-04,48.75473403930664,49.832897288548644,48.250270293119904,49.644958186793374,1515200
2024-11-05,49.24930191040039,50.22854880308787,48.6261423956994,49.85267816411248,1670200
2024-11-06,45.71807098388672,46.450032774674945,42.96825807668403,44.48164547067707,2625400
2024-11-07,47.765594482421875,48.3195107339814,45.846659544457864,46.895149807193576,2034100
2024-11-08,46.5192756652832,47.23145801983546,45.52024543861096,46.98417289931275,1992600
2024-11-11,40.96030044555664,43.3738014647553,39.72387504720819,42.24618210518486,3752800
2024-11-12,39.61507034301758,40.327252603905585,38.60614673118323,39.852465687737244,2505500
2024-11-13,38.45777893066406,40.713017783738344,38.36875614576528,40.30747037992637,2656900
2024-11-14,38.734737396240234,39.21941784601257,37.56755143795204,37.85440305570973,2882600
2024-11-15,38.21049499511719,39.62496607958825,37.9632098932624,38.97213356162247,2419000
2024-11-18,41.524112701416016,41.99889963104416,40.258014222407624,40.436059792677064,3007200
2024-11-19,43.44304656982422,43.46282983153345,41.87031688328992,42.51325590911869,2463600
2024-11-20,42.9286994934082,43.26500741656473,42.503368773731665,42.9286994934082,1994700
2024-11-21,43.9178352355957,44.095880809320725,42.711082741075266,43.868375197016725,2047100
2024-11-22,44.224464416503906,44.906973677119595,43.650764972055704,44.580555548430176,2027600
2024-11-25,41.62303161621094,41.83075020347417,40.772370232251426,41.20759066841314,2799700
2024-11-26,42.01868438720703,42.18684021990129,40.89106491754061,41.18780628746263,1474200
2024-11-27,42.236297607421875,43.41337337444919,41.969229235419775,42.829780363023424,2160300
2024-11-29,42.730865478515625,43.12651936940352,42.3451013312597,42.82977800791981,883500
2024-12-02,40.88117599487305,42.038468492798685,40.56464758422354,41.85053316850267,1638500
2024-12-03,42.79021453857422,43.670552715448686,41.346070375960835,41.346070375960835,1952400
2024-12-04,42.56270980834961,43.44304415243145,42.404447496753676,42.89901769214987,1202400
2024-12-05,42.335208892822266,43.383699088263576,41.47465779061614,42.57260425201942,1471200
2024-12-06,40.792152404785156,42.07803419057488,40.544867300853625,42.07803419057488,1420200
2024-12-09,43.116634368896484,45.21361116377038,43.116634368896484,43.34413623016979,3466800
2024-12-10,43.21554183959961,44.47175057486939,43.086956306967366,44.13544269477141,1644300
2024-12-11,45.85654830932617,45.95546083734648,43.48260990412803,43.88815730624502,2011700
2024-12-12,42.48358154296875,44.19479400667874,42.34510248870928,43.967292164213724,1932900
2024-12-13,40.070072174072266,41.78128822556414,39.78322435274426,41.514219889896694,2179300
2024-12-16,39.61507034301758,40.673450217797814,39.32821873535202,40.643777214684484,1326400
2024-12-17,39.1007194519043,39.377681334314076,38.23027860224854,38.75452181548113,1797800
2024-12-18,35.53981399536133,38.86332626093159,35.17383311292385,38.60614765025687,2883400
2024-12-19,35.02545928955078,36.34101775296146,34.81774072372939,35.89590384529353,1962900
2024-12-20,35.92558288574219,36.66743826544216,35.33210009129085,35.39144610677303,2520000
2024-12-23,36.051063537597656,36.17056875932822,34.915754433651074,35.72241942908549,1187700
2024-12-24,36.070980072021484,36.54900473626941,35.473446392459834,36.30003331953597,590100
2024-12-26,36.21040344238281,36.748182614062316,35.9514710416472,36.24027879669757,1101900
2024-12-27,35.72241973876953,35.931558627364204,34.80620669922158,35.27427040464171,1114200
2024-12-30,34.636898040771484,35.154758980071925,33.939781198445765,34.85599407636064,1641000
2024-12-31,35.01533889770508,35.214516785205554,34.31821819095453,34.34809734343105,992500
2025-01-02,37.88349151611328,37.9930395468369,36.02118259181638,36.02118259181638,1716700
2025-01-03,37.20629119873047,37.7341094159504,37.086785975756676,37.624561378640024,1141000
2025-01-06,36.290069580078125,37.57476290464206,36.10085268536797,37.036983773568494,1300700
2025-01-07,37.25608444213867,38.87937922113286,36.82785328081504,37.44530136032719,2008700
2025-01-08,39.05863571166992,39.1183864182422,37.62455796989993,37.973120220581116,2197200
2025-01-10,39.12834930419922,41.1101596812362,38.6104882943849,40.42299992923382,2467500
2025-01-13,37.83369827270508,38.321680123535955,37.20628923692018,38.14242039902599,1917800
2025-01-14,39.944976806640625,40.03460667333252,38.012956079949355,38.012956079949355,1825100
2025-01-15,40.63213348388672,41.09023996801089,39.5266998120637,40.74168151248212,2115600
2025-01-16,40.48275375366211,41.687774495117154,40.38316290787927,41.17987067913044,1555500
2025-01-17,40.8313102722168,41.28941674399823,39.30760649481232,39.68604029376108,1050100
2025-01-21,42.63386535644531,43.37081859811679,41.62801873872861,41.69773042918397,1765500
2025-01-22,42.48448181152344,43.5699973254197,41.92678447811724,43.49032464964641,1491900
2025-01-23,42.39485168457031,42.39485168457031,40.88110504540356,41.508514066670564,1055400
2025-01-24,43.28118896484375,43.85880445906041,43.09197206104979,43.321025302169495,1077400
2025-01-27,41.99649429321289,42.61394610585687,40.84126713913998,42.33509555211368,1011500
2025-01-28,42.703575134277344,42.932628363943465,41.63797785761225,42.11600248461137,866400
2025-01-29,43.14176559448242,43.978309683530654,42.19567347726087,42.73345263429235,1193200
2025-01-30,46.557655334472656,47.3643240993525,44.555926798070274,44.6555138460297,2443800
2025-01-31,45.57172393798828,47.24481207023106,45.15345380442864,46.886296441038,1176300
2025-02-03,46.91617202758789,47.80250961893191,45.591642333375624,46.01987345263206,1911200
2025-02-04,47.99172592163086,48.370163515127814,47.19501819769156,47.573455791188515,1116600
2025-02-05,50.49140167236328,51.62671067084092,48.798395359281656,48.798395359281656,1862900
2025-02-06,50.700538635253906,50.73041398927689,49.565229594352886,50.620869758191844,1094000
2025-02-07,50.0731315612793,52.164493801532316,49.95362634152275,51.566960104744695,1259200
2025-02-10,52.83173370361328,53.25996484295793,52.2640791791801,52.65247398021309,1680900
2025-02-11,51.41757583618164,52.47321216636991,51.15864344647353,51.83584597478405,1188200
2025-02-12,53.13050079345703,53.89733324148456,50.381857921737144,50.929594299184664,1405400
2025-02-13,53.89733123779297,54.16622082378058,51.98523258055086,53.45914291192557,1251500
2025-02-14,50.28226852416992,54.33552284671276,50.12292697091279,54.245892985567984,2839400
2025-02-18,51.53708267211914,51.815929439978376,50.48144250964843,51.815929439978376,1419900
2025-02-19,51.53708267211914,51.825890423974656,50.36193729470909,50.879798291449305,1306200
2025-02-20,53.23008728027344,53.977001497118245,51.44745110430999,51.73625884658383,1871300
2025-02-21,49.51543426513672,52.65247169019614,49.35609271782261,52.65247169019614,2682600
2025-02-24,49.883914947509766,50.34202145850727,48.360211039669075,50.312146103138616,1365000
2025-02-25,48.439876556396484,49.465637542178854,46.46802345994967,49.276420639646844,1806800
2025-02-26,49.63494110107422,50.17272026549371,46.956010061951055,46.956010061951055,1097200
2025-02-27,46.219051361083984,48.61913554755174,46.1095033353071,47.912057670812764,1503700
2025-02-28,46.796669006347656,46.826544360576335,44.11773413977494,44.81485486412851,1443200
2025-03-03,46.83650207519531,49.45568246392138,46.26884754441851,48.131156491776295,1481800
2025-03-04,48.10127639770508,49.19675289808484,46.229010301766834,48.2406997816256,1354100
2025-03-05,51.4574089050293,51.50720622595019,47.67304425417575,47.79255326558326,1215700
2025-03-06,50.571075439453125,52.06490401335429,49.8839156630995,50.521281913456924,1098600
2025-03-07,51.22835922241211,52.91140849275482,49.4955202256954,50.6507474898407,1423900
2025-03-10,48.45979690551758,51.16860716345767,47.71288264754166,50.71049686465731,1384400
2025-03-11,51.52712631225586,52.1047380262142,49.296340736652375,49.296340736652375,1313000
2025-03-12,51.85576629638672,52.29395462154663,50.112966381838284,50.77025076907931,1034500
2025-03-13,54.952972412109375,55.81939189449462,52.2342049474504,52.3437529806605,2511000
2025-03-14,55.968772888183594,56.685807954905464,54.9728872631234,56.26753781590122,1450600
2025-03-17,58.43857192993164,58.59791348656326,56.31733437058377,56.357170709492266,1409200
2025-03-18,59.20540237426758,61.24696718737979,58.75725307407167,60.50005295338735,1418700
2025-03-19,60.01206588745117,60.32079179779513,58.36885689117424,59.18548279698506,1290500
2025-03-20,59.962276458740234,60.43034394853055,57.91075436953656,58.358899890652275,943100
2025-03-21,58.20951461791992,58.55807306154135,56.46671480180856,58.30910165923973,1204700
2025-03-24,57.47256088256836,58.85684135069605,57.36301285144994,58.32902316330984,831100
2025-03-25,59.52736282348633,61.064970922940205,58.898344444521626,58.898344444521626,1627300
2025-03-26,58.548885345458984,60.236261883749115,58.289291005828986,60.086493428228316,794200
2025-03-27,61.34453201293945,61.793833556315235,59.26776593622571,60.196321189612355,1670600
2025-03-28,60.84531021118164,64.60945285178208,60.57572927944543,62.30304456154449,2129900
2025-03-31,62.02347946166992,62.29306040395405,58.06963325904299,62.29306040395405,1368100
2025-04-01,61.52425765991211,62.75234610635583,60.28618642669725,61.80382520351726,1140000
2025-04-02,61.5042839050293,62.04344576282581,59.68711214025139,61.31458049970236,959400
2025-04-03,61.16481399536133,63.90055832448728,55.513608520890294,55.972896678512804,2290400
2025-04-04,50.50141143798828,58.12953991950459,49.86240266032452,57.73015990956099,2630900
2025-04-07,49.92230987548828,55.29395148454641,47.03680097408825,48.1251074817247,2918800
2025-04-08,49.99220275878906,54.81469990948045,49.183459936035504,53.906113986581076,1469600
2025-04-09,58.219398498535156,59.12798437578329,53.0174909728695,54.195657777490595,3161500
2025-04-10,63.85063552856445,65.20851916708448,58.79849636350482,58.83843512578276,2445500
2025-04-11,70.79981994628906,72.00793887015841,68.51337735535732,68.51337735535732,2924200
2025-04-14,71.6185531616211,72.22759836851309,67.04566748942203,68.47344593755264,1734500
2025-04-15,73.14617156982422,73.76520334557982,71.38890410509526,72.80669589687496,953500
2025-04-16,77.12997436523438,79.74590633521127,75.37270679694682,78.49784849758612,2564400
2025-04-17,74.10468292236328,76.321234846935,72.5371225928075,76.321234846935,1507800
2025-04-21,76.1514892578125,80.87414319354845,74.24446095350521,79.17678767971223,2007000
2025-04-22,71.92806243896484,77.06007510326768,71.40886616879882,76.93027984449601,2580700
2025-04-23,67.88435363769531,69.04255486278488,65.0088313819313,65.39822478268457,2173400
2025-04-24,70.54022979736328,70.73991600236086,67.95425002266427,70.2906182323461,1272900
2025-04-25,67.87437438964844,68.09402614961381,65.84752225383058,65.99729070372409,1025200
2025-04-28,69.42196655273438,69.51183067636705,66.46656656645433,67.24535342274929,1067300
2025-04-29,66.8958969116211,68.96268028762181,66.69621071412485,67.83443879844175,740900
2025-04-30,68.1639175415039,68.36361134856867,65.63784991806844,65.63784991806844,937100
2025-05-01,63.121768951416016,64.49962194258794,62.47277740851234,64.26998358616254,1510500
2025-05-02,62.94205093383789,65.64783928929964,62.04344780789077,64.8590658574983,1092700
2025-05-05,67.34519958496094,67.87438252031407,65.51804865351325,67.87438252031407,1034700
2025-05-06,73.02635955810547,73.09625049228443,69.11245200900272,70.61012141358658,1556300
2025-05-07,70.42041015625,71.57861141929146,68.66314268915333,69.68156209183326,1090000
2025-05-08,67.4749984741211,70.87969617861954,67.15549598322205,70.30060315092396,1000200
2025-05-09,71.57861328125,71.87814258229915,68.19388114187473,69.35207481750395,1012800
2025-05-12,60.945159912109375,65.12865213022096,60.256229563149425,65.12865213022096,2318900
2025-05-13,60.795387268066406,61.21473664406997,59.75700232714986,61.13485912149028,908500
2025-05-14,58.129539489746094,58.40910320937773,57.01127699367949,57.95980165370544,1098200
2025-05-15,60.57572937011719,60.65560689464896,58.26932107642729,59.44748790188092,1379400
2025-05-16,60.03657150268555,60.15638398108854,57.310813814204806,57.7700981553913,1101800
2025-05-19,62.60258102416992,62.84220599274154,60.91520441361468,62.06341913172848,1204300
2025-05-20,66.45657348632812,66.5763897669668,62.6524960821407,62.991967926410666,1526500
2025-05-21,68.29371643066406,69.00261226486461,67.01570661027212,67.18544062320618,1713900
2025-05-22,67.4749984741211,68.61322657404517,66.25689284708719,67.77452777447255,1164100
2025-05-23,71.13928985595703,71.87813789137442,69.06251998704025,70.68000553029,1414600
2025-05-27,68.95269012451172,70.5502100919782,67.87437404927353,67.93427838191461,925800
2025-05-28,70.5102767944336,70.64007206439287,69.04255959068499,69.33210991678521,570500
2025-05-29,70.37049865722656,72.01792896010215,69.49186103698278,71.45880146906757,628400
2025-05-30,71.40886688232422,71.54865635456547,68.82289495280695,69.32211803889506,793300
2025-06-02,80.14527893066406,80.37492492502483,74.2344788264993,74.44415162959015,2136800
2025-06-03,78.15836334228516,78.34807054824999,76.0017236210864,77.5293450105896,943700
2025-06-04,78.62763977050781,79.37647443498884,77.55930262054981,78.77740822691204,692500
2025-06-05,78.3281021118164,82.67134921847969,77.37958125952215,79.9555743090165,1068800
2025-06-06,73.84507751464844,78.23824216804435,73.39577978701669,78.23824216804435,1314200
2025-06-09,75.28284454345703,75.8020332125667,73.24601339379923,73.7452364907485,776500
2025-06-10,73.22604370117188,76.59081027761621,72.32744817778071,75.98175746084824,884600
2025-06-11,74.59391784667969,74.71373413806786,72.92651445028073,73.49562850367907,562000
2025-06-12,79.1967544555664,79.86571159973926,76.86039393978415,77.11000549664328,1663600
2025-06-13,81.97242736816406,82.65137105467242,80.14526908597453,81.8526187054235,1568700
2025-06-16,79.2466812133789,81.02391431079388,78.98708305674988,79.7159445498271,765700
2025-06-17,79.10689544677734,80.56462597857418,77.75898698838428,79.75587938003036,644200
2025-06-18,77.5593032836914,79.58614790741007,77.23980079548265,78.83731323652641,591700
2025-06-20,75.52247619628906,78.757440018566,75.4525852612181,76.60080000956158,712300
2025-06-23,77.60922241210938,79.58614151872483,75.28284105976874,75.96178474490344,1129300
2025-06-24,74.09192657470703,74.85112873008453,70.6555527130226,73.1629051910394,1405200
2025-06-25,74.20181274414062,74.92105610213939,72.82326805555228,73.22284854570314,704000
2025-06-26,76.05986022949219,76.11979463922863,73.44261509811112,73.44261509811112,586100
2025-06-27,70.59561157226562,71.84429583364586,69.56669696030653,71.34482212909376,1627200
2025-06-30,74.26174926757812,74.45155172061843,70.74545762099272,71.19498092187703,1073800
2025-07-01,74.41159057617188,77.16868756691339,74.12189491216607,77.03882714706138,1173700
2025-07-02,76.02989196777344,76.30959603780802,73.73230975586485,75.1508209446127,593300
2025-07-03,76.74913024902344,76.76910584353952,74.38162217726851,74.52147420297247,464900
2025-07-07,77.48834991455078,77.60822634686274,72.133991213105,74.15186923952177,957600
2025-07-08,70.75544738769531,76.8090662969447,69.2969850731822,76.7291486744433,2369100
2025-07-09,72.44366455078125,72.94313826771577,69.88636155891307,70.61559653903765,960200
2025-07-10,73.41264343261719,73.55249546108094,71.01516811109528,73.03304615841043,812100
2025-07-11,75.0009765625,75.5304174929044,73.66238301304644,74.80118249918233,914400
2025-07-14,75.1108627319336,77.56827259434844,74.90108467773086,75.22074756337756,848900
2025-07-15,72.7633285522461,75.52042564642828,70.38583636648922,74.95102590515454,894200
2025-07-16,73.22284698486328,74.84113688450063,70.86533052672704,72.95312692068121,1040300
2025-07-17,71.66448974609375,72.14398788765183,69.40687393923342,71.07511439390477,1086300
2025-07-18,71.26490783691406,73.172901135704,71.26490783691406,72.80328783337517,615300
2025-07-21,76.40948486328125,77.44839107889281,73.34271663523481,73.34271663523481,1329600
2025-07-22,80.77488708496094,81.58403203723203,77.16868637414301,78.16763377057205,1348100
2025-07-23,78.8569107055664,80.98466593765619,78.16763455626577,79.72599007152229,907800
2025-07-24,77.28856658935547,78.66711132022837,75.04093483734894,76.459438380599,694200
2025-07-25,78.9168472290039,79.11663366711397,75.96995534937787,75.97993933632851,970200
2025-07-28,75.04093170166016,77.1187365088988,73.74229702844262,77.09876091422703,1116700
2025-07-29,76.87899780273438,77.17868509783929,74.85113562043603,75.42053538404376,733300
2025-07-30,72.72337341308594,76.02988685208783,71.94418804294885,74.77121100025815,1317400
2025-07-31,72.2238998413086,74.18183582458471,71.52463209069039,73.60244450528032,713500
2025-08-01,74.46154022216797,76.23966537741484,73.03304513317237,75.36059440778826,1229000
2025-08-04,81.56405639648438,81.8337688399673,76.41947578351731,76.57931102511002,1424800
2025-08-05,86.11925506591797,86.678663175151,80.49518390669617,80.68497873154945,1771300
2025-08-06,88.75647735595703,88.90632099426512,85.76962668350241,85.76962668350241,829400
2025-08-07,90.54459381103516,92.23281739474209,89.60558079457843,90.53460220282324,913200
2025-08-08,91.00411224365234,93.31168606288597,90.23492605148401,91.71336402695061,834500
2025-08-11,89.83534240722656,90.70442941233276,85.51988982781283,86.28907599313641,720200
2025-08-12,91.23387145996094,91.34375628799255,88.77646167385836,90.444702068354,501600
2025-08-13,90.9341812133789,93.07192805402886,90.25489667196166,92.78223239151934,569100
2025-08-14,89.65553283691406,92.3227206754698,88.84638784847594,89.81536808574162,417900
2025-08-15,91.47361755371094,92.31273737355501,88.51673402073337,89.60558308133666,607000
2025-08-18,91.13397979736328,91.90316598536224,89.6555342085463,91.13397979736328,495500
2025-08-19,86.24911499023438,90.72440270250904,86.239131003601,90.41473144686978,645700
2025-08-20,91.1739273071289,91.45363898556141,87.96730701625489,88.23702708654524,750200
2025-08-21,94.3006362915039,95.69916417885003,90.63450115457468,90.63450115457468,989900
2025-08-22,97.3074722290039,98.7959017567653,91.55353293284648,92.8221928079121,857800
2025-08-25,97.53722381591797,99.18548855508509,97.20756934381177,97.68706745063568,509900
2025-08-26,101.60294342041016,101.71282824874919,98.01672576156184,98.45625745355383,677300
2025-08-27,101.0335464477539,101.29327492378596,98.03670403948429,100.13449220100014,751900
2025-08-28,100.59400177001953,101.77276002607475,98.82586819661867,101.23332750672434,621500
2025-08-29,106.84741973876953,107.12712380901965,100.52408046820979,100.52408046820979,1183300
2025-09-02,112.34162902832031,113.28064206778205,107.06718772507783,110.88316666957252,1542500
2025-09-03,113.7601318359375,115.95782077892795,112.13185025081937,114.8290052929393,1125100
2025-09-04,111.34268188476562,112.87107026415386,109.19494334256207,110.98306019298437,1293800
2025-09-05,117.4762191772461,119.52406450842882,113.63027299998113,116.55718934782422,1734800
2025-09-08,120.71280670166016,121.37211567965635,118.13552806218082,120.82269153132619,1317400
2025-09-09,119.27432250976562,123.25012894131825,118.59503796479268,122.39103355734177,917400
2025-09-10,124.87842559814453,125.50775976176014,121.53195309150033,121.53195309150033,1004900
2025-09-11,129.68336486816406,129.80323368411445,123.65970536163891,124.41890755523617,912100
2025-09-12,129.64340209960938,131.02195449292643,127.81532639104117,130.66233279217977,810800
2025-09-15,132.3905029296875,133.45938400639886,127.59555979318954,128.65443401879628,936800
2025-09-16,126.83635711669922,133.029828168832,125.49776358989487,133.029828168832,1066900
2025-09-17,125.38787841796875,130.18283676555987,122.30113450871609,123.9493992971919,1218400
2025-09-18,126.01721954345703,126.23698919699514,120.34319784859878,123.399974538884,989800
2025-09-19,139.0834503173828,139.72277608083047,126.62658191735167,126.64655751311254,1791400
2025-09-22,146.2359161376953,146.75537307803202,140.91152441674697,144.64759335542567,1556400
2025-09-23,146.1959686279297,150.24169369544737,144.71751539456818,149.02297656015872,1464500
2025-09-24,138.703857421875,147.1049937642394,138.41415412984935,144.83739406196185,1137800
2025-09-25,141.45095825195312,141.95043195306494,137.50510381898775,138.75378807176725,1474200
2025-09-26,147.5145721435547,148.64338767057532,142.0003778009024,143.67861748898304,1156700
2025-09-29,151.77008056640625,156.3552610008937,150.25169139911839,155.32634633457909,1202900
2025-09-30,154.27745056152344,157.63391468905328,147.84422638019717,148.41363375776587,1384400
2025-10-01,157.4341278076172,160.76060947838167,155.22644718596715,157.87365189174935,1380700
2025-10-02,157.0644989013672,162.19908804100845,145.0471626334926,162.19908804100845,1633700
2025-10-03,157.18438720703125,159.83159184995475,154.83685460464366,158.14336822220307,905400
2025-10-06,163.1980438232422,166.93411286048942,159.94148054790813,161.2800665037759,1649200
2025-10-07,156.67491149902344,164.00718198801698,155.5061448332897,164.00718198801698,1206300
2025-10-08,164.9661865234375,165.17597220140183,158.9225512104159,163.61760132600836,1178900
2025-10-09,150.47145080566406,165.87521778892224,146.25589158441275,165.57553052223693,1986000
2025-10-10,150.93096923828125,154.507203001816,148.28376454593715,151.57029500790748,1677800
2025-10-13,165.2059326171875,165.69540710777417,159.83159050866072,160.00140974444878,1532400
2025-10-14,161.48985290527344,165.44567638108717,158.3331752174467,159.8315964340156,723700
2025-10-15,173.90675354003906,175.15543782114577,164.8263251060858,165.84525574743273,1528800
2025-10-16,186.58340454101562,189.48034606521804,175.09550880140225,178.14230158958455,2271900
2025-10-17,160.35104370117188,177.58288665047937,154.49721122578498,176.66385685564367,3336800
2025-10-20,167.84315490722656,170.6102283704502,162.32896071229717,167.3736483860558,1431900
2025-10-21,136.24644470214844,145.3668399727922,133.55927357140703,143.8484355517816,4578100
2025-10-22,136.7159423828125,138.16441307072026,127.73540735078387,128.07505343140627,3225000
2025-10-23,139.85264587402344,143.11920837061646,139.15338569319908,142.3500145503453,1215300
2025-10-24,136.17652893066406,140.73172703877975,133.72909538998235,135.26748305799538,1447900
2025-10-27,125.09819030761719,130.7622127985967,118.87474445062543,126.3368829897594,2422400
2025-10-28,129.2438201904297,129.94308032567554,119.97358186622107,120.35318675795213,1180400
2025-10-29,129.67337036132812,136.22646341258533,128.14498193138004,136.096610604819,1530900
2025-10-30,135.84686279296875,136.59607334506222,127.36579385588877,129.02405020277695,1374600
2025-10-31,132.72015380859375,136.16651933250154,129.57347555692314,135.90679849268417,1025700
2025-11-03,130.06295776367188,134.09871408517108,127.92521078399434,131.47147735698996,754200
2025-11-04,118.94467163085938,123.77958121393057,118.74488519097686,122.37106166225713,1327300
2025-11-05,127.15602111816406,127.98514170481792,123.05034651177964,124.58872649079102,655300
2025-11-06,127.765380859375,134.65811981454857,127.49566077889752,129.5035472949245,1515900
2025-11-07,133.65916442871094,133.90890127732857,126.47673022363095,130.06294771152577,735500
2025-11-10,146.57554626464844,148.34368741288694,141.58080931471957,143.83844017143304,1524600
2025-11-11,149.25274658203125,149.7422210916781,142.54980228726095,148.80322326476684,893200
2025-11-12,159.3720703125,162.04925741893524,147.75432177236254,149.67229905742002,1259300
2025-11-13,150.29164123535156,161.23011279570366,147.84422302437216,160.1712309345008,1435900
2025-11-14,146.90521240234375,149.7222515823931,135.6970205769276,136.3163783729741,1100000
2025-11-17,142.3899688720703,149.8421238728123,139.06348713569545,144.8074352174866,786800
2025-11-18,144.83740234375,147.91416244805242,140.1523361677152,145.03718879359218,634300
2025-11-19,147.72434997558594,154.4073106826469,144.21803476112672,149.60236076811864,811300
2025-11-20,134.71804809570312,152.8389534729133,134.21857439154329,148.8431638396345,1143100
2025-11-21,136.77587890625,140.60184935366902,132.49040118159567,134.34844399235504,911500
2025-11-24,152.58921813964844,152.9887910098624,138.27429980681464,138.3142662394728,902500
2025-11-25,152.2495880126953,154.9167759363817,148.4336013494631,150.40152909062044,661800
2025-11-26,166.87417602539062,167.80318984547756,155.3962642374759,155.43623067175213,806600
2025-11-28,173.60707092285156,173.6170701527147,167.56345103429425,170.52032695537633,502700
2025-12-01,171.92884826660156,176.81370074527894,168.72222020730186,176.66386472309472,704100
2025-12-02,166.7243194580078,172.43829995948218,157.2543021186479,170.6002403521804,973500
2025-12-03,164.6964569091797,172.01874335587016,164.02716396425967,168.56239380492633,621600
2025-12-04,165.8252716064453,166.2747948965919,160.33106080020767,161.50981143849106,424500
2025-12-05,164.13705444335938,175.32526292838187,163.1680741893374,168.36259792423408,808200
2025-12-08,156.81475830078125,165.46564642740975,156.4851038302494,164.12706057208229,446800
2025-12-09,167.78321838378906,168.11285762470956,157.22433664821682,157.22433664821682,704800
2025-12-10,173.02769470214844,175.7448177456782,161.99930630669368,165.94514568977218,836400
2025-12-11,185.5345001220703,190.22954994938303,172.69803491562647,172.74797009246385,1357100
2025-12-12,182.937255859375,195.05447835844896,176.81370296380285,195.05447835844896,1103000
2025-12-15,179.4209442138672,187.0828689892936,174.60601040010246,186.86309934054003,843600
2025-12-16,178.8215789794922,185.28477025254253,174.44619947825572,180.6196874525414,583600
2025-12-17,182.8673095703125,186.63334555615288,178.3121118411072,184.55553312405914,563900
2025-12-18,182.31788635253906,189.06078137154879,178.93145524158996,181.31893894231538,602900
2025-12-19,191.69801330566406,195.29423029306258,182.22799556248626,182.22799556248626,671400
2025-12-22,204.9940185546875,208.4803354956479,199.8194626952681,202.7663547052052,726800
2025-12-23,204.7899932861328,205.99000549316406,198.0,205.2899932861328,618300
2025-12-24,202.86000061035156,203.97000122070312,196.0,202.27999877929688,437900
2025-12-26,208.89999389648438,211.08999633789062,202.00999450683594,207.5,587400
2025-12-29,185.0,192.0,180.1699981689453,190.0,1150200
2025-12-30,188.9499969482422,195.47000122070312,187.33999633789062,193.77999877929688,506900
2025-12-31,183.85000610351562,192.27999877929688,183.4600067138672,186.75999450683594,378800
2026-01-02,183.89999389648438,189.99000549316406,173.0,189.99000549316406,782300
2026-01-05,195.05999755859375,204.9199981689453,190.22999572753906,192.0,728100
2026-01-06,211.64999389648438,211.8000030517578,198.1999969482422,199.38999938964844,556400
2026-01-07,206.9499969482422,206.9499969482422,193.11000061035156,199.3699951171875,731200
2026-01-08,208.1999969482422,208.64999389648438,196.3699951171875,197.6699981689453,624300
2026-01-09,213.0,216.00999450683594,207.4600067138672,209.50999450683594,467800
2026-01-12,227.97999572753906,233.6999969482422,224.3000030517578,225.75999450683594,713400
2026-01-13,231.7100067138672,238.47000122070312,230.27000427246094,234.32000732421875,648500
2026-01-14,233.35000610351562,241.3800048828125,226.07000732421875,240.89999389648438,659100
2026-01-15,234.75999450683594,237.77999877929688,225.67999267578125,228.83999633789062,439300
2026-01-16,234.9199981689453,235.1199951171875,221.44000244140625,229.8800048828125,666500
2026-01-20,261.7699890136719,262.70001220703125,252.3699951171875,255.42999267578125,816500
2026-01-21,254.27000427246094,273.94000244140625,250.11000061035156,272.2099914550781,1219600
2026-01-22,272.989990234375,276.8900146484375,252.7100067138672,253.0,737400
2026-01-23,282.239990234375,285.6400146484375,271.6600036621094,274.44000244140625,770300
2026-01-26,285.67999267578125,311.95001220703125,285.010009765625,302.6099853515625,1210300
2026-01-27,294.5,295.1099853515625,266.0,287.04998779296875,928800
2026-01-28,309.510009765625,310.5,293.04998779296875,300.9100036621094,1035000
2026-01-29,286.1199951171875,317.989990234375,268.8500061035156,316.82000732421875,1552900
2026-01-30,213.91000366210938,254.9499969482422,208.27999877929688,238.60000610351562,2319100
2026-02-02,213.6199951171875,225.4600067138672,203.63999938964844,212.25,1353600
2026-02-03,231.57000732421875,239.72000122070312,220.0,239.02999877929688,1109000
2026-02-04,233.9600067138672,245.75999450683594,216.47000122070312,245.75999450683594,1033700
2026-02-05,204.44000244140625,226.97000122070312,203.89999389648438,214.1699981689453,860400
2026-02-06,225.8699951171875,228.52000427246094,215.5800018310547,216.14999389648438,605800
2026-02-09,251.35000610351562,252.58999633789062,231.3699951171875,231.91000366210938,828700
2026-02-10,252.72000122070312,255.97999572753906,246.55999755859375,249.22000122070312,405800
2026-02-11,266.25,268.6499938964844,249.5800018310547,264.19000244140625,613900
2026-02-12,227.72999572753906,265.2799987792969,227.72999572753906,260.8800048828125,816200
2026-02-13,253.5399932861328,254.66000366210938,233.44000244140625,240.05999755859375,798500
2026-02-17,236.1300048828125,240.27000427246094,222.2100067138672,233.27999877929688,744000
2026-02-18,246.8300018310547,251.77000427246094,240.8000030517578,243.2899932861328,373300
2026-02-19,254.4199981689453,254.85000610351562,240.0,243.6199951171875,542300
2026-02-20,264.20001220703125,264.9599914550781,243.9199981689453,254.72000122070312,681900
2026-02-23,284.70001220703125,285.8599853515625,271.0,272.42999267578125,741900
2026-02-24,286.95001220703125,290.54998779296875,264.6300048828125,267.95001220703125,579000
2026-02-25,288.4599914550781,299.17999267578125,287.2099914550781,294.1400146484375,401700
2026-02-26,303.1199951171875,303.1199951171875,278.6199951171875,285.5299987792969,518800
2026-02-27,313.5299987792969,313.80999755859375,305.0400085449219,309.32000732421875,640500
2026-03-02,310.2300109863281,320.7900085449219,288.510009765625,317.07000732421875,884600
2026-03-03,256.3500061035156,271.0,242.00999450683594,269.0,1625900
2026-03-04,258.989990234375,270.30999755859375,251.8000030517578,269.95001220703125,605200
2026-03-05,239.6999969482422,250.0,228.0,250.0,1186600
2026-03-06,237.02000427246094,242.52000427246094,223.0,227.10000610351562,745900
2026-03-09,242.1699981689453,242.5,211.57000732421875,225.0,782900
2026-03-10,246.11000061035156,257.3800048828125,245.13999938964844,249.52000427246094,603700
2026-03-11,236.97999572753906,240.1999969482422,226.3000030517578,240.10000610351562,596900
2026-03-12,227.0800018310547,235.85000610351562,223.03280639648438,235.0500030517578,410519
