date,close,high,low,open,volume
2021-02-19,33.77232360839844,34.37482062941435,33.73161506373073,33.89445234826445,81500
2021-02-22,33.886314392089844,34.061363958450094,33.56878334284645,33.56878334284645,120100
2021-02-23,33.83747100830078,34.90404951997398,33.70720175855963,34.06544141888182,169800
2021-02-24,34.09800720214844,34.480671350339684,33.67463139265149,33.80490063358411,98900
2021-02-25,33.89446258544922,34.659794016289936,33.837469984528305,34.122432989132875,119400
2021-02-26,33.414100646972656,34.321100019902445,33.365248505613565,33.86190107223888,137200
2021-03-01,33.72347640991211,34.30968947738864,33.67462739153128,33.87817325042026,73400
2021-03-02,33.764190673828125,34.07764995414426,33.210545646425665,33.62577786404573,79600
2021-03-03,34.472530364990234,35.274501629220445,33.86189272492017,33.86189272492017,484100
2021-03-04,34.02473068237305,35.00989201458549,33.78861671175111,34.70864497619485,145300
2021-03-05,34.0165901184082,34.62722782387047,32.92558396041439,34.399257407707694,142500
2021-03-08,35.49839782714844,35.982837982638245,34.13871293158549,34.39111092381428,289300
2021-03-09,35.62052917480469,36.0113368936189,35.29485452286101,35.832215524463514,153800
2021-03-10,35.42512130737305,35.9714395819169,35.40069679722226,35.84849708321285,125200
2021-03-11,36.426570892333984,36.426570892333984,35.52282671695176,35.70194497366517,147500
2021-03-12,37.10014724731445,37.28884730599282,36.386365090471344,36.386365090471344,143200
2021-03-15,38.00263214111328,38.3061928793184,36.91145282986452,36.91145282986452,145900
2021-03-16,37.14117431640625,37.904180790883125,36.93606511637952,37.904180790883125,108600
2021-03-17,37.60061264038086,37.64983683566605,36.65710925432776,37.19859731048659,121000
2021-03-18,37.69906997680664,38.17492167304215,37.29705458489023,37.52677900729299,121300
2021-03-19,36.94427490234375,37.748302738764565,36.77280388003623,37.65805730311739,343900
2021-03-22,36.79658889770508,36.87042833423077,36.09921887585418,36.673525256640914,136400
2021-03-23,37.41191101074219,37.80572336765813,36.607883447330735,36.607883447330735,206700
2021-03-24,37.20680236816406,38.59334236716757,37.07553262391047,37.55138740290323,176800
2021-03-25,37.748294830322266,37.75650095075553,36.36175780030473,36.89504295862113,119500
2021-03-26,38.33080673217773,38.57693713618279,37.87956400683092,37.95340344100423,172600
2021-03-29,37.74008941650391,38.53591404266594,37.54318322508112,38.158510769915424,132900
2021-03-30,37.64984893798828,38.429264620955415,37.48576093161861,37.60882771882547,188000
2021-03-31,37.81393051147461,38.26517010493779,37.30526059500982,37.69906986547139,142200
2021-04-01,38.24876403808594,38.32260347778124,37.5431878653793,38.15031249506491,97300
2021-04-05,38.18312454223633,38.73281562570543,37.74829096561225,38.44566403429883,135700
2021-04-06,38.39643859863281,38.53591447113259,37.87956257890408,38.53591447113259,82900
2021-04-07,38.322601318359375,38.46207719868819,38.06826791907652,38.150310345351386,79500
2021-04-08,38.33080673217773,38.57693713618279,38.24055818710837,38.429258267836175,68900
2021-04-09,38.43745803833008,38.52770657583888,37.838539624528885,38.20773676446596,69900
2021-04-12,38.64255905151367,38.64255905151367,38.03543777603381,38.19952570687487,53800
2021-04-13,39.37276840209961,39.389174386028266,38.61796482292648,38.70000726144341,70300
2021-04-14,39.20046615600586,39.659911853826245,39.15944494524209,39.28251170725116,65400
2021-04-15,40.11115264892578,40.1357647501874,39.31943105125922,39.46300685814842,49400
2021-04-16,39.99628829956055,40.472143078004365,39.79938211854852,40.472143078004365,58200
2021-04-19,40.34087371826172,40.52137080576931,39.53684607438276,39.70914017142084,93100
2021-04-20,41.68639755249024,41.68639755249024,40.201405724538326,40.201405724538326,131500
2021-04-21,41.04644012451172,41.92430699395931,41.03003101773399,41.6699736631972,85000
2021-04-22,41.4894905090332,41.83407560729844,40.91108416762399,41.00543265103743,106600
2021-04-23,41.40743637084961,41.883287973319696,41.06285137000406,41.48947877929427,88600
2021-04-26,41.59613800048828,42.37555342930784,41.530501567455424,41.55511679470144,73400
2021-04-27,41.2187385559082,42.00635698653715,40.65263526599823,40.94799295991344,107300
2021-04-28,40.94799041748047,41.95712705588922,40.81672068719276,41.95712705588922,94100
2021-04-29,40.43111801147461,41.214636531949246,40.25062407266027,40.93979099920666,72800
2021-04-30,41.15310287475586,41.423848475704105,40.25882678724779,40.25882678724779,105600
2021-05-03,41.054664611816406,41.71101352800994,40.69367036062109,41.66999230757006,138300
2021-05-04,40.2014045715332,41.07106873590163,40.00449835573952,40.9233898564859,104300
2021-05-05,39.72554397583008,40.01269870201536,39.30712263101763,40.01269870201536,80100
2021-05-06,40.55418395996094,40.56238694940551,39.55325024298116,39.64349877545867,78700
2021-05-07,41.13669204711914,41.14571815199394,40.43932216486782,40.43932216486782,142600
2021-05-10,41.33360290527344,42.03917898651456,40.98081486465288,41.13669671503868,99400
2021-05-11,40.447532653808594,41.43780044880493,40.209605236324805,40.9151813683289,88100
2021-05-12,39.90604782104492,40.91108483855933,39.60248706333917,40.32447236653493,123200
2021-05-13,41.030029296875,41.37297429362695,39.99628065097152,39.99628065097152,95400
2021-05-14,41.292579650878906,41.45666448328055,40.75929455642086,41.37462206707973,72900
2021-05-17,41.13669204711914,41.35821031235268,40.93978900894536,41.16951026338722,64500
2021-05-18,40.92338562011719,41.84227389602258,40.824930957553256,41.32539787157426,64700
2021-05-19,40.42291259765625,40.93158242516523,40.07422766049056,40.578794428583286,85200
2021-05-20,41.00542831420898,41.19412839079668,40.29985220974852,40.45573719498196,82500
2021-05-21,41.202335357666016,41.501793024378784,40.86185334891117,41.358217216385135,299100
2021-05-24,42.16223907470703,42.39196033591645,41.25155388960192,41.25155388960192,94300
2021-05-25,42.18684768676758,42.61347508641564,42.15403260196173,42.21966590129063,91800
2021-05-26,42.424781799316406,42.6216879880748,41.78484216285759,42.531439448632106,189700
2021-05-27,42.36734390258789,43.13855628010612,42.36734390258789,42.63808947249547,265900
2021-05-28,42.531436920166016,42.744749076398456,41.95713062762367,42.33453074311356,104100
2021-06-01,43.55698776245117,43.63903018665606,42.4658053681625,42.605281244972254,94400
2021-06-02,44.311790466308594,44.35281481033796,43.616060406113256,43.90977818445229,90600
2021-06-03,43.80311584472656,44.36921918279707,43.7456855248814,44.36921918279707,85500
2021-06-04,43.88516616821289,44.098478360882616,43.58980841704093,44.098478360882616,82000
2021-06-07,44.54150390625,44.836861583940525,43.9343794432509,43.9343794432509,84900
2021-06-08,46.11674880981445,46.50235508251513,44.63176030037498,44.73841482411608,109400
2021-06-09,46.264434814453125,46.56799558144867,45.82139815145316,46.22341359670534,95000
2021-06-10,46.60081481933594,46.72798466574898,46.10855393623793,46.21521160847257,70700
2021-06-11,46.55158615112305,46.81412568093057,46.23161316505944,46.66644680419908,78500
2021-06-14,46.73399353027344,47.04764538110019,46.53589994453922,46.53589994453922,79900
2021-06-15,46.54415893554688,46.94034931016388,46.40384288873389,46.81654158920675,112700
2021-06-16,46.51113128662109,46.97335485537218,46.255260167957125,46.77525814058158,81100
2021-06-17,46.47813034057617,46.816543160375446,46.08193995266297,46.816543160375446,91900
2021-06-18,45.24002456665039,46.71748325642972,44.9676419618357,46.29653204283687,187300
2021-06-21,46.25526428222656,46.65970718579736,45.25653433006435,45.47113623725528,116500
2021-06-22,46.1727180480957,46.54414741632438,45.405098403303256,46.26351224351165,64900
2021-06-23,45.69398880004883,46.18922585305221,45.48763950319069,45.90859068337952,78200
2021-06-24,45.38034057617188,46.09018271728518,44.62922920215119,46.09018271728518,72300
2021-06-25,45.4381217956543,45.85082045528538,44.885107103096274,45.42161347143215,219200
2021-06-28,44.91812515258789,45.3886045689711,44.24955527139729,45.3886045689711,82800
2021-06-29,44.78605651855469,45.32256602787413,44.75304301922247,44.78605651855469,67500
2021-06-30,45.38034057617188,45.42160980907926,44.720023403731815,44.720023403731815,131200
2021-07-01,45.611454010009766,46.44097918899419,45.05843932311407,45.4628853908134,104600
2021-07-02,45.6362190246582,45.9498677423033,45.52066390251097,45.9003459177493,55200
2021-07-06,46.3212890625,46.57716332292923,44.96763818516422,45.49589187889132,73400
2021-07-07,46.27177047729492,46.56065825227187,45.94573818916917,46.24700641898219,83800
2021-07-08,46.2139892578125,46.453352045824566,45.48351099400088,45.76001829221642,72500
2021-07-09,47.113677978515625,47.12193056586548,46.05716732521192,46.6184377242243,63300
2021-07-12,48.43430709838867,48.52510129257868,46.882559507985874,46.882559507985874,114500
2021-07-13,47.99684524536133,48.39138246103681,47.85652609340626,48.17843047620169,106000
2021-07-14,48.93780899047852,49.201935887096894,48.18669753784982,48.211458450457485,118400
2021-07-15,49.45779800415039,49.68065562279472,48.78097256173741,48.91303598589994,84200
2021-07-16,49.226688385009766,50.22541823891753,49.21843579843154,49.8292279617138,76100
2021-07-19,47.88954925537109,48.98732597049299,47.51811985978825,48.98732597049299,89600
2021-07-20,50.22542190551758,50.85272558503212,48.05462938332142,48.05462938332142,168500
2021-07-21,49.81272888183594,50.88574795723061,49.81272888183594,50.42352430708151,120800
2021-07-22,49.23495101928711,50.4482829292918,49.14415681100194,49.55685546783205,81500
2021-07-23,50.37399673461914,50.43177429432796,49.3612364032655,49.416535982620594,55100
2021-07-26,50.39875030517578,50.860970686641735,50.07271805831165,50.34922534345863,63200
2021-07-27,49.85399627685547,50.84447048014289,49.5155835227161,49.62288290059979,73900
2021-07-28,49.02033996582031,50.20065823204952,48.500338840122005,49.74669039472455,74700
2021-07-29,49.68891525268555,49.969550444608,48.88827890983368,48.88827890983368,71100
2021-07-30,48.657169342041016,50.53907409637716,48.58370840619587,49.474310870154056,102300
2021-08-02,48.8387565612793,49.85399800758314,48.69018794454105,48.92129818017923,125600
2021-08-03,49.04510498046875,49.15240750873805,48.20320252371198,49.13589918526271,126000
2021-08-04,48.0216178894043,49.02860366007987,47.93907941417952,48.57463260042055,57300
2021-08-05,49.1606674194336,49.292730869810114,48.26098417979326,48.33527006742012,76500
2021-08-06,49.80447769165039,49.99431870990414,48.82225594973546,49.30924052652243,73600
2021-08-09,48.739707946777344,49.73018529609577,48.62415283327432,49.54034430267785,49400
2021-08-10,48.91304016113281,49.15240612180987,48.368278096381296,48.95431254297695,115500
2021-08-11,49.36701202392578,49.4412979044298,48.940279895801794,49.135898646446215,84600
2021-08-12,49.03684997558594,49.49081782853485,48.99558074325251,49.35875439588352,65100
2021-08-13,49.21844100952149,49.50320093190587,48.95431413008743,49.069869246259735,48200
2021-08-16,48.86352157592773,49.622885592798085,48.79748827951769,49.31748946850378,46200
2021-08-17,48.64891815185547,48.70669571384229,47.90606243403582,48.46733287788585,61500
2021-08-18,49.061614990234375,49.46606105767934,48.37653685998542,48.78097977878952,114700
2021-08-19,49.73019409179688,49.94479603359584,49.14416268472928,49.14416268472928,85800
2021-08-20,50.68764114379883,51.133356380593874,49.507322914123286,49.507322914123286,113200
2021-08-23,49.86225128173828,50.95177547709321,49.83749037004776,50.927014565402686,54700
2021-08-24,50.118125915527344,50.39876112824352,49.57336381421252,49.69717152213264,103100
2021-08-25,50.25018310546875,50.662881711117976,49.86224540859352,50.44002408623054,71400
2021-08-26,50.67113494873047,51.1044697496848,50.17177000731712,50.38224718052127,85000
2021-08-27,52.1733627319336,52.31368191064263,50.638123245601626,50.72891745265321,124100
2021-08-30,53.28763961791992,53.42796192364288,51.87621120394498,52.14033804812835,73400
2021-08-31,53.47749710083008,53.7251125369004,53.01114556517169,53.08955932397608,127700
2021-09-01,54.484474182128906,54.72384014006713,53.18860075279522,53.51875461464536,128200
2021-09-02,55.02923202514648,55.17780377901117,54.385423190826586,54.74859998855828,115800
2021-09-03,55.36764907836914,55.56574265526284,54.83939534179842,54.99621653725202,138100
2021-09-07,54.7403564453125,55.46670390527419,54.55051226859207,55.30162694078189,119600
2021-09-08,54.53400039672852,54.98797143927889,54.04701900315789,54.51749522121839,106200
2021-09-09,53.69209671020508,54.608288214023496,53.6590800626381,54.608288214023496,120900
2021-09-10,52.37145614624024,53.98923714933105,52.30542285488768,53.92320385797849,112700
2021-09-13,51.58732604980469,52.8419270485323,51.422245976717214,52.8419270485323,119300
2021-09-14,52.01140975952149,52.06120641028825,51.13998894953967,51.67944158548301,133500
2021-09-15,51.82883071899414,52.426374725689136,51.73753843807746,51.82883071899414,142400
2021-09-16,51.480262756347656,52.16080121484212,50.88271872322668,51.62135169652576,101300
2021-09-17,51.57156753540039,52.2189083805749,50.94912344091279,51.60476531359252,292800
2021-09-20,51.480262756347656,51.928423155623605,50.78312541277851,50.949111097611855,79700
2021-09-21,51.17319107055664,52.16910200923128,51.148294326011694,51.70434272693949,69400
2021-09-22,51.87863540649414,52.37659254647933,51.36408254449886,51.662856195307135,94400
2021-09-23,52.05291366577149,53.03222573234434,51.920125749926704,51.920125749926704,93600
2021-09-24,52.3765869140625,52.78324854377607,51.92842648604387,52.077813295383415,70900
2021-09-27,52.12760925292969,53.29780379974662,52.06951473518028,52.37658620984342,87500
2021-09-28,51.538360595703125,52.451280338218815,50.575647360664966,51.29768466137895,116700
2021-09-29,51.79563903808594,52.550870951825885,51.62965334108416,51.62965334108416,99900
2021-09-30,51.35577774047852,52.87453937220696,51.34747671468156,51.9533217953963,111000
2021-10-01,51.95331573486328,52.57575962864797,51.31427612324809,51.31427612324809,97500
2021-10-04,52.39318084716797,52.63385675865023,51.812232550869496,51.95331832084484,55100
2021-10-05,52.335086822509766,52.72100218610306,51.49271004376366,52.50106933793237,55300
2021-10-06,52.99073028564453,53.12352137579608,51.69604881580533,51.80393682768271,61700
2021-10-07,53.32270050048828,53.79575766799773,53.09032242968751,53.30610478050004,132900
2021-10-08,52.70026016235352,53.496987745146114,52.58407111893551,53.40569544934226,76100
2021-10-11,52.46787643432617,53.13596652806262,52.14835343336684,52.91603367276622,81800
2021-10-12,53.82896041870117,53.982494587146896,52.38074152337003,52.60067124156508,63700
2021-10-13,54.144325256347656,54.2190218265288,53.41399326563778,53.82895591914222,91600
2021-10-14,55.18172836303711,55.223227158466095,54.21901836099106,54.66717875794993,81500
2021-10-15,54.67547607421875,56.01995732958673,54.66718138019683,55.82907172601515,73700
2021-10-18,54.67547607421875,54.899559449360495,54.33935734333362,54.48459680247467,48200
2021-10-19,55.156829833984375,55.25642314069543,54.54268693883372,54.982546296110286,81000
2021-10-20,56.86647415161133,57.06566076635031,55.256423506013576,55.4721995075736,76300
2021-10-21,57.62171173095703,57.787694252173054,56.829131578721785,57.02416452365564,74300
2021-10-22,58.79189682006836,58.94958463074294,57.53041333015163,57.53041333015163,93000
2021-10-25,59.33966064453125,59.65502998807917,57.92879012697279,58.87490448944428,80800
2021-10-26,58.68401718139648,59.75462157781837,58.64252471550841,59.60523477060072,77700
2021-10-27,58.63423538208008,59.51395434899688,58.43505504334641,58.59273657608903,63500
2021-10-28,58.79189682006836,59.4981677591173,58.617613291766965,58.69230985065421,108700
2021-10-29,58.77530670166016,59.2981573363736,58.56782538651284,58.79190242086796,133800
2021-11-01,58.60932540893555,59.01598702222388,57.8872881376532,59.01598702222388,92300
2021-11-02,59.07408142089844,60.89161980219839,58.18606162852164,60.89161980219839,107300
2021-11-03,60.01190185546875,60.65094794020653,58.94129736162458,58.94129736162458,115400
2021-11-04,59.12386703491211,60.54303830852047,58.9412824853555,60.54303830852047,75900
2021-11-05,61.91241455078125,62.15890621925188,59.69651593326434,59.69651593326434,79700
2021-11-08,62.02860641479492,62.59295579260157,61.53065257127767,62.11159766674335,67300
2021-11-09,62.16141128540039,62.368892627252976,61.45597598946721,62.31909279956528,86600
2021-11-10,62.56806564331055,63.544059838364944,62.28589409058672,62.28589409058672,82800
2021-11-11,63.406288146972656,63.696760707939895,62.22779585286162,62.617855387973655,75000
2021-11-12,64.55158996582031,65.04124919405542,63.00792837389511,63.78806019591666,99400
2021-11-15,66.11185455322266,66.13259762092451,64.56238032139824,64.96655355019705,133900
2021-11-16,65.31510925292969,66.82557283002386,65.10348061109956,66.04544746503674,206600
2021-11-17,64.34410858154297,64.96655256704504,62.43528415843316,64.96655256704504,83300
2021-11-18,64.51839447021484,64.77982297976206,64.0370425828798,64.22792186617787,78600
2021-11-19,63.60547637939453,64.5001383108561,63.34820155491863,64.4271006779478,111700
2021-11-22,63.83784484863281,64.94164688399928,63.215400948786176,63.73825787702649,57000
2021-11-23,64.61798095703125,64.90845353034818,63.66356564599515,63.66356564599515,58200
2021-11-24,65.43960571289062,65.771577084414,64.31920787434808,64.31920787434808,73400
2021-11-26,63.22370910644531,64.50428322634578,62.700858451044994,64.2362189775171,47800
2021-11-29,63.912559509277344,64.49350478092789,63.26521868320143,63.83786292759167,67700
2021-11-30,61.89582443237305,63.36478928589105,61.580448796377645,63.20710779972029,162800
2021-12-01,60.974605560302734,63.84614599734412,60.899908999626376,62.83363623853798,89900
2021-12-02,63.738258361816406,63.97063640643432,61.04100144196577,61.04100144196577,90600
2021-12-03,64.26111602783203,64.46859735217195,63.028676454706726,63.71336229229744,90300
2021-12-06,65.57239532470703,66.01225469109136,64.6594788223473,65.3400172693966,143000
2021-12-07,65.53089141845703,66.66706172462756,65.38980565756975,66.37741864743397,137800
2021-12-08,65.96245574951172,66.344220570508,64.8586537462112,65.406401069614,83600
2021-12-09,64.64289093017578,65.5973064365239,64.63458990300309,65.5973064365239,72800
2021-12-10,64.80886840820312,65.21553639405316,64.11173414416538,65.04954752273845,74200
2021-12-13,64.974853515625,65.25702508277223,63.70506879980719,64.40220302346103,97100
2021-12-14,63.68219757080078,65.29593376567294,63.12343702305576,64.91647441170886,154700
2021-12-15,64.9415054321289,65.64203997452029,63.3986496830169,63.64050271199818,176800
2021-12-16,64.36603546142578,65.33594772612062,63.48202613030772,65.01653337396239,102200
2021-12-17,65.44187927246094,65.92558526475386,63.84065222491611,63.84065222491611,526000
2021-12-20,65.20002746582031,65.65037377416664,63.44868495294734,64.74133964360345,179400
2021-12-21,65.70874786376953,66.23414867857713,65.27507824541463,65.80048542293267,106800
2021-12-22,66.22582244873047,66.60944940112917,65.3601564882591,66.03400579117547,131700
2021-12-23,65.64202880859375,66.54272137792465,64.88311651676325,66.30086839008337,77300
2021-12-27,67.51846313476562,67.65190188827015,65.9255777817427,66.18410741327025,117300
2021-12-28,67.99383544921875,68.72773595323368,67.17654525865213,67.17654525865213,105400
2021-12-29,68.78609466552734,69.31983686740053,67.63520787303729,68.3524251498123,113600
2021-12-30,69.0029296875,69.89528061345926,68.91536607870229,69.08632572154384,219100
2021-12-31,69.91197967529297,70.50409992435566,68.70271463477538,68.82781189589251,128900
2022-01-03,68.57762145996094,70.47907940514793,67.9104403312904,70.1204706619619,150400
2022-01-04,68.91119384765625,69.41158278972937,68.51923184167322,68.86115749853282,134900
2022-01-05,68.00216674804688,69.47829632265871,67.76031378761822,69.21976669996691,78000
2022-01-06,67.47676849365234,68.32741828024636,67.1098182831518,67.81869416576514,68100
2022-01-07,66.04232788085938,68.19397351469844,65.86719430384396,67.10147085501248,98000
2022-01-10,66.40094757080078,66.55939815000094,65.30010321629265,65.88388190326269,114000
2022-01-11,65.73377227783203,66.50936766625416,64.49948905007547,66.44264827822168,106200
2022-01-12,66.8012466430664,67.0923024518923,65.79213991623098,65.79213991623098,92200
2022-01-13,69.04464721679688,69.59506626184287,67.30163978827726,67.30163978827726,102600
2022-01-14,68.7694320678711,69.83691678867059,68.18982092512243,68.77777358176476,112200
2022-01-18,68.75274658203125,69.17806829537837,67.60603353313871,68.41081454607885,82300
2022-01-19,66.60943603515625,69.41992140485527,66.517698482044,69.37822656607426,109500
2022-01-20,65.38349914550781,68.01051595758871,65.26674340832292,66.6094407486596,81800
2022-01-21,65.07491302490234,66.84710567313044,64.71630437569371,65.39182684118992,109500
2022-01-24,65.45022583007812,65.92559034528651,63.27355505972629,64.62458770152317,115900
2022-01-25,64.26597595214844,65.43353976275839,62.98165639674858,64.31601867328045,125500
2022-01-26,63.21516799926758,66.03399498620033,62.55632844011168,65.08326609392732,102500
2022-01-27,62.381195068359375,64.44944494718978,61.680654303606296,63.09841249676145,126500
2022-01-28,64.91646575927734,64.96650847400862,61.66397562369804,62.8398744351667,129800
2022-01-31,66.13407897949219,66.2508347214314,64.15756015487412,64.15756015487412,102300
2022-02-01,65.2333755493164,66.3508964260764,64.39522852903673,66.3508964260764,85400
2022-02-02,65.89221954345703,66.43430335675635,65.56697052801947,65.63368354352991,91200
2022-02-03,65.22505187988281,66.41763396894022,64.44111493159417,65.04157673345684,97500
2022-02-04,64.69129943847656,65.5502907974414,63.56793746112271,64.6162449062379,108400
2022-02-07,64.9248046875,65.43352878849656,64.12419127348323,64.42442209907826,82200
2022-02-08,63.69887161254883,65.23338563052927,63.60296647477213,64.57454602982844,71200
2022-02-09,64.55787658691406,65.3501486814907,63.848994187574434,64.38273659369769,107100
2022-02-10,64.88313293457031,65.47107934472645,63.40699645642084,63.87401952341353,155100
2022-02-11,65.7671127319336,66.05900201579577,64.45777534771535,65.01653574292428,118800
2022-02-14,65.50025939941406,67.0180904501936,65.48357637140268,66.16743417751849,148200
2022-02-15,68.04387664794922,68.56094237050551,66.84295945515473,66.84295945515473,102300
2022-02-16,71.74671936035156,72.45559536691695,68.58762693558452,69.04464774860638,153400
2022-02-17,69.95367431640625,71.54656628704706,69.63676677018377,71.53822477294065,105900
2022-02-18,70.60417175292969,71.53821763287029,69.86192977660497,69.86192977660497,125400
2022-02-22,70.60417175292969,71.554900659418,69.32818745586452,71.554900659418,123600
2022-02-23,70.71258544921875,71.7133507024933,70.31227553028275,71.3464068364048,76100
2022-02-24,69.9369888305664,70.88771771204048,68.64432790367454,70.26223784987542,161200
2022-02-25,72.78084564208984,72.93930260200204,70.26224912583676,70.479083961078,71100
2022-02-28,70.86270141601562,73.3062430635579,69.930316203267,72.74748256558017,170500
2022-03-01,69.74517059326172,72.03859670148309,69.69513424151319,70.69589945274394,169300
2022-03-02,72.15534210205078,72.31379901018558,70.12878743109545,70.12878743109545,121000
2022-03-03,73.25619506835938,73.51556457459287,72.1303326402488,72.62238008469869,77400
2022-03-04,76.12506103515625,76.1500792092962,72.4889379302597,72.4889379302597,108900
2022-03-07,75.69141387939453,76.96739193264426,75.33697270339808,76.11673565533714,137300
2022-03-08,73.95674896240234,76.20430664393105,73.61481687164977,75.64137214826219,127300
2022-03-09,74.94917297363281,75.6997437554434,73.877514368984,75.54129317577987,152800
2022-03-10,73.66485595703125,74.68230430218573,72.36385340882372,74.09017771754478,127000
2022-03-11,74.33201599121094,75.47456136543997,73.53974413522104,74.1902420991217,98100
2022-03-14,73.46098327636719,75.0104383942247,72.64856457615149,75.0104383942247,72900
2022-03-15,72.65694427490234,74.25665643216736,72.15441913715891,74.25665643216736,92300
2022-03-16,72.36380004882812,73.90487788139983,70.78084246191233,73.37722748241235,104200
2022-03-17,73.7708740234375,74.14358083253036,71.87802287199968,71.87802287199968,66100
2022-03-18,73.4944839477539,74.88481001610845,72.62343744528242,74.08076217540135,227200
2022-03-21,72.68207550048828,74.0305220038699,72.21305285233966,73.49449429457025,123000
2022-03-22,73.76249694824219,74.1310183386579,73.09245921838696,73.12596174387505,85600
2022-03-23,72.89984130859375,73.41912096577789,72.54304541591928,73.17623240306052,58500
2022-03-24,73.03382873535156,73.36047035951792,72.56899159481434,72.92495032394716,138700
2022-03-25,73.89651489257812,73.89651489257812,72.38055580563666,73.40236057662749,80000
2022-03-28,74.6167984008789,74.75080851974496,73.72900372823085,73.72900372823085,56000
2022-03-29,77.43093872070312,77.74083229498983,74.7424233003893,75.46271163741521,121800
2022-03-30,75.74748229980469,77.46444368611985,75.41246341785543,77.43094115892956,77300
2022-03-31,75.63860321044922,77.30532051698432,75.54647285119535,76.04900440710887,104200
2022-04-01,77.07917022705078,77.17130057457693,75.17794823436822,75.31195194625411,123300
2022-04-04,75.15281677246094,76.92840574649381,73.63016130147675,76.92840574649381,90400
2022-04-05,73.82113647460938,76.39239660642241,73.7290061123983,75.40409431266617,78800
2022-04-06,75.4962158203125,76.65202424255492,73.72899746510153,73.72899746510153,100000
2022-04-07,74.1645278930664,75.78935899853514,73.65362551337068,75.35383890582031,103700
2022-04-08,73.00035095214844,74.55985774559856,72.84959275002323,73.93001907697334,94200
2022-04-11,70.89810943603516,72.89983932646581,70.3788297929701,72.89983932646581,114800
2022-04-12,70.98186492919922,71.7440331537293,70.30764164978977,71.06561806410411,98200
2022-04-13,72.6234359741211,73.21809141867544,71.19961379870401,71.3671200346519,99300
2022-04-14,72.90821838378906,73.99702190853144,72.77420825707671,73.05059935095503,83100
2022-04-18,71.92827606201172,73.05896556835317,71.62675971231447,72.90820739350455,70000
2022-04-19,74.1561508178711,74.60842537083658,72.01204009858638,72.38055513474221,91500
2022-04-20,76.17462921142578,76.66878352642586,74.99369541719204,74.99369541719204,80100
2022-04-21,75.44596099853516,77.41000259536484,75.36220788102743,76.88653762349992,111000
2022-04-22,74.77593994140625,75.44597781068381,74.62518174031653,75.2952196095941,89200
2022-04-25,75.01044464111328,75.44597113459108,73.05897182018785,74.31528792144788,142100
2022-04-26,78.13449096679688,78.60351362468056,73.96351847790946,73.96351847790946,130700
2022-04-27,77.7575912475586,79.13954029180664,76.49290425617525,78.11773546648439,138700
2022-04-28,79.56668090820312,79.60018343537998,76.3337605201051,78.55325342342994,150000
2022-04-29,74.67543029785156,79.56668446516372,74.3655367000775,79.39917821174497,186300
2022-05-02,68.78749084472656,74.58330055393664,68.41059857646246,74.58330055393664,236100
2022-05-03,70.10242462158203,70.56726175989877,67.88293831155475,69.17275034494857,117700
2022-05-04,68.0169448852539,69.87629351690082,65.94821026157385,69.87629351690082,156400
2022-05-05,64.79240417480469,67.44741711398778,64.00511077216287,67.25478557288623,142300
2022-05-06,63.7873649597168,65.34519118600208,62.53104874597194,64.76729007284865,90500
2022-05-09,60.22779083251953,62.81579867056932,59.86764666454346,62.13739008971228,179200
2022-05-10,62.35515213012695,63.08381775592228,61.06533991290224,61.06533991290224,206600
2022-05-11,63.46071243286133,64.88034939963781,62.49754184822835,62.61479750879157,118700
2022-05-12,61.93639373779297,63.20946455574256,60.52931916477024,63.09220887382028,182600
2022-05-13,62.37189865112305,62.93305156108537,60.855946154374536,62.38864671845562,123600
2022-05-16,61.08208465576172,63.56121414845561,60.54605700274432,61.83587553967796,149400
2022-05-17,61.87775039672852,62.363527465838885,60.42880280880591,61.3082202029328,92500
2022-05-18,60.554447174072266,61.76050645615112,59.45725994578115,60.864334433169006,190600
2022-05-19,59.56612014770508,61.03600728520257,59.22272410643623,59.4739898141916,198500
2022-05-20,59.45725631713867,60.30317768214495,58.41032614904588,60.30317768214495,159100
2022-05-23,59.993289947509766,60.37855952043356,59.18087742479637,60.21105323305983,102800
2022-05-24,60.47067642211914,60.58793207514629,58.54432898670596,59.323245190359984,109400
2022-05-25,60.08540344238281,60.42879954196839,59.2562366899019,60.03515284827896,130200
2022-05-26,60.395301818847656,60.973209256813895,59.72358985645258,60.54606000310172,95700
2022-05-27,62.330020904541016,62.71948217455852,60.98995182643108,60.98995182643108,62300
2022-05-31,61.54275131225586,62.3300385238451,60.57119696226866,61.91126641918617,190000
2022-06-01,62.59803009033203,63.10055515871168,60.41203997242528,61.852616521079085,163400
2022-06-02,63.427207946777344,63.72034705961354,61.31659355444993,62.61478926980746,76600
2022-06-03,62.12063980102539,63.17594707870668,61.810752596355535,63.17594707870668,97000
2022-06-06,61.00669860839844,62.53103474068807,59.54099668730758,62.53103474068807,125500
2022-06-07,61.29985427856445,61.400355480263705,59.81739765395709,60.319922832316365,163800
2022-06-08,59.20598602294922,61.492477511209714,58.999111279547584,61.492477511209714,134400
2022-06-09,57.17913436889648,59.272994672854175,56.96974833850072,59.272994672854175,124700
2022-06-10,55.09365081787109,56.76873904652004,54.60787369797382,56.76873904652004,389600
2022-06-13,51.09856033325195,53.9880879022538,50.86404902509332,53.9880879022538,158600
2022-06-14,51.40196990966797,51.65480728189178,49.74166591422895,51.38511365618616,162700
2022-06-15,51.2249755859375,52.531307768877056,50.48331979904429,52.18575943055014,173700
2022-06-16,49.21913528442383,50.32319256822576,48.74716982840822,50.13778020854241,322600
2022-06-17,49.85123062133789,50.550747467682925,48.45219371364616,50.15463354306483,285700
2022-06-21,49.10113525390625,51.03956237684383,48.882010414922654,50.340042408740025,176300
2022-06-22,49.60681915283203,50.68559365677349,48.86516007387147,49.227561486602106,186700
2022-06-23,51.73065948486328,51.9497843529607,49.8428008654785,50.196775763176376,208000
2022-06-24,51.29240798950195,52.05092013752344,49.86808505393629,51.6210969084781,663800
2022-06-27,52.71672439575195,53.66065206539009,51.5031031062172,51.519959359335935,192800
2022-06-28,51.93292999267578,53.9640620200613,51.814939427475245,53.340396685429376,134800
2022-06-29,52.08463287353516,52.52035884769912,50.94686303902902,51.82336897013101,120500
2022-06-30,52.68302154541016,53.30669016510481,51.418831264814784,51.51153906645879,171700
2022-07-01,53.2476921081543,53.83764818476767,52.35432986556823,52.58188449004775,133100
2022-07-05,52.48917388916016,52.53131613273992,50.91315107233133,52.53131613273992,222200
2022-07-06,51.80650329589844,53.18025401014216,51.58569058484776,52.742004339279895,84700
2022-07-07,51.2334098815918,52.58187799147842,51.01428180435924,52.24476257150755,82600
2022-07-08,50.37376403808594,51.30926526612245,49.68267367800527,51.30926526612245,129400
2022-07-11,49.63209915161133,50.29790666011351,49.311836783027765,50.15463012087819,97200
2022-07-12,49.91022872924805,50.55075033140408,48.88960388921147,49.40455073438628,75300
2022-07-13,50.12935256958008,50.28105564339032,48.90730145944285,49.5141137546838,71700
2022-07-14,49.42140197753906,49.910223668170296,48.67974292261649,49.09271308246017,74700
2022-07-15,50.053497314453125,50.83729539924769,49.328694507868775,50.38218621162474,101300
2022-07-18,50.002925872802734,50.7782941321175,49.53938700581983,50.517027062999965,82900
2022-07-19,51.77279281616211,52.07619891938254,50.27262176690697,50.27262176690697,123600
2022-07-20,52.30375671386719,52.86842671792448,51.23340876833912,51.99192085804302,165400
2022-07-21,52.4217529296875,52.6155950362657,51.42725640724152,52.23633734295972,99500
2022-07-22,53.12127304077149,53.87135873804685,52.67459351655178,52.91900440206907,98000
2022-07-25,53.07912826538086,54.05929547799411,52.5060284927345,53.095984519282425,143900
2022-07-26,52.80943298339844,53.19711716601955,51.87393181859412,52.48074408008916,119100
2022-07-27,52.227909088134766,53.08755875940409,51.48624998086289,52.55659800641386,118200
2022-07-28,55.093406677246094,55.13554248909452,52.05091878464352,52.118343799605,111800
2022-07-29,56.07946395874024,56.45029504853725,54.90798184870211,54.90798184870211,155300
2022-08-01,55.06811141967773,56.02047196879232,54.82370701981922,56.01204223534811,114000
2022-08-02,53.90506362915039,55.28724425323093,53.80392932409614,54.99226785723871,141900
2022-08-03,54.34331893920898,54.79842169736031,53.88820653605304,53.88820653605304,124800
2022-08-04,53.2476921081543,53.63116146820171,52.26583693632652,53.33197016981251,189500
2022-08-05,52.28689956665039,52.99484610059929,51.92449817337884,52.99484610059929,166000
2022-08-08,52.31218338012695,53.26454077316095,51.68008836275954,52.71672380544192,162800
2022-08-09,52.26161575317383,52.37117979209078,51.16598500900906,52.37117979209078,190000
2022-08-10,52.49760055541992,53.19711739093278,51.86550551869068,53.06227057836394,123800
2022-08-11,52.62401580810547,53.390957630796414,51.89078649113756,52.49759873414632,168100
2022-08-12,54.68886184692383,55.56536773265238,53.81235596119527,53.81235596119527,145100
2022-08-15,53.97248458862305,54.63829207814105,53.357245855334725,54.63829207814105,113700
2022-08-16,53.45838165283203,54.03991111328627,53.24768331846489,54.03991111328627,92300
2022-08-17,53.69436264038086,53.87977820301644,52.472311660739976,53.09598014369512,94200
2022-08-18,52.37960052490234,53.85448867724471,52.2194677536188,53.6269341193689,80700
2022-08-19,51.31769180297852,52.2489781639463,51.12384969850123,51.99192590876946,298300
2022-08-22,49.69952392578125,50.89628891664387,49.202275730211234,50.89628891664387,150200
2022-08-23,49.16856384277344,49.94814704337291,48.97472175935422,49.69952454996613,136900
2022-08-24,48.53647232055664,49.1980650148544,48.342630223214805,48.96629554248824,273400
2022-08-25,49.143287658691406,49.35398602304268,48.25835195641454,48.814595509701824,170200
2022-08-26,46.85931015014648,48.957867058919945,46.80874460547826,48.957867058919945,187400
2022-08-29,45.21586227416992,46.81716763086384,45.20743254068657,46.81716763086384,205300
2022-08-30,44.583763122558594,45.616183542603245,44.51633812100413,45.58668590817342,149200
2022-08-31,44.51634979248047,45.0388808315227,43.96010624382213,44.83661220382977,178400
2022-09-01,44.05281066894531,44.33936054876538,43.10888297689166,44.25507928117029,270500
2022-09-02,44.48263168334961,45.7468216997995,44.10337725041582,45.29171573727865,261700
2022-09-06,44.3140754699707,45.06416103002512,44.0266800596788,44.34778476025295,115000
2022-09-07,44.93774032592773,45.53612282165711,44.09494699166052,44.31407505897079,168700
2022-09-08,44.68490982055664,45.22429712279617,44.061241242965984,44.651197310416194,114800
2022-09-09,45.60354995727539,45.919597472357225,44.84503463507835,44.93774242056927,93900
2022-09-12,46.3367805480957,46.38734930928011,45.67097299334184,45.76368078134575,105200
2022-09-13,45.10629653930664,45.7973867687634,45.00937389791886,45.36756361239442,173600
2022-09-14,44.76678085327149,46.04849799012331,44.28465028376191,45.07235341955974,191000
2022-09-15,44.45271301269531,45.445834331464,44.325391925360734,44.79224238823841,121800
2022-09-16,44.06225204467773,44.20655314799835,42.67443258122589,44.20655314799835,311600
2022-09-19,44.18109130859375,44.444226739523934,42.99274495669798,43.47657221763997,77900
2022-09-20,42.339149475097656,44.24899478943276,42.22880195029835,44.24899478943276,122400
2022-09-21,41.69404602050781,43.332269214591776,41.6431188824068,42.64472694629208,103500
2022-09-22,41.72799682617188,42.10996652645659,40.79853776181104,41.32056355853212,124900
2022-09-23,41.31207275390625,42.01234998470199,40.78580519801983,41.36300312563399,96700
2022-09-26,40.07279968261719,41.10836133222256,39.457406350969926,41.10836133222256,160900
2022-09-27,38.79956817626953,40.54813884629967,38.77410460799461,40.03884481485802,191500
2022-09-28,39.15607070922852,39.69337332100003,38.65526673874791,39.376762502562805,210500
2022-09-29,38.05260848999024,38.943868990786726,37.27169227621229,38.943868990786726,174200
2022-09-30,39.22397994995117,39.71629721121397,38.31574261154487,38.40062657279296,242400
2022-10-03,39.24095916748047,40.31896125701661,38.68073794058687,39.852110774270656,265500
2022-10-04,39.334320068359375,40.77731475773642,38.786830763949055,39.81814722332823,261300
2022-10-05,37.40749740600586,38.49398597754679,37.29714989858644,38.49398597754679,281700
2022-10-06,35.42975234985352,37.36930614615892,35.230279108549944,37.12739254751222,137100
2022-10-07,33.95280838012695,35.0817408130024,33.83397406887525,35.06476402025328,123800
2022-10-10,34.26686477661133,34.61488087028047,34.0971001177014,34.25837800076203,118000
2022-10-11,34.60639572143555,34.83557753604009,33.79152920594719,34.20744923993967,148400
2022-10-12,34.22443389892578,34.74221479489046,33.53688829703938,34.74221479489046,180600
2022-10-13,35.20905303955078,35.23451660326924,32.82386768551835,32.82386768551835,160000
2022-10-14,33.986759185791016,36.11729631266723,33.85094809289841,35.760793408071095,109200
2022-10-17,35.72684097290039,35.93904601473563,34.60639861104969,34.60639861104969,127600
2022-10-18,35.132667541503906,36.86426152571426,34.996856439094785,35.989977756330056,138800
2022-10-19,33.70664978027344,34.47058926488486,33.095501430576434,33.89339126273226,168600
2022-10-20,34.03768539428711,34.47058546720432,33.6090335665841,33.69815929030428,126000
2022-10-21,34.43663024902344,34.59366312887325,33.41380374046418,34.054660566950666,117600
2022-10-24,34.691280364990234,34.99685615240555,34.32628742313218,34.87802184352005,119300
2022-10-25,38.91840362548828,39.71629666019015,35.88811586780254,35.95602303585887,264000
2022-10-26,37.84040832519531,39.24944981164224,37.56029608826685,38.60434460792401,174200
2022-10-27,39.088165283203125,39.19002278941444,38.28178553388358,38.28178553388358,217200
2022-10-28,39.13908767700195,39.56349764402563,38.298754517579,39.173041251481706,176200
2022-10-31,38.706199645996094,39.49560268738874,38.22237239327055,39.045729019624446,231500
2022-11-01,39.342811584472656,39.55501661618608,38.5024814721629,39.05421261182272,145200
2022-11-02,37.96772766113281,39.24944799341209,37.85313835732916,39.03724294059691,156900
2022-11-03,38.12051010131836,38.349691914110856,36.50775063558969,37.53482540506532,130700
2022-11-04,38.010162353515625,38.95235316553215,37.08494833175068,38.53643313733941,102600
2022-11-07,38.07807159423828,38.460041300781626,37.178321089713045,38.36667056829416,88700
2022-11-08,37.86586380004883,38.58735956357612,37.1528548124961,38.128995949151175,158500
2022-11-09,37.70458984375,38.28178780991747,37.28017976497934,37.976215273115805,112400
2022-11-10,40.335933685302734,41.13806846341454,38.84200841659233,39.36827923792925,349500
2022-11-11,39.80117416381836,40.522673195110144,38.57887437957148,39.92000846031562,205400
2022-11-14,39.69083404541016,39.84362195168271,39.01602349103333,39.53804937712994,264900
2022-11-15,40.59907531738281,41.2272005077602,39.95397009494983,39.95397009494983,251700
2022-11-16,40.16616821289063,40.87578059677424,40.07279748069713,40.4123268272204,135300
2022-11-17,40.03035736083984,40.1831452438882,39.38864889963513,39.80966555087658,135200
2022-11-18,40.649993896484375,41.3969564879167,40.4123253056616,40.77731820613469,116500
2022-11-21,40.293487548828125,40.76882468963971,39.936981455228015,40.46324896312288,81100
2022-11-22,40.352909088134766,40.67545840083173,39.9879161792482,40.582090907993205,137500
2022-11-23,39.58048248291016,40.6499943926588,39.24944315936872,40.19163075791292,83600
2022-11-25,39.9709358215332,40.29773011228573,39.65687331330471,39.86058830967236,28100
2022-11-28,39.16456604003906,40.08978024732964,39.16456604003906,39.76722764385424,131000
2022-11-29,39.66536331176758,39.69082687888456,38.56189781747796,39.00328466279216,111300
2022-11-30,40.81975936889648,40.88766329418943,38.89718233078493,39.410718110656425,216200
2022-12-01,40.658485412597656,42.39007601225619,39.63141059719245,40.989524744326616,141100
2022-12-02,40.97255325317383,41.473357322824505,40.11524300001293,40.11524300001293,113700
2022-12-05,39.66536331176758,40.996313916408575,39.52955222382411,40.3613955422268,66500
2022-12-06,38.84200668334961,39.67385323789389,38.62131488017924,39.555015702964894,82600
2022-12-07,39.5125732421875,40.01337720833388,38.71468354951004,38.78258747072076,79700
2022-12-08,39.64838409423828,40.74336274513167,39.40222550053514,39.40222550053514,72400
2022-12-09,39.444671630859375,39.98791598432382,39.13909587253768,39.13909587253768,70900
2022-12-12,39.24944686889648,39.597463016022864,38.32423273561045,39.597463016022864,95000
2022-12-13,39.83512878417969,41.01498824159525,39.219735487841646,40.607554969551934,149400
2022-12-14,39.184207916259766,40.477499461268735,38.901566159739694,39.78374836296053,197700
2022-12-15,38.58466339111328,39.17564035874005,38.295173545693096,38.78165462457813,142200
2022-12-16,37.38558578491211,37.83952196215496,36.76891530470882,37.83952196215496,641500
2022-12-19,37.162899017333984,37.65109540812991,36.66613921057337,37.38558703920405,126800
2022-12-20,36.94877624511719,37.48836291246332,36.42974700286047,36.84599892136676,111800
2022-12-21,37.23141479492188,38.04507316714823,37.07724718882528,37.38558240101848,93600
2022-12-22,36.87169647216797,37.31706928015503,36.18650879343117,36.92308677328544,103100
2022-12-23,37.30849838256836,37.364168747191634,36.46057655393257,36.87168907873929,44300
2022-12-27,37.39414596557617,37.63396079058312,36.6318746141767,37.63396079058312,61300
2022-12-28,36.606178283691406,37.8566458709952,36.486267613188346,37.49692039394941,64200
2022-12-29,37.41127014160156,37.625391420677936,36.824576660729,37.05154469379292,91800
2022-12-30,37.27424621582031,37.68107548719662,36.983041039632944,37.18003229599019,104900
2023-01-03,36.19506454467773,38.267760509541496,35.886732604968564,37.64252668090299,116700
2023-01-04,37.08581161499024,37.79669595884596,36.70895927160688,36.70895927160688,123300
2023-01-05,35.70686721801758,37.034421906905976,35.37283850897457,37.034421906905976,164300
2023-01-06,36.40918731689453,36.60618180376253,35.57839882838312,35.68117614575146,142900
2023-01-09,35.59553146362305,36.580487632026056,35.347149933978365,35.972383832329555,187700
2023-01-10,35.18441390991211,35.55698288433201,34.81612500912496,35.20154073890668,127300
2023-01-11,36.95733642578125,36.97446325403288,35.30431978480932,35.34714338990169,93500
2023-01-12,38.19068145751953,38.20781155639469,36.70467886923085,37.1372048809397,145500
2023-01-13,38.00224685668945,38.88014548081905,37.7624320496901,37.82238575143994,166700
2023-01-17,38.88443374633789,39.0386013610006,37.899474349018575,37.899474349018575,119600
2023-01-18,38.19068145751953,39.14994412390216,38.03651383487544,39.14994412390216,107500
2023-01-19,38.396240234375,38.96152044095156,37.93373735611262,38.04507810043951,131800
2023-01-20,39.030029296875,39.05572280669875,37.83094874088084,38.456185795933344,136600
2023-01-23,38.77308654785156,39.68952547769653,38.64889579809457,38.90155737132884,80100
2023-01-24,39.14137649536133,39.184200104324034,38.29345466207915,38.36197505020503,61000
2023-01-25,40.20341491699219,40.38327929569065,38.76965884644184,39.05572459531693,113500
2023-01-26,41.60805130004883,41.64230822389536,40.28049666723808,40.28049666723808,108800
2023-01-27,42.68722534179688,43.1197513114294,41.29115345798907,41.29115345798907,194200
2023-01-30,41.8564338684082,42.61442515545859,41.839303771088375,42.173335767977015,207100
2023-01-31,43.25250625610352,43.38954376899793,41.77078712692267,41.847870932127776,165100
2023-02-01,43.36384582519531,44.05759673391817,42.39601665145836,43.03838054011682,112000
2023-02-02,44.40876007080078,45.11964441522424,43.69787899360935,43.71500909112664,143200
2023-02-03,43.51802062988281,44.049040617661234,42.995564057790006,43.63792805287482,113200
2023-02-06,42.96986770629883,43.35528676065333,42.21616296359699,43.115471912269314,67700
2023-02-07,43.869171142578125,44.16893964306488,41.89068923767076,42.47309941052925,137700
2023-02-08,44.45159149169922,44.49441510625352,43.3809847916798,43.4238084062341,289700
2023-02-09,43.96339416503906,45.2472628957099,43.80922654212886,44.69140539871214,167300
2023-02-10,44.00621795654297,44.45159072816891,43.68931602637324,43.68931602637324,111200
2023-02-13,43.64648818969727,44.82415542554931,43.483757166037584,44.03190721124069,77200
2023-02-14,43.20111083984375,44.03104648636163,43.14972382062294,43.42379881390608,129700
2023-02-15,43.13259506225586,43.22680895672352,42.46881772740225,42.935603858928815,84900
2023-02-16,42.38745880126953,43.18398712191081,42.0534267908451,42.3617620206325,56500
2023-02-17,41.63375473022461,42.48167342444593,41.21407545759484,42.48167342444593,132200
2023-02-21,42.5930061340332,42.76430381754628,41.26545480446209,41.53952979119039,301400
2023-02-22,42.087684631347656,43.19683472824407,41.83930312489432,42.49023374406638,137700
2023-02-23,42.87565231323242,43.0555134295917,42.19902818913966,42.2332883828934,97000
2023-02-24,41.72796249389648,42.31893614116145,41.59948839929317,42.31893614116145,63000
2023-02-27,41.68513870239258,42.49880040488629,41.295439583125415,42.13051145814948,71900
2023-02-28,41.479583740234375,42.4388463706565,41.4453235437684,41.74509536199743,141500
2023-03-01,40.08350372314453,41.308277729363326,40.04068011977824,41.308277729363326,88900
2023-03-02,39.82656478881836,40.00642591018057,39.295544839792406,39.68952727722353,130900
2023-03-03,41.05133438110352,41.26545567319472,39.98501126131419,39.9978580160826,87200
2023-03-06,40.16915512084961,41.38536247402448,39.92933705546672,41.11128748549968,116900
2023-03-07,39.39832305908203,40.25480834297512,38.92725680638725,40.25480834297512,82600
2023-03-08,40.12632751464844,40.19913123466715,39.115674787754045,39.39831645231352,142400
2023-03-09,38.41336441040039,40.3104794811968,38.30202367377189,40.24624569746195,129400
2023-03-10,37.06867980957031,38.23350024829125,36.47342283448205,38.23350024829125,112000
2023-03-13,37.23141479492188,37.57400693395614,36.58048417646247,36.58905085859669,167800
2023-03-14,38.27787780761719,38.602193323256806,37.71573289330668,38.37301088672877,153200
2023-03-15,38.24327850341797,38.33841156223958,37.29541197789305,37.55140291166347,194300
2023-03-16,37.75032424926758,38.26922771216227,36.17631333949822,37.733027027290056,127400
2023-03-17,36.5395393371582,37.48221634196278,36.16765737109996,37.48221634196278,298900
2023-03-20,37.02385711669922,37.83680674829816,36.68656623957818,36.781699310116856,166300
2023-03-21,36.31468200683594,37.711398642229305,36.28008756841507,37.52545765960119,136900
2023-03-22,34.818504333496094,36.24549359515144,34.70607735584629,35.96009772228473,127600
2023-03-23,34.50716781616211,35.51038355226703,34.48122033480163,34.922291227746115,131100
2023-03-24,35.190391540527344,35.3806576834919,34.12663713043125,34.22177020191352,111000
2023-03-27,35.00877380371094,35.70670001421297,34.8617523731044,35.5190302789995,86400
2023-03-28,34.28230285644531,34.982825379675994,34.18716980153788,34.67148203601791,112000
2023-03-29,35.64875793457031,35.69199933792062,34.635163208429674,34.68013334416387,131700
2023-03-30,36.73846054077149,36.84224058011917,35.93415781283395,35.93415781283395,139500
2023-03-31,37.767616271972656,37.81086097429461,36.84223638693327,37.0065583378985,171900
2023-04-03,37.24870681762695,38.32975821887944,36.84223043504176,37.73301903306661,129000
2023-04-04,37.30060195922852,37.38708475976984,36.77304829824725,37.38708475976984,98800
2023-04-05,37.1103401184082,37.33952253546704,36.68656642903145,36.89412979301568,107300
2023-04-06,37.71572494506836,37.74166912513746,36.98060795173949,37.25736016860839,91300
2023-04-10,37.30924606323242,37.83679968382402,36.64245362684006,37.53410660599627,139800
2023-04-11,37.50816345214844,37.87139848651942,37.39573646691402,37.39573646691402,90700
2023-04-12,37.60329055786133,37.99246971191431,37.508157509192046,37.8540952681518,89900
2023-04-13,37.18817901611328,37.82816308334694,36.84224114748297,37.49952243805895,101100
2023-04-14,37.17952346801758,37.35248906328125,36.11144409181738,37.35248906328125,116400
2023-04-17,37.94058227539063,37.97517671495313,36.963314101054976,37.22276579955906,87600
2023-04-18,37.52546310424805,38.05301681983481,37.26601137666162,38.03571959811468,102200
2023-04-19,38.641109466552734,38.77948394229701,37.29195585371518,37.29195585371518,107300
2023-04-20,37.767616271972656,38.71029337811931,37.516814813686274,38.48543610194003,108900
2023-04-21,38.053009033203125,38.13949182499941,37.37843401969241,37.92328154640166,76800
2023-04-24,37.897342681884766,38.28652189774497,37.39573648074855,37.975178525056805,73000
2023-04-25,36.45305633544922,38.0443642071308,36.00333853485364,37.464918912458856,132000
2023-04-26,35.986045837402344,36.738456819908016,35.46713909500272,35.614163826703624,110200
2023-04-27,36.89412307739258,36.98925613110601,36.05522611185466,36.05522611185466,106900
2023-04-28,37.12763595581055,37.84545249380969,36.729809763709454,36.729809763709454,131800
2023-05-01,36.63468170166016,37.369795561377934,36.40117413114663,36.98926653856408,117300
2023-05-02,35.026065826416016,36.81628670472649,34.50716246714899,36.37521917926023,128900
2023-05-03,35.08660888671875,35.99469153003207,35.00877304305718,35.06931166600423,80700
2023-05-04,36.029293060302734,36.08118473265608,34.43798473165642,34.74067790594723,144800
2023-05-05,36.80764389038086,36.920070874782674,36.21090133099944,36.46170607917112,112500
2023-05-08,36.44441223144531,37.02385762398024,36.36657638167518,36.894130107994094,58400
2023-05-09,35.77848434448242,36.13306915232897,35.41525257507719,36.13306915232897,92500
2023-05-10,36.41846466064453,36.64332192845127,35.65740345580081,36.16765991258925,84900
2023-05-11,36.4271125793457,36.47900424210006,35.69199883541723,36.02063943464637,115300
2023-05-12,35.91685485839844,36.39252016931362,35.713616643572394,36.39252016931362,109500
2023-05-15,35.89091873168945,36.03361835698696,35.160126680112725,35.674708377884095,114100
2023-05-16,34.662837982177734,36.04658262655096,34.64554076173464,35.38065448547526,82400
2023-05-17,35.35470962524414,35.501731047525176,34.403382313792335,34.98282764062958,102900
2023-05-18,35.5709228515625,35.78713317205735,34.939589111610466,35.15579943210531,75600
2023-05-19,35.76118850708008,36.25414781270966,35.60984193063379,35.994696067500605,61800
2023-05-22,36.05522918701172,36.30603393199156,35.648756057986816,35.77848026120894,83900
2023-05-23,36.15901565551758,36.9045084279526,36.09847702892362,36.12442121200454,79600
2023-05-24,35.23363494873047,35.95145149049965,35.224984688491574,35.95145149049965,74700
2023-05-25,34.879051208496094,35.33309091147839,34.723379510585666,35.0260726459072,89500
2023-05-26,35.14715576171875,35.27255816701107,34.6282522148821,34.84446257591542,60400
2023-05-30,35.46713638305664,35.801830826915065,35.24227912125222,35.24227912125222,65600
2023-05-31,35.49308013916016,35.85631182376366,35.25092238365078,35.60550710871436,105700
2023-06-01,35.16444396972656,35.787130705549586,34.92661131393098,35.61416180125347,80500
2023-06-02,37.68978500366211,37.83680643939778,35.769836284051344,35.77848324534439,87000
2023-06-05,37.24006652832031,37.52113730370461,36.30603636676692,37.38708796165317,49200
2023-06-06,39.00434494018555,39.11677524339872,37.08439931890453,37.08439931890453,85400
2023-06-07,40.27565383911133,40.70807443287384,39.35027403238815,39.35027403238815,104500
2023-06-08,39.48000717163086,39.661623055177245,38.31246942217312,39.54054579947966,117200
2023-06-09,39.834590911865234,40.25836129547329,39.18595994588304,39.63567781152362,98800
2023-06-12,39.29838562011719,40.26701020552596,39.00347509391411,39.75675373076677,135200
2023-06-13,38.65840148925781,39.7480999268025,38.251925078066186,39.23784349753692,102100
2023-06-14,39.4703369140625,39.7497108583864,38.73697947761223,38.73697947761223,67800
2023-06-15,40.04653930664063,40.16003599304589,38.93777269588033,39.20841761564687,113400
2023-06-16,40.78863143920898,40.937047374082255,39.62311474824649,40.35210928195855,260600
2023-06-20,40.16876602172852,40.82354923440681,40.09892421085065,40.5790979007348,116800
2023-06-21,39.6536750793457,40.05527803475297,39.41795602191981,39.96797159644701,48700
2023-06-22,38.71951675415039,39.487796737754906,38.19569146056549,39.487796737754906,56100
2023-06-23,37.08692932128906,38.51435891921659,37.0066100546124,38.21315750617859,813000
2023-06-26,38.54490661621094,38.84174180710705,36.96469525726406,36.96469525726406,132800
2023-06-27,39.09492492675781,39.32191832277877,38.42268037761867,38.59728991369635,119500
2023-06-28,39.15604019165039,39.3568433353451,38.71951798960122,39.09492734979552,138100
2023-06-29,40.02908706665039,40.10766120108544,38.9028622469484,38.9028622469484,84200
2023-06-30,39.7060546875,40.87593419223706,38.99888759980082,40.552908731120034,222300
2023-07-03,40.579097747802734,40.753707269938815,39.76716630070964,39.76716630070964,66100
2023-07-05,40.50925827026367,41.05927380063023,39.762802436880825,40.29099718762303,89200
2023-07-06,40.97196960449219,41.00689217607712,39.15603584687271,39.92431576974247,81200
2023-07-07,40.596561431884766,41.25134468078613,40.56163885931407,40.98943204730556,104800
2023-07-10,41.11165237426758,41.22514905516201,40.5005207553583,40.56163358420929,69900
2023-07-11,42.30773162841797,42.42995731387586,41.225158416876525,41.43468721183287,93600
2023-07-12,42.70059585571289,43.53871757020499,42.41685579694431,42.77044099712039,120400
2023-07-13,42.53471755981445,43.023620215647085,42.176769545194325,42.81409145754726,77400
2023-07-14,41.71406173706055,42.51377075345863,41.469610362755525,42.37757736788875,119600
2023-07-17,41.84501647949219,42.12700810286525,41.60929410242866,41.74898106694039,55300
2023-07-18,41.26007461547852,42.21169309249755,41.059274814140544,41.77517091644111,84000
2023-07-19,41.19023132324219,41.8013630139039,40.87593483487903,41.78390172783931,125000
2023-07-20,41.70532989501953,41.783904021423375,40.989433779073366,41.2251561582849,65900
2023-07-21,41.495792388916016,42.05454017944725,41.22515080122719,41.91485323181445,55800
2023-07-24,41.57437133789063,42.15931278874877,41.31245869693321,41.65294546321784,62300
2023-07-25,37.34883117675781,41.796992604230944,36.99961548222062,40.89339195738679,208000
2023-07-26,37.34883117675781,38.31791080707752,37.18295397163261,37.27898937001015,124400
2023-07-27,35.65513229370117,37.47106285606089,35.61148074117137,37.47106285606089,102700
2023-07-28,35.86466598510742,36.35182359390871,35.28845347694229,35.98689166972422,114700
2023-07-31,36.283721923828125,36.91929539662462,35.751164373587386,35.79481592204654,97100
2023-08-01,35.4717903137207,36.20514764802493,35.39321619467383,35.943231697602265,90200
2023-08-02,35.09638595581055,35.506714563928846,34.83447329883288,34.947966674269786,172200
2023-08-03,34.54636764526367,34.88685443829202,33.84356661641278,34.77336106088269,167600
2023-08-04,34.4328727722168,35.27972697567377,34.25826654216,34.6336726011024,70600
2023-08-07,34.60746765136719,34.8868414974215,33.85664919119663,34.22332944564225,110100
2023-08-08,33.91777420043945,34.29318356543048,33.53363585667195,34.29318356543048,87200
2023-08-09,33.385215759277344,34.14476337372395,33.29354317630644,33.95269256048928,170400
2023-08-10,33.04472351074219,34.00507418341233,32.91376887155956,33.38521356557584,99100
2023-08-11,33.21933364868164,33.564186533331714,32.957421035013105,32.957421035013105,59800
2023-08-14,31.516895294189453,33.03599371607068,31.23752140770086,33.00107114765975,115400
2023-08-15,31.97961807250977,32.16295660161666,30.9319641012701,31.080380054242305,131300
2023-08-16,31.054183959960938,31.98834104866646,30.92322598923045,31.94468950188948,105300
2023-08-17,32.09310531616211,32.55058231705957,31.22006106203976,31.22879336960472,342500
2023-08-18,32.46851348876953,33.43759311018847,31.674043378215163,31.857385196342644,306000
2023-08-21,31.78754425048828,32.41613724031036,31.6216670250185,32.41613724031036,104700
2023-08-22,31.41213035583496,32.285174568049605,31.38594009519632,31.831191178050062,66700
2023-08-23,32.20660400390625,32.25025555324616,31.29863712387729,31.40340483877276,120300
2023-08-24,32.55582046508789,32.70423638709643,32.10183706125085,32.14548860711221,95900
2023-08-25,32.67805099487305,32.83519924770952,32.39867706325265,32.58201558142854,73800
2023-08-28,32.68677520751953,33.18441015881418,32.57764467731633,32.73915906096088,82300
2023-08-29,32.8177375793457,32.83519886616908,32.5121733859365,32.791547314310606,57800
2023-08-30,33.15822982788086,33.28045552545001,32.73043988638882,32.73043988638882,55600
2023-08-31,32.78281784057617,33.24553365540885,32.72170499660963,33.14076592540887,103800
2023-09-01,32.55582046508789,33.07964567622323,32.46851404296569,33.01853284593742,63100
2023-09-05,31.997074127197266,32.18914160372357,31.86611615331148,32.13676107848895,91700
2023-09-06,31.866119384765625,32.363754407356,31.64785829308915,32.22406744189905,81900
2023-09-07,31.761354446411133,32.56455365135924,31.63039646150008,31.839928571277788,143200
2023-09-08,31.60420799255371,31.970885042500864,31.55182412953265,31.72643367586943,76100
2023-09-11,31.38594436645508,31.743892408959635,31.09783813862467,31.68277957221981,77700
2023-09-12,31.700241088867188,31.75262161765352,31.254986611784314,31.377212286152208,94800
2023-09-13,31.1065673828125,31.71769902041108,30.94068684480176,31.54308950532584,97800
2023-09-14,31.90168571472168,32.14021990471941,31.36277551177792,31.54830098062284,86000
2023-09-15,31.61897850036621,32.00769900224433,31.278845112362163,31.66315074851405,373800
2023-09-18,31.02705955505371,31.742662106680186,31.000556880220827,31.742662106680186,83200
2023-09-19,30.61183738708496,31.44228713709168,30.40422410705163,31.00939100317892,198200
2023-09-20,30.488149642944336,31.18608262764784,30.364465999098456,30.78852565090999,279700
2023-09-21,28.9067611694336,30.17894010689191,28.88025512460792,30.11709828584281,160900
2023-09-22,29.180627822875977,29.89623028983213,28.95976323839735,28.97743280957077,136100
2023-09-25,28.897924423217773,29.445671076057643,28.730068534840274,29.14529507519033,93100
2023-09-26,27.92611694335937,28.999518895027087,27.75825939729985,28.71239427821971,175500
2023-09-27,27.6257438659668,28.712397265763624,27.599239508021828,28.0586382686892,119900
2023-09-28,28.16465377807617,28.49153413594741,27.48880862383904,27.502059960961112,184000
2023-09-29,28.42968940734864,28.66822356152105,27.70525384436252,28.66822356152105,160800
2023-10-02,27.64341163635254,28.23532709297903,27.387207914771203,28.120478252828686,137200
2023-10-03,26.892475128173828,27.35187223193133,26.751121913931023,27.34303913047148,83900
2023-10-04,27.237022399902344,27.237022399902344,26.600932958634733,26.87480459076984,104500
2023-10-05,27.38720893859864,27.493224682369352,26.94989631250616,27.237020951210248,100200
2023-10-06,27.59040641784668,27.74059441863968,26.69369664888261,27.175181561566365,173500
2023-10-09,28.20882797241211,28.27066979297412,27.33862087862689,27.43138360946991,130400
2023-10-10,27.90844917297364,28.46502887235589,27.696419372991883,28.18232078731717,133100
2023-10-11,27.802433013916016,28.553372930765224,27.65224503054617,28.005629710284417,113000
2023-10-12,27.696420669555664,27.873111335280413,27.219352333466244,27.82893909011501,85600
2023-10-13,26.503751754760746,27.65224699010845,26.49491696863491,27.625744316794105,169800
2023-10-16,27.6257438659668,27.899615491145635,26.494916536261687,26.83063166331212,202100
2023-10-17,27.828941345214844,28.217663537410168,27.413716477797912,27.413716477797912,129700
2023-10-18,27.0779972076416,27.68758392108441,27.0320573344979,27.634576893630307,53300
2023-10-19,26.73345184326172,27.48880838376068,26.687511965234783,26.7599562023376,86000
2023-10-20,26.17687225341797,26.998488853949667,26.12386522001492,26.998488853949667,100600
2023-10-23,25.62029266357422,26.22987940911141,25.45243510189175,26.000180031299383,97600
2023-10-24,26.150367736816406,26.291720939307595,25.52311142633155,25.84115697446827,70900
2023-10-25,25.03721237182617,25.91183602687514,25.00187322532888,25.80582027244652,72000
2023-10-26,24.825178146362305,25.41709526473508,24.409951673957803,25.15205676818824,90100
2023-10-27,23.632511138916016,25.01070570921831,23.491157936067737,25.01070570921831,154300
2023-10-30,23.712024688720703,24.11841476270708,23.25262589503443,23.89755015248059,159000
2023-10-31,23.844541549682617,24.754504290593857,23.15544340447247,24.754504290593857,201200
2023-11-01,23.773866653442383,24.41879091478048,23.226123360410643,24.11841490825472,180300
2023-11-02,25.26691055297852,25.531947398701146,24.312775549288624,24.312775549288624,130800
2023-11-03,26.547924041748047,27.245856981209343,26.159203561983865,26.159203561983865,125500
2023-11-06,26.40656852722168,27.13100407676457,25.84115574417611,26.39773374185372,142300
2023-11-07,25.973676681518555,26.40657109628649,25.726309407401548,26.40657109628649,119000
2023-11-08,26.32705879211425,26.344728363956342,25.752811187751355,26.168037700724824,109000
2023-11-09,25.94717597961425,26.62743772019201,25.655634752205707,26.592100257659947,124500
2023-11-10,26.56559562683105,26.68486272115769,25.779318136525777,26.2210473665963,119700
2023-11-13,25.505443572998047,26.274051401910903,25.3994278284602,26.221044372173523,157100
2023-11-14,27.422550201416016,28.270669476892447,26.89247481171164,26.89247481171164,251000
2023-11-15,26.98081970214844,27.75031052128564,26.87480395524593,27.378374961640787,159800
2023-11-16,26.75995445251465,27.40487864895423,26.70694573782911,27.12217224421705,108500
2023-11-17,26.84829902648925,27.13100543213507,26.38890195984636,27.13100543213507,134300
2023-11-20,27.36953926086425,27.42254797507536,26.618599326837845,27.05149540091307,84500
2023-11-21,26.76878547668457,27.06032664458681,26.56559047467515,27.01615440417188,67300
2023-11-22,27.19285011291504,27.40487992635106,26.804127945750743,26.89247412261488,87600
2023-11-24,27.466720581054688,27.9376030382432,27.095668001994884,27.29886302063016,52300
2023-11-27,27.1486759185791,27.75826267945849,27.04266185542113,27.41371444660034,112700
2023-11-28,27.48439216613769,27.767098592786457,26.77762441445258,27.042662953233204,87600
2023-11-29,26.91014289855957,28.394353326686268,26.848301078231497,27.784768224826767,232500
2023-11-30,26.901308059692383,27.10891963094739,26.433074516636047,26.98965254870484,210800
2023-12-01,28.47386360168457,28.482700072885216,26.93664620008781,26.980820130775264,307700
2023-12-04,28.79190826416016,29.03044242724133,28.306006837199043,28.306006837199043,116600
2023-12-05,28.65938949584961,29.01277420652772,28.014465263469475,28.71239821348924,176400
2023-12-06,28.22649574279785,29.20713507783456,28.116063445971665,29.039275829777964,237700
2023-12-07,28.54454231262207,28.72123129773037,28.217661960956903,28.297171667243,166700
2023-12-08,28.54454231262207,28.76540691413381,28.146985355875675,28.47386402247766,180100
2023-12-11,28.2883358001709,28.61963267004624,28.02329729323281,28.46502813812962,114100
2023-12-12,28.80957794189453,28.80957794189453,28.005630961200232,28.36784875755423,146000
2023-12-13,30.549991607666016,31.10303605393937,28.540122497115185,28.791907994095897,273200
2023-12-14,32.16353225708008,32.172488383129284,31.33974628013898,31.590463157336483,288700
2023-12-15,31.72478103637696,32.58438477579798,31.211702898210497,32.36948554882354,781900
2023-12-18,31.18753433227539,32.011320521514975,31.12485168106076,32.011320521514975,133800
2023-12-19,31.115901947021484,31.62629200785552,30.945773065330968,31.35766619937905,288800
2023-12-20,30.390602111816406,31.183051990383053,30.310014046466605,30.310014046466605,329000
2023-12-21,30.42642593383789,30.90995442359184,30.050350496759734,30.757730973515653,112600
2023-12-22,30.909948348999023,31.48301752093106,30.596548797262525,30.641322601626094,114600
2023-12-26,31.214393615722656,31.26811671891077,30.81682625647348,31.008447083390443,67100
2023-12-27,31.16067123413086,31.40243547786333,30.892045435237783,31.321847396619173,77200
2023-12-28,31.72478103637696,31.76955142401649,30.883086135164064,30.883086135164064,117900
2023-12-29,30.82936668395996,31.742697147261644,30.82936668395996,31.563612139911083,134000
2024-01-02,30.98158264160156,31.330799897057894,30.47119265808487,30.47119265808487,113000
2024-01-03,30.12198257446289,30.67714301920908,30.05035062147744,30.67714301920908,124100
2024-01-04,30.26524543762207,30.62341539707208,29.9966196759155,30.22942775852469,120400
2024-01-05,29.89812469482422,30.5831216268776,29.745904672484404,30.104071239275672,103800
2024-01-08,30.45328521728516,30.533873292898875,29.790675187360893,29.83544558142138,91400
2024-01-09,29.82648658752441,30.23837959135654,29.665310470240293,29.99661541543036,114800
2024-01-10,29.486228942871094,30.02795851612921,29.3814641128844,29.7459019859818,117900
2024-01-11,29.2802848815918,29.307146434601545,28.82361798585359,29.217605647394333,202600
2024-01-12,29.4325008392334,30.24733418705801,29.36982161369009,29.880211544977943,103900
2024-01-16,28.904205322265625,29.548909904126774,28.846004153643936,29.12806070032719,132200
2024-01-17,28.0625114440918,28.680351082386423,27.39989970367947,28.349046066120795,120400
2024-01-18,27.820743560791016,28.16100466065262,27.64166029949408,28.16100466065262,81400
2024-01-19,28.913162231445312,28.95793262511492,27.75806762965422,27.990877434074463,91200
2024-01-22,29.67426872253418,29.97423411292431,29.190740280382848,29.190740280382848,174900
2024-01-23,29.29819297790528,30.27420256302289,28.85943493390697,29.93394143190759,97200
2024-01-24,28.895252227783203,29.665315264648683,28.87734338788378,29.665315264648683,81400
2024-01-25,28.9489803314209,29.5802507475462,28.85943612702438,29.522049576510067,86000
2024-01-26,28.966886520385746,29.275808056116155,28.832575333892425,29.217606883545272,68000
2024-01-29,28.93107032775879,29.11015189783,28.751985341925582,28.92211419979803,143200
2024-01-30,28.384859085083008,28.85943133440597,28.30427102239028,28.80570482069029,84000
2024-01-31,27.355125427246094,28.65348725148121,27.1402244778057,28.43858630204081,187500
2024-02-01,27.865516662597656,27.89237821342708,26.5796907047294,27.31035460441732,171500
2024-02-02,28.340091705322266,28.69825998361207,27.18499879435252,27.3461749465532,143600
2024-02-05,27.71329498291016,28.34008898273187,27.341694255715385,27.82074460213404,308300
2024-02-06,27.98192024230957,28.312330291987163,27.60584316593769,27.713294491135745,82200
2024-02-07,27.462575912475582,28.01773796239049,27.211857291888062,28.01773796239049,96000
2024-02-08,27.49839401245117,27.696282769207304,27.247677080323232,27.319310733485644,89100
2024-02-09,27.47153282165528,27.67300300754011,27.256631859338466,27.552120896009207,159800
2024-02-12,27.838653564453125,28.08489412646817,27.53421012883713,27.53421012883713,187700
2024-02-13,26.513431549072266,26.835782132425045,26.08810598877903,26.835782132425045,215900
2024-02-14,26.75519371032715,27.032775605435067,26.513431202939028,26.79101139016597,144300
2024-02-15,27.94610595703125,28.098327689943048,27.001437649596284,27.122319764662805,167300
2024-02-16,27.829702377319336,28.035648928898137,27.332743131814883,27.52525890634149,155400
2024-02-20,26.1821231842041,27.84760763988531,25.967222239580863,27.5789801781956,245100
2024-02-21,26.011993408203125,26.441797018201267,25.940359757850256,25.967223017187933,192900
2024-02-22,26.26271247863769,26.298530158355035,25.38519982013452,25.94931461263485,422600
2024-02-23,26.25375747680664,26.558200916132304,25.91797442236341,26.34329996623435,148000
2024-02-26,25.38520050048828,26.42388932979565,25.27774916633741,26.253758762340524,116400
2024-02-27,25.60009956359864,25.88663415625689,25.403107458116303,25.64486995324615,142800
2024-02-28,25.29565620422364,25.85081825999631,25.25088581444816,25.25088581444816,115900
2024-02-29,26.155261993408203,26.27345760768913,25.586670826491524,25.707551229745224,259500
2024-03-01,26.35225486755371,26.567155821378982,25.78813836936652,26.12839949383393,255200
2024-03-04,26.728330612182617,26.89398310215226,25.962745682664696,26.37911508547901,101600
2024-03-05,26.710424423217773,27.06859269701579,26.4776146182788,26.576111534028648,245800
2024-03-06,27.077545166015625,27.131269976243416,26.531337520410187,27.131269976243416,247200
2024-03-07,27.18499565124512,27.47153024074806,26.879655585470704,27.38198775455817,165200
2024-03-08,27.73120307922364,28.069672636531124,27.435714054253754,27.49839328562904,165900
2024-03-11,27.516300201416016,27.901331690520173,27.31930810117054,27.5610722977542,130700
2024-03-12,27.37303352355957,27.59688888663465,27.35512468462215,27.54316407770328,159300
2024-03-13,27.659568786621094,27.72224801654305,27.086499589756407,27.29244611889454,211700
2024-03-14,27.16143035888672,27.761383243832416,26.897816299782768,27.66139080737271,294300
2024-03-15,27.225061416625977,27.406863786843363,26.68874121693168,26.8796339657318,347400
2024-03-18,26.643287658691406,27.00689411021156,26.37058325350437,26.66146841472049,215600
2024-03-19,27.02507400512696,27.143247181738293,26.488753856044145,26.488753856044145,95400
2024-03-20,28.2249813079834,28.50677786777669,26.79782468547817,26.870545986821984,198700
2024-03-21,28.57949447631836,28.91128546758215,28.33405947440412,28.415871141708863,140700
2024-03-22,27.643207550048828,28.68857678046712,27.643207550048828,28.68857678046712,227000
2024-03-25,27.888643264770508,28.038630175864533,27.652298624616744,27.779560456310147,138000
2024-03-26,27.579578399658203,28.20680067154817,27.288693210901258,28.20680067154817,137300
2024-03-27,28.588586807250977,28.62494658753017,27.95227418114705,27.95227418114705,257100
2024-03-28,29.26125717163086,29.396702596526872,28.73402909335476,28.73402909335476,216100
2024-04-01,28.697668075561523,29.306711304019164,28.33860592363964,29.306711304019164,120400
2024-04-02,27.815921783447266,28.44314402680077,27.497765472539697,28.37951137756933,192500
2024-04-03,28.07953453063965,28.14316544312874,27.461402694210168,27.61593565331754,106700
2024-04-04,28.134077072143555,28.59040261117577,28.124986694012204,28.41587185896598,215000
2024-04-05,28.4976863861084,28.60676746699864,27.83410432028648,28.1068087563246,89700
2024-04-08,29.743040084838867,29.743040084838867,28.81584224345789,28.81584224345789,107300
2024-04-09,30.38844108581543,30.442983358644536,29.852120873016528,29.852120873016528,100300
2024-04-10,29.252168655395508,29.461242158700564,28.952193101232304,29.16126833834977,186600
2024-04-11,29.497604370117188,29.63395484891016,28.90674189247293,29.543054529714844,99400
2024-04-12,28.98855209350586,29.41579120078494,28.970373070878185,29.29761801773705,105500
2024-04-15,28.53404426574707,29.1067259705768,28.15225704046472,29.1067259705768,90400
2024-04-16,28.334060668945312,28.58858605949204,27.92954837122476,28.234068241621173,132900
2024-04-17,27.97954559326172,28.69766816554477,27.97954559326172,28.334061690096863,194700
2024-04-18,28.47950553894043,28.48859591795493,28.13407980545179,28.179529966711804,172400
2024-04-19,29.18853759765625,29.27034926964854,28.43405352669252,28.43405352669252,125600
2024-04-22,29.73394775390625,29.752128511559693,29.03400592237337,29.206719652456155,189500
2024-04-23,30.015745162963867,30.54297327964052,29.65213693464372,29.65213693464372,96300
2024-04-24,30.270267486572266,30.615694941244083,29.6975857662841,29.752128038376988,109800
2024-04-25,29.86120986938477,30.34299128264861,29.72485938714499,29.88848273993272,104300
2024-04-26,30.24299430847168,30.62477976258091,30.01574007122824,30.01574007122824,93900
2024-04-29,30.27936172485352,30.733870287995344,30.015745926001223,30.47025448914305,106600
2024-04-30,31.12474632263184,31.424720155651706,29.31580080897425,29.697586317840447,144500
2024-05-01,30.97020530700684,32.42826848848061,30.902028346419133,32.31554989426547,153600
2024-05-02,31.15201568603516,31.406539358291216,30.847495797068085,31.38835860061221,150200
2024-05-03,31.67924118041992,32.161022550191184,31.3656326722418,31.842864518436627,177000
2024-05-06,32.15193176269531,32.37918602289909,31.81559642852867,31.81559642852867,143900
2024-05-07,31.6519718170166,32.36555002679309,31.392902109457616,32.32464592605336,121600
2024-05-08,31.833778381347656,32.051940537469,31.33472820137952,31.488350921926425,112100
2024-05-09,32.506446838378906,32.579169863832355,32.00376262204955,32.07921120052638,127500
2024-05-10,32.61552810668945,32.75187856430779,32.17920040058692,32.67006690268704,72300
2024-05-13,32.524627685546875,32.81551285292336,32.251923274584506,32.742793294891605,71200
2024-05-14,32.542808532714844,33.17003249406466,32.397365948620994,32.97004764057634,105000
2024-05-15,33.08822250366211,33.30638465706652,33.0154994741107,33.08822250366211,113100
2024-05-16,33.05186462402344,33.296391156490145,32.86097185189342,33.10640343456042,58200
2024-05-17,33.188209533691406,33.24729785866456,32.788243297342895,33.124578620354704,111100
2024-05-20,33.09730911254883,33.39274033358427,32.87914350494005,33.07003971195699,169100
2024-05-21,33.1700325012207,33.40637540006492,33.11549023181447,33.11549023181447,180300
2024-05-22,32.824607849121094,33.37001671896891,32.65189238182343,33.03368136481693,113500
2024-05-23,32.542808532714844,32.92459748322665,32.327371943425035,32.86096656941214,224100
2024-05-24,33.215484619140625,33.40637737189289,32.77006472842708,33.09731142893092,151600
2024-05-28,32.9791374206543,33.43364594505196,32.88369104664577,33.39728789849503,102600
2024-05-29,32.27919387817383,32.36100555127346,31.356542128432057,32.36100555127346,236400
2024-05-30,32.55189895629883,32.733699576267625,32.16102138164172,32.60643775523965,150600
2024-05-31,33.333648681640625,33.424552453914444,32.73824371065059,32.78823991849511,206000
2024-06-03,33.93361282348633,34.06996331922653,33.22457706866101,33.38820043764952,123800
2024-06-04,34.96988296508789,35.06987538380432,33.68816921202833,33.68816921202833,114400
2024-06-05,35.36985397338867,35.442577003280846,34.63354890004252,34.97897635678052,102700
2024-06-06,35.3334846496582,35.40620766347842,35.14259193981636,35.14259193981636,86000
2024-06-07,34.36083984375,35.051694664146915,34.22448938251009,34.81534831646528,176300
2024-06-10,34.033599853515625,34.26085413437741,33.30638684828295,33.64272221302335,172800
2024-06-11,33.78816604614258,34.05632791050297,33.44274202332701,33.62454614817088,110800
2024-06-12,33.84270095825195,35.53347305635209,33.80633944767196,34.94261064611297,138400
2024-06-13,34.1245002746582,34.40629333580329,33.37001447228633,33.9699655757764,107400
2024-06-14,34.1263427734375,34.19996843666824,33.72138933775554,33.79501851181853,134900
2024-06-17,33.923866271972656,34.163154067539125,33.59254200824041,33.85944249967275,131800
2024-06-18,34.11713409423828,34.25518702692998,33.85943903143448,33.85943903143448,97600
2024-06-20,34.20916748046875,34.31500853166612,33.79501569875093,33.88704864783668,78400
2024-06-21,34.28279495239258,34.58650998884793,34.006692607962485,34.3196095345384,421700
2024-06-24,35.15712356567383,35.20774274071559,34.328812983928565,34.45766051645962,67800
2024-06-25,35.01906967163086,35.32278471355428,34.82579837813333,35.05588425443949,95400
2024-06-26,34.98225784301758,35.15712536971017,34.338020147304206,34.65093710415019,106400
2024-06-27,35.644901275634766,35.68171585610881,35.12490849205757,35.25835871315224,114600
2024-06-28,36.362770080566406,36.556044883481455,35.74614162177751,35.98542938661886,917300
2024-07-01,36.13268280029297,36.53763617080717,35.78755400178566,36.3535667761036,242700
2024-07-02,36.2707405090332,36.62047205402503,36.2339259230694,36.2707405090332,88500
2024-07-03,35.55287170410156,36.376579588392765,35.52525901071377,36.270738537208814,64800
2024-07-05,35.34119415283203,35.72773676331935,35.2215485068484,35.55287275059872,96700
2024-07-08,35.479248046875,35.755350447813875,35.249162127620515,35.543671823399656,62400
2024-07-09,34.9454460144043,35.56207451295336,34.92703872194778,35.424025085777565,95600
2024-07-10,35.414817810058594,35.663310978823766,35.147917349810974,35.230748406066034,90700
2024-07-11,36.41799545288086,37.05303126394428,35.884197998109904,36.29834980355048,126700
2024-07-12,36.371978759765625,36.94259079722475,36.33516417390835,36.73091219479366,105300
2024-07-15,37.08064270019531,37.42116883275703,36.35357044862316,36.75852034921461,90100
2024-07-16,38.03779983520508,38.08381630960535,36.78613207085866,37.41196595303187,151400
2024-07-17,38.11142349243164,38.90291944958283,37.536208815528944,37.90894680269572,120300
2024-07-18,37.99177932739258,38.6728350759773,37.71567697395679,37.89974637985795,91600
2024-07-19,37.54081344604492,38.27248486748297,37.48559157032373,38.00098521122567,118900
2024-07-22,38.98575592041016,39.11460346420614,37.53161132995313,37.881342885136704,118500
2024-07-23,39.427520751953125,39.71282853755142,38.52558442723784,38.94894164909419,98500
2024-07-24,39.36309814453125,40.1361869472866,38.77407877306668,39.33548895862897,163300
2024-07-25,39.188236236572266,40.23006527171139,38.85046956670322,39.482745938242985,154000
2024-07-26,39.860084533691406,40.23742528775394,39.39070730861825,39.75884617099592,101200
2024-07-29,40.09017181396485,40.22822125894628,39.47353972505041,39.988933447812286,104700
2024-07-30,40.26502990722656,40.47670850029615,38.76486895279294,40.47670850029615,186800
2024-07-31,40.20981216430664,41.11174850564448,39.78645493464788,40.58715291436464,171500
2024-08-01,40.817230224609375,40.90006127477442,40.32024743445067,40.61475705485272,118800
2024-08-02,40.73440170288086,41.709967075287,40.48591204779324,40.7067925213893,212500
2024-08-05,39.37229919433594,39.83247100730698,38.387531795444495,39.473537554922736,192800
2024-08-06,40.163795471191406,40.42149056425162,39.28026642855726,39.28026642855726,70400
2024-08-07,39.860084533691406,40.92768302158779,39.7404388767938,40.292643659527926,210200
2024-08-08,40.37547302246094,40.600959733787526,39.98893039304205,40.209810892472206,112300
2024-08-09,40.20981216430664,40.66078209039173,39.82326952266143,40.66078209039173,110000
2024-08-12,39.8232650756836,40.357062498942646,39.436718966370805,40.357062498942646,80900
2024-08-13,40.3110466003418,40.462904127985176,39.860080229005234,40.19140095636532,116400
2024-08-14,40.3294563293457,40.74821435314961,40.163794200240005,40.36627091599858,125000
2024-08-15,41.23139190673828,41.51669968199412,40.19140267263246,40.9460876423146,115100
2024-08-16,41.37864303588867,41.66395078560511,40.94148127646958,41.17616985267453,60700
2024-08-19,41.48909378051758,41.78360347015901,41.36024271932107,41.415464602691,86300
2024-08-20,40.927677154541016,41.4246599834255,40.91847175334337,41.4246599834255,73700
2024-08-21,41.00130462646485,41.2221886241798,40.72520226244519,41.185374039421966,98400
2024-08-22,40.716007232666016,41.09794720368453,40.49512319773022,41.02892423417269,46000
2024-08-23,42.02288436889648,42.105715424919765,40.80803122110961,40.9368787502943,81400
2024-08-26,42.29899597167969,42.675416913330224,41.96767167510877,42.33581056259482,65700
2024-08-27,42.74995803833008,42.980043922808896,41.92441047463986,42.18854791846866,64000
2024-08-28,43.154911041259766,43.18252022592077,42.63031546770736,42.63031546770736,66000
2024-08-29,43.67030715942383,43.86357848449579,42.86960916210256,43.25615181224647,88200
2024-08-30,43.53225326538086,44.51702067468924,43.10889603556896,44.02923967124649,106500
2024-09-03,43.41260528564453,43.85437329665245,43.072079141706745,43.11809561886069,101900
2024-09-04,42.05049896240234,43.69791489375413,41.94926411275136,43.14571012308637,171300
2024-09-05,42.25297546386719,42.85120022134311,42.15173710390982,42.52907784776673,82100
2024-09-06,41.31422424316406,42.19775326941488,41.01051267637946,42.19775326941488,111700
2024-09-09,41.11174774169922,41.31422446117893,40.716003215820585,41.2313933951038,105200
2024-09-10,42.23456573486328,42.28058221105446,41.24979839887742,41.28661298416319,100700
2024-09-11,41.58112716674805,41.81121308355792,41.37405124595215,41.81121308355792,91500
2024-09-12,41.894039154052734,41.989754968282085,41.45227466780158,41.636344081447575,87700
2024-09-13,42.67691421508789,42.760594578130416,42.1841282785796,42.463061639778,107300
2024-09-16,43.244083404541016,43.47652849680691,42.71875877287913,42.937257727101965,179800
2024-09-17,42.7140998840332,43.52301118851206,42.5746349861378,43.52301118851206,113200
2024-09-18,42.23061752319336,43.0302291108112,42.072556582158775,42.69550765117302,148600
2024-09-19,42.5560417175293,43.02093183432971,42.10044784245965,43.02093183432971,141000
2024-09-20,41.709938049316406,42.34683518137497,41.477493012079314,42.21202018098767,642800
2024-09-23,41.82151794433594,42.20272772980113,41.66345699401568,41.979582441486606,158500
2024-09-24,42.2120246887207,42.49932502619837,41.51468950254248,41.59836986675708,177200
2024-09-25,41.76572799682617,42.28640622452234,41.551878960494776,42.28640622452234,92100
2024-09-26,40.69648361206055,42.10975007476929,40.61280324430706,42.09115404339848,112600
2024-09-27,40.35246276855469,41.08698644315648,40.07817576065012,41.08698644315648,132400
2024-09-30,40.91962814331055,41.36127589988768,40.11072030110362,40.11072030110362,213400
2024-10-01,40.29667663574219,41.16416037038624,40.09212384342724,41.05909616567765,97700
2024-10-02,40.09211730957031,40.30596630903464,39.72020739404395,40.03633277299766,79800
2024-10-03,39.76670455932617,40.31062519319836,39.34830270756663,40.0270419129408,95200
2024-10-04,39.75740432739258,39.85968072855429,39.14374946725273,39.85968072855429,87600
2024-10-07,39.56215286254883,39.627237202774985,39.08796644849676,39.41338814962754,139800
2024-10-08,39.45987319946289,39.85967899746045,38.96987860219383,39.775998631674206,120000
2024-10-09,39.22742462158203,39.46916945524918,38.6974502013201,39.45986966719972,87300
2024-10-10,39.1623420715332,39.431979187937365,38.53009123498625,39.01357737745334,147300
2024-10-11,39.7295036315918,39.77506265830993,39.28320960489538,39.40408201217659,106900
2024-10-14,40.16650772094727,40.37105696518023,39.171643131953125,39.57144892530556,80900
2024-10-15,40.38965606689453,41.002381670330585,40.26878717828539,40.32457172784947,97900
2024-10-16,41.97957611083984,42.06325646804615,40.73367054067375,40.74296678177228,147700
2024-10-17,41.58906936645508,42.21202396646714,41.3287320363886,41.86800272678774,129000
2024-10-18,41.54258346557617,41.923793240993696,41.1892659637552,41.65415610679268,105800
2024-10-21,40.956817626953125,41.83081329615568,40.677884272734666,41.79362123643854,110300
2024-10-22,41.01261138916016,41.19856816663629,40.77551640920732,40.88244270897602,55800
2024-10-23,41.24505615234375,41.60766991483491,40.88244238985259,40.984718794007634,134500
2024-10-24,40.83594512939453,41.46354960874184,40.68718043763614,41.440303684754895,112900
2024-10-25,40.157203674316406,41.16136794561317,40.10141913490869,41.16136794561317,67400
2024-10-28,39.98054885864258,40.79875643304813,39.77599607833369,40.37105484269045,112400
2024-10-29,39.98054885864258,40.85454097543782,39.65512720526935,40.85454097543782,151300
2024-10-30,39.69231796264648,40.06423148481736,39.23672762215888,39.655129447893565,153500
2024-10-31,38.725345611572266,39.68301805446487,38.71604582362056,39.45986925241238,162900
2024-11-01,37.89784240722656,39.2460245138781,37.600313003296186,38.92060283671371,129100
2024-11-04,38.297645568847656,38.70675113117407,37.84205525222236,37.94433164280396,175900
2024-11-05,39.34829330444336,39.450569682302365,37.94897326950155,38.158175918803046,164700
2024-11-06,40.622100830078125,41.75643395340132,39.96846608917129,40.60350479809229,243400
2024-11-07,41.384521484375,41.59837408436245,40.175807748482185,40.67788998467522,119900
2024-11-08,42.86287307739258,43.123213989430766,41.616967256022456,41.616967256022456,119000
2024-11-11,43.262672424316406,43.56485170464251,42.77918628516065,42.95584679661625,96500
2024-11-12,42.649017333984375,43.61133971159112,42.53744470164983,42.90935820520502,140800
2024-11-13,42.7791862487793,43.43933289882924,42.68620964575652,43.08601542304857,83600
2024-11-14,41.92379379272461,42.8535740910358,41.90519776113874,42.71410562755697,91700
2024-11-15,42.332889556884766,42.35148558570745,41.51840264733223,41.96097962092055,103800
2024-11-18,42.2120246887207,42.734561443602026,41.97027983795402,42.33289356727388,89000
2024-11-19,42.881465911865234,42.90936173236444,41.9935275807128,42.13764239044245,136400
2024-11-20,42.5560417175293,43.151100499541,42.193427993917794,42.64901832215733,104700
2024-11-21,42.93724822998047,43.058120644336014,42.56533474588488,42.67691091921146,84100
2024-11-22,43.21618270874024,43.681072802698495,43.00233369113903,43.14180213805848,94200
2024-11-25,43.84843826293945,44.54019431520116,43.39749425553281,43.5602050966511,158400
2024-11-26,44.38771057128906,44.55506775273658,43.62064115782135,43.84843632532092,83600
2024-11-27,44.12736892700195,44.91768425171833,44.10877289675602,44.666643163643485,79200
2024-11-29,43.7647590637207,44.3226258329741,43.34635721336545,44.29473355856055,77500
2024-12-02,43.40214157104492,44.08088071568512,43.02093181729276,44.08088071568512,84900
2024-12-03,43.43003463745117,43.61599139686512,43.14180502984821,43.578799335616296,83900
2024-12-04,43.63458633422852,43.65318236438701,43.002335496160185,43.31846091519435,120200
2024-12-05,42.78848648071289,43.485821651102285,42.57463745407976,43.26267283597244,72600
2024-12-06,42.90005874633789,43.169695861144746,42.388680335144585,43.095311741130416,66800
2024-12-09,43.14180374145508,43.30172321575485,42.50955290642739,42.95584698759457,80000
2024-12-10,42.49095916748047,43.02093363911972,42.193429763992825,43.02093363911972,88100
2024-12-11,42.60253143310547,43.09531383827544,42.31429827426876,42.74199989150426,83500
2024-12-12,42.63042449951172,43.18829479665998,42.37008715560738,42.37008715560738,62900
2024-12-13,42.19791412353516,42.64922827194357,41.85942761554735,42.64922827194357,149100
2024-12-16,42.84668350219727,43.39202374912112,41.81242221650058,41.99106630425502,101900
2024-12-17,42.000465393066406,43.03002802482581,41.65821996260711,42.51759960144644,130400
2024-12-18,39.931941986083984,42.48938901921422,39.75329432304248,42.20731810360682,137300
2024-12-19,39.15154266357422,40.97560821269708,39.08572623517559,40.39265758012878,112400
2024-12-20,39.97895431518555,40.392658097089694,38.587401317806446,38.90708265414532,874700
2024-12-23,39.49942779541016,39.96014635507523,39.170345671882345,39.66867105514621,96600
2024-12-24,39.80970764160156,39.84731805130399,39.367794294413166,39.57464796105048,28500
2024-12-26,39.856719970703125,40.01186022500303,39.39600499255491,39.63106467965434,77600
2024-12-27,39.16094207763672,39.81910627788536,38.89767281081137,39.48062336921144,81100
2024-12-30,38.87887191772461,39.02178861326061,38.389950910966206,38.65321662025554,84000
2024-12-31,39.25496673583984,39.62165926440625,38.93528542613881,39.14213909321774,93000
2025-01-02,38.5685920715332,39.36779353530592,38.33353239551464,39.17034426826456,96400
2025-01-03,39.10453414916992,39.10453414916992,38.35234378201029,38.540392270481846,130300
2025-01-06,37.46851348876953,39.05751930298569,37.3791932447389,38.94468806832659,94900
2025-01-07,36.75393295288086,37.75058732105232,36.51887326492095,37.43090600195779,95000
2025-01-08,36.39664077758789,36.68811607831343,36.03465044071808,36.68811607831343,143200
2025-01-10,35.13671875,36.00267992985581,35.05209712465016,35.76668053576567,114000
2025-01-13,35.92652130126953,35.98293691674441,35.01731133155921,35.089709398719265,111500
2025-01-14,36.56588745117188,36.65991348601838,35.92652476112158,35.92652476112158,88200
2025-01-15,36.95138549804688,37.684774228318766,36.78214222080925,37.51553095108114,129200
2025-01-16,37.24285888671875,37.29927091837297,36.6175992332248,37.03600520604976,84600
2025-01-17,36.90437316894531,37.63023692526511,36.54708141805812,37.430908192004,94400
2025-01-21,37.17704391479492,37.54373648181531,36.95138501916043,36.98899543288726,79300
2025-01-22,36.274410247802734,36.94197885442199,35.99327549466216,36.94197885442199,157900
2025-01-23,35.77608108520508,36.29321164227258,35.62564303975406,36.29321164227258,111100
2025-01-24,36.387237548828125,36.43424876537375,35.475204883594216,35.475204883594216,115800
2025-01-27,37.064212799072266,37.75999110846781,36.40604849025734,36.40604849025734,72900
2025-01-28,36.93257141113281,37.2287488684511,36.641099737868025,36.86675499544556,68600
2025-01-29,36.46245574951172,37.26824244121234,36.19919006046069,36.91376989648177,83600
2025-01-30,37.19585037231445,37.5719437620489,36.94198545121224,36.94198545121224,58300
2025-01-31,37.12062454223633,37.64715952101295,36.66931038331041,36.9889916942237,99600
2025-02-03,36.584693908691406,37.21371250105564,36.340233383187226,36.65051034197048,74700
2025-02-04,36.88556289672852,37.06890915194674,36.095762263970826,36.349627137363576,63100
2025-02-05,37.18644332885742,37.59074629442681,37.092420884796496,37.20524853501488,64500
2025-02-06,37.69417572021485,37.71298092766207,36.87804836798361,37.2052510867668,100400
2025-02-07,37.383888244628906,37.74117994641366,36.78213606481832,37.590741901461016,116200
2025-02-10,37.53432846069336,37.91042538819264,36.772737383260186,37.43090521302087,75600
2025-02-11,38.201904296875,38.27712153744811,36.97019015029303,37.28987149286327,93100
2025-02-12,37.4403076171875,38.18309710794302,37.34628517467026,37.34628517467026,134700
2025-02-13,38.230106353759766,38.305327173267735,37.45252924506288,37.534328120215406,79700
2025-02-14,37.759986877441406,38.98229649692845,37.75058606839448,38.40875030346176,76200
2025-02-18,37.33688354492188,37.94804022674743,37.09242302422758,37.67537010182671,72600
2025-02-19,36.69751739501953,37.186441977162296,36.4436525012112,37.0548091255712,153900
2025-02-20,36.76333618164063,37.20524957184003,36.36843760150821,36.49066965157481,193600
2025-02-21,36.45305633544922,37.092418964802285,36.20859225478273,37.092418964802285,166900
2025-02-24,36.6317024230957,37.30867550011957,36.50006956628025,36.69751885150343,100600
2025-02-25,38.00444793701172,38.83656122583309,36.48126219099822,36.48126219099822,240900
2025-02-26,38.10787963867188,38.43696538989975,37.78819828455924,38.192501279076005,104200
2025-02-27,39.20795822143555,39.57465077529543,38.02325533864449,38.02325533864449,123800
2025-02-28,40.00715637207031,40.12938840858919,39.22676010827913,39.36779376266919,181500
2025-03-03,39.64046478271485,40.55249750016356,39.16564321895044,39.913134875706376,152500
2025-03-04,38.73783874511719,39.72508875420785,38.662617920522,39.57465069174381,102800
2025-03-05,38.84126281738281,39.17034493471747,38.0890689719446,38.465165894663706,101600
2025-03-06,38.01385498046875,38.3899519352536,37.49672435768438,38.3899519352536,83200
2025-03-07,38.230106353759766,38.41345261790283,37.70357137738225,38.136083916100894,110700
2025-03-10,37.85401153564453,38.831860723293325,37.75998909275481,38.18309725921114,95300
2025-03-11,37.53432846069336,38.06086344184713,37.10181950477747,37.91042538819264,155800
2025-03-12,37.18644332885742,37.51552905652333,36.52827546025193,37.51552905652333,120800
2025-03-13,36.377838134765625,37.72614239108948,36.29321649870575,37.271065718347344,108700
2025-03-14,36.81612396240234,37.07337992720434,36.11105528965929,36.60650718338511,286800
2025-03-17,37.0638542175293,37.15913259083049,36.34925551385948,36.59698146522475,283700
2025-03-18,36.99715805053711,37.55454415836739,36.75895848637337,37.07338002105831,259300
2025-03-19,36.99715805053711,37.30205320189574,36.64462007863621,36.88281964279994,140400
2025-03-20,36.482643127441406,37.116254788463,36.42547392826165,36.60650427370928,131200
2025-03-21,36.05388641357422,36.37307295933332,35.768047661631186,36.206333990252965,566100
2025-03-24,37.02574157714844,37.11625857642842,36.53314286226659,36.54934243927393,125700
2025-03-25,36.69225692749024,37.140073242678966,36.36830539547562,36.98762567670954,124700
2025-03-26,36.61603927612305,37.07814703715746,36.4111874944677,36.844708834701926,102200
2025-03-27,37.006683349609375,37.14007452009095,36.65414902267424,36.72084460791503,90300
2025-03-28,37.23535919189453,37.51166793570414,36.66844304208793,37.1591335835077,106000
2025-03-31,37.66411209106445,38.10240203013788,37.12101740195013,37.17818660303885,139500
2025-04-01,38.58832931518555,38.59785569849228,37.21153612792087,37.72128304879772,191200
2025-04-02,38.75983047485352,38.8551088395438,38.15004021770775,38.24531858239804,106300
2025-04-03,36.79706954956055,38.6883747679748,36.69226115438841,38.01665385244706,141100
2025-04-04,33.99584197998047,36.282559242526446,33.938672776293906,36.282559242526446,170000
2025-04-07,31.623374938964844,33.810048973834895,31.270840578189286,32.86201566293441,329200
2025-04-08,30.91830444335937,32.82390097441836,30.356153321311496,32.49994941875285,337800
2025-04-09,33.252662658691406,33.64807119722699,29.51769137260677,30.29898570040216,291300
2025-04-10,32.97634506225586,33.78622204840722,32.276037829650015,33.090679824323175,272300
2025-04-11,33.05257034301758,33.2583743892506,31.78058553776529,32.40466723520969,161600
2025-04-14,34.01490020751953,34.291212588218194,33.41558853272774,33.662365852449874,146500
2025-04-15,34.0244255065918,34.49606326935954,33.96725993629533,34.03395552473253,92400
2025-04-16,33.92914581298828,34.48653190951555,33.710002654558,34.05301060153995,125200
2025-04-17,34.76761245727539,34.981990626414714,33.91009251144378,33.91009251144378,98300
2025-04-21,34.29121398925781,34.72950035505013,33.84434987958752,34.37696598557694,72200
2025-04-22,35.1010856628418,35.415507177303056,34.71043854812528,34.777134131030294,72000
2025-04-23,35.08203125,35.853799140436266,34.84859669660955,35.853799140436266,107900
2025-04-24,34.891475677490234,35.17731446472323,34.67423703610919,34.95817127335669,96900
2025-04-25,34.74855041503906,34.796189596600854,34.110173751274,34.7676068145911,88200
2025-04-28,34.91053009033203,35.12014688517936,34.39983085626344,34.60563491671982,128500
2025-04-29,35.625125885009766,36.6827325210548,34.82477521189219,36.26350260071202,163900
2025-04-30,35.52031326293945,35.79662559403832,34.481763151771666,35.377395723659525,190100
2025-05-01,35.92049789428711,36.37784065813947,34.967699560935394,35.606072699655186,131700
2025-05-02,36.77801132202149,37.09243649193319,36.27302940813083,36.27302940813083,109400
2025-05-05,36.35877990722656,36.816122616386025,36.28255793968504,36.59697946207858,119400
2025-05-06,35.98719024658203,36.11105503646345,35.7299342835838,36.11105503646345,151300
2025-05-07,35.80615997314453,36.2825590980583,35.6727651650737,36.12058150557644,136900
2025-05-08,35.396453857421875,36.00147910276495,35.12490652138024,35.7966273485836,111500
2025-05-09,35.49173355102539,35.625124719742395,35.14872561167494,35.38692516570867,100800
2025-05-12,35.758514404296875,36.49216943642671,35.28211531600244,36.49216943642671,155800
2025-05-13,34.510353088378906,35.32976014854459,34.357905516811115,35.07250419002954,161800
2025-05-14,33.85292053222656,34.281680470043035,33.64806876386074,34.281680470043035,107500
2025-05-15,34.76761245727539,34.78666522528306,33.30982854936165,33.39558054394481,135400
2025-05-16,35.2725944519043,35.38692923328449,34.74855609972148,34.86289088110168,119000
2025-05-19,34.46270751953125,34.634211478191254,33.98630844206157,34.538933116551924,173800
2025-05-20,34.33885192871094,34.75808187620205,34.20546074699273,34.29121274018831,93600
2025-05-21,32.900123596191406,33.96726029162378,32.871540810744165,33.96726029162378,107200
2025-05-22,32.4141960144043,32.672404245859234,31.788206156501783,32.652395570387895,116300
2025-05-23,31.72818183898925,32.14741540626813,31.528095073499053,32.14741540626813,143400
2025-05-27,32.29033279418945,32.39514118544899,31.747238070969058,32.07118962820903,116800
2025-05-28,32.63334274291992,32.7095683538066,32.04260879709686,32.29986478188364,109000
2025-05-29,32.64286422729492,32.85248099113281,32.209342943018946,32.50947306290232,124500
2025-05-30,32.3951416015625,32.747675948351734,32.11882922735394,32.24269402176416,253600
2025-06-02,32.29033279418945,32.48374999979621,31.632903296248173,32.18552440292991,176400
2025-06-03,32.2331657409668,32.30462270023122,31.73771022712497,32.22363572330701,174600
2025-06-04,32.29033279418945,32.31891557921043,31.8425164441303,32.118828814789644,199200
2025-06-05,31.85204696655273,32.223637716256846,31.537621787795707,32.223637716256846,181500
2025-06-06,32.2331657409668,32.38561331179222,31.852044996584844,32.18552292194146,222300
2025-06-09,32.9477653503418,32.957291733636474,31.994967096850875,32.36655783417043,174800
2025-06-10,33.1097412109375,33.548027560409665,33.004932815490434,33.14785401557954,82100
2025-06-11,32.99540710449219,33.55755826319585,32.78579030932355,33.13832467285857,121800
2025-06-12,33.1287956237793,33.19072620162568,32.79531405514361,32.95729164782652,105700
2025-06-13,32.31891250610352,32.74767241383356,32.17599495995125,32.671450449479664,137000
2025-06-16,32.17381286621094,32.81225882694381,32.13512196716586,32.67683145498822,142100
2025-06-17,32.09642791748047,32.396305453364725,31.922305953434023,32.09642791748047,182100
2025-06-18,32.20283889770508,32.45434637237452,32.038388722247774,32.057736018779195,106100
2025-06-20,32.44467544555664,32.60815512400168,31.753025258883625,32.38663355439457,355200
2025-06-23,32.9283447265625,32.98638292394768,32.10610125911856,32.44467340104937,182300
2025-06-24,32.58009719848633,33.15082944742521,32.541402611072414,33.08311576451034,113800
2025-06-25,31.50634956359864,32.47369220587091,31.49667776082841,32.4059785161214,196100
2025-06-26,32.07707977294922,32.20283534145615,31.39026742746823,31.62242757996816,183100
2025-06-27,32.106101989746094,32.8316089945259,31.975512352538285,32.25120486674984,357200
2025-06-30,32.23185729980469,32.376960175589915,31.815899658681083,32.135124509360814,160100
2025-07-01,32.454345703125,33.034753516740295,31.893288875761574,32.06741085083422,195300
2025-07-02,32.6478157043457,32.763895793616584,31.9126368854708,32.47369372537963,162300
2025-07-03,32.87997817993164,33.04442465858808,32.46402054670503,32.647814321106814,59200
2025-07-07,32.454345703125,33.20016680997572,32.2995710241848,32.82193694940275,194600
2025-07-08,32.65748596191406,33.16050457843971,32.12544824697402,32.12544824697402,167700
2025-07-09,32.7735710144043,33.22821956448404,32.5510826409356,32.79291831080846,209400
2025-07-10,32.97671127319336,33.44587305152418,32.64781462272264,32.85095569474648,121600
2025-07-11,33.02507400512695,33.242728292543326,32.628463707969736,32.628463707969736,123300
2025-07-14,33.13148498535156,33.286259658116315,32.92834391924519,33.02507670592843,80000
2025-07-15,32.63814163208008,33.14115654732352,32.53173335342961,33.044423761342685,182400
2025-07-16,33.25724029541016,33.25724029541016,32.618794314072616,32.783240788149,132000
2025-07-17,33.17985153198242,33.61515645430666,33.063771449402395,33.14115694108265,127600
2025-07-18,32.89931869506836,33.4555414026089,32.74938177977584,33.22821531160476,191700
2025-07-21,32.84128189086914,33.31527769671152,32.4833661633793,33.14115573412313,170600
2025-07-22,33.58613586425781,33.74091053086235,32.85095343029689,32.85095343029689,144700
2025-07-23,33.45071029663086,33.934381617124984,33.35397381846044,33.58613767595012,119800
2025-07-24,32.70585632324219,33.392668719077825,32.64781443580224,33.19919945106401,116800
2025-07-25,32.74454498291016,32.91866694318948,32.289896477842255,32.91866694318948,83600
2025-07-28,31.931978225708008,32.79291625621492,31.931978225708008,32.79291625621492,205100
2025-07-29,32.357608795166016,33.0444211149357,31.516021816150783,32.7929136774563,286700
2025-07-30,31.92230796813965,32.589773079030486,31.64177770945764,32.280223721215656,309100
2025-07-31,30.1617431640625,31.52569610962908,30.123048573663063,31.52569610962908,344100
2025-08-01,29.77480697631836,30.62606768348644,29.00093176110591,30.35521108140313,256300
2025-08-04,29.55231666564941,30.13272261378422,29.484602976627954,29.784480520951053,152200
2025-08-05,30.480966567993164,30.480966567993164,29.281461925237625,29.43623659881513,163200
2025-08-06,30.113374710083008,30.635740606371144,30.08435561255118,30.577700566247888,119200
2025-08-07,30.41325187683105,30.480965563657623,30.066943417732624,30.38423093459413,128900
2025-08-08,30.006969451904297,30.509988072820708,29.987622156086044,30.49064077700245,94800
2025-08-11,29.77480697631836,30.190762759613204,29.43623668497914,29.861867961093004,144800
2025-08-12,30.07468032836914,30.25847593132692,29.559085828904816,29.7554573574738,211100
2025-08-13,30.66476058959961,30.82920890235366,29.939253653048134,30.268150278556234,124000
2025-08-14,30.113374710083008,30.419054960819583,29.93925458971324,30.384231305757552,184000
2025-08-15,30.09402847290039,30.19076125555567,29.852192826143067,30.1810894533378,201800
2025-08-18,30.60671806335449,30.83888005676738,29.813497457928925,30.04565945134181,230900
2025-08-19,31.129085540771484,31.34673615236368,30.568026899768835,30.568026899768835,125100
2025-08-20,31.10006523132324,31.564389224046508,31.080717937028226,31.322553580537363,359400
2025-08-21,31.20647048950196,31.312878765365745,30.771167428809257,30.771167428809257,175700
2025-08-22,32.43499755859375,32.53173403672569,31.16778106107967,31.39994122835766,231100
2025-08-25,32.019039154052734,32.35277353783302,31.9996955490132,32.32858849635474,128200
2025-08-26,32.02871322631836,32.23185428129802,31.854591267730346,32.11577420561237,248700
2025-08-27,32.522056579589844,32.638140346336954,32.072242131272326,32.164140857417344,161100
2025-08-28,32.78323745727539,32.87029843179937,32.21250522208906,32.54140182694422,172300
2025-08-29,33.382991790771484,33.56678924803573,32.86062958674893,32.86062958674893,242700
2025-09-02,32.125450134277344,33.005731842382126,32.05289869385979,32.996060039048906,183800
2025-09-03,32.36728286743164,32.43209612126858,31.89328705466949,31.89328705466949,154500
2025-09-04,32.89931869506836,32.94768877494762,32.38662832139536,32.60911666638777,116900
2025-09-05,33.53776550292969,33.73123475710111,32.98348009350779,33.07344150698973,198500
2025-09-08,33.392669677734375,33.54744435856491,33.02507842696704,33.431364270471875,176900
2025-09-09,32.98638153076172,33.34430095341058,32.87997694334312,33.334625460842126,147400
2025-09-10,32.40597915649414,32.94769237531435,32.110939349561285,32.89932229014943,185900
2025-09-11,33.17985153198242,33.237893418332085,32.27055078655348,32.27055078655348,150600
2025-09-12,32.72520065307617,33.286257420334735,32.66715877089672,33.17017734609486,138100
2025-09-15,31.929658889770508,32.89216810272835,31.78725059717439,32.89216810272835,166400
2025-09-16,31.69394493103028,32.0868022366049,31.59572779468612,31.89037545711792,160400
2025-09-17,31.585908889770508,32.553326168456735,31.52207055920673,31.752876153199985,174900
2025-09-18,31.959125518798828,31.959125518798828,31.48278271158264,31.693944871072272,162800
2025-09-19,32.155555725097656,32.34216266204388,31.664481288985968,32.0082318956239,603100
2025-09-22,32.450199127197266,32.602431001086,31.72438893402208,32.00823139232613,194800
2025-09-23,32.12609100341797,32.744845886114625,31.96403552875441,32.66627217236228,140100
2025-09-24,31.56626510620117,32.12608968053113,31.51715841042851,31.91983931032551,146500
2025-09-25,31.0751895904541,31.64483773237953,31.00152954931913,31.64483773237953,154500
2025-09-26,31.43858337402344,31.522068874576856,31.0408142844594,31.16358289201379,151000
2025-09-29,31.09483337402344,31.492602471294884,31.03197665500337,31.458227410377607,129300
2025-09-30,31.644838333129883,31.733231882810163,30.92786822202316,30.996618344374404,173300
2025-10-01,31.625194549560547,31.78233821982194,31.261798641268378,31.66448140377605,120000
2025-10-02,31.1832275390625,31.625195292873293,31.03590557889236,31.625195292873293,125700
2025-10-03,31.0555477142334,31.64483740369386,31.01135094069136,31.242154648477324,179900
2025-10-06,30.593936920166016,31.119386415654542,30.41714982387075,31.006439520421523,209600
2025-10-07,31.19304847717285,31.49751410372675,30.44170518767844,30.61358049138621,224500
2025-10-08,31.251977920532227,31.330549758159005,30.800190322503344,31.085012531412776,136500
2025-10-09,30.90822410583496,31.399298538313875,30.77072386419696,31.31090499060365,103700
2025-10-10,30.338579177856445,31.09974608042738,29.945719989197485,30.92786889749508,120600
2025-10-13,30.52518653869629,30.589026739214123,30.11268394195849,30.37786458414,123100
2025-10-14,30.93769073486328,31.01626257290869,30.19616913039095,30.48590313442724,265300
2025-10-15,30.93769073486328,31.44840861880867,30.79036877269068,31.01626257290869,135900
2025-10-16,30.338579177856445,31.08501257295866,29.945719989197485,30.79036864978953,226400
2025-10-17,30.053756713867188,30.60375957332857,29.92607630782236,30.3287572069477,231200
2025-10-20,29.926074981689453,30.38768614313384,29.68544956090699,30.10286207557877,158300
2025-10-21,30.26000595092773,30.623401854566985,29.8573250668763,29.926075187572845,148200
2025-10-22,30.94751167297364,30.991708447847504,30.13232817120024,30.39750882044348,141800
2025-10-23,30.53500938415528,30.99661869175868,30.31893730101545,30.93769028241152,135700
2025-10-24,30.918046951293945,30.957333806514825,30.564474620807857,30.6135813165336,85900
2025-10-27,30.004648208618164,30.829653436212737,29.94571979901865,30.829653436212737,153800
2025-10-28,30.662687301635746,30.878761253742223,29.395716222930936,30.16179114898025,208400
2025-10-29,29.670717239379883,30.480990827637967,29.50375372548222,30.32875707441908,182700
2025-10-30,30.06357765197754,30.2305430355972,29.641253336157224,29.641253336157224,169800
2025-10-31,30.12250709533692,30.1716137914364,29.62652272085075,29.81804145825928,158100
2025-11-03,29.926074981689453,29.98991518188288,29.533215813768905,29.768931314521232,134400
2025-11-04,30.38768768310547,30.39750939696376,29.69527277914932,29.945719925984363,132000
2025-11-05,30.751081466674805,30.859118444892715,30.36804399597545,30.64304636175725,119200
2025-11-06,30.16179084777832,30.805099030934272,30.10286244020153,30.59393687437546,113500
2025-11-07,30.88858413696289,30.93769083341005,30.073400612157435,30.30911612704451,133200
2025-11-10,30.800189971923828,30.996618627104763,30.397509074507507,30.800189971923828,105500
2025-11-11,31.595727920532227,31.6055515075061,30.505543928974543,30.957333391455474,113100
2025-11-12,30.89840316772461,31.782338667007537,30.87876161364081,31.40912103991022,154100
2025-11-13,30.77072525024414,31.085012601459468,30.446616185140783,30.633225002412527,122900
2025-11-14,30.996618270874023,31.104655247627147,30.363133664067963,30.70197435483866,126100
2025-11-17,30.318937301635746,30.84438681213453,30.161791754539504,30.5251876710052,126100
2025-11-18,30.250185012817383,30.54483080331192,30.05375635912137,30.34840027631556,118300
2025-11-19,30.08321952819824,30.289471768198013,29.876969161498803,30.26000662725509,118900
2025-11-20,30.01446914672852,30.66759904890295,29.989915799471653,30.191256244258447,116300
2025-11-21,31.0751895904541,31.18322656541241,29.99482733407218,30.22072112416656,166700
2025-11-24,30.7314395904541,31.035905221068827,30.377865391481944,31.035905221068827,121400
2025-11-25,31.42876434326172,31.703764832353045,30.633224270347,31.016261736324395,194000
2025-11-26,31.20287132263184,31.78233932943932,31.20287132263184,31.291264874402493,144300
2025-11-28,31.24215507507324,31.29617356272892,31.09483311902159,31.15376152678219,45800
2025-12-01,30.70197486877441,31.414033196629763,30.569384542348907,30.99661878974197,175400
2025-12-02,30.72161865234375,30.87876232845392,30.318937748148898,30.81983204493732,91000
2025-12-03,30.72161865234375,31.134121270458035,30.2894726063906,30.87876232845392,124900
2025-12-04,29.827861785888672,30.760902081518463,29.70018138468336,30.456436458590872,139200
2025-12-05,29.12071418762207,29.965362831717727,29.013660693042183,29.88679099552048,208300
2025-12-08,28.77696228027344,29.179643183041943,28.585443542773827,29.01267966690413,188100
2025-12-09,28.95374870300293,29.366251309959704,28.77696160383569,28.77696160383569,122000
2025-12-10,29.3171443939209,29.59214488095151,28.91151680225043,29.10107044176791,244400
2025-12-11,29.34660720825196,29.562681157068788,29.071606725467312,29.47428760951649,146300
2025-12-12,29.160001754760746,29.56268265927182,28.796605832657864,29.484110821155035,163900
2025-12-15,28.850000381469727,29.51000022888184,28.59000015258789,29.489999771118164,184900
2025-12-16,28.190000534057617,29.059999465942383,27.920000076293945,28.82999992370605,356800
2025-12-17,28.96999931335449,29.165000915527344,28.1200008392334,28.1200008392334,203800
2025-12-18,28.3799991607666,29.25,28.350000381469727,29.13999938964844,285600
2025-12-19,28.25,28.39999961853028,27.690000534057617,28.39999961853028,853000
2025-12-22,29.040000915527344,29.07999992370605,28.114999771118164,28.239999771118164,271000
2025-12-23,29.170000076293945,29.64999961853028,28.770000457763672,29.049999237060547,312700
2025-12-24,29.11000061035156,29.280000686645508,29.0,29.14999961853028,60400
2025-12-26,28.950000762939453,29.257999420166016,28.709999084472656,29.040000915527344,142000
2025-12-29,29.270000457763672,29.395000457763672,28.850000381469727,28.850000381469727,176800
2025-12-30,30.100000381469727,30.32999992370605,29.23200035095215,29.459999084472656,297700
2025-12-31,30.100000381469727,30.25,29.700000762939453,30.200000762939453,218800
2026-01-02,29.56999969482422,30.07999992370605,29.35099983215332,30.07999992370605,165800
2026-01-05,29.479999542236328,29.799999237060547,29.045000076293945,29.3700008392334,182000
2026-01-06,30.38999938964844,30.549999237060547,29.38999938964844,29.39999961853028,196100
2026-01-07,30.26000022888184,30.90999984741211,29.950000762939453,30.46999931335449,307700
2026-01-08,30.670000076293945,30.940000534057617,30.0,30.0,162200
2026-01-09,30.68000030517578,30.924999237060547,30.46999931335449,30.57999992370605,197600
2026-01-12,30.670000076293945,30.96999931335449,30.527999877929688,30.64999961853028,137700
2026-01-13,30.6200008392334,30.9689998626709,30.13500022888184,30.63999938964844,140300
2026-01-14,31.059999465942383,31.09000015258789,30.6200008392334,30.690000534057617,228700
2026-01-15,31.530000686645508,31.934999465942383,31.2549991607666,31.3799991607666,154800
2026-01-16,31.6200008392334,31.709999084472656,31.131000518798828,31.3799991607666,204200
2026-01-20,30.170000076293945,31.1299991607666,30.131000518798828,31.1299991607666,254200
2026-01-21,30.700000762939453,30.89999961853028,30.26000022888184,30.290000915527344,161900
2026-01-22,30.450000762939453,31.14999961853028,30.354999542236328,30.790000915527344,187800
2026-01-23,30.530000686645508,30.65800094604492,30.11000061035156,30.39999961853028,188300
2026-01-26,30.209999084472656,30.56999969482422,29.90999984741211,30.549999237060547,188700
2026-01-27,30.25,30.420000076293945,29.96999931335449,30.1299991607666,127700
2026-01-28,29.57999992370605,30.489999771118164,29.46999931335449,30.3700008392334,132000
2026-01-29,29.96999931335449,30.104999542236328,29.709999084472656,29.709999084472656,149800
2026-01-30,30.21999931335449,30.280000686645508,29.600000381469727,29.76000022888184,212500
2026-02-02,30.440000534057617,30.530000686645508,30.06999969482422,30.3700008392334,166500
2026-02-03,29.8700008392334,30.780000686645508,29.64800071716309,30.229999542236328,190900
2026-02-04,30.489999771118164,30.75,30.13999938964844,30.13999938964844,219000
2026-02-05,30.290000915527344,30.684999465942383,29.9950008392334,30.46999931335449,212400
2026-02-06,30.40999984741211,30.88999938964844,30.21999931335449,30.3799991607666,180100
2026-02-09,30.1200008392334,30.5,30.065000534057617,30.38999938964844,158300
2026-02-10,31.170000076293945,31.200000762939453,30.5,30.68000030517578,269000
2026-02-11,31.21999931335449,31.90999984741211,30.8799991607666,31.15999984741211,175500
2026-02-12,29.549999237060547,31.71500015258789,29.459999084472656,31.65999984741211,189000
2026-02-13,29.76000022888184,29.959999084472656,29.450000762939453,29.56999969482422,135400
2026-02-17,30.229999542236328,30.290000915527344,29.459999084472656,29.950000762939453,119000
2026-02-18,29.93000030517578,30.26499938964844,29.81999969482422,30.06999969482422,129600
2026-02-19,30.030000686645508,30.030000686645508,29.459999084472656,29.899999618530277,163800
2026-02-20,29.729999542236328,30.03499984741211,29.61000061035156,30.09000015258789,113143
2026-02-23,29.690000534057617,30.329999923706055,29.610000610351562,29.75,194900
2026-02-24,28.90999984741211,30.440000534057617,28.6299991607666,29.600000381469727,366500
2026-02-25,29.059999465942383,29.149999618530273,28.69499969482422,28.84000015258789,311000
2026-02-26,28.739999771118164,29.290000915527344,28.420000076293945,29.209999084472656,308700
2026-02-27,28.190000534057617,28.530000686645508,27.795000076293945,28.139999389648438,536800
2026-03-02,28.229999542236328,28.584999084472656,27.8700008392334,27.90999984741211,218800
2026-03-03,27.31999969482422,27.809999465942383,26.799999237060547,27.809999465942383,284200
2026-03-04,27.8700008392334,27.8700008392334,26.979999542236328,27.34000015258789,187300
2026-03-05,28.010000228881836,28.360000610351562,27.450000762939453,27.6200008392334,195400
2026-03-06,27.399999618530273,27.834999084472656,27.15999984741211,27.780000686645508,242700
2026-03-09,26.8700008392334,27.3799991607666,26.0,27.18000030517578,224100
2026-03-10,26.809999465942383,27.325000762939453,26.469999313354492,26.81999969482422,159600
2026-03-11,26.31999969482422,26.761999130249023,26.030000686645508,26.639999389648438,198100
2026-03-12,26.3700008392334,26.700000762939453,26.190000534057617,26.229999542236328,181811
