date,close,high,low,open,volume
2021-03-12,46.7599983215332,46.93000030517578,44.720001220703125,46.38999938964844,68800
2021-03-15,46.93000030517578,47.459999084472656,46.2599983215332,46.5,72500
2021-03-16,46.189998626708984,47.5,46.150001525878906,46.77000045776367,90400
2021-03-17,46.060001373291016,47.459999084472656,45.56999969482422,46.16999816894531,65100
2021-03-18,45.72999954223633,47.06999969482422,45.459999084472656,45.849998474121094,59500
2021-03-19,45.849998474121094,46.779998779296875,45.08000183105469,46.36000061035156,260100
2021-03-22,44.88999938964844,46.5099983215332,44.34000015258789,45.86000061035156,73600
2021-03-23,42.93000030517578,44.97999954223633,42.33000183105469,44.5099983215332,76700
2021-03-24,42.900001525878906,46.33000183105469,42.900001525878906,43.380001068115234,118800
2021-03-25,41.88999938964844,43.470001220703125,40.900001525878906,42.84000015258789,177400
2021-03-26,43.040000915527344,43.97999954223633,41.959999084472656,42.41999816894531,104300
2021-03-29,42.86000061035156,47.04999923706055,42.52000045776367,42.779998779296875,127300
2021-03-30,43.279998779296875,44.09000015258789,42.2599983215332,42.79999923706055,84100
2021-03-31,43.349998474121094,43.869998931884766,43.119998931884766,43.29999923706055,109300
2021-04-01,42.93000030517578,43.68000030517578,42.529998779296875,43.400001525878906,60900
2021-04-05,43.029998779296875,44.349998474121094,42.540000915527344,43.959999084472656,57200
2021-04-06,42.91999816894531,43.97999954223633,42.86000061035156,42.869998931884766,59400
2021-04-07,41.97999954223633,43.380001068115234,41.70000076293945,42.68000030517578,61300
2021-04-08,42.20000076293945,42.880001068115234,41.54999923706055,42.130001068115234,150900
2021-04-09,42.869998931884766,43.400001525878906,42.20000076293945,42.20000076293945,101600
2021-04-12,42.04999923706055,43.22999954223633,41.84000015258789,42.90999984741211,79800
2021-04-13,43.459999084472656,43.7400016784668,42.290000915527344,42.290000915527344,103900
2021-04-14,42.869998931884766,43.70000076293945,42.779998779296875,43.4900016784668,39200
2021-04-15,43.630001068115234,43.90999984741211,43.08000183105469,43.369998931884766,46800
2021-04-16,44.16999816894531,44.5,43.709999084472656,44.119998931884766,48800
2021-04-19,43.77000045776367,44.290000915527344,43.279998779296875,44.290000915527344,87900
2021-04-20,43.88999938964844,44.279998779296875,43.40999984741211,43.70000076293945,53300
2021-04-21,45.25,45.25,43.52000045776367,44.119998931884766,68500
2021-04-22,44.63999938964844,45.40999984741211,44.27000045776367,45.40999984741211,70500
2021-04-23,44.790000915527344,45.29999923706055,44.61000061035156,44.61000061035156,68600
2021-04-26,44.439998626708984,45.380001068115234,44.189998626708984,44.970001220703125,41600
2021-04-27,43.939998626708984,44.970001220703125,43.4900016784668,44.41999816894531,51000
2021-04-28,44.150001525878906,44.540000915527344,43.400001525878906,44.130001068115234,45900
2021-04-29,44.560001373291016,45.0,42.9900016784668,44.59000015258789,84400
2021-04-30,44.349998474121094,45.2599983215332,43.810001373291016,44.599998474121094,111300
2021-05-03,44.79999923706055,45.959999084472656,43.83000183105469,44.709999084472656,96500
2021-05-04,44.349998474121094,44.709999084472656,43.86000061035156,44.66999816894531,70400
2021-05-05,43.65999984741211,44.63999938964844,43.20000076293945,44.349998474121094,54000
2021-05-06,43.790000915527344,44.86000061035156,43.290000915527344,43.630001068115234,151900
2021-05-07,44.15999984741211,44.86000061035156,43.720001220703125,43.720001220703125,65600
2021-05-10,42.310001373291016,44.97999954223633,41.810001373291016,44.369998931884766,146100
2021-05-11,41.380001068115234,42.380001068115234,41.220001220703125,41.75,101700
2021-05-12,40.400001525878906,41.33000183105469,40.20000076293945,41.099998474121094,109300
2021-05-13,41.720001220703125,42.150001525878906,40.77000045776367,40.849998474121094,115900
2021-05-14,42.54999923706055,42.86000061035156,41.81999969482422,41.81999969482422,60400
2021-05-17,41.060001373291016,42.5,40.90999984741211,41.7599983215332,101000
2021-05-18,40.91999816894531,41.790000915527344,40.90999984741211,40.970001220703125,54600
2021-05-19,41.20000076293945,41.81999969482422,40.459999084472656,40.459999084472656,67800
2021-05-20,41.130001068115234,42.029998779296875,40.77000045776367,41.380001068115234,63500
2021-05-21,41.29999923706055,42.02000045776367,41.13999938964844,41.25,88900
2021-05-24,41.810001373291016,42.279998779296875,40.779998779296875,41.560001373291016,101600
2021-05-25,41.20000076293945,42.220001220703125,41.20000076293945,41.7599983215332,121400
2021-05-26,40.84000015258789,41.400001525878906,40.279998779296875,41.20000076293945,80200
2021-05-27,40.790000915527344,41.97999954223633,40.56999969482422,40.86000061035156,82100
2021-05-28,40.70000076293945,41.349998474121094,40.70000076293945,41.349998474121094,62500
2021-06-01,41.77000045776367,41.9900016784668,40.709999084472656,41.02000045776367,123800
2021-06-02,40.130001068115234,41.779998779296875,40.029998779296875,41.779998779296875,55100
2021-06-03,40.15999984741211,40.349998474121094,39.22999954223633,40.029998779296875,60600
2021-06-04,40.810001373291016,40.970001220703125,39.86000061035156,39.900001525878906,55400
2021-06-07,40.9900016784668,41.06999969482422,40.5099983215332,40.77000045776367,67400
2021-06-08,41.2599983215332,41.650001525878906,40.66999816894531,41.119998931884766,73300
2021-06-09,41.970001220703125,42.220001220703125,41.2599983215332,41.5,97900
2021-06-10,42.220001220703125,42.439998626708984,41.119998931884766,42.0,60600
2021-06-11,42.349998474121094,42.4900016784668,40.86000061035156,42.36000061035156,60700
2021-06-14,42.47999954223633,42.970001220703125,41.5099983215332,42.45000076293945,69700
2021-06-15,42.18000030517578,42.970001220703125,41.72999954223633,42.41999816894531,55600
2021-06-16,41.869998931884766,42.220001220703125,41.61000061035156,42.119998931884766,65100
2021-06-17,42.150001525878906,42.630001068115234,41.630001068115234,41.84000015258789,42700
2021-06-18,41.560001373291016,42.95000076293945,41.33000183105469,42.95000076293945,129000
2021-06-21,40.58000183105469,41.77000045776367,40.20000076293945,41.77000045776367,149200
2021-06-22,40.11000061035156,40.45000076293945,39.599998474121094,40.400001525878906,58200
2021-06-23,40.75,41.029998779296875,39.869998931884766,40.0099983215332,87100
2021-06-24,40.529998779296875,41.400001525878906,40.33000183105469,41.400001525878906,55800
2021-06-25,41.7599983215332,42.369998931884766,40.36000061035156,40.56999969482422,253700
2021-06-28,40.290000915527344,42.060001373291016,40.099998474121094,42.060001373291016,75300
2021-06-29,40.130001068115234,40.4900016784668,39.720001220703125,40.209999084472656,63200
2021-06-30,40.11000061035156,40.310001373291016,39.650001525878906,40.040000915527344,89900
2021-07-01,41.13999938964844,41.16999816894531,40.18000030517578,41.13999938964844,71300
2021-07-02,40.47999954223633,41.75,40.369998931884766,41.18000030517578,57400
2021-07-06,39.7599983215332,40.380001068115234,39.349998474121094,40.380001068115234,84500
2021-07-07,39.04999923706055,39.849998474121094,38.66999816894531,38.66999816894531,52700
2021-07-08,39.310001373291016,39.68000030517578,37.56999969482422,38.349998474121094,108300
2021-07-09,40.22999954223633,40.290000915527344,39.400001525878906,39.68000030517578,57300
2021-07-12,40.79999923706055,41.189998626708984,39.790000915527344,39.91999816894531,87800
2021-07-13,39.86000061035156,41.790000915527344,39.810001373291016,40.599998474121094,33100
2021-07-14,38.77000045776367,39.83000183105469,38.56999969482422,39.83000183105469,75900
2021-07-15,37.880001068115234,38.45000076293945,37.459999084472656,38.45000076293945,76800
2021-07-16,37.79999923706055,38.25,37.5,38.25,59900
2021-07-19,37.380001068115234,37.650001525878906,36.63999938964844,37.16999816894531,76300
2021-07-20,37.34000015258789,38.279998779296875,37.33000183105469,37.470001220703125,84400
2021-07-21,38.09000015258789,38.2400016784668,36.349998474121094,37.52000045776367,70800
2021-07-22,37.81999969482422,37.970001220703125,37.150001525878906,37.95000076293945,60900
2021-07-23,38.209999084472656,38.369998931884766,37.61000061035156,38.369998931884766,61400
2021-07-26,38.380001068115234,38.459999084472656,38.06999969482422,38.27000045776367,44600
2021-07-27,38.2400016784668,39.310001373291016,37.91999816894531,38.20000076293945,40100
2021-07-28,38.81999969482422,38.880001068115234,37.88999938964844,38.79999923706055,47300
2021-07-29,39.13999938964844,39.4900016784668,38.400001525878906,39.0099983215332,119800
2021-07-30,39.7400016784668,39.7400016784668,38.939998626708984,39.16999816894531,60800
2021-08-02,39.63999938964844,40.470001220703125,38.86000061035156,39.880001068115234,102300
2021-08-03,38.400001525878906,39.97999954223633,38.0099983215332,39.63999938964844,132000
2021-08-04,37.54999923706055,38.22999954223633,37.130001068115234,38.0099983215332,111000
2021-08-05,37.97999954223633,38.59000015258789,37.2400016784668,37.650001525878906,185100
2021-08-06,40.58000183105469,40.63999938964844,37.91999816894531,39.970001220703125,160300
2021-08-09,41.369998931884766,42.9900016784668,40.380001068115234,40.970001220703125,146800
2021-08-10,39.33000183105469,41.619998931884766,39.060001373291016,41.58000183105469,119700
2021-08-11,39.52000045776367,40.779998779296875,38.16999816894531,39.33000183105469,105300
2021-08-12,39.59000015258789,39.709999084472656,39.060001373291016,39.650001525878906,83200
2021-08-13,39.970001220703125,40.11000061035156,38.720001220703125,39.41999816894531,71200
2021-08-16,39.720001220703125,40.459999084472656,39.13999938964844,40.459999084472656,75300
2021-08-17,39.790000915527344,39.900001525878906,38.939998626708984,39.45000076293945,57200
2021-08-18,39.90999984741211,40.459999084472656,39.529998779296875,40.459999084472656,59600
2021-08-19,39.61000061035156,40.04999923706055,39.279998779296875,39.529998779296875,98400
2021-08-20,41.119998931884766,41.22999954223633,39.02000045776367,39.41999816894531,372200
2021-08-23,41.849998474121094,42.220001220703125,40.91999816894531,41.31999969482422,75600
2021-08-24,41.20000076293945,42.279998779296875,40.939998626708984,41.84000015258789,107200
2021-08-25,41.040000915527344,41.41999816894531,40.66999816894531,41.349998474121094,77800
2021-08-26,40.81999969482422,41.20000076293945,40.0099983215332,40.9900016784668,79900
2021-08-27,41.900001525878906,42.029998779296875,40.43000030517578,40.779998779296875,95200
2021-08-30,41.66999816894531,41.900001525878906,41.369998931884766,41.900001525878906,48000
2021-08-31,42.400001525878906,42.43000030517578,41.689998626708984,41.720001220703125,108000
2021-09-01,42.779998779296875,42.869998931884766,41.88999938964844,42.54999923706055,80200
2021-09-02,42.86000061035156,43.0,42.09000015258789,42.91999816894531,62900
2021-09-03,42.689998626708984,43.29999923706055,42.529998779296875,42.900001525878906,60900
2021-09-07,41.63999938964844,42.689998626708984,41.36000061035156,42.689998626708984,48800
2021-09-08,41.5099983215332,41.84000015258789,41.029998779296875,41.439998626708984,65700
2021-09-09,41.439998626708984,41.880001068115234,41.11000061035156,41.630001068115234,71400
2021-09-10,40.59000015258789,41.77000045776367,40.5,41.630001068115234,71500
2021-09-13,40.189998626708984,41.16999816894531,39.33000183105469,40.970001220703125,103100
2021-09-14,40.099998474121094,40.459999084472656,39.91999816894531,40.18000030517578,86600
2021-09-15,40.95000076293945,40.95000076293945,40.0,40.25,63800
2021-09-16,40.5,41.08000183105469,40.369998931884766,40.88999938964844,84400
2021-09-17,40.65999984741211,40.709999084472656,39.599998474121094,40.20000076293945,261000
2021-09-20,38.970001220703125,40.2599983215332,38.560001373291016,40.16999816894531,85000
2021-09-21,38.470001220703125,39.25,38.11000061035156,39.25,61900
2021-09-22,39.36000061035156,39.4900016784668,38.59000015258789,38.66999816894531,59500
2021-09-23,39.31999969482422,39.689998626708984,38.279998779296875,39.59000015258789,47000
2021-09-24,38.90999984741211,40.369998931884766,38.70000076293945,39.9900016784668,58000
2021-09-27,38.970001220703125,39.790000915527344,38.790000915527344,39.790000915527344,58500
2021-09-28,38.86000061035156,39.97999954223633,38.400001525878906,38.779998779296875,76800
2021-09-29,38.06999969482422,38.97999954223633,37.70000076293945,38.95000076293945,65600
2021-09-30,38.119998931884766,39.529998779296875,38.0,38.33000183105469,77800
2021-10-01,39.310001373291016,39.65999984741211,38.040000915527344,38.349998474121094,77800
2021-10-04,38.06999969482422,39.97999954223633,37.939998626708984,39.150001525878906,63500
2021-10-05,37.38999938964844,38.47999954223633,37.310001373291016,38.06999969482422,87100
2021-10-06,37.70000076293945,38.08000183105469,37.0,37.060001373291016,79000
2021-10-07,37.9900016784668,38.84000015258789,37.849998474121094,38.02000045776367,32900
2021-10-08,36.689998626708984,38.27000045776367,36.619998931884766,38.029998779296875,37200
2021-10-11,36.529998779296875,37.060001373291016,36.47999954223633,36.599998474121094,51300
2021-10-12,37.0,37.189998626708984,36.400001525878906,36.70000076293945,57100
2021-10-13,36.5,37.29999923706055,35.849998474121094,37.2400016784668,72200
2021-10-14,36.349998474121094,37.31999969482422,36.2400016784668,36.720001220703125,53700
2021-10-15,36.2400016784668,37.150001525878906,36.220001220703125,36.93000030517578,49700
2021-10-18,36.16999816894531,36.779998779296875,35.61000061035156,36.779998779296875,42100
2021-10-19,36.220001220703125,36.689998626708984,35.91999816894531,36.58000183105469,55300
2021-10-20,36.56999969482422,36.650001525878906,35.88999938964844,36.2400016784668,46700
2021-10-21,36.150001525878906,36.88999938964844,35.83000183105469,36.599998474121094,45500
2021-10-22,35.970001220703125,36.06999969482422,35.349998474121094,35.869998931884766,95600
2021-10-25,35.66999816894531,36.27000045776367,35.29999923706055,36.099998474121094,53500
2021-10-26,35.77000045776367,36.209999084472656,35.58000183105469,35.91999816894531,58800
2021-10-27,35.68000030517578,36.0,35.470001220703125,35.63999938964844,55900
2021-10-28,35.38999938964844,36.310001373291016,35.349998474121094,35.880001068115234,43000
2021-10-29,35.97999954223633,36.029998779296875,35.0,35.40999984741211,59800
2021-11-01,36.869998931884766,37.0,35.90999984741211,36.29999923706055,59500
2021-11-02,37.279998779296875,37.52000045776367,36.79999923706055,36.9900016784668,69600
2021-11-03,38.52000045776367,38.52000045776367,37.290000915527344,37.290000915527344,44400
2021-11-04,37.15999984741211,38.83000183105469,36.93000030517578,38.5099983215332,79400
2021-11-05,36.06999969482422,37.790000915527344,35.880001068115234,37.0,66600
2021-11-08,34.95000076293945,36.040000915527344,34.689998626708984,36.040000915527344,88400
2021-11-09,33.70000076293945,34.79999923706055,33.369998931884766,34.79999923706055,103200
2021-11-10,33.11000061035156,34.0,33.09000015258789,33.5,85000
2021-11-11,32.63999938964844,33.25,32.15999984741211,33.25,65300
2021-11-12,32.470001220703125,33.279998779296875,32.31999969482422,33.279998779296875,97600
2021-11-15,32.0,33.150001525878906,31.459999084472656,32.66999816894531,122600
2021-11-16,31.600000381469727,32.15999984741211,31.420000076293945,32.13999938964844,95600
2021-11-17,29.93000030517578,31.790000915527344,29.850000381469727,31.3799991607666,99200
2021-11-18,30.020000457763672,31.139999389648438,29.65999984741211,29.90999984741211,170800
2021-11-19,31.06999969482422,31.760000228881836,30.049999237060547,30.049999237060547,163400
2021-11-22,32.27000045776367,32.540000915527344,30.959999084472656,31.420000076293945,142000
2021-11-23,31.8700008392334,32.86000061035156,31.40999984741211,32.439998626708984,80800
2021-11-24,32.81999969482422,32.97999954223633,31.520000457763672,31.8700008392334,110100
2021-11-26,31.360000610351562,32.79999923706055,30.780000686645508,32.45000076293945,65100
2021-11-29,31.020000457763672,32.619998931884766,30.940000534057617,32.619998931884766,139000
2021-11-30,30.610000610351562,31.25,30.0,30.889999389648438,116300
2021-12-01,30.739999771118164,31.639999389648438,30.549999237060547,31.1299991607666,114400
2021-12-02,31.350000381469727,31.469999313354492,30.6299991607666,30.739999771118164,80000
2021-12-03,30.239999771118164,31.65999984741211,30.030000686645508,31.360000610351562,107100
2021-12-06,31.09000015258789,31.75,30.530000686645508,30.6200008392334,120000
2021-12-07,31.040000915527344,31.809999465942383,30.8700008392334,31.3799991607666,139000
2021-12-08,30.219999313354492,31.399999618530273,30.18000030517578,31.209999084472656,94600
2021-12-09,29.950000762939453,30.809999465942383,29.670000076293945,29.8700008392334,105800
2021-12-10,30.06999969482422,30.780000686645508,29.850000381469727,30.260000228881836,77900
2021-12-13,29.1200008392334,30.510000228881836,29.110000610351562,29.860000610351562,92200
2021-12-14,29.25,29.959999084472656,28.81999969482422,29.209999084472656,83200
2021-12-15,29.709999084472656,29.709999084472656,28.649999618530273,29.309999465942383,114600
2021-12-16,28.90999984741211,30.1299991607666,28.850000381469727,29.8799991607666,90300
2021-12-17,30.030000686645508,30.190000534057617,28.8799991607666,28.950000762939453,501900
2021-12-20,30.030000686645508,30.09000015258789,29.0,29.59000015258789,94800
2021-12-21,31.479999542236328,31.739999771118164,29.90999984741211,30.18000030517578,153200
2021-12-22,31.739999771118164,32.20000076293945,31.440000534057617,31.6299991607666,117300
2021-12-23,31.520000457763672,31.899999618530273,31.25,31.690000534057617,41100
2021-12-27,31.719999313354492,32.02000045776367,30.860000610351562,31.719999313354492,84200
2021-12-28,31.420000076293945,32.279998779296875,31.350000381469727,32.279998779296875,33000
2021-12-29,31.18000030517578,31.690000534057617,30.950000762939453,31.56999969482422,57200
2021-12-30,30.979999542236328,31.510000228881836,30.920000076293945,31.1200008392334,70200
2021-12-31,31.09000015258789,31.6200008392334,30.670000076293945,31.079999923706055,64600
2022-01-03,32.369998931884766,32.400001525878906,30.899999618530273,31.09000015258789,63200
2022-01-04,32.2400016784668,32.81999969482422,31.780000686645508,32.369998931884766,64700
2022-01-05,31.700000762939453,32.540000915527344,31.65999984741211,32.29999923706055,64900
2022-01-06,31.5,31.90999984741211,30.969999313354492,31.850000381469727,65500
2022-01-07,31.049999237060547,31.459999084472656,30.889999389648438,31.459999084472656,33000
2022-01-10,33.13999938964844,33.93000030517578,31.06999969482422,31.06999969482422,162300
2022-01-11,32.52000045776367,33.849998474121094,31.84000015258789,33.849998474121094,118400
2022-01-12,32.43000030517578,33.0,31.6299991607666,32.599998474121094,74400
2022-01-13,32.900001525878906,33.40999984741211,32.279998779296875,32.279998779296875,132400
2022-01-14,32.900001525878906,33.04999923706055,31.75,32.90999984741211,106100
2022-01-18,32.70000076293945,33.529998779296875,32.08000183105469,33.529998779296875,97000
2022-01-19,31.829999923706055,32.970001220703125,31.670000076293945,32.77000045776367,74100
2022-01-20,31.93000030517578,32.9900016784668,31.729999542236328,31.729999542236328,57900
2022-01-21,31.610000610351562,32.56999969482422,31.450000762939453,31.6200008392334,69600
2022-01-24,32.0,32.310001373291016,30.700000762939453,31.209999084472656,119100
2022-01-25,30.729999542236328,32.060001373291016,30.200000762939453,31.729999542236328,287400
2022-01-26,30.459999084472656,31.709999084472656,30.079999923706055,31.079999923706055,91200
2022-01-27,29.780000686645508,30.850000381469727,29.540000915527344,30.420000076293945,95000
2022-01-28,29.75,29.8799991607666,28.65999984741211,29.6200008392334,83700
2022-01-31,30.399999618530273,31.110000610351562,29.579999923706055,29.579999923706055,141500
2022-02-01,30.5,31.1299991607666,29.739999771118164,30.40999984741211,134900
2022-02-02,30.0,30.719999313354492,29.649999618530273,30.719999313354492,124100
2022-02-03,29.979999542236328,30.40999984741211,29.770000457763672,29.899999618530273,115000
2022-02-04,30.260000228881836,30.6200008392334,29.229999542236328,30.09000015258789,129900
2022-02-07,30.399999618530273,30.56999969482422,29.790000915527344,30.139999389648438,206100
2022-02-08,31.75,31.920000076293945,30.239999771118164,30.510000228881836,199300
2022-02-09,31.239999771118164,32.33000183105469,31.1299991607666,31.739999771118164,126400
2022-02-10,30.90999984741211,31.43000030517578,30.649999618530273,30.920000076293945,124100
2022-02-11,31.049999237060547,31.270000457763672,30.56999969482422,30.940000534057617,75100
2022-02-14,31.219999313354492,31.809999465942383,31.049999237060547,31.239999771118164,126900
2022-02-15,32.31999969482422,32.400001525878906,30.09000015258789,31.450000762939453,106400
2022-02-16,33.11000061035156,33.18000030517578,32.029998779296875,32.36000061035156,89300
2022-02-17,32.400001525878906,32.93000030517578,32.119998931884766,32.83000183105469,106600
2022-02-18,31.43000030517578,32.9900016784668,31.0,32.5,147500
2022-02-22,31.1200008392334,31.969999313354492,31.030000686645508,31.139999389648438,103300
2022-02-23,31.670000076293945,31.899999618530273,31.329999923706055,31.440000534057617,73500
2022-02-24,32.66999816894531,33.189998626708984,31.040000915527344,31.040000915527344,132100
2022-02-25,33.099998474121094,33.20000076293945,31.81999969482422,33.02000045776367,70900
2022-02-28,33.97999954223633,34.18000030517578,32.709999084472656,32.709999084472656,113400
2022-03-01,33.290000915527344,34.529998779296875,33.130001068115234,33.7400016784668,104500
2022-03-02,33.79999923706055,33.970001220703125,33.29999923706055,33.31999969482422,83700
2022-03-03,33.630001068115234,34.0099983215332,33.15999984741211,33.810001373291016,58400
2022-03-04,35.83000183105469,36.130001068115234,34.11000061035156,34.849998474121094,159700
2022-03-07,34.86000061035156,36.08000183105469,34.83000183105469,35.959999084472656,85500
2022-03-08,33.939998626708984,34.880001068115234,33.849998474121094,34.83000183105469,86200
2022-03-09,33.95000076293945,34.83000183105469,32.810001373291016,34.16999816894531,59900
2022-03-10,33.18000030517578,33.66999816894531,32.77000045776367,33.369998931884766,53100
2022-03-11,32.06999969482422,33.470001220703125,32.06999969482422,33.470001220703125,83500
2022-03-14,31.549999237060547,32.45000076293945,31.399999618530273,32.04999923706055,80400
2022-03-15,31.649999618530273,31.979999542236328,31.25,31.790000915527344,60100
2022-03-16,31.899999618530273,32.09000015258789,30.81999969482422,31.889999389648438,60600
2022-03-17,32.380001068115234,32.5099983215332,31.559999465942383,31.559999465942383,55800
2022-03-18,32.790000915527344,33.13999938964844,31.8799991607666,32.119998931884766,181200
2022-03-21,32.04999923706055,33.0,31.950000762939453,32.79999923706055,52700
2022-03-22,32.400001525878906,32.56999969482422,31.780000686645508,32.31999969482422,119800
2022-03-23,32.38999938964844,32.540000915527344,31.81999969482422,32.11000061035156,99800
2022-03-24,32.84000015258789,32.86000061035156,32.52000045776367,32.52000045776367,43500
2022-03-25,32.790000915527344,33.25,32.599998474121094,32.779998779296875,57700
2022-03-28,32.7599983215332,32.97999954223633,32.400001525878906,32.97999954223633,49500
2022-03-29,33.040000915527344,33.380001068115234,32.959999084472656,32.970001220703125,91500
2022-03-30,33.08000183105469,33.36000061035156,32.849998474121094,33.09000015258789,76800
2022-03-31,32.70000076293945,33.369998931884766,32.66999816894531,32.97999954223633,105800
2022-04-01,33.040000915527344,33.41999816894531,32.61000061035156,32.7599983215332,101900
2022-04-04,33.150001525878906,33.52000045776367,32.540000915527344,33.099998474121094,119800
2022-04-05,32.779998779296875,33.33000183105469,32.4900016784668,33.11000061035156,94700
2022-04-06,32.650001525878906,32.97999954223633,31.989999771118164,32.56999969482422,107200
2022-04-07,32.869998931884766,33.119998931884766,32.66999816894531,32.81999969482422,74100
2022-04-08,32.130001068115234,33.13999938964844,32.0,32.790000915527344,101700
2022-04-11,31.799999237060547,32.34000015258789,31.68000030517578,32.099998474121094,131300
2022-04-12,32.439998626708984,32.70000076293945,32.06999969482422,32.06999969482422,81000
2022-04-13,32.33000183105469,32.959999084472656,32.290000915527344,32.43000030517578,75600
2022-04-14,32.380001068115234,32.63999938964844,31.670000076293945,32.47999954223633,95000
2022-04-18,31.899999618530273,32.400001525878906,31.610000610351562,32.15999984741211,60700
2022-04-19,33.58000183105469,34.099998474121094,31.920000076293945,31.950000762939453,100500
2022-04-20,34.88999938964844,35.220001220703125,33.66999816894531,33.66999816894531,70600
2022-04-21,34.849998474121094,35.34000015258789,34.849998474121094,35.0,80700
2022-04-22,32.29999923706055,34.619998931884766,32.209999084472656,34.619998931884766,90700
2022-04-25,32.63999938964844,33.310001373291016,32.130001068115234,32.380001068115234,74000
2022-04-26,31.75,32.779998779296875,31.489999771118164,32.27000045776367,54800
2022-04-27,31.040000915527344,31.920000076293945,30.899999618530273,31.700000762939453,66800
2022-04-28,30.920000076293945,31.43000030517578,30.059999465942383,31.31999969482422,67800
2022-04-29,31.0,31.649999618530273,30.309999465942383,31.049999237060547,103900
2022-05-02,31.049999237060547,31.59000015258789,30.6299991607666,31.229999542236328,90100
2022-05-03,31.399999618530273,31.670000076293945,30.6299991607666,31.06999969482422,79900
2022-05-04,31.850000381469727,32.029998779296875,30.889999389648438,31.450000762939453,75800
2022-05-05,31.09000015258789,31.940000534057617,30.850000381469727,31.510000228881836,82100
2022-05-06,28.5,30.229999542236328,27.440000534057617,28.25,250300
2022-05-09,27.81999969482422,28.979999542236328,27.5,28.489999771118164,201600
2022-05-10,26.690000534057617,28.040000915527344,26.149999618530273,28.040000915527344,233200
2022-05-11,26.639999389648438,27.979999542236328,26.450000762939453,26.799999237060547,118900
2022-05-12,26.489999771118164,27.020000457763672,26.1299991607666,26.450000762939453,123100
2022-05-13,27.18000030517578,27.56999969482422,26.59000015258789,26.6200008392334,90200
2022-05-16,27.579999923706055,27.8700008392334,26.84000015258789,26.989999771118164,65200
2022-05-17,28.469999313354492,28.950000762939453,27.639999389648438,27.940000534057617,77600
2022-05-18,27.780000686645508,29.100000381469727,27.75,28.459999084472656,136200
2022-05-19,27.229999542236328,27.780000686645508,26.809999465942383,27.6200008392334,148300
2022-05-20,26.81999969482422,27.860000610351562,26.31999969482422,27.31999969482422,68800
2022-05-23,27.100000381469727,27.280000686645508,26.799999237060547,27.1299991607666,78000
2022-05-24,26.670000076293945,27.3700008392334,26.239999771118164,27.09000015258789,50600
2022-05-25,27.040000915527344,27.34000015258789,26.06999969482422,26.600000381469727,123400
2022-05-26,27.110000610351562,27.260000228881836,26.790000915527344,27.260000228881836,66200
2022-05-27,27.290000915527344,27.610000610351562,27.239999771118164,27.350000381469727,51700
2022-05-31,27.489999771118164,27.860000610351562,27.079999923706055,27.18000030517578,93100
2022-06-01,27.229999542236328,27.90999984741211,26.979999542236328,27.510000228881836,79900
2022-06-02,27.790000915527344,27.850000381469727,26.940000534057617,27.59000015258789,67300
2022-06-03,27.469999313354492,27.790000915527344,27.0,27.479999542236328,73700
2022-06-06,27.420000076293945,27.90999984741211,27.219999313354492,27.719999313354492,82900
2022-06-07,27.15999984741211,27.510000228881836,27.100000381469727,27.110000610351562,63900
2022-06-08,27.239999771118164,27.469999313354492,26.950000762939453,26.950000762939453,69400
2022-06-09,26.65999984741211,27.1200008392334,26.65999984741211,27.020000457763672,80300
2022-06-10,26.34000015258789,26.719999313354492,26.149999618530273,26.239999771118164,103800
2022-06-13,25.18000030517578,26.1200008392334,25.059999465942383,25.84000015258789,92600
2022-06-14,24.170000076293945,25.1200008392334,23.959999084472656,25.1200008392334,69400
2022-06-15,25.1299991607666,25.719999313354492,24.110000610351562,24.440000534057617,144700
2022-06-16,24.3799991607666,24.8700008392334,24.149999618530273,24.8700008392334,173200
2022-06-17,24.760000228881836,25.09000015258789,24.450000762939453,24.59000015258789,149100
2022-06-21,25.049999237060547,25.59000015258789,24.829999923706055,24.950000762939453,135200
2022-06-22,25.059999465942383,25.65999984741211,24.81999969482422,24.81999969482422,78600
2022-06-23,24.899999618530273,26.399999618530273,23.600000381469727,24.979999542236328,105400
2022-06-24,24.469999313354492,25.170000076293945,24.3799991607666,24.899999618530273,311200
2022-06-27,24.6200008392334,24.979999542236328,24.270000457763672,24.690000534057617,253800
2022-06-28,23.75,25.540000915527344,23.65999984741211,24.790000915527344,131900
2022-06-29,23.549999237060547,24.049999237060547,23.3700008392334,23.700000762939453,85900
2022-06-30,23.540000915527344,25.510000228881836,23.170000076293945,23.200000762939453,124800
2022-07-01,24.290000915527344,24.3799991607666,23.350000381469727,23.350000381469727,82600
2022-07-05,24.399999618530273,24.549999237060547,23.420000076293945,23.950000762939453,129700
2022-07-06,24.139999389648438,24.6299991607666,23.860000610351562,24.399999618530273,100700
2022-07-07,24.469999313354492,24.739999771118164,23.959999084472656,24.219999313354492,76500
2022-07-08,24.56999969482422,24.940000534057617,24.399999618530273,24.40999984741211,44900
2022-07-11,23.719999313354492,24.75,23.549999237060547,24.450000762939453,93900
2022-07-12,23.5,24.030000686645508,23.309999465942383,23.780000686645508,74500
2022-07-13,23.479999542236328,23.610000610351562,23.260000228881836,23.3799991607666,68400
2022-07-14,23.709999084472656,23.850000381469727,23.149999618530273,23.350000381469727,58800
2022-07-15,24.40999984741211,24.510000228881836,23.65999984741211,24.149999618530273,100300
2022-07-18,24.290000915527344,24.780000686645508,23.790000915527344,24.639999389648438,142400
2022-07-19,24.700000762939453,25.1200008392334,24.219999313354492,24.610000610351562,71800
2022-07-20,24.809999465942383,25.1299991607666,24.59000015258789,24.690000534057617,59400
2022-07-21,24.670000076293945,25.219999313354492,23.920000076293945,24.600000381469727,49100
2022-07-22,24.469999313354492,24.709999084472656,23.940000534057617,24.6200008392334,71500
2022-07-25,25.020000457763672,25.020000457763672,24.450000762939453,24.540000915527344,46800
2022-07-26,25.399999618530273,25.459999084472656,24.899999618530273,25.149999618530273,48700
2022-07-27,25.93000030517578,26.290000915527344,25.440000534057617,25.530000686645508,86200
2022-07-28,25.65999984741211,26.010000228881836,25.56999969482422,26.010000228881836,34400
2022-07-29,25.649999618530273,25.760000228881836,25.229999542236328,25.760000228881836,39900
2022-08-01,25.899999618530273,26.06999969482422,25.200000762939453,25.489999771118164,43200
2022-08-02,25.809999465942383,26.290000915527344,25.780000686645508,25.899999618530273,55700
2022-08-03,25.889999389648438,26.350000381469727,25.579999923706055,25.989999771118164,184300
2022-08-04,24.700000762939453,26.170000076293945,24.559999465942383,26.020000457763672,132400
2022-08-05,22.770000457763672,23.469999313354492,22.65999984741211,22.899999618530273,168500
2022-08-08,23.059999465942383,23.280000686645508,22.209999084472656,22.760000228881836,122300
2022-08-09,21.979999542236328,23.229999542236328,21.65999984741211,23.1299991607666,108800
2022-08-10,22.520000457763672,22.729999542236328,21.979999542236328,22.190000534057617,89900
2022-08-11,23.030000686645508,23.09000015258789,22.6299991607666,22.829999923706055,60100
2022-08-12,22.829999923706055,23.450000762939453,22.6200008392334,23.299999237060547,76600
2022-08-15,22.739999771118164,22.8799991607666,22.290000915527344,22.59000015258789,124500
2022-08-16,22.280000686645508,22.829999923706055,22.1299991607666,22.829999923706055,74800
2022-08-17,22.25,22.290000915527344,21.729999542236328,22.049999237060547,157400
2022-08-18,22.350000381469727,22.6200008392334,22.059999465942383,22.399999618530273,66400
2022-08-19,22.1200008392334,22.43000030517578,21.969999313354492,22.049999237060547,88500
2022-08-22,21.489999771118164,22.239999771118164,21.420000076293945,22.0,186100
2022-08-23,21.18000030517578,21.399999618530273,20.889999389648438,21.399999618530273,81200
2022-08-24,21.239999771118164,21.459999084472656,21.06999969482422,21.209999084472656,89800
2022-08-25,21.420000076293945,21.709999084472656,21.209999084472656,21.25,116300
2022-08-26,20.860000610351562,21.40999984741211,20.75,21.329999923706055,102800
2022-08-29,20.280000686645508,20.700000762939453,20.25,20.690000534057617,102900
2022-08-30,20.09000015258789,20.40999984741211,20.059999465942383,20.290000915527344,111900
2022-08-31,19.899999618530273,20.420000076293945,19.81999969482422,20.290000915527344,170600
2022-09-01,19.760000228881836,20.049999237060547,19.43000030517578,20.049999237060547,165000
2022-09-02,19.530000686645508,19.969999313354492,19.43000030517578,19.969999313354492,147200
2022-09-06,19.68000030517578,19.920000076293945,19.31999969482422,19.540000915527344,366500
2022-09-07,20.75,20.770000457763672,19.450000762939453,19.709999084472656,245500
2022-09-08,20.84000015258789,21.0,20.420000076293945,20.56999969482422,124100
2022-09-09,21.43000030517578,21.59000015258789,20.84000015258789,21.030000686645508,125400
2022-09-12,21.360000610351562,22.110000610351562,21.290000915527344,21.65999984741211,189000
2022-09-13,21.1299991607666,21.31999969482422,20.68000030517578,20.959999084472656,209100
2022-09-14,21.329999923706055,21.59000015258789,20.719999313354492,21.1299991607666,304600
2022-09-15,21.5,21.790000915527344,21.190000534057617,21.190000534057617,222900
2022-09-16,21.600000381469727,21.790000915527344,20.93000030517578,21.34000015258789,380100
2022-09-19,21.75,21.760000228881836,21.110000610351562,21.5,281300
2022-09-20,21.739999771118164,22.239999771118164,21.350000381469727,21.610000610351562,228100
2022-09-21,21.149999618530273,22.010000228881836,21.1299991607666,21.729999542236328,130100
2022-09-22,20.670000076293945,21.399999618530273,20.280000686645508,21.040000915527344,129800
2022-09-23,19.979999542236328,20.329999923706055,19.729999542236328,20.329999923706055,76800
2022-09-26,19.549999237060547,20.190000534057617,19.299999237060547,19.959999084472656,101300
2022-09-27,19.229999542236328,20.350000381469727,19.049999237060547,19.700000762939453,139200
2022-09-28,19.610000610351562,19.84000015258789,19.219999313354492,19.579999923706055,195000
2022-09-29,19.3799991607666,19.56999969482422,18.969999313354492,19.170000076293945,181900
2022-09-30,19.110000610351562,19.799999237060547,19.06999969482422,19.5,150500
2022-10-03,19.079999923706055,19.520000457763672,19.020000457763672,19.209999084472656,146100
2022-10-04,19.59000015258789,19.65999984741211,19.260000228881836,19.260000228881836,186300
2022-10-05,19.43000030517578,19.520000457763672,19.040000915527344,19.389999389648438,138300
2022-10-06,18.899999618530273,19.479999542236328,18.760000228881836,19.479999542236328,126200
2022-10-07,18.34000015258789,18.799999237060547,18.200000762939453,18.739999771118164,160700
2022-10-10,18.399999618530273,18.950000762939453,18.309999465942383,18.700000762939453,121300
2022-10-11,14.869999885559082,15.350000381469727,14.25,15.0,1203800
2022-10-12,14.34000015258789,15.25,14.25,14.789999961853027,642100
2022-10-13,15.0600004196167,15.100000381469727,13.760000228881836,14.050000190734863,601700
2022-10-14,14.829999923706055,15.550000190734863,14.789999961853027,15.210000038146973,299700
2022-10-17,15.880000114440918,15.949999809265137,15.100000381469727,15.100000381469727,299400
2022-10-18,15.979999542236328,16.68000030517578,15.970000267028809,16.139999389648438,283200
2022-10-19,15.380000114440918,15.979999542236328,15.15999984741211,15.899999618530273,317700
2022-10-20,15.020000457763672,15.5600004196167,14.979999542236328,15.359999656677246,232000
2022-10-21,14.869999885559082,15.170000076293945,14.460000038146973,15.170000076293945,201800
2022-10-24,14.329999923706055,15.59000015258789,14.25,14.979999542236328,297200
2022-10-25,14.739999771118164,14.899999618530273,14.300000190734863,14.390000343322754,327900
2022-10-26,15.609999656677246,15.699999809265137,14.779999732971191,14.930000305175781,270500
2022-10-27,15.84000015258789,16.18000030517578,15.510000228881836,15.789999961853027,197200
2022-10-28,15.850000381469727,16.040000915527344,15.729999542236328,15.930000305175781,202800
2022-10-31,16.059999465942383,16.18000030517578,15.720000267028809,15.84000015258789,172200
2022-11-01,16.209999084472656,16.31999969482422,15.880000114440918,16.309999465942383,171900
2022-11-02,15.34000015258789,16.15999984741211,14.979999542236328,16.15999984741211,317500
2022-11-03,14.65999984741211,15.170000076293945,14.510000228881836,15.0,232000
2022-11-04,15.0,15.359999656677246,14.670000076293945,14.920000076293945,224400
2022-11-07,15.699999809265137,15.899999618530273,15.020000457763672,15.15999984741211,301200
2022-11-08,15.970000267028809,16.440000534057617,15.470000267028809,15.800000190734863,338400
2022-11-09,16.030000686645508,16.290000915527344,15.489999771118164,15.8100004196167,246300
2022-11-10,17.399999618530273,17.579999923706055,16.540000915527344,16.540000915527344,399000
2022-11-11,17.899999618530273,18.059999465942383,17.40999984741211,17.40999984741211,239800
2022-11-14,17.1299991607666,17.809999465942383,16.920000076293945,17.709999084472656,228900
2022-11-15,17.31999969482422,17.889999389648438,17.25,17.450000762939453,134300
2022-11-16,17.030000686645508,17.450000762939453,16.8700008392334,17.18000030517578,151000
2022-11-17,16.18000030517578,16.8700008392334,16.110000610351562,16.8700008392334,141300
2022-11-18,16.739999771118164,16.8700008392334,16.309999465942383,16.639999389648438,300600
2022-11-21,16.700000762939453,16.989999771118164,16.530000686645508,16.709999084472656,119600
2022-11-22,16.540000915527344,16.829999923706055,16.25,16.829999923706055,127600
2022-11-23,16.829999923706055,17.030000686645508,16.5,16.59000015258789,120500
2022-11-25,17.170000076293945,17.3700008392334,16.75,17.049999237060547,75900
2022-11-28,17.020000457763672,17.34000015258789,16.739999771118164,17.059999465942383,311700
2022-11-29,17.3700008392334,17.75,16.950000762939453,17.0,209900
2022-11-30,17.989999771118164,18.25,17.25,17.5,387100
2022-12-01,19.8700008392334,20.020000457763672,18.649999618530273,19.110000610351562,719600
2022-12-02,20.020000457763672,20.540000915527344,19.34000015258789,19.56999969482422,366300
2022-12-05,19.510000228881836,19.93000030517578,19.329999923706055,19.93000030517578,232800
2022-12-06,20.110000610351562,20.780000686645508,19.68000030517578,20.31999969482422,365800
2022-12-07,20.690000534057617,21.100000381469727,20.049999237060547,20.049999237060547,454700
2022-12-08,20.8700008392334,21.100000381469727,20.579999923706055,20.700000762939453,216900
2022-12-09,20.34000015258789,20.950000762939453,20.299999237060547,20.739999771118164,402200
2022-12-12,20.209999084472656,20.530000686645508,20.110000610351562,20.309999465942383,147000
2022-12-13,20.110000610351562,21.1200008392334,20.040000915527344,20.770000457763672,235100
2022-12-14,20.229999542236328,20.559999465942383,20.010000228881836,20.1299991607666,253300
2022-12-15,20.420000076293945,20.469999313354492,20.0,20.030000686645508,244700
2022-12-16,20.459999084472656,20.549999237060547,20.09000015258789,20.25,449700
2022-12-19,20.229999542236328,20.3700008392334,19.81999969482422,20.3700008392334,252700
2022-12-20,20.059999465942383,20.3799991607666,19.93000030517578,20.239999771118164,225400
2022-12-21,19.860000610351562,20.31999969482422,19.719999313354492,20.209999084472656,129700
2022-12-22,19.489999771118164,20.229999542236328,19.229999542236328,19.90999984741211,158100
2022-12-23,19.34000015258789,19.670000076293945,19.15999984741211,19.469999313354492,88000
2022-12-27,19.270000457763672,19.889999389648438,19.010000228881836,19.280000686645508,124700
2022-12-28,19.25,19.690000534057617,19.020000457763672,19.270000457763672,160600
2022-12-29,19.829999923706055,19.860000610351562,19.34000015258789,19.350000381469727,193600
2022-12-30,20.530000686645508,20.75,19.450000762939453,19.670000076293945,439300
2023-01-03,21.350000381469727,21.559999465942383,20.469999313354492,20.700000762939453,775800
2023-01-04,22.760000228881836,23.190000534057617,20.479999542236328,21.43000030517578,4269500
2023-01-05,20.899999618530273,22.6299991607666,20.899999618530273,22.6299991607666,859800
2023-01-06,20.15999984741211,21.229999542236328,20.0,21.059999465942383,764100
2023-01-09,18.829999923706055,20.56999969482422,18.510000228881836,20.229999542236328,668000
2023-01-10,18.809999465942383,19.200000762939453,18.6200008392334,18.690000534057617,563000
2023-01-11,18.829999923706055,18.969999313354492,18.290000915527344,18.75,422400
2023-01-12,19.059999465942383,19.1299991607666,18.270000457763672,18.93000030517578,358800
2023-01-13,19.350000381469727,19.399999618530273,18.799999237060547,18.969999313354492,349300
2023-01-17,18.780000686645508,19.56999969482422,18.670000076293945,19.329999923706055,370600
2023-01-18,19.110000610351562,19.239999771118164,18.860000610351562,18.860000610351562,221600
2023-01-19,19.270000457763672,19.31999969482422,18.75,19.030000686645508,211500
2023-01-20,20.479999542236328,20.5,19.219999313354492,19.459999084472656,1548000
2023-01-23,21.010000228881836,21.270000457763672,20.280000686645508,20.6200008392334,388600
2023-01-24,20.670000076293945,21.209999084472656,20.649999618530273,20.719999313354492,233900
2023-01-25,20.600000381469727,20.65999984741211,20.290000915527344,20.469999313354492,130000
2023-01-26,21.420000076293945,21.59000015258789,20.65999984741211,20.920000076293945,313300
2023-01-27,21.219999313354492,21.559999465942383,21.049999237060547,21.299999237060547,139600
2023-01-30,21.06999969482422,21.18000030517578,20.649999618530273,21.06999969482422,171200
2023-01-31,21.6299991607666,21.670000076293945,21.079999923706055,21.079999923706055,259300
2023-02-01,21.540000915527344,21.790000915527344,21.309999465942383,21.700000762939453,247300
2023-02-02,22.3700008392334,22.389999389648438,21.440000534057617,21.440000534057617,482400
2023-02-03,22.530000686645508,22.6200008392334,21.989999771118164,22.170000076293945,321500
2023-02-06,21.860000610351562,22.549999237060547,21.559999465942383,22.549999237060547,265800
2023-02-07,22.239999771118164,22.270000457763672,21.520000457763672,21.729999542236328,191200
2023-02-08,21.469999313354492,22.25,21.399999618530273,22.079999923706055,186100
2023-02-09,21.540000915527344,21.809999465942383,20.829999923706055,21.809999465942383,304500
2023-02-10,21.200000762939453,21.510000228881836,20.8799991607666,21.510000228881836,215000
2023-02-13,21.5,21.540000915527344,20.93000030517578,21.25,189300
2023-02-14,21.200000762939453,21.559999465942383,20.780000686645508,21.40999984741211,282100
2023-02-15,21.530000686645508,21.6200008392334,20.799999237060547,21.079999923706055,157000
2023-02-16,21.200000762939453,21.459999084472656,20.8799991607666,21.200000762939453,181200
2023-02-17,21.729999542236328,21.739999771118164,21.15999984741211,21.309999465942383,215200
2023-02-21,20.979999542236328,21.75,20.950000762939453,21.440000534057617,344100
2023-02-22,20.770000457763672,21.649999618530273,20.6299991607666,20.989999771118164,353300
2023-02-23,20.93000030517578,21.190000534057617,20.520000457763672,20.8700008392334,150200
2023-02-24,20.350000381469727,20.809999465942383,19.979999542236328,20.579999923706055,165200
2023-02-27,20.510000228881836,20.700000762939453,20.25,20.43000030517578,167300
2023-02-28,20.600000381469727,20.899999618530273,20.15999984741211,20.489999771118164,486600
2023-03-01,20.18000030517578,20.889999389648438,20.149999618530273,20.530000686645508,298700
2023-03-02,20.190000534057617,20.25,19.639999389648438,19.899999618530273,168100
2023-03-03,20.31999969482422,20.520000457763672,20.020000457763672,20.209999084472656,170400
2023-03-06,19.68000030517578,20.700000762939453,19.540000915527344,20.700000762939453,242700
2023-03-07,18.75,20.700000762939453,18.280000686645508,20.649999618530273,481300
2023-03-08,18.510000228881836,18.719999313354492,18.139999389648438,18.700000762939453,354500
2023-03-09,18.540000915527344,18.790000915527344,18.399999618530273,18.549999237060547,257400
2023-03-10,17.639999389648438,18.5,17.579999923706055,18.420000076293945,391300
2023-03-13,16.920000076293945,17.6200008392334,16.68000030517578,17.290000915527344,449500
2023-03-14,17.969999313354492,18.0,17.350000381469727,17.350000381469727,448600
2023-03-15,18.0,18.020000457763672,17.079999923706055,17.459999084472656,338400
2023-03-16,17.8799991607666,18.020000457763672,17.34000015258789,17.780000686645508,400600
2023-03-17,16.829999923706055,17.770000457763672,16.729999542236328,17.610000610351562,844600
2023-03-20,16.799999237060547,17.350000381469727,16.540000915527344,16.989999771118164,355700
2023-03-21,16.920000076293945,17.329999923706055,16.760000228881836,17.049999237060547,372600
2023-03-22,15.9399995803833,16.959999084472656,15.920000076293945,16.8799991607666,245900
2023-03-23,15.449999809265137,16.100000381469727,15.430000305175781,15.960000038146973,231500
2023-03-24,15.619999885559082,15.789999961853027,15.09000015258789,15.25,262800
2023-03-27,15.630000114440918,16.010000228881836,15.619999885559082,15.84000015258789,321000
2023-03-28,15.65999984741211,15.989999771118164,15.569999694824219,15.579999923706055,168300
2023-03-29,15.6899995803833,15.850000381469727,15.550000190734863,15.800000190734863,154100
2023-03-30,16.1200008392334,16.170000076293945,15.720000267028809,15.729999542236328,231100
2023-03-31,16.75,16.850000381469727,16.200000762939453,16.200000762939453,356800
2023-04-03,16.579999923706055,16.850000381469727,16.270000457763672,16.850000381469727,286300
2023-04-04,16.780000686645508,16.84000015258789,16.350000381469727,16.6299991607666,285000
2023-04-05,17.18000030517578,17.229999542236328,16.729999542236328,16.739999771118164,214300
2023-04-06,17.329999923706055,17.399999618530273,17.030000686645508,17.219999313354492,186100
2023-04-10,17.290000915527344,17.350000381469727,16.979999542236328,17.219999313354492,183800
2023-04-11,17.770000457763672,17.899999618530273,17.389999389648438,17.389999389648438,129900
2023-04-12,17.489999771118164,17.899999618530273,17.360000610351562,17.8700008392334,215600
2023-04-13,18.0,18.030000686645508,17.450000762939453,17.610000610351562,232100
2023-04-14,18.25,18.260000228881836,17.950000762939453,18.049999237060547,198300
2023-04-17,18.440000534057617,18.450000762939453,18.0,18.040000915527344,174600
2023-04-18,17.690000534057617,18.520000457763672,17.56999969482422,18.489999771118164,335200
2023-04-19,18.719999313354492,18.799999237060547,17.530000686645508,17.68000030517578,315600
2023-04-20,19.739999771118164,19.799999237060547,18.469999313354492,18.600000381469727,349700
2023-04-21,19.93000030517578,20.110000610351562,19.59000015258789,19.780000686645508,203800
2023-04-24,19.09000015258789,20.020000457763672,18.969999313354492,19.93000030517578,200900
2023-04-25,18.709999084472656,19.079999923706055,18.65999984741211,18.81999969482422,159600
2023-04-26,18.420000076293945,18.6299991607666,18.190000534057617,18.559999465942383,156800
2023-04-27,18.520000457763672,18.850000381469727,18.270000457763672,18.3799991607666,108300
2023-04-28,18.829999923706055,19.010000228881836,18.010000228881836,18.440000534057617,159700
2023-05-01,19.100000381469727,19.56999969482422,18.770000457763672,18.799999237060547,150100
2023-05-02,18.56999969482422,19.350000381469727,18.530000686645508,18.93000030517578,193800
2023-05-03,18.469999313354492,18.860000610351562,18.3799991607666,18.649999618530273,204500
2023-05-04,18.079999923706055,18.5,17.93000030517578,18.270000457763672,147400
2023-05-05,18.479999542236328,18.8799991607666,18.260000228881836,18.489999771118164,254400
2023-05-08,18.610000610351562,18.889999389648438,18.270000457763672,18.549999237060547,271900
2023-05-09,18.459999084472656,18.719999313354492,18.229999542236328,18.34000015258789,215700
2023-05-10,18.790000915527344,19.040000915527344,18.15999984741211,18.459999084472656,345300
2023-05-11,18.31999969482422,18.709999084472656,17.860000610351562,18.610000610351562,275600
2023-05-12,18.18000030517578,18.670000076293945,17.559999465942383,18.34000015258789,248900
2023-05-15,18.729999542236328,18.75,18.1299991607666,18.1299991607666,225200
2023-05-16,18.190000534057617,18.579999923706055,18.1299991607666,18.579999923706055,156800
2023-05-17,18.84000015258789,18.940000534057617,17.760000228881836,18.31999969482422,260900
2023-05-18,19.559999465942383,19.6200008392334,18.649999618530273,18.799999237060547,255400
2023-05-19,19.8700008392334,19.940000534057617,19.459999084472656,19.829999923706055,298200
2023-05-22,20.309999465942383,20.649999618530273,19.899999618530273,19.920000076293945,373100
2023-05-23,19.479999542236328,20.549999237060547,19.31999969482422,20.229999542236328,233900
2023-05-24,18.790000915527344,19.389999389648438,18.489999771118164,19.389999389648438,250300
2023-05-25,18.940000534057617,18.969999313354492,18.0,18.709999084472656,303200
2023-05-26,18.860000610351562,19.1200008392334,18.40999984741211,18.940000534057617,161300
2023-05-30,18.670000076293945,18.90999984741211,18.170000076293945,18.850000381469727,206200
2023-05-31,18.690000534057617,18.770000457763672,18.260000228881836,18.549999237060547,281000
2023-06-01,18.780000686645508,18.950000762939453,18.329999923706055,18.729999542236328,178700
2023-06-02,19.889999389648438,19.959999084472656,18.969999313354492,19.100000381469727,223400
2023-06-05,19.68000030517578,19.739999771118164,18.93000030517578,19.649999618530273,292600
2023-06-06,19.719999313354492,20.280000686645508,19.559999465942383,19.700000762939453,188400
2023-06-07,19.940000534057617,20.3799991607666,19.65999984741211,19.920000076293945,222000
2023-06-08,19.860000610351562,20.079999923706055,19.520000457763672,19.90999984741211,156800
2023-06-09,19.059999465942383,19.860000610351562,18.829999923706055,19.860000610351562,246400
2023-06-12,18.8700008392334,19.200000762939453,18.770000457763672,19.049999237060547,149500
2023-06-13,18.719999313354492,19.239999771118164,18.700000762939453,18.8700008392334,246200
2023-06-14,18.639999389648438,19.65999984741211,18.579999923706055,18.8799991607666,223900
2023-06-15,18.799999237060547,18.84000015258789,18.3799991607666,18.6299991607666,221400
2023-06-16,19.68000030517578,19.760000228881836,19.040000915527344,19.25,572700
2023-06-20,19.709999084472656,19.860000610351562,19.209999084472656,19.559999465942383,201600
2023-06-21,19.670000076293945,19.950000762939453,19.459999084472656,19.6200008392334,129900
2023-06-22,19.030000686645508,19.65999984741211,19.020000457763672,19.65999984741211,212700
2023-06-23,18.389999389648438,19.15999984741211,18.190000534057617,18.799999237060547,456000
2023-06-26,18.030000686645508,18.549999237060547,17.989999771118164,18.360000610351562,234600
2023-06-27,18.559999465942383,18.75,17.81999969482422,18.1200008392334,282000
2023-06-28,18.100000381469727,18.729999542236328,18.06999969482422,18.649999618530273,126900
2023-06-29,18.260000228881836,18.579999923706055,18.049999237060547,18.1200008392334,116800
2023-06-30,18.059999465942383,18.670000076293945,18.049999237060547,18.34000015258789,146400
2023-07-03,18.06999969482422,18.270000457763672,17.8700008392334,18.0,83400
2023-07-05,17.510000228881836,18.049999237060547,17.309999465942383,18.049999237060547,301200
2023-07-06,17.399999618530273,17.479999542236328,16.84000015258789,17.31999969482422,200700
2023-07-07,17.84000015258789,17.950000762939453,17.479999542236328,17.5,94800
2023-07-10,18.43000030517578,18.469999313354492,17.790000915527344,17.790000915527344,188200
2023-07-11,19.780000686645508,19.81999969482422,18.43000030517578,18.520000457763672,360200
2023-07-12,20.190000534057617,20.31999969482422,19.829999923706055,20.1200008392334,355000
2023-07-13,20.65999984741211,20.809999465942383,20.06999969482422,20.06999969482422,192700
2023-07-14,20.6200008392334,20.809999465942383,20.420000076293945,20.649999618530273,154600
2023-07-17,20.780000686645508,20.899999618530273,20.399999618530273,20.56999969482422,129600
2023-07-18,20.649999618530273,21.049999237060547,20.34000015258789,20.760000228881836,221200
2023-07-19,21.06999969482422,21.489999771118164,20.889999389648438,21.040000915527344,208200
2023-07-20,20.68000030517578,21.219999313354492,20.579999923706055,21.219999313354492,125200
2023-07-21,20.709999084472656,20.829999923706055,20.489999771118164,20.719999313354492,215600
2023-07-24,19.979999542236328,20.8799991607666,19.6299991607666,20.700000762939453,120000
2023-07-25,19.729999542236328,20.8700008392334,19.3799991607666,19.780000686645508,167800
2023-07-26,19.610000610351562,20.0,19.510000228881836,19.600000381469727,128900
2023-07-27,19.559999465942383,19.829999923706055,19.399999618530273,19.770000457763672,100800
2023-07-28,19.34000015258789,19.8700008392334,19.1200008392334,19.700000762939453,91600
2023-07-31,19.690000534057617,19.90999984741211,19.329999923706055,19.3700008392334,152700
2023-08-01,19.81999969482422,19.850000381469727,19.489999771118164,19.549999237060547,102400
2023-08-02,19.459999084472656,19.729999542236328,18.940000534057617,19.559999465942383,135400
2023-08-03,18.969999313354492,19.3700008392334,18.850000381469727,19.3700008392334,786400
2023-08-04,18.440000534057617,18.989999771118164,18.360000610351562,18.989999771118164,126400
2023-08-07,18.520000457763672,18.610000610351562,18.25,18.399999618530273,472400
2023-08-08,17.959999084472656,18.309999465942383,17.479999542236328,18.309999465942383,314700
2023-08-09,20.350000381469727,21.020000457763672,19.530000686645508,20.0,508200
2023-08-10,20.0,20.549999237060547,19.799999237060547,20.190000534057617,179500
2023-08-11,19.920000076293945,20.139999389648438,19.799999237060547,19.93000030517578,95400
2023-08-14,18.799999237060547,19.760000228881836,18.649999618530273,19.760000228881836,212400
2023-08-15,18.809999465942383,18.889999389648438,18.329999923706055,18.579999923706055,129100
2023-08-16,18.31999969482422,18.889999389648438,18.15999984741211,18.75,265400
2023-08-17,18.3700008392334,18.43000030517578,18.1200008392334,18.399999618530273,170600
2023-08-18,18.229999542236328,18.520000457763672,18.18000030517578,18.18000030517578,106100
2023-08-21,18.520000457763672,18.739999771118164,18.200000762939453,18.229999542236328,207800
2023-08-22,18.459999084472656,18.799999237060547,18.389999389648438,18.59000015258789,546400
2023-08-23,18.899999618530273,19.1299991607666,18.34000015258789,18.600000381469727,153300
2023-08-24,19.40999984741211,19.489999771118164,18.6299991607666,18.790000915527344,228100
2023-08-25,19.489999771118164,19.75,19.219999313354492,19.40999984741211,206000
2023-08-28,20.510000228881836,20.670000076293945,19.520000457763672,19.520000457763672,663500
2023-08-29,20.790000915527344,21.059999465942383,20.40999984741211,20.579999923706055,243000
2023-08-30,21.360000610351562,21.43000030517578,20.559999465942383,20.709999084472656,215300
2023-08-31,21.15999984741211,21.600000381469727,21.0,21.40999984741211,236400
2023-09-01,21.280000686645508,21.579999923706055,21.049999237060547,21.40999984741211,169700
2023-09-05,20.15999984741211,21.149999618530273,20.110000610351562,21.149999618530273,288900
2023-09-06,19.549999237060547,20.6299991607666,19.469999313354492,20.15999984741211,184000
2023-09-07,18.760000228881836,19.510000228881836,18.5,19.510000228881836,329400
2023-09-08,18.3700008392334,18.690000534057617,18.06999969482422,18.690000534057617,161100
2023-09-11,18.6299991607666,18.809999465942383,18.469999313354492,18.549999237060547,118600
2023-09-12,13.010000228881836,15.319999694824219,12.930000305175781,14.609999656677246,5528600
2023-09-13,13.199999809265137,13.640000343322754,12.819999694824219,13.0600004196167,1618600
2023-09-14,13.170000076293945,13.670000076293945,12.989999771118164,13.319999694824219,713500
2023-09-15,13.029999732971191,13.819999694824219,12.949999809265137,13.279999732971191,1339900
2023-09-18,13.109999656677246,13.399999618530273,12.84000015258789,13.0,755500
2023-09-19,12.880000114440918,13.220000267028809,12.829999923706055,13.079999923706055,533400
2023-09-20,12.729999542236328,13.130000114440918,12.680000305175781,12.880000114440918,556200
2023-09-21,12.699999809265137,12.949999809265137,12.420000076293945,12.65999984741211,566900
2023-09-22,12.5,12.84000015258789,12.260000228881836,12.720000267028809,525400
2023-09-25,12.6899995803833,12.699999809265137,12.359999656677246,12.470000267028809,414400
2023-09-26,12.399999618530273,12.779999732971191,12.380000114440918,12.59000015258789,588700
2023-09-27,12.609999656677246,12.739999771118164,12.25,12.479999542236328,465800
2023-09-28,12.9399995803833,12.970000267028809,12.5,12.619999885559082,539900
2023-09-29,12.859999656677246,13.109999656677246,12.800000190734863,13.0600004196167,452600
2023-10-02,12.720000267028809,12.850000381469727,12.529999732971191,12.8100004196167,432500
2023-10-03,12.710000038146973,12.84000015258789,12.399999618530273,12.640000343322754,310000
2023-10-04,12.359999656677246,12.710000038146973,12.220000267028809,12.640000343322754,404900
2023-10-05,11.779999732971191,12.479999542236328,11.479999542236328,12.34000015258789,614700
2023-10-06,11.569999694824219,11.850000381469727,11.390000343322754,11.630000114440918,597000
2023-10-09,11.15999984741211,11.5600004196167,11.050000190734863,11.289999961853027,596300
2023-10-10,11.100000381469727,11.479999542236328,11.010000228881836,11.15999984741211,567200
2023-10-11,11.239999771118164,11.25,10.539999961853027,11.0,748600
2023-10-12,11.960000038146973,11.970000267028809,11.220000267028809,11.300000190734863,1468400
2023-10-13,12.430000305175781,12.630000114440918,11.699999809265137,12.0,1378700
2023-10-16,13.050000190734863,13.09000015258789,12.3100004196167,12.420000076293945,2059200
2023-10-17,13.069999694824219,13.430000305175781,12.739999771118164,13.0,452500
2023-10-18,12.199999809265137,13.149999618530273,12.180000305175781,13.0,1424100
2023-10-19,11.59000015258789,12.430000305175781,11.489999771118164,12.380000114440918,757700
2023-10-20,10.989999771118164,11.489999771118164,10.989999771118164,11.489999771118164,866800
2023-10-23,11.3100004196167,11.829999923706055,10.699999809265137,10.90999984741211,1458200
2023-10-24,11.779999732971191,12.149999618530273,11.319999694824219,11.319999694824219,1237000
2023-10-25,10.90999984741211,11.90999984741211,10.899999618530273,11.640000343322754,863100
2023-10-26,10.630000114440918,10.869999885559082,10.59000015258789,10.779999732971191,778400
2023-10-27,10.739999771118164,10.920000076293945,10.619999885559082,10.770000457763672,614700
2023-10-30,11.029999732971191,11.0600004196167,10.630000114440918,10.859999656677246,679300
2023-10-31,11.039999961853027,11.210000038146973,10.699999809265137,11.069999694824219,435300
2023-11-01,11.029999732971191,11.149999618530273,10.859999656677246,11.09000015258789,209900
2023-11-02,11.6899995803833,11.850000381469727,11.300000190734863,11.300000190734863,315900
2023-11-03,12.279999732971191,12.460000038146973,11.989999771118164,11.989999771118164,301900
2023-11-06,12.329999923706055,12.520000457763672,12.180000305175781,12.329999923706055,286100
2023-11-07,12.149999618530273,12.489999771118164,12.100000381469727,12.350000381469727,412100
2023-11-08,11.859999656677246,12.229999542236328,11.649999618530273,12.050000190734863,472100
2023-11-09,10.630000114440918,11.449999809265137,10.550000190734863,10.729999542236328,1068100
2023-11-10,10.0,10.869999885559082,9.699999809265137,10.84000015258789,1027600
2023-11-13,9.6899995803833,10.149999618530273,9.569999694824219,10.029999732971191,894500
2023-11-14,10.470000267028809,10.520000457763672,9.880000114440918,10.130000114440918,569300
2023-11-15,10.720000267028809,10.779999732971191,10.399999618530273,10.520000457763672,485900
2023-11-16,10.390000343322754,10.720000267028809,10.180000305175781,10.609999656677246,424500
2023-11-17,10.489999771118164,10.819999694824219,10.359999656677246,10.5600004196167,349200
2023-11-20,10.819999694824219,10.890000343322754,10.399999618530273,10.529999732971191,3084000
2023-11-21,11.1899995803833,11.239999771118164,10.520000457763672,10.789999961853027,458700
2023-11-22,11.329999923706055,11.640000343322754,11.15999984741211,11.3100004196167,380500
2023-11-24,11.449999809265137,11.529999732971191,11.270000457763672,11.34000015258789,231300
2023-11-27,11.649999618530273,11.710000038146973,11.289999961853027,11.460000038146973,664100
2023-11-28,11.229999542236328,11.960000038146973,11.15999984741211,11.649999618530273,822600
2023-11-29,11.260000228881836,11.579999923706055,11.25,11.319999694824219,955700
2023-11-30,11.050000190734863,11.40999984741211,11.029999732971191,11.380000114440918,628900
2023-12-01,11.119999885559082,11.199999809265137,10.630000114440918,11.010000228881836,691000
2023-12-04,10.789999961853027,11.329999923706055,10.279999732971191,10.430000305175781,1674800
2023-12-05,10.449999809265137,11.1899995803833,10.380000114440918,10.819999694824219,615800
2023-12-06,10.829999923706055,11.039999961853027,10.460000038146973,10.550000190734863,640700
2023-12-07,11.369999885559082,11.369999885559082,10.75,10.979999542236328,658900
2023-12-08,11.760000228881836,11.890000343322754,11.210000038146973,11.369999885559082,755100
2023-12-11,11.680000305175781,12.020000457763672,11.609999656677246,11.800000190734863,963300
2023-12-12,11.680000305175781,11.699999809265137,11.399999618530273,11.65999984741211,692800
2023-12-13,12.039999961853027,12.0600004196167,11.170000076293945,11.619999885559082,571900
2023-12-14,12.369999885559082,12.800000190734863,12.079999923706055,12.300000190734863,1231100
2023-12-15,12.119999885559082,12.5600004196167,11.859999656677246,12.510000228881836,7452300
2023-12-18,13.0600004196167,13.25,12.050000190734863,12.329999923706055,1371700
2023-12-19,13.399999618530273,13.479999542236328,13.09000015258789,13.09000015258789,1271900
2023-12-20,13.399999618530273,14.0600004196167,13.050000190734863,13.430000305175781,1534100
2023-12-21,13.890000343322754,13.989999771118164,13.59000015258789,13.640000343322754,1025500
2023-12-22,14.210000038146973,14.390000343322754,13.789999961853027,13.899999618530273,991700
2023-12-26,13.779999732971191,14.220000267028809,13.640000343322754,14.210000038146973,1111700
2023-12-27,13.829999923706055,14.119999885559082,13.619999885559082,13.819999694824219,1188200
2023-12-28,13.869999885559082,14.100000381469727,13.510000228881836,13.510000228881836,1159400
2023-12-29,13.479999542236328,13.979999542236328,13.460000038146973,13.800000190734863,680900
2024-01-02,13.130000114440918,13.569999694824219,12.960000038146973,13.390000343322754,390200
2024-01-03,12.960000038146973,13.289999961853027,12.670000076293945,12.819999694824219,857000
2024-01-04,13.010000228881836,13.149999618530273,12.84000015258789,13.050000190734863,624300
2024-01-05,12.670000076293945,13.170000076293945,12.380000114440918,12.920000076293945,780900
2024-01-08,13.289999961853027,13.59000015258789,12.609999656677246,12.609999656677246,1147600
2024-01-09,14.59000015258789,14.819999694824219,13.550000190734863,14.0,973200
2024-01-10,14.180000305175781,14.899999618530273,14.029999732971191,14.640000343322754,1212700
2024-01-11,14.100000381469727,14.289999961853027,13.720000267028809,14.109999656677246,597100
2024-01-12,13.649999618530273,14.319999694824219,13.59000015258789,14.239999771118164,280300
2024-01-16,13.600000381469727,13.630000114440918,13.09000015258789,13.40999984741211,735600
2024-01-17,13.300000190734863,13.529999732971191,13.09000015258789,13.260000228881836,500400
2024-01-18,13.25,13.380000114440918,13.1899995803833,13.319999694824219,258300
2024-01-19,13.510000228881836,13.520000457763672,13.079999923706055,13.350000381469727,243500
2024-01-22,14.140000343322754,14.279999732971191,13.960000038146973,14.079999923706055,452900
2024-01-23,14.0,14.539999961853027,13.850000381469727,14.479999542236328,285700
2024-01-24,14.020000457763672,14.3100004196167,13.930000305175781,14.239999771118164,364300
2024-01-25,14.550000190734863,14.579999923706055,14.15999984741211,14.279999732971191,251100
2024-01-26,14.4399995803833,14.779999732971191,14.359999656677246,14.550000190734863,266000
2024-01-29,14.619999885559082,14.789999961853027,14.300000190734863,14.369999885559082,654300
2024-01-30,14.140000343322754,14.579999923706055,14.020000457763672,14.510000228881836,266900
2024-01-31,13.890000343322754,14.470000267028809,13.869999885559082,14.210000038146973,222900
2024-02-01,14.270000457763672,14.289999961853027,13.880000114440918,13.880000114440918,255700
2024-02-02,14.109999656677246,14.279999732971191,13.880000114440918,14.109999656677246,223200
2024-02-05,14.010000228881836,14.09000015258789,13.770000457763672,14.029999732971191,752200
2024-02-06,14.430000305175781,14.4399995803833,13.920000076293945,13.920000076293945,257100
2024-02-07,14.369999885559082,14.539999961853027,14.239999771118164,14.470000267028809,243200
2024-02-08,14.550000190734863,14.5600004196167,14.279999732971191,14.279999732971191,704500
2024-02-09,14.420000076293945,14.680000305175781,14.369999885559082,14.59000015258789,236700
2024-02-12,14.399999618530273,14.619999885559082,14.34000015258789,14.34000015258789,460800
2024-02-13,13.529999732971191,14.149999618530273,13.359999656677246,14.109999656677246,627400
2024-02-14,14.0,14.050000190734863,13.640000343322754,13.979999542236328,323400
2024-02-15,14.229999542236328,14.25,13.970000267028809,14.079999923706055,399200
2024-02-16,13.789999961853027,14.15999984741211,13.779999732971191,14.069999694824219,447800
2024-02-20,13.760000228881836,13.84000015258789,13.630000114440918,13.670000076293945,359900
2024-02-21,13.619999885559082,13.670000076293945,13.380000114440918,13.640000343322754,423300
2024-02-22,13.430000305175781,13.779999732971191,13.3100004196167,13.609999656677246,212800
2024-02-23,13.649999618530273,13.6899995803833,13.170000076293945,13.539999961853027,419700
2024-02-26,13.460000038146973,13.789999961853027,13.350000381469727,13.5600004196167,462700
2024-02-27,13.670000076293945,13.75,13.420000076293945,13.539999961853027,332300
2024-02-28,13.100000381469727,13.510000228881836,13.0600004196167,13.510000228881836,359100
2024-02-29,13.0600004196167,13.239999771118164,12.770000457763672,13.239999771118164,437700
2024-03-01,13.0,13.109999656677246,12.819999694824219,13.109999656677246,471300
2024-03-04,13.069999694824219,13.329999923706055,12.819999694824219,12.930000305175781,466500
2024-03-05,13.0,13.130000114440918,12.75,12.989999771118164,529600
2024-03-06,14.130000114440918,14.420000076293945,13.0,13.0,709300
2024-03-07,14.34000015258789,14.5600004196167,13.970000267028809,14.239999771118164,481800
2024-03-08,14.0,14.550000190734863,13.869999885559082,14.510000228881836,363000
2024-03-11,14.300000190734863,14.359999656677246,13.960000038146973,14.0,359000
2024-03-12,14.050000190734863,14.260000228881836,13.850000381469727,14.260000228881836,387200
2024-03-13,14.289999961853027,14.420000076293945,13.9399995803833,13.9399995803833,292100
2024-03-14,13.819999694824219,14.350000381469727,13.710000038146973,14.350000381469727,365800
2024-03-15,13.739999771118164,13.800000190734863,13.050000190734863,13.670000076293945,951000
2024-03-18,13.3100004196167,13.890000343322754,13.3100004196167,13.800000190734863,328500
2024-03-19,13.880000114440918,13.899999618530273,13.140000343322754,13.4399995803833,286900
2024-03-20,14.0600004196167,14.199999809265137,13.720000267028809,13.779999732971191,222500
2024-03-21,14.0600004196167,14.289999961853027,14.039999961853027,14.199999809265137,257100
2024-03-22,13.430000305175781,14.180000305175781,13.380000114440918,14.180000305175781,465800
2024-03-25,13.5600004196167,13.8100004196167,13.449999809265137,13.720000267028809,167400
2024-03-26,13.619999885559082,13.739999771118164,13.479999542236328,13.699999809265137,199500
2024-03-27,14.289999961853027,14.289999961853027,13.729999542236328,13.729999542236328,211400
2024-03-28,14.520000457763672,14.760000228881836,14.149999618530273,14.149999618530273,248100
2024-04-01,14.0600004196167,14.600000381469727,13.800000190734863,14.600000381469727,396500
2024-04-02,13.5,13.760000228881836,13.460000038146973,13.760000228881836,310100
2024-04-03,13.859999656677246,13.989999771118164,13.460000038146973,13.460000038146973,170900
2024-04-04,14.1899995803833,14.369999885559082,13.869999885559082,14.020000457763672,203400
2024-04-05,14.229999542236328,14.319999694824219,13.989999771118164,14.09000015258789,193400
2024-04-08,14.260000228881836,14.350000381469727,14.15999984741211,14.3100004196167,137500
2024-04-09,14.640000343322754,14.670000076293945,14.15999984741211,14.329999923706055,227700
2024-04-10,13.649999618530273,14.180000305175781,13.5600004196167,14.0600004196167,225400
2024-04-11,13.949999809265137,14.130000114440918,13.600000381469727,13.880000114440918,147600
2024-04-12,13.319999694824219,13.800000190734863,13.239999771118164,13.760000228881836,309400
2024-04-15,13.09000015258789,13.329999923706055,12.979999542236328,13.289999961853027,293300
2024-04-16,13.180000305175781,13.3100004196167,12.949999809265137,13.050000190734863,312700
2024-04-17,13.0,13.380000114440918,12.869999885559082,13.380000114440918,439600
2024-04-18,13.020000457763672,13.319999694824219,12.970000267028809,13.100000381469727,383700
2024-04-19,13.100000381469727,13.25,12.970000267028809,12.970000267028809,285100
2024-04-22,13.079999923706055,13.319999694824219,12.819999694824219,13.050000190734863,275500
2024-04-23,13.220000267028809,13.489999771118164,13.0600004196167,13.0600004196167,219200
2024-04-24,13.5600004196167,13.84000015258789,13.130000114440918,13.130000114440918,288000
2024-04-25,13.100000381469727,13.489999771118164,12.970000267028809,13.420000076293945,660000
2024-04-26,12.989999771118164,13.289999961853027,12.9399995803833,13.119999885559082,259000
2024-04-29,13.09000015258789,13.279999732971191,12.989999771118164,12.989999771118164,244500
2024-04-30,13.0,13.170000076293945,12.890000343322754,12.979999542236328,420900
2024-05-01,13.029999732971191,13.4399995803833,12.989999771118164,13.020000457763672,228200
2024-05-02,13.239999771118164,13.239999771118164,12.989999771118164,13.170000076293945,217300
2024-05-03,13.600000381469727,13.84000015258789,13.520000457763672,13.520000457763672,760500
2024-05-06,13.460000038146973,13.779999732971191,13.220000267028809,13.649999618530273,292800
2024-05-07,13.890000343322754,14.130000114440918,12.59000015258789,12.59000015258789,744300
2024-05-08,14.899999618530273,15.899999618530273,14.529999732971191,14.569999694824219,762900
2024-05-09,14.489999771118164,14.989999771118164,14.220000267028809,14.850000381469727,380000
2024-05-10,14.640000343322754,14.789999961853027,14.479999542236328,14.489999771118164,190000
2024-05-13,15.079999923706055,15.100000381469727,14.609999656677246,14.789999961853027,290900
2024-05-14,15.130000114440918,15.600000381469727,14.989999771118164,15.15999984741211,358800
2024-05-15,15.369999885559082,15.510000228881836,15.279999732971191,15.399999618530273,220400
2024-05-16,15.109999656677246,15.460000038146973,15.09000015258789,15.369999885559082,180700
2024-05-17,15.0,15.170000076293945,14.6899995803833,15.140000343322754,305700
2024-05-20,15.100000381469727,15.210000038146973,14.920000076293945,15.039999961853027,220100
2024-05-21,14.479999542236328,15.079999923706055,14.4399995803833,15.010000228881836,402500
2024-05-22,14.569999694824219,14.739999771118164,14.449999809265137,14.449999809265137,197700
2024-05-23,14.869999885559082,14.9399995803833,14.300000190734863,14.569999694824219,326800
2024-05-24,14.890000343322754,14.949999809265137,14.550000190734863,14.920000076293945,191700
2024-05-28,14.619999885559082,14.850000381469727,14.5,14.800000190734863,269000
2024-05-29,14.449999809265137,14.699999809265137,14.390000343322754,14.390000343322754,192700
2024-05-30,14.220000267028809,14.680000305175781,14.170000076293945,14.59000015258789,172300
2024-05-31,13.729999542236328,14.319999694824219,13.699999809265137,14.319999694824219,377200
2024-06-03,13.779999732971191,13.930000305175781,13.529999732971191,13.800000190734863,416100
2024-06-04,13.779999732971191,14.029999732971191,13.609999656677246,13.75,416100
2024-06-05,13.989999771118164,14.010000228881836,13.670000076293945,13.890000343322754,287800
2024-06-06,13.539999961853027,14.050000190734863,13.5,13.90999984741211,306300
2024-06-07,13.420000076293945,13.550000190734863,13.270000457763672,13.470000267028809,291300
2024-06-10,13.020000457763672,13.34000015258789,13.0,13.279999732971191,286700
2024-06-11,12.539999961853027,12.960000038146973,12.470000267028809,12.9399995803833,422300
2024-06-12,12.609999656677246,13.130000114440918,12.569999694824219,12.890000343322754,217500
2024-06-13,12.5,12.609999656677246,12.09000015258789,12.5600004196167,379100
2024-06-14,12.380000114440918,12.449999809265137,12.079999923706055,12.34000015258789,242600
2024-06-17,12.569999694824219,12.630000114440918,12.220000267028809,12.34000015258789,205900
2024-06-18,12.869999885559082,12.890000343322754,12.520000457763672,12.550000190734863,251800
2024-06-20,12.699999809265137,12.880000114440918,12.600000381469727,12.760000228881836,159800
2024-06-21,12.680000305175781,12.779999732971191,12.609999656677246,12.710000038146973,642700
2024-06-24,13.010000228881836,13.010000228881836,12.630000114440918,12.630000114440918,163200
2024-06-25,12.9399995803833,13.039999961853027,12.84000015258789,12.90999984741211,133600
2024-06-26,13.220000267028809,13.220000267028809,12.760000228881836,12.850000381469727,233900
2024-06-27,13.479999542236328,13.489999771118164,13.100000381469727,13.220000267028809,153000
2024-06-28,13.260000228881836,13.539999961853027,13.029999732971191,13.350000381469727,352200
2024-07-01,12.880000114440918,13.40999984741211,12.869999885559082,13.300000190734863,157400
2024-07-02,13.289999961853027,13.359999656677246,12.720000267028809,12.880000114440918,278300
2024-07-03,13.520000457763672,13.59000015258789,13.069999694824219,13.279999732971191,72700
2024-07-05,13.510000228881836,13.569999694824219,13.1899995803833,13.510000228881836,206700
2024-07-08,14.140000343322754,14.210000038146973,13.600000381469727,13.640000343322754,242300
2024-07-09,14.6899995803833,14.729999542236328,13.960000038146973,14.100000381469727,341500
2024-07-10,14.930000305175781,15.020000457763672,14.609999656677246,14.760000228881836,242600
2024-07-11,15.510000228881836,15.800000190734863,15.079999923706055,15.199999809265137,333900
2024-07-12,15.770000457763672,16.239999771118164,15.59000015258789,15.75,334800
2024-07-15,15.8100004196167,16.149999618530273,15.680000305175781,15.949999809265137,378200
2024-07-16,16.139999389648438,16.420000076293945,15.84000015258789,15.970000267028809,508100
2024-07-17,16.200000762939453,16.6299991607666,16.0,16.059999465942383,388100
2024-07-18,15.539999961853027,16.360000610351562,15.510000228881836,16.149999618530273,238400
2024-07-19,15.460000038146973,15.710000038146973,15.270000457763672,15.539999961853027,209200
2024-07-22,16.030000686645508,16.209999084472656,15.5600004196167,15.640000343322754,331700
2024-07-23,16.290000915527344,16.520000457763672,15.880000114440918,15.960000038146973,277900
2024-07-24,16.93000030517578,17.059999465942383,16.239999771118164,16.239999771118164,293900
2024-07-25,16.510000228881836,17.170000076293945,16.5,16.84000015258789,273400
2024-07-26,16.510000228881836,16.920000076293945,16.209999084472656,16.75,242900
2024-07-29,15.970000267028809,16.559999465942383,15.760000228881836,16.530000686645508,273300
2024-07-30,16.200000762939453,16.260000228881836,15.989999771118164,16.079999923706055,156900
2024-07-31,16.079999923706055,16.459999084472656,15.8100004196167,16.260000228881836,262400
2024-08-01,15.770000457763672,16.229999542236328,15.270000457763672,16.0,430100
2024-08-02,15.239999771118164,15.760000228881836,15.0600004196167,15.09000015258789,248800
2024-08-05,14.59000015258789,14.710000038146973,14.140000343322754,14.520000457763672,377600
2024-08-06,17.440000534057617,17.6200008392334,15.579999923706055,16.420000076293945,1176700
2024-08-07,16.610000610351562,17.510000228881836,16.139999389648438,17.450000762939453,565400
2024-08-08,16.920000076293945,17.479999542236328,16.760000228881836,16.8700008392334,474000
2024-08-09,16.170000076293945,16.84000015258789,15.770000457763672,16.799999237060547,410200
2024-08-12,16.040000915527344,16.229999542236328,15.890000343322754,16.100000381469727,156700
2024-08-13,15.539999961853027,16.440000534057617,15.470000267028809,16.25,188900
2024-08-14,15.649999618530273,15.6899995803833,15.180000305175781,15.640000343322754,163900
2024-08-15,16.31999969482422,16.40999984741211,15.779999732971191,16.0,211300
2024-08-16,16.139999389648438,16.56999969482422,16.049999237060547,16.299999237060547,163200
2024-08-19,16.43000030517578,16.469999313354492,15.920000076293945,16.1299991607666,188400
2024-08-20,16.360000610351562,16.610000610351562,16.139999389648438,16.5,168800
2024-08-21,16.6200008392334,16.709999084472656,16.31999969482422,16.510000228881836,198000
2024-08-22,16.65999984741211,17.1200008392334,16.450000762939453,16.649999618530273,238100
2024-08-23,17.290000915527344,17.34000015258789,16.709999084472656,16.770000457763672,248400
2024-08-26,17.31999969482422,17.549999237060547,17.260000228881836,17.420000076293945,270800
2024-08-27,17.489999771118164,17.600000381469727,17.06999969482422,17.25,149000
2024-08-28,17.25,17.600000381469727,17.149999618530273,17.5,232300
2024-08-29,17.3700008392334,17.670000076293945,17.190000534057617,17.450000762939453,257800
2024-08-30,17.440000534057617,17.6299991607666,17.09000015258789,17.440000534057617,411800
2024-09-03,16.729999542236328,17.3799991607666,16.719999313354492,17.209999084472656,235900
2024-09-04,16.600000381469727,17.1299991607666,16.559999465942383,16.700000762939453,183500
2024-09-05,17.030000686645508,17.15999984741211,16.290000915527344,16.56999969482422,275200
2024-09-06,16.239999771118164,17.139999389648438,15.930000305175781,17.139999389648438,249800
2024-09-09,16.020000457763672,16.459999084472656,15.970000267028809,16.110000610351562,217200
2024-09-10,16.34000015258789,16.40999984741211,15.729999542236328,15.930000305175781,203600
2024-09-11,17.399999618530273,17.549999237060547,15.90999984741211,16.15999984741211,417200
2024-09-12,17.010000228881836,17.3700008392334,16.959999084472656,17.229999542236328,177300
2024-09-13,16.760000228881836,17.31999969482422,16.489999771118164,17.280000686645508,233900
2024-09-16,16.530000686645508,16.90999984741211,16.450000762939453,16.690000534057617,230000
2024-09-17,16.219999313354492,16.93000030517578,16.200000762939453,16.5,184000
2024-09-18,16.139999389648438,16.649999618530273,15.779999732971191,16.170000076293945,200300
2024-09-19,16.299999237060547,16.68000030517578,16.229999542236328,16.610000610351562,142100
2024-09-20,16.209999084472656,16.290000915527344,15.960000038146973,16.079999923706055,337800
2024-09-23,15.90999984741211,16.219999313354492,15.75,16.1299991607666,128900
2024-09-24,15.609999656677246,15.880000114440918,15.539999961853027,15.880000114440918,116000
2024-09-25,15.390000343322754,15.6899995803833,15.199999809265137,15.6899995803833,252800
2024-09-26,15.380000114440918,15.710000038146973,15.300000190734863,15.710000038146973,154400
2024-09-27,15.319999694824219,15.960000038146973,15.300000190734863,15.5600004196167,231900
2024-09-30,15.619999885559082,15.90999984741211,15.25,15.25,328900
2024-10-01,15.289999961853027,15.59000015258789,15.210000038146973,15.59000015258789,268400
2024-10-02,15.550000190734863,15.600000381469727,14.949999809265137,15.210000038146973,211400
2024-10-03,15.25,15.449999809265137,15.210000038146973,15.449999809265137,188000
2024-10-04,15.289999961853027,15.59000015258789,15.069999694824219,15.40999984741211,159600
2024-10-07,15.09000015258789,15.229999542236328,15.039999961853027,15.140000343322754,171300
2024-10-08,15.100000381469727,15.40999984741211,14.890000343322754,15.199999809265137,293400
2024-10-09,15.079999923706055,15.329999923706055,14.9399995803833,15.109999656677246,225100
2024-10-10,15.0,15.270000457763672,14.729999542236328,15.029999732971191,205600
2024-10-11,15.579999923706055,15.600000381469727,15.0,15.0,153100
2024-10-14,16.100000381469727,16.1200008392334,15.449999809265137,15.550000190734863,182700
2024-10-15,15.65999984741211,16.31999969482422,15.65999984741211,16.110000610351562,189400
2024-10-16,16.020000457763672,16.25,15.59000015258789,15.699999809265137,246000
2024-10-17,15.890000343322754,16.139999389648438,15.600000381469727,16.100000381469727,135700
2024-10-18,16.049999237060547,16.09000015258789,15.720000267028809,15.880000114440918,183700
2024-10-21,16.200000762939453,16.329999923706055,15.6899995803833,16.049999237060547,180200
2024-10-22,16.030000686645508,16.229999542236328,15.789999961853027,16.110000610351562,131000
2024-10-23,15.670000076293945,16.06999969482422,15.40999984741211,15.930000305175781,226600
2024-10-24,15.789999961853027,15.819999694824219,15.520000457763672,15.670000076293945,229500
2024-10-25,15.880000114440918,16.1299991607666,15.699999809265137,15.899999618530273,131000
2024-10-28,16.18000030517578,16.309999465942383,16.020000457763672,16.020000457763672,174100
2024-10-29,16.360000610351562,16.5,16.079999923706055,16.079999923706055,133900
2024-10-30,16.350000381469727,16.81999969482422,16.260000228881836,16.260000228881836,309500
2024-10-31,16.190000534057617,16.3700008392334,16.020000457763672,16.34000015258789,217400
2024-11-01,16.959999084472656,16.989999771118164,16.329999923706055,16.329999923706055,213500
2024-11-04,17.329999923706055,17.68000030517578,16.760000228881836,16.920000076293945,326700
2024-11-05,17.709999084472656,17.709999084472656,17.190000534057617,17.190000534057617,294700
2024-11-06,18.399999618530273,18.809999465942383,18.15999984741211,18.280000686645508,545000
2024-11-07,18.219999313354492,19.469999313354492,17.979999542236328,18.299999237060547,487900
2024-11-08,19.40999984741211,19.790000915527344,18.40999984741211,18.969999313354492,673200
2024-11-11,20.020000457763672,20.729999542236328,18.940000534057617,19.1200008392334,1213800
2024-11-12,19.25,20.209999084472656,19.139999389648438,20.0,267800
2024-11-13,18.639999389648438,19.6299991607666,18.6200008392334,19.459999084472656,272900
2024-11-14,17.600000381469727,18.899999618530273,17.559999465942383,18.59000015258789,307000
2024-11-15,18.079999923706055,18.09000015258789,17.510000228881836,17.68000030517578,261800
2024-11-18,18.290000915527344,18.440000534057617,18.079999923706055,18.110000610351562,253500
2024-11-19,18.729999542236328,18.780000686645508,17.969999313354492,18.09000015258789,321400
2024-11-20,18.8700008392334,18.889999389648438,18.149999618530273,18.690000534057617,351100
2024-11-21,18.68000030517578,19.040000915527344,18.440000534057617,18.979999542236328,315300
2024-11-22,18.90999984741211,19.139999389648438,18.540000915527344,18.860000610351562,302300
2024-11-25,19.040000915527344,19.229999542236328,18.729999542236328,19.0,318100
2024-11-26,19.34000015258789,19.360000610351562,18.829999923706055,19.110000610351562,321900
2024-11-27,19.1299991607666,19.8700008392334,19.059999465942383,19.3700008392334,271300
2024-11-29,19.530000686645508,19.530000686645508,19.149999618530273,19.219999313354492,148100
2024-12-02,19.309999465942383,19.59000015258789,19.170000076293945,19.510000228881836,305400
2024-12-03,19.34000015258789,19.34000015258789,19.0,19.15999984741211,225900
2024-12-04,18.729999542236328,19.399999618530273,18.690000534057617,19.389999389648438,219700
2024-12-05,18.559999465942383,18.75,18.34000015258789,18.700000762939453,171300
2024-12-06,18.6200008392334,18.760000228881836,18.399999618530273,18.68000030517578,107500
2024-12-09,18.280000686645508,19.049999237060547,18.030000686645508,18.610000610351562,214600
2024-12-10,18.549999237060547,18.75,18.059999465942383,18.34000015258789,207000
2024-12-11,18.540000915527344,18.90999984741211,18.43000030517578,18.780000686645508,172200
2024-12-12,18.09000015258789,18.610000610351562,17.989999771118164,18.540000915527344,168300
2024-12-13,17.959999084472656,18.139999389648438,17.790000915527344,18.010000228881836,97700
2024-12-16,18.010000228881836,18.40999984741211,17.68000030517578,17.780000686645508,180600
2024-12-17,17.93000030517578,18.239999771118164,17.719999313354492,17.84000015258789,293300
2024-12-18,17.530000686645508,18.260000228881836,17.190000534057617,18.030000686645508,231900
2024-12-19,17.190000534057617,17.81999969482422,16.920000076293945,17.649999618530273,278300
2024-12-20,17.43000030517578,17.799999237060547,16.8700008392334,16.8700008392334,373000
2024-12-23,17.329999923706055,17.559999465942383,17.1200008392334,17.43000030517578,159500
2024-12-24,17.34000015258789,17.770000457763672,17.18000030517578,17.469999313354492,79000
2024-12-26,17.829999923706055,17.84000015258789,17.049999237060547,17.190000534057617,132900
2024-12-27,17.530000686645508,17.829999923706055,17.139999389648438,17.729999542236328,154500
2024-12-30,17.5,17.68000030517578,17.270000457763672,17.450000762939453,245600
2024-12-31,17.459999084472656,17.84000015258789,17.459999084472656,17.600000381469727,134200
2025-01-02,17.260000228881836,17.729999542236328,17.09000015258789,17.6200008392334,93600
2025-01-03,17.350000381469727,17.530000686645508,17.149999618530273,17.329999923706055,94600
2025-01-06,17.43000030517578,17.549999237060547,17.15999984741211,17.329999923706055,190000
2025-01-07,17.06999969482422,17.75,16.969999313354492,17.389999389648438,204000
2025-01-08,17.1299991607666,17.209999084472656,16.709999084472656,16.989999771118164,245400
2025-01-10,17.0,17.100000381469727,16.520000457763672,16.829999923706055,752200
2025-01-13,17.3700008392334,17.43000030517578,16.790000915527344,16.850000381469727,361100
2025-01-14,17.510000228881836,17.610000610351562,17.309999465942383,17.459999084472656,310600
2025-01-15,17.940000534057617,17.950000762939453,17.59000015258789,17.81999969482422,225800
2025-01-16,17.93000030517578,18.09000015258789,17.75,17.889999389648438,90500
2025-01-17,18.1299991607666,18.450000762939453,17.809999465942383,18.110000610351562,100400
2025-01-21,18.360000610351562,18.459999084472656,18.09000015258789,18.31999969482422,128100
2025-01-22,18.3799991607666,18.959999084472656,18.209999084472656,18.850000381469727,186300
2025-01-23,18.280000686645508,18.290000915527344,18.010000228881836,18.200000762939453,164200
2025-01-24,18.350000381469727,18.68000030517578,17.719999313354492,18.18000030517578,164600
2025-01-27,18.3700008392334,18.6299991607666,18.239999771118164,18.239999771118164,119400
2025-01-28,18.59000015258789,18.690000534057617,18.079999923706055,18.3799991607666,93700
2025-01-29,18.709999084472656,18.8799991607666,18.479999542236328,18.59000015258789,85800
2025-01-30,18.649999618530273,19.06999969482422,18.56999969482422,18.90999984741211,89200
2025-01-31,18.329999923706055,18.790000915527344,18.1299991607666,18.65999984741211,161900
2025-02-03,18.200000762939453,18.3799991607666,17.790000915527344,17.790000915527344,196300
2025-02-04,18.760000228881836,18.790000915527344,18.079999923706055,18.079999923706055,188300
2025-02-05,19.040000915527344,19.200000762939453,18.790000915527344,18.84000015258789,118400
2025-02-06,18.469999313354492,19.030000686645508,18.459999084472656,18.979999542236328,67600
2025-02-07,18.200000762939453,18.489999771118164,17.969999313354492,18.450000762939453,102700
2025-02-10,18.25,18.31999969482422,17.860000610351562,18.25,93000
2025-02-11,18.1200008392334,18.440000534057617,17.93000030517578,18.09000015258789,86500
2025-02-12,18.059999465942383,18.059999465942383,17.739999771118164,17.8799991607666,129800
2025-02-13,18.31999969482422,18.360000610351562,18.0,18.25,114900
2025-02-14,18.610000610351562,18.649999618530273,18.239999771118164,18.329999923706055,125600
2025-02-18,18.59000015258789,18.600000381469727,18.110000610351562,18.579999923706055,141900
2025-02-19,18.489999771118164,18.549999237060547,18.389999389648438,18.440000534057617,76100
2025-02-20,18.100000381469727,18.399999618530273,18.049999237060547,18.399999618530273,109000
2025-02-21,17.950000762939453,18.209999084472656,17.719999313354492,18.209999084472656,140300
2025-02-24,18.149999618530273,18.360000610351562,17.610000610351562,18.030000686645508,204800
2025-02-25,17.510000228881836,20.479999542236328,16.93000030517578,19.0,523500
2025-02-26,17.260000228881836,18.020000457763672,16.780000686645508,17.6299991607666,285800
2025-02-27,17.209999084472656,17.40999984741211,16.93000030517578,17.209999084472656,186300
2025-02-28,17.3799991607666,17.40999984741211,16.950000762939453,17.149999618530273,203800
2025-03-03,16.979999542236328,18.65999984741211,16.790000915527344,18.200000762939453,353300
2025-03-04,17.010000228881836,17.110000610351562,16.360000610351562,16.729999542236328,549100
2025-03-05,17.299999237060547,17.600000381469727,17.0,17.010000228881836,268900
2025-03-06,16.799999237060547,17.309999465942383,16.719999313354492,17.09000015258789,203800
2025-03-07,17.15999984741211,17.25,16.639999389648438,17.020000457763672,212800
2025-03-10,16.739999771118164,17.100000381469727,16.5,16.959999084472656,280500
2025-03-11,17.100000381469727,17.110000610351562,16.270000457763672,16.739999771118164,209500
2025-03-12,16.760000228881836,17.280000686645508,16.530000686645508,17.1299991607666,151900
2025-03-13,16.299999237060547,16.709999084472656,16.100000381469727,16.709999084472656,173900
2025-03-14,16.530000686645508,16.559999465942383,16.200000762939453,16.389999389648438,153400
2025-03-17,16.780000686645508,16.899999618530273,16.360000610351562,16.450000762939453,165600
2025-03-18,16.600000381469727,16.739999771118164,16.399999618530273,16.600000381469727,264100
2025-03-19,16.75,16.920000076293945,16.43000030517578,16.530000686645508,296700
2025-03-20,16.899999618530273,16.950000762939453,16.540000915527344,16.540000915527344,265200
2025-03-21,16.6299991607666,16.780000686645508,16.450000762939453,16.780000686645508,300800
2025-03-24,16.739999771118164,16.989999771118164,16.709999084472656,16.860000610351562,304600
2025-03-25,16.510000228881836,17.0,16.459999084472656,16.75,154800
2025-03-26,16.290000915527344,16.56999969482422,16.219999313354492,16.479999542236328,141800
2025-03-27,16.15999984741211,16.459999084472656,16.1299991607666,16.309999465942383,141500
2025-03-28,16.059999465942383,16.309999465942383,15.859999656677246,16.190000534057617,151000
2025-03-31,16.309999465942383,16.450000762939453,15.5,15.850000381469727,283300
2025-04-01,16.010000228881836,16.399999618530273,15.869999885559082,16.18000030517578,168600
2025-04-02,16.299999237060547,16.31999969482422,15.4399995803833,15.579999923706055,216000
2025-04-03,15.539999961853027,15.979999542236328,15.520000457763672,15.649999618530273,267600
2025-04-04,14.579999923706055,15.430000305175781,14.3100004196167,15.430000305175781,351400
2025-04-07,14.359999656677246,15.050000190734863,13.899999618530273,14.0,360900
2025-04-08,13.960000038146973,15.079999923706055,13.710000038146973,15.079999923706055,319300
2025-04-09,14.720000267028809,15.149999618530273,13.5600004196167,13.90999984741211,463900
2025-04-10,13.920000076293945,14.699999809265137,13.729999542236328,14.619999885559082,282300
2025-04-11,13.670000076293945,13.970000267028809,13.220000267028809,13.869999885559082,240300
2025-04-14,13.479999542236328,14.199999809265137,13.40999984741211,13.960000038146973,174500
2025-04-15,13.40999984741211,13.670000076293945,13.260000228881836,13.430000305175781,213000
2025-04-16,12.960000038146973,13.550000190734863,12.829999923706055,13.550000190734863,240300
2025-04-17,13.029999732971191,13.130000114440918,12.850000381469727,12.930000305175781,245800
2025-04-21,12.920000076293945,12.949999809265137,12.720000267028809,12.869999885559082,198400
2025-04-22,13.140000343322754,13.220000267028809,12.800000190734863,13.050000190734863,216600
2025-04-23,13.430000305175781,13.8100004196167,13.279999732971191,13.479999542236328,240900
2025-04-24,13.949999809265137,14.15999984741211,13.449999809265137,13.449999809265137,337200
2025-04-25,14.1899995803833,14.279999732971191,13.8100004196167,13.930000305175781,285000
2025-04-28,14.119999885559082,14.390000343322754,13.920000076293945,14.270000457763672,282700
2025-04-29,14.130000114440918,14.4399995803833,14.0,14.109999656677246,348300
2025-04-30,13.90999984741211,14.0,13.609999656677246,14.0,232200
2025-05-01,13.550000190734863,14.109999656677246,13.539999961853027,13.960000038146973,318000
2025-05-02,13.789999961853027,14.260000228881836,13.5600004196167,13.739999771118164,160300
2025-05-05,13.539999961853027,13.680000305175781,13.25,13.670000076293945,348800
2025-05-06,12.0600004196167,12.359999656677246,10.5,11.539999961853027,1661100
2025-05-07,12.020000457763672,12.520000457763672,11.920000076293945,12.100000381469727,555400
2025-05-08,12.3100004196167,12.729999542236328,11.850000381469727,12.25,427900
2025-05-09,12.109999656677246,12.770000457763672,12.079999923706055,12.5,568600
2025-05-12,12.430000305175781,12.829999923706055,12.420000076293945,12.479999542236328,473400
2025-05-13,12.489999771118164,12.890000343322754,12.359999656677246,12.65999984741211,351500
2025-05-14,11.970000267028809,12.609999656677246,11.9399995803833,12.470000267028809,311400
2025-05-15,12.199999809265137,12.229999542236328,11.869999885559082,11.970000267028809,406300
2025-05-16,12.140000343322754,12.430000305175781,12.130000114440918,12.180000305175781,410000
2025-05-19,12.0600004196167,12.220000267028809,11.949999809265137,11.949999809265137,334400
2025-05-20,11.989999771118164,12.180000305175781,11.979999542236328,12.010000228881836,396100
2025-05-21,11.510000228881836,12.0600004196167,11.5,11.869999885559082,810300
2025-05-22,11.229999542236328,11.510000228881836,11.140000343322754,11.449999809265137,636900
2025-05-23,11.100000381469727,11.15999984741211,10.949999809265137,11.119999885559082,573000
2025-05-27,11.489999771118164,11.720000267028809,11.199999809265137,11.270000457763672,483200
2025-05-28,11.300000190734863,11.550000190734863,11.1899995803833,11.479999542236328,378200
2025-05-29,11.279999732971191,11.449999809265137,11.149999618530273,11.390000343322754,500800
2025-05-30,11.25,11.369999885559082,11.010000228881836,11.239999771118164,306200
2025-06-02,10.84000015258789,11.199999809265137,10.779999732971191,11.199999809265137,821200
2025-06-03,11.029999732971191,11.149999618530273,10.670000076293945,10.829999923706055,532600
2025-06-04,10.899999618530273,11.180000305175781,10.880000114440918,11.079999923706055,347700
2025-06-05,10.710000038146973,10.970000267028809,10.65999984741211,10.920000076293945,394000
2025-06-06,10.970000267028809,11.0600004196167,10.770000457763672,10.920000076293945,633400
2025-06-09,11.050000190734863,11.420000076293945,11.029999732971191,11.140000343322754,606500
2025-06-10,11.569999694824219,11.670000076293945,11.079999923706055,11.170000076293945,463500
2025-06-11,11.380000114440918,11.649999618530273,11.319999694824219,11.640000343322754,292900
2025-06-12,11.15999984741211,11.25,10.949999809265137,11.25,329500
2025-06-13,11.0,11.199999809265137,10.9399995803833,11.010000228881836,353300
2025-06-16,10.930000305175781,11.15999984741211,10.920000076293945,11.09000015258789,228500
2025-06-17,10.520000457763672,11.079999923706055,10.510000228881836,10.789999961853027,456300
2025-06-18,10.350000381469727,10.619999885559082,10.25,10.510000228881836,1012100
2025-06-20,10.34000015258789,10.619999885559082,10.289999961853027,10.510000228881836,814500
2025-06-23,10.800000190734863,10.800000190734863,10.239999771118164,10.59000015258789,525100
2025-06-24,10.970000267028809,10.979999542236328,10.680000305175781,10.84000015258789,254500
2025-06-25,10.869999885559082,11.020000457763672,10.75,10.949999809265137,224600
2025-06-26,11.039999961853027,11.050000190734863,10.770000457763672,10.899999618530273,422300
2025-06-27,11.09000015258789,11.220000267028809,10.920000076293945,11.020000457763672,1000900
2025-06-30,11.149999618530273,11.350000381469727,10.890000343322754,11.350000381469727,361600
2025-07-01,11.180000305175781,11.5600004196167,10.989999771118164,11.039999961853027,420500
2025-07-02,11.0600004196167,11.180000305175781,10.979999542236328,11.15999984741211,348300
2025-07-03,11.119999885559082,11.289999961853027,10.899999618530273,11.229999542236328,160800
2025-07-07,10.720000267028809,11.100000381469727,10.670000076293945,11.09000015258789,344100
2025-07-08,11.3100004196167,11.329999923706055,10.789999961853027,10.829999923706055,464400
2025-07-09,11.289999961853027,11.399999618530273,10.949999809265137,11.319999694824219,270000
2025-07-10,11.359999656677246,11.600000381469727,11.1899995803833,11.210000038146973,315700
2025-07-11,11.050000190734863,11.369999885559082,10.890000343322754,11.229999542236328,248400
2025-07-14,10.979999542236328,11.0600004196167,10.880000114440918,11.029999732971191,218400
2025-07-15,10.760000228881836,11.210000038146973,10.729999542236328,11.069999694824219,303500
2025-07-16,10.699999809265137,10.9399995803833,10.539999961853027,10.84000015258789,304000
2025-07-17,10.850000381469727,11.029999732971191,10.670000076293945,10.670000076293945,230400
2025-07-18,10.630000114440918,11.020000457763672,10.619999885559082,10.960000038146973,278000
2025-07-21,10.670000076293945,10.8100004196167,10.539999961853027,10.649999618530273,244900
2025-07-22,11.100000381469727,11.119999885559082,10.619999885559082,10.869999885559082,246000
2025-07-23,11.5,11.510000228881836,11.029999732971191,11.260000228881836,237200
2025-07-24,11.239999771118164,11.510000228881836,11.199999809265137,11.489999771118164,204500
2025-07-25,11.270000457763672,11.569999694824219,11.09000015258789,11.300000190734863,323000
2025-07-28,11.399999618530273,11.539999961853027,11.210000038146973,11.260000228881836,216800
2025-07-29,11.529999732971191,11.609999656677246,11.289999961853027,11.40999984741211,326300
2025-07-30,11.359999656677246,11.739999771118164,11.210000038146973,11.600000381469727,272900
2025-07-31,11.039999961853027,11.229999542236328,10.920000076293945,11.210000038146973,371100
2025-08-01,10.770000457763672,10.949999809265137,10.75,10.920000076293945,332800
2025-08-04,10.850000381469727,11.149999618530273,10.770000457763672,10.770000457763672,304100
2025-08-05,12.3100004196167,12.479999542236328,11.029999732971191,12.020000457763672,847200
2025-08-06,12.539999961853027,12.819999694824219,12.199999809265137,12.25,539700
2025-08-07,12.699999809265137,12.739999771118164,12.100000381469727,12.630000114440918,611300
2025-08-08,12.510000228881836,12.829999923706055,12.399999618530273,12.75,453400
2025-08-11,12.9399995803833,12.960000038146973,12.449999809265137,12.510000228881836,390600
2025-08-12,13.800000190734863,13.829999923706055,12.970000267028809,13.079999923706055,746300
2025-08-13,14.100000381469727,14.34000015258789,13.800000190734863,13.869999885559082,594300
2025-08-14,14.020000457763672,14.15999984741211,13.489999771118164,13.960000038146973,590400
2025-08-15,14.229999542236328,14.449999809265137,14.039999961853027,14.140000343322754,794800
2025-08-18,14.510000228881836,14.569999694824219,14.109999656677246,14.210000038146973,386700
2025-08-19,14.5,14.619999885559082,14.380000114440918,14.529999732971191,352300
2025-08-20,14.529999732971191,14.59000015258789,14.319999694824219,14.539999961853027,449000
2025-08-21,14.550000190734863,14.739999771118164,14.380000114440918,14.479999542236328,426500
2025-08-22,14.550000190734863,15.079999923706055,14.520000457763672,14.699999809265137,432100
2025-08-25,14.5,14.800000190734863,14.489999771118164,14.539999961853027,298300
2025-08-26,14.510000228881836,14.6899995803833,14.380000114440918,14.550000190734863,1058600
2025-08-27,14.84000015258789,14.960000038146973,14.329999923706055,14.34000015258789,480800
2025-08-28,14.739999771118164,14.869999885559082,14.520000457763672,14.869999885559082,436100
2025-08-29,14.979999542236328,15.09000015258789,14.710000038146973,14.8100004196167,534100
2025-09-02,14.890000343322754,14.949999809265137,14.609999656677246,14.760000228881836,504300
2025-09-03,14.75,15.029999732971191,14.470000267028809,14.850000381469727,334500
2025-09-04,14.699999809265137,14.869999885559082,14.579999923706055,14.609999656677246,256700
2025-09-05,14.550000190734863,14.970000267028809,14.489999771118164,14.699999809265137,263700
2025-09-08,14.699999809265137,14.720000267028809,14.470000267028809,14.600000381469727,480800
2025-09-09,14.609999656677246,14.850000381469727,14.520000457763672,14.699999809265137,306300
2025-09-10,14.25,14.619999885559082,14.210000038146973,14.569999694824219,342500
2025-09-11,15.0,15.029999732971191,14.25,14.25,474400
2025-09-12,14.90999984741211,15.420000076293945,14.819999694824219,14.979999542236328,517500
2025-09-15,14.75,15.140000343322754,14.569999694824219,14.970000267028809,433500
2025-09-16,14.84000015258789,15.050000190734863,14.6899995803833,14.739999771118164,260400
2025-09-17,14.9399995803833,15.270000457763672,14.819999694824219,14.829999923706055,266300
2025-09-18,15.479999542236328,15.630000114440918,14.9399995803833,15.010000228881836,281800
2025-09-19,14.710000038146973,15.630000114440918,14.619999885559082,15.539999961853027,701900
2025-09-22,14.859999656677246,15.039999961853027,14.449999809265137,14.630000114440918,241200
2025-09-23,14.75,15.020000457763672,14.649999618530273,14.890000343322754,265400
2025-09-24,14.800000190734863,14.949999809265137,14.649999618530273,14.770000457763672,251000
2025-09-25,14.380000114440918,14.710000038146973,14.350000381469727,14.710000038146973,263200
2025-09-26,14.289999961853027,14.579999923706055,14.25,14.390000343322754,197100
2025-09-29,14.359999656677246,14.399999618530273,14.15999984741211,14.350000381469727,216700
2025-09-30,14.640000343322754,14.720000267028809,14.220000267028809,14.319999694824219,253400
2025-10-01,14.34000015258789,14.670000076293945,14.100000381469727,14.539999961853027,290200
2025-10-02,14.210000038146973,14.390000343322754,14.109999656677246,14.34000015258789,171300
2025-10-03,14.609999656677246,14.880000114440918,14.279999732971191,14.279999732971191,191300
2025-10-06,14.170000076293945,14.800000190734863,14.170000076293945,14.640000343322754,285500
2025-10-07,14.199999809265137,14.300000190734863,14.010000228881836,14.199999809265137,233700
2025-10-08,14.369999885559082,14.420000076293945,14.140000343322754,14.220000267028809,139600
2025-10-09,14.020000457763672,14.399999618530273,13.869999885559082,14.300000190734863,234500
2025-10-10,14.199999809265137,14.600000381469727,13.989999771118164,13.989999771118164,556100
2025-10-13,14.5,14.619999885559082,14.229999542236328,14.300000190734863,238200
2025-10-14,14.789999961853027,14.800000190734863,14.300000190734863,14.34000015258789,314300
2025-10-15,15.039999961853027,15.260000228881836,14.829999923706055,14.90999984741211,148400
2025-10-16,15.25,15.420000076293945,14.899999618530273,14.899999618530273,260000
2025-10-17,15.0600004196167,15.3100004196167,15.0600004196167,15.1899995803833,207300
2025-10-20,15.619999885559082,15.670000076293945,15.100000381469727,15.260000228881836,171700
2025-10-21,15.720000267028809,15.729999542236328,15.430000305175781,15.609999656677246,158300
2025-10-22,16.229999542236328,16.25,15.779999732971191,15.789999961853027,284100
2025-10-23,15.920000076293945,16.5,15.869999885559082,16.190000534057617,338400
2025-10-24,15.970000267028809,16.06999969482422,15.899999618530273,15.989999771118164,240300
2025-10-27,16.079999923706055,16.239999771118164,15.960000038146973,15.970000267028809,148000
2025-10-28,16.020000457763672,16.25,15.90999984741211,16.149999618530273,171000
2025-10-29,15.319999694824219,16.049999237060547,15.239999771118164,15.949999809265137,255100
2025-10-30,15.470000267028809,16.049999237060547,15.229999542236328,15.229999542236328,291600
2025-10-31,15.4399995803833,15.739999771118164,15.25,15.359999656677246,190400
2025-11-03,16.059999465942383,16.1200008392334,15.100000381469727,15.34000015258789,290700
2025-11-04,14.869999885559082,16.989999771118164,14.649999618530273,16.469999313354492,560700
2025-11-05,14.970000267028809,15.130000114440918,14.630000114440918,14.770000457763672,468300
2025-11-06,14.680000305175781,15.050000190734863,14.550000190734863,14.960000038146973,225400
2025-11-07,14.960000038146973,15.199999809265137,14.5600004196167,14.5600004196167,275400
2025-11-10,15.029999732971191,15.279999732971191,14.949999809265137,15.029999732971191,148300
2025-11-11,15.380000114440918,15.550000190734863,14.979999542236328,14.979999542236328,231200
2025-11-12,15.300000190734863,15.649999618530273,15.260000228881836,15.390000343322754,195700
2025-11-13,15.010000228881836,15.529999732971191,14.970000267028809,15.239999771118164,256400
2025-11-14,14.949999809265137,15.100000381469727,14.600000381469727,14.930000305175781,243000
2025-11-17,14.399999618530273,15.09000015258789,14.329999923706055,15.039999961853027,252600
2025-11-18,14.399999618530273,15.069999694824219,14.140000343322754,14.529999732971191,219600
2025-11-19,14.460000038146973,14.739999771118164,14.25,14.40999984741211,217800
2025-11-20,14.289999961853027,15.0,14.270000457763672,14.600000381469727,339000
2025-11-21,15.260000228881836,15.420000076293945,14.260000228881836,14.300000190734863,455500
2025-11-24,15.8100004196167,15.90999984741211,14.869999885559082,15.300000190734863,240100
2025-11-25,16.1299991607666,16.34000015258789,15.470000267028809,15.920000076293945,308200
2025-11-26,16.139999389648438,16.31999969482422,15.90999984741211,15.90999984741211,224400
2025-11-28,16.09000015258789,16.209999084472656,15.970000267028809,16.200000762939453,92200
2025-12-01,15.859999656677246,16.229999542236328,15.84000015258789,15.9399995803833,143900
2025-12-02,15.720000267028809,16.190000534057617,15.579999923706055,15.90999984741211,149200
2025-12-03,15.920000076293945,16.1299991607666,15.619999885559082,15.829999923706055,127900
2025-12-04,15.899999618530273,15.989999771118164,15.729999542236328,15.84000015258789,134300
2025-12-05,15.899999618530273,16.260000228881836,15.880000114440918,15.970000267028809,176500
2025-12-08,15.630000114440918,16.040000915527344,15.579999923706055,16.040000915527344,188100
2025-12-09,15.670000076293945,15.930000305175781,15.529999732971191,15.65999984741211,137600
2025-12-10,15.829999923706055,16.040000915527344,15.510000228881836,15.640000343322754,293900
2025-12-11,15.710000038146973,16.040000915527344,15.640000343322754,15.920000076293945,245000
2025-12-12,15.489999771118164,15.789999961853027,15.40999984741211,15.739999771118164,182600
2025-12-15,15.710000038146973,15.850000381469727,15.260000228881836,15.609999656677246,245500
2025-12-16,15.550000190734863,15.84000015258789,15.510000228881836,15.609999656677246,186200
2025-12-17,15.470000267028809,15.930000305175781,15.220000267028809,15.529999732971191,182900
2025-12-18,15.5600004196167,15.739999771118164,15.470000267028809,15.539999961853027,261800
2025-12-19,15.460000038146973,15.680000305175781,15.430000305175781,15.5,282000
2025-12-22,15.489999771118164,15.899999618530273,15.3100004196167,15.470000267028809,167900
2025-12-23,14.989999771118164,15.550000190734863,14.880000114440918,15.460000038146973,241100
2025-12-24,15.15999984741211,15.380000114440918,14.930000305175781,14.989999771118164,135100
2025-12-26,15.239999771118164,15.3100004196167,14.970000267028809,15.079999923706055,163300
2025-12-29,15.479999542236328,15.550000190734863,15.220000267028809,15.220000267028809,167900
2025-12-30,15.329999923706055,16.0,15.220000267028809,15.449999809265137,147500
2025-12-31,15.15999984741211,15.369999885559082,15.09000015258789,15.300000190734863,191000
2026-01-02,14.84000015258789,15.380000114440918,14.720000267028809,15.380000114440918,184900
2026-01-05,15.329999923706055,15.520000457763672,14.789999961853027,14.789999961853027,199300
2026-01-06,15.600000381469727,15.630000114440918,15.130000114440918,15.130000114440918,294500
2026-01-07,15.729999542236328,16.0,15.460000038146973,15.670000076293945,226900
2026-01-08,16.200000762939453,16.420000076293945,15.6899995803833,15.6899995803833,223600
2026-01-09,15.779999732971191,16.149999618530273,15.510000228881836,16.020000457763672,210200
2026-01-12,15.25,16.079999923706055,15.020000457763672,15.75,294000
2026-01-13,14.8100004196167,15.279999732971191,14.75,15.260000228881836,187600
2026-01-14,14.319999694824219,14.670000076293945,14.15999984741211,14.670000076293945,249500
2026-01-15,14.399999618530273,14.520000457763672,14.199999809265137,14.3100004196167,196000
2026-01-16,14.050000190734863,14.4399995803833,14.029999732971191,14.380000114440918,211600
2026-01-20,13.640000343322754,13.850000381469727,13.300000190734863,13.789999961853027,216900
2026-01-21,13.850000381469727,13.90999984741211,13.539999961853027,13.680000305175781,162700
2026-01-22,13.829999923706055,14.229999542236328,13.670000076293945,13.880000114440918,229600
2026-01-23,13.329999923706055,13.75,13.170000076293945,13.75,149600
2026-01-26,13.239999771118164,13.399999618530273,13.180000305175781,13.3100004196167,180800
2026-01-27,13.329999923706055,13.510000228881836,12.979999542236328,13.029999732971191,209900
2026-01-28,13.140000343322754,13.40999984741211,13.09000015258789,13.319999694824219,239100
2026-01-29,13.130000114440918,13.220000267028809,12.8100004196167,13.130000114440918,190000
2026-01-30,13.229999542236328,13.289999961853027,12.930000305175781,13.09000015258789,245600
2026-02-02,13.449999809265137,13.6899995803833,13.109999656677246,13.170000076293945,179500
2026-02-03,13.029999732971191,13.449999809265137,12.890000343322754,13.260000228881836,220100
2026-02-04,12.850000381469727,13.039999961853027,12.770000457763672,13.029999732971191,242700
2026-02-05,12.699999809265137,13.119999885559082,12.489999771118164,12.729999542236328,174600
2026-02-06,12.800000190734863,13.0,12.649999618530273,12.720000267028809,201100
2026-02-09,13.0600004196167,13.100000381469727,12.40999984741211,12.770000457763672,214800
2026-02-10,13.369999885559082,13.670000076293945,13.09000015258789,13.09000015258789,281500
2026-02-11,13.5,13.520000457763672,13.109999656677246,13.380000114440918,229100
2026-02-12,13.270000457763672,13.680000305175781,13.149999618530273,13.40999984741211,349300
2026-02-13,13.380000114440918,13.739999771118164,13.25,13.279999732971191,158300
2026-02-17,13.5,13.670000076293945,13.289999961853027,13.390000343322754,172600
2026-02-18,13.760000228881836,13.960000038146973,13.180000305175781,13.329999923706055,249300
2026-02-19,13.770000457763672,13.800000190734863,13.460000038146973,13.720000267028809,148300
2026-02-20,13.869999885559082,14.020000457763672,13.600000381469727,13.739999771118164,213900
2026-02-23,13.59000015258789,13.960000038146973,13.180000305175781,13.90999984741211,545800
2026-02-24,12.75,13.5600004196167,12.25,13.5600004196167,666200
2026-02-25,13.039999961853027,13.289999961853027,12.770000457763672,12.770000457763672,383600
2026-02-26,13.170000076293945,13.539999961853027,12.920000076293945,13.079999923706055,343800
2026-02-27,13.529999732971191,14.220000267028809,13.350000381469727,13.789999961853027,413500
2026-03-02,13.369999885559082,13.699999809265137,13.109999656677246,13.279999732971191,308800
2026-03-03,13.029999732971191,13.3100004196167,12.670000076293945,13.09000015258789,424600
2026-03-04,12.869999885559082,13.119999885559082,12.699999809265137,13.0,293200
2026-03-05,12.569999694824219,12.729999542236328,12.449999809265137,12.520000457763672,419200
2026-03-06,12.619999885559082,12.630000114440918,12.220000267028809,12.359999656677246,304700
2026-03-09,12.460000038146973,12.550000190734863,12.050000190734863,12.300000190734863,306100
2026-03-10,12.369999885559082,12.649999618530273,12.180000305175781,12.449999809265137,247400
2026-03-11,12.270000457763672,12.579999923706055,12.106800079345703,12.430000305175781,211344
