date,close,high,low,open,volume
2021-03-15,91.32829284667969,91.32829284667969,90.65085814358495,90.65085814358495,500
2021-03-16,90.70954895019531,90.96347336957204,90.62704292173284,90.96347336957204,2700
2021-03-17,90.91670989990234,90.91670989990234,90.15127196570636,90.15127196570636,600
2021-03-18,90.48860931396484,90.86262447064655,90.48860931396484,90.86262447064655,1900
2021-03-19,90.35478210449219,90.61511983550767,90.35478210449219,90.61511983550767,400
2021-03-22,90.23605346679688,90.23605346679688,89.95078978162161,89.95078978162161,700
2021-03-23,88.88336181640625,89.60113378525803,88.88336181640625,89.60113378525803,1600
2021-03-24,88.93304443359375,89.80817052485814,88.93304443359375,89.80817052485814,1000
2021-03-25,90.19741821289062,90.19925762755668,88.53367466811882,88.57048402343973,2500
2021-03-26,91.62374877929688,91.62374877929688,90.50660628412143,90.74218474860535,6800
2021-03-29,91.3752670288086,91.65869829300941,91.35410674468629,91.56115317436469,1500
2021-03-30,91.45809936523438,91.65318260223397,91.14706983467853,91.14706983467853,2900
2021-03-31,91.40199279785156,91.89246364922495,91.39554782509765,91.89246364922495,2500
2021-04-01,92.1593246459961,92.1593246459961,91.69001409455421,91.8188433407277,36700
2021-04-05,93.25251770019531,93.2727653013792,92.72983612580605,92.72983612580605,3800
2021-04-06,93.18350219726562,93.43656210233878,93.09792027902893,93.41999333063751,20400
2021-04-07,92.8172607421875,92.8172607421875,92.72340145307612,92.72340145307612,800
2021-04-08,92.92032623291016,92.95069763644872,92.6930391736967,92.95069763644872,3600
2021-04-09,93.3832015991211,93.3832015991211,92.94149634916042,93.1816733594307,6300
2021-04-12,93.7080307006836,93.7080307006836,93.34638914658785,93.35558621975407,25800
2021-04-13,93.47705078125,93.47705078125,93.19638561606672,93.21202765994265,800
2021-04-14,93.62703704833984,93.95370860209749,93.57642507260293,93.95370860209749,18300
2021-04-15,94.45616912841797,94.49665731327485,94.04114943713489,94.04114943713489,8000
2021-04-16,95.09293365478516,95.20428140877787,94.91993743750048,95.04876664845676,2200
2021-04-19,94.74050903320312,94.74050903320312,94.5610678208249,94.69449558565326,900
2021-04-20,94.32087707519531,94.47823124816023,93.99511820197118,94.46903417652395,2700
2021-04-21,95.33037567138672,95.33037567138672,94.12489902576333,94.12489902576333,2900
2021-04-22,94.84908294677734,95.66531257610002,94.71749460724477,95.66531257610002,700
2021-04-23,95.77391815185547,95.77391815185547,95.73894820920351,95.73894820920351,1400
2021-04-26,95.79415893554688,95.83096829304698,95.79415893554688,95.83096829304698,1900
2021-04-27,95.85855865478516,95.86776274789618,95.6597965799827,95.76653878567294,4400
2021-04-28,95.53280639648438,95.86776236947696,95.53280639648438,95.74445139254044,2300
2021-04-29,96.22572326660156,96.27357612489652,96.21743888092256,96.21743888092256,700
2021-04-30,95.48771667480469,95.59169976272405,95.4076600174862,95.49967989010511,2300
2021-05-03,96.07022857666016,96.62235491489753,95.86778061448408,95.87698470931043,4300
2021-05-04,96.24320220947266,96.24504162387197,95.56408620085057,95.56408620085057,1400
2021-05-05,96.32880401611328,96.42910828691383,96.20825916207495,96.20825916207495,1900
2021-05-06,96.86895751953125,96.86895751953125,95.88616953351797,95.90457772081895,2500
2021-05-07,97.86463928222656,97.86463928222656,97.05485446783321,97.05485446783321,4900
2021-05-10,97.76341247558594,98.72595995928444,97.76341247558594,98.47198031077255,5700
2021-05-11,96.41068267822266,96.66834813475775,96.36467625505504,96.66834813475775,2000
2021-05-12,94.21690368652344,95.97819223060206,94.21690368652344,95.97819223060206,1000
2021-05-13,95.9874038696289,96.02421322754037,95.38006701575767,95.38927111040233,2000
2021-05-14,97.0557632446289,97.13765931804521,96.7787768936222,96.7971850808916,2100
2021-05-17,96.87263488769531,96.91680189615107,96.87263488769531,96.91680189615107,700
2021-05-18,96.02236938476562,96.52020487001018,96.02236938476562,96.52020487001018,1900
2021-05-19,95.39386749267578,95.39386749267578,95.39386749267578,95.39386749267578,300
2021-05-20,96.08860778808594,96.33614943974395,95.98738383012895,96.0186749371212,900
2021-05-21,96.24687957763672,96.24687957763672,96.24687957763672,96.24687957763672,400
2021-05-24,96.65180206298828,96.81560125587947,96.63156147865391,96.71437727220517,2500
2021-05-25,95.98094940185547,96.70515215662763,95.98094940185547,96.70515215662763,12900
2021-05-26,96.36468505859375,96.3922903191494,96.3278757042974,96.3278757042974,2900
2021-05-27,96.78338623046875,96.99963680499793,96.7603795058167,96.93337575304005,14300
2021-05-28,96.78797149658203,96.8523861043759,96.77876740384986,96.78797149658203,12000
2021-06-01,97.0658950805664,97.47814864499708,96.77694549011558,97.47814864499708,3900
2021-06-02,96.9315414428711,97.45054425320559,96.85608331361205,97.45054425320559,3500
2021-06-03,96.98858642578125,97.00882700633456,96.80729878407203,96.83399135683086,3500
2021-06-04,97.50114440917969,97.50114440917969,97.01803130734257,97.3493084617071,15800
2021-06-07,97.07784271240234,97.62536337943048,96.99042138133647,97.60696221425833,4100
2021-06-08,97.48181915283203,97.57016019776397,96.95361931849568,97.26097005083537,2800
2021-06-09,97.02079010009766,97.67138119144965,97.02079010009766,97.67138119144965,3600
2021-06-10,97.1036148071289,97.3493100447559,97.10084866460905,97.11005275812056,1200
2021-06-11,97.48918914794922,97.49654680670604,97.17907927681584,97.49654680670604,2100
2021-06-14,96.84319305419922,97.77260994748666,96.64902950147147,97.77260994748666,5600
2021-06-15,97.02079010009766,97.05484033095466,96.64902476513454,96.8431883083472,4300
2021-06-16,96.1659164428711,96.90760773511484,95.92298031980201,96.90760773511484,1400
2021-06-17,95.01842498779297,95.85857418139585,94.5426694800173,95.85857418139585,5100
2021-06-18,93.47614288330078,94.69910795385822,93.47614288330078,94.69910795385822,3100
2021-06-21,95.18296813964844,95.18296813964844,93.82063994254447,93.82063994254447,6200
2021-06-22,95.23192596435547,95.32613210112528,95.13217414506356,95.19682679708413,1800
2021-06-23,94.98161315917969,95.35382918316344,94.98161315917969,95.05088838033346,2100
2021-06-24,95.52565002441406,95.58475700275127,95.12295026308657,95.58475700275127,4300
2021-06-25,96.22942352294922,96.22942352294922,95.83873127281639,95.83873127281639,1600
2021-06-28,96.08441162109375,96.47140440208359,95.8174860298795,96.47140440208359,5400
2021-06-29,96.09088134765625,96.54529609867913,96.03731301702719,96.33286898803146,5700
2021-06-30,96.07333374023438,96.07425684622149,95.85721419348044,96.04654957338691,2800
2021-07-01,96.67459869384766,96.83161125760972,96.36980462540836,96.36980462540836,6600
2021-07-02,96.91472625732422,97.10868416952059,96.73000644950167,97.10868416952059,1700
2021-07-06,96.3984603881836,96.94246582939682,95.64940560390662,96.94246582939682,5300
2021-07-07,97.11425018310547,97.16411904530334,96.47140905102614,96.61919056551163,6400
2021-07-08,96.16663360595703,96.6653857075757,95.7879487143792,96.05579745672689,4100
2021-07-09,97.39779663085938,97.40425837250761,96.78543914888158,96.84085369230769,34500
2021-07-12,97.4245834350586,97.4245834350586,96.99786888996827,96.99786888996827,8000
2021-07-13,96.44832611083984,96.88704103921266,96.37905088218483,96.88704103921266,2400
2021-07-14,96.61363983154297,96.93321064562883,96.56377097195255,96.93321064562883,3600
2021-07-15,96.69029998779297,96.69029998779297,96.03731177022424,96.03731177022424,4700
2021-07-16,96.43354034423828,97.12718048949743,96.38828701199343,97.12718048949743,11500
2021-07-19,95.108154296875,95.86182449124861,94.48564265822927,95.86182449124861,3600
2021-07-20,96.5286865234375,96.94246353086798,95.6032268930922,95.6032268930922,2700
2021-07-21,96.82978057861328,97.01635370120566,96.75774307314582,97.01635370120566,9800
2021-07-22,96.55453491210938,96.7946763423756,96.38828423678817,96.7946763423756,3000
2021-07-23,97.57051849365234,97.57051849365234,97.14473407146484,97.14473407146484,22700
2021-07-26,97.57051849365234,97.67211653084121,97.37656052627662,97.37656052627662,5900
2021-07-27,97.67951202392578,97.67951202392578,97.09947726589942,97.09947726589942,3600
2021-07-28,97.56774139404297,97.87530479919718,97.42273624474832,97.65363957510534,3000
2021-07-29,98.33525848388672,98.5947921745421,98.32048174284509,98.43870271778809,5500
2021-07-30,98.21519470214844,98.58648766594428,98.21519470214844,98.56986471132974,5600
2021-08-02,98.27244567871094,99.05751548770654,98.24473841022784,98.78966681468742,6400
2021-08-03,98.7795181274414,98.78044123340058,97.91224950888318,97.91224950888318,6100
2021-08-04,98.05357360839844,98.78969080004624,98.05080429019965,98.78969080004624,19100
2021-08-05,98.29000854492188,98.5403112031352,97.95843027904456,98.5403112031352,3400
2021-08-06,98.69547271728516,98.94669142253456,98.68808082303796,98.68808082303796,2000
2021-08-09,98.65113067626953,98.69731415820873,98.46641084173278,98.69731415820873,6100
2021-08-10,98.86170959472656,99.16834984749947,98.80351869465765,98.90050117923606,3900
2021-08-11,99.60708618164062,99.60708618164062,98.98364433094497,98.98364433094497,3800
2021-08-12,99.673583984375,99.74100595652244,99.38079730557834,99.74100595652244,5500
2021-08-13,99.83797454833984,99.99037157890407,99.69019304720733,99.99037157890407,5600
2021-08-16,100.25730895996094,100.25730895996094,99.52857667309986,99.83336372349441,5400
2021-08-17,99.77704620361328,100.29519063578084,99.34386981979371,100.29519063578084,5000
2021-08-18,98.80815887451172,99.72438032615628,98.80815887451172,99.31614198694264,21800
2021-08-19,98.81554412841797,99.03906261795882,98.44794359109524,98.46641980419662,7000
2021-08-20,99.6412582397461,99.7225338463302,99.02890073257035,99.02890073257035,3500
2021-08-23,99.74931335449219,100.2120431107166,99.74931335449219,100.2120431107166,4700
2021-08-24,99.79642486572266,99.97190660978815,99.72253410684739,99.72253410684739,4800
2021-08-25,100.31088256835938,100.4799025802695,99.97191239188456,100.110455811136,3500
2021-08-26,99.64863586425781,99.95342993677,99.64863586425781,99.95342993677,1900
2021-08-27,100.46143341064453,100.53532417897475,99.95345023325028,99.95345023325028,1100
2021-08-30,100.55378723144531,100.92322693151209,100.55378723144531,100.8493432194651,5400
2021-08-31,100.52513885498047,100.6812353557882,100.39675667060811,100.42447098704352,5400
2021-09-01,100.70433807373047,100.96017938237902,100.21205477674926,100.93247210759438,6200
2021-09-02,101.40904998779297,101.40904998779297,100.8216374734182,100.8216374734182,3300
2021-09-03,101.1412124633789,101.32963180768112,101.1412124633789,101.15414299544048,2700
2021-09-07,99.87769317626953,101.45891724899163,99.87769317626953,101.45891724899163,5100
2021-09-08,100.3533706665039,100.40601589957,99.75948931225724,99.75948931225724,3500
2021-09-09,99.82319641113281,100.54453670842489,99.82319641113281,100.47064595889228,5300
2021-09-10,99.0944595336914,100.32286676178856,99.0944595336914,100.32286676178856,5500
2021-09-13,99.17021942138672,99.64864907637747,99.01135357601126,99.4639292151811,5200
2021-09-14,98.51168060302734,99.65788942340635,98.38792097095624,99.65788942340635,6800
2021-09-15,99.13787841796875,99.28842924540875,98.85432986915724,98.85432986915724,2800
2021-09-16,98.75736236572266,99.5193405770184,98.6234344810251,99.5193405770184,3800
2021-09-17,97.88455200195312,98.81739646972602,97.83836851294568,98.81739646972602,4200
2021-09-20,96.42707824707031,96.55453733623693,95.62168590981362,96.10196878240421,6700
2021-09-21,96.12044525146484,97.09947319031632,96.01884721479789,97.08100402301821,5800
2021-09-22,96.88703918457031,97.284193196114,96.88703918457031,97.21954054523994,2900
2021-09-23,97.6998062133789,98.17085093310978,97.48737911685988,97.60744629982239,2800
2021-09-24,97.7275161743164,98.02214902790475,97.70904700974032,97.77369965567146,3700
2021-09-27,97.59821319580078,98.15237975214728,97.59821319580078,97.96765991556848,2700
2021-09-28,96.2682113647461,96.65612723540355,96.24049704831928,96.37904044401404,2900
2021-09-29,96.85009765625,97.044055616583,96.45848226495097,96.85933576291654,2200
2021-09-30,95.41848754882812,97.38578838313815,95.41848754882812,97.38578838313815,2500
2021-10-01,96.03732299804688,96.7023187169609,94.9197445997219,96.01884678422067,5200
2021-10-04,95.64662170410156,96.23311812221614,95.48314034619095,96.0927285061104,4000
2021-10-05,96.26636505126953,96.51759080273929,95.7325208993118,95.7509900649856,2800
2021-10-06,96.479736328125,96.479736328125,95.03982471768904,96.0465599884363,4700
2021-10-07,97.3211441040039,97.85683450741985,97.29342978353148,97.29342978353148,5300
2021-10-08,96.98954772949219,97.44119312101233,96.98954772949219,97.44119312101233,1300
2021-10-11,96.56377410888672,97.3118986329776,96.56377410888672,97.30266052685256,5000
2021-10-12,96.58223724365234,96.9701531173576,96.37904120125152,96.87779320170537,2800
2021-10-13,96.89534759521484,97.04405221623166,96.15091547737845,96.59148365797903,5100
2021-10-14,98.55877685546875,98.55877685546875,97.66287080466716,97.75523072764857,6000
2021-10-15,98.77674865722656,99.23670910215867,98.77674865722656,99.23670910215867,2500
2021-10-18,98.8580322265625,99.0760050425304,98.66038183652326,98.66038183652326,2600
2021-10-19,99.28751373291016,99.35308949267173,99.14158547061673,99.14158547061673,2000
2021-10-20,100.1353988647461,100.2674735018048,99.18684746053609,99.18684746053609,3800
2021-10-21,100.6553726196289,100.6553726196289,100.13814442060537,100.24898054466964,3800
2021-10-22,101.09687042236328,101.36656535194867,100.858575189855,101.36656535194867,2300
2021-10-25,101.03221130371094,101.57899302246531,101.03221130371094,101.5743704461717,5400
2021-10-26,100.70154571533203,101.24648116565761,100.70154571533203,100.8862725826498,4800
2021-10-27,99.3069076538086,99.99961768976226,99.2976765935557,99.9257339746848,6100
2021-10-28,100.260986328125,100.260986328125,99.7502269251635,99.7502269251635,2200
2021-10-29,100.44110107421875,100.67385061321816,100.11044593137866,100.66461250708349,4700
2021-11-01,100.96016693115234,100.9878742025199,100.47157611863645,100.86780701105708,6800
2021-11-02,101.2132568359375,101.4035223921025,101.18554955965733,101.4035223921025,2300
2021-11-03,101.6898193359375,101.79141735908482,101.13565278479487,101.13565278479487,12200
2021-11-04,101.47740173339844,101.92997030377461,101.33885832098635,101.92997030377461,3200
2021-11-05,101.75447845458984,102.03156527108946,101.58453535013123,101.98538178613603,4500
2021-11-08,101.81912994384766,102.30864387368278,101.40350677045076,102.30864387368278,8500
2021-11-09,101.9225845336914,101.97615991784605,101.59747503760529,101.59747503760529,3400
2021-11-10,101.76370239257812,102.02785864210617,101.55589083244176,102.02785864210617,2400
2021-11-11,102.0130844116211,102.06850600036276,101.73600465435332,101.73600465435332,13200
2021-11-12,102.6393051147461,102.6744042831303,102.6393051147461,102.6744042831303,900
2021-11-15,102.87203979492188,103.26919376867558,102.75197261089765,103.26919376867558,9100
2021-11-16,103.15098571777344,103.50011004300711,102.99212692701619,102.99212692701619,2800
2021-11-17,102.61898040771484,103.41698082159243,102.39176950980173,103.41698082159243,6700
2021-11-18,102.18859100341797,102.3640798129048,101.90227309034901,102.3640798129048,2400
2021-11-19,101.9900131225586,102.29942276781254,101.9900131225586,102.25323927889241,2500
2021-11-22,102.2439956665039,102.9551818965586,102.2439956665039,102.35483180597768,9600
2021-11-23,102.53030395507812,102.53030395507812,101.88377048301349,102.14238105319552,4000
2021-11-24,102.55803680419922,102.60329014196356,102.3086572303157,102.47490793070095,2000
2021-11-26,100.61013793945312,101.08025967265304,100.52608595741572,101.0248380731624,4100
2021-11-29,101.19105529785156,101.46814206379197,100.72924871902369,101.20029340247869,3800
2021-11-30,98.5754165649414,100.90477269296018,98.5754165649414,100.90477269296018,5200
2021-12-01,97.89009857177734,100.0365739929232,97.89009857177734,99.76872523751655,7000
2021-12-02,99.85183715820312,100.39584253176756,97.91225058446726,97.91225058446726,5500
2021-12-03,99.76223754882812,100.43370195165902,99.12217283934079,100.43370195165902,88800
2021-12-06,100.98786926269531,101.58821928386376,100.69693588095673,100.69693588095673,8400
2021-12-07,102.20243072509766,102.61343837034352,102.06296421190983,102.14239360442464,5600
2021-12-08,102.48413848876953,102.67809645049614,102.05927718499542,102.67809645049614,6300
2021-12-09,101.83760833740234,102.34559144392172,101.81913212459187,102.16087159548023,7500
2021-12-10,102.53955841064453,102.53955841064453,102.08514359743948,102.47490575334685,5600
2021-12-13,102.52108764648438,102.96442518005911,102.18766315190986,102.71504561535737,6000
2021-12-14,101.97615814208984,102.56727015010463,101.74525479375248,102.44719589913818,7300
2021-12-15,103.25997924804688,103.25997924804688,101.96691909989497,102.45643306642276,4600
2021-12-16,103.25534057617188,104.0450329976569,102.89513197594637,103.94343497742818,7100
2021-12-17,102.19782257080078,103.3061558153627,102.17934635697857,102.41024970347988,6900
2021-12-20,101.0353012084961,101.61980039460936,100.11215703222804,101.61980039460936,9100
2021-12-21,102.28780364990234,102.44552464152068,101.71629333380577,101.78680131322908,41500
2021-12-22,102.965087890625,102.965087890625,102.39914119249616,102.39914119249616,11500
2021-12-23,103.4939193725586,103.79080885448909,103.38258316243332,103.38258316243332,12000
2021-12-27,104.9876480102539,104.9876480102539,103.81864256230669,104.03202811997099,6500
2021-12-28,105.34947967529297,105.49792087602933,105.2103111832002,105.27525553572302,6000
2021-12-29,105.99894714355469,106.19378024513203,105.68350509673569,105.68350509673569,11400
2021-12-30,105.74842834472656,106.50920809921796,105.66492441592433,106.42570417041573,7400
2021-12-31,105.9247055053711,106.24015457853342,105.78553700481136,105.85048136128538,7000
2022-01-03,105.29381561279297,106.37932426655269,104.58870747131978,106.37932426655269,13800
2022-01-04,105.89688110351562,106.26799477316459,105.78276306613019,106.06388190093743,11300
2022-01-05,104.55159759521484,106.38859921080665,104.5423178073046,106.23087820835362,13200
2022-01-06,104.56086730957031,105.108261526127,104.42170588692404,105.108261526127,8700
2022-01-07,104.08769989013672,104.63508700501545,103.94574958234979,104.55159015497782,14400
2022-01-10,103.76299285888672,104.13410656446948,102.76099505574001,104.13410656446948,9400
2022-01-11,104.18326568603516,104.20831615849349,103.00684198665603,104.04131536823932,11300
2022-01-12,104.27326965332031,104.77427206798006,103.96617306026285,104.75571956895037,7200
2022-01-13,103.91143798828125,104.70005016447561,103.73515739089012,104.66293808721406,20400
2022-01-14,103.54032135009766,103.54032135009766,102.59398818125261,103.33528119914035,16300
2022-01-18,102.11152648925781,103.0393070521721,101.82391677984364,103.0393070521721,52000
2022-01-19,101.33220672607422,102.63110109021646,101.32292693734614,102.63110109021646,5500
2022-01-20,100.05184936523438,102.44552484120446,99.95907272753709,101.92597000737668,10600
2022-01-21,99.11943817138672,100.73470168189642,98.97377877104987,99.81990996640737,14600
2022-01-24,100.02401733398438,100.02401733398438,96.89183075368906,98.49318511210973,22300
2022-01-25,98.34474182128906,99.32818697441263,97.18687063414067,99.08696911922647,16200
2022-01-26,97.5190200805664,99.25397236232567,97.00873791581242,99.21686028867045,16500
2022-01-27,96.91594696044922,98.76965335714782,96.613493868505,97.83444764297802,15800
2022-01-28,98.50244903564453,98.50244903564453,96.00300826775258,96.92522509627409,21300
2022-01-31,99.91268157958984,99.91268157958984,98.21484161217303,98.21484161217303,10200
2022-02-01,100.1724853515625,100.20031764058452,99.38387315618338,100.1724853515625,11400
2022-02-02,100.9796371459961,101.0909733662653,100.11494636261078,100.11494636261078,18500
2022-02-03,99.8848648071289,100.82191813556713,99.87558501898866,100.61780526690791,8300
2022-02-04,99.41168975830078,100.16318975693078,98.55813333042423,99.72713175531445,14500
2022-02-07,99.32818603515625,99.87558025484981,99.21685689640125,99.87558025484981,27300
2022-02-08,100.30421447753906,100.36730429367753,99.36529955981354,99.65291635541037,18500
2022-02-09,101.58269500732422,101.67547165081707,101.3971417203385,101.3971417203385,12100
2022-02-10,99.79765319824219,101.50848232551579,99.33747196627691,100.9146962090162,17800
2022-02-11,98.85502624511719,100.21422143313448,98.65091337957367,99.64363834329548,28300
2022-02-14,98.26124572753906,98.58596751850034,97.66282328282082,98.34474258304161,14400
2022-02-15,99.44879150390625,99.63434476777549,99.13334246124458,99.28179073506261,11200
2022-02-16,99.54157257080078,99.78279748730093,98.67873640639989,99.08696209918419,7700
2022-02-17,98.2426986694336,98.8791534608117,98.09425743682512,98.53030842401597,6800
2022-02-18,98.17774963378906,98.70658432941538,97.94580446766517,97.94580446766517,8000
2022-02-22,97.1024398803711,98.14990204874854,96.75823126891103,97.73239656775512,15400
2022-02-23,95.7748031616211,97.47170916338432,95.68201943046057,97.47170916338432,9300
2022-02-24,96.49845123291016,96.49845123291016,93.41822027373135,94.23466456081852,31200
2022-02-25,99.07768249511719,99.07768249511719,96.88811990352536,96.88811990352536,18900
2022-02-28,98.54885864257812,98.8633733849403,97.44016108421091,98.214857052924,7500
2022-03-01,97.40766906738281,98.52100987275604,97.08294732021683,98.52100987275604,26100
2022-03-02,99.34117126464844,99.65291124558432,98.01073572511109,98.01073572511109,6500
2022-03-03,99.72712707519531,100.17246484359033,99.29106909404285,100.07040841913323,16200
2022-03-04,99.5592041015625,99.5592041015625,98.60451851149894,99.21685708945908,10700
2022-03-07,97.3891372680664,99.23912788842259,97.37985747948876,99.12408257663584,13100
2022-03-08,96.20156860351562,97.99125809787681,96.19228881595558,97.74168065349868,10400
2022-03-09,97.80665588378906,98.29837860363244,97.62852071410549,97.76490744419621,4000
2022-03-10,97.63037109375,97.70458817390099,96.60517025410603,97.02731219268917,22400
2022-03-11,96.86956787109375,98.40967985956955,96.86956787109375,98.40967985956955,14800
2022-03-14,96.85101318359375,97.91796225529855,96.60886098239679,97.43551239475536,13700
2022-03-15,98.32618713378906,98.42823648353817,97.57189825205462,97.59323963996428,486100
2022-03-16,99.53044891357422,99.60652760369221,98.66018741048093,99.19830186713799,10700
2022-03-17,100.56957244873047,100.63637135517307,99.80136732862859,99.87559148174472,15300
2022-03-18,101.44352722167969,101.44352722167969,100.29308126172737,100.42575179207817,4500
2022-03-21,101.34856414794922,102.05612546362505,100.86444063087013,102.05612546362505,9900
2022-03-22,101.70608520507812,102.00027562685308,101.54501847070733,102.00027562685308,10300
2022-03-23,100.5572280883789,101.28340634601365,100.5572280883789,101.28340634601365,6100
2022-03-24,101.46028900146484,101.46028900146484,100.75738010764896,101.04133512834497,8000
2022-03-25,102.27957153320312,102.27957153320312,101.47891166194546,101.7861430992104,6500
2022-03-28,102.54956817626953,102.54956817626953,101.81779987227014,102.44715769116365,15900
2022-03-29,103.83712768554688,104.05777403409583,103.05974423148625,103.39676547620523,12300
2022-03-30,103.29249572753906,103.8064090958602,103.16401738545878,103.8064090958602,6900
2022-03-31,102.14923858642578,103.58297828013109,102.14923858642578,103.58297828013109,6300
2022-04-01,102.63336181640625,102.79163709715745,101.832701842577,102.79163709715745,15200
2022-04-04,102.32611846923828,102.8660925699853,101.96302227139707,102.8660925699853,15200
2022-04-05,101.56363677978516,102.71714330969817,101.48822465138402,101.94441226997331,10900
2022-04-06,101.77684020996094,101.93510838161326,101.1530724019471,101.1530724019471,92900
2022-04-07,102.40059661865234,102.7543808487984,101.41373977237114,102.028195530427,12500
2022-04-08,102.6147232055664,103.07091078137078,102.22370528344835,102.22370528344835,13600
2022-04-11,101.74797058105469,102.67058826668993,101.7395890882064,102.5030081304445,9600
2022-04-12,101.4844970703125,102.72179723961717,101.27409318033206,102.42853021478723,10400
2022-04-13,102.15296173095703,102.25071977840268,101.45099033569738,101.73959783288635,7700
2022-04-14,101.66231536865234,102.44994129392761,101.66231536865234,102.44994129392761,8600
2022-04-18,101.24617004394531,101.81408016369303,100.92963370334401,101.44167903719213,14100
2022-04-19,102.75808715820312,102.90239087097184,101.60923327878044,101.60923327878044,22800
2022-04-20,104.01588439941406,104.20208850154822,103.02437507952048,103.02437507952048,18400
2022-04-21,103.10909271240234,104.64338184969114,103.10816222460804,104.64338184969114,5900
2022-04-22,100.54791259765625,103.20125887061349,100.54791259765625,103.20125887061349,10500
2022-04-25,100.90169525146484,100.95756003597617,98.77901811700801,100.46413157438268,6400
2022-04-26,98.77902221679688,100.53861028828352,98.77902221679688,100.53861028828352,7200
2022-04-27,98.87212371826172,99.79381814777834,98.81440505691054,99.54803438716611,8300
2022-04-28,100.04517364501953,100.23137774766181,98.78832613976516,98.78832613976516,6300
2022-04-29,96.90770721435547,99.57967758283674,96.87047349546363,99.57967758283674,6700
2022-05-02,96.87419128417969,97.77447017880071,95.44603459449885,97.0194255110909,13800
2022-05-03,97.84149932861328,98.24369023708596,97.57802212749561,97.57802212749561,4300
2022-05-04,100.26860809326172,100.26860809326172,97.73535871840897,97.80611840592151,4800
2022-05-05,97.39368438720703,99.5238123561256,96.97380711555786,99.5238123561256,7300
2022-05-06,97.06599426269531,97.25778132217751,95.93948590105319,95.93948590105319,15400
2022-05-09,95.42741394042969,96.36772508125684,95.42741394042969,96.13218382791639,4500
2022-05-10,95.01777648925781,96.40497041737788,94.12494859354544,96.28393597496083,13400
2022-05-11,94.01602172851562,95.37248820780728,94.01602172851562,95.37248820780728,2800
2022-05-12,94.52434539794922,94.7412697974681,93.29542676721056,93.68924328348183,7600
2022-05-13,95.9674072265625,96.40497802344824,95.42742594091794,95.47397874597587,6900
2022-05-16,95.94876861572266,96.4235801635774,95.46651316608995,96.08841990661637,17200
2022-05-17,97.5780258178711,97.5780258178711,96.62188922270745,96.87047152594376,13300
2022-05-18,93.719970703125,96.89840350170253,93.65387055200415,96.89840350170253,8400
2022-05-19,93.64920806884766,93.87265299563231,92.68097513128895,93.09992193882954,11500
2022-05-20,93.54679870605469,94.53365554253823,91.80768869558123,94.38469226754303,9100
2022-05-23,94.58206176757812,94.88742509220806,93.65385414506844,94.53364799677313,9000
2022-05-24,94.69192504882812,94.90605798395524,93.37549085422435,94.06350486872722,6900
2022-05-25,95.4553451538086,95.79050542812656,94.80550954204234,94.89674706426534,8100
2022-05-26,97.24472045898438,97.52122446194954,96.45150457254961,96.45150457254961,6300
2022-05-27,99.24452209472656,99.24452209472656,97.75492466330644,97.75492466330644,9200
2022-05-31,98.22040557861328,98.8348683973408,97.95972696568384,98.68590513111856,10300
2022-06-01,97.50260162353516,98.77900343981536,96.84252360023565,98.77900343981536,5000
2022-06-02,98.85350036621094,98.86281234751326,98.00628764171448,98.00628764171448,11400
2022-06-03,98.01559448242188,98.387995582417,97.8014686444228,98.387995582417,9100
2022-06-06,98.44384002685547,98.76968828193498,98.17943947215073,98.76968828193498,13400
2022-06-07,99.19703674316406,99.27244176841974,97.70371039522199,97.70371039522199,11100
2022-06-08,97.5482406616211,98.91867169035746,97.5482406616211,98.91867169035746,3500
2022-06-09,95.92083740234375,97.45791784590661,95.8947695408471,96.94493500526634,12800
2022-06-10,94.14264678955078,94.96192357311577,93.93782581791939,94.31953181717378,8400
2022-06-13,90.94000244140625,92.55063418804482,90.52477759236214,92.55063418804482,13700
2022-06-14,90.34416961669922,90.92139171863207,89.70177785027077,90.92139171863207,4600
2022-06-15,91.04241180419922,91.7499731786851,90.67187168250264,91.50791140002622,7700
2022-06-16,88.19355773925781,89.33868278276724,87.8397734957669,89.33868278276724,13600
2022-06-17,88.44491577148438,88.83593369439538,87.74666643644635,88.83593369439538,9400
2022-06-21,89.99439239501953,90.20760023892556,89.48943546064358,89.65775443876889,21400
2022-06-22,90.18142700195312,90.50871195680288,89.33515907074269,89.36788399908919,25600
2022-06-23,91.12584686279297,91.12584686279297,90.1813973230862,90.71440611250645,5500
2022-06-24,93.6450424194336,93.75351909494124,91.62148334253018,91.62148334253018,10600
2022-06-27,93.85638427734375,94.31458320669066,93.4617660230975,94.12756527389347,16400
2022-06-28,92.44062042236328,94.66803399501744,92.3751634441814,94.37067025576955,10700
2022-06-29,92.23863220214844,92.29473614349473,91.8739423148468,91.89264125053711,11900
2022-06-30,91.62146759033203,92.42471565317958,91.43350797168223,91.56535651462109,3900
2022-07-01,92.76228332519531,92.7996883289611,91.24741991119353,91.24928909124057,6600
2022-07-05,92.39761352539062,92.39761352539062,90.71443079598745,90.9949576837497,9200
2022-07-06,92.54441833496094,93.05217900182704,91.91695879116737,92.22928311076026,5100
2022-07-07,93.64128875732422,93.78155574638431,93.49634881786311,93.68804679843606,10200
2022-07-08,93.19243621826172,93.73479093087474,93.19243621826172,93.39348008510686,9200
2022-07-11,92.60332489013672,92.88385887390335,92.60332489013672,92.88385887390335,2500
2022-07-12,92.32466888427734,93.41686941875159,92.15541532772399,93.36075834042197,5500
2022-07-13,91.94876098632812,92.25640523691276,91.24743311634361,91.34094207215301,5900
2022-07-14,91.20441436767578,91.21002904296205,90.20011518759658,90.90144306477659,7000
2022-07-15,92.50980377197266,92.5247643458646,92.14511392161107,92.14511392161107,6900
2022-07-18,91.9468765258789,93.02411635467416,91.85897512562998,92.77163436824372,5400
2022-07-19,94.47354125976562,94.52964520805601,92.93997150943427,92.93997150943427,7500
2022-07-20,94.90369415283203,95.01590919075535,94.50159918478597,94.56705617333874,3400
2022-07-21,95.56853485107422,95.56853485107422,94.84757351359393,94.84757351359393,3700
2022-07-22,95.24967956542969,95.779884708653,94.68768408718385,95.62839548651026,14800
2022-07-25,95.48625183105469,95.55825807573214,95.01028149320665,95.50214699732254,6300
2022-07-26,95.0280532836914,95.04394845001106,94.79240815643021,95.04394845001106,3100
2022-07-27,96.40547180175781,96.60558112453417,94.93735897175011,95.51151127944006,3300
2022-07-28,97.65288543701172,97.65288543701172,96.51767238902859,96.51767238902859,7200
2022-07-29,98.66280364990234,98.7937176107812,97.96054121180373,97.96054121180373,4600
2022-08-01,98.50382995605469,98.71890696714586,98.29530221010371,98.6440969516119,3000
2022-08-02,97.4471664428711,98.46643329784273,97.43781340724497,98.46643329784273,13200
2022-08-03,98.15785217285156,98.35422312503209,97.57808521812127,97.57808521812127,12100
2022-08-04,97.86421203613281,98.12978542739751,97.86421203613281,98.06432845319056,2700
2022-08-05,98.09239196777344,98.09239196777344,97.01702114985956,97.4004171398199,5900
2022-08-08,98.46083068847656,99.15842026558761,98.31682531300115,98.99945431184258,5000
2022-08-09,97.87731170654297,98.47577755968561,97.69029380278928,98.47577755968561,11000
2022-08-10,99.8129653930664,99.87842236568066,99.42022355738085,99.42022355738085,14000
2022-08-11,100.16832733154297,101.14083619506586,100.06639992712562,100.13092232129868,6100
2022-08-12,101.63640594482422,101.6457518435378,100.6274270002709,100.7863928896876,19200
2022-08-15,101.88050842285156,101.99178887636604,101.03798597396109,101.03798597396109,10200
2022-08-16,102.44342041015625,102.79034594921549,101.8795486936426,101.8795486936426,8400
2022-08-17,101.58966827392578,101.73928829461452,101.20627945589256,101.59902130878764,3000
2022-08-18,101.91789245605469,102.05722485826834,101.44940598108468,101.50551705857626,12300
2022-08-19,100.8696517944336,101.57939097194752,100.69197978537872,101.57939097194752,9100
2022-08-22,98.66280364990234,100.14961526314464,98.6048233904984,100.14961526314464,7200
2022-08-23,98.48887634277344,99.12100889045708,98.44773297160373,99.06490494197804,3800
2022-08-24,98.58798217773438,98.84045703458375,98.3111937117934,98.62538718139261,5800
2022-08-25,99.96260070800781,99.97195374389145,99.1677638805227,99.29586694103129,6100
2022-08-26,97.11145782470703,99.7475155303337,97.03571322222406,99.69141158817244,13300
2022-08-29,96.49337005615234,97.08248292241997,96.22218907934703,96.60557795395019,7000
2022-08-30,95.43201446533203,96.97961004588838,95.34317846669155,96.97961004588838,28200
2022-08-31,94.85506439208984,95.92575512452251,94.81952856356018,95.92575512452251,4300
2022-09-01,94.99530792236328,94.99530792236328,93.74414162625338,94.23039238887476,6200
2022-09-02,94.16495513916016,96.18478288600203,93.78156626927101,95.93230085050868,48200
2022-09-06,93.91246032714844,94.59508913416218,93.5851754748575,94.59508913416218,49600
2022-09-07,95.8537368774414,95.89488737599571,94.2668672098036,94.30520680398371,2800
2022-09-08,96.50270080566406,96.50270080566406,95.3665532131962,95.5021401131714,3300
2022-09-09,97.70899200439453,97.85861203369248,96.87675021068284,96.89545628148291,2800
2022-09-12,98.33551788330078,98.72825976248498,98.10174193603268,98.23265589576076,7100
2022-09-13,94.75969696044922,96.02770060165028,94.75969696044922,95.9603744267934,9600
2022-09-14,94.13782501220703,94.5389853098616,93.62726060349907,94.25845847251365,13900
2022-09-15,93.59172058105469,94.49223016632855,93.3701014644361,93.8694507700466,5300
2022-09-16,92.61267852783203,92.67813550656663,91.98616071219013,92.59397245717895,31400
2022-09-19,93.51085662841797,93.56628623033342,91.91274515345948,91.91274515345948,3300
2022-09-20,92.0066909790039,92.25096685082552,91.39600488341466,92.12413033708147,23500
2022-09-21,90.88866424560547,93.13410415536084,90.88866424560547,92.62676527808695,3200
2022-09-22,89.7838134765625,90.9356569067085,89.6015473387991,90.9356569067085,5500
2022-09-23,88.34540557861328,89.03782763002451,87.48199255374021,89.03782763002451,8300
2022-09-26,87.45848846435547,88.76535960223903,87.04604583387851,88.0043477559563,50600
2022-09-27,86.97370910644531,88.28621437498792,86.40718461595591,88.26742006335698,17000
2022-09-28,88.96266174316406,89.13083570091403,87.53929734600086,87.56277948245935,8400
2022-09-29,87.19823455810547,88.27679989387732,86.72659921333394,88.27679989387732,3500
2022-09-30,86.36959075927734,87.46882129017534,86.33670430261003,87.34668695382956,5200
2022-10-03,88.87809753417969,89.25390488306259,87.25274096455993,87.56277539705403,7600
2022-10-04,91.54633331298828,91.5745176128619,89.91157224102079,89.91157224102079,4000
2022-10-05,91.1047592163086,91.51814805795323,90.64439893134144,90.64439893134144,9500
2022-10-06,90.07598876953125,90.58426666169426,89.93976226635034,90.48467544700362,5700
2022-10-07,87.90664672851562,89.00306036767384,87.50641105818347,89.00306036767384,8500
2022-10-10,87.9667739868164,88.20729386297687,87.37488220395394,88.20071370364695,9400
2022-10-11,87.95926666259766,88.86871210877287,87.49702119704483,87.49702119704483,4000
2022-10-12,87.26213073730469,87.96676682675688,87.26213073730469,87.96676682675688,3300
2022-10-13,89.12236785888672,89.56581892612189,85.49584042774796,85.78708770030316,9800
2022-10-14,87.34668731689453,87.92918187350338,87.29970871229699,87.92918187350338,35700
2022-10-17,89.11579895019531,89.35725782157255,88.68080598372855,88.68080598372855,8000
2022-10-18,90.38601684570312,91.36780802396108,89.95477992618531,90.99200069618941,4500
2022-10-19,89.20035552978516,89.7894302846521,88.72778112768222,89.7894302846521,3100
2022-10-20,88.08890533447266,89.93975054656183,87.93857953323982,89.93975054656183,8800
2022-10-21,90.00081634521484,90.09007139590125,88.62443063747286,88.62443063747286,3900
2022-10-24,91.02960968017578,91.1094675966941,90.29020895128876,90.43771779825316,22200
2022-10-25,92.73950958251953,92.73950958251953,91.11415291308498,91.11415291308498,7600
2022-10-26,92.84756469726562,93.65554815059298,92.84756469726562,93.00258552855952,3400
2022-10-27,93.13410186767578,94.07361669112106,93.13410186767578,93.61325643465307,10300
2022-10-28,95.0648193359375,95.0648193359375,93.33329824621354,93.33329824621354,4300
2022-10-31,94.70217895507812,95.22548808167059,94.62607703338524,94.76888371944413,9000
2022-11-01,95.08172607421875,95.19070727595087,94.45036766657817,94.77919643726098,4400
2022-11-02,93.1012191772461,95.79762203461924,93.1012191772461,94.42593130261822,4400
2022-11-03,92.51402282714844,93.01196452064283,91.50874228520814,92.18519408313601,4400
2022-11-04,93.71662139892578,94.06893952448566,92.58450410182338,93.88573438591175,3600
2022-11-07,94.4569320678711,94.56685225004382,93.58506109567799,93.9608684143043,7900
2022-11-08,95.02252960205078,95.83051293157487,94.184483976932,94.90978524167673,6400
2022-11-09,93.66963195800781,94.92858564185829,93.61890451891121,94.51519679523129,3300
2022-11-10,98.20654296875,98.20654296875,96.488168144428,96.488168144428,3300
2022-11-11,98.7646255493164,98.98729012115746,98.21688819233617,98.25446964836767,7000
2022-11-14,97.80348205566406,99.27851989649854,97.80348205566406,99.06149652378579,492900
2022-11-15,98.66409301757812,99.20713536778065,98.66409301757812,98.82757198908115,3000
2022-11-16,97.85704803466797,98.38599823185206,97.85704803466797,98.38599823185206,3000
2022-11-17,97.45587158203125,97.45587158203125,96.40361244475123,96.61969683077342,5700
2022-11-18,98.27323913574219,98.50811781779124,97.90682896517993,98.50811781779124,7100
2022-11-21,98.58329772949219,98.78528999030776,98.27325609537873,98.27325609537873,6000
2022-11-22,99.8403549194336,99.8403549194336,99.10941253235127,99.10941253235127,5000
2022-11-23,100.21709442138672,100.37681020341682,99.78585750914837,99.78585750914837,1900
2022-11-25,100.6154556274414,100.6154556274414,100.41533422553708,100.41533422553708,1400
2022-11-28,99.22216033935547,100.25562520387126,98.96848732487199,100.24622804868653,9300
2022-11-29,99.34053802490234,99.6449384723149,99.12539263132409,99.56038558000608,5700
2022-11-30,101.39996337890625,101.39996337890625,98.63027534516061,99.17518852842504,4300
2022-12-01,101.531494140625,101.92421066980376,101.46760638373352,101.92421066980376,3600
2022-12-02,101.49954223632812,101.80113286278069,100.95838507589346,100.95838507589346,7600
2022-12-05,99.77554321289062,101.06362023999617,99.55758079641747,101.06362023999617,28000
2022-12-06,98.92903900146484,99.90801337829,98.40479093647413,99.90801337829,27300
2022-12-07,98.8660888671875,99.48804293239996,98.69603691034692,98.69603691034692,4300
2022-12-08,99.41663360595703,99.69191073970674,99.16578477321292,99.56037924808328,3800
2022-12-09,98.6246337890625,99.18458528657978,98.6246337890625,99.07184092087554,2500
2022-12-12,99.71823120117188,99.71823120117188,98.90272866935062,98.90272866935062,5400
2022-12-13,100.26502990722656,102.15533483508075,99.94559111826028,102.0313153146792,6900
2022-12-14,99.79339599609375,101.01663906502358,99.3349136989565,100.40596011333423,8800
2022-12-15,97.63438415527344,98.78999060618865,97.56955739948114,98.78999060618865,9800
2022-12-16,96.8263931274414,96.92974032901787,96.08417557426904,96.62909587932153,22400
2022-12-19,96.14228057861328,97.06831155467582,95.75957637959203,96.60057399354746,9600
2022-12-20,96.2396011352539,96.5249729406182,95.83516821010407,95.83516821010407,1900
2022-12-21,97.63999938964844,97.84788595380718,96.95964598304595,97.00689555099908,23400
2022-12-22,96.84530639648438,97.20343418481016,95.5233422176998,97.17697615712767,8500
2022-12-23,97.60029602050781,97.60029602050781,96.49850318220113,96.57220355638165,14100
2022-12-27,97.79684448242188,97.9971684911913,97.70045653132074,97.98110623576473,4500
2022-12-28,96.46826171875,97.63053314600023,96.46826171875,97.52658987977172,5700
2022-12-29,97.92346954345703,98.17104313513444,97.1675269645421,97.1675269645421,10800
2022-12-30,97.28846740722656,97.37445958896332,96.54385787581465,97.19208666631118,16200
2023-01-03,97.4018783569336,98.10301610315462,96.82262777204473,98.10301610315462,3700
2023-01-04,98.44696044921875,98.83910875854926,97.84787721809353,97.84787721809353,8900
2023-01-05,97.51997375488281,98.06519645687065,97.37539904623438,98.06519645687065,6500
2023-01-06,99.8416748046875,100.0968036718187,98.14079165957838,98.14079165957838,12600
2023-01-09,99.7282943725586,100.84992722599127,99.7282943725586,99.94562506633797,7100
2023-01-10,100.29336547851562,100.29336547851562,99.41646574864906,99.41646574864906,5400
2023-01-11,101.31199645996094,101.31199645996094,100.72802390565329,100.77716229472729,7600
2023-01-12,101.28269958496094,101.55767559225099,100.74314333889093,101.29687301137623,6100
2023-01-13,101.53973388671875,101.6654059071116,100.69212542058585,100.69212542058585,11400
2023-01-17,101.10790252685547,101.97723977162751,101.09278468396917,101.67486128608628,9300
2023-01-18,99.85395812988281,101.66539554297013,99.85301371541556,101.31577474904705,4900
2023-01-19,98.75405883789062,99.20856730041862,98.60286601568208,99.16888026597945,5500
2023-01-20,100.1913070678711,100.20075842233624,99.20668644332072,99.29362304400351,11800
2023-01-23,101.10601043701172,101.4575273075509,100.106271916838,100.106271916838,15200
2023-01-24,101.07955169677734,101.24018868387817,101.00395527604584,101.01340663095516,5800
2023-01-25,101.296875,101.296875,100.09681254789723,100.46533606047129,7300
2023-01-26,102.06227111816406,102.06227111816406,101.17875337808489,101.21371834050429,7400
2023-01-27,102.02165222167969,102.43080721576399,101.59831659057662,101.73155834623553,21000
2023-01-30,101.29498291015625,102.26070797884435,101.29498291015625,101.79769256679492,12300
2023-01-31,102.98548126220703,102.98548126220703,101.7315582547177,101.7315582547177,5600
2023-02-01,104.18555450439453,104.70809693750456,102.80878546468966,103.04501888054669,5600
2023-02-02,105.26749420166016,105.48293606522631,104.60414752141943,104.60414752141943,6400
2023-02-03,104.37265014648438,104.88763726589801,104.24130442415891,104.75534712897105,7800
2023-02-06,103.49951171875,104.08442868210375,103.31902762850964,104.08442868210375,13100
2023-02-07,104.2403564453125,104.2403564453125,102.72373478624536,102.97887090536058,22900
2023-02-08,103.26139831542969,103.94269607594333,103.26139831542969,103.4947984720028,12200
2023-02-09,102.29379272460938,104.0938974371295,102.09063544427386,103.61197924271544,33800
2023-02-10,102.7709732055664,102.7709732055664,102.05282170092704,102.05282170092704,16800
2023-02-13,103.96157836914062,103.96157836914062,103.1394908549073,103.1394908549073,10300
2023-02-14,103.62803649902344,104.04664284797171,102.88437130795462,103.47968411034424,7000
2023-02-15,103.95025634765625,103.95025634765625,102.912719680313,103.05445394992651,3500
2023-02-16,103.33982849121094,104.06743140455275,103.33982849121094,103.35683516216365,4300
2023-02-17,103.48250579833984,103.54959527131503,102.8465616128588,103.1867382593027,7700
2023-02-21,101.38097381591797,102.57064044604292,101.38097381591797,102.478037364798,11400
2023-02-22,101.13246154785156,101.78919009298305,101.10789235215687,101.49531857769468,3100
2023-02-23,101.326171875,101.63232797971901,100.61557567621418,101.39137252046774,11300
2023-02-24,100.62786102294922,100.62786102294922,100.09681171045428,100.09681171045428,6300
2023-02-27,100.61653900146484,101.72022082110206,100.4747975110154,101.58036815983209,8100
2023-02-28,100.46437072753906,101.07007191907739,100.33302504739532,100.33302504739532,7400
2023-03-01,100.12986755371094,100.29995585965875,99.73772652401036,100.1865684618735,4800
2023-03-02,100.9623794555664,101.05498254776163,99.57238144880235,99.62529750148533,6200
2023-03-03,101.9394302368164,102.01502665212276,101.14568950391265,101.51421301694239,7200
2023-03-06,101.25813293457031,102.14731720952733,101.13623858062732,102.12842171025571,5600
2023-03-07,99.96924591064453,101.14569080772495,99.8464071411415,101.14569080772495,6300
2023-03-08,100.14688873291016,100.26311659153063,99.84167705802139,99.84167705802139,3300
2023-03-09,98.56790924072266,100.38029838252618,98.56790924072266,100.28107718355147,7900
2023-03-10,96.44275665283203,98.28254095569383,96.0732815198106,98.25419410256134,7400
2023-03-13,95.8257064819336,96.6052737095826,95.1642487285533,95.7217632236777,5100
2023-03-14,96.91332244873047,97.79399972624844,96.14698420166818,97.25255467307421,4000
2023-03-15,95.46759033203125,95.59421397934057,94.72959882075179,95.32490442747957,5200
2023-03-16,96.7640380859375,96.80844719804425,95.26820798144193,95.39104675760863,6200
2023-03-17,95.21623229980469,96.07139604239906,95.0130750390872,96.07139604239906,4700
2023-03-20,96.71739196777344,96.71739196777344,95.93359829969445,95.93359829969445,2900
2023-03-21,97.71468353271484,97.92628741741663,97.1861480094187,97.92628741741663,4700
2023-03-22,95.87191772460938,97.92627562711023,95.87191772460938,97.85985305335174,7100
2023-03-23,95.38134002685547,96.78760919750484,94.94010587165911,95.92410842479366,7600
2023-03-24,95.97061157226562,96.17082769534395,94.47229910912354,94.47229910912354,10200
2023-03-27,96.91097259521484,97.18995469515396,96.48397129205395,96.87301579767538,11700
2023-03-28,97.16241455078125,97.30000882486083,96.83505079830283,96.92044814950997,5900
2023-03-29,98.24891662597656,98.27738241253209,97.7972430697205,98.05913264974235,16000
2023-03-30,98.67306518554688,99.00802319955538,98.55255617065137,98.82773748539324,3500
2023-03-31,100.20934295654297,100.20934295654297,98.83723701147628,99.29270407963396,6800
2023-04-03,100.32794189453125,100.62969222585482,100.06983861456321,100.62969222585482,8300
2023-04-04,99.10198211669922,100.6686067347106,98.75942980799888,100.6686067347106,9300
2023-04-05,98.96627807617188,99.11905363032027,98.54971619465273,99.09343297514654,17000
2023-04-06,98.93211364746094,99.1503561468769,98.61802717372771,99.1503561468769,5900
2023-04-10,99.49101257324219,99.5299177415146,98.70437381639233,98.70437381639233,6400
2023-04-11,100.28904724121094,100.7065575020532,99.63430520464881,99.63430520464881,5600
2023-04-12,99.93225860595703,100.8014496240537,99.86203528071225,100.58319987290379,7000
2023-04-13,100.56613159179688,100.69802838422699,99.83357916672318,99.83357916672318,4100
2023-04-14,100.10020446777344,100.82801491051849,99.65327283653926,100.28904005000577,475200
2023-04-17,100.70087432861328,100.70087432861328,100.07839878137496,100.26533039698782,9400
2023-04-18,100.84794616699219,101.18100744955075,100.58035908865611,101.18100744955075,6900
2023-04-19,100.57182312011719,100.73503807279216,100.37445211746568,100.45036571222062,6400
2023-04-20,100.49495697021484,100.74546603087586,100.24160277876055,100.60218147957676,5900
2023-04-21,100.47502899169922,100.53575407044818,100.13532183919372,100.53575407044818,6900
2023-04-24,100.60502624511719,100.74925916244476,100.28904300250329,100.74925916244476,4900
2023-04-25,99.11905670166016,99.948394222339,99.11905670166016,99.948394222339,3500
2023-04-26,98.1540298461914,99.02322092471172,97.90731429285317,98.99854864542604,4000
2023-04-27,99.54320526123047,99.58685231493244,98.49372130253734,98.49372130253734,3200
2023-04-28,100.43896484375,100.54524096673242,99.25473898235916,99.25473898235916,21600
2023-05-01,100.7160415649414,101.00071388455889,100.30801510123251,100.30801510123251,5900
2023-05-02,99.50526428222656,100.12773985278172,98.48235643135385,100.12773985278172,4500
2023-05-03,99.1124038696289,100.29852649726696,99.1124038696289,99.41605097272353,4600
2023-05-04,98.08760070800781,98.72336070727683,97.92154064215306,98.72336070727683,11600
2023-05-05,99.4758529663086,99.73110393795955,98.73286833956952,98.73286833956952,14100
2023-05-08,99.29269409179688,99.82407469770219,99.07445158845054,99.82407469770219,17800
2023-05-09,99.00613403320312,99.22628054977113,98.97008123131853,98.97008123131853,3100
2023-05-10,99.13138580322266,99.5678780610877,98.26788505605283,99.5678780610877,5400
2023-05-11,98.65693664550781,98.65693664550781,98.457668913189,98.48613469787483,3600
2023-05-12,98.76036834716797,98.76036834716797,98.21095408442979,98.72335993100377,3300
2023-05-15,98.98526000976562,99.25474383779162,98.61708706870367,98.77080376009836,5000
2023-05-16,97.79818725585938,98.54306851704402,97.79818725585938,98.54306851704402,5800
2023-05-17,98.64459228515625,98.73758388582114,97.69569426395361,98.08759105794289,3200
2023-05-18,99.31737518310547,99.33160807634701,98.36278676141512,98.85526224241671,2500
2023-05-19,98.98146057128906,99.5868580549765,98.77080506592772,99.5868580549765,20900
2023-05-22,98.92453002929688,99.03650366100223,98.59431387471123,98.81825389860349,4800
2023-05-23,97.91679382324219,98.75941576983382,97.91679382324219,98.4956222231132,2400
2023-05-24,96.84739685058594,97.76497685941146,96.75819874343668,97.76497685941146,4400
2023-05-25,96.846435546875,97.08176332065335,96.30366716000843,96.59783049699041,4200
2023-05-26,97.48030090332031,97.53723247028292,97.11971500717672,97.11971500717672,3800
2023-05-30,97.21461486816406,97.54673502012433,96.99637234263886,97.54673502012433,4300
2023-05-31,95.90702056884766,96.81606505735269,95.64892453199329,96.81606505735269,6400
2023-06-01,96.26856994628906,96.51717501479106,95.59674986032756,95.68688910633568,8800
2023-06-02,98.66642761230469,98.68540238891465,97.04380549071115,97.04380549071115,13800
2023-06-05,98.00694274902344,98.38175430937068,97.89781425616665,98.38175430937068,3500
2023-06-06,98.71102905273438,98.76132198716196,98.02118258250692,98.02118258250692,2000
2023-06-07,99.66276550292969,99.69123128738353,98.91313514106757,98.91313514106757,3800
2023-06-08,99.50144958496094,99.63429473210901,99.17882048508879,99.61531995659539,7400
2023-06-09,99.28795623779297,99.71211236290323,99.2167845354946,99.62481101431041,122700
2023-06-12,99.80509948730469,99.93130600041695,99.09342593341333,99.25473686814443,7900
2023-06-13,100.80239868164062,100.91341669193967,100.01386312899751,100.01386312899751,4800
2023-06-14,100.51583862304688,101.33284003428763,100.41240761844446,101.19999486494108,3400
2023-06-15,101.7361068725586,101.79020055116234,100.91436366177778,100.91436366177778,7400
2023-06-16,101.9259033203125,102.28363690728918,101.8167820519169,102.28174015333711,8600
2023-06-20,101.03453826904297,101.71044667465442,100.90964831711405,101.71044667465442,21000
2023-06-21,100.97734069824219,101.24331827486145,100.96208857272137,100.96208857272137,3200
2023-06-22,100.59600067138672,100.73804106942097,100.39961412894611,100.72851303821481,3700
2023-06-23,99.88196563720703,100.27092026457761,99.88196563720703,100.24232162226744,3600
2023-06-26,100.6636962890625,100.91346165155782,99.76566107335786,99.76566107335786,5500
2023-06-27,101.89823913574219,101.99642876705003,100.56643861651855,100.56643861651855,4300
2023-06-28,101.67230987548828,101.67230987548828,101.32720602172684,101.44351346831044,5500
2023-06-29,102.61418914794922,102.64469339404319,101.8343670798859,101.8343670798859,6600
2023-06-30,103.4836196899414,103.6075495467377,103.04508299261903,103.04508299261903,6000
2023-07-03,103.77915954589844,103.82682879683598,103.34063007583782,103.62662376154351,7400
2023-07-05,103.19763946533203,103.32156934699218,103.02604032817564,103.29297070301732,4400
2023-07-06,102.53983306884766,102.70190416012866,101.83818445309629,102.70190416012866,3500
2023-07-07,102.87349700927734,103.63615407439634,102.87349700927734,102.99742687311631,4700
2023-07-10,103.72195434570312,103.72195434570312,102.68282439570116,102.68282439570116,9500
2023-07-11,104.98035430908203,104.98988234070764,103.922160934113,103.922160934113,9900
2023-07-12,105.22917175292969,105.82881954219955,105.22917175292969,105.82881954219955,6300
2023-07-13,105.59713745117188,105.72393298675559,105.40933342866819,105.67626374220698,2600
2023-07-14,105.00037384033203,105.60001434774743,104.97653921388498,105.60001434774743,1400
2023-07-17,105.27778625488281,105.39028248498862,104.82781588107242,104.96128105353259,3900
2023-07-18,105.96704864501953,106.22921499282478,105.71822881540606,105.79068549890823,3200
2023-07-19,106.48660278320312,106.49613808791983,106.20442031402364,106.3245389695511,3700
2023-07-20,106.48088836669922,106.55333777358409,106.18440657040885,106.55333777358409,5500
2023-07-21,106.53142547607422,106.80121426112892,106.45515757646827,106.80121426112892,12800
2023-07-24,106.65438842773438,106.8374284532211,106.38173399574596,106.3912693002605,45200
2023-07-25,107.06336212158203,107.12533068846821,106.80119580780122,106.80119580780122,3800
2023-07-26,106.98995971679688,107.04906987834322,106.82027347724029,106.82027347724029,3500
2023-07-27,105.92318725585938,107.55432799461389,105.92318725585938,107.55432799461389,3200
2023-07-28,106.35503387451172,106.50089274864766,106.16246583064898,106.50089274864766,3400
2023-07-31,106.4742202758789,106.75355163834242,106.28641621103917,106.66774843347373,9300
2023-08-01,106.47135162353516,106.7154074226701,106.16247611699772,106.39127251912521,6400
2023-08-02,105.99946594238281,106.27688441523279,105.64768517950039,105.64768517950039,15800
2023-08-03,105.77159881591797,105.93366988931123,105.77159881591797,105.81926806220524,1600
2023-08-04,105.206298828125,106.27688598389553,105.206298828125,105.70488402540254,3200
2023-08-07,106.07477569580078,106.14341389453196,105.76208895195714,105.76208895195714,2000
2023-08-08,105.49800872802734,105.49800872802734,104.7372499623096,104.7372499623096,1900
2023-08-09,105.49610137939453,106.00041062322215,105.4760779669559,105.87361507326113,2700
2023-08-10,105.34261322021484,106.315003372762,105.27302222457878,105.86694587859729,3400
2023-08-11,105.41410827636719,105.57140807157532,105.41410827636719,105.41410827636719,67900
2023-08-14,105.31495666503906,105.31495666503906,105.1138061237086,105.14240476156336,2600
2023-08-15,103.9993896484375,104.42743104723976,103.926932962657,104.42743104723976,3300
2023-08-16,103.32823944091797,103.58850017590925,103.32823944091797,103.58850017590925,900
2023-08-17,102.42638397216797,103.65522358324472,102.42543116906974,103.65522358324472,3000
2023-08-18,102.63229370117188,102.730490602107,101.95829100390087,101.95829100390087,3600
2023-08-21,102.51885986328125,102.86396370115601,101.92970023211936,102.86396370115601,3400
2023-08-22,102.11178588867188,102.60655981623502,102.07269914115291,102.60655981623502,2700
2023-08-23,102.69141387939453,102.69998910771108,102.24906592709944,102.30149919337086,2100
2023-08-24,102.15850830078125,103.13089848337242,102.14897299579611,102.57796716714086,4000
2023-08-25,102.50837707519531,102.77530743068476,102.28243907620556,102.3777703069794,9500
2023-08-28,103.27674865722656,103.45501738755374,102.84488883952329,102.84488883952329,2800
2023-08-29,104.22818756103516,104.22818756103516,103.21670326850914,103.21670326850914,3500
2023-08-30,104.43029022216797,104.58663723370687,104.32256526925102,104.32256526925102,5400
2023-08-31,103.99365997314453,104.57042592549003,103.99365997314453,104.57042592549003,5400
2023-09-01,104.47317504882812,104.81827888538002,104.32826896773676,104.58948248961175,6800
2023-09-05,102.82869720458984,103.96982815205209,102.82869720458984,103.96982815205209,3600
2023-09-06,102.52076721191406,102.83536680846454,102.42829439389624,102.75909891718446,3500
2023-09-07,102.29197692871094,102.32057557132462,102.1775750849493,102.2252443381767,1800
2023-09-08,102.5102767944336,102.82582918701756,102.49216626181786,102.6637653766786,6600
2023-09-11,102.59322357177734,102.99743760431694,102.59322357177734,102.94976835070895,3400
2023-09-12,102.57795715332031,102.94022597432377,102.45402729383834,102.67424117702019,3900
2023-09-13,102.21761322021484,102.74003302552933,101.9325650546214,102.74003302552933,5000
2023-09-14,103.31394958496094,103.35017792913993,102.89162499055142,102.89162499055142,3400
2023-09-15,102.59893798828125,103.22622428515243,102.59893798828125,103.13089306023399,19200
2023-09-18,102.7081069946289,102.89099755558053,102.46967129766567,102.46967129766567,2700
2023-09-19,102.59033203125,102.93888636876687,102.25901180989749,102.89100489469256,5900
2023-09-20,102.45052337646484,103.4655536452704,102.45052337646484,103.20700537365788,4700
2023-09-21,101.14248657226562,102.07707394341928,101.14248657226562,102.07707394341928,5300
2023-09-22,100.88969421386719,101.43550946234548,100.88969421386719,101.2152648893124,8800
2023-09-25,101.30621337890625,101.44506525301207,100.91361310201616,100.91361310201616,4900
2023-09-26,99.857421875,100.70774543377037,99.85550778492166,100.70774543377037,5500
2023-09-27,100.0470199584961,100.43387799442962,99.55865670942524,100.35344238217671,4300
2023-09-28,100.854248046875,101.22482901555291,100.37259141436705,100.39173961976685,7200
2023-09-29,100.42908477783203,101.65573881483998,100.40131586229299,101.65573881483998,5700
2023-10-02,99.3537368774414,100.59283987164642,99.14690556719107,100.59283987164642,132400
2023-10-03,98.26114654541016,99.19477681332044,97.98057894253974,99.19477681332044,8800
2023-10-04,98.93049621582031,98.93049621582031,97.85227176250132,98.55320861296401,7400
2023-10-05,98.66429138183594,98.9745419985171,98.29466744559446,98.9745419985171,6000
2023-10-06,99.32404327392578,99.67355461785682,97.93269721264706,98.09356842757488,17200
2023-10-09,100.29598999023438,100.29598999023438,99.04157424931714,99.04157424931714,3000
2023-10-10,100.90403747558594,101.37803771939738,100.5928298433688,100.5928298433688,5800
2023-10-11,101.3397445678711,101.35219345891225,100.70870122194306,101.10035180869481,5800
2023-10-12,99.9052963256836,100.72689386414037,99.4954546014271,100.72689386414037,6100
2023-10-13,99.73580169677734,100.42046872888658,99.5203496929367,100.42046872888658,6900
2023-10-16,100.95669555664062,101.20566602458634,100.79391026462014,100.87051038071542,3100
2023-10-17,101.47859191894531,102.0196219072465,101.33016957312151,101.46422893745832,5000
2023-10-18,99.96371459960938,101.2631407047534,99.96084346442639,101.2631407047534,2900
2023-10-19,98.64129638671875,99.97519051284908,98.60394971822947,99.73101255883554,9000
2023-10-20,97.64543151855469,98.47659953476293,97.64543151855469,98.47659953476293,19700
2023-10-23,96.75392150878906,97.57647602108848,96.75392150878906,97.21642988925154,3300
2023-10-24,97.22312927246094,97.47114270695708,96.96076016461778,97.47114270695708,2300
2023-10-25,96.39100646972656,96.93490751245022,96.37951462510536,96.64763331397906,7800
2023-10-26,96.5595474243164,97.07376553468335,96.18800938804753,96.18800938804753,36100
2023-10-27,95.3836441040039,96.76254862702744,95.3836441040039,96.76254862702744,3800
2023-10-30,96.19184875488281,96.28377622261507,95.4880334178097,95.8385018658787,11800
2023-10-31,97.00386047363281,97.11685022936486,96.08267178361831,96.08267178361831,5700
2023-11-01,97.5257339477539,97.62436072178419,96.36994504711046,97.03067137624369,5800
2023-11-02,99.14593505859375,99.16604030703125,98.31380278841625,98.31380278841625,3700
2023-11-03,100.71731567382812,101.17120338189169,100.71731567382812,100.85424616108403,4000
2023-11-06,100.24044036865234,100.88009705514581,100.11882991130653,100.88009705514581,14200
2023-11-07,99.96849822998047,100.1715013501495,99.73101957362266,99.73101957362266,4100
2023-11-08,99.7635726928711,100.2308663353098,99.58738144520144,100.2308663353098,4800
2023-11-09,99.11051177978516,100.10447239836121,99.11051177978516,100.10447239836121,2700
2023-11-10,100.164794921875,100.18107929786828,99.3384121536024,99.3384121536024,7700
2023-11-13,100.0364761352539,100.12361105449199,99.83634416765032,100.09488509637644,5600
2023-11-14,102.70523071289062,102.91015522924938,101.50252470825333,101.50252470825333,2800
2023-11-15,103.0145263671875,103.62545709407736,102.94845373858814,103.04899459603885,6200
2023-11-16,102.43519592285156,103.31233128130127,102.19197500071544,103.13039045933569,4300
2023-11-17,102.83354187011719,102.95706641638809,102.75693444214247,102.83354187011719,6000
2023-11-20,103.07772827148438,103.322870599947,102.45052042814737,102.45052042814737,4000
2023-11-21,102.9407958984375,103.18785231238908,102.6899113045495,102.6899113045495,6300
2023-11-22,103.50767517089844,103.69057303275692,103.43202478705405,103.54214339986781,4500
2023-11-24,103.81792449951172,103.81792449951172,103.79781925047145,103.81026814013883,2300
2023-11-27,103.64078521728516,103.83900311857224,103.43394660526835,103.83900311857224,7300
2023-11-28,103.302734375,103.80067527785069,103.302734375,103.80067527785069,51600
2023-11-29,103.27114868164062,103.8772941572638,103.16868643314281,103.8772941572638,5200
2023-11-30,104.36949920654297,104.37524147662246,103.81027807994671,103.97306340044443,11700
2023-12-01,105.98394775390625,106.01267371206413,104.22201349479863,104.22201349479863,16800
2023-12-04,106.31048583984375,106.31048583984375,105.37110606853393,105.37110606853393,5500
2023-12-05,105.23226165771484,105.60667811332262,105.23226165771484,105.57220257665894,6600
2023-12-06,105.27535247802734,105.92745806055865,105.27535247802734,105.64880456370777,14800
2023-12-07,105.679443359375,105.75413669789955,105.45728473934436,105.45728473934436,6000
2023-12-08,105.9073486328125,106.00310426940928,105.5722002518804,105.62965217270111,5000
2023-12-11,106.67915344238281,106.69255937797644,106.08929227626334,106.08929227626334,18200
2023-12-12,106.70692443847656,106.97887864131025,106.62935995838293,106.6973539883567,3900
2023-12-13,108.6507797241211,108.7312226355209,106.67340076415357,106.84576382006632,12400
2023-12-14,110.01435852050781,110.2824771925063,109.6897449795566,109.80464880716401,5300
2023-12-15,109.1276626586914,110.04405881745359,108.87582101526488,110.04405881745359,6100
2023-12-18,109.25381469726562,109.77001991425563,109.13439425186333,109.77001991425563,9700
2023-12-19,110.05413055419922,110.0878339705357,109.48110634812787,109.48110634812787,13200
2023-12-20,108.48915100097656,110.34786464237891,108.4698856081112,109.5677778784116,41000
2023-12-21,109.56199645996094,109.56777166893653,108.84547377690517,109.41368527271878,33200
2023-12-22,109.9520492553711,110.26119196708834,109.69298775112317,110.13118362128986,9800
2023-12-26,110.45670318603516,110.71383963532033,109.94049786986959,110.13600268877975,5800
2023-12-27,110.3912124633789,110.66568923386316,110.36713439354068,110.6367911415001,5100
2023-12-28,110.5289077758789,110.66566854185453,110.44801076661702,110.56935628050985,4900
2023-12-29,110.20340728759766,110.45188090026329,110.02042278720363,110.43454057658316,10300
2024-01-02,110.37483215332031,110.665679340158,109.77002959445385,109.77002959445385,7600
2024-01-03,109.10166931152344,109.78929399716054,109.10166931152344,109.78929399716054,5400
2024-01-04,108.8580093383789,109.50037284407122,108.8580093383789,108.8743871279607,7600
2024-01-05,109.11995697021484,109.56777816297128,108.58545620452823,108.58545620452823,6500
2024-01-08,110.07627868652344,110.1456252857292,109.1440379080292,109.1440379080292,7000
2024-01-09,109.54660034179688,109.58223617709629,109.24997793539738,109.47147853146672,8000
2024-01-10,109.6602554321289,109.79894130773715,109.3270346032701,109.79894130773715,10900
2024-01-11,109.6852798461914,109.6852798461914,108.93409112643378,109.48111222465003,4200
2024-01-12,109.69105529785156,110.30934067966884,109.38480021158063,110.19377036580987,9700
2024-01-16,109.07083892822266,109.07083892822266,108.79733206704456,109.03809804671047,3600
2024-01-17,108.32831573486328,108.72028049917853,108.13666108573497,108.72028049917853,5100
2024-01-18,108.78578186035156,108.78578186035156,107.86316638581633,108.30617493747522,3300
2024-01-19,109.23456573486328,109.48110692468445,108.38321464163445,108.79733242191433,8000
2024-01-22,109.91834259033203,109.91834259033203,109.34628090389353,109.34628090389353,5600
2024-01-23,109.63134002685547,110.16487824706307,109.39346165795662,110.16487824706307,3600
2024-01-24,108.96780395507812,110.28045916962108,108.96780395507812,110.28045916962108,4800
2024-01-25,109.83455657958984,110.00117064776094,109.41370102319962,109.63520162732232,3600
2024-01-26,110.11190795898438,110.47305691438089,110.00212020484345,110.22265824797957,3700
2024-01-29,110.55684661865234,110.5789996165083,109.83744362691888,110.3574916807327,5100
2024-01-30,110.91606903076172,111.07497545802346,110.36231022015417,110.39601363633994,11400
2024-01-31,109.73535919189453,110.87948257625968,109.702618309246,110.8101359760719,5200
2024-02-01,110.78125,110.78125,109.99153781921021,109.99153781921021,7000
2024-02-02,110.63005065917969,110.63005065917969,109.91449041221176,110.21304524514683,2800
2024-02-05,109.58705139160156,110.00116919775823,109.26923851412423,110.00116919775823,9200
2024-02-06,110.03197479248047,110.13598733873599,109.75076031220092,109.75076031220092,9600
2024-02-07,110.38639831542969,110.61753161808271,110.37676561810387,110.42492175713772,3900
2024-02-08,110.82072448730469,110.82939464870108,110.3671207467907,110.47305836290361,4500
2024-02-09,111.30610656738281,111.33018463424247,110.67530089266951,110.9160668660773,4500
2024-02-12,112.01299285888672,112.28361209935991,111.3494463255682,111.3494463255682,14500
2024-02-13,110.17932891845703,111.01237716952063,109.62557009180208,111.01237716952063,11000
2024-02-14,111.13275146484375,111.21461835924877,110.3767501515942,110.73308642676562,6300
2024-02-15,112.52824401855469,112.63032415188755,111.55169724817598,111.55169724817598,7000
2024-02-16,112.02262115478516,112.74588155742619,112.02262115478516,112.08136516777967,5100
2024-02-20,111.6769027709961,111.96100489320229,111.47466020870039,111.47466020870039,7800
2024-02-21,112.19405364990234,112.19405364990234,111.67688588107947,111.67688588107947,7000
2024-02-22,113.33048248291016,113.40078427285505,112.51476716977234,112.72664242216062,9700
2024-02-23,113.92082214355469,113.98823631823093,113.46818096461675,113.74747035901663,6100
2024-02-26,113.59627532958984,114.05565426740085,113.50767069097142,113.95934935004686,6900
2024-02-27,113.87845611572266,113.91697955346113,113.57412610090486,113.91697955346113,39300
2024-02-28,113.78791809082031,114.04601702245688,113.78791809082031,113.94971210894418,9100
2024-02-29,114.3927230834961,114.52755143487258,113.94104443258787,114.52755143487258,5500
2024-03-01,114.7972183227539,114.83574176193568,114.26753756609276,114.52756159607627,15500
2024-03-04,115.25949096679688,115.56767112923772,114.92242006218886,114.92242006218886,18300
2024-03-05,114.88581848144531,115.41839416963442,114.61037920846896,115.41839416963442,3800
2024-03-06,115.39143371582031,115.76028297366032,115.1737832633156,115.72176688183568,7600
2024-03-07,116.40457916259766,116.41516704669941,116.05883808944816,116.05883808944816,5200
2024-03-08,116.2138900756836,116.8678113344933,116.2138900756836,116.8678113344933,5200
2024-03-11,116.25336456298828,116.34774441129228,115.60137578609019,115.60137578609019,6500
2024-03-12,116.51148223876953,116.63667790964423,116.26782129402234,116.26782129402234,5300
2024-03-13,116.9804916381836,117.3608986656897,116.81966013479223,116.81966013479223,3200
2024-03-14,116.01068115234375,116.68483031786423,115.41069126059247,116.5644473255493,3300
2024-03-15,116.03958129882812,116.20330776581697,115.75066650241524,115.75066650241524,8700
2024-03-18,116.01154327392578,116.4446439328939,116.00961084251145,116.09661451031097,5100
2024-03-19,116.96958923339844,116.96958923339844,116.30350518788465,116.60899899885528,14800
2024-03-20,117.86575317382812,117.86575317382812,116.81200283547783,116.81200283547783,18900
2024-03-21,118.77932739257812,118.87116950622145,118.30079251198234,118.30079251198234,7500
2024-03-22,118.18284606933594,118.90016895960837,118.18284606933594,118.90016895960837,6200
2024-03-25,117.82998657226562,118.33946247635316,117.82998657226562,117.86575130131261,7800
2024-03-26,117.76231384277344,118.2717823678893,117.76231384277344,118.23311899225365,4600
2024-03-27,119.39514923095703,119.39514923095703,117.87542478396227,117.87542478396227,9000
2024-03-28,120.04867553710938,120.15695069769049,119.62523705148529,119.84372717967972,63000
2024-04-01,119.2975082397461,120.08927400826103,119.18052976703447,120.08927400826103,7800
2024-04-02,118.20508575439453,118.54247939832862,117.82708155162211,118.54247939832862,4300
2024-04-03,118.44290924072266,118.60049090725491,118.15288964279547,118.38780544335957,8000
2024-04-04,117.57670593261719,119.39225469468765,117.41138716764968,119.12253300663122,11900
2024-04-05,118.2282943725586,118.31046696285986,117.58540688593895,117.58540688593895,49600
2024-04-08,118.2882308959961,118.76483337179637,118.22345756747342,118.22345756747342,34800
2024-04-09,118.29113006591797,118.71650098587614,117.54673095599115,118.71650098587614,62400
2024-04-10,116.40599060058594,117.034370146333,116.15463435687128,116.68634069371056,9200
2024-04-11,116.26483154296875,116.82167419184498,115.74085497941238,116.82167419184498,8000
2024-04-12,114.59234619140625,115.82591588333536,114.41833149621299,115.72924269171504,8900
2024-04-15,113.77642059326172,115.27487354112561,113.54439607657838,115.27487354112561,17200
2024-04-16,113.09003448486328,113.72808348433077,112.9643526908937,113.72808348433077,5600
2024-04-17,112.74201202392578,113.56374531094963,112.61536400648149,113.56374531094963,6400
2024-04-18,112.71300506591797,113.48640545066627,112.47131836764571,112.89668931682654,7000
2024-04-19,113.2495346069336,113.49509351086084,112.68398869408618,112.68398869408618,12000
2024-04-22,113.902099609375,114.30040174098234,113.47672868729695,113.55407019598245,9400
2024-04-23,114.64552307128906,114.9268467191307,114.01810982333015,114.01810982333015,4900
2024-04-24,114.81084442138672,114.81084442138672,114.25592683851148,114.60782849192954,2800
2024-04-25,114.24432373046875,114.43863632856818,113.56759664038637,114.06643679780746,6000
2024-04-26,114.19696044921875,114.56916001513599,114.19212937069238,114.28880257106647,5200
2024-04-29,114.98001861572266,115.13953270937368,114.40480313804865,114.40480313804865,15600
2024-04-30,113.27371978759766,115.01386696253954,113.22538687343925,115.01386696253954,16400
2024-05-01,112.81644439697266,114.00844479472366,112.62599664389536,113.2157127528587,10700
2024-05-02,113.53279876708984,113.70874589382355,112.67336103712162,113.03975590057263,5200
2024-05-03,114.25787353515625,114.65616831690643,113.9040394290304,114.57882680320424,4300
2024-05-06,115.16177368164062,115.16853719151344,114.93652003767579,114.93652003767579,18700
2024-05-07,115.60163116455078,115.87425147155284,115.51655256379138,115.51655256379138,12100
2024-05-08,115.53106689453125,115.59390779306278,115.20720762063206,115.20720762063206,5100
2024-05-09,116.63798522949219,116.63798522949219,116.0869399319796,116.0869399319796,7300
2024-05-10,116.8381118774414,116.9763544768,116.61575688395779,116.77333854832828,5100
2024-05-13,116.62832641601562,117.60474269105805,116.62832641601562,117.31471571805382,11400
2024-05-14,116.93767547607422,117.33404514825209,116.46783653883189,117.33404514825209,5600
2024-05-15,117.52739715576172,117.83675580771316,117.38238367422684,117.83675580771316,18300
2024-05-16,117.45877075195312,117.65308337869617,117.42106621037368,117.62408215461745,5400
2024-05-17,117.49161529541016,117.50805571164062,117.22769830413235,117.41137514818219,6500
2024-05-20,117.47422790527344,117.83096063372592,117.41138700781624,117.566070024421,7200
2024-05-21,117.22093200683594,117.22093200683594,116.89900518974615,117.05368819678002,2300
2024-05-22,116.63798522949219,117.42104765867018,116.47364006854968,117.42104765867018,8100
2024-05-23,115.48755645751953,117.00534843628967,115.390883265537,117.00534843628967,6700
2024-05-24,116.08694458007812,116.22228852694306,115.83558837488957,115.83558837488957,7000
2024-05-28,114.92684936523438,116.60899399702858,114.791505412197,116.60899399702858,8000
2024-05-29,113.53665924072266,114.11863817588348,113.42838408999506,114.11863817588348,22900
2024-05-30,114.37580108642578,114.55948532184684,113.72808255983544,113.72808255983544,5200
2024-05-31,116.08985137939453,116.08985137939453,114.607831369303,115.00419370561565,11900
2024-06-03,115.44599151611328,116.51231006733954,114.80696893248926,116.51231006733954,7300
2024-06-04,114.75379943847656,115.27487733900112,114.59332650390357,115.27487733900112,5600
2024-06-05,115.38605499267578,115.41021775949004,114.49181134979025,115.13952986508134,4600
2024-06-06,115.05252075195312,115.50591926576068,114.714160899973,115.06218290794428,6500
2024-06-07,114.68903350830078,115.0331906807785,114.54981731853809,114.54981731853809,2700
2024-06-10,114.9229736328125,115.06218243542934,114.45313470436624,114.45313470436624,3900
2024-06-11,114.53048706054688,114.6464919484912,114.28880037640651,114.6464919484912,3900
2024-06-12,115.32321166992188,116.13527533605527,115.03318471733607,115.9515984833966,9100
2024-06-13,115.21009826660156,115.24587037184942,114.44346886052699,115.16852886759602,2800
2024-06-14,114.15538024902344,114.42413570351611,113.70390678382363,114.42413570351611,2900
2024-06-17,115.28357696533203,115.30387486953794,113.89242558234236,113.89242558234236,4200
2024-06-18,115.6451416015625,115.78724905911413,115.25554279932075,115.45855872131735,7200
2024-06-20,115.5736083984375,116.11595042312946,115.46823188367809,115.46823188367809,6100
2024-06-21,115.67124938964844,115.9709385200537,114.70450264569098,115.9709385200537,7200
2024-06-24,116.48788452148438,116.81610092123938,115.74795112288089,115.74795112288089,2500
2024-06-25,115.34011840820312,116.22376827533789,115.07794089430232,116.22376827533789,17700
2024-06-26,114.96334838867188,115.03909234189884,114.62348592248576,115.03909234189884,7100
2024-06-27,114.69923400878906,114.73807649324515,114.24284407698808,114.72836402001953,9700
2024-06-28,114.77302551269531,115.09249993542585,114.45938153707397,115.08763999476051,5400
2024-07-01,113.84278106689453,114.68952950661577,113.7379070924189,114.68952950661577,7400
2024-07-02,113.98745727539062,113.99425082056698,113.53397887431159,113.72819129175758,5500
2024-07-03,113.88258361816406,114.1564146077888,113.84471164102642,114.06125311593962,2100
2024-07-05,113.59225463867188,113.65051466395744,112.97855372633651,113.65051466395744,5200
2024-07-08,113.78646087646484,114.13603584880303,113.58836641655404,114.06320340797193,7200
2024-07-09,113.49417114257812,114.09718905838312,113.44756460529953,113.6699291286531,5000
2024-07-10,114.51764678955078,114.51764678955078,113.75344331035052,113.76703780963152,5700
2024-07-11,116.38107299804688,116.38884445852514,114.99054461437969,114.99054461437969,5400
2024-07-12,117.35697174072266,117.87453322340586,116.87436330874442,116.87436330874442,4300
2024-07-15,117.47737884521484,118.05903078701748,117.47737884521484,117.59292838332743,6200
2024-07-16,119.94576263427734,119.94576263427734,118.01047640363075,118.01047640363075,3800
2024-07-17,120.05548858642578,120.38952802513457,119.25340573093455,119.25340573093455,10900
2024-07-18,119.11746215820312,120.69054945536281,119.11746215820312,120.6614194438602,4500
2024-07-19,118.0949478149414,119.55442648704764,118.0949478149414,119.55442648704764,2100
2024-07-22,119.07376861572266,119.07376861572266,118.45715620030984,118.45715620030984,5000
2024-07-23,118.56396484375,118.90382731139658,118.56396484375,118.69020476633742,4600
2024-07-24,117.73956298828125,118.69506741335108,117.73956298828125,118.06874250461486,6300
2024-07-25,118.7620620727539,119.35439699103004,118.67078260545921,118.83585760669779,6200
2024-07-26,120.75269317626953,121.07896857157733,119.67095625906799,119.67095625906799,2500
2024-07-29,120.99059295654297,121.25957140905378,120.6827720211359,120.91387849718942,9100
2024-07-30,122.0033950805664,122.08885151211258,121.19063662927584,121.19063662927584,5300
2024-07-31,121.78395080566406,122.44814031642557,121.78395080566406,122.44814031642557,6900
2024-08-01,121.11781311035156,121.75869560848777,120.90127162193996,121.75869560848777,3600
2024-08-02,119.77971649169922,120.12540943769045,118.63680799075597,120.04966547729839,4900
2024-08-05,117.09769439697266,118.04931672953059,116.81220991973915,117.46669428907194,13800
2024-08-06,117.90365600585938,119.30098524460219,117.5346635324134,117.5346635324134,7300
2024-08-07,117.13460540771484,119.39518925460177,117.13460540771484,119.39518925460177,3100
2024-08-08,118.73876190185547,118.73876190185547,118.16585189705407,118.47464336643449,3900
2024-08-09,118.7746810913086,118.7746810913086,118.32120270168173,118.66106516307156,2800
2024-08-12,117.97261047363281,118.47658488348146,117.97261047363281,118.27266738556028,2400
2024-08-13,119.24079132080078,119.24079132080078,118.5494128239655,118.73876532014128,3200
2024-08-14,119.52627563476562,119.54472266655497,119.22427772156836,119.36022271487543,6400
2024-08-15,120.73908996582031,120.91387743309218,120.14676248009201,120.72938490151623,7700
2024-08-16,121.0333251953125,121.13722865848489,120.33126375591628,120.33126375591628,1800
2024-08-19,121.75092315673828,121.77811215422858,121.19548231264103,121.19548231264103,3700
2024-08-20,121.44893646240234,121.99174595584215,121.37999345586546,121.99174595584215,5800
2024-08-21,122.64331817626953,122.64331817626953,121.8266702658519,122.20149322451789,7000
2024-08-22,122.23645782470703,122.66079885632219,122.1276944131853,122.4568813505572,8200
2024-08-23,123.6764907836914,123.6764907836914,122.71031085588831,122.71031085588831,3400
2024-08-26,123.76777648925781,124.56499943178078,123.76777648925781,123.88527445290816,3900
2024-08-27,123.62793731689453,123.72989234948164,123.3997423660336,123.3997423660336,3100
2024-08-28,123.57162475585938,123.96295370602577,123.04046138188488,123.44829635039535,5000
2024-08-29,123.7784652709961,124.4290602681895,123.53764629335177,123.55512281978575,4400
2024-08-30,124.56111907958984,124.56111907958984,123.50657113743367,123.95324861647335,4500
2024-09-03,123.38421630859375,124.24261077639586,123.38421630859375,124.15716175474493,6600
2024-09-04,123.27642822265625,123.67163920002052,122.92685327462058,123.34148178978847,6800
2024-09-05,122.40928649902344,122.59572746230226,122.01407551487529,122.59378644933321,9100
2024-09-06,121.30327606201172,122.23450299373296,121.30327606201172,122.23450299373296,3300
2024-09-09,121.97038269042969,122.49668614391454,121.63246121657932,121.63246121657932,2500
2024-09-10,122.07913208007812,122.17138205189944,121.43824221802237,121.49845066011937,2900
2024-09-11,121.71111297607422,121.71111297607422,120.70026010490699,121.68100505009306,2000
2024-09-12,122.44812774658203,122.44812774658203,121.69071782330496,121.91891278845208,106400
2024-09-13,123.76972198486328,123.78817642610245,122.96667597420021,122.98221148735901,2200
2024-09-16,124.6456069946289,124.74173900100583,124.27854808680287,124.36593812589211,2900
2024-09-17,124.53004455566406,125.30298259878673,124.42905261259915,125.17675748684864,3200
2024-09-18,124.35719299316406,124.90486982134871,124.28339745593024,124.90486982134871,3900
2024-09-19,125.18646240234375,125.235017360828,124.90388943522352,125.19616746728339,10000
2024-09-20,124.47372436523438,124.6621063417537,124.4193463682369,124.58442137220118,4300
2024-09-23,125.31734466552734,125.31734466552734,124.7575302268059,124.7575302268059,3600
2024-09-24,125.4821548461914,125.80108150211677,125.38560330199637,125.46460949005609,5200
2024-09-25,124.63170623779297,125.82056397585428,124.63073149588125,125.82056397585428,7200
2024-09-26,125.90836334228516,125.90836334228516,125.53775303558514,125.6986673162769,7100
2024-09-27,126.38233947753906,126.98603961153717,126.27895729914567,126.81536303114363,3800
2024-09-30,126.58324432373047,126.58324432373047,126.07414629380908,126.33746054523932,2600
2024-10-01,126.13461303710938,126.43499725157459,125.64990586597506,126.06438697280116,6200
2024-10-02,125.69670104980469,125.89175359724102,125.53773627436296,125.53773627436296,7200
2024-10-03,125.04035949707031,125.19639261787952,124.9038212153894,124.9184497855139,6400
2024-10-04,125.61089324951172,125.61089324951172,125.09887839470004,125.42462079884388,5500
2024-10-07,124.26598358154297,124.72826425818373,123.94803912312068,124.72826425818373,5500
2024-10-08,124.723388671875,124.7477721021248,124.22891919557946,124.50395268118322,3700
2024-10-09,125.41194152832031,125.66454107877178,124.72826791295026,124.72826791295026,4300
2024-10-10,124.75460052490234,125.22565389186198,124.40642417473344,125.0110916019154,6800
2024-10-11,125.9161605834961,125.9161605834961,125.7562136049212,125.7562136049212,900
2024-10-14,126.7626953125,126.7626953125,125.70354513385335,125.70354513385335,3000
2024-10-15,126.74710083007812,127.89695411157325,126.74710083007812,126.8709600307962,5500
2024-10-16,127.5312271118164,127.69310869395385,127.26399898436264,127.28349382464579,3600
2024-10-17,127.43370056152344,127.94669763945518,127.21913825386447,127.94669763945518,4700
2024-10-18,127.70382690429688,127.70382690429688,127.3556580168349,127.60532588420322,2800
2024-10-21,126.43695068359375,127.52730746818146,126.41939044657927,127.52730746818146,9100
2024-10-22,125.59236145019531,125.8400798418728,125.3719507149355,125.8400798418728,2700
2024-10-23,125.31149291992188,125.37195668739346,125.01987392229121,125.37195668739346,4000
2024-10-24,125.45972442626953,125.67916786435438,125.23833150423043,125.5767529897511,12500
2024-10-25,124.57710266113281,125.98637125642311,124.57710266113281,125.8303381280731,8900
2024-10-28,125.43047332763672,125.60601618131534,124.9720915898435,124.9720915898435,3300
2024-10-29,125.00524139404297,125.4148562468534,125.00524139404297,125.33293327629131,2000
2024-10-30,125.0725326538086,125.69086132617693,125.0725326538086,125.69086132617693,3300
2024-10-31,124.37716674804688,125.4138904194868,124.37716674804688,125.05985817742041,6000
2024-11-01,124.4288558959961,125.26467109353501,124.42690641205378,125.26467109353501,6200
2024-11-04,124.58002471923828,124.68438163802836,124.26988562960626,124.26988562960626,4500
2024-11-05,126.17166900634766,126.17166900634766,124.52345478286843,124.52345478286843,3400
2024-11-06,128.95999145507812,128.95999145507812,128.17098624526886,128.7756536227179,4900
2024-11-07,129.0380401611328,129.4583846682667,129.0380401611328,129.36085093252515,5800
2024-11-08,129.5988006591797,130.00451652749453,129.0682434154002,129.0682434154002,3200
2024-11-11,130.31954956054688,130.97883236841975,130.31954956054688,130.5799470724461,4800
2024-11-12,129.56857299804688,130.0922996546385,129.39009847775864,130.0922996546385,3000
2024-11-13,129.43980407714844,130.0532663906786,129.43980407714844,129.98498981948106,4700
2024-11-14,128.0939483642578,128.76591015791274,128.0939483642578,128.66057850234537,4200
2024-11-15,127.22496795654297,128.28801703592245,127.12744911933417,128.28801703592245,4500
2024-11-18,127.47075653076172,127.85892710032829,127.28350188128863,127.28350188128863,4900
2024-11-19,127.00846099853516,127.26984065998685,126.63005277538588,126.63981507656513,4800
2024-11-20,127.51853942871094,127.51853942871094,126.71782240156215,126.71782240156215,3100
2024-11-21,129.33059692382812,129.3998408086142,128.10273453616125,128.10273453616125,4200
2024-11-22,130.4453582763672,130.4453582763672,129.67294586011084,129.67294586011084,3700
2024-11-25,131.87899780273438,132.44172897306265,131.42841404076265,131.42841404076265,2800
2024-11-26,131.8663330078125,131.8663330078125,131.1943711413405,131.1943711413405,1900
2024-11-27,131.9170379638672,132.3256706275925,131.78927980012918,132.3256706275925,4100
2024-11-29,132.07308959960938,132.38420343124287,132.07308959960938,132.38420343124287,800
2024-12-02,131.56495666503906,131.76977153130588,131.20605815964365,131.20605815964365,4900
2024-12-03,130.98468017578125,131.95509172394685,130.96030418295976,131.95509172394685,3500
2024-12-04,130.8910369873047,131.1836232568625,130.6755074139358,130.8627471496347,4700
2024-12-05,130.1898193359375,131.10656782981104,130.1800570352057,131.10656782981104,116400
2024-12-06,129.8767547607422,130.8725094255586,129.79678127962185,130.8725094255586,2500
2024-12-09,129.43299865722656,130.34584815333528,129.43299865722656,130.34584815333528,3400
2024-12-10,128.52406311035156,129.0048713988159,128.08225938792344,128.08225938792344,4200
2024-12-11,128.3367919921875,129.34132685630746,128.3367919921875,129.1462742880277,5600
2024-12-12,128.20513916015625,128.6147540317596,128.20513916015625,128.4635871701521,2400
2024-12-13,127.59947204589844,128.59036041967894,127.45903480652971,128.59036041967894,4300
2024-12-16,127.03675079345703,128.18074069938777,126.99091559891193,127.32250644464382,11900
2024-12-17,126.00101470947266,126.69833472170573,125.67429011882481,126.69833472170573,416400
2024-12-18,122.81672668457031,126.32772507724505,122.81672668457031,126.32772507724505,419300
2024-12-19,122.58655548095703,123.29460506737536,122.58655548095703,123.29460506737536,28700
2024-12-20,123.77250671386719,124.52249258898038,121.90972258125176,121.93897972414662,6100
2024-12-23,123.91089630126953,123.91089630126953,123.03236989371305,123.48390745417005,4200
2024-12-24,124.61370849609375,124.61370849609375,124.16119737994174,124.27899076247112,4000
2024-12-26,125.02107238769531,125.02107238769531,124.38696967502632,124.38696967502632,6900
2024-12-27,124.13764953613281,125.21150225190696,123.87654048689588,124.5243928826794,6200
2024-12-30,123.08832550048828,124.01395726667937,122.34035362417868,124.01395726667937,4800
2024-12-31,123.15998840332031,123.51336108654915,122.84588018366475,123.51336108654915,3200
2025-01-02,122.78894805908203,124.15139422632824,122.61029961948144,123.7882035587403,8900
2025-01-03,123.62427520751953,123.884395716554,123.18943046297278,123.18943046297278,7300
2025-01-06,123.34354400634766,124.58329156662482,123.34354400634766,124.3182657945603,4600
2025-01-07,123.1423110961914,124.43603873489589,123.12071302201558,123.38573876647071,8600
2025-01-08,123.54377746582031,123.54377746582031,122.34525659630341,122.35507458354364,7700
2025-01-10,122.00072479248047,122.60930522013858,121.87410195985048,122.31581404372686,8200
2025-01-13,123.08832550048828,123.08832550048828,121.19680147963487,121.65814953242158,10100
2025-01-14,124.1994857788086,124.41641762754405,123.71949026968271,123.71949026968271,2900
2025-01-15,124.93077087402344,125.98696468053382,124.86107888795351,125.98696468053382,2300
2025-01-16,126.09198760986328,126.09198760986328,124.89444774883732,125.09371320536344,2900
2025-01-17,126.40609741210938,126.8252378913921,126.35996559835185,126.54646993111444,4400
2025-01-21,127.95503997802734,127.96191481607791,126.98817413776949,126.98817413776949,6000
2025-01-22,127.25614929199219,128.2053411915428,127.18449521143027,128.2053411915428,4700
2025-01-23,127.33075714111328,127.43579688577132,126.65444677033197,126.65444677033197,5900
2025-01-24,127.4848861694336,127.67040197537158,127.21886435211853,127.35138848024215,2700
2025-01-27,128.16314697265625,128.1759081104106,126.99800417095695,126.99800417095695,4400
2025-01-28,127.3160171508789,127.45934029138647,127.2060796598845,127.32584262691329,3500
2025-01-29,126.74768829345703,127.59676822855626,126.55824831358201,127.42007440798497,5600
2025-01-30,127.92068481445312,128.26423197544142,126.880187900005,126.880187900005,5100
2025-01-31,127.10204315185547,128.11995359990001,127.0863463529627,128.0777459860834,7900
2025-02-03,126.50720977783203,126.81641274513285,125.14279401985141,125.51580267600622,6300
2025-02-04,126.54154205322266,126.84584723113795,126.05958448001016,126.05958448001016,6400
2025-02-05,127.16583251953125,127.38080973860536,126.63774314517643,126.63774314517643,14300
2025-02-06,126.82130432128906,127.33468546788747,126.52192684555652,127.33468546788747,3300
2025-02-07,126.09100341796875,127.10597817195303,126.03603466791898,127.10597817195303,4800
2025-02-10,126.18720245361328,126.7722227108664,126.01934556984678,126.7722227108664,4100
2025-02-11,126.24512481689453,126.24512481689453,125.59432178053424,125.98696640547233,3200
2025-02-12,125.63751983642578,125.96144604021316,124.97592524121634,124.97592524121634,4600
2025-02-13,126.75456237792969,126.76241077679626,126.07530142946035,126.21272329892754,3900
2025-02-14,126.45125579833984,127.2139584680284,126.44340739884814,127.2139584680284,3700
2025-02-18,127.02743530273438,127.08632824591433,126.34032600253596,126.51700483207581,4000
2025-02-19,127.36610412597656,127.45149291546468,126.66425650509878,126.66425650509878,3300
2025-02-20,127.18154907226562,127.2041207075555,126.61418772868178,126.94400020982529,5100
2025-02-21,125.87407684326172,126.42082867338071,125.61395633499752,126.42082867338071,6100
2025-02-24,126.28045654296875,126.72315717554511,126.15383370750504,126.15383370750504,6800
2025-02-25,127.07357025146484,127.16486030679458,126.48068665012403,126.70351226999942,3800
2025-02-26,126.19113159179688,127.37099762903411,125.99775242599637,127.37099762903411,4700
2025-02-27,125.57762908935547,126.62498591102784,125.57762908935547,126.10965765718512,5500
2025-02-28,126.74668884277344,126.74668884277344,125.34891008566996,125.93786946638878,6100
2025-03-03,125.88095092773438,127.42007589285221,125.33911183919697,127.42007589285221,7100
2025-03-04,124.15531921386719,126.01641583730917,123.87654377029833,126.01641583730917,7700
2025-03-05,125.02107238769531,125.29002983316482,123.87653915856168,123.87653915856168,9000
2025-03-06,124.49494934082031,124.7109001445019,123.82648739267844,123.88636139307496,7600
2025-03-07,125.95357513427734,126.04585373150496,123.73911346871904,124.0434111672379,14500
2025-03-10,125.04168701171875,125.93787980349339,124.91702627909893,125.02500167516482,5800
2025-03-11,123.14427185058594,124.92683188790082,122.99310779979652,124.92683188790082,10900
2025-03-12,121.8063735961914,123.38574407160141,121.78575657096165,123.38574407160141,4900
2025-03-13,120.85128784179688,122.09987234138954,120.67657108610786,122.09987234138954,5000
2025-03-14,122.80661010742188,122.80661010742188,121.70232239503402,121.77593858028773,5200
2025-03-17,124.1513900756836,124.60095805384846,122.70845293052705,122.70845293052705,7100
2025-03-18,123.83041381835938,123.8372886568024,123.6125009109351,123.72931325302059,10800
2025-03-19,124.32218170166016,124.70107664125815,123.44856802644443,123.94524886180076,4500
2025-03-20,123.814697265625,124.53322265677687,123.63702988973581,123.92561580821034,4600
2025-03-21,123.06673431396484,123.23851540329535,122.56514072249313,122.94403567556608,2500
2025-03-24,124.79248046875,124.79248046875,124.02569740889378,124.02569740889378,2500
2025-03-25,124.41303253173828,125.0112757921402,124.35587007239218,124.71560556536463,6100
2025-03-26,124.88611602783203,125.36609423651163,124.67618947641711,124.67618947641711,4900
2025-03-27,125.12266540527344,125.52379522058514,124.72547575460807,125.38581426398166,6500
2025-03-28,123.97248077392578,123.98627886847689,123.60190230321088,123.60190230321088,2400
2025-03-31,124.96398162841797,125.56321749898783,123.62161868591268,123.69060916315605,7700
2025-04-01,125.01128387451172,125.09999021185774,124.12426561743908,124.96200925989542,26500
2025-04-02,126.10725402832031,126.15455855893458,124.41008086239678,124.41008086239678,2400
2025-04-03,122.07327270507812,123.63148001181976,122.07327270507812,122.87257722190442,3000
2025-04-04,116.07106018066406,119.7482711762687,116.07106018066406,119.53144182782535,13100
2025-04-07,114.13735961914062,115.83551796195628,111.52852695414389,113.26314685907874,22200
2025-04-08,112.51410675048828,116.73633899722195,111.79462818535661,116.73633899722195,48000
2025-04-09,119.05343627929688,119.05343627929688,111.56793598891629,111.56793598891629,11600
2025-04-10,116.7195816040039,117.07734703178244,114.5739665590463,117.07734703178244,6900
2025-04-11,118.50151824951172,118.58430682260506,116.05135997525225,116.20018390246963,6100
2025-04-14,119.98184967041016,120.14250159412589,119.41711285418054,119.56100404127271,7900
2025-04-15,119.40135192871094,120.05380255428452,119.21605892872955,119.72856604230519,5900
2025-04-16,118.20978546142578,119.40332445595948,117.46172567781993,118.92039112394544,2500
2025-04-17,118.92137908935547,119.60044089425953,117.7376904770023,118.06293452303721,10400
2025-04-21,116.58258819580078,118.3191856348397,115.56940947612249,118.3191856348397,2800
2025-04-22,119.26534271240234,119.26534271240234,117.56028164624344,117.56028164624344,5400
2025-04-23,119.83500671386719,121.73915138906945,119.3047688444256,121.2660759832318,5300
2025-04-24,121.00292205810547,121.05811443711936,119.6201499400701,119.6201499400701,3000
2025-04-25,120.60375213623047,120.60572973777764,120.31005198858496,120.52688133540659,3000
2025-04-28,121.25325775146484,121.2808539409503,120.32976292540035,120.73385535672149,3600
2025-04-29,121.91557312011719,122.1136791824772,120.82749365675721,120.82749365675721,4400
2025-04-30,122.42906188964844,122.42906188964844,121.12809326347023,121.12809326347023,3300
2025-05-01,121.99540710449219,122.95142338320075,121.95598290007761,121.95598290007761,3600
2025-05-02,123.73889923095703,123.98627989384026,123.14852876422701,123.18795296604155,5900
2025-05-05,123.61273956298828,124.29180884856851,123.02040652971036,123.28651049440268,3600
2025-05-06,122.93663787841797,123.38507973567279,122.65574324714913,123.30623132836246,5100
2025-05-07,123.42745208740234,123.90743027269679,123.0204045390795,123.48362950660172,5600
2025-05-08,123.80394744873047,124.90287738407494,123.79902224306181,124.1636904862871,5400
2025-05-09,123.70439910888672,123.95670497492667,123.51319586749482,123.69060101434707,2800
2025-05-12,125.72386932373047,126.53894199560372,124.95215350105849,126.53894199560372,28000
2025-05-13,125.1936264038086,126.37139726426403,125.1936264038086,125.79975757382253,14800
2025-05-14,124.28392028808594,124.5273607867589,123.9567061802789,124.00598831242723,3400
2025-05-15,125.96237182617188,126.00672123405616,124.4002244645995,124.4002244645995,5300
2025-05-16,127.56196594238281,127.56196594238281,126.00672138606177,126.00672138606177,2800
2025-05-19,127.73051452636719,127.8793384569195,126.61779397042895,126.61779397042895,3500
2025-05-20,127.60730743408203,128.1848573344143,127.51466845413081,127.64278395254063,8300
2025-05-21,125.3266830444336,126.63750966545213,125.32175031917524,126.63750966545213,3300
2025-05-22,124.74419403076172,125.39566714343648,124.44950130855997,124.90287588416233,2600
2025-05-23,124.46723937988281,124.71363499426178,123.6925685003612,123.83646720862446,2800
2025-05-27,126.29450988769531,126.38123862039278,125.05070376131361,125.6617676127667,9100
2025-05-28,125.03887939453125,126.5783558014849,125.03887939453125,126.00672365473339,5000
2025-05-29,125.38876342773438,125.47450712110582,124.86246573533289,125.47450712110582,4200
2025-05-30,125.69527435302734,125.69527435302734,125.08224793729916,125.36609016114073,4000
2025-06-02,125.40453338623047,125.4745089033618,124.69886044874669,124.69886044874669,3100
2025-06-03,126.33395385742188,126.42068259852789,125.70120400174908,125.8391849623261,4700
2025-06-04,125.82241821289062,126.55864995012926,125.82241821289062,126.42066900438947,6700
2025-06-05,125.60658264160156,126.1447083674157,125.42523731735844,126.1447083674157,4100
2025-06-06,126.58525848388672,126.78533462266104,126.07571400598901,126.78533462266104,2300
2025-06-09,126.33492279052734,126.79518513509103,125.83917640734258,126.70648631763517,5900
2025-06-10,126.57146453857422,126.81489751904029,126.24325786867298,126.24325786867298,37200
2025-06-11,126.01165771484375,127.12043054198755,125.79975356075106,127.12043054198755,4900
2025-06-12,126.7567367553711,126.7567367553711,125.83522709213277,125.89829979700863,4800
2025-06-13,125.27542877197266,126.56850959189794,125.27542877197266,125.91802901731182,4100
2025-06-16,126.05502319335938,126.4206764808933,125.85888721507453,126.4206764808933,6600
2025-06-17,125.16010284423828,125.7997479229869,125.03099478694025,125.44493762644265,6400
2025-06-18,125.2478256225586,125.93773036324563,125.2478256225586,125.86873988917692,3800
2025-06-20,125.36807250976562,125.94759251134953,124.97285295243788,125.94759251134953,8000
2025-06-23,126.67601776123047,126.67601776123047,125.21063611395824,125.52747436823064,6800
2025-06-24,127.3096923828125,127.42850200514127,126.65620924392535,126.65620924392535,8400
2025-06-25,126.04827880859375,126.98295279251447,126.04234134899266,126.98295279251447,10700
2025-06-26,126.7552261352539,126.98294961190925,126.27996498837636,126.68591045085832,16800
2025-06-27,127.28988647460938,127.93347385134764,126.74531718907379,126.91363585768669,14500
2025-06-30,127.82456970214844,127.88099823414869,127.17108650987556,127.25029796724567,10200
2025-07-01,129.71568298339844,130.4582733682295,127.77505523820898,128.2800112609997,12500
2025-07-02,129.54736328125,129.73548859453427,128.73745147635572,129.32953556145137,19700
2025-07-03,129.94638061523438,130.10182723681052,129.7751007679403,129.96321097157957,4600
2025-07-07,128.91864013671875,129.90380518910996,128.59685399926812,129.68597747279637,13400
2025-07-08,129.18101501464844,129.6265661910379,128.71565719920818,128.71565719920818,14100
2025-07-09,129.54339599609375,129.54339599609375,128.66614771800664,129.14140129733647,6700
2025-07-10,130.01568603515625,130.5770856420205,129.63645915790175,129.63645915790175,8500
2025-07-11,128.87408447265625,129.28003749277102,128.64634588593464,129.28003749277102,15200
2025-07-14,129.02259826660156,129.08200307854577,128.3810051463486,128.69585669286877,11700
2025-07-15,126.90373992919922,129.0127013831899,126.90373992919922,129.0127013831899,9900
2025-07-16,127.6562271118164,127.77505184369988,126.82948496583704,127.47801267605067,6700
2025-07-17,128.48794555664062,128.59685941938795,127.66614370282734,127.97307865019513,12100
2025-07-18,128.3216094970703,129.09192317023223,128.12159414572605,129.09192317023223,5700
2025-07-21,127.80476379394531,128.81469099615677,127.80476379394531,128.38893129885514,8000
2025-07-22,130.34640502929688,130.37906861357627,129.03251915027698,129.03251915027698,11000
2025-07-23,131.1513671875,131.171158719577,130.76026536240298,131.09194726714975,5400
2025-07-24,130.0919189453125,131.10184598506643,130.0919189453125,130.95331886002236,13500
2025-07-25,130.74441528320312,130.75530817971992,130.1018250369494,130.62658768273917,2700
2025-07-28,129.68597412109375,130.2998590821298,129.60676267102332,130.11173377671744,63400
2025-07-29,129.636474609375,129.89391561804518,129.2998372528498,129.62657884290323,16500
2025-07-30,128.6116943359375,129.80973156640084,128.6116943359375,129.51764785966742,8200
2025-07-31,127.69088745117188,128.85428206751948,127.5671223879017,128.85428206751948,5600
2025-08-01,126.96315002441406,126.97306089875782,126.11660121023156,126.94335849180688,6300
2025-08-04,128.53248596191406,128.53248596191406,127.56711250001803,127.56711250001803,5300
2025-08-05,128.70675659179688,128.83447996603368,128.25031247274762,128.4879468414927,8500
2025-08-06,128.63148498535156,128.8938662867585,128.44831512882723,128.44831512882723,3700
2025-08-07,128.41664123535156,129.03250534595136,128.07208729299214,128.93348725692988,4700
2025-08-08,128.84439086914062,129.14141494508718,128.69586372312688,129.04241195578516,5500
2025-08-11,128.50575256347656,128.83447329125835,128.39881785848348,128.83447329125835,7200
2025-08-12,130.0206298828125,130.02262414396355,128.4681277928008,128.4681277928008,4600
2025-08-13,132.2305908203125,132.2305908203125,130.1018227606015,130.1018227606015,16100
2025-08-14,131.26028442382812,131.40879645842602,130.67808098890805,130.86818545801745,5900
2025-08-15,130.80284118652344,131.34938963835995,130.80284118652344,131.34938963835995,4100
2025-08-18,130.55728149414062,130.9137254559651,130.50777245065746,130.54738572865955,6100
2025-08-19,131.7107696533203,132.21078532590647,131.4285968011058,131.78504077510038,5000
2025-08-20,131.79791259765625,131.9434483411215,131.4880013856037,131.4880013856037,2900
2025-08-21,131.44839477539062,131.58602902123664,131.38404963235462,131.41869236843857,2200
2025-08-22,133.55734252929688,133.8702149006443,131.72561371347268,131.72561371347268,1500
2025-08-25,132.55535888671875,133.587056717581,132.55535888671875,133.16131215230308,3000
2025-08-26,132.39395141601562,132.6761393682132,132.2107815513383,132.6761393682132,3900
2025-08-27,133.06724548339844,133.08209668620358,132.49792923181494,132.56425352511567,4800
2025-08-28,132.36624145507812,132.36624145507812,131.84939538944042,131.84939538944042,1800
2025-08-29,132.3494110107422,132.78011102914294,132.1711965650759,132.1711965650759,3900
2025-09-02,131.82760620117188,131.82760620117188,131.19095346369215,131.35927211932247,3400
2025-09-03,131.63751220703125,131.63751220703125,131.2107705209656,131.4880030473164,4400
2025-09-04,132.67910766601562,132.67910766601562,131.87413628920464,132.17117542584774,4300
2025-09-05,132.99595642089844,133.90390430873325,132.52861941548394,133.14150727953367,11000
2025-09-08,132.8553466796875,133.40882967027989,132.37909598192732,133.40882967027989,3100
2025-09-09,132.06622314453125,132.51771176558344,131.84937746865245,132.51771176558344,5500
2025-09-10,131.62860107421875,132.16128034440587,131.29988034244917,132.16128034440587,2800
2025-09-11,133.80587768554688,133.80587768554688,131.5870052492654,131.5870052492654,3700
2025-09-12,132.62466430664062,133.22072182782554,132.6167476934274,133.22072182782554,3500
2025-09-15,131.7097930908203,132.68604442241903,131.68800729707607,132.5969372022363,5200
2025-09-16,131.3612518310547,131.45829076200448,130.96323055814912,131.38897508160628,7500
2025-09-17,131.27711486816406,132.2553453599847,131.2602845114344,132.04247307423893,1700
2025-09-18,131.87217712402344,132.11871012674013,131.17414033492437,131.20086645833445,5600
2025-09-19,131.08204650878906,131.67908600102652,131.03253746440265,131.34938326204434,58300
2025-09-22,130.97958374023438,131.14869286260293,130.51209764455373,130.91990531004652,7200
2025-09-23,131.3287353515625,131.6957607480443,130.9994870707801,130.9994870707801,17600
2025-09-24,131.35557556152344,131.7255909252995,131.35557556152344,131.62613193687403,4800
2025-09-25,129.90135192871094,130.7707112510509,129.74619104335537,130.74087203549686,3300
2025-09-26,131.5008087158203,131.5008087158203,130.0644890323795,130.0644890323795,2700
2025-09-29,131.6808319091797,132.2229312048215,131.29290694635222,132.2229312048215,3500
2025-09-30,132.39999389648438,132.39999389648438,131.40730121331603,131.46697964203275,6200
2025-10-01,132.4288330078125,132.48156008408378,132.08468031510924,132.29256827241716,3000
2025-10-02,132.7660369873047,132.76802525648398,132.07074987964316,132.2328924723336,2900
2025-10-03,133.40760803222656,133.89400544614836,132.7899089667356,132.7899089667356,2900
2025-10-06,133.2216033935547,133.47623843710568,133.01867852425286,133.47623843710568,3800
2025-10-07,132.62779235839844,133.0186921747934,132.421892653129,133.0186921747934,3600
2025-10-08,132.9818878173828,133.2176267423202,132.8893953496666,132.91923456718055,4200
2025-10-09,131.4729461669922,132.8296894251591,131.40828947582875,132.8296894251591,11600
2025-10-10,129.35031127929688,131.50876718243657,129.35031127929688,131.50876718243657,2800
2025-10-13,130.2475128173828,130.56680457753177,129.58007662626474,130.17390132160287,4000
2025-10-14,131.6549835205078,131.86487494400308,130.0078010403812,130.0078010403812,2600
2025-10-15,131.56845092773438,132.75013549974614,131.3277337499327,132.38209320185754,3800
2025-10-16,130.48822021484375,131.4968190524393,130.33304415784744,131.4968190524393,3800
2025-10-17,131.32675170898438,131.32675170898438,130.47231194187376,130.47231194187376,1300
2025-10-20,132.3323516845703,132.3323516845703,131.89171480739836,131.89171480739836,4200
2025-10-21,132.89932250976562,133.11815353326088,131.94442211836565,131.94442211836565,4500
2025-10-22,132.25875854492188,132.96895010084805,132.25875854492188,132.96895010084805,2400
2025-10-23,132.65960693359375,132.69938749344834,132.08367670687002,132.38208402747338,1400
2025-10-24,132.5064239501953,133.09826035126682,132.5064239501953,133.09826035126682,1500
2025-10-27,132.89137268066406,132.89137268066406,132.63075764416405,132.83964732719647,4700
2025-10-28,131.95140075683594,132.74018209506556,131.95140075683594,132.74018209506556,5100
2025-10-29,130.4016876220703,131.75545615593165,130.4016876220703,131.2879548567557,3100
2025-10-30,130.0784149169922,131.29789175657393,129.87550521447227,129.87550521447227,5400
2025-10-31,130.09133911132812,130.12913140181564,129.6765497511942,129.7869669854499,3000
2025-11-03,129.54029846191406,129.5661611404979,128.8678991739909,129.5373084691435,4200
2025-11-04,129.861572265625,129.97496432104037,128.72167172621712,128.72167172621712,3200
2025-11-05,130.53298950195312,130.86023434087565,129.6964593529779,129.6964593529779,4300
2025-11-06,129.7203369140625,130.3728535161136,129.56714911018034,130.3728535161136,2800
2025-11-07,131.06912231445312,131.06912231445312,129.65667708672925,129.65667708672925,2800
2025-11-10,131.3336944580078,131.62613698241515,130.3032094468683,131.62613698241515,4000
2025-11-11,132.14138793945312,132.2726744171694,131.18847577564506,131.18847577564506,5300
2025-11-12,132.42189025878906,132.86949368635126,131.9742716535989,131.9742716535989,3000
2025-11-13,131.53662109375,132.72027873625083,131.526664570054,131.8250719060101,2300
2025-11-14,130.9248809814453,131.44708241288464,130.9248809814453,131.14271028284674,4000
2025-11-17,129.4955291748047,131.19841339702003,129.4955291748047,130.97958237020202,2100
2025-11-18,129.9192657470703,130.1639594646597,128.90071031389155,128.90071031389155,6700
2025-11-19,129.06285095214844,129.75613463049007,128.7097282659473,129.75613463049007,5100
2025-11-20,128.36756896972656,130.1440648309689,128.36756896972656,130.1440648309689,1600
2025-11-21,131.014404296875,131.54656227460515,129.10461859783308,129.11953820573078,2900
2025-11-24,131.24119567871094,131.59630665055312,130.80055877079445,130.80055877079445,3600
2025-11-25,133.34295654296875,133.41656803701034,131.38741028765034,131.38741028765034,2900
2025-11-26,133.94573974609375,134.32372339527834,133.94573974609375,134.01337125672524,3400
2025-11-28,134.1973876953125,134.3814164394734,134.06311121699568,134.06311121699568,2700
2025-12-01,132.96099853515625,134.03326758998065,132.9490689196386,133.82040135889255,5600
2025-12-02,132.5263214111328,133.08831859509246,132.4119276341126,133.08831859509246,4200
2025-12-03,132.9868621826172,133.20669494650724,132.9868621826172,133.20669494650724,5800
2025-12-04,133.01571655273438,133.54587110539777,132.809816848714,133.4464121078712,2600
2025-12-05,133.18777465820312,133.52597772007002,132.56113597331785,132.60091653361732,9400
2025-12-08,131.9613494873047,132.7302329095368,131.9613494873047,132.7302329095368,3900
2025-12-09,131.58038330078125,131.9245511972646,131.58038330078125,131.685822283709,5000
2025-12-10,133.4911651611328,133.68313179417433,132.18813548214172,132.18813548214172,3100
2025-12-11,134.6957244873047,134.9672674257261,134.67484007149406,134.8091165443695,5700
2025-12-12,134.36648559570312,134.36648559570312,134.26203316589547,134.3366312031673,1500
2025-12-15,134.80215454101562,134.97821502905367,134.32172189546768,134.97821502905367,3400
2025-12-16,133.83233642578125,134.4162045504594,133.66523075491102,134.4162045504594,2800
2025-12-17,134.03326416015625,134.51070678831942,133.76967430342134,133.9039507738845,7600
2025-12-18,134.0730438232422,134.69969770312534,133.88406718454755,134.64001927220835,8500
2025-12-19,134.0830078125,134.37145863720207,133.9039573321522,133.9039573321522,7100
2025-12-22,134.68800354003906,134.89599609375,133.9199981689453,134.1999969482422,4900
2025-12-23,134.32000732421875,134.52999877929688,134.1999969482422,134.52999877929688,208000
2025-12-24,134.87100219726562,134.91000366210938,134.4499969482422,134.4499969482422,3900
2025-12-26,134.83099365234375,134.83099365234375,134.33999633789062,134.75,4000
2025-12-29,134.53599548339844,134.8979949951172,134.35699462890625,134.8300018310547,3600
2025-12-30,134.2100067138672,134.50999450683594,134.2100067138672,134.5,6400
2025-12-31,133.18600463867188,134.33999633789062,133.18600463867188,134.33999633789062,2800
2026-01-02,133.93800354003906,134.1999969482422,132.7429962158203,133.4600067138672,3600
2026-01-05,135.14999389648438,135.32000732421875,133.9499969482422,133.9499969482422,34800
2026-01-06,136.4040069580078,136.55999755859375,134.8000030517578,134.8000030517578,8800
2026-01-07,134.93600463867188,135.60000610351562,134.80499267578125,135.52000427246094,8800
2026-01-08,136.60000610351562,136.82000732421875,134.82000732421875,134.82000732421875,7800
2026-01-09,137.3300018310547,137.5500030517578,137.1750030517578,137.1750030517578,105900
2026-01-12,137.4600067138672,137.60000610351562,137.16000366210938,137.27000427246094,102500
2026-01-13,137.531005859375,137.8800048828125,137.24099731445312,137.8800048828125,3300
2026-01-14,138.50399780273438,138.5500030517578,137.41000366210938,137.41000366210938,4700
2026-01-15,139.5800018310547,139.69000244140625,138.72000122070312,138.72000122070312,5200
2026-01-16,139.01199340820312,139.30999755859375,138.86000061035156,139.30999755859375,11200
2026-01-20,137.1230010986328,138.1199951171875,137.05499267578125,137.52999877929688,8000
2026-01-21,139.0399932861328,139.11000061035156,137.69000244140625,137.69000244140625,16600
2026-01-22,138.9429931640625,139.5,138.88999938964844,139.38999938964844,3900
2026-01-23,138.28399658203125,138.28399658203125,138.14999389648438,138.14999389648438,1400
2026-01-26,138.51600646972656,138.75999450683594,138.30999755859375,138.38999938964844,2100
2026-01-27,138.00900268554688,138.00900268554688,137.75999450683594,137.97000122070312,4200
2026-01-28,137.28799438476562,137.91000366210938,137.28799438476562,137.91000366210938,1800
2026-01-29,137.27999877929688,137.7899932861328,137.02000427246094,137.7899932861328,4300
2026-01-30,137.29299926757812,137.29299926757812,136.44500732421875,136.83999633789062,4200
2026-02-02,138.09300231933594,138.10000610351562,137.22000122070312,137.22000122070312,4800
2026-02-03,138.19500732421875,138.86000061035156,137.63999938964844,138.86000061035156,2400
2026-02-04,139.98699951171875,140.36900329589844,138.6300048828125,138.6300048828125,4400
2026-02-05,140.02499389648438,140.44000244140625,139.65699768066406,140.1699981689453,13300
2026-02-06,141.94000244140625,141.94000244140625,140.97999572753906,140.97999572753906,7400
2026-02-09,141.4929962158203,141.85000610351562,141.48500061035156,141.85000610351562,7600
2026-02-10,142.08799743652344,142.39999389648438,141.75999450683594,141.75999450683594,4500
2026-02-11,142.2010040283203,142.27999877929688,141.5800018310547,142.27999877929688,4500
2026-02-12,140.53900146484375,143.07000732421875,140.53900146484375,142.94000244140625,10200
2026-02-13,141.97999572753906,142.30999755859375,141.05999755859375,141.05999755859375,5400
2026-02-17,141.35000610351562,142.0800018310547,140.64999389648438,141.91000366210938,6300
2026-02-18,142.03199768066406,142.13999938964844,141.61000061035156,142.0970001220703,6400
2026-02-19,141.85000610351562,142.26499938964844,141.39999389648438,142.26499938964844,3800
2026-02-20,142.4340057373047,142.5330047607422,141.57000732421875,142.20799255371094,3900
2026-02-23,141.1529998779297,142.1199951171875,140.7100067138672,142.1199951171875,6100
2026-02-24,142.02000427246094,142.25999450683594,141.16000366210938,141.16000366210938,9400
2026-02-25,141.60000610351562,142.4499969482422,140.83999633789062,142.4499969482422,6600
2026-02-26,142.50999450683594,142.67799377441406,141.73500061035156,141.92999267578125,6400
2026-02-27,142.97000122070312,142.97000122070312,142.02999877929688,142.02999877929688,5200
2026-03-02,143.0,143.375,141.72000122070312,141.72000122070312,8500
2026-03-03,141.75,142.33999633789062,139.08999633789062,140.80999755859375,10000
2026-03-04,141.66000366210938,141.97999572753906,140.69000244140625,140.69000244140625,3700
2026-03-05,139.94200134277344,141.16000366210938,139.61000061035156,141.16000366210938,4400
2026-03-06,138.58799743652344,138.58799743652344,138.54200744628906,138.55999755859375,1000
2026-03-09,138.5590057373047,138.6699981689453,135.89999389648438,137.57000732421875,3700
2026-03-10,137.22000122070312,138.50999450683594,137.22000122070312,138.50999450683594,3800
2026-03-11,136.6199951171875,136.97799682617188,136.31399536132812,136.8300018310547,2900
2026-03-12,135.28500366210938,136.1999969482422,135.28500366210938,135.5399932861328,4638
