date,close,high,low,open,volume
2021-03-12,4.440000057220459,4.460000038146973,4.269999980926514,4.400000095367432,3729500
2021-03-15,4.71999979019165,4.860000133514404,4.460000038146973,4.510000228881836,9297900
2021-03-16,4.639999866485596,4.75,4.519999980926514,4.699999809265137,4982700
2021-03-17,4.900000095367432,4.900000095367432,4.570000171661377,4.619999885559082,5665000
2021-03-18,4.630000114440918,4.889999866485596,4.579999923706055,4.840000152587891,5128100
2021-03-19,4.849999904632568,4.920000076293945,4.610000133514404,4.639999866485596,15048800
2021-03-22,4.940000057220459,5.090000152587891,4.880000114440918,4.900000095367432,3865400
2021-03-23,4.650000095367432,4.929999828338623,4.619999885559082,4.909999847412109,4184200
2021-03-24,4.380000114440918,4.739999771118164,4.380000114440918,4.739999771118164,4913100
2021-03-25,4.53000020980835,4.550000190734863,4.25,4.28000020980835,4519100
2021-03-26,4.460000038146973,4.679999828338623,4.369999885559082,4.659999847412109,3417100
2021-03-29,4.25,4.460000038146973,4.150000095367432,4.460000038146973,5150600
2021-03-30,4.21999979019165,4.260000228881836,4.130000114440918,4.260000228881836,3851500
2021-03-31,4.289999961853027,4.409999847412109,4.21999979019165,4.21999979019165,7842200
2021-04-01,4.380000114440918,4.449999809265137,4.329999923706055,4.360000133514404,3995100
2021-04-05,4.550000190734863,4.630000114440918,4.420000076293945,4.460000038146973,5573100
2021-04-06,4.369999885559082,4.539999961853027,4.349999904632568,4.5,3652400
2021-04-07,4.269999980926514,4.380000114440918,4.230000019073486,4.380000114440918,3938700
2021-04-08,4.269999980926514,4.320000171661377,4.199999809265137,4.300000190734863,3535900
2021-04-09,4.179999828338623,4.269999980926514,4.119999885559082,4.239999771118164,3568600
2021-04-12,4.059999942779541,4.159999847412109,3.940000057220459,4.159999847412109,5807500
2021-04-13,4.130000114440918,4.139999866485596,3.990000009536743,4.070000171661377,3315400
2021-04-14,4.210000038146973,4.289999961853027,4.130000114440918,4.139999866485596,2755100
2021-04-15,4.320000171661377,4.420000076293945,4.210000038146973,4.269999980926514,4119600
2021-04-16,4.340000152587891,4.380000114440918,4.199999809265137,4.239999771118164,3576500
2021-04-19,4.199999809265137,4.349999904632568,4.119999885559082,4.25,3850000
2021-04-20,4.130000114440918,4.199999809265137,4.050000190734863,4.170000076293945,4605400
2021-04-21,4.340000152587891,4.349999904632568,4.070000171661377,4.099999904632568,3471100
2021-04-22,4.369999885559082,4.519999980926514,4.25,4.329999923706055,4519100
2021-04-23,4.269999980926514,4.409999847412109,4.230000019073486,4.360000133514404,3670400
2021-04-26,4.320000171661377,4.329999923706055,4.239999771118164,4.260000228881836,3349700
2021-04-27,4.269999980926514,4.380000114440918,4.239999771118164,4.340000152587891,2803100
2021-04-28,4.159999847412109,4.300000190734863,4.159999847412109,4.300000190734863,3350400
2021-04-29,4.110000133514404,4.210000038146973,3.9700000286102295,4.150000095367432,5832500
2021-04-30,4.099999904632568,4.170000076293945,4.050000190734863,4.110000133514404,4552700
2021-05-03,4.090000152587891,4.210000038146973,4.039999961853027,4.159999847412109,4604900
2021-05-04,3.9600000381469727,4.079999923706055,3.890000104904175,4.059999942779541,6533400
2021-05-05,4.079999923706055,4.170000076293945,3.950000047683716,4.03000020980835,3918400
2021-05-06,4.0,4.090000152587891,3.890000104904175,4.059999942779541,4507000
2021-05-07,3.799999952316284,3.930000066757202,3.7699999809265137,3.9200000762939453,9207100
2021-05-10,3.5399999618530273,3.809999942779541,3.5199999809265137,3.809999942779541,9011800
2021-05-11,3.4200000762939453,3.5399999618530273,3.4000000953674316,3.490000009536743,7136400
2021-05-12,3.3299999237060547,3.5199999809265137,3.319999933242798,3.380000114440918,9067000
2021-05-13,3.4100000858306885,3.4700000286102295,3.319999933242798,3.3499999046325684,5064400
2021-05-14,3.700000047683716,3.7100000381469727,3.4100000858306885,3.4100000858306885,4948300
2021-05-17,3.609999895095825,3.7100000381469727,3.549999952316284,3.640000104904175,2888600
2021-05-18,3.609999895095825,3.7200000286102295,3.5899999141693115,3.609999895095825,3100000
2021-05-19,3.5999999046325684,3.6500000953674316,3.5299999713897705,3.559999942779541,2628500
2021-05-20,3.690000057220459,3.700000047683716,3.609999895095825,3.630000114440918,2271500
2021-05-21,3.6500000953674316,3.7799999713897705,3.6500000953674316,3.7200000286102295,2088900
2021-05-24,3.759999990463257,3.809999942779541,3.700000047683716,3.7100000381469727,3475700
2021-05-25,3.640000104904175,3.819999933242798,3.609999895095825,3.799999952316284,4551000
2021-05-26,3.859999895095825,3.880000114440918,3.690000057220459,3.700000047683716,3131200
2021-05-27,3.880000114440918,3.890000104904175,3.809999942779541,3.880000114440918,3187000
2021-05-28,3.819999933242798,3.9700000286102295,3.809999942779541,3.869999885559082,2595600
2021-06-01,3.609999895095825,3.859999895095825,3.5799999237060547,3.8499999046325684,8229800
2021-06-02,3.7699999809265137,3.7799999713897705,3.569999933242798,3.640000104904175,5979500
2021-06-03,3.6700000762939453,3.7699999809265137,3.6500000953674316,3.7200000286102295,3437000
2021-06-04,3.609999895095825,3.7100000381469727,3.5999999046325684,3.680000066757202,2848600
2021-06-07,3.8299999237060547,3.869999885559082,3.569999933242798,3.609999895095825,5787800
2021-06-08,3.799999952316284,3.869999885559082,3.680000066757202,3.8399999141693115,3448300
2021-06-09,3.7899999618530273,3.880000114440918,3.7699999809265137,3.7799999713897705,3580700
2021-06-10,3.7799999713897705,3.7899999618530273,3.6600000858306885,3.7899999618530273,3428000
2021-06-11,3.7200000286102295,3.7899999618530273,3.690000057220459,3.7699999809265137,2374400
2021-06-14,3.630000114440918,3.7300000190734863,3.569999933242798,3.7200000286102295,4749100
2021-06-15,3.690000057220459,3.7300000190734863,3.5899999141693115,3.700000047683716,4804500
2021-06-16,3.7699999809265137,3.7799999713897705,3.640000104904175,3.680000066757202,4245500
2021-06-17,3.8399999141693115,3.8399999141693115,3.7100000381469727,3.740000009536743,3326900
2021-06-18,3.700000047683716,3.799999952316284,3.5899999141693115,3.759999990463257,10433300
2021-06-21,3.7799999713897705,3.7899999618530273,3.690000057220459,3.759999990463257,3955100
2021-06-22,3.8399999141693115,3.9000000953674316,3.7799999713897705,3.8299999237060547,3711800
2021-06-23,3.700000047683716,3.880000114440918,3.690000057220459,3.8499999046325684,3963200
2021-06-24,3.7699999809265137,3.7799999713897705,3.6500000953674316,3.740000009536743,3895300
2021-06-25,3.859999895095825,3.869999885559082,3.740000009536743,3.759999990463257,7925400
2021-06-28,3.9700000286102295,3.9700000286102295,3.7799999713897705,3.799999952316284,4044300
2021-06-29,4.079999923706055,4.179999828338623,3.940000057220459,3.9600000381469727,7685700
2021-06-30,4.050000190734863,4.079999923706055,3.930000066757202,4.059999942779541,4334500
2021-07-01,4.239999771118164,4.239999771118164,3.990000009536743,4.03000020980835,5167400
2021-07-02,4.010000228881836,4.199999809265137,3.9700000286102295,4.179999828338623,6038400
2021-07-06,3.930000066757202,3.990000009536743,3.880000114440918,3.9600000381469727,3215200
2021-07-07,3.8499999046325684,3.930000066757202,3.7200000286102295,3.9100000858306885,5877700
2021-07-08,3.890000104904175,3.9700000286102295,3.7799999713897705,3.799999952316284,4778400
2021-07-09,4.010000228881836,4.039999961853027,3.880000114440918,3.9200000762939453,3136500
2021-07-12,3.799999952316284,4.019999980926514,3.75,3.990000009536743,6333300
2021-07-13,3.6600000858306885,3.7899999618530273,3.6500000953674316,3.7699999809265137,4897600
2021-07-14,3.5199999809265137,3.7100000381469727,3.509999990463257,3.700000047683716,4512000
2021-07-15,3.5399999618530273,3.5899999141693115,3.4800000190734863,3.5299999713897705,3525800
2021-07-16,3.5,3.5899999141693115,3.4600000381469727,3.5899999141693115,4324000
2021-07-19,3.5299999713897705,3.5999999046325684,3.4200000762939453,3.4600000381469727,3864400
2021-07-20,3.609999895095825,3.619999885559082,3.490000009536743,3.490000009536743,4533100
2021-07-21,3.7200000286102295,3.7200000286102295,3.569999933242798,3.569999933242798,3253600
2021-07-22,3.680000066757202,3.759999990463257,3.630000114440918,3.700000047683716,3087700
2021-07-23,3.640000104904175,3.7300000190734863,3.609999895095825,3.7300000190734863,2315200
2021-07-26,3.569999933242798,3.7300000190734863,3.559999942779541,3.6600000858306885,2653600
2021-07-27,3.619999885559082,3.6500000953674316,3.5299999713897705,3.619999885559082,5017000
2021-07-28,3.890000104904175,3.9000000953674316,3.6600000858306885,3.6700000762939453,5141800
2021-07-29,3.7300000190734863,3.990000009536743,3.700000047683716,3.990000009536743,4682800
2021-07-30,3.440000057220459,3.5199999809265137,3.259999990463257,3.359999895095825,11390900
2021-08-02,3.549999952316284,3.559999942779541,3.450000047683716,3.549999952316284,5454500
2021-08-03,3.609999895095825,3.619999885559082,3.490000009536743,3.5399999618530273,3784400
2021-08-04,3.619999885559082,3.6600000858306885,3.5399999618530273,3.5999999046325684,2842000
2021-08-05,3.759999990463257,3.7899999618530273,3.609999895095825,3.609999895095825,3580500
2021-08-06,3.809999942779541,3.8499999046325684,3.690000057220459,3.75,3645400
2021-08-09,3.740000009536743,3.809999942779541,3.680000066757202,3.7799999713897705,2687900
2021-08-10,3.700000047683716,3.7300000190734863,3.6700000762939453,3.700000047683716,1683700
2021-08-11,3.7300000190734863,3.75,3.6600000858306885,3.740000009536743,2231800
2021-08-12,3.75,3.7799999713897705,3.680000066757202,3.690000057220459,1652700
2021-08-13,3.680000066757202,3.7799999713897705,3.6700000762939453,3.759999990463257,2188800
2021-08-16,3.640000104904175,3.7300000190734863,3.5799999237060547,3.680000066757202,3356900
2021-08-17,3.7200000286102295,3.7200000286102295,3.609999895095825,3.619999885559082,2781900
2021-08-18,3.549999952316284,3.700000047683716,3.549999952316284,3.690000057220459,3078200
2021-08-19,3.450000047683716,3.559999942779541,3.450000047683716,3.509999990463257,3475900
2021-08-20,3.6700000762939453,3.700000047683716,3.440000057220459,3.440000057220459,4212700
2021-08-23,3.859999895095825,3.9200000762939453,3.690000057220459,3.690000057220459,4965700
2021-08-24,3.7799999713897705,3.880000114440918,3.75,3.859999895095825,2397800
2021-08-25,3.819999933242798,3.859999895095825,3.7799999713897705,3.799999952316284,2386000
2021-08-26,3.7799999713897705,3.8499999046325684,3.75,3.809999942779541,2442400
2021-08-27,3.859999895095825,3.880000114440918,3.759999990463257,3.759999990463257,3613500
2021-08-30,3.8399999141693115,3.9100000858306885,3.819999933242798,3.8299999237060547,2376600
2021-08-31,3.859999895095825,3.880000114440918,3.819999933242798,3.8299999237060547,2650700
2021-09-01,3.8499999046325684,3.890000104904175,3.809999942779541,3.890000104904175,2334100
2021-09-02,3.9000000953674316,3.9000000953674316,3.8299999237060547,3.859999895095825,1719100
2021-09-03,3.6700000762939453,3.890000104904175,3.6700000762939453,3.8499999046325684,3714100
2021-09-07,3.5799999237060547,3.7200000286102295,3.559999942779541,3.7100000381469727,3238000
2021-09-08,3.559999942779541,3.619999885559082,3.5399999618530273,3.5799999237060547,2741400
2021-09-09,3.6600000858306885,3.809999942779541,3.549999952316284,3.569999933242798,6714300
2021-09-10,3.559999942779541,3.700000047683716,3.549999952316284,3.690000057220459,3171300
2021-09-13,3.5799999237060547,3.640000104904175,3.5299999713897705,3.609999895095825,3440600
2021-09-14,3.4800000190734863,3.609999895095825,3.440000057220459,3.569999933242798,3073700
2021-09-15,3.740000009536743,3.819999933242798,3.4800000190734863,3.549999952316284,5445700
2021-09-16,3.819999933242798,3.8299999237060547,3.700000047683716,3.740000009536743,2591800
2021-09-17,3.940000057220459,3.9700000286102295,3.7300000190734863,3.819999933242798,9740800
2021-09-20,3.7899999618530273,3.890000104904175,3.7200000286102295,3.8499999046325684,3746900
2021-09-21,3.819999933242798,3.869999885559082,3.7799999713897705,3.799999952316284,2067300
2021-09-22,3.799999952316284,3.890000104904175,3.740000009536743,3.819999933242798,2184300
2021-09-23,3.880000114440918,3.9000000953674316,3.7799999713897705,3.799999952316284,2008100
2021-09-24,3.75,3.8399999141693115,3.75,3.8299999237060547,2381100
2021-09-27,3.7200000286102295,3.799999952316284,3.6500000953674316,3.7200000286102295,2433200
2021-09-28,3.6700000762939453,3.7100000381469727,3.619999885559082,3.7100000381469727,2929600
2021-09-29,3.640000104904175,3.75,3.630000114440918,3.690000057220459,1436700
2021-09-30,3.6500000953674316,3.7200000286102295,3.5999999046325684,3.640000104904175,1542200
2021-10-01,3.5799999237060547,3.6600000858306885,3.490000009536743,3.6500000953674316,2605600
2021-10-04,3.5199999809265137,3.609999895095825,3.5,3.5999999046325684,2192800
2021-10-05,3.619999885559082,3.640000104904175,3.5199999809265137,3.5299999713897705,1811000
2021-10-06,3.690000057220459,3.7300000190734863,3.609999895095825,3.630000114440918,2339700
2021-10-07,3.740000009536743,3.799999952316284,3.690000057220459,3.7100000381469727,2475900
2021-10-08,3.690000057220459,3.7699999809265137,3.680000066757202,3.7300000190734863,1429000
2021-10-11,3.75,3.799999952316284,3.640000104904175,3.6600000858306885,1711200
2021-10-12,3.7100000381469727,3.759999990463257,3.680000066757202,3.680000066757202,1705800
2021-10-13,3.7300000190734863,3.7799999713897705,3.690000057220459,3.7200000286102295,1336800
2021-10-14,3.759999990463257,3.8299999237060547,3.7300000190734863,3.75,1884300
2021-10-15,3.7200000286102295,3.7899999618530273,3.7100000381469727,3.7899999618530273,2026900
2021-10-18,3.700000047683716,3.7699999809265137,3.6700000762939453,3.740000009536743,2049400
2021-10-19,3.75,3.7799999713897705,3.700000047683716,3.7100000381469727,2635800
2021-10-20,3.7200000286102295,3.75,3.680000066757202,3.75,1442400
2021-10-21,3.700000047683716,3.740000009536743,3.6600000858306885,3.690000057220459,1507800
2021-10-22,3.690000057220459,3.700000047683716,3.630000114440918,3.6600000858306885,1809500
2021-10-25,3.5999999046325684,3.690000057220459,3.5399999618530273,3.680000066757202,3826600
2021-10-26,3.5999999046325684,3.6500000953674316,3.5799999237060547,3.630000114440918,2348600
2021-10-27,3.5799999237060547,3.6700000762939453,3.569999933242798,3.640000104904175,2161000
2021-10-28,3.6700000762939453,3.6700000762939453,3.559999942779541,3.630000114440918,2987000
2021-10-29,3.7899999618530273,3.9100000858306885,3.7100000381469727,3.799999952316284,5266100
2021-11-01,3.8399999141693115,3.8499999046325684,3.6500000953674316,3.7799999713897705,4294800
2021-11-02,4.159999847412109,4.179999828338623,3.759999990463257,3.799999952316284,6922300
2021-11-03,4.429999828338623,4.449999809265137,4.139999866485596,4.170000076293945,6388600
2021-11-04,4.139999866485596,4.449999809265137,4.119999885559082,4.440000057220459,4404500
2021-11-05,4.070000171661377,4.239999771118164,4.0,4.099999904632568,5050800
2021-11-08,4.170000076293945,4.210000038146973,4.010000228881836,4.039999961853027,2828700
2021-11-09,4.130000114440918,4.190000057220459,4.050000190734863,4.119999885559082,3143400
2021-11-10,4.070000171661377,4.21999979019165,4.059999942779541,4.130000114440918,2976300
2021-11-11,4.090000152587891,4.159999847412109,4.050000190734863,4.070000171661377,2278400
2021-11-12,4.119999885559082,4.150000095367432,4.050000190734863,4.110000133514404,1701800
2021-11-15,4.039999961853027,4.139999866485596,4.03000020980835,4.119999885559082,2281500
2021-11-16,4.139999866485596,4.159999847412109,4.03000020980835,4.059999942779541,2865000
2021-11-17,4.440000057220459,4.5,4.099999904632568,4.110000133514404,6176000
2021-11-18,4.309999942779541,4.559999942779541,4.289999961853027,4.460000038146973,4391500
2021-11-19,4.349999904632568,4.420000076293945,4.21999979019165,4.300000190734863,2595500
2021-11-22,4.269999980926514,4.380000114440918,4.21999979019165,4.349999904632568,3202500
2021-11-23,4.25,4.320000171661377,4.119999885559082,4.28000020980835,4532800
2021-11-24,4.309999942779541,4.340000152587891,4.179999828338623,4.21999979019165,2916300
2021-11-26,4.130000114440918,4.309999942779541,4.119999885559082,4.269999980926514,3457700
2021-11-29,4.090000152587891,4.260000228881836,4.039999961853027,4.139999866485596,4684700
2021-11-30,3.930000066757202,4.099999904632568,3.9000000953674316,4.070000171661377,8296300
2021-12-01,3.859999895095825,4.070000171661377,3.859999895095825,3.9700000286102295,4912500
2021-12-02,3.9700000286102295,3.990000009536743,3.8299999237060547,3.869999885559082,4481700
2021-12-03,3.859999895095825,3.990000009536743,3.8399999141693115,3.9800000190734863,5190700
2021-12-06,3.809999942779541,3.930000066757202,3.7899999618530273,3.890000104904175,2622600
2021-12-07,3.9000000953674316,3.9800000190734863,3.809999942779541,3.8299999237060547,4314200
2021-12-08,4.019999980926514,4.059999942779541,3.8499999046325684,3.9800000190734863,4318800
2021-12-09,3.869999885559082,4.019999980926514,3.8399999141693115,3.9700000286102295,3487600
2021-12-10,3.869999885559082,3.890000104904175,3.7699999809265137,3.859999895095825,3424000
2021-12-13,3.890000104904175,3.9100000858306885,3.759999990463257,3.869999885559082,3844000
2021-12-14,3.799999952316284,3.880000114440918,3.740000009536743,3.8299999237060547,3587900
2021-12-15,4.079999923706055,4.079999923706055,3.75,3.7799999713897705,5112200
2021-12-16,3.990000009536743,4.050000190734863,3.950000047683716,4.03000020980835,3777600
2021-12-17,4.409999847412109,4.730000019073486,3.950000047683716,3.9700000286102295,33442600
2021-12-20,4.429999828338623,4.610000133514404,4.28000020980835,4.380000114440918,8040200
2021-12-21,4.460000038146973,4.510000228881836,4.309999942779541,4.449999809265137,4014800
2021-12-22,4.610000133514404,4.619999885559082,4.429999828338623,4.460000038146973,4251400
2021-12-23,4.769999980926514,4.840000152587891,4.46999979019165,4.650000095367432,8596000
2021-12-27,5.150000095367432,5.159999847412109,4.800000190734863,4.869999885559082,11403000
2021-12-28,4.849999904632568,5.25,4.829999923706055,5.21999979019165,8077500
2021-12-29,4.980000019073486,5.03000020980835,4.840000152587891,4.849999904632568,4133200
2021-12-30,4.840000152587891,5.010000228881836,4.820000171661377,4.96999979019165,2929800
2021-12-31,4.809999942779541,4.960000038146973,4.789999961853027,4.820000171661377,2119500
2022-01-03,4.929999828338623,4.960000038146973,4.739999771118164,4.849999904632568,3269500
2022-01-04,4.670000076293945,4.940000057220459,4.659999847412109,4.940000057220459,3508800
2022-01-05,4.5,4.78000020980835,4.480000019073486,4.670000076293945,3672200
2022-01-06,4.630000114440918,4.650000095367432,4.389999866485596,4.510000228881836,3732400
2022-01-07,4.449999809265137,4.639999866485596,4.440000057220459,4.619999885559082,3414700
2022-01-10,4.619999885559082,4.630000114440918,4.360000133514404,4.389999866485596,5597300
2022-01-11,4.590000152587891,4.659999847412109,4.510000228881836,4.550000190734863,3482300
2022-01-12,4.440000057220459,4.639999866485596,4.429999828338623,4.630000114440918,4470700
2022-01-13,4.28000020980835,4.53000020980835,4.260000228881836,4.489999771118164,4277800
2022-01-14,4.53000020980835,4.53000020980835,4.199999809265137,4.25,5039300
2022-01-18,4.71999979019165,4.920000076293945,4.53000020980835,4.659999847412109,11242300
2022-01-19,4.429999828338623,4.739999771118164,4.409999847412109,4.71999979019165,5259700
2022-01-20,4.360000133514404,4.630000114440918,4.340000152587891,4.550000190734863,6206800
2022-01-21,4.239999771118164,4.460000038146973,4.21999979019165,4.349999904632568,7297000
2022-01-24,3.2300000190734863,3.5399999618530273,3.180000066757202,3.5299999713897705,18645700
2022-01-25,3.009999990463257,3.2100000381469727,3.0,3.2100000381469727,8333400
2022-01-26,2.9100000858306885,3.180000066757202,2.890000104904175,3.0999999046325684,11473000
2022-01-27,2.869999885559082,3.009999990463257,2.869999885559082,3.009999990463257,6106300
2022-01-28,2.950000047683716,2.950000047683716,2.799999952316284,2.9000000953674316,6344300
2022-01-31,3.130000114440918,3.1600000858306885,2.9800000190734863,3.0,5563700
2022-02-01,3.059999942779541,3.140000104904175,2.990000009536743,3.130000114440918,5666900
2022-02-02,3.0399999618530273,3.119999885559082,3.0199999809265137,3.109999895095825,4565400
2022-02-03,3.200000047683716,3.25,2.990000009536743,3.0,5780500
2022-02-04,3.2300000190734863,3.2799999713897705,3.180000066757202,3.200000047683716,3988800
2022-02-07,3.259999990463257,3.3299999237060547,3.2100000381469727,3.2200000286102295,3151000
2022-02-08,3.190000057220459,3.2699999809265137,3.1500000953674316,3.259999990463257,2348900
2022-02-09,3.2799999713897705,3.3299999237060547,3.190000057220459,3.2100000381469727,4043000
2022-02-10,3.190000057220459,3.380000114440918,3.1700000762939453,3.25,3989500
2022-02-11,3.0999999046325684,3.25,3.0799999237060547,3.190000057220459,2607400
2022-02-14,3.0199999809265137,3.119999885559082,3.009999990463257,3.0899999141693115,2928000
2022-02-15,3.2899999618530273,3.309999942779541,3.0799999237060547,3.119999885559082,5077300
2022-02-16,3.2899999618530273,3.3399999141693115,3.2300000190734863,3.2899999618530273,2717700
2022-02-17,3.140000104904175,3.2799999713897705,3.109999895095825,3.2799999713897705,3036100
2022-02-18,3.1500000953674316,3.2300000190734863,3.130000114440918,3.1600000858306885,2493900
2022-02-22,3.0199999809265137,3.190000057220459,3.009999990463257,3.130000114440918,4089900
2022-02-23,2.9800000190734863,3.140000104904175,2.9800000190734863,3.0899999141693115,3694000
2022-02-24,3.2300000190734863,3.2300000190734863,2.9100000858306885,2.930000066757202,5830900
2022-02-25,3.200000047683716,3.2300000190734863,2.7899999618530273,2.799999952316284,6370600
2022-02-28,3.130000114440918,3.2699999809265137,3.069999933242798,3.130000114440918,7019900
2022-03-01,3.0899999141693115,3.1700000762939453,3.0299999713897705,3.109999895095825,7921900
2022-03-02,3.190000057220459,3.2300000190734863,3.059999942779541,3.0799999237060547,3375500
2022-03-03,3.1500000953674316,3.2100000381469727,3.109999895095825,3.140000104904175,3396700
2022-03-04,3.059999942779541,3.2200000286102295,3.0399999618530273,3.0999999046325684,2768600
2022-03-07,3.119999885559082,3.1700000762939453,3.059999942779541,3.0799999237060547,2934100
2022-03-08,3.0899999141693115,3.1700000762939453,2.9800000190734863,3.069999933242798,3793300
2022-03-09,3.2100000381469727,3.25,3.109999895095825,3.130000114440918,3357600
2022-03-10,3.2799999713897705,3.319999933242798,3.140000104904175,3.1600000858306885,3742600
2022-03-11,3.119999885559082,3.4200000762939453,3.109999895095825,3.309999942779541,3619800
2022-03-14,3.049999952316284,3.240000009536743,3.0199999809265137,3.1700000762939453,5348100
2022-03-15,3.319999933242798,3.3299999237060547,3.109999895095825,3.130000114440918,4670600
2022-03-16,3.4800000190734863,3.490000009536743,3.3299999237060547,3.369999885559082,5733400
2022-03-17,3.6500000953674316,3.6500000953674316,3.4100000858306885,3.430000066757202,3674000
2022-03-18,3.740000009536743,3.7799999713897705,3.619999885559082,3.6500000953674316,15183000
2022-03-21,3.569999933242798,3.75,3.5299999713897705,3.6700000762939453,5758200
2022-03-22,3.5999999046325684,3.6500000953674316,3.509999990463257,3.5899999141693115,5601000
2022-03-23,3.450000047683716,3.5999999046325684,3.440000057220459,3.5299999713897705,4306800
2022-03-24,3.4800000190734863,3.5299999713897705,3.4600000381469727,3.5,4185000
2022-03-25,3.509999990463257,3.5799999237060547,3.4600000381469727,3.509999990463257,2999000
2022-03-28,3.5799999237060547,3.619999885559082,3.509999990463257,3.5299999713897705,2089900
2022-03-29,3.75,3.75,3.609999895095825,3.619999885559082,3367200
2022-03-30,3.5399999618530273,3.7200000286102295,3.5399999618530273,3.6700000762939453,3398700
2022-03-31,3.440000057220459,3.569999933242798,3.390000104904175,3.559999942779541,4117800
2022-04-01,3.509999990463257,3.5299999713897705,3.4100000858306885,3.440000057220459,2875400
2022-04-04,3.609999895095825,3.630000114440918,3.4700000286102295,3.509999990463257,2970100
2022-04-05,3.490000009536743,3.630000114440918,3.4800000190734863,3.569999933242798,3135500
2022-04-06,3.4800000190734863,3.5399999618530273,3.4200000762939453,3.450000047683716,3092800
2022-04-07,3.450000047683716,3.490000009536743,3.4200000762939453,3.440000057220459,3244900
2022-04-08,3.4000000953674316,3.490000009536743,3.380000114440918,3.440000057220459,2843100
2022-04-11,3.2799999713897705,3.380000114440918,3.259999990463257,3.3499999046325684,2752300
2022-04-12,3.440000057220459,3.5199999809265137,3.2899999618530273,3.299999952316284,4351400
2022-04-13,3.509999990463257,3.549999952316284,3.4200000762939453,3.430000066757202,2401700
2022-04-14,3.3399999141693115,3.5,3.3399999141693115,3.5,2303100
2022-04-18,3.1700000762939453,3.3499999046325684,3.1500000953674316,3.3499999046325684,4378800
2022-04-19,3.2100000381469727,3.2699999809265137,3.1500000953674316,3.200000047683716,2412300
2022-04-20,3.200000047683716,3.2699999809265137,3.180000066757202,3.2699999809265137,2212200
2022-04-21,3.0299999713897705,3.259999990463257,3.0299999713897705,3.2300000190734863,4973200
2022-04-22,2.930000066757202,3.0999999046325684,2.9100000858306885,3.0399999618530273,3895700
2022-04-25,2.9800000190734863,2.9800000190734863,2.869999885559082,2.950000047683716,3198800
2022-04-26,2.7899999618530273,3.0299999713897705,2.7899999618530273,2.9600000381469727,4374100
2022-04-27,2.7699999809265137,2.859999895095825,2.759999990463257,2.809999942779541,3144900
2022-04-28,2.819999933242798,2.859999895095825,2.700000047683716,2.8399999141693115,2858400
2022-04-29,2.700000047683716,2.9200000762939453,2.690000057220459,2.75,5052600
2022-05-02,2.799999952316284,2.799999952316284,2.6700000762939453,2.700000047683716,5772000
2022-05-03,2.890000104904175,2.930000066757202,2.799999952316284,2.799999952316284,3277500
2022-05-04,3.0,3.0199999809265137,2.7799999713897705,2.859999895095825,3178500
2022-05-05,2.740000009536743,2.9100000858306885,2.700000047683716,2.9100000858306885,5350300
2022-05-06,2.619999885559082,2.7300000190734863,2.5299999713897705,2.7200000286102295,5851900
2022-05-09,2.440000057220459,2.7300000190734863,2.430000066757202,2.549999952316284,7753100
2022-05-10,2.930000066757202,2.9800000190734863,2.5399999618530273,2.549999952316284,8962500
2022-05-11,2.690000057220459,2.990000009536743,2.6600000858306885,2.890000104904175,6855600
2022-05-12,2.799999952316284,2.890000104904175,2.6500000953674316,2.6500000953674316,4512800
2022-05-13,3.0299999713897705,3.0399999618530273,2.8499999046325684,2.8499999046325684,4737400
2022-05-16,2.9700000286102295,3.0899999141693115,2.940000057220459,3.009999990463257,3994100
2022-05-17,3.0999999046325684,3.1600000858306885,3.0399999618530273,3.059999942779541,4265100
2022-05-18,2.859999895095825,3.0199999809265137,2.819999933242798,3.0199999809265137,5831100
2022-05-19,2.990000009536743,3.069999933242798,2.859999895095825,2.859999895095825,5810500
2022-05-20,3.0899999141693115,3.0999999046325684,2.9600000381469727,3.0799999237060547,2860300
2022-05-23,3.0999999046325684,3.2100000381469727,3.0799999237060547,3.130000114440918,2556700
2022-05-24,3.0299999713897705,3.109999895095825,3.009999990463257,3.0399999618530273,3302000
2022-05-25,3.0199999809265137,3.0899999141693115,2.930000066757202,3.009999990463257,2945700
2022-05-26,3.059999942779541,3.0999999046325684,2.9700000286102295,2.9700000286102295,2618300
2022-05-27,3.200000047683716,3.2200000286102295,3.0,3.0799999237060547,3241600
2022-05-31,3.0,3.240000009536743,2.990000009536743,3.1500000953674316,4679100
2022-06-01,2.990000009536743,3.0799999237060547,2.9200000762939453,3.049999952316284,4437800
2022-06-02,3.0899999141693115,3.109999895095825,2.9600000381469727,2.990000009536743,3466400
2022-06-03,2.950000047683716,3.069999933242798,2.9100000858306885,3.009999990463257,4594000
2022-06-06,2.759999990463257,3.059999942779541,2.75,2.990000009536743,7026500
2022-06-07,2.8499999046325684,2.8499999046325684,2.740000009536743,2.75,4712700
2022-06-08,2.8399999141693115,2.950000047683716,2.809999942779541,2.819999933242798,2785700
2022-06-09,2.740000009536743,2.9100000858306885,2.7300000190734863,2.8399999141693115,3806100
2022-06-10,2.559999942779541,2.7799999713897705,2.549999952316284,2.700000047683716,7542000
2022-06-13,2.3399999141693115,2.5,2.3399999141693115,2.490000009536743,8443700
2022-06-14,2.390000104904175,2.4100000858306885,2.2699999809265137,2.4100000858306885,6015100
2022-06-15,2.5199999809265137,2.5399999618530273,2.4100000858306885,2.430000066757202,7200200
2022-06-16,2.3299999237060547,2.440000057220459,2.2699999809265137,2.430000066757202,7035300
2022-06-17,2.4200000762939453,2.4700000286102295,2.369999885559082,2.369999885559082,34696100
2022-06-21,2.390000104904175,2.5299999713897705,2.1700000762939453,2.4700000286102295,9076600
2022-06-22,2.490000009536743,2.5299999713897705,2.3299999237060547,2.359999895095825,6622100
2022-06-23,2.630000114440918,2.640000104904175,2.4800000190734863,2.490000009536743,3176500
2022-06-24,2.640000104904175,2.700000047683716,2.559999942779541,2.640000104904175,4034000
2022-06-27,2.700000047683716,2.7699999809265137,2.5899999141693115,2.640000104904175,2896400
2022-06-28,2.569999933242798,2.700000047683716,2.5399999618530273,2.690000057220459,2395600
2022-06-29,2.5899999141693115,2.5999999046325684,2.5,2.549999952316284,2068800
2022-06-30,2.5299999713897705,2.5799999237060547,2.4700000286102295,2.509999990463257,1995900
2022-07-01,2.630000114440918,2.6500000953674316,2.4700000286102295,2.5199999809265137,3204900
2022-07-05,2.6500000953674316,2.6500000953674316,2.5,2.5899999141693115,3313100
2022-07-06,2.740000009536743,2.740000009536743,2.619999885559082,2.630000114440918,3174000
2022-07-07,2.799999952316284,2.8399999141693115,2.7100000381469727,2.7200000286102295,1850000
2022-07-08,2.809999942779541,2.859999895095825,2.740000009536743,2.7699999809265137,1727100
2022-07-11,2.7200000286102295,2.799999952316284,2.7100000381469727,2.799999952316284,1645900
2022-07-12,2.759999990463257,2.799999952316284,2.6700000762939453,2.7300000190734863,1866400
2022-07-13,2.7699999809265137,2.799999952316284,2.6600000858306885,2.690000057220459,2013100
2022-07-14,2.690000057220459,2.7100000381469727,2.609999895095825,2.700000047683716,1409300
2022-07-15,2.759999990463257,2.7699999809265137,2.680000066757202,2.7200000286102295,1565500
2022-07-18,2.5799999237060547,2.7899999618530273,2.549999952316284,2.7699999809265137,3103600
2022-07-19,2.609999895095825,2.6700000762939453,2.5899999141693115,2.5899999141693115,2047100
2022-07-20,2.640000104904175,2.680000066757202,2.5899999141693115,2.630000114440918,1624800
2022-07-21,2.5399999618530273,2.640000104904175,2.5299999713897705,2.5999999046325684,2416300
2022-07-22,2.4200000762939453,2.559999942779541,2.369999885559082,2.549999952316284,2352800
2022-07-25,2.450000047683716,2.450000047683716,2.359999895095825,2.430000066757202,1786300
2022-07-26,2.369999885559082,2.430000066757202,2.3299999237060547,2.4200000762939453,2719600
2022-07-27,2.4700000286102295,2.5,2.369999885559082,2.4000000953674316,3120100
2022-07-28,2.430000066757202,2.4700000286102295,2.380000114440918,2.4600000381469727,1999100
2022-07-29,2.359999895095825,2.450000047683716,2.3499999046325684,2.450000047683716,2825300
2022-08-01,2.4200000762939453,2.4600000381469727,2.309999942779541,2.3399999141693115,3479200
2022-08-02,2.450000047683716,2.509999990463257,2.4000000953674316,2.4200000762939453,3128800
2022-08-03,2.440000057220459,2.509999990463257,2.430000066757202,2.450000047683716,3171200
2022-08-04,2.4000000953674316,2.4200000762939453,2.309999942779541,2.4100000858306885,4732900
2022-08-05,2.2799999713897705,2.380000114440918,2.1500000953674316,2.299999952316284,4575000
2022-08-08,2.450000047683716,2.4600000381469727,2.299999952316284,2.3499999046325684,6041900
2022-08-09,2.509999990463257,2.5199999809265137,2.359999895095825,2.4200000762939453,6651700
2022-08-10,2.7100000381469727,2.7200000286102295,2.5,2.569999933242798,5620900
2022-08-11,2.5,2.7699999809265137,2.5,2.7200000286102295,3203600
2022-08-12,2.5199999809265137,2.549999952316284,2.450000047683716,2.5399999618530273,2785800
2022-08-15,2.609999895095825,2.619999885559082,2.509999990463257,2.5299999713897705,4425300
2022-08-16,2.5899999141693115,2.6600000858306885,2.549999952316284,2.569999933242798,3436800
2022-08-17,2.5399999618530273,2.569999933242798,2.490000009536743,2.5299999713897705,3526200
2022-08-18,2.5799999237060547,2.5999999046325684,2.509999990463257,2.5799999237060547,2772000
2022-08-19,2.5299999713897705,2.5999999046325684,2.5,2.559999942779541,2803100
2022-08-22,2.4600000381469727,2.5399999618530273,2.440000057220459,2.4800000190734863,2825100
2022-08-23,2.4800000190734863,2.5199999809265137,2.430000066757202,2.450000047683716,2520100
2022-08-24,2.559999942779541,2.569999933242798,2.4600000381469727,2.490000009536743,2907300
2022-08-25,2.5,2.5899999141693115,2.450000047683716,2.5299999713897705,2653100
2022-08-26,2.309999942779541,2.5,2.299999952316284,2.4800000190734863,3526100
2022-08-29,2.299999952316284,2.3399999141693115,2.25,2.2899999618530273,2454700
2022-08-30,2.2200000286102295,2.299999952316284,2.2200000286102295,2.2799999713897705,2952500
2022-08-31,2.180000066757202,2.2699999809265137,2.1600000858306885,2.25,3851800
2022-09-01,2.200000047683716,2.2100000381469727,2.119999885559082,2.1600000858306885,2878100
2022-09-02,2.130000114440918,2.25,2.119999885559082,2.190000057220459,2487800
2022-09-06,2.119999885559082,2.1700000762939453,2.109999895095825,2.1700000762939453,2636600
2022-09-07,2.180000066757202,2.190000057220459,2.0999999046325684,2.119999885559082,2160700
2022-09-08,2.2100000381469727,2.25,2.119999885559082,2.119999885559082,1728800
2022-09-09,2.2100000381469727,2.259999990463257,2.1600000858306885,2.2300000190734863,2119600
2022-09-12,2.2300000190734863,2.2699999809265137,2.180000066757202,2.2300000190734863,1309500
2022-09-13,2.119999885559082,2.1700000762939453,2.0999999046325684,2.1600000858306885,2164400
2022-09-14,2.0899999141693115,2.140000104904175,2.0799999237060547,2.0999999046325684,2726000
2022-09-15,2.059999942779541,2.0999999046325684,2.0399999618530273,2.069999933242798,2457800
2022-09-16,2.049999952316284,2.0999999046325684,1.9600000381469727,2.0999999046325684,5403100
2022-09-19,1.9700000286102295,2.0199999809265137,1.9500000476837158,2.0199999809265137,2867600
2022-09-20,1.940000057220459,1.9900000095367432,1.909999966621399,1.9500000476837158,3225400
2022-09-21,1.899999976158142,2.009999990463257,1.8899999856948853,1.9500000476837158,2142300
2022-09-22,1.8899999856948853,1.909999966621399,1.850000023841858,1.899999976158142,1860200
2022-09-23,1.8799999952316284,1.8899999856948853,1.8300000429153442,1.8899999856948853,1901900
2022-09-26,1.809999942779541,1.899999976158142,1.7799999713897705,1.840000033378601,2238800
2022-09-27,1.8600000143051147,1.899999976158142,1.8200000524520874,1.8300000429153442,1937400
2022-09-28,1.9500000476837158,1.9800000190734863,1.8799999952316284,1.8899999856948853,2606500
2022-09-29,1.8700000047683716,1.899999976158142,1.840000033378601,1.8899999856948853,1567200
2022-09-30,1.8899999856948853,1.9500000476837158,1.8600000143051147,1.8600000143051147,2055200
2022-10-03,1.909999966621399,1.9299999475479126,1.840000033378601,1.8700000047683716,2875100
2022-10-04,2.009999990463257,2.009999990463257,1.909999966621399,1.9299999475479126,2117300
2022-10-05,1.909999966621399,2.0,1.8600000143051147,1.9700000286102295,1781700
2022-10-06,1.850000023841858,1.909999966621399,1.809999942779541,1.8799999952316284,1884300
2022-10-07,1.75,1.850000023841858,1.75,1.809999942779541,1471700
2022-10-10,1.7999999523162842,1.809999942779541,1.75,1.7599999904632568,1457100
2022-10-11,1.75,1.8300000429153442,1.7300000190734863,1.7999999523162842,1473700
2022-10-12,1.7400000095367432,1.7799999713897705,1.7000000476837158,1.75,998900
2022-10-13,1.7799999713897705,1.809999942779541,1.7000000476837158,1.7300000190734863,2197400
2022-10-14,1.7300000190734863,1.7899999618530273,1.7100000381469727,1.7799999713897705,1560500
2022-10-17,1.809999942779541,1.809999942779541,1.7300000190734863,1.75,1788100
2022-10-18,1.7599999904632568,1.8899999856948853,1.7400000095367432,1.850000023841858,3237700
2022-10-19,1.7300000190734863,1.75,1.690000057220459,1.75,2423200
2022-10-20,1.7400000095367432,1.7799999713897705,1.7200000286102295,1.75,1374100
2022-10-21,1.7699999809265137,1.7699999809265137,1.7000000476837158,1.7699999809265137,1144800
2022-10-24,1.7999999523162842,1.7999999523162842,1.75,1.7799999713897705,1423000
2022-10-25,1.7999999523162842,1.840000033378601,1.7799999713897705,1.7799999713897705,1817300
2022-10-26,1.8899999856948853,1.9500000476837158,1.7899999618530273,1.7999999523162842,2717300
2022-10-27,1.7999999523162842,1.899999976158142,1.7799999713897705,1.840000033378601,3106000
2022-10-28,1.8600000143051147,1.909999966621399,1.8200000524520874,1.850000023841858,1529900
2022-10-31,1.899999976158142,1.9299999475479126,1.850000023841858,1.850000023841858,1545900
2022-11-01,1.899999976158142,1.9299999475479126,1.850000023841858,1.909999966621399,1461100
2022-11-02,1.8799999952316284,1.9500000476837158,1.850000023841858,1.8799999952316284,2319400
2022-11-03,1.7999999523162842,1.899999976158142,1.7999999523162842,1.8799999952316284,1207900
2022-11-04,1.7799999713897705,1.8300000429153442,1.7200000286102295,1.8300000429153442,1905300
2022-11-07,1.8200000524520874,1.8300000429153442,1.7799999713897705,1.7999999523162842,1425400
2022-11-08,1.850000023841858,1.909999966621399,1.7799999713897705,1.8200000524520874,1548000
2022-11-09,1.5499999523162842,1.7899999618530273,1.5299999713897705,1.7799999713897705,3552300
2022-11-10,1.600000023841858,1.6399999856948853,1.5199999809265137,1.6399999856948853,3666000
2022-11-11,1.649999976158142,1.6699999570846558,1.5700000524520874,1.6100000143051147,3700500
2022-11-14,1.7000000476837158,1.7200000286102295,1.6399999856948853,1.659999966621399,2174700
2022-11-15,1.7599999904632568,1.7799999713897705,1.7200000286102295,1.7400000095367432,2066800
2022-11-16,1.7000000476837158,1.75,1.6799999475479126,1.7200000286102295,1759700
2022-11-17,1.6299999952316284,1.6799999475479126,1.5800000429153442,1.649999976158142,2165400
2022-11-18,1.6200000047683716,1.6799999475479126,1.5800000429153442,1.6799999475479126,1831100
2022-11-21,1.590000033378601,1.6100000143051147,1.559999942779541,1.590000033378601,1991600
2022-11-22,1.4700000286102295,1.5700000524520874,1.4299999475479126,1.559999942779541,4681200
2022-11-23,1.5,1.5099999904632568,1.4600000381469727,1.4700000286102295,2243600
2022-11-25,1.4700000286102295,1.5,1.440000057220459,1.5,1682200
2022-11-28,1.399999976158142,1.440000057220459,1.3600000143051147,1.440000057220459,3463400
2022-11-29,1.409999966621399,1.4500000476837158,1.3799999952316284,1.399999976158142,6271100
2022-11-30,1.5,1.5099999904632568,1.3799999952316284,1.4299999475479126,4436600
2022-12-01,1.4600000381469727,1.5499999523162842,1.4199999570846558,1.5,2571900
2022-12-02,1.4700000286102295,1.4800000190734863,1.3899999856948853,1.4199999570846558,2364900
2022-12-05,1.4199999570846558,1.4700000286102295,1.3899999856948853,1.4600000381469727,1538000
2022-12-06,1.3799999952316284,1.4199999570846558,1.3600000143051147,1.409999966621399,1651300
2022-12-07,1.3600000143051147,1.3799999952316284,1.3200000524520874,1.3700000047683716,1846500
2022-12-08,1.350000023841858,1.3899999856948853,1.309999942779541,1.3600000143051147,1642200
2022-12-09,1.3300000429153442,1.3700000047683716,1.3200000524520874,1.3600000143051147,1086800
2022-12-12,1.309999942779541,1.3300000429153442,1.2799999713897705,1.3300000429153442,1511700
2022-12-13,1.309999942779541,1.3700000047683716,1.2899999618530273,1.340000033378601,2834000
2022-12-14,1.2899999618530273,1.3300000429153442,1.2899999618530273,1.2899999618530273,1572400
2022-12-15,1.25,1.350000023841858,1.2400000095367432,1.309999942779541,3015800
2022-12-16,1.25,1.2699999809265137,1.2000000476837158,1.2300000190734863,5134900
2022-12-19,1.149999976158142,1.25,1.1399999856948853,1.25,3261800
2022-12-20,1.1799999475479126,1.190000057220459,1.1299999952316284,1.149999976158142,2329300
2022-12-21,1.1699999570846558,1.2200000286102295,1.149999976158142,1.190000057220459,3122100
2022-12-22,1.1799999475479126,1.1799999475479126,1.1200000047683716,1.149999976158142,2377700
2022-12-23,1.1399999856948853,1.190000057220459,1.1100000143051147,1.159999966621399,1196700
2022-12-27,1.0700000524520874,1.1299999952316284,1.0499999523162842,1.1299999952316284,2419700
2022-12-28,1.0499999523162842,1.090000033378601,1.0299999713897705,1.059999942779541,2963300
2022-12-29,1.2400000095367432,1.2400000095367432,1.0499999523162842,1.0700000524520874,3578100
2022-12-30,1.25,1.25,1.1799999475479126,1.2100000381469727,3093800
2023-01-03,1.2200000286102295,1.2799999713897705,1.1699999570846558,1.2699999809265137,3154400
2023-01-04,1.2799999713897705,1.2899999618530273,1.2000000476837158,1.2200000286102295,2394000
2023-01-05,1.2300000190734863,1.2799999713897705,1.2100000381469727,1.2699999809265137,1911200
2023-01-06,1.2599999904632568,1.2799999713897705,1.2000000476837158,1.2300000190734863,1353700
2023-01-09,1.2400000095367432,1.2699999809265137,1.2000000476837158,1.25,2658700
2023-01-10,1.2699999809265137,1.2699999809265137,1.2200000286102295,1.2300000190734863,1275400
2023-01-11,1.309999942779541,1.3200000524520874,1.2599999904632568,1.2599999904632568,1750600
2023-01-12,1.3300000429153442,1.3300000429153442,1.2899999618530273,1.309999942779541,1406100
2023-01-13,1.5700000524520874,1.600000023841858,1.3300000429153442,1.340000033378601,5511700
2023-01-17,1.590000033378601,1.6699999570846558,1.5199999809265137,1.559999942779541,3838300
2023-01-18,1.6100000143051147,1.6799999475479126,1.590000033378601,1.600000023841858,2576600
2023-01-19,1.4700000286102295,1.600000023841858,1.4600000381469727,1.5800000429153442,2574700
2023-01-20,1.4900000095367432,1.5199999809265137,1.440000057220459,1.5,2182100
2023-01-23,1.399999976158142,1.4600000381469727,1.3700000047683716,1.440000057220459,2958500
2023-01-24,1.3300000429153442,1.399999976158142,1.2899999618530273,1.399999976158142,2593400
2023-01-25,1.309999942779541,1.3300000429153442,1.25,1.2999999523162842,3368200
2023-01-26,1.2599999904632568,1.2899999618530273,1.2200000286102295,1.2899999618530273,2462100
2023-01-27,1.2599999904632568,1.2899999618530273,1.2200000286102295,1.25,3159500
2023-01-30,1.2300000190734863,1.2699999809265137,1.2200000286102295,1.2300000190734863,1998900
2023-01-31,1.2899999618530273,1.2999999523162842,1.25,1.2599999904632568,2290700
2023-02-01,1.3799999952316284,1.440000057220459,1.2699999809265137,1.2899999618530273,4629100
2023-02-02,1.440000057220459,1.4500000476837158,1.3300000429153442,1.4199999570846558,3262200
2023-02-03,1.3899999856948853,1.5099999904632568,1.3899999856948853,1.4600000381469727,2257200
2023-02-06,1.350000023841858,1.409999966621399,1.3200000524520874,1.3700000047683716,1910800
2023-02-07,1.350000023841858,1.3700000047683716,1.309999942779541,1.350000023841858,1723200
2023-02-08,1.2799999713897705,1.350000023841858,1.2799999713897705,1.350000023841858,1275700
2023-02-09,1.25,1.3200000524520874,1.2400000095367432,1.2999999523162842,1855000
2023-02-10,1.25,1.2699999809265137,1.2200000286102295,1.2400000095367432,1482400
2023-02-13,1.25,1.2699999809265137,1.2200000286102295,1.2699999809265137,1975100
2023-02-14,1.190000057220459,1.2599999904632568,1.1699999570846558,1.25,2798300
2023-02-15,1.2100000381469727,1.2200000286102295,1.1799999475479126,1.1799999475479126,1821100
2023-02-16,1.190000057220459,1.2200000286102295,1.1699999570846558,1.2000000476837158,2337100
2023-02-17,1.1799999475479126,1.2100000381469727,1.149999976158142,1.2100000381469727,1590200
2023-02-21,1.090000033378601,1.1699999570846558,1.0800000429153442,1.159999966621399,2976100
2023-02-22,1.059999942779541,1.1100000143051147,1.0499999523162842,1.1100000143051147,2446800
2023-02-23,1.1200000047683716,1.1299999952316284,1.059999942779541,1.100000023841858,2819400
2023-02-24,1.059999942779541,1.0800000429153442,1.0,1.0800000429153442,4933300
2023-02-27,1.1299999952316284,1.149999976158142,1.0800000429153442,1.090000033378601,2701200
2023-02-28,1.1399999856948853,1.159999966621399,1.100000023841858,1.1399999856948853,2819800
2023-03-01,1.1699999570846558,1.1699999570846558,1.1200000047683716,1.149999976158142,3229500
2023-03-02,1.2000000476837158,1.2100000381469727,1.1399999856948853,1.149999976158142,2214800
2023-03-03,1.159999966621399,1.2100000381469727,1.149999976158142,1.190000057220459,1740400
2023-03-06,1.1200000047683716,1.1699999570846558,1.1100000143051147,1.1699999570846558,1081700
2023-03-07,1.059999942779541,1.1200000047683716,1.059999942779541,1.1200000047683716,1382900
2023-03-08,1.1299999952316284,1.3200000524520874,1.1100000143051147,1.2799999713897705,30261300
2023-03-09,1.2100000381469727,1.3200000524520874,1.1299999952316284,1.1399999856948853,10830000
2023-03-10,1.2400000095367432,1.2999999523162842,1.190000057220459,1.2200000286102295,5182100
2023-03-13,1.25,1.2799999713897705,1.2000000476837158,1.2100000381469727,4755800
2023-03-14,1.340000033378601,1.350000023841858,1.25,1.2599999904632568,5070900
2023-03-15,1.3600000143051147,1.3600000143051147,1.2999999523162842,1.3200000524520874,2582400
2023-03-16,1.3899999856948853,1.399999976158142,1.3200000524520874,1.340000033378601,2352700
2023-03-17,1.3600000143051147,1.4199999570846558,1.3300000429153442,1.409999966621399,3689200
2023-03-20,1.350000023841858,1.3799999952316284,1.2799999713897705,1.3799999952316284,4410200
2023-03-21,1.3600000143051147,1.399999976158142,1.3200000524520874,1.3799999952316284,1969800
2023-03-22,1.3200000524520874,1.3799999952316284,1.2999999523162842,1.340000033378601,2366600
2023-03-23,1.2599999904632568,1.3600000143051147,1.25,1.340000033378601,3260000
2023-03-24,1.2999999523162842,1.309999942779541,1.2300000190734863,1.25,1849600
2023-03-27,1.3200000524520874,1.3600000143051147,1.2899999618530273,1.3200000524520874,1213200
2023-03-28,1.3899999856948853,1.440000057220459,1.3200000524520874,1.3200000524520874,2387000
2023-03-29,1.399999976158142,1.4299999475479126,1.3700000047683716,1.4199999570846558,2400300
2023-03-30,1.3899999856948853,1.4299999475479126,1.350000023841858,1.409999966621399,1956300
2023-03-31,1.4600000381469727,1.4900000095367432,1.3899999856948853,1.409999966621399,4763300
2023-04-03,1.5399999618530273,1.5499999523162842,1.4800000190734863,1.5099999904632568,3662600
2023-04-04,1.4600000381469727,1.5399999618530273,1.4199999570846558,1.5399999618530273,3015600
2023-04-05,1.4600000381469727,1.5099999904632568,1.4199999570846558,1.440000057220459,1970900
2023-04-06,1.4600000381469727,1.4700000286102295,1.4299999475479126,1.4700000286102295,1786000
2023-04-10,1.4700000286102295,1.5099999904632568,1.4500000476837158,1.4500000476837158,2427600
2023-04-11,1.4500000476837158,1.5,1.4299999475479126,1.4600000381469727,1660200
2023-04-12,1.4700000286102295,1.5,1.4299999475479126,1.4800000190734863,2945800
2023-04-13,1.5499999523162842,1.5800000429153442,1.4700000286102295,1.4800000190734863,2690600
2023-04-14,1.5499999523162842,1.6200000047683716,1.5199999809265137,1.5800000429153442,3120600
2023-04-17,1.4900000095367432,1.5499999523162842,1.4800000190734863,1.5199999809265137,1986100
2023-04-18,1.4199999570846558,1.5,1.399999976158142,1.4900000095367432,2405900
2023-04-19,1.399999976158142,1.4299999475479126,1.3799999952316284,1.409999966621399,1668300
2023-04-20,1.3899999856948853,1.399999976158142,1.350000023841858,1.3899999856948853,2610100
2023-04-21,1.5199999809265137,1.5299999713897705,1.3799999952316284,1.3799999952316284,2907300
2023-04-24,1.4600000381469727,1.559999942779541,1.4500000476837158,1.5399999618530273,1522200
2023-04-25,1.3700000047683716,1.440000057220459,1.3700000047683716,1.4299999475479126,1954000
2023-04-26,1.3899999856948853,1.409999966621399,1.3600000143051147,1.3799999952316284,1284100
2023-04-27,1.440000057220459,1.440000057220459,1.3799999952316284,1.4199999570846558,937600
2023-04-28,1.4700000286102295,1.4700000286102295,1.4199999570846558,1.4299999475479126,1788800
2023-05-01,1.5099999904632568,1.5399999618530273,1.4700000286102295,1.4800000190734863,2177600
2023-05-02,1.4700000286102295,1.5299999713897705,1.440000057220459,1.5199999809265137,1512400
2023-05-03,1.5299999713897705,1.5700000524520874,1.4700000286102295,1.4800000190734863,2342700
2023-05-04,1.690000057220459,1.7200000286102295,1.5700000524520874,1.5800000429153442,4483300
2023-05-05,1.8300000429153442,1.850000023841858,1.7100000381469727,1.7100000381469727,3829300
2023-05-08,1.8600000143051147,1.909999966621399,1.8200000524520874,1.899999976158142,3281000
2023-05-09,1.850000023841858,1.8600000143051147,1.809999942779541,1.850000023841858,2087600
2023-05-10,1.8300000429153442,1.8899999856948853,1.7899999618530273,1.8799999952316284,2168000
2023-05-11,1.7799999713897705,1.8700000047683716,1.7699999809265137,1.8600000143051147,2201000
2023-05-12,1.7200000286102295,1.7699999809265137,1.690000057220459,1.7699999809265137,2952500
2023-05-15,1.7200000286102295,1.7599999904632568,1.7000000476837158,1.7300000190734863,1840300
2023-05-16,1.6200000047683716,1.7300000190734863,1.6200000047683716,1.7300000190734863,2123300
2023-05-17,1.6399999856948853,1.6399999856948853,1.5800000429153442,1.6299999952316284,2353300
2023-05-18,1.5800000429153442,1.6799999475479126,1.5499999523162842,1.649999976158142,3193700
2023-05-19,1.5499999523162842,1.6299999952316284,1.5299999713897705,1.6100000143051147,2012500
2023-05-22,1.5,1.5499999523162842,1.4900000095367432,1.5299999713897705,2541200
2023-05-23,1.5700000524520874,1.590000033378601,1.4900000095367432,1.4900000095367432,3108200
2023-05-24,1.4900000095367432,1.559999942779541,1.4800000190734863,1.5399999618530273,1713200
2023-05-25,1.4199999570846558,1.5,1.399999976158142,1.4800000190734863,2095400
2023-05-26,1.409999966621399,1.4299999475479126,1.3700000047683716,1.399999976158142,2182800
2023-05-30,1.3899999856948853,1.4500000476837158,1.3700000047683716,1.440000057220459,1959200
2023-05-31,1.3899999856948853,1.4199999570846558,1.340000033378601,1.3899999856948853,3566000
2023-06-01,1.399999976158142,1.409999966621399,1.340000033378601,1.3700000047683716,1980200
2023-06-02,1.4500000476837158,1.4700000286102295,1.399999976158142,1.409999966621399,3100700
2023-06-05,1.4500000476837158,1.4900000095367432,1.4500000476837158,1.4600000381469727,1776300
2023-06-06,1.5199999809265137,1.5399999618530273,1.4299999475479126,1.440000057220459,3722100
2023-06-07,1.5800000429153442,1.649999976158142,1.5399999618530273,1.559999942779541,3925200
2023-06-08,1.6200000047683716,1.6399999856948853,1.5700000524520874,1.590000033378601,2322200
2023-06-09,1.559999942779541,1.659999966621399,1.5199999809265137,1.6399999856948853,2444100
2023-06-12,1.5399999618530273,1.5800000429153442,1.5299999713897705,1.5700000524520874,2709700
2023-06-13,1.5399999618530273,1.5800000429153442,1.5099999904632568,1.5499999523162842,3854000
2023-06-14,1.5299999713897705,1.5800000429153442,1.4900000095367432,1.559999942779541,3456800
2023-06-15,1.5199999809265137,1.5499999523162842,1.4900000095367432,1.5299999713897705,3478600
2023-06-16,1.5499999523162842,1.5700000524520874,1.5099999904632568,1.5299999713897705,4685900
2023-06-20,1.649999976158142,1.6699999570846558,1.5499999523162842,1.5700000524520874,3515900
2023-06-21,1.6299999952316284,1.649999976158142,1.600000023841858,1.6399999856948853,2507200
2023-06-22,1.6100000143051147,1.6399999856948853,1.600000023841858,1.6200000047683716,1384800
2023-06-23,1.600000023841858,1.6200000047683716,1.559999942779541,1.590000033378601,3272100
2023-06-26,1.6200000047683716,1.649999976158142,1.600000023841858,1.6100000143051147,1932500
2023-06-27,1.659999966621399,1.6699999570846558,1.6200000047683716,1.6200000047683716,1575500
2023-06-28,1.7200000286102295,2.0799999237060547,1.659999966621399,2.059999942779541,44901900
2023-06-29,1.9600000381469727,1.9700000286102295,1.7000000476837158,1.7200000286102295,14860700
2023-06-30,2.1700000762939453,2.240000009536743,1.9199999570846558,1.940000057220459,11716200
2023-07-03,2.130000114440918,2.190000057220459,2.119999885559082,2.1500000953674316,3264400
2023-07-05,2.0999999046325684,2.240000009536743,2.0999999046325684,2.140000104904175,4580400
2023-07-06,2.059999942779541,2.0999999046325684,2.0,2.0799999237060547,3268100
2023-07-07,2.049999952316284,2.0899999141693115,2.0199999809265137,2.0399999618530273,2619200
2023-07-10,2.109999895095825,2.1500000953674316,2.0299999713897705,2.0399999618530273,3108100
2023-07-11,2.1500000953674316,2.1600000858306885,2.0799999237060547,2.0899999141693115,2322200
2023-07-12,2.1500000953674316,2.1700000762939453,2.0899999141693115,2.1500000953674316,2659200
2023-07-13,2.0899999141693115,2.119999885559082,2.069999933242798,2.119999885559082,2565300
2023-07-14,2.0899999141693115,2.0999999046325684,2.0399999618530273,2.069999933242798,2958300
2023-07-17,2.119999885559082,2.119999885559082,2.049999952316284,2.069999933242798,3512400
2023-07-18,2.1700000762939453,2.2200000286102295,2.0799999237060547,2.109999895095825,3362500
2023-07-19,2.1500000953674316,2.1700000762939453,2.119999885559082,2.1600000858306885,4260500
2023-07-20,2.119999885559082,2.1600000858306885,2.0999999046325684,2.130000114440918,1725200
2023-07-21,2.049999952316284,2.109999895095825,2.009999990463257,2.109999895095825,3118300
2023-07-24,1.840000033378601,2.0199999809265137,1.8300000429153442,2.0,4228700
2023-07-25,1.809999942779541,1.8600000143051147,1.7999999523162842,1.8200000524520874,2054100
2023-07-26,1.7799999713897705,1.8200000524520874,1.7699999809265137,1.7799999713897705,2026600
2023-07-27,1.7799999713897705,1.8300000429153442,1.7599999904632568,1.809999942779541,1929800
2023-07-28,1.8600000143051147,1.8700000047683716,1.7000000476837158,1.7899999618530273,2302000
2023-07-31,1.8600000143051147,1.8799999952316284,1.8300000429153442,1.850000023841858,2925500
2023-08-01,1.8200000524520874,1.909999966621399,1.809999942779541,1.8799999952316284,1829200
2023-08-02,1.7599999904632568,1.7899999618530273,1.75,1.7599999904632568,2247100
2023-08-03,1.850000023841858,1.8799999952316284,1.7300000190734863,1.7400000095367432,3953200
2023-08-04,1.9900000095367432,2.1700000762939453,1.909999966621399,1.9800000190734863,6908200
2023-08-07,1.8200000524520874,2.0299999713897705,1.809999942779541,2.0199999809265137,4501200
2023-08-08,1.8799999952316284,1.9299999475479126,1.8300000429153442,1.840000033378601,2668100
2023-08-09,1.7699999809265137,1.899999976158142,1.7599999904632568,1.8899999856948853,2968900
2023-08-10,1.8200000524520874,1.899999976158142,1.7899999618530273,1.7999999523162842,2424800
2023-08-11,1.809999942779541,1.840000033378601,1.7899999618530273,1.8200000524520874,2529400
2023-08-14,1.75,1.7999999523162842,1.7400000095367432,1.7999999523162842,1746900
2023-08-15,1.8200000524520874,1.9500000476837158,1.7400000095367432,1.7400000095367432,3815900
2023-08-16,1.7899999618530273,1.850000023841858,1.7899999618530273,1.809999942779541,2846200
2023-08-17,1.7400000095367432,1.8200000524520874,1.7300000190734863,1.809999942779541,2632500
2023-08-18,1.75,1.7899999618530273,1.7300000190734863,1.7400000095367432,1680200
2023-08-21,1.7000000476837158,1.7699999809265137,1.690000057220459,1.7699999809265137,1765200
2023-08-22,1.7000000476837158,1.7699999809265137,1.6699999570846558,1.7100000381469727,1783300
2023-08-23,1.7999999523162842,1.8799999952316284,1.7300000190734863,1.7400000095367432,3162500
2023-08-24,1.7400000095367432,1.809999942779541,1.7400000095367432,1.809999942779541,1502100
2023-08-25,1.7300000190734863,1.7699999809265137,1.7000000476837158,1.75,1435800
2023-08-28,1.7300000190734863,1.7899999618530273,1.7200000286102295,1.7599999904632568,1812700
2023-08-29,1.7699999809265137,1.7999999523162842,1.7200000286102295,1.7200000286102295,10049200
2023-08-30,1.8600000143051147,1.899999976158142,1.7599999904632568,1.7699999809265137,2670700
2023-08-31,1.8300000429153442,1.8899999856948853,1.8300000429153442,1.8799999952316284,2387300
2023-09-01,1.809999942779541,1.8799999952316284,1.7999999523162842,1.850000023841858,1378800
2023-09-05,1.7400000095367432,1.840000033378601,1.7300000190734863,1.8200000524520874,1709400
2023-09-06,1.7599999904632568,1.7699999809265137,1.7200000286102295,1.75,1209300
2023-09-07,1.7100000381469727,1.7699999809265137,1.7100000381469727,1.7300000190734863,1595400
2023-09-08,1.7100000381469727,1.7200000286102295,1.690000057220459,1.7100000381469727,1479900
2023-09-11,1.7200000286102295,1.75,1.7200000286102295,1.7300000190734863,1134100
2023-09-12,1.6799999475479126,1.7599999904632568,1.6699999570846558,1.7300000190734863,2020500
2023-09-13,1.6399999856948853,1.7100000381469727,1.6200000047683716,1.6799999475479126,1560700
2023-09-14,1.649999976158142,1.6799999475479126,1.6299999952316284,1.6399999856948853,1755700
2023-09-15,1.6399999856948853,1.6799999475479126,1.6100000143051147,1.6699999570846558,4291900
2023-09-18,1.6200000047683716,1.659999966621399,1.6200000047683716,1.6399999856948853,1356400
2023-09-19,1.659999966621399,1.6699999570846558,1.6200000047683716,1.6299999952316284,1879300
2023-09-20,1.6399999856948853,1.7000000476837158,1.6299999952316284,1.6299999952316284,1957500
2023-09-21,1.6200000047683716,1.649999976158142,1.590000033378601,1.6299999952316284,2171800
2023-09-22,1.6200000047683716,1.649999976158142,1.600000023841858,1.6399999856948853,3906700
2023-09-25,1.600000023841858,1.6100000143051147,1.559999942779541,1.6100000143051147,1374800
2023-09-26,1.5700000524520874,1.6399999856948853,1.5700000524520874,1.6100000143051147,1510900
2023-09-27,1.559999942779541,1.6100000143051147,1.5199999809265137,1.590000033378601,1495900
2023-09-28,1.5,1.5800000429153442,1.4800000190734863,1.559999942779541,3055200
2023-09-29,1.600000023841858,1.600000023841858,1.5199999809265137,1.5700000524520874,3186600
2023-10-02,1.5299999713897705,1.600000023841858,1.5,1.590000033378601,1975700
2023-10-03,1.4900000095367432,1.5399999618530273,1.4600000381469727,1.5299999713897705,1984100
2023-10-04,1.5,1.5299999713897705,1.4299999475479126,1.4700000286102295,1815600
2023-10-05,1.5099999904632568,1.5399999618530273,1.4600000381469727,1.4900000095367432,1721300
2023-10-06,1.5199999809265137,1.5299999713897705,1.4700000286102295,1.4900000095367432,1490700
2023-10-09,1.5,1.5199999809265137,1.4600000381469727,1.4900000095367432,1635300
2023-10-10,1.5,1.559999942779541,1.4900000095367432,1.5,1475800
2023-10-11,1.4299999475479126,1.5099999904632568,1.4299999475479126,1.4900000095367432,1495900
2023-10-12,1.3799999952316284,1.4199999570846558,1.3799999952316284,1.4199999570846558,2856200
2023-10-13,1.350000023841858,1.3899999856948853,1.2799999713897705,1.3799999952316284,2443500
2023-10-16,1.3200000524520874,1.3600000143051147,1.2699999809265137,1.3600000143051147,2807700
2023-10-17,1.3300000429153442,1.3600000143051147,1.2999999523162842,1.309999942779541,1454100
2023-10-18,1.2999999523162842,1.3300000429153442,1.2699999809265137,1.2999999523162842,2400400
2023-10-19,1.2799999713897705,1.2999999523162842,1.2699999809265137,1.2799999713897705,1348400
2023-10-20,1.2899999618530273,1.309999942779541,1.2300000190734863,1.2899999618530273,1970100
2023-10-23,1.2599999904632568,1.309999942779541,1.2400000095367432,1.25,2883200
2023-10-24,1.3200000524520874,1.350000023841858,1.2699999809265137,1.2699999809265137,2068600
2023-10-25,1.2699999809265137,1.3200000524520874,1.2699999809265137,1.2899999618530273,1174000
2023-10-26,1.2599999904632568,1.2799999713897705,1.2300000190734863,1.2599999904632568,1616600
2023-10-27,1.2300000190734863,1.2899999618530273,1.2200000286102295,1.2599999904632568,1418300
2023-10-30,1.2300000190734863,1.25,1.2000000476837158,1.2400000095367432,1377900
2023-10-31,1.25,1.2599999904632568,1.2200000286102295,1.2200000286102295,2363200
2023-11-01,1.25,1.2599999904632568,1.2200000286102295,1.2400000095367432,1958900
2023-11-02,1.2799999713897705,1.2999999523162842,1.25,1.2699999809265137,2955000
2023-11-03,1.350000023841858,1.3700000047683716,1.2999999523162842,1.2999999523162842,1972400
2023-11-06,1.340000033378601,1.3600000143051147,1.309999942779541,1.350000023841858,1572800
2023-11-07,1.340000033378601,1.399999976158142,1.2999999523162842,1.2999999523162842,3101300
2023-11-08,1.340000033378601,1.3799999952316284,1.2999999523162842,1.350000023841858,1606400
2023-11-09,1.2799999713897705,1.340000033378601,1.25,1.3300000429153442,1980700
2023-11-10,1.2599999904632568,1.2999999523162842,1.2200000286102295,1.2999999523162842,2483400
2023-11-13,1.2799999713897705,1.3300000429153442,1.25,1.2699999809265137,1740600
2023-11-14,1.3899999856948853,1.399999976158142,1.309999942779541,1.309999942779541,2177600
2023-11-15,1.4199999570846558,1.4800000190734863,1.3899999856948853,1.3899999856948853,2191200
2023-11-16,1.4299999475479126,1.440000057220459,1.3700000047683716,1.440000057220459,1650500
2023-11-17,1.4299999475479126,1.4500000476837158,1.399999976158142,1.440000057220459,1287000
2023-11-20,1.4800000190734863,1.5,1.4199999570846558,1.440000057220459,2994700
2023-11-21,1.5099999904632568,1.5099999904632568,1.4299999475479126,1.4900000095367432,1413200
2023-11-22,1.5299999713897705,1.5700000524520874,1.5099999904632568,1.5299999713897705,1858800
2023-11-24,1.5099999904632568,1.5700000524520874,1.5099999904632568,1.5499999523162842,576100
2023-11-27,1.5700000524520874,1.5800000429153442,1.5,1.5199999809265137,1810000
2023-11-28,1.559999942779541,1.5700000524520874,1.5199999809265137,1.5700000524520874,1298600
2023-11-29,1.5299999713897705,1.6200000047683716,1.5199999809265137,1.559999942779541,1609500
2023-11-30,1.4600000381469727,1.5499999523162842,1.4600000381469727,1.5199999809265137,4083100
2023-12-01,1.5299999713897705,1.5399999618530273,1.4299999475479126,1.4500000476837158,1602400
2023-12-04,1.6200000047683716,1.6399999856948853,1.5299999713897705,1.5299999713897705,2443400
2023-12-05,1.590000033378601,1.659999966621399,1.590000033378601,1.6200000047683716,2143900
2023-12-06,1.600000023841858,1.6399999856948853,1.590000033378601,1.600000023841858,1913700
2023-12-07,1.600000023841858,1.6299999952316284,1.5800000429153442,1.6100000143051147,1405000
2023-12-08,1.6299999952316284,1.6299999952316284,1.559999942779541,1.600000023841858,1105700
2023-12-11,1.5299999713897705,1.6100000143051147,1.5199999809265137,1.600000023841858,2041600
2023-12-12,1.4600000381469727,1.5299999713897705,1.4500000476837158,1.5299999713897705,1599700
2023-12-13,1.5399999618530273,1.559999942779541,1.4299999475479126,1.4600000381469727,1983100
2023-12-14,1.6200000047683716,1.659999966621399,1.5399999618530273,1.5399999618530273,2904800
2023-12-15,1.5499999523162842,1.649999976158142,1.5299999713897705,1.6299999952316284,4438600
2023-12-18,1.5399999618530273,1.5499999523162842,1.5,1.5499999523162842,1777300
2023-12-19,1.6200000047683716,1.6200000047683716,1.5399999618530273,1.5499999523162842,2074000
2023-12-20,1.559999942779541,1.659999966621399,1.5499999523162842,1.600000023841858,1781800
2023-12-21,1.600000023841858,1.600000023841858,1.5499999523162842,1.5700000524520874,1824600
2023-12-22,1.600000023841858,1.6399999856948853,1.5700000524520874,1.600000023841858,1835000
2023-12-26,1.6200000047683716,1.6299999952316284,1.5800000429153442,1.6100000143051147,1568600
2023-12-27,1.5800000429153442,1.659999966621399,1.559999942779541,1.6299999952316284,3495000
2023-12-28,1.5800000429153442,1.600000023841858,1.5399999618530273,1.5700000524520874,1930700
2023-12-29,1.5099999904632568,1.590000033378601,1.4900000095367432,1.5700000524520874,2760800
2024-01-02,1.5700000524520874,1.5700000524520874,1.5,1.5099999904632568,2092900
2024-01-03,1.5,1.559999942779541,1.4900000095367432,1.5499999523162842,3383200
2024-01-04,0.9100000262260437,1.2200000286102295,0.8700000047683716,1.2200000286102295,89852600
2024-01-05,0.8899999856948853,0.949999988079071,0.8500000238418579,0.9200000166893005,160753100
2024-01-08,1.0,1.0299999713897705,0.9100000262260437,0.9300000071525574,78236100
2024-01-09,1.0399999618530273,1.1100000143051147,0.9900000095367432,1.0,20161100
2024-01-10,1.0099999904632568,1.090000033378601,0.9700000286102295,1.059999942779541,24915700
2024-01-11,0.949999988079071,1.0299999713897705,0.9300000071525574,1.0199999809265137,30038800
2024-01-12,0.9800000190734863,1.0099999904632568,0.949999988079071,0.9599999785423279,13523600
2024-01-16,0.9399999976158142,0.9900000095367432,0.9300000071525574,0.9800000190734863,8197800
2024-01-17,0.9900000095367432,1.0099999904632568,0.9399999976158142,0.949999988079071,9797000
2024-01-18,0.9800000190734863,1.0499999523162842,0.949999988079071,1.0199999809265137,8373100
2024-01-19,1.0,1.0099999904632568,0.949999988079071,1.0,5866100
2024-01-22,1.0099999904632568,1.0199999809265137,0.9700000286102295,1.0,6691700
2024-01-23,1.0,1.0199999809265137,0.9800000190734863,1.0099999904632568,6558200
2024-01-24,1.0,1.059999942779541,0.9900000095367432,1.0299999713897705,5726000
2024-01-25,0.9900000095367432,1.0099999904632568,0.9700000286102295,1.0099999904632568,14138500
2024-01-26,0.9800000190734863,1.0,0.9800000190734863,1.0,11059600
2024-01-29,1.0199999809265137,1.0499999523162842,0.9700000286102295,0.9900000095367432,10715100
2024-01-30,1.0099999904632568,1.0499999523162842,0.9900000095367432,1.0499999523162842,3427800
2024-01-31,1.0199999809265137,1.059999942779541,1.0099999904632568,1.0099999904632568,4736800
2024-02-01,1.0099999904632568,1.0499999523162842,0.9900000095367432,1.0399999618530273,7121200
2024-02-02,1.0,1.0099999904632568,0.9700000286102295,1.0,15007500
2024-02-05,0.9700000286102295,1.0099999904632568,0.9700000286102295,1.0,8355300
2024-02-06,0.9800000190734863,1.0099999904632568,0.9700000286102295,0.9800000190734863,8688000
2024-02-07,1.0,1.0199999809265137,0.9200000166893005,0.9900000095367432,16243600
2024-02-08,1.0199999809265137,1.0399999618530273,0.9900000095367432,0.9900000095367432,4085500
2024-02-09,1.0499999523162842,1.0700000524520874,1.0099999904632568,1.0199999809265137,3556000
2024-02-12,1.0399999618530273,1.0499999523162842,1.0299999713897705,1.0399999618530273,2938900
2024-02-13,1.0,1.0399999618530273,1.0,1.0299999713897705,2499400
2024-02-14,1.0299999713897705,1.0299999713897705,1.0,1.0099999904632568,1937900
2024-02-15,1.0199999809265137,1.0700000524520874,1.0,1.0499999523162842,3028200
2024-02-16,1.0099999904632568,1.0399999618530273,1.0099999904632568,1.0199999809265137,1971100
2024-02-20,1.0299999713897705,1.0499999523162842,1.0199999809265137,1.0199999809265137,2723200
2024-02-21,1.0099999904632568,1.0299999713897705,0.9399999976158142,1.0299999713897705,26670700
2024-02-22,0.9700000286102295,1.0399999618530273,0.9599999785423279,1.0199999809265137,8706400
2024-02-23,0.949999988079071,1.0,0.9399999976158142,1.0,6491800
2024-02-26,1.0,1.0099999904632568,0.9599999785423279,0.9599999785423279,7285100
2024-02-27,1.0499999523162842,1.0700000524520874,0.9900000095367432,1.0099999904632568,10370100
2024-02-28,0.9900000095367432,1.0099999904632568,0.949999988079071,1.0,12950500
2024-02-29,1.0,1.0199999809265137,0.9800000190734863,1.0,5050100
2024-03-01,0.9900000095367432,1.0099999904632568,0.9900000095367432,1.0,8760500
2024-03-04,1.0,1.0099999904632568,0.9800000190734863,0.9800000190734863,3206800
2024-03-05,0.9300000071525574,1.0099999904632568,0.9200000166893005,0.9900000095367432,15563200
2024-03-06,0.9399999976158142,0.9700000286102295,0.9300000071525574,0.9700000286102295,12624900
2024-03-07,0.949999988079071,0.9800000190734863,0.9399999976158142,0.9599999785423279,6690400
2024-03-08,0.9599999785423279,1.0,0.9300000071525574,0.9599999785423279,8912900
2024-03-11,0.9399999976158142,0.9700000286102295,0.9399999976158142,0.9599999785423279,7665700
2024-03-12,0.9300000071525574,0.9399999976158142,0.9200000166893005,0.9300000071525574,6028700
2024-03-13,0.9200000166893005,0.9399999976158142,0.9100000262260437,0.9399999976158142,9752700
2024-03-14,0.8899999856948853,0.9300000071525574,0.8799999952316284,0.9300000071525574,10628100
2024-03-15,0.8899999856948853,0.9200000166893005,0.8899999856948853,0.8999999761581421,9806700
2024-03-18,0.8700000047683716,0.9100000262260437,0.8600000143051147,0.8999999761581421,10704700
2024-03-19,0.8700000047683716,0.8799999952316284,0.8600000143051147,0.8700000047683716,9353000
2024-03-20,0.8899999856948853,0.9200000166893005,0.8700000047683716,0.8799999952316284,17251000
2024-03-21,0.9300000071525574,1.0099999904632568,0.8899999856948853,0.8899999856948853,21709700
2024-03-22,0.9599999785423279,0.9900000095367432,0.9200000166893005,0.9800000190734863,25547000
2024-03-25,1.0099999904632568,1.0099999904632568,0.9200000166893005,0.9599999785423279,29847800
2024-03-26,1.0099999904632568,1.0099999904632568,0.9900000095367432,1.0,3616400
2024-03-27,1.0700000524520874,1.1100000143051147,1.0,1.0,11816700
2024-03-28,1.2000000476837158,1.25,1.1200000047683716,1.1299999952316284,28900600
2024-04-01,1.309999942779541,1.3600000143051147,1.190000057220459,1.2000000476837158,14490500
2024-04-02,1.350000023841858,1.3700000047683716,1.2300000190734863,1.2599999904632568,10991400
2024-04-03,1.350000023841858,1.399999976158142,1.3200000524520874,1.3300000429153442,11598600
2024-04-04,1.3600000143051147,1.399999976158142,1.350000023841858,1.350000023841858,6175200
2024-04-05,1.350000023841858,1.3700000047683716,1.3300000429153442,1.3600000143051147,4288400
2024-04-08,1.399999976158142,1.4299999475479126,1.3600000143051147,1.3700000047683716,8682200
2024-04-09,1.3799999952316284,1.4299999475479126,1.3600000143051147,1.399999976158142,14155400
2024-04-10,1.2699999809265137,1.340000033378601,1.2100000381469727,1.340000033378601,12158400
2024-04-11,1.2899999618530273,1.2899999618530273,1.2100000381469727,1.2699999809265137,3358600
2024-04-12,1.2300000190734863,1.2699999809265137,1.2100000381469727,1.2599999904632568,4737700
2024-04-15,1.2300000190734863,1.2699999809265137,1.2100000381469727,1.2400000095367432,3731500
2024-04-16,1.2100000381469727,1.25,1.2000000476837158,1.25,4061900
2024-04-17,1.25,1.2599999904632568,1.2100000381469727,1.2200000286102295,4733300
2024-04-18,1.2300000190734863,1.2599999904632568,1.2000000476837158,1.25,4096900
2024-04-19,1.2300000190734863,1.2400000095367432,1.2000000476837158,1.2000000476837158,2666400
2024-04-22,1.2300000190734863,1.2799999713897705,1.2200000286102295,1.2400000095367432,3626900
2024-04-23,1.25,1.2599999904632568,1.2300000190734863,1.2300000190734863,2387300
2024-04-24,1.2300000190734863,1.2699999809265137,1.2100000381469727,1.2599999904632568,6063800
2024-04-25,1.2200000286102295,1.2300000190734863,1.190000057220459,1.2000000476837158,4751400
2024-04-26,1.2599999904632568,1.2599999904632568,1.2200000286102295,1.2200000286102295,1947700
2024-04-29,1.2400000095367432,1.309999942779541,1.2400000095367432,1.2599999904632568,4186000
2024-04-30,1.2200000286102295,1.2699999809265137,1.2100000381469727,1.2300000190734863,3102800
2024-05-01,1.2699999809265137,1.2799999713897705,1.2200000286102295,1.25,5334900
2024-05-02,1.2999999523162842,1.309999942779541,1.2699999809265137,1.2899999618530273,6781700
2024-05-03,1.2999999523162842,1.350000023841858,1.2899999618530273,1.3200000524520874,4487700
2024-05-06,1.3200000524520874,1.340000033378601,1.2899999618530273,1.2899999618530273,3116800
2024-05-07,1.2999999523162842,1.340000033378601,1.2999999523162842,1.309999942779541,4736100
2024-05-08,1.25,1.25,1.149999976158142,1.1699999570846558,5449000
2024-05-09,1.2599999904632568,1.2599999904632568,1.2300000190734863,1.2300000190734863,1717300
2024-05-10,1.2799999713897705,1.2899999618530273,1.2400000095367432,1.2599999904632568,2103500
2024-05-13,1.2599999904632568,1.309999942779541,1.2599999904632568,1.2799999713897705,2245000
2024-05-14,1.309999942779541,1.3300000429153442,1.25,1.25,3857400
2024-05-15,1.350000023841858,1.3600000143051147,1.2899999618530273,1.2999999523162842,3122000
2024-05-16,1.2999999523162842,1.350000023841858,1.2899999618530273,1.3300000429153442,2169600
2024-05-17,1.3200000524520874,1.3600000143051147,1.2599999904632568,1.2999999523162842,2821700
2024-05-20,1.3200000524520874,1.3600000143051147,1.309999942779541,1.3300000429153442,2380500
2024-05-21,1.2999999523162842,1.3300000429153442,1.2699999809265137,1.3200000524520874,3206500
2024-05-22,1.3200000524520874,1.3300000429153442,1.2899999618530273,1.2999999523162842,1854100
2024-05-23,1.2799999713897705,1.3300000429153442,1.2599999904632568,1.309999942779541,2785300
2024-05-24,1.3600000143051147,1.3600000143051147,1.2799999713897705,1.309999942779541,2345000
2024-05-28,1.3600000143051147,1.399999976158142,1.350000023841858,1.3600000143051147,3297700
2024-05-29,1.3700000047683716,1.399999976158142,1.3200000524520874,1.340000033378601,5015700
2024-05-30,1.409999966621399,1.4500000476837158,1.3700000047683716,1.3700000047683716,4393100
2024-05-31,1.3700000047683716,1.440000057220459,1.3700000047683716,1.4199999570846558,8920900
2024-06-03,1.4199999570846558,1.4299999475479126,1.3799999952316284,1.3799999952316284,3740600
2024-06-04,1.399999976158142,1.440000057220459,1.399999976158142,1.4199999570846558,8700800
2024-06-05,1.409999966621399,1.4199999570846558,1.3899999856948853,1.399999976158142,2882400
2024-06-06,1.340000033378601,1.399999976158142,1.340000033378601,1.3799999952316284,2250700
2024-06-07,1.2899999618530273,1.340000033378601,1.2799999713897705,1.340000033378601,2898700
2024-06-10,1.2999999523162842,1.2999999523162842,1.25,1.2599999904632568,1895400
2024-06-11,1.3200000524520874,1.3300000429153442,1.25,1.2699999809265137,6245000
2024-06-12,1.309999942779541,1.3700000047683716,1.2999999523162842,1.350000023841858,3570200
2024-06-13,1.2799999713897705,1.3300000429153442,1.2400000095367432,1.2999999523162842,3061000
2024-06-14,1.25,1.2699999809265137,1.2200000286102295,1.25,1836000
2024-06-17,1.25,1.2599999904632568,1.2200000286102295,1.2200000286102295,2195500
2024-06-18,1.2599999904632568,1.2599999904632568,1.2300000190734863,1.2400000095367432,1588400
2024-06-20,1.2400000095367432,1.2599999904632568,1.2300000190734863,1.25,1972000
2024-06-21,1.2200000286102295,1.25,1.2000000476837158,1.2200000286102295,8281300
2024-06-24,1.309999942779541,1.3300000429153442,1.2200000286102295,1.2200000286102295,3455000
2024-06-25,1.2899999618530273,1.340000033378601,1.2899999618530273,1.3200000524520874,2243600
2024-06-26,1.2799999713897705,1.2899999618530273,1.25,1.2699999809265137,1875400
2024-06-27,1.2599999904632568,1.2799999713897705,1.2300000190734863,1.2699999809265137,1895500
2024-06-28,1.25,1.2899999618530273,1.2100000381469727,1.2699999809265137,9359500
2024-07-01,1.2300000190734863,1.25,1.2200000286102295,1.2300000190734863,1892500
2024-07-02,1.2100000381469727,1.2400000095367432,1.2100000381469727,1.2300000190734863,1385400
2024-07-03,1.2200000286102295,1.2400000095367432,1.2000000476837158,1.2100000381469727,833400
2024-07-05,1.2599999904632568,1.2599999904632568,1.190000057220459,1.2100000381469727,1872600
2024-07-08,1.2899999618530273,1.309999942779541,1.2699999809265137,1.2699999809265137,1628900
2024-07-09,1.2899999618530273,1.2999999523162842,1.2699999809265137,1.2999999523162842,2162700
2024-07-10,1.3200000524520874,1.3200000524520874,1.2899999618530273,1.2999999523162842,1253600
2024-07-11,1.3700000047683716,1.4199999570846558,1.3200000524520874,1.340000033378601,6022200
2024-07-12,1.3799999952316284,1.399999976158142,1.350000023841858,1.3700000047683716,1371500
2024-07-15,1.4299999475479126,1.4700000286102295,1.3899999856948853,1.3899999856948853,5852200
2024-07-16,1.440000057220459,1.4700000286102295,1.4199999570846558,1.4500000476837158,7624600
2024-07-17,1.4199999570846558,1.440000057220459,1.3799999952316284,1.4299999475479126,3218200
2024-07-18,1.5199999809265137,1.559999942779541,1.4600000381469727,1.5299999713897705,10413100
2024-07-19,1.4900000095367432,1.5499999523162842,1.4600000381469727,1.5099999904632568,4109200
2024-07-22,1.4600000381469727,1.5299999713897705,1.440000057220459,1.5099999904632568,4068600
2024-07-23,1.440000057220459,1.4700000286102295,1.4199999570846558,1.440000057220459,3020800
2024-07-24,1.4199999570846558,1.4500000476837158,1.399999976158142,1.4299999475479126,2297100
2024-07-25,1.4199999570846558,1.440000057220459,1.3899999856948853,1.4199999570846558,2738300
2024-07-26,1.4800000190734863,1.4800000190734863,1.3899999856948853,1.440000057220459,2905000
2024-07-29,1.4299999475479126,1.4700000286102295,1.399999976158142,1.4700000286102295,1799900
2024-07-30,1.4299999475479126,1.4500000476837158,1.4299999475479126,1.4299999475479126,1338600
2024-07-31,1.4199999570846558,1.4800000190734863,1.409999966621399,1.440000057220459,1592200
2024-08-01,1.3799999952316284,1.4199999570846558,1.350000023841858,1.4199999570846558,2648600
2024-08-02,1.350000023841858,1.399999976158142,1.3200000524520874,1.3700000047683716,2309500
2024-08-05,1.309999942779541,1.340000033378601,1.2300000190734863,1.25,3280000
2024-08-06,1.340000033378601,1.3600000143051147,1.2899999618530273,1.2899999618530273,1261700
2024-08-07,1.2799999713897705,1.3600000143051147,1.25,1.350000023841858,2590300
2024-08-08,1.4299999475479126,1.5,1.3600000143051147,1.3600000143051147,5559200
2024-08-09,1.5,1.5,1.3899999856948853,1.409999966621399,6310100
2024-08-12,1.5,1.5199999809265137,1.4800000190734863,1.4900000095367432,2532600
2024-08-13,1.5199999809265137,1.5399999618530273,1.4600000381469727,1.5099999904632568,2635500
2024-08-14,1.5299999713897705,1.5499999523162842,1.5,1.5399999618530273,1800900
2024-08-15,1.5800000429153442,1.600000023841858,1.5399999618530273,1.5499999523162842,4256900
2024-08-16,1.5499999523162842,1.590000033378601,1.5399999618530273,1.5800000429153442,1528700
2024-08-19,1.5499999523162842,1.600000023841858,1.5299999713897705,1.5399999618530273,3031400
2024-08-20,1.5800000429153442,1.590000033378601,1.5299999713897705,1.5499999523162842,2799900
2024-08-21,1.6200000047683716,1.6200000047683716,1.5299999713897705,1.5800000429153442,4229500
2024-08-22,1.6100000143051147,1.6399999856948853,1.559999942779541,1.6299999952316284,2487100
2024-08-23,1.6100000143051147,1.649999976158142,1.5800000429153442,1.6299999952316284,1800200
2024-08-26,1.6200000047683716,1.6399999856948853,1.590000033378601,1.6200000047683716,3023100
2024-08-27,1.649999976158142,1.690000057220459,1.559999942779541,1.6200000047683716,2537900
2024-08-28,1.649999976158142,1.690000057220459,1.600000023841858,1.6699999570846558,2514800
2024-08-29,1.590000033378601,1.659999966621399,1.590000033378601,1.6399999856948853,3969100
2024-08-30,1.6799999475479126,1.7400000095367432,1.6100000143051147,1.6200000047683716,4870500
2024-09-03,1.6200000047683716,1.7100000381469727,1.590000033378601,1.6799999475479126,3351000
2024-09-04,1.6200000047683716,1.6799999475479126,1.6100000143051147,1.6100000143051147,2454200
2024-09-05,1.600000023841858,1.6200000047683716,1.5199999809265137,1.5700000524520874,3067800
2024-09-06,1.559999942779541,1.6100000143051147,1.5199999809265137,1.5499999523162842,3177900
2024-09-09,1.559999942779541,1.600000023841858,1.4900000095367432,1.5,3319200
2024-09-10,1.590000033378601,1.6299999952316284,1.5,1.5,3483300
2024-09-11,1.559999942779541,1.590000033378601,1.5099999904632568,1.5499999523162842,3308400
2024-09-12,1.5499999523162842,1.5700000524520874,1.4900000095367432,1.5399999618530273,3018300
2024-09-13,1.5700000524520874,1.600000023841858,1.5099999904632568,1.5199999809265137,2171200
2024-09-16,1.6399999856948853,1.6699999570846558,1.5099999904632568,1.5199999809265137,3411900
2024-09-17,1.659999966621399,1.75,1.5499999523162842,1.5499999523162842,4346200
2024-09-18,1.6200000047683716,1.7000000476837158,1.590000033378601,1.6100000143051147,3605400
2024-09-19,1.590000033378601,1.649999976158142,1.5800000429153442,1.6200000047683716,3488100
2024-09-20,1.4800000190734863,1.5700000524520874,1.4700000286102295,1.5499999523162842,10272400
2024-09-23,1.5,1.5299999713897705,1.440000057220459,1.4500000476837158,3670100
2024-09-24,1.4800000190734863,1.5099999904632568,1.4500000476837158,1.4800000190734863,3207900
2024-09-25,1.4800000190734863,1.5199999809265137,1.4500000476837158,1.4600000381469727,4677700
2024-09-26,1.4900000095367432,1.5399999618530273,1.4700000286102295,1.4900000095367432,2621400
2024-09-27,1.5199999809265137,1.5399999618530273,1.4600000381469727,1.4700000286102295,3216300
2024-09-30,1.4900000095367432,1.5099999904632568,1.4700000286102295,1.5,4815300
2024-10-01,1.4900000095367432,1.5199999809265137,1.4700000286102295,1.4800000190734863,2111800
2024-10-02,1.5199999809265137,1.5800000429153442,1.4700000286102295,1.4700000286102295,4101900
2024-10-03,1.5099999904632568,1.5700000524520874,1.5099999904632568,1.5199999809265137,1198000
2024-10-04,1.4900000095367432,1.5299999713897705,1.4700000286102295,1.4800000190734863,2120000
2024-10-07,1.4500000476837158,1.4800000190734863,1.4299999475479126,1.4800000190734863,2449200
2024-10-08,1.4700000286102295,1.4800000190734863,1.4299999475479126,1.440000057220459,1759100
2024-10-09,1.5,1.559999942779541,1.4500000476837158,1.4500000476837158,3543900
2024-10-10,1.4700000286102295,1.5099999904632568,1.4600000381469727,1.4700000286102295,2346500
2024-10-11,1.4600000381469727,1.5,1.4199999570846558,1.4600000381469727,3098800
2024-10-14,1.4700000286102295,1.4900000095367432,1.440000057220459,1.4600000381469727,2209700
2024-10-15,1.4700000286102295,1.5099999904632568,1.4500000476837158,1.4600000381469727,2337800
2024-10-16,1.4900000095367432,1.5099999904632568,1.4500000476837158,1.4700000286102295,1983600
2024-10-17,1.4600000381469727,1.5,1.440000057220459,1.4700000286102295,2251600
2024-10-18,1.4700000286102295,1.4900000095367432,1.4500000476837158,1.4600000381469727,2100700
2024-10-21,1.4500000476837158,1.4800000190734863,1.440000057220459,1.4700000286102295,2447500
2024-10-22,1.4600000381469727,1.4600000381469727,1.440000057220459,1.440000057220459,1523800
2024-10-23,1.4600000381469727,1.4800000190734863,1.440000057220459,1.4500000476837158,2245900
2024-10-24,1.399999976158142,1.4700000286102295,1.399999976158142,1.4500000476837158,5957200
2024-10-25,1.4199999570846558,1.4500000476837158,1.399999976158142,1.4199999570846558,1597900
2024-10-28,1.5,1.5,1.4199999570846558,1.4199999570846558,4184100
2024-10-29,1.600000023841858,1.6200000047683716,1.4800000190734863,1.4800000190734863,6325900
2024-10-30,1.5199999809265137,1.6100000143051147,1.5,1.559999942779541,3282800
2024-10-31,1.5099999904632568,1.5499999523162842,1.5,1.5299999713897705,1684300
2024-11-01,1.5099999904632568,1.5700000524520874,1.5099999904632568,1.5099999904632568,2510000
2024-11-04,1.4800000190734863,1.5299999713897705,1.4500000476837158,1.5,3671900
2024-11-05,1.4600000381469727,1.4800000190734863,1.4199999570846558,1.4700000286102295,2628200
2024-11-06,1.4700000286102295,1.5,1.4299999475479126,1.4600000381469727,3645200
2024-11-07,1.4500000476837158,1.4900000095367432,1.3700000047683716,1.4600000381469727,5823200
2024-11-08,1.5199999809265137,1.559999942779541,1.440000057220459,1.4600000381469727,5945400
2024-11-11,1.5700000524520874,1.5800000429153442,1.4800000190734863,1.5199999809265137,5101800
2024-11-12,1.6100000143051147,1.6399999856948853,1.559999942779541,1.559999942779541,4304500
2024-11-13,1.600000023841858,1.7100000381469727,1.590000033378601,1.6299999952316284,5573200
2024-11-14,1.6200000047683716,1.649999976158142,1.559999942779541,1.5800000429153442,5508900
2024-11-15,1.6399999856948853,1.649999976158142,1.559999942779541,1.600000023841858,9564500
2024-11-18,1.6399999856948853,1.6799999475479126,1.6200000047683716,1.6200000047683716,7856900
2024-11-19,1.6200000047683716,1.649999976158142,1.5700000524520874,1.6200000047683716,7589800
2024-11-20,1.5800000429153442,1.6200000047683716,1.5499999523162842,1.6200000047683716,2670400
2024-11-21,1.559999942779541,1.590000033378601,1.559999942779541,1.5700000524520874,1902700
2024-11-22,1.5800000429153442,1.6100000143051147,1.5499999523162842,1.559999942779541,3214300
2024-11-25,1.6200000047683716,1.649999976158142,1.590000033378601,1.590000033378601,4141000
2024-11-26,1.5499999523162842,1.6100000143051147,1.4800000190734863,1.6100000143051147,6789700
2024-11-27,1.5800000429153442,1.590000033378601,1.5199999809265137,1.5499999523162842,4396000
2024-11-29,1.5399999618530273,1.590000033378601,1.5199999809265137,1.5700000524520874,2938800
2024-12-02,1.5299999713897705,1.5499999523162842,1.4900000095367432,1.5299999713897705,11554900
2024-12-03,1.5800000429153442,1.590000033378601,1.5099999904632568,1.5199999809265137,10786400
2024-12-04,1.559999942779541,1.6200000047683716,1.5499999523162842,1.5800000429153442,3236900
2024-12-05,1.5700000524520874,1.5800000429153442,1.5199999809265137,1.559999942779541,4346600
2024-12-06,1.590000033378601,1.600000023841858,1.5499999523162842,1.559999942779541,1754100
2024-12-09,1.5800000429153442,1.6399999856948853,1.5800000429153442,1.6100000143051147,2654000
2024-12-10,1.559999942779541,1.590000033378601,1.5499999523162842,1.5800000429153442,2077100
2024-12-11,1.590000033378601,1.6200000047683716,1.5299999713897705,1.5499999523162842,3025200
2024-12-12,1.6100000143051147,1.7599999904632568,1.600000023841858,1.6200000047683716,6925300
2024-12-13,1.590000033378601,1.649999976158142,1.5800000429153442,1.6299999952316284,3051900
2024-12-16,1.600000023841858,1.6100000143051147,1.5399999618530273,1.590000033378601,8201100
2024-12-17,1.6100000143051147,1.6299999952316284,1.559999942779541,1.600000023841858,5517500
2024-12-18,1.559999942779541,1.649999976158142,1.5499999523162842,1.6100000143051147,3147000
2024-12-19,1.5700000524520874,1.600000023841858,1.5399999618530273,1.5700000524520874,4119200
2024-12-20,1.5399999618530273,1.5700000524520874,1.5299999713897705,1.5700000524520874,4494800
2024-12-23,1.5099999904632568,1.5399999618530273,1.5,1.5399999618530273,2957400
2024-12-24,1.5099999904632568,1.5299999713897705,1.4900000095367432,1.5,1407300
2024-12-26,1.5199999809265137,1.5399999618530273,1.5,1.5,1287900
2024-12-27,1.4800000190734863,1.5299999713897705,1.4700000286102295,1.5199999809265137,2219200
2024-12-30,1.4700000286102295,1.4800000190734863,1.4299999475479126,1.4800000190734863,2755800
2024-12-31,1.4700000286102295,1.5,1.4500000476837158,1.4700000286102295,2964800
2025-01-02,1.4500000476837158,1.5299999713897705,1.440000057220459,1.4800000190734863,2049900
2025-01-03,1.4800000190734863,1.4800000190734863,1.440000057220459,1.4500000476837158,2083500
2025-01-06,1.4500000476837158,1.4900000095367432,1.4500000476837158,1.4800000190734863,5485700
2025-01-07,1.5099999904632568,1.5199999809265137,1.4600000381469727,1.4600000381469727,2548200
2025-01-08,1.4800000190734863,1.5099999904632568,1.4500000476837158,1.4900000095367432,1898600
2025-01-10,1.4700000286102295,1.5,1.4299999475479126,1.4600000381469727,2556000
2025-01-13,1.5299999713897705,1.5499999523162842,1.4500000476837158,1.4500000476837158,4989500
2025-01-14,1.4800000190734863,1.5399999618530273,1.440000057220459,1.5299999713897705,3411500
2025-01-15,1.4700000286102295,1.5199999809265137,1.4600000381469727,1.5199999809265137,2679900
2025-01-16,1.4700000286102295,1.5,1.4600000381469727,1.4900000095367432,1502700
2025-01-17,1.4700000286102295,1.4900000095367432,1.4500000476837158,1.4800000190734863,2573800
2025-01-21,1.5,1.5099999904632568,1.4700000286102295,1.4800000190734863,2252400
2025-01-22,1.4700000286102295,1.4900000095367432,1.4700000286102295,1.4800000190734863,1795000
2025-01-23,1.4900000095367432,1.5,1.4600000381469727,1.4600000381469727,1852900
2025-01-24,1.4800000190734863,1.5,1.4700000286102295,1.4800000190734863,1341100
2025-01-27,1.4700000286102295,1.4900000095367432,1.4700000286102295,1.4800000190734863,2016300
2025-01-28,1.5,1.5199999809265137,1.4600000381469727,1.4900000095367432,2072400
2025-01-29,1.5,1.5199999809265137,1.4800000190734863,1.5,1809000
2025-01-30,1.5099999904632568,1.5399999618530273,1.5,1.5199999809265137,1779400
2025-01-31,1.5199999809265137,1.5399999618530273,1.4900000095367432,1.5099999904632568,3805300
2025-02-03,1.5,1.5199999809265137,1.4700000286102295,1.5,8058300
2025-02-04,1.559999942779541,1.590000033378601,1.5099999904632568,1.5299999713897705,5834600
2025-02-05,1.6100000143051147,1.6200000047683716,1.559999942779541,1.5800000429153442,4024500
2025-02-06,1.6200000047683716,1.659999966621399,1.600000023841858,1.6299999952316284,3291800
2025-02-07,1.6100000143051147,1.6399999856948853,1.590000033378601,1.6200000047683716,1729400
2025-02-10,1.649999976158142,1.659999966621399,1.6100000143051147,1.6200000047683716,3443500
2025-02-11,1.6200000047683716,1.6799999475479126,1.6100000143051147,1.649999976158142,1954500
2025-02-12,1.6399999856948853,1.649999976158142,1.600000023841858,1.6200000047683716,1672500
2025-02-13,1.659999966621399,1.659999966621399,1.6200000047683716,1.6399999856948853,1672100
2025-02-14,1.6399999856948853,1.659999966621399,1.6299999952316284,1.659999966621399,1444300
2025-02-18,1.7200000286102295,1.7400000095367432,1.6399999856948853,1.649999976158142,3795400
2025-02-19,1.7100000381469727,1.7400000095367432,1.690000057220459,1.7400000095367432,2414500
2025-02-20,1.6699999570846558,1.7200000286102295,1.6699999570846558,1.7000000476837158,1869200
2025-02-21,1.6799999475479126,1.7400000095367432,1.6699999570846558,1.7000000476837158,2629000
2025-02-24,1.7200000286102295,1.7300000190734863,1.6799999475479126,1.7100000381469727,3192800
2025-02-25,1.6399999856948853,1.7300000190734863,1.6299999952316284,1.7300000190734863,2108800
2025-02-26,1.659999966621399,1.7100000381469727,1.649999976158142,1.659999966621399,2868300
2025-02-27,1.6299999952316284,1.7000000476837158,1.6200000047683716,1.6799999475479126,4870400
2025-02-28,1.7400000095367432,1.840000033378601,1.6699999570846558,1.7000000476837158,18265900
2025-03-03,1.75,1.7999999523162842,1.7300000190734863,1.75,29655600
2025-03-04,1.9199999570846558,1.9500000476837158,1.75,1.75,49603600
2025-03-05,1.940000057220459,2.0399999618530273,1.899999976158142,1.9299999475479126,15837400
2025-03-06,1.8899999856948853,1.9500000476837158,1.850000023841858,1.940000057220459,5283200
2025-03-07,1.899999976158142,1.940000057220459,1.8600000143051147,1.8799999952316284,5853700
2025-03-10,1.840000033378601,1.9199999570846558,1.8300000429153442,1.899999976158142,4871700
2025-03-11,1.7999999523162842,1.9500000476837158,1.7699999809265137,1.940000057220459,5224600
2025-03-12,1.7799999713897705,1.8300000429153442,1.75,1.8300000429153442,2696800
2025-03-13,1.7200000286102295,1.7699999809265137,1.7200000286102295,1.7699999809265137,2558200
2025-03-14,1.7400000095367432,1.7400000095367432,1.7100000381469727,1.7200000286102295,2072400
2025-03-17,1.809999942779541,1.8200000524520874,1.7300000190734863,1.75,3509000
2025-03-18,1.7899999618530273,1.8200000524520874,1.75,1.7999999523162842,2325400
2025-03-19,1.8600000143051147,1.8700000047683716,1.7599999904632568,1.7599999904632568,6424300
2025-03-20,1.8200000524520874,1.8600000143051147,1.809999942779541,1.8300000429153442,3634400
2025-03-21,1.7999999523162842,1.809999942779541,1.75,1.809999942779541,6951500
2025-03-24,1.809999942779541,1.8300000429153442,1.7899999618530273,1.7999999523162842,2084100
2025-03-25,1.7999999523162842,1.809999942779541,1.7799999713897705,1.7999999523162842,1722300
2025-03-26,1.7699999809265137,1.7899999618530273,1.7699999809265137,1.7899999618530273,2685900
2025-03-27,1.7400000095367432,1.7999999523162842,1.7300000190734863,1.7799999713897705,2166000
2025-03-28,1.7000000476837158,1.75,1.6799999475479126,1.7400000095367432,2950800
2025-03-31,1.659999966621399,1.690000057220459,1.649999976158142,1.690000057220459,3176100
2025-04-01,1.659999966621399,1.690000057220459,1.6399999856948853,1.6699999570846558,2572500
2025-04-02,1.649999976158142,1.6799999475479126,1.600000023841858,1.649999976158142,9054700
2025-04-03,1.5700000524520874,1.6399999856948853,1.559999942779541,1.6100000143051147,3036700
2025-04-04,1.5499999523162842,1.600000023841858,1.5399999618530273,1.5700000524520874,4455400
2025-04-07,1.5299999713897705,1.5800000429153442,1.4700000286102295,1.5,6155900
2025-04-08,1.4600000381469727,1.559999942779541,1.440000057220459,1.559999942779541,4120500
2025-04-09,1.4900000095367432,1.5199999809265137,1.3899999856948853,1.440000057220459,5684500
2025-04-10,1.3600000143051147,1.4600000381469727,1.340000033378601,1.440000057220459,7023900
2025-04-11,1.4199999570846558,1.4199999570846558,1.350000023841858,1.3799999952316284,2669100
2025-04-14,1.4199999570846558,1.4600000381469727,1.399999976158142,1.4299999475479126,2372100
2025-04-15,1.440000057220459,1.4600000381469727,1.409999966621399,1.4299999475479126,2517400
2025-04-16,1.4199999570846558,1.4500000476837158,1.399999976158142,1.4299999475479126,2248400
2025-04-17,1.4199999570846558,1.440000057220459,1.399999976158142,1.409999966621399,2162000
2025-04-21,1.3700000047683716,1.4199999570846558,1.3700000047683716,1.409999966621399,1916900
2025-04-22,1.4299999475479126,1.4500000476837158,1.3799999952316284,1.399999976158142,2969700
2025-04-23,1.4700000286102295,1.5499999523162842,1.440000057220459,1.5,2679600
2025-04-24,1.4600000381469727,1.4800000190734863,1.4299999475479126,1.4800000190734863,2304000
2025-04-25,1.409999966621399,1.4600000381469727,1.399999976158142,1.440000057220459,3299600
2025-04-28,1.409999966621399,1.4199999570846558,1.3899999856948853,1.409999966621399,2031500
2025-04-29,1.399999976158142,1.4199999570846558,1.350000023841858,1.3799999952316284,2725000
2025-04-30,1.3799999952316284,1.399999976158142,1.3600000143051147,1.3899999856948853,2581500
2025-05-01,1.350000023841858,1.3799999952316284,1.2400000095367432,1.309999942779541,4469900
2025-05-02,1.3899999856948853,1.440000057220459,1.340000033378601,1.350000023841858,2924500
2025-05-05,1.3600000143051147,1.409999966621399,1.350000023841858,1.3799999952316284,3595400
2025-05-06,1.2799999713897705,1.3600000143051147,1.2699999809265137,1.340000033378601,9840900
2025-05-07,1.25,1.2799999713897705,1.2400000095367432,1.2699999809265137,4221400
2025-05-08,1.2599999904632568,1.2899999618530273,1.2300000190734863,1.2599999904632568,3801700
2025-05-09,1.2400000095367432,1.2799999713897705,1.2100000381469727,1.2599999904632568,3715900
2025-05-12,1.2599999904632568,1.2799999713897705,1.25,1.2699999809265137,2636500
2025-05-13,1.2999999523162842,1.3300000429153442,1.25,1.25,5987000
2025-05-14,1.2599999904632568,1.309999942779541,1.2599999904632568,1.2999999523162842,3151900
2025-05-15,1.3300000429153442,1.350000023841858,1.2699999809265137,1.2699999809265137,4226600
2025-05-16,1.3300000429153442,1.3799999952316284,1.3200000524520874,1.340000033378601,4481500
2025-05-19,1.3300000429153442,1.340000033378601,1.309999942779541,1.3200000524520874,1719700
2025-05-20,1.3300000429153442,1.3600000143051147,1.3200000524520874,1.3300000429153442,1967000
2025-05-21,1.2999999523162842,1.340000033378601,1.2999999523162842,1.3200000524520874,1748100
2025-05-22,1.2699999809265137,1.309999942779541,1.2699999809265137,1.2899999618530273,2411800
2025-05-23,1.2599999904632568,1.2799999713897705,1.2300000190734863,1.2599999904632568,2184400
2025-05-27,1.309999942779541,1.340000033378601,1.2799999713897705,1.2799999713897705,2396200
2025-05-28,1.2999999523162842,1.3300000429153442,1.2999999523162842,1.2999999523162842,1768800
2025-05-29,1.3600000143051147,1.3700000047683716,1.2999999523162842,1.309999942779541,3739200
2025-05-30,1.3600000143051147,1.3899999856948853,1.340000033378601,1.350000023841858,3973100
2025-06-02,1.3799999952316284,1.4199999570846558,1.350000023841858,1.350000023841858,4243700
2025-06-03,1.3799999952316284,1.4199999570846558,1.3600000143051147,1.3700000047683716,3139900
2025-06-04,1.350000023841858,1.399999976158142,1.340000033378601,1.3899999856948853,1638400
2025-06-05,1.3700000047683716,1.3799999952316284,1.340000033378601,1.350000023841858,2250900
2025-06-06,1.3600000143051147,1.399999976158142,1.3600000143051147,1.3799999952316284,2325900
2025-06-09,1.3799999952316284,1.399999976158142,1.3600000143051147,1.3799999952316284,2786400
2025-06-10,1.3799999952316284,1.3899999856948853,1.3600000143051147,1.3700000047683716,1938900
2025-06-11,1.350000023841858,1.3899999856948853,1.350000023841858,1.3799999952316284,2117500
2025-06-12,1.340000033378601,1.3600000143051147,1.3200000524520874,1.3300000429153442,2489500
2025-06-13,1.3300000429153442,1.3600000143051147,1.3200000524520874,1.3200000524520874,2313600
2025-06-16,1.3300000429153442,1.3700000047683716,1.2899999618530273,1.3600000143051147,3434400
2025-06-17,1.2899999618530273,1.3300000429153442,1.2799999713897705,1.3300000429153442,3646000
2025-06-18,1.2899999618530273,1.309999942779541,1.2799999713897705,1.2899999618530273,3718400
2025-06-20,1.2899999618530273,1.309999942779541,1.2699999809265137,1.2999999523162842,14291200
2025-06-23,1.2699999809265137,1.2999999523162842,1.2400000095367432,1.2899999618530273,4295300
2025-06-24,1.2899999618530273,1.2999999523162842,1.2699999809265137,1.2899999618530273,3855200
2025-06-25,1.2699999809265137,1.309999942779541,1.2599999904632568,1.2999999523162842,1562600
2025-06-26,1.3200000524520874,1.3200000524520874,1.2699999809265137,1.2699999809265137,2045400
2025-06-27,1.3200000524520874,1.340000033378601,1.2999999523162842,1.3200000524520874,8224900
2025-06-30,1.3200000524520874,1.340000033378601,1.2999999523162842,1.340000033378601,1913300
2025-07-01,1.3300000429153442,1.3600000143051147,1.309999942779541,1.3300000429153442,2587000
2025-07-02,1.340000033378601,1.350000023841858,1.3300000429153442,1.340000033378601,2683400
2025-07-03,1.3600000143051147,1.3700000047683716,1.350000023841858,1.350000023841858,1029900
2025-07-07,1.340000033378601,1.3700000047683716,1.3300000429153442,1.3600000143051147,2330400
2025-07-08,1.3600000143051147,1.3799999952316284,1.350000023841858,1.3600000143051147,1606200
2025-07-09,1.3799999952316284,1.3899999856948853,1.3300000429153442,1.3600000143051147,3285600
2025-07-10,1.3600000143051147,1.3899999856948853,1.350000023841858,1.3700000047683716,1359600
2025-07-11,1.350000023841858,1.3799999952316284,1.340000033378601,1.350000023841858,1768400
2025-07-14,1.340000033378601,1.3600000143051147,1.3200000524520874,1.350000023841858,1976800
2025-07-15,1.3300000429153442,1.3600000143051147,1.3200000524520874,1.350000023841858,1872000
2025-07-16,1.3600000143051147,1.3600000143051147,1.3300000429153442,1.350000023841858,1883700
2025-07-17,1.3799999952316284,1.4199999570846558,1.350000023841858,1.3600000143051147,3258300
2025-07-18,1.350000023841858,1.3899999856948853,1.340000033378601,1.3799999952316284,2569100
2025-07-21,1.399999976158142,1.4299999475479126,1.350000023841858,1.3600000143051147,4311600
2025-07-22,1.3799999952316284,1.409999966621399,1.340000033378601,1.399999976158142,3849100
2025-07-23,1.4299999475479126,1.440000057220459,1.3700000047683716,1.3899999856948853,3716000
2025-07-24,1.399999976158142,1.4500000476837158,1.3899999856948853,1.440000057220459,1730100
2025-07-25,1.3700000047683716,1.399999976158142,1.3600000143051147,1.3799999952316284,2079500
2025-07-28,1.350000023841858,1.3799999952316284,1.340000033378601,1.3600000143051147,1725200
2025-07-29,1.350000023841858,1.3700000047683716,1.340000033378601,1.350000023841858,1955800
2025-07-30,1.340000033378601,1.3799999952316284,1.3200000524520874,1.340000033378601,2232000
2025-07-31,1.2799999713897705,1.340000033378601,1.2699999809265137,1.3200000524520874,4432000
2025-08-01,1.190000057220459,1.2300000190734863,1.1100000143051147,1.2200000286102295,7424500
2025-08-04,1.2699999809265137,1.309999942779541,1.1799999475479126,1.190000057220459,3728400
2025-08-05,1.2599999904632568,1.2899999618530273,1.2000000476837158,1.2400000095367432,3666800
2025-08-06,1.2699999809265137,1.2999999523162842,1.25,1.25,2766000
2025-08-07,1.2300000190734863,1.2699999809265137,1.2200000286102295,1.2699999809265137,3049000
2025-08-08,1.25,1.3200000524520874,1.2300000190734863,1.3200000524520874,3585900
2025-08-11,1.2999999523162842,1.3200000524520874,1.2699999809265137,1.2799999713897705,2974500
2025-08-12,1.3200000524520874,1.340000033378601,1.2899999618530273,1.2999999523162842,2432500
2025-08-13,1.350000023841858,1.3700000047683716,1.3200000524520874,1.3200000524520874,1979500
2025-08-14,1.350000023841858,1.3700000047683716,1.3200000524520874,1.340000033378601,1512000
2025-08-15,1.3700000047683716,1.3799999952316284,1.340000033378601,1.3600000143051147,1677800
2025-08-18,1.399999976158142,1.399999976158142,1.3600000143051147,1.3700000047683716,2171200
2025-08-19,1.3600000143051147,1.3899999856948853,1.350000023841858,1.3899999856948853,1292600
2025-08-20,1.3899999856948853,1.399999976158142,1.350000023841858,1.3700000047683716,1570800
2025-08-21,1.3799999952316284,1.399999976158142,1.3600000143051147,1.3700000047683716,1539300
2025-08-22,1.409999966621399,1.4199999570846558,1.3799999952316284,1.3899999856948853,3719000
2025-08-25,1.3899999856948853,1.4299999475479126,1.3899999856948853,1.409999966621399,1744900
2025-08-26,1.3899999856948853,1.4199999570846558,1.3899999856948853,1.399999976158142,3186400
2025-08-27,1.4199999570846558,1.4299999475479126,1.3899999856948853,1.399999976158142,1320600
2025-08-28,1.4199999570846558,1.4299999475479126,1.399999976158142,1.4199999570846558,1368400
2025-08-29,1.3799999952316284,1.409999966621399,1.3700000047683716,1.409999966621399,1663900
2025-09-02,1.3600000143051147,1.3899999856948853,1.350000023841858,1.3600000143051147,2050900
2025-09-03,1.3799999952316284,1.3799999952316284,1.340000033378601,1.350000023841858,1964400
2025-09-04,1.3799999952316284,1.3899999856948853,1.3600000143051147,1.3700000047683716,1542300
2025-09-05,1.350000023841858,1.3799999952316284,1.340000033378601,1.3700000047683716,1624700
2025-09-08,1.4199999570846558,1.4199999570846558,1.3600000143051147,1.3600000143051147,2536300
2025-09-09,1.409999966621399,1.4199999570846558,1.3899999856948853,1.399999976158142,2675700
2025-09-10,1.409999966621399,1.4299999475479126,1.399999976158142,1.409999966621399,1737300
2025-09-11,1.4299999475479126,1.440000057220459,1.399999976158142,1.409999966621399,2092000
2025-09-12,1.399999976158142,1.4299999475479126,1.399999976158142,1.4299999475479126,1512700
2025-09-15,1.3799999952316284,1.399999976158142,1.3700000047683716,1.3799999952316284,1982800
2025-09-16,1.3899999856948853,1.409999966621399,1.3700000047683716,1.3700000047683716,1939800
2025-09-17,1.3899999856948853,1.4299999475479126,1.3700000047683716,1.3799999952316284,2323800
2025-09-18,1.5099999904632568,1.5199999809265137,1.3799999952316284,1.399999976158142,3593200
2025-09-19,1.4500000476837158,1.5299999713897705,1.4500000476837158,1.5099999904632568,10173800
2025-09-22,1.440000057220459,1.4700000286102295,1.3899999856948853,1.4500000476837158,2998600
2025-09-23,1.440000057220459,1.4800000190734863,1.409999966621399,1.440000057220459,2327900
2025-09-24,1.4800000190734863,1.4900000095367432,1.4199999570846558,1.4500000476837158,2675700
2025-09-25,1.4299999475479126,1.4800000190734863,1.4299999475479126,1.4700000286102295,1936200
2025-09-26,1.4500000476837158,1.4700000286102295,1.409999966621399,1.4299999475479126,2112900
2025-09-29,1.4700000286102295,1.5,1.440000057220459,1.4600000381469727,2642800
2025-09-30,1.5499999523162842,1.5499999523162842,1.4700000286102295,1.4700000286102295,2516700
2025-10-01,1.5499999523162842,1.5700000524520874,1.5199999809265137,1.5199999809265137,2238000
2025-10-02,1.5399999618530273,1.559999942779541,1.5099999904632568,1.5499999523162842,2001600
2025-10-03,1.559999942779541,1.590000033378601,1.5399999618530273,1.5399999618530273,1717400
2025-10-06,1.5800000429153442,1.600000023841858,1.5499999523162842,1.5700000524520874,1404500
2025-10-07,1.5399999618530273,1.600000023841858,1.5399999618530273,1.5800000429153442,1517000
2025-10-08,1.5499999523162842,1.5700000524520874,1.5299999713897705,1.5399999618530273,1781200
2025-10-09,1.559999942779541,1.559999942779541,1.5399999618530273,1.5499999523162842,1390600
2025-10-10,1.5099999904632568,1.5700000524520874,1.5,1.559999942779541,2051000
2025-10-13,1.5099999904632568,1.5399999618530273,1.4900000095367432,1.5299999713897705,1294400
2025-10-14,1.5199999809265137,1.5299999713897705,1.4800000190734863,1.4900000095367432,1243100
2025-10-15,1.5199999809265137,1.5299999713897705,1.5,1.5199999809265137,1517800
2025-10-16,1.5,1.559999942779541,1.5,1.5299999713897705,1344800
2025-10-17,1.5199999809265137,1.5299999713897705,1.4900000095367432,1.5,1573500
2025-10-20,1.5299999713897705,1.5499999523162842,1.5199999809265137,1.5399999618530273,1821000
2025-10-21,1.4800000190734863,1.5299999713897705,1.4800000190734863,1.5199999809265137,1330200
2025-10-22,1.5099999904632568,1.5099999904632568,1.4600000381469727,1.4900000095367432,2255500
2025-10-23,1.5199999809265137,1.5199999809265137,1.4900000095367432,1.5,1081500
2025-10-24,1.5,1.5399999618530273,1.4900000095367432,1.5299999713897705,1227500
2025-10-27,1.4500000476837158,1.5099999904632568,1.440000057220459,1.5,1272500
2025-10-28,1.440000057220459,1.4700000286102295,1.4299999475479126,1.4500000476837158,1234300
2025-10-29,1.4299999475479126,1.4700000286102295,1.409999966621399,1.440000057220459,2541900
2025-10-30,1.4600000381469727,1.5,1.399999976158142,1.399999976158142,2297900
2025-10-31,1.3600000143051147,1.440000057220459,1.350000023841858,1.4199999570846558,3978700
2025-11-03,1.399999976158142,1.4299999475479126,1.3600000143051147,1.3700000047683716,3269300
2025-11-04,1.3899999856948853,1.4299999475479126,1.3700000047683716,1.3700000047683716,2716000
2025-11-05,1.340000033378601,1.399999976158142,1.340000033378601,1.3799999952316284,2457400
2025-11-06,1.3799999952316284,1.399999976158142,1.2999999523162842,1.350000023841858,3913700
2025-11-07,1.340000033378601,1.3899999856948853,1.3200000524520874,1.3799999952316284,3038800
2025-11-10,1.3300000429153442,1.3799999952316284,1.3200000524520874,1.350000023841858,1721800
2025-11-11,1.3300000429153442,1.350000023841858,1.2200000286102295,1.340000033378601,3313800
2025-11-12,1.3200000524520874,1.3600000143051147,1.2999999523162842,1.340000033378601,2087800
2025-11-13,1.2799999713897705,1.3300000429153442,1.2799999713897705,1.3200000524520874,2235100
2025-11-14,1.2799999713897705,1.309999942779541,1.25,1.2599999904632568,2637600
2025-11-17,1.2699999809265137,1.2999999523162842,1.25,1.2699999809265137,3343200
2025-11-18,1.2799999713897705,1.2899999618530273,1.2400000095367432,1.25,2383900
2025-11-19,1.309999942779541,1.3300000429153442,1.2799999713897705,1.2899999618530273,2521000
2025-11-20,1.2999999523162842,1.350000023841858,1.2899999618530273,1.3200000524520874,3798200
2025-11-21,1.3200000524520874,1.340000033378601,1.2899999618530273,1.2999999523162842,3299700
2025-11-24,1.2999999523162842,1.340000033378601,1.2899999618530273,1.3200000524520874,5267000
2025-11-25,1.350000023841858,1.3600000143051147,1.2999999523162842,1.2999999523162842,2716400
2025-11-26,1.340000033378601,1.3600000143051147,1.3300000429153442,1.3300000429153442,1518300
2025-11-28,1.3600000143051147,1.3600000143051147,1.3300000429153442,1.350000023841858,1115700
2025-12-01,1.3200000524520874,1.350000023841858,1.2999999523162842,1.340000033378601,2744800
2025-12-02,1.3300000429153442,1.3600000143051147,1.2999999523162842,1.309999942779541,2730000
2025-12-03,1.3700000047683716,1.3700000047683716,1.3200000524520874,1.3300000429153442,2986000
2025-12-04,1.350000023841858,1.3700000047683716,1.3300000429153442,1.3600000143051147,1281800
2025-12-05,1.340000033378601,1.3600000143051147,1.3300000429153442,1.3300000429153442,1394500
2025-12-08,1.3200000524520874,1.350000023841858,1.2799999713897705,1.340000033378601,5113500
2025-12-09,1.3600000143051147,1.3799999952316284,1.2999999523162842,1.309999942779541,3562100
2025-12-10,1.3700000047683716,1.3899999856948853,1.3300000429153442,1.3600000143051147,2912900
2025-12-11,1.3899999856948853,1.3899999856948853,1.3600000143051147,1.3799999952316284,2444700
2025-12-12,1.3799999952316284,1.4199999570846558,1.350000023841858,1.3899999856948853,2784500
2025-12-15,1.350000023841858,1.3899999856948853,1.340000033378601,1.3799999952316284,5302500
2025-12-16,1.309999942779541,1.3799999952316284,1.2999999523162842,1.3600000143051147,6577500
2025-12-17,1.309999942779541,1.3300000429153442,1.2999999523162842,1.309999942779541,3519600
2025-12-18,1.309999942779541,1.3200000524520874,1.2999999523162842,1.3200000524520874,3227600
2025-12-19,1.309999942779541,1.3300000429153442,1.2999999523162842,1.2999999523162842,5716500
2025-12-22,1.3300000429153442,1.3700000047683716,1.2899999618530273,1.2999999523162842,3758100
2025-12-23,1.309999942779541,1.3300000429153442,1.2999999523162842,1.3200000524520874,2295400
2025-12-24,1.2999999523162842,1.3200000524520874,1.2899999618530273,1.2999999523162842,1870700
2025-12-26,1.2899999618530273,1.2999999523162842,1.2699999809265137,1.2999999523162842,2297000
2025-12-29,1.2899999618530273,1.340000033378601,1.2599999904632568,1.2799999713897705,5647600
2025-12-30,1.2999999523162842,1.309999942779541,1.2599999904632568,1.2899999618530273,6985700
2025-12-31,1.2599999904632568,1.2999999523162842,1.25,1.2899999618530273,4948900
2026-01-02,1.2699999809265137,1.3300000429153442,1.25,1.2599999904632568,4736300
2026-01-05,1.2799999713897705,1.2899999618530273,1.2400000095367432,1.2699999809265137,5223300
2026-01-06,1.3200000524520874,1.3300000429153442,1.2699999809265137,1.2699999809265137,2756100
2026-01-07,1.3600000143051147,1.3700000047683716,1.309999942779541,1.3300000429153442,3140200
2026-01-08,1.3700000047683716,1.3799999952316284,1.340000033378601,1.350000023841858,2432200
2026-01-09,1.3600000143051147,1.3700000047683716,1.340000033378601,1.3700000047683716,2493100
2026-01-12,1.3300000429153442,1.3600000143051147,1.309999942779541,1.3600000143051147,1969800
2026-01-13,1.340000033378601,1.340000033378601,1.309999942779541,1.3200000524520874,4237700
2026-01-14,1.2999999523162842,1.350000023841858,1.2699999809265137,1.350000023841858,2756900
2026-01-15,1.2799999713897705,1.309999942779541,1.2699999809265137,1.2999999523162842,1698800
2026-01-16,1.2799999713897705,1.2999999523162842,1.2699999809265137,1.2799999713897705,2374000
2026-01-20,1.2899999618530273,1.3200000524520874,1.25,1.2599999904632568,3705400
2026-01-21,1.3799999952316284,1.3799999952316284,1.2699999809265137,1.2899999618530273,6683100
2026-01-22,1.3600000143051147,1.4299999475479126,1.3600000143051147,1.3899999856948853,3018700
2026-01-23,1.3200000524520874,1.3700000047683716,1.309999942779541,1.3600000143051147,966000
2026-01-26,1.2999999523162842,1.3300000429153442,1.2799999713897705,1.309999942779541,6255700
2026-01-27,1.2899999618530273,1.309999942779541,1.2699999809265137,1.2999999523162842,1613500
2026-01-28,1.2799999713897705,1.3200000524520874,1.2599999904632568,1.2899999618530273,4527200
2026-01-29,1.2699999809265137,1.2899999618530273,1.2400000095367432,1.2699999809265137,3713100
2026-01-30,1.2599999904632568,1.2699999809265137,1.2400000095367432,1.25,4149800
2026-02-02,1.2799999713897705,1.309999942779541,1.25,1.25,6599200
2026-02-03,1.2599999904632568,1.2999999523162842,1.25,1.2699999809265137,2058300
2026-02-04,1.25,1.2799999713897705,1.25,1.2699999809265137,3345000
2026-02-05,1.2300000190734863,1.2599999904632568,1.2300000190734863,1.25,4180400
2026-02-06,1.2400000095367432,1.25,1.2300000190734863,1.2400000095367432,3384700
2026-02-09,1.2200000286102295,1.25,1.2100000381469727,1.2400000095367432,2096100
2026-02-10,1.2200000286102295,1.25,1.2100000381469727,1.2200000286102295,1443100
2026-02-11,1.25,1.25,1.2200000286102295,1.2400000095367432,1567400
2026-02-12,1.2100000381469727,1.25,1.2000000476837158,1.25,2174700
2026-02-13,1.2300000190734863,1.2699999809265137,1.2100000381469727,1.2200000286102295,2144300
2026-02-17,1.2200000286102295,1.2400000095367432,1.2100000381469727,1.2300000190734863,1307500
2026-02-18,1.2200000286102295,1.2300000190734863,1.2000000476837158,1.2100000381469727,1489400
2026-02-19,1.2100000381469727,1.2100000381469727,1.190000057220459,1.2100000381469727,1326600
2026-02-20,1.2000000476837158,1.2200000286102295,1.190000057220459,1.2000000476837158,1308300
2026-02-23,1.149999976158142,1.2100000381469727,1.149999976158142,1.190000057220459,2133700
2026-02-24,1.149999976158142,1.159999966621399,1.1299999952316284,1.149999976158142,2280600
2026-02-25,1.1799999475479126,1.2000000476837158,1.1399999856948853,1.149999976158142,2452500
2026-02-26,1.2000000476837158,1.2000000476837158,1.159999966621399,1.190000057220459,2144100
2026-02-27,1.2000000476837158,1.2599999904632568,1.190000057220459,1.190000057220459,3826700
2026-03-02,1.2400000095367432,1.25,1.1799999475479126,1.190000057220459,2650800
2026-03-03,1.190000057220459,1.2200000286102295,1.159999966621399,1.2100000381469727,3361600
2026-03-04,1.2000000476837158,1.2200000286102295,1.190000057220459,1.2100000381469727,1430800
2026-03-05,1.1699999570846558,1.2100000381469727,1.159999966621399,1.190000057220459,2405800
2026-03-06,1.1799999475479126,1.190000057220459,1.149999976158142,1.159999966621399,2567800
2026-03-09,1.2100000381469727,1.2200000286102295,1.149999976158142,1.149999976158142,2052000
2026-03-10,1.190000057220459,1.2200000286102295,1.1799999475479126,1.2000000476837158,1727000
2026-03-11,1.159999966621399,1.190000057220459,1.159999966621399,1.1699999570846558,1651811
