date,close,high,low,open,volume
2021-03-12,19.872669219970703,19.923755318182046,18.774307552441243,18.774307552441243,40100
2021-03-15,19.498031616210938,19.668320754377746,19.131911105950604,19.668320754377746,28500
2021-03-16,18.833908081054688,19.498032165831226,18.74024889002307,19.498032165831226,24700
2021-03-17,19.012712478637695,19.506549103121877,18.518875854153514,19.14042853903919,35500
2021-03-18,18.859447479248047,19.58317379201323,18.859447479248047,19.17448185915667,36100
2021-03-19,18.731735229492188,18.90202438117756,18.280470114324338,18.808365185350834,87300
2021-03-22,18.893512725830078,20.39205197420937,17.488632687973855,18.757282032704502,97200
2021-03-23,18.60401725769043,18.842420096648226,18.331555942311496,18.578473400374577,30600
2021-03-24,18.186811447143555,19.42991665798509,18.152752969258664,18.655104150077534,20200
2021-03-25,18.936084747314453,18.99568547425326,17.778122198795874,18.084642079050322,37100
2021-03-26,19.217056274414062,19.566147556946355,18.348584565871345,19.089340228804282,51400
2021-03-29,19.140426635742188,19.327745021435668,18.782820727779136,19.182999734307824,38700
2021-03-30,20.366506576538086,20.596396462874747,19.293688730964845,19.31071797232264,34900
2021-03-31,18.987163543701172,20.502731494442212,18.76578996428712,20.383530086450435,96700
2021-04-01,19.932270050048828,19.98335614854594,19.148942835769343,19.327746616505923,37500
2021-04-05,19.48100471496582,20.26433192132271,19.39586175966437,20.26433192132271,14800
2021-04-06,19.540607452392578,20.11958703053941,19.532092831890708,19.532092831890708,14300
2021-04-07,19.251115798950195,19.79603848929894,18.91053749348451,19.549119380236093,31800
2021-04-08,19.31071662902832,19.54911949546223,19.097855998856488,19.353288105463594,15800
2021-04-09,19.242597579956055,19.64277490283573,19.0637938406286,19.498029637283945,16400
2021-04-12,19.378833770751953,19.42140525115252,19.131914637234598,19.24260308467268,21000
2021-04-13,19.09786033630371,19.42140785308901,18.833913549663222,19.378836366985034,18300
2021-04-14,19.06379508972168,19.20854036475742,18.99567976170471,19.114882803732545,13100
2021-04-15,19.276655197143555,19.344770523409178,18.74024720580146,19.242598346009483,24400
2021-04-16,19.285171508789062,19.47248989046054,18.98716632121885,19.34477222150358,23700
2021-04-19,19.038257598876953,19.28517511544308,18.74025235557472,19.28517511544308,26900
2021-04-20,18.28046989440918,18.944595629195423,18.17829770382526,18.825394198848286,24400
2021-04-21,19.59168815612793,19.668318095544127,18.723216592075943,18.731731210233004,50400
2021-04-22,20.00889778137207,20.30690296674522,19.404374415155853,19.69386335706386,44700
2021-04-23,20.22176170349121,20.519766937605393,20.111074880304848,20.13661711888746,34300
2021-04-26,20.145130157470703,20.434620747987005,20.059985579554542,20.434620747987005,40600
2021-04-27,20.16216278076172,20.34096496278801,20.094047431799606,20.281364235445913,21400
2021-04-28,20.32393455505371,20.392049894670237,20.008900094328656,20.136616153109916,38600
2021-04-29,20.281360626220703,20.434620540111176,20.09404385590887,20.434620540111176,25700
2021-04-30,20.341413497924805,20.573053783377055,20.032561420351556,20.118354300485326,31500
2021-05-03,20.667428970336914,20.684587876006763,20.28994122741678,20.581636078350975,41400
2021-05-04,20.307100296020508,20.61595405510264,20.1612528693832,20.50442280371706,19400
2021-05-05,20.3156795501709,20.392892989186034,20.075459780305668,20.3499957250869,32100
2021-05-06,20.63311004638672,20.744641290863267,20.255623960185282,20.31567849042809,91300
2021-05-07,21.019176483154297,21.027755935225287,20.590213697783803,20.590213697783803,66200
2021-05-10,21.147865295410156,21.233658180989824,20.667427427072482,20.959122256225438,110500
2021-05-11,20.899072647094727,21.25082208805009,20.804700287104506,20.804700287104506,22000
2021-05-12,20.710325241088867,21.01917900728111,20.590216170397824,20.890490483488797,44100
2021-05-13,21.448137283325195,21.799886603862685,20.804693164825437,20.804693164825437,30400
2021-05-14,21.808467864990234,21.87710184453818,21.533931946798447,21.628302645949905,69700
2021-05-17,21.885679244995117,21.954313218109412,21.388082530825713,21.808465820696156,33400
2021-05-18,21.48245620727539,21.885680620111827,21.019175632372885,21.696937591279195,26500
2021-05-19,21.405241012573242,21.405241012573242,20.64168623577248,21.207916911929516,19200
2021-05-20,21.50819206237793,21.551089319273924,21.233656163695706,21.285131235607867,12000
2021-05-21,22.108745574951172,22.117325028273346,21.611148736808893,21.72267835727035,30200
2021-05-24,22.100162506103516,22.228851012156237,21.928576740457796,22.074424150347717,22000
2021-05-25,21.233657836914062,22.22885136624017,21.233657836914062,22.211692462129648,38100
2021-05-26,21.362346649169922,21.448139534580882,21.23365813923507,21.405243910056996,21600
2021-05-27,21.645458221435547,21.73125109176862,21.4652946664627,21.49103138210859,13700
2021-05-28,21.654043197631836,21.774152264928986,21.379507251602163,21.774152264928986,13000
2021-06-01,21.834205627441406,22.031528108732576,21.430979576740288,21.65404041329848,26400
2021-06-02,21.57682991027832,21.834208588766906,21.362348496386165,21.817049682928335,11400
2021-06-03,21.696937561035156,21.722674279807354,21.499613444390757,21.56824742172178,9000
2021-06-04,21.645458221435547,21.817043962101693,21.499610832778192,21.645458221435547,16500
2021-06-07,21.96289825439453,22.091586782163578,21.57683103472398,21.628306118558914,22100
2021-06-08,21.67978286743164,22.014373367346387,21.602569423395405,21.877105386029392,20800
2021-06-09,21.250816345214844,21.628302410436483,21.233657441423915,21.628302410436483,12900
2021-06-10,21.233657836914062,21.54251156545084,21.190762213000912,21.48245703742717,22100
2021-06-11,21.448137283325195,21.448137283325195,21.22507645921505,21.22507645921505,13400
2021-06-14,21.267976760864258,21.465299259397437,21.23365895084288,21.345188560685862,16000
2021-06-15,21.585405349731445,21.67119822660914,21.310869452813243,21.345185621746506,19500
2021-06-16,21.49961280822754,21.928575562944403,21.44813773584317,21.44813773584317,27100
2021-06-17,21.448137283325195,21.696936461266013,21.20791755666127,21.49103290334664,27800
2021-06-18,21.165021896362305,21.51677121623041,21.002015595137596,21.430978339987774,66200
2021-06-21,21.122127532958984,21.51677249624398,21.036334651612606,21.207918777942258,16500
2021-06-22,20.710325241088867,21.722677797951565,20.547320541254837,21.259398785026562,28100
2021-06-23,20.332834243774414,20.950539991571723,20.041139453779387,20.950539991571723,33500
2021-06-24,20.753223419189453,20.796119050218714,20.195572033991905,20.332840016921654,18900
2021-06-25,20.94196128845215,21.207917734817897,20.65026648803951,20.710321011119223,89200
2021-06-28,20.307100296020508,20.881910549665967,20.238466309153736,20.881910549665967,17500
2021-06-29,20.152673721313477,20.521582019938812,20.152673721313477,20.298521150156905,14700
2021-06-30,19.792339324951172,20.229881488772556,19.74944370817693,20.015400132175575,48600
2021-07-01,19.929609298706055,20.195567386243646,19.775182444358563,19.9725065562265,27500
2021-07-02,19.775184631347656,20.144092905006726,19.440594167500237,20.006824938486595,22400
2021-07-06,19.483489990234375,19.85239826762036,19.200374601881013,19.85239826762036,21100
2021-07-07,19.37196159362793,19.595022464542524,19.32048651152867,19.4749133941898,13100
2021-07-08,18.925838470458984,19.380539632178017,18.874363392116738,19.097424246750794,18000
2021-07-09,19.51780128479004,19.76660041629201,19.131734231205154,19.269002153288067,13200
2021-07-12,19.758026123046875,19.981086963736487,19.414854591916313,19.414854591916313,8500
2021-07-13,19.655073165893555,19.84381618768442,19.234689865293642,19.646493714489917,13600
2021-07-14,19.663654327392578,19.818081193362033,19.543545270022193,19.603599798707386,28300
2021-07-15,19.989665985107422,20.09261777792949,19.543545913180413,19.543545913180413,9400
2021-07-16,19.543546676635742,20.20414817608171,19.432015427024673,20.186990906910488,17400
2021-07-19,19.217529296875,19.500644623204803,19.020206840782723,19.11457916168029,52200
2021-07-20,19.4920654296875,20.20414348023588,19.432010910637853,19.440590361411076,34700
2021-07-21,20.229887008666992,20.65884983890706,19.886717071747604,20.03256449948376,20500
2021-07-22,19.852397918701172,20.118356033664224,19.732288857984457,20.118356033664224,29600
2021-07-23,19.886716842651367,20.15267333615464,19.84381957830354,20.10119825530056,11500
2021-07-26,20.07546043395996,20.504423270738435,19.886717374868244,19.921033550901573,21600
2021-07-27,19.91245460510254,20.401473626033727,19.869558974877204,19.869558974877204,38000
2021-07-28,19.998245239257812,20.470105300165905,19.95534961388581,19.95534961388581,15200
2021-07-29,20.161251068115234,20.51300042392649,20.015403654508383,20.015403654508383,34000
2021-07-30,19.936370849609375,20.34288360214088,19.92772311630971,20.100705827222136,9900
2021-08-02,19.875829696655273,20.161252778210848,19.67689880793198,20.005567161053015,18300
2021-08-03,19.8066349029541,19.893127089806555,19.460667805245542,19.73744148341239,41400
2021-08-04,19.893125534057617,19.98826709712486,19.538509080426593,19.538509080426593,42200
2021-08-05,20.247745513916016,20.256394898401282,19.841234341316884,19.953673040222547,18400
2021-08-06,20.53316307067871,20.723444528981034,19.98826519253513,20.412075019913686,47900
2021-08-09,20.455326080322266,20.611011703845204,20.3774832685608,20.3774832685608,10500
2021-08-10,20.58506202697754,20.58506202697754,20.334236490738657,20.52451798890958,16600
2021-08-11,20.835887908935547,20.844537292361277,20.446673903283717,20.455323286709447,18200
2021-08-12,20.645606994628906,20.83588848616282,20.481272004389787,20.83588848616282,22500
2021-08-13,20.265043258666992,20.541816949401454,20.247744490570756,20.541816949401454,6600
2021-08-16,20.619659423828125,20.6802034614879,20.06611205128014,20.325586969736683,24200
2021-08-17,20.394779205322266,20.498570156490086,20.143953685360277,20.46397262286708,13600
2021-08-18,20.109357833862305,20.45532495052612,20.109357833862305,20.325587487989857,22000
2021-08-19,20.29098892211914,20.299638305809623,19.849881901813294,20.07475927896083,21100
2021-08-20,20.299638748168945,20.35153505144274,20.0488132144841,20.135305403572467,18700
2021-08-23,20.636959075927734,20.636959075927734,20.34288660923545,20.360185377794142,15500
2021-08-24,20.489919662475586,20.74074516884216,20.429375631618175,20.58505957537961,12500
2021-08-25,20.498571395874023,20.697502277130457,20.42937797414564,20.602360703615943,21100
2021-08-26,20.195846557617188,20.611007026326405,20.12665314616565,20.611007026326405,16500
2021-08-27,20.688852310180664,20.818589766052657,20.308287676548396,20.308287676548396,25300
2021-08-30,20.282339096069336,20.72344607087636,20.282339096069336,20.72344607087636,8300
2021-08-31,20.636959075927734,20.654256194785056,20.36883311237212,20.36883311237212,13800
2021-09-01,20.446672439575195,20.758043621806642,20.360181910911873,20.455321822381745,7900
2021-09-02,20.36882972717285,20.576411615975324,20.290986931297198,20.455321905890365,16500
2021-09-03,20.36882972717285,20.446672523048505,20.040161427687607,20.446672523048505,12400
2021-09-07,20.143953323364258,20.455322871869853,20.100706407112664,20.455322871869853,8700
2021-09-08,19.901775360107422,20.135303756634514,19.901775360107422,20.135303756634514,15000
2021-09-09,19.728790283203125,20.213145825098696,19.728790283203125,20.213145825098696,18000
2021-09-10,19.64229965209961,19.919074976292762,19.64229965209961,19.85852929150908,12100
2021-09-13,19.772037506103516,20.048811163106006,19.772037506103516,19.86717741963492,10900
2021-09-14,19.495262145996094,19.93636909224553,19.495262145996094,19.93636909224553,12700
2021-09-15,19.867177963256836,19.867177963256836,19.607703065142317,19.633651214834238,33300
2021-09-16,19.953670501708984,20.031513302471797,19.676896832197304,19.867178317561287,17100
2021-09-17,19.469316482543945,20.265041603254936,19.46066709920238,20.00556505211152,79300
2021-09-20,19.47796630859375,19.988268389436303,19.21848975155278,19.339579471385722,27000
2021-09-21,19.38282585144043,19.668248925770424,19.348229965004144,19.668248925770424,18100
2021-09-22,19.270383834838867,19.59040274041159,19.253085069753574,19.460665301673973,30300
2021-09-23,19.443370819091797,19.547161782763013,19.3482308895697,19.51256424497214,31000
2021-09-24,19.884477615356445,19.93637226735046,19.391474297160197,19.391474297160197,30000
2021-09-27,20.507219314575195,20.64560780897814,19.936373167755644,20.066112278152072,40300
2021-09-28,20.403427124023438,20.68885015711872,20.25639091608338,20.58505921340176,16900
2021-09-29,20.455326080322266,20.71480266942764,20.334237995227284,20.472624849536246,19200
2021-09-30,20.239093780517578,20.52451683660009,20.178549745848745,20.52451683660009,11200
2021-10-01,20.438026428222656,20.61101081348696,20.23909553995966,20.265043692659713,12400
2021-10-04,20.714801788330078,20.809941715557347,20.282342474583743,20.55046678719009,22700
2021-10-05,20.80129051208496,20.887782697210092,20.429376920538967,20.80129051208496,13600
2021-10-06,20.671558380126953,20.706155922962935,20.472627457924993,20.654259608708962,9100
2021-10-07,20.974271774291992,21.112658590105056,20.65425123166117,20.82723557627799,12600
2021-10-08,21.155908584594727,21.190506121138945,20.91373242759057,20.9569776985695,14500
2021-10-11,21.181852340698242,21.354836688113654,21.13860707869489,21.225099252402597,10800
2021-10-12,20.905078887939453,21.311589963319623,20.76669206867382,21.311589963319623,6100
2021-10-13,20.636959075927734,20.965627430036033,20.247745031864014,20.965627430036033,9900
2021-10-14,20.85318946838379,20.982926937741386,20.64560918747135,20.732099733908797,13300
2021-10-15,20.654251098632812,21.30293991221639,20.654251098632812,21.112658454124222,19500
2021-10-18,20.481273651123047,20.818591392686365,20.36883330413435,20.775346120583873,11400
2021-10-19,20.42072868347168,20.61101018166836,20.247744303510114,20.61101018166836,17400
2021-10-20,20.567766189575195,20.758047699595647,20.42072995238167,20.42072995238167,19600
2021-10-21,20.498571395874023,20.645607623259497,20.498571395874023,20.585061935758524,15100
2021-10-22,20.62830924987793,20.714801441117725,20.550466442732247,20.576414595014587,16000
2021-10-25,20.52452278137207,20.758051253906928,20.49857627311377,20.758051253906928,15500
2021-10-26,20.619659423828125,20.870484958375947,20.524517850533453,20.524517850533453,19900
2021-10-27,20.360185623168945,20.870486104189386,20.325588085634603,20.628309940254542,13000
2021-10-28,20.671558380126953,20.870489302328913,20.541820893895313,20.706155922962935,8400
2021-10-29,20.67155647277832,20.854645782326887,20.67155647277832,20.67155647277832,9600
2021-11-01,20.88951301574707,20.88951301574707,20.654114916888922,20.863358595274462,9300
2021-11-02,20.854642868041992,21.116197087508038,20.82848678092692,20.854642868041992,14200
2021-11-03,21.08131980895996,21.264407393884817,20.88079483606488,20.88079483606488,14900
2021-11-04,21.281848907470703,21.438782103783513,20.967982514845083,21.212101004989584,14900
2021-11-05,21.813676834106445,22.10138712824315,21.29928545020732,21.430062554283808,24000
2021-11-08,21.918298721313477,22.22344641820586,21.674181894136503,21.77880291637773,13000
2021-11-09,21.865989685058594,21.93573759223098,21.73521256697553,21.73521256697553,19300
2021-11-10,21.909578323364258,22.01420100039794,21.75264680219529,21.75264680219529,5300
2021-11-11,21.79623794555664,22.014200325012208,21.79623794555664,21.927015040645784,6900
2021-11-12,21.40390968322754,21.726494807129086,21.01157831206881,21.726494807129086,16100
2021-11-15,21.56083869934082,21.613150868981464,21.238255301161978,21.369032399421535,11600
2021-11-16,21.578277587890625,22.022921083191637,21.360315188012944,21.682900271517216,15900
2021-11-17,20.872079849243164,21.648025459607418,20.776175861293915,21.648025459607418,27100
2021-11-18,21.59571075439453,21.67417733603443,21.02029026431581,21.30800050935517,14100
2021-11-19,21.369033813476562,21.499810920390047,21.246975402080132,21.369033813476562,10100
2021-11-22,21.238258361816406,21.857270825480946,21.238258361816406,21.552123110286324,40800
2021-11-23,21.787519454956055,21.996763141643292,21.212098900835898,21.212098900835898,20200
2021-11-24,21.79623794555664,21.900860619380545,21.49980897646339,21.7875192508279,10300
2021-11-26,21.43006134033203,21.796238208755973,21.360313444580854,21.360313444580854,13800
2021-11-29,20.976696014404297,21.848545410913946,20.976696014404297,21.508524678409824,12900
2021-11-30,20.40127944946289,21.151070606066032,20.40127944946289,20.95926430078384,24200
2021-12-01,20.34025001525879,21.11619558568643,20.34025001525879,20.74130167456054,14800
2021-12-02,20.994136810302734,21.01157420016526,20.58436812605957,20.58436812605957,8600
2021-12-03,20.741302490234375,21.063885906457646,20.497184007019133,20.99413800595631,11400
2021-12-06,20.688989639282227,21.09875999634733,20.6192417410679,21.046447825495786,23600
2021-12-07,20.784893035888672,20.941826218168867,20.54949326246838,20.924388828377506,7800
2021-12-08,20.854642868041992,20.924390770761015,20.287940950584783,20.758738878207897,17500
2021-12-09,20.34025001525879,20.854641384822592,20.296658202755168,20.74130167456054,9200
2021-12-10,20.40127944946289,20.566931332114507,20.25306495717904,20.48846473838064,10200
2021-12-13,20.505897521972656,20.79360774672061,20.322808290085398,20.322808290085398,14600
2021-12-14,20.767459869384766,20.845926476481896,20.532060048093378,20.532060048093378,24700
2021-12-15,21.142349243164062,21.142349243164062,20.40127687525249,20.767453712166393,23900
2021-12-16,20.924388885498047,21.66546132444364,20.61924121500033,21.142351269721985,26400
2021-12-17,20.59308433532715,21.19465924668262,20.575646947569382,20.92438638812056,70000
2021-12-20,20.523340225219727,20.837204948032607,20.33153225041733,20.6018051587321,22100
2021-12-21,20.924388885498047,21.194661776317844,20.66283468959773,20.924388885498047,21600
2021-12-22,21.185941696166992,21.37774964601225,20.81104781666771,20.837202236795036,33400
2021-12-23,21.30800437927246,21.700335695805574,20.90695270439468,21.185944306263856,18400
2021-12-27,21.456220626831055,21.743930947605946,21.360316632265675,21.743930947605946,12100
2021-12-28,21.49981117248535,21.78752147623701,21.39519015089629,21.39519015089629,14300
2021-12-29,21.98804473876953,21.98804473876953,21.377751060225762,21.552119969986403,11300
2021-12-30,22.092666625976562,22.31062900258413,21.700333682914557,21.700333682914557,17000
2021-12-31,21.970611572265625,22.52859480919997,21.630589082202693,22.30191370346509,38700
2022-01-03,21.961891174316406,22.519874368008058,21.813676680626926,22.20600799009596,8200
2022-01-04,21.961891174316406,22.049076464061,21.961891174316406,22.04035776879443,7200
2022-01-05,21.970611572265625,22.2496031907328,21.743930466530745,21.98804730122891,23200
2022-01-06,22.171131134033203,22.36293740879707,21.865983502833704,22.01419797153513,13100
2022-01-07,22.14497947692871,22.389097963244243,21.90086265353432,22.136260781390177,20100
2022-01-10,22.267038345336914,22.319348852813306,21.996763787046607,22.23216356507195,14900
2022-01-11,21.90086555480957,22.11010928669013,21.831117644182715,22.11010928669013,12100
2022-01-12,21.848548889160156,22.083948662793926,21.79623838265966,21.95317156508217,53300
2022-01-13,21.97932243347168,22.110101172961436,21.53468070572121,22.014197207447815,19900
2022-01-14,22.362943649291992,22.362943649291992,21.761366912816545,21.796241697735134,21500
2022-01-18,21.927019119262695,22.362943959259653,21.804960696198364,22.319352140428474,60700
2022-01-19,21.726490020751953,22.17985216849674,21.578275536409272,22.15369608434651,19400
2022-01-20,21.578277587890625,22.022921083191637,21.360315188012944,21.726492086324296,19000
2022-01-21,21.3864688873291,21.82239363842322,21.299283604526085,21.299283604526085,27200
2022-01-24,21.839832305908203,21.99676550350429,21.29056777724309,21.29056777724309,19700
2022-01-25,21.970611572265625,22.188573982058255,21.508530664853613,21.65674517002945,13400
2022-01-26,21.61315155029297,22.17113474068094,21.57827676943318,22.05779336580771,43300
2022-01-27,21.3864688873291,21.83111233299562,21.360312803611908,21.83111233299562,15600
2022-01-28,21.220815658569336,21.360311436960718,20.976697214923995,21.220815658569336,28000
2022-01-31,21.748043060302734,21.809552408878297,20.939630887586674,21.25596659569419,26900
2022-02-01,21.765615463256836,22.055589274704175,21.106583921239803,21.791975652295033,24800
2022-02-02,21.185667037963867,21.79197482693309,21.10658312183678,21.63380867068274,35000
2022-02-03,21.273540496826172,21.44928293758146,21.15930908353812,21.247180303915766,17200
2022-02-04,21.68653106689453,22.011652348572717,21.308686056292444,21.405344549982424,19600
2022-02-07,21.888635635375977,21.98529413776069,21.528365168674398,21.668958439777256,22300
2022-02-08,22.046804428100586,22.06437900674174,21.783192452499577,21.871061993697204,18400
2022-02-09,21.677745819091797,22.09952563415869,21.651383952148617,22.09952563415869,26300
2022-02-10,21.923784255981445,22.029228368732642,21.66017062209555,21.66017062209555,19600
2022-02-11,21.335052490234375,22.055593513146015,21.089013397238414,21.915000224578094,43600
2022-02-14,21.57230567932129,21.69532608128379,21.089016390767966,21.282331770988407,16900
2022-02-15,21.97650909423828,22.187399022439983,21.809553939243706,21.809553939243706,12100
2022-02-16,21.950149536132812,22.125891999475893,21.545944216849804,21.545944216849804,9100
2022-02-17,21.7392578125,21.941360455656433,21.686535748199237,21.704110328300892,11300
2022-02-18,21.60744857788086,22.055590247335548,21.59866128914599,21.686532500490745,15500
2022-02-22,21.247177124023438,21.695318772475996,21.220815259054273,21.247177124023438,20800
2022-02-23,21.23838996887207,21.537151069713772,21.08900941845122,21.08900941845122,15400
2022-02-24,20.983566284179688,21.21203078285552,20.75510346150795,20.974780670695782,22200
2022-02-25,21.49321746826172,21.888637117515966,21.30868941594581,21.30868941594581,15700
2022-02-28,21.458070755004883,21.712895456763214,21.2735410200727,21.493218238417956,23900
2022-03-01,20.904483795166016,21.34383820858939,20.799037998502612,21.34383820858939,26100
2022-03-02,21.343835830688477,21.57229862533217,20.684804283975634,20.684804283975634,17000
2022-03-03,21.115371704101562,21.748041395893413,21.00113862891447,21.027500494573935,27700
2022-03-04,21.053861618041992,21.194456565124423,20.57057245821036,20.878120867195943,25500
2022-03-07,20.82539939880371,21.11537323810839,20.693591736934643,21.097798659725306,17400
2022-03-08,20.6496524810791,20.878116922415735,20.482697374717006,20.693587241488437,22800
2022-03-09,20.772676467895508,20.965993485585837,20.632083187395686,20.851760397677168,17000
2022-03-10,20.790250778198242,20.851760128121253,20.649657499515907,20.649657499515907,9700
2022-03-11,20.684804916381836,20.799036317196133,20.6145066069528,20.75510154980693,14400
2022-03-14,20.711166381835938,20.878121525003337,20.66723161174117,20.693591803396412,15500
2022-03-15,20.632083892822266,20.86933569027907,20.632083892822266,20.86933569027907,12000
2022-03-16,20.711166381835938,20.974780030416685,20.63208245486212,20.676018900960933,16400
2022-03-17,20.73752784729004,20.85175925292334,20.61450747660339,20.85175925292334,18100
2022-03-18,20.799041748046875,20.80782903901996,20.342112673472766,20.614511989620862,59200
2022-03-21,20.42997932434082,20.79903708240133,20.38604455533524,20.79903708240133,44000
2022-03-22,20.623294830322266,20.68480585386048,20.368470151108596,20.60572192817251,20800
2022-03-23,20.263023376464844,20.456340374782304,20.263023376464844,20.42997850882885,21500
2022-03-24,20.403615951538086,20.579358366598548,20.148791293304686,20.26302268989127,27000
2022-03-25,20.544208526611328,20.71116364773885,20.315745741073233,20.509061050376168,20700
2022-03-28,20.27181053161621,20.60572079414526,20.26302324302293,20.359681741545117,16600
2022-03-29,20.394832611083984,20.535427575950145,20.280601192385223,20.438769061355973,24100
2022-03-30,20.140003204345703,20.517848208502883,19.98183537227955,20.517848208502883,29600
2022-03-31,20.148794174194336,20.350896807207935,19.955477154786436,20.18394165662951,24100
2022-04-01,19.94668960571289,20.148792219116064,19.823669239116384,20.06970829630544,17000
2022-04-04,19.77094268798828,19.97304525544686,19.691858783156043,19.841239306060984,25700
2022-04-05,19.700653076171875,19.86760823197111,19.56884707991108,19.762162429359968,20100
2022-04-06,19.498552322387695,19.718229562733644,19.340384441177918,19.568848972258227,32400
2022-04-07,19.498552322387695,19.639145622128755,19.217365722905573,19.437042963251525,27400
2022-04-08,19.498552322387695,19.516125227852076,19.278875082041747,19.375531928111016,22500
2022-04-11,19.36674690246582,19.68308099850308,19.36674690246582,19.36674690246582,15600
2022-04-12,19.36674690246582,19.691868289504722,19.217366307446643,19.340385029460887,20100
2022-04-13,19.41067886352539,19.52491027795445,19.366744090899783,19.454613636150995,15500
2022-04-14,19.41067886352539,19.498550084780746,19.191001648389072,19.454613636150995,25100
2022-04-18,19.41067886352539,19.52491027795445,19.16463977921122,19.52491027795445,39500
2022-04-19,19.41067886352539,19.727014589643012,19.331594931995983,19.52491027795445,36000
2022-04-20,21.712892532348633,21.818338320394158,19.586418954135976,19.586418954135976,87100
2022-04-21,21.915000915527344,22.41586473134262,21.7480457515875,21.7480457515875,61600
2022-04-22,21.748043060302734,22.204972044012692,21.748043060302734,21.98529484138337,40500
2022-04-25,21.704105377197266,21.9062079742504,21.317473083179753,21.748040141424877,70500
2022-04-26,21.63381004333496,21.888634707909958,21.48442948961723,21.70410667590778,81200
2022-04-27,21.405349731445312,21.818342318630098,21.25596914867562,21.686536316422547,52400
2022-04-28,21.308687210083008,21.581086453590597,21.097797310979978,21.581086453590597,36100
2022-04-29,20.88357925415039,21.707232143987632,20.81272748347834,21.406111696321556,68600
2022-05-02,20.803871154785156,21.31754692320308,20.688737658949883,20.98985811173689,49400
2022-05-03,20.733016967773438,20.89243385823644,20.48503495047106,20.883577176628577,67400
2022-05-04,21.28211784362793,21.3086861972658,20.62673865581348,20.786153845358207,45100
2022-05-05,21.140417098999023,21.38839744141348,20.848153345982418,21.237837223844963,54600
2022-05-06,20.945575714111328,21.228982815360563,20.830442212693665,21.14927435697927,43500
2022-05-09,21.13155746459961,21.406107815018068,20.8835754675912,20.8835754675912,61600
2022-05-10,21.299833297729492,21.450393522283782,21.087277984695106,21.282121621906228,74100
2022-05-11,21.060707092285156,21.459247622806846,21.01642368495657,21.370682497388938,40700
2022-05-12,21.158126831054688,21.16698351236181,20.803868024965972,21.04299335254057,51600
2022-05-13,20.892433166503906,21.264405335522106,20.82158140522612,21.19355357424432,35400
2022-05-16,20.972139358520508,21.521240027188114,20.9101442852102,21.113842865869508,51200
2022-05-17,21.23783302307129,21.326398137518304,21.113842876388905,21.113842876388905,53800
2022-05-18,20.989858627319336,21.547816133400897,20.910150170844894,21.042997035222456,47900
2022-05-19,20.830440521240234,21.2821211856441,20.759588751681164,20.848153885939862,48800
2022-05-20,20.919004440307617,21.68951717834827,20.697592462142477,20.98099952391556,32900
2022-05-23,21.122703552246094,21.22012367625027,20.830439801754814,20.945573289846795,46400
2022-05-24,21.273263931274414,21.406110784470606,21.06070862831263,21.069565310424295,77800
2022-05-25,21.246692657470703,21.38839618459203,21.104989130349374,21.104989130349374,44300
2022-05-26,21.4415340423584,21.751511133556832,21.290975526686363,21.352970607078202,51600
2022-05-27,21.724945068359375,21.822365195282995,21.44153630217956,21.50353307834477,55300
2022-05-31,21.769222259521484,21.88435572709933,21.609805389614415,21.609805389614415,36000
2022-06-01,21.769222259521484,21.83121733354333,21.574380356990105,21.698370505033797,36700
2022-06-02,21.91978645324707,21.928643135330844,21.627522701440018,21.786939600469207,50700
2022-06-03,22.06148910522461,22.23861936133273,21.813507084521103,21.813507084521103,44000
2022-06-06,22.336040496826172,22.38918058961688,22.11462851124972,22.220907007591748,60300
2022-06-07,22.43345832824707,22.58401851927849,22.150051307303006,22.150051307303006,42500
2022-06-08,22.20319366455078,22.26518875029314,22.07034681092581,22.256332068152894,26900
2022-06-09,21.866647720336914,22.28290163656289,21.866647720336914,22.14119810383748,16400
2022-06-10,21.9374942779541,22.132336166879274,21.618660560404773,21.70722566963947,32900
2022-06-13,21.716087341308594,22.026064450264208,21.680660613775682,21.698373977542136,34200
2022-06-14,21.742658615112305,21.93750226420843,21.716090255137065,21.87550717194678,36000
2022-06-15,21.68065643310547,22.11462362626591,21.609804680941295,21.990633482288363,35200
2022-06-16,21.636377334594727,21.857789298003613,21.406108689940776,21.547812211383327,36800
2022-06-17,21.751514434814453,21.866649620935732,21.627524255212617,21.698376027733595,63300
2022-06-21,21.97292137145996,22.05262980833227,21.81350449771534,21.81350449771534,30300
2022-06-22,22.043777465820312,22.185481006093784,21.7160886624027,21.76037038527337,35500
2022-06-23,21.769222259521484,22.105767671028246,21.680657144102103,22.105767671028246,23800
2022-06-24,22.32718276977539,22.49545634392527,21.707230252718933,21.707230252718933,108600
2022-06-27,21.66295051574707,22.318331559991357,21.574387062042337,22.318331559991357,21500
2022-06-28,21.583236694335938,21.848930347131137,21.5566666533608,21.698370160083446,12300
2022-06-29,21.40610694885254,21.530097097720095,21.36182523546815,21.503528745385097,15000
2022-06-30,21.40610694885254,21.45038866223693,21.087273206919868,21.299828471795287,18000
2022-07-01,21.671804428100586,21.813507962998063,21.31754559085689,21.31754559085689,17200
2022-07-05,21.6009521484375,21.69837395983416,21.37068348737952,21.494675344404182,14700
2022-07-06,21.228975296020508,21.769220947195645,21.220118616088577,21.36182380576054,23700
2022-07-07,21.060707092285156,21.51238771160115,20.989855329798683,21.237835653881707,18200
2022-07-08,21.228975296020508,21.485813946329664,21.03413340523489,21.14041187517912,16600
2022-07-11,21.255550384521484,21.388397236576868,21.09613348635927,21.228980338414658,16700
2022-07-12,21.18470001220703,21.370685279481354,21.15812996435092,21.24669510129847,4900
2022-07-13,20.88357925415039,21.2289814250217,20.848154213434096,21.0872778836776,5300
2022-07-14,20.60017204284668,20.78615730623483,20.32562164436155,20.78615730623483,15500
2022-07-15,21.246692657470703,21.317544421031364,20.63559514098542,20.839295439306706,27000
2022-07-18,21.59209442138672,21.72494295385679,21.290975698375203,21.290975698375203,32700
2022-07-19,21.999494552612305,22.256331571996377,21.50353218849043,21.521243863136693,31000
2022-07-20,23.186262130737305,23.41653078584172,22.282900873613677,22.761151547116526,58100
2022-07-21,23.097694396972656,23.398814782032964,22.832000734502554,23.186259514209063,33300
2022-07-22,23.124267578125,23.407674640363823,23.00027572146601,23.25711442739453,44900
2022-07-25,23.381105422973633,23.540522323439358,23.283685297653,23.283685297653,39500
2022-07-26,23.195117950439453,23.726507004838332,23.195117950439453,23.41652991566905,10800
2022-07-27,23.25711441040039,23.6910816852914,22.584021793455353,23.02684575018977,22400
2022-07-28,22.955997467041016,23.310256348320742,22.84086396408995,23.310256348320742,16500
2022-07-29,23.125511169433594,23.143355336410686,22.750792171481827,23.125511169433594,33600
2022-08-01,23.375322341918945,23.419931053716905,22.732946001063354,22.991681294288696,41200
2022-08-02,23.2058048248291,23.509148812216136,23.179038578278536,23.419929692094094,25800
2022-08-03,23.25041389465332,23.393163808377402,23.036289024067194,23.393163808377402,12100
2022-08-04,23.223648071289062,23.357475895326036,23.196881825796424,23.357475895326036,14900
2022-08-05,23.35747718811035,23.375321352759745,23.13443023513254,23.13443023513254,8300
2022-08-08,23.402090072631836,23.678669568895806,23.205809331614333,23.205809331614333,20500
2022-08-09,23.464540481567383,23.580525858522773,23.330712640376287,23.330712640376287,15500
2022-08-10,23.642980575561523,23.84818339478724,23.393167337995347,23.642980575561523,9800
2022-08-11,23.70543098449707,23.866025070328547,23.473461938486412,23.625133941581332,10400
2022-08-12,23.901716232299805,23.955247033346293,23.794652928493342,23.86602789712649,23400
2022-08-15,24.00877571105957,24.02661987706809,23.50915097481429,23.86602578641806,23800
2022-08-16,24.17829132080078,24.26751044704919,23.999853068303967,24.008775151100135,24000
2022-08-17,24.213977813720703,24.29427485672012,24.053383727721876,24.089072058705298,15600
2022-08-18,24.249666213989258,24.419182383218274,24.133680839675037,24.27643076059001,29200
2022-08-19,24.258590698242188,24.29427733114709,24.0890745122319,24.13368322879139,50500
2022-08-22,23.68758773803711,24.035542171409407,22.938149776222946,24.035542171409407,21900
2022-08-23,23.473459243774414,23.78572529685321,23.00060082501314,23.41992845521359,12400
2022-08-24,23.045215606689453,23.473465431490897,22.795402358031843,23.295028855347063,26600
2022-08-25,23.321788787841797,23.402085826806516,23.125508082435374,23.295024242662357,14800
2022-08-26,23.25933837890625,23.330713343138996,23.01844723647821,23.2147296644033,24500
2022-08-29,23.2058048248291,23.295023944951144,22.857852128237635,22.929227083992632,23200
2022-08-30,23.286102294921875,23.348555169652382,23.08981988666805,23.348555169652382,27800
2022-08-31,22.955995559692383,23.482386586664326,22.955995559692383,23.24149543159985,12400
2022-09-01,22.6972599029541,22.875696456033616,22.46529085240875,22.875696456033616,17800
2022-09-02,22.599117279052734,22.893539189845242,22.527742321942828,22.65264807145686,15000
2022-09-06,22.322538375854492,22.590194025714126,22.09056935184335,22.349302919812583,15200
2022-09-07,22.465288162231445,22.483132325916586,22.242241221306532,22.242241221306532,13500
2022-09-08,22.26900863647461,22.60804098335446,22.17086912697851,22.41176026264893,16300
2022-09-09,22.732946395874023,22.741868478731224,22.35822742443815,22.35822742443815,12600
2022-09-12,22.79539680480957,22.929226331456945,22.41175749378821,22.536663236831764,14600
2022-09-13,22.197635650634766,22.732948765882334,22.09057404861334,22.60804299628618,18000
2022-09-14,22.197635650634766,22.393918090529848,21.92997994386772,22.13518276583669,15400
2022-09-15,22.545589447021484,22.57235399588129,22.29577621347822,22.402839514057742,17800
2022-09-16,22.679412841796875,23.018443440565406,21.974583697230866,22.30469391594055,70900
2022-09-19,22.973834991455078,23.018443699102754,22.47421031860602,22.47421031860602,18400
2022-09-20,23.027366638183594,23.045210802592173,22.554508193348546,22.554508193348546,13600
2022-09-21,22.5009765625,23.152274974669446,22.483134099120768,23.03628960328159,27500
2022-09-22,22.39391326904297,22.447444058528315,22.10841345617029,22.17086632752205,14000
2022-09-23,21.912134170532227,22.0102753832878,21.626634317112398,21.929978336799305,8100
2022-09-26,22.028120040893555,22.179792054120064,21.84075969433686,22.126259554124783,20400
2022-09-27,21.680160522460938,22.117333994846632,21.528488544740778,22.117333994846632,19000
2022-09-28,21.929977416992188,22.126258132557396,21.483883489305843,21.58202469794509,22100
2022-09-29,21.528491973876953,21.71585230641611,21.483883262265056,21.71585230641611,7100
2022-09-30,21.34113121032715,21.715850136244697,21.34113121032715,21.671241429090767,16200
2022-10-03,21.93889617919922,22.054879834089167,21.51064648184907,21.51064648184907,13500
2022-10-04,22.117338180541992,22.367149695795668,21.90321159359124,21.96566617411798,18600
2022-10-05,21.876447677612305,22.11733881859628,21.876447677612305,21.91213430865806,6700
2022-10-06,21.4838809967041,21.867522002277706,21.41250604462388,21.867522002277706,9500
2022-10-07,20.903963088989258,21.341134962469965,20.796899790597898,21.341134962469965,13000
2022-10-10,20.78797721862793,21.118087487671332,20.72552433841486,20.78797721862793,15100
2022-10-11,20.698760986328125,20.859353386846397,20.63630640079421,20.761213870148584,8600
2022-10-12,20.903963088989258,20.939649720644113,20.484633680479277,20.56493072884445,19700
2022-10-13,21.921056747436523,21.94782299744005,20.609541128104844,20.609541128104844,20000
2022-10-14,21.929977416992188,22.26008767223393,21.742618784186302,21.99243029459415,13200
2022-10-17,22.233322143554688,22.286852940129894,21.938900209821036,22.161947180883296,15700
2022-10-18,21.59986686706543,22.456368081428952,21.5731023208659,22.304696080016313,19300
2022-10-19,22.090574264526367,22.322543340124692,22.028121379117877,22.322543340124692,17000
2022-10-20,21.662322998046875,22.188713999398267,21.564181783712872,22.170869832844197,10800
2022-10-21,22.179790496826172,22.581274008321337,21.813993614442158,21.813993614442158,19600
2022-10-24,22.661571502685547,22.661571502685547,21.867524844859982,22.12625844164143,14200
2022-10-25,22.991683959960938,23.018448509457503,22.518823732197742,22.518823732197742,13700
2022-10-26,22.545589447021484,23.080902546492233,22.545589447021484,22.991683412961535,9600
2022-10-27,23.071977615356445,23.437774486142487,22.79539816537619,22.79539816537619,15200
2022-10-28,23.692142486572266,23.701130606529812,23.098940283843064,23.125902929407104,22400
2022-10-31,23.7910099029541,23.934816402878422,23.503396903105465,23.503396903105465,15600
2022-11-01,23.575302124023438,23.97975901031716,23.55732588145286,23.97975901031716,9900
2022-11-02,23.009061813354492,23.683155411122836,23.009061813354492,23.647202929707028,17900
2022-11-03,22.757400512695312,23.009062749923697,22.739424271255697,22.991086508484084,11800
2022-11-04,23.027042388916016,23.089957528928817,22.703476852497044,22.838295254568617,25800
2022-11-07,23.170846939086914,23.6921459731803,22.919184686166062,23.027040427220385,10600
2022-11-08,23.341617584228516,23.413520844732414,22.910198021205126,23.045016420361318,25100
2022-11-09,23.062990188598633,23.242749177718427,22.82930418846641,23.080966430372367,12800
2022-11-10,23.907852172851562,24.159512673904484,23.41351586206737,23.494407227208264,28500
2022-11-11,23.683155059814453,24.2134421526708,23.683155059814453,24.04267129709622,7700
2022-11-14,23.907852172851562,23.916840292790393,23.386553216559467,23.548335946841252,14100
2022-11-15,24.186479568481445,24.23141845857664,23.889878436650356,23.943805447626342,9900
2022-11-16,24.29433250427246,24.716763851122376,24.123561655840124,24.348259509032147,23800
2022-11-17,24.141542434692383,24.276360829094827,23.89886829618265,24.042674812119774,9700
2022-11-18,24.339269638061523,24.61789447596714,24.1774869211136,24.492064235811398,14000
2022-11-21,24.087610244750977,24.590934692525803,24.042671357842952,24.438140077006416,18300
2022-11-22,24.581945419311523,24.689799428555546,23.979755105721946,24.087609114965968,10900
2022-11-23,24.537006378173828,24.617897747397304,24.36623723364309,24.617897747397304,7200
2022-11-25,24.653850555419922,24.842595943234848,24.411176444536135,24.42915268555909,6100
2022-11-28,24.44713020324707,24.581948589342243,24.249394970285945,24.563972347380542,6800
2022-11-29,24.105588912963867,24.599925290281053,24.105588912963867,24.429154417076294,10300
2022-11-30,24.186479568481445,24.267370942099813,23.485421568558518,24.267370942099813,15600
2022-12-01,24.222431182861328,24.222431182861328,23.98874519127208,24.114575450470635,4900
2022-12-02,24.384214401245117,24.75272052001531,24.051662482247753,24.051662482247753,13500
2022-12-05,23.979753494262695,23.979753494262695,23.81797077696003,23.81797077696003,17600
2022-12-06,24.941463470458984,24.941463470458984,24.087610882143217,24.087610882143217,44900
2022-12-07,24.635873794555664,25.543653375355422,24.635873794555664,24.73474140378701,19900
2022-12-08,24.05166244506836,24.842598266655465,23.961782945856246,24.788671252851742,14000
2022-12-09,23.018047332763672,24.087607819397927,23.018047332763672,23.997730054631567,11600
2022-12-12,23.368579864501953,23.57530150571536,23.20679711422753,23.20679711422753,17300
2022-12-13,23.638216018676758,24.07862536700824,23.05400188025105,23.826963127148645,26000
2022-12-14,23.19780731201172,23.817973905016697,22.496751064040478,23.48542030751876,14600
2022-12-15,22.55068016052246,22.883232074509102,22.092296263616774,22.883232074509102,12400
2022-12-16,23.368579864501953,23.368579864501953,21.867597935401974,22.29002933887834,70300
2022-12-19,22.631568908691406,23.15286787935469,22.505738654696053,23.15286787935469,27700
2022-12-20,22.658533096313477,22.955135939722627,22.46978770248084,22.90120721493437,17100
2022-12-21,22.51472282409668,23.107924983019117,22.379904463306755,23.107924983019117,18700
2022-12-22,21.570995330810547,22.281041416651227,21.400224471101865,22.281041416651227,28800
2022-12-23,21.346296310424805,21.59795852618301,21.202489819793996,21.517067160914607,33300
2022-12-27,21.57998275756836,21.894560105559112,20.860948574402546,20.860948574402546,9300
2022-12-28,21.094635009765625,21.723789719299987,20.9508285128964,21.570995102087853,25300
2022-12-29,20.887910842895508,21.283379518314504,20.842971960958366,21.17552380163352,21600
2022-12-30,20.816011428833008,21.02273306662925,20.6991692857378,20.824999549733988,36800
2023-01-03,20.914878845214844,21.049697228827828,20.75309609915576,20.905890724399477,17600
2023-01-04,20.627267837524414,20.9418435250372,20.537388334959793,20.9418435250372,17700
2023-01-05,20.699169158935547,20.798035059623142,20.51941017063467,20.681192917243706,10800
2023-01-06,20.833988189697266,20.92386768663758,20.618278425625803,20.905891444387752,17400
2023-01-09,20.5913143157959,20.84297656746578,20.5913143157959,20.84297656746578,7600
2023-01-10,20.94184112548828,21.067673100384297,20.45649461014537,20.45649461014537,24500
2023-01-11,21.3912353515625,21.3912353515625,20.896900750710007,21.1036223682077,5400
2023-01-12,21.76873016357422,21.993428045291036,21.445166379631978,21.445166379631978,13700
2023-01-13,21.786706924438477,21.867598300927817,21.37326363510079,21.4631414184811,4900
2023-01-17,21.54402732849121,21.804677634222664,21.265402499229765,21.804677634222664,6500
2023-01-18,20.600297927856445,21.36427092256768,20.59130980858826,21.22046444289362,6500
2023-01-19,20.753097534179688,20.753097534179688,20.44750826256153,20.44750826256153,7400
2023-01-20,21.40921401977539,21.40921401977539,20.824999866787355,20.959818253737087,13200
2023-01-23,21.256420135498047,21.570997525608274,20.654229719335795,21.570997525608274,9400
2023-01-24,21.436180114746094,21.436180114746094,20.76208641122772,20.90589293083359,20000
2023-01-25,21.553016662597656,22.020388586896434,20.977790733804387,22.020388586896434,11600
2023-01-26,21.957477569580078,22.01140458190752,21.16654005533645,21.38225153326385,21100
2023-01-27,21.6339111328125,21.786705756399694,21.265406754921397,21.759741394245932,5200
2023-01-30,21.76873016357422,22.11926002478243,21.741767514925826,22.11926002478243,9000
2023-01-31,22.24509048461914,22.316993738825357,21.70581522091813,21.894562334652445,9700
2023-02-01,22.029380798339844,22.424849554998865,21.795694792782644,22.424849554998865,17000
2023-02-02,22.460800170898438,22.460800170898438,21.96646551419945,22.173187155051114,18600
2023-02-03,22.343957901000977,22.649547157205355,22.128248140322967,22.44282380320207,11400
2023-02-06,22.452688217163086,22.588600024032754,22.15368155076486,22.362079769845842,5800
2023-02-07,22.670143127441406,22.778871860902466,22.27146707225606,22.343953470634116,13300
2023-02-08,22.01776695251465,22.434565098763144,22.01776695251465,22.262409229994486,9400
2023-02-09,21.745943069458008,22.026827683539068,21.5284838461489,22.026827683539068,11500
2023-02-10,21.80936622619629,22.063069491508397,21.075441206680836,21.700637489785464,6800
2023-02-13,20.73113250732422,21.86373375665429,20.35057841842082,21.7459439871374,86200
2023-02-14,21.33820152282715,21.33820152282715,20.82173575848994,20.88516113611564,14200
2023-02-15,21.41069221496582,22.144619033127878,21.292902451181195,21.51942269002355,15200
2023-02-16,21.00295639038086,21.428813808496994,20.72207178388776,21.22947662456838,16900
2023-02-17,21.437875747680664,21.600970599827296,20.903287833738844,21.13886909481594,15900
2023-02-21,21.021076202392578,21.32914382658819,20.857981374499367,21.220413365255364,15200
2023-02-22,20.885164260864258,21.492238539014,20.839860906699784,21.06638113394652,25200
2023-02-23,21.256654739379883,21.256654739379883,21.002953221424544,21.002953221424544,8600
2023-02-24,20.703948974609375,21.301962232200022,20.703948974609375,21.301962232200022,9200
2023-02-27,20.794557571411133,21.21135396038162,20.640523747615042,20.857982958583843,11100
2023-02-28,20.839862823486328,21.09356612349391,20.839862823486328,20.948593302978818,10500
2023-03-01,20.930469512939453,21.030137238551813,20.839861075663695,21.021077950215215,10800
2023-03-02,20.885164260864258,20.885164260864258,20.54991529233791,20.54991529233791,13400
2023-03-03,20.77643585205078,21.075442487672714,20.77643585205078,20.848922256801185,9000
2023-03-06,20.151241302490234,20.740193608889992,19.825051588331196,20.740193608889992,50000
2023-03-07,20.49555015563965,20.49555015563965,19.852231835633773,20.15123845529506,14800
2023-03-08,20.513671875,20.65864468676442,20.26903133528019,20.26903133528019,7900
2023-03-09,20.178424835205078,20.731133085097643,20.160302799939775,20.549917917081807,22100
2023-03-10,19.915658950805664,20.16030122311554,19.516984575425425,20.16030122311554,13700
2023-03-13,18.547473907470703,20.033447639009953,18.447806191679845,19.67101392562202,16700
2023-03-14,18.06725311279297,19.94284024559747,17.98570569586998,19.71632002708075,31800
2023-03-15,18.266592025756836,18.420625858173143,17.958524360924226,18.12161921033117,25200
2023-03-16,17.559844970703125,19.118305037415134,17.30614345525658,18.14879886747422,41500
2023-03-17,18.094436645507812,18.375322995127444,17.48736231652278,17.48736231652278,41600
2023-03-20,18.01289176940918,18.45687303568962,17.985710442070122,18.10350022636871,25400
2023-03-21,18.882728576660156,19.236099621087913,18.348140637123997,18.348140637123997,17600
2023-03-22,18.19410514831543,19.10018608543913,18.185044131558726,19.054882729867842,12600
2023-03-23,18.46592903137207,18.783057710043224,18.26659184419616,18.46592903137207,25100
2023-03-24,18.166921615600586,18.465928247782433,18.04913185731594,18.13067927774846,12000
2023-03-27,17.994773864746094,18.42969244240325,17.813556926615878,18.411570402947667,9900
2023-03-28,18.13068199157715,18.20316840634347,17.858856640044106,17.858856640044106,8800
2023-03-29,18.157865524291992,18.330019683771535,18.067257071390262,18.330019683771535,12900
2023-03-30,18.076316833496094,18.35720146258337,17.8407355636056,18.021950728605105,29100
2023-03-31,17.994773864746094,18.257536524000823,17.97665182529051,18.157868763420726,29600
2023-04-03,18.429685592651367,18.76493455691381,17.994767176640117,17.994767176640117,17800
2023-04-04,17.80449104309082,18.031011289766816,17.70482330973777,17.940402845453953,16000
2023-04-05,17.849796295166016,18.03101145726278,17.668579404856903,17.858855584290357,11200
2023-04-06,17.904159545898438,18.175983136068698,17.813551106437604,17.813551106437604,6700
2023-04-10,17.460182189941406,17.922283731283148,17.460182189941406,17.66858041597422,19200
2023-04-11,17.668577194213867,18.02194818507026,17.46924002238423,17.46924002238423,9900
2023-04-12,17.469242095947266,17.732004684175156,17.469242095947266,17.732004684175156,13500
2023-04-13,17.650453567504883,18.040068587980738,17.623272249563204,17.623272249563204,6000
2023-04-14,17.37863540649414,17.786370855932176,17.351452351913267,17.73200647498294,17700
2023-04-17,17.34238624572754,17.45111670393866,17.179291422516858,17.179291422516858,11700
2023-04-18,16.599403381347656,17.2155387281316,16.590342364105265,17.2155387281316,13100
2023-04-19,17.133987426757812,17.152109457144768,16.53597424968374,16.53597424968374,10600
2023-04-20,17.197418212890625,17.215540248976332,16.952775910371017,17.215540248976332,7400
2023-04-21,17.106809616088867,17.44206036799101,16.916533423434586,17.23366213940419,9100
2023-04-24,16.979957580566406,17.21553884584236,16.979957580566406,17.106808366402557,10400
2023-04-25,16.517854690551758,17.025261248028592,16.517854690551758,16.87122742311816,13600
2023-04-26,16.807804107666016,16.8168651262639,16.51785842538411,16.51785842538411,8000
2023-04-27,17.0252628326416,17.0252628326416,16.798742582467312,16.798742582467312,7400
2023-04-28,17.369571685791016,17.396754736142512,17.016200672282764,17.016200672282764,14900
2023-05-01,17.260839462280273,17.306144541605324,17.17023276005431,17.2245971270323,16200
2023-05-02,16.20978546142578,17.215535733628784,16.20978546142578,17.206474717962486,14800
2023-05-03,15.539288520812988,16.418188180831663,15.539288520812987,16.309457702402224,37000
2023-05-04,14.72381591796875,15.70238330677295,14.660390525913009,15.475863061881123,23300
2023-05-05,14.732876777648926,15.26746468813564,14.497295518094415,14.95939702011915,56900
2023-05-08,15.118168830871582,15.31081631492448,14.907175383836563,15.044779729740524,17200
2023-05-09,15.145689964294434,15.228252919408803,14.732875188722593,15.228252919408803,8400
2023-05-10,14.6594877243042,15.36585897472011,14.402625849092582,15.173213224461772,27400
2023-05-11,14.365930557250977,14.687008540916242,14.27419461539456,14.631966275908693,14300
2023-05-12,14.687007904052734,14.760397004302392,14.237499446306813,14.338409240433322,11000
2023-05-15,14.94387149810791,15.0264327096686,14.687008757442005,14.797091539345772,12300
2023-05-16,15.375031471252441,15.485114247448683,14.45766683752426,15.063127355806126,34000
2023-05-17,15.870409965515137,15.96214679329676,15.127344984979441,15.567679658649894,19000
2023-05-18,15.971321105957031,16.420829650182373,15.13651927386218,16.008016538008654,15900
2023-05-19,15.78784465789795,16.30157011751781,15.78784465789795,16.292396261124505,23700
2023-05-22,16.512563705444336,16.71438329860656,15.842887930659748,16.017185954408582,16400
2023-05-23,16.778602600097656,16.861163820217314,16.475870544142943,16.631822626119103,9700
2023-05-24,17.154720306396484,17.20058784074476,16.530912040747992,16.659342536710582,18600
2023-05-25,16.686864852905273,17.154721073050396,16.686864852905273,17.154721073050396,4800
2023-05-26,17.062984466552734,17.062984466552734,16.530912988819992,16.530912988819992,5300
2023-05-30,16.78777313232422,17.099677266999908,16.549259852616256,17.099677266999908,19500
2023-05-31,16.60430145263672,16.916205591229527,16.503390775523073,16.714384237002232,18600
2023-06-01,16.888683319091797,16.998767848621164,16.723557399664863,16.723557399664863,8300
2023-06-02,17.84274673461914,18.10878162681734,16.741908233097018,17.08133399181562,41900
2023-06-05,17.585880279541016,17.980347356061202,16.97124589862835,17.971173499661404,11400
2023-06-06,18.34729766845703,18.56746503051036,17.576711026403064,17.576711026403064,11700
2023-06-07,18.723413467407227,18.916060965096168,18.5307677194526,18.5307677194526,47100
2023-06-08,18.594982147216797,18.83349716967099,18.09960438910403,18.83349716967099,10200
2023-06-09,18.117950439453125,18.117950439453125,18.117950439453125,18.117950439453125,2900
2023-06-12,17.64092254638672,18.35646763358341,17.567533441269184,18.273904671609397,9200
2023-06-13,18.393159866333008,18.88853759926088,17.668442728946932,17.70513640375595,14800
2023-06-14,18.25555419921875,18.73258418526376,18.072082339017296,18.521590758651783,13500
2023-06-15,18.420682907104492,18.420682907104492,17.943652848319218,18.108778772493682,6600
2023-06-16,17.861087799072266,18.567458947838027,17.85191394327522,18.567458947838027,21400
2023-06-20,17.595056533813477,17.971175948792016,17.34736762646631,17.971175948792016,6700
2023-06-21,17.631746292114258,17.84274147165533,17.631746292114258,17.84274147165533,6800
2023-06-22,17.64092254638672,17.751007078930165,16.94372517290298,16.94372517290298,29100
2023-06-23,17.466625213623047,17.75100778860618,16.43917595116637,17.28315156862688,82600
2023-06-26,17.448278427124023,17.787702413763768,16.163968093050784,17.136374263883237,15400
2023-06-27,17.576711654663086,17.62257920057985,17.2372876155157,17.62257920057985,11300
2023-06-28,17.420757293701172,17.521667981336254,17.246457492259076,17.402409577815796,5300
2023-06-29,17.613401412963867,17.613401412963867,17.200586633857622,17.475795320105682,4000
2023-06-30,17.56753158569336,17.64092068305915,17.46662267039921,17.484968632440083,18100
2023-07-03,17.888608932495117,17.888608932495117,17.044633466716242,17.42992665217473,6800
2023-07-05,17.925308227539062,18.026217161191678,17.66844546516043,17.66844546516043,11700
2023-07-06,17.751008987426758,17.97117632645062,17.54918761435403,17.934480895079407,12100
2023-07-07,18.530765533447266,18.549111495563753,17.751005277138038,17.87943576062399,52200
2023-07-10,18.163820266723633,18.411509154386465,18.02621591237794,18.347293905674093,10900
2023-07-11,17.70513916015625,18.512421128445038,17.659271622070612,18.512421128445038,10700
2023-07-12,17.806045532226562,18.273901656302044,17.741830294561417,18.053734377278406,12100
2023-07-13,18.0445613861084,18.09042891528472,17.69596361505976,17.9436507222396,6500
2023-07-14,17.989521026611328,18.090429946498187,17.34736508313339,17.65926919856734,10200
2023-07-17,17.925308227539062,18.530768828392443,17.824397544152024,17.824397544152024,10200
2023-07-18,18.604156494140625,18.62250245809428,18.07208504533034,18.07208504533034,14000
2023-07-19,19.319700241088867,19.714167345088914,18.448204819207533,18.448204819207533,44700
2023-07-20,20.090288162231445,20.13615745068439,17.906960774170106,19.420612298428434,42600
2023-07-21,19.585737228393555,20.03524573366847,19.567389513957593,20.01689801923251,15500
2023-07-24,20.09946060180664,20.09946060180664,19.310526393423586,19.448132499339195,14000
2023-07-25,19.943506240844727,20.099458293200154,19.68664352233752,20.099458293200154,8500
2023-07-26,20.833349227905273,20.833349227905273,20.2095427696287,20.2095427696287,10200
2023-07-27,21.686498641967773,21.686498641967773,20.503099214670943,20.925086091924875,26900
2023-07-28,21.989229202270508,22.016750770638097,21.38376869605669,21.69567280528613,31200
2023-07-31,21.466333389282227,22.236919868617914,21.209472395993192,21.57641792193059,44900
2023-08-01,21.53972053527832,21.640631201882915,20.943433891149787,21.32872709577246,20000
2023-08-02,21.484682083129883,21.732370980587394,21.27368861480728,21.35625158062645,25800
2023-08-03,21.52136993408203,22.071788973899764,21.181946055179257,21.181946055179257,12100
2023-08-04,21.695674896240234,22.31030931781292,21.475507577282986,22.31030931781292,14500
2023-08-07,22.0472469329834,22.43582626254994,21.704926333146773,21.76043892641158,22800
2023-08-08,22.657869338989258,22.657869338989258,21.455124825743443,21.723428610845918,18500
2023-08-09,21.93622589111328,22.639369600172625,21.741937087579082,22.491339531387247,25200
2023-08-10,21.621658325195312,22.204526365849695,21.455124095106285,22.204526365849695,10700
2023-08-11,21.279340744018555,21.732683008980057,21.122058589672122,21.723430909941154,20800
2023-08-14,20.863006591796875,21.29784645421099,20.71497652597943,21.29784645421099,11500
2023-08-15,20.751983642578125,21.59390525164235,20.56694518941034,20.66871651511837,11100
2023-08-16,21.32559585571289,21.55689299846317,20.724223637493598,20.724223637493598,23600
2023-08-17,21.159067153930664,21.501385997802416,20.900013672755644,20.900013672755644,9800
2023-08-18,21.020288467407227,21.2700898617756,20.714976240287292,21.00178603292841,56200
2023-08-21,20.97402572631836,21.001782019718995,20.391157682162717,20.900010708573877,12600
2023-08-22,20.73348045349121,20.85375598330169,20.446672425313054,20.85375598330169,6200
2023-08-23,20.687217712402344,20.909262765198527,20.64095722349238,20.770484827783065,8500
2023-08-24,20.613203048706055,20.687218067575525,20.502179638073223,20.594698852824376,9600
2023-08-25,20.687217712402344,20.80749145425382,20.363401348661455,20.576194303675646,7700
2023-08-28,20.35415267944336,20.900014187928306,20.35415267944336,20.35415267944336,12900
2023-08-29,20.872257232666016,20.872257232666016,20.085846460064552,20.15986325245759,11600
2023-08-30,20.150611877441406,20.835251349759726,20.150611877441406,20.585449960429962,22500
2023-08-31,19.984073638916016,20.326392424588292,19.79903521744218,20.150607865311034,11700
2023-09-01,20.13210678100586,20.30789313210245,20.03033545700403,20.03033545700403,12200
2023-09-05,19.7435245513916,20.132103827802254,19.660257437542377,20.01182832350574,14700
2023-09-06,18.883100509643555,19.57699200832617,18.883100509643555,19.57699200832617,15300
2023-09-07,18.27247428894043,19.012624440351104,17.856138725861204,18.975617815109146,81700
2023-09-08,19.308687210083008,19.39195256211473,18.355742299452167,18.37424649530688,62600
2023-09-11,19.567739486694336,19.882303767132772,19.077390634278235,19.308687795503126,30900
2023-09-12,20.47442626953125,20.65021262620816,19.57699381693623,19.57699381693623,41700
2023-09-13,20.372655868530273,20.909265251082363,20.2616324466041,20.409662499400714,49800
2023-09-14,20.77048683166504,20.77048683166504,20.29864038720419,20.36340331326908,13000
2023-09-15,20.44666862487793,21.19607090454208,20.35414941098745,20.770484991165993,67500
2023-09-18,19.937814712524414,20.7889883415755,19.937814712524414,20.502180354022933,31100
2023-09-19,20.33564567565918,20.677966245406623,19.91931185071243,19.91931185071243,24400
2023-09-20,19.863801956176758,21.075800497098307,19.771284492302144,20.455923959987842,24600
2023-09-21,20.10434913635254,20.21537255188066,19.743526124036467,19.799036949471866,16000
2023-09-22,19.604747772216797,20.344897978222225,19.530732751616256,20.039585797662827,16300
2023-09-25,19.651004791259766,19.789782722247963,19.465968138161216,19.465968138161216,8800
2023-09-26,19.364200592041016,19.59549777681999,19.32719219544079,19.59549777681999,11200
2023-09-27,19.262428283691406,19.47522125931813,19.234673752314155,19.47522125931813,7500
2023-09-28,19.66025733947754,19.817539468779646,19.33644098330765,19.33644098330765,6600
2023-09-29,19.438213348388672,19.512228368279793,19.354946230429004,19.401204956114476,8500
2023-10-02,19.142152786254883,19.382702036001145,19.01262518121783,19.068137768229665,7800
2023-10-03,18.70731544494629,19.10514688033282,18.70731544494629,19.10514688033282,7500
2023-10-04,18.9016056060791,18.947864335663354,18.540782574281163,18.642552132298,12300
2023-10-05,19.290184020996094,19.38270324044106,18.642551249538663,18.642551249538663,20100
2023-10-06,19.651004791259766,19.688013180673757,19.077388872599986,19.18841051152769,21400
2023-10-09,19.299436569213867,19.780533345157302,19.253176076084532,19.299436569213867,10800
2023-10-10,19.651004791259766,19.8915540284793,19.290181817759027,19.364196831929874,25000
2023-10-11,19.706520080566406,19.873054341388478,19.55849001864846,19.873054341388478,8100
2023-10-12,19.734272003173828,19.734272003173828,19.484470667330037,19.623248599024205,9000
2023-10-13,19.391952514648438,19.576990943428164,19.373450083496255,19.50297592484772,8300
2023-10-16,19.651004791259766,19.873049833772306,19.391951359333234,19.391951359333234,13000
2023-10-17,19.882307052612305,20.243130119057508,19.725024886402775,19.725024886402775,14300
2023-10-18,18.947860717773438,19.586241299157248,18.57778565778901,19.576989202075502,14500
2023-10-19,18.818336486816406,19.05888573740848,18.698060979191755,18.781328095345057,29700
2023-10-20,18.781330108642578,18.87384933258148,18.550032931124036,18.87384933258148,14400
2023-10-23,18.735069274902344,18.96636642644435,18.735069274902344,18.91085560417829,4900
2023-10-24,18.818336486816406,19.447465024571486,18.503772217938867,19.447465024571486,16300
2023-10-25,18.855344772338867,20.326394934246157,18.735071018790943,20.326394934246157,21300
2023-10-26,19.23467254638672,19.23467254638672,18.790580660962025,18.93861070121783,21700
2023-10-27,18.83683967590332,19.336440581467023,18.83683967590332,19.06813681626694,8000
2023-10-30,19.558488845825195,19.734275195558318,19.13290288449571,19.13290288449571,7900
2023-10-31,19.530736923217773,19.530736923217773,19.179164176779242,19.179164176779242,9300
2023-11-01,19.354948043823242,19.62325185431986,19.25317672019137,19.290185115932935,8600
2023-11-02,19.984073638916016,20.141355767771625,19.54923387784965,19.54923387784965,11600
2023-11-03,21.057292938232422,21.482878851046593,20.298638561715176,20.32639309058561,33000
2023-11-06,20.917287826538086,21.16930377150883,20.581266566577096,20.739943074858488,27500
2023-11-07,20.627931594848633,21.0292898178271,20.366581598878632,20.63726571402269,13800
2023-11-08,20.207904815673828,20.702602442310614,19.90922012800678,20.702602442310614,19100
2023-11-09,20.170576095581055,20.487929115321283,20.002565463918383,20.487929115321283,7500
2023-11-10,20.441255569458008,20.506592632316913,20.301247323288717,20.357250265696145,17100
2023-11-13,20.58126449584961,20.711940406187775,20.0398979538815,20.105236799201332,9100
2023-11-14,22.625391006469727,22.81206986397075,20.94528841016663,20.94528841016663,33600
2023-11-15,22.298704147338867,22.86807306686339,22.298704147338867,22.77473363706078,35100
2023-11-16,21.691999435424805,21.98135005101995,21.53332294681428,21.766670619459084,17000
2023-11-17,22.382707595825195,22.382707595825195,21.916012265902395,21.916012265902395,21700
2023-11-20,22.06535530090332,22.448045340668116,21.523988772921303,21.701333502176183,13300
2023-11-21,21.495988845825195,21.701334162584114,21.495988845825195,21.55199179034099,4500
2023-11-22,21.934680938720703,22.177362728700167,21.654664447368244,21.74800209095144,13000
2023-11-24,22.028017044067383,22.158691149638848,21.729332356874796,21.729332356874796,5500
2023-11-27,21.720001220703125,21.8880118253974,21.720001220703125,21.8320071036317,8000
2023-11-28,21.495988845825195,21.75733710709991,21.337312352779186,21.748002986297028,8600
2023-11-29,22.158695220947266,22.214698165010237,21.55199161607752,21.738670470022747,9900
2023-11-30,22.33603858947754,22.50404919170283,22.05602032566826,22.158693867095135,17100
2023-12-01,22.98940658569336,23.17608539256835,22.27069727391704,22.27069727391704,16800
2023-12-04,23.138755798339844,23.204092861053763,22.96141107075818,23.204092861053763,9800
2023-12-05,22.774730682373047,23.213425411440628,22.774730682373047,23.185423052042278,8000
2023-12-06,22.58805274963379,23.66145156064545,22.58805274963379,23.32543038212654,15100
2023-12-07,22.961410522460938,22.961410522460938,22.709394617752498,22.784065799114103,17100
2023-12-08,23.092086791992188,23.28809977398109,22.84007086384998,22.84007086384998,24700
2023-12-11,22.728063583374023,22.81206888762394,22.606721797101276,22.81206888762394,24500
2023-12-12,22.709394454956055,23.250760961022152,21.953348526551984,22.765397395500443,12900
2023-12-13,24.548171997070312,25.20154612730617,22.280034341065832,22.80273257707375,164300
2023-12-14,26.928321838378906,27.44168600720374,24.548174503996556,24.548174503996556,125000
2023-12-15,26.974990844726562,27.581694443009223,26.620303162443328,27.068330270685774,139000
2023-12-18,26.946990966796875,27.2736762957324,26.862985659270162,26.95632330736516,45000
2023-12-19,27.068328857421875,27.796374205529993,27.049660617144426,27.105665337976774,54700
2023-12-20,26.806978225708008,27.74036885476847,26.806978225708008,27.39501531898485,58800
2023-12-21,27.208337783813477,27.50702251456592,26.928321293808416,27.171003082620135,23100
2023-12-22,27.348346710205078,27.740370874160373,27.068330213223355,27.395017313236345,46300
2023-12-26,27.385684967041016,27.80571152003001,27.329682020076348,27.600364413990242,45500
2023-12-27,27.525691986083984,27.693702599719938,27.32968079037638,27.32968079037638,31700
2023-12-28,27.68436622619629,27.768371526178587,27.58169268615096,27.693700346227807,25600
2023-12-29,27.535024642944336,27.796374670294348,27.432351100003007,27.553692883533923,30500
2024-01-02,27.385684967041016,27.73103855034167,26.760313088313843,27.423019671583603,81000
2024-01-03,26.909652709960938,27.525690404358684,26.797645047206164,27.339013340169263,74100
2024-01-04,27.058996200561523,27.301677996387813,26.834982646022212,27.049662079918033,38600
2024-01-05,27.21767234802246,27.50702296311962,26.900319371347596,27.03099349810732,59200
2024-01-08,27.301677703857422,27.35768064681682,27.058995910631403,27.320345944944375,20100
2024-01-09,26.918989181518555,27.217673934552074,26.741644441791816,27.068331558035315,52300
2024-01-10,26.713642120361328,27.040327435042606,26.610968575574958,26.88165094778251,48500
2024-01-11,26.657638549804688,26.77898034076085,26.302950858405218,26.61096972577633,46700
2024-01-12,26.554964065551758,26.872317021338485,26.508293465994097,26.78831172243604,26100
2024-01-16,25.966928482055664,26.517629126725403,25.948260241147874,26.377620880519856,33700
2024-01-17,25.901592254638672,26.181608756081733,25.76158400391714,25.770918124672107,31900
2024-01-18,25.808252334594727,26.088270610992478,25.61224114338762,25.901591760060644,24900
2024-01-19,26.06960105895996,26.162940479732413,25.630906315419836,25.845587517286894,32100
2024-01-22,26.685640335083008,26.72297503743769,26.11627143668692,26.11627143668692,31500
2024-01-23,26.620304107666016,26.97499180254335,26.582967623836012,26.97499180254335,29300
2024-01-24,27.171003341674805,27.339013949400265,26.881650948235876,27.068329796886704,22800
2024-01-25,27.41368293762207,27.516354693887184,27.049659389932646,27.516354693887184,32200
2024-01-26,27.096332550048828,27.600362600211312,27.096332550048828,27.41368552916284,21600
2024-01-29,27.096332550048828,27.255009039605834,26.74164308854424,26.946990181089465,23400
2024-01-30,26.956321716308594,27.208337624013865,26.937655255972267,27.086997620471372,33600
2024-01-31,25.836254119873047,26.965655979937466,25.70557999531721,26.788313033840666,52400
2024-02-01,25.322887420654297,26.237611605968894,24.828191518096823,25.836253343689258,40100
2024-02-02,25.145544052124023,25.49089758800036,24.669514617539228,24.669514617539228,35600
2024-02-05,24.825815200805664,25.248983228926203,24.759989461679552,24.929256672927767,47200
2024-02-06,24.891639709472656,25.10792657627423,24.7317764393759,24.778796103296582,19700
2024-02-07,24.487287521362305,25.05150928140921,24.280404535302356,25.05150928140921,25500
2024-02-08,24.346227645874023,24.712973902448798,24.223980089427123,24.32742157123245,16100
2024-02-09,24.750587463378906,24.948066489812604,24.242787583552413,24.327421195792997,43800
2024-02-12,25.672151565551758,25.944860271252377,24.87283690372197,24.87283690372197,38000
2024-02-13,24.421457290649414,25.31481130187882,24.04530889409594,25.013892584636043,72200
2024-02-14,25.154945373535156,25.201963245571662,24.60012587414354,24.75058521700057,45700
2024-02-15,26.001283645629883,26.189358750088328,25.26779468419961,25.63453916491475,36700
2024-02-16,25.47467613220215,26.085917537696634,25.47467613220215,25.907246365943212,34900
2024-02-20,25.25838851928711,25.625132967618534,25.098525232698574,25.098525232698574,16700
2024-02-21,25.22077178955078,25.22077178955078,24.825815555533833,25.013890635967385,22500
2024-02-22,25.0797176361084,25.390040278883404,24.92925828164882,25.164351247194038,22000
2024-02-23,25.08911895751953,25.183156492669205,24.87283388220704,24.87283388220704,10700
2024-02-26,24.910449981689453,25.22077261907972,24.816412438379714,24.92925784907479,14700
2024-02-27,24.901046752929688,25.343022680912433,24.901046752929688,25.154947588968668,15100
2024-02-28,24.872838973999023,25.032702278394517,24.609534180401397,24.82581929999025,21600
2024-02-29,25.3430233001709,25.596922348796912,25.04210278698446,25.136140335254158,31700
2024-03-01,24.919857025146484,25.39004300675302,24.82581947010174,25.267795440726882,22000
2024-03-04,24.637744903564453,25.29600416824467,24.637744903564453,24.95747149832405,13700
2024-03-05,24.995080947875977,25.390037153113525,24.97627308247972,25.29599961974901,19700
2024-03-06,24.872838973999023,25.230179528379864,24.628342050004903,25.004490473989254,37600
2024-03-07,24.910449981689453,25.19256261161867,24.825816372072385,25.117331142077315,16300
2024-03-08,25.107929229736328,25.23017678161593,24.807008729692356,25.23017678161593,20500
2024-03-11,25.013893127441406,25.258390038911042,25.013893127441406,25.060911005424497,14600
2024-03-12,24.85403060913086,25.239582960234088,24.769396991218724,25.239582960234088,19900
2024-03-13,24.741182327270508,25.089120693311397,24.637742645704506,24.8070080683444,21200
2024-03-14,24.233383178710938,24.60012762888291,24.148749568114795,24.553109753492596,37600
2024-03-15,24.111133575439453,24.731778850772326,24.073519634252257,24.101729641738416,67800
2024-03-18,23.97948455810547,24.327422966375405,23.97948455810547,24.327422966375405,18500
2024-03-19,23.960676193237305,24.1487512954856,23.885446511061406,23.885446511061406,24200
2024-03-20,24.70357322692871,24.797610787009077,24.03590816461366,24.045312099983423,59400
2024-03-21,25.032703399658203,25.343026087547397,24.73178285337474,24.73178285337474,78800
2024-03-22,24.750587463378906,25.24898520283823,24.750587463378906,24.99508436611648,26800
2024-03-25,24.731779098510742,25.164351085006796,24.68476122315153,24.797606635077404,15300
2024-03-26,24.214574813842773,24.98567943355731,24.092327264168226,24.98567943355731,107600
2024-03-27,24.68476104736328,24.69416498109155,24.299208732589058,24.637743172338897,26300
2024-03-28,25.17375373840332,25.3430209508743,24.581318494754886,24.938660786330708,65000
2024-04-01,24.571918487548828,25.2583913804346,24.506092737429533,25.10793201055702,38600
2024-04-02,24.186365127563477,24.60012927442,24.054713632770667,24.365036294508783,33200
2024-04-03,24.12053680419922,24.233382211696725,23.98888532346621,24.09232679753752,47500
2024-04-04,24.064117431640625,24.506091585681776,23.791408715543664,24.39324796038565,292700
2024-04-05,24.092329025268555,24.393247748264244,23.998291475928134,24.393247748264244,37400
2024-04-08,24.07352066040039,24.421457254085027,24.054712792196618,24.383843311294516,60800
2024-04-09,24.487287521362305,24.60953509107454,24.09233121315913,24.09233121315913,64200
2024-04-10,23.734983444213867,24.073517858004898,23.41525689643719,24.073517858004898,70300
2024-04-11,23.546911239624023,23.932463542431076,23.5092955058785,23.932463542431076,42900
2024-04-12,23.528106689453125,23.66916212364927,23.36824338573292,23.46228093973607,52200
2024-04-15,23.55631446838379,23.79140743431024,23.227185750980343,23.509296592645292,63400
2024-04-16,23.593929290771484,23.744388639652204,23.340028466928924,23.415258141369282,34800
2024-04-17,23.61273765563965,23.866636691218527,23.528104045907703,23.584525854523346,28100
2024-04-18,23.537511825561523,23.791410902626637,23.50930001983551,23.54691576080353,86200
2024-04-19,24.41205406188965,24.59072522802142,23.415260333817557,23.415260333817557,84000
2024-04-22,24.468475341796875,24.825815846468036,24.44026354131616,24.459071408303302,43400
2024-04-23,24.346227645874023,24.966872949471906,24.28040190058592,24.750587845348985,64800
2024-04-24,24.675357818603516,25.239581303100643,24.534302395883486,25.15494769074522,104600
2024-04-25,24.85403060913086,24.910452423199906,24.36503677088677,24.59072582078009,70600
2024-04-26,24.901046752929688,25.013892166819346,24.647145916890707,24.882238885011912,43100
2024-04-29,24.72237777709961,25.183159786624792,24.53430268220005,24.872837135572443,68600
2024-04-30,24.656551361083984,24.87283826815217,24.402652303110482,24.543707733899563,44300
2024-05-01,24.750587463378906,24.99508436611648,24.70356958707503,24.816413207651134,181300
2024-05-02,24.76939582824707,24.938663056123914,24.731780091555752,24.938663056123914,63000
2024-05-03,25.013893127441406,25.183160357967854,24.82581802827489,24.985681324481305,54000
2024-05-06,25.22234344482422,25.38341783155424,25.013893175405872,25.0328435284812,94000
2024-05-07,25.231813430786133,25.487637741383807,25.165489011121156,25.203389712189654,51900
2024-05-08,25.137065887451172,25.298140256394692,25.099165185485667,25.10864036097704,42000
2024-05-09,25.146541595458984,25.231814562277282,25.032841294359628,25.070740189922763,55900
2024-05-10,25.250764846801758,25.40236404306284,25.05179157941095,25.288665549469513,50300
2024-05-13,25.156017303466797,25.487641254709033,25.013893269278736,25.487641254709033,63700
2024-05-14,25.250764846801758,25.3928888673959,25.184440424338156,25.3928888673959,89300
2024-05-15,25.364463806152344,25.487637468898335,25.23181316103565,25.383414156483997,92300
2024-05-16,25.41183853149414,25.497113302985458,25.298140040975667,25.298140040975667,104800
2024-05-17,25.34551429748535,25.525539017204498,25.28866505180744,25.392888367682787,82300
2024-05-20,25.22234344482422,25.563440764154453,25.212868268286552,25.317091595790586,47100
2024-05-21,25.39288902282715,25.39288902282715,25.108640979898965,25.146541682798713,37600
2024-05-22,25.41183853149414,25.516063653806842,25.298140040975667,25.44026405772622,31600
2024-05-23,25.061267852783203,25.46868958107718,24.985468251332573,25.39288997962655,59000
2024-05-24,25.212867736816406,25.28866734031478,25.013892648129985,25.146543309655968,34000
2024-05-28,24.97599220275879,25.307614318017507,24.947566675505904,25.260240246467685,44600
2024-05-29,24.530668258666992,24.805442936968273,24.35064533895754,24.805442936968273,46100
2024-05-30,24.445392608642578,24.701216926073766,24.284318239208677,24.701216926073766,62400
2024-05-31,24.739118576049805,24.99494109607805,24.549618672794423,24.672794152071926,32100
2024-06-03,24.180095672607422,24.777017291249656,24.161145320979415,24.777017291249656,47900
2024-06-04,24.10429573059082,24.199045680178724,23.914795831415013,23.962171709811454,43900
2024-06-05,24.142196655273438,24.236946612825147,23.99059744607275,24.142196655273438,23800
2024-06-06,24.180095672607422,24.22746974447244,23.92427134724432,24.06639537004438,26300
2024-06-07,24.075870513916016,24.18957081632821,23.895845788098793,23.96217201870882,24700
2024-06-10,24.00954818725586,24.047447086566287,23.62107498149689,24.00954818725586,35300
2024-06-11,23.933746337890625,24.00007076087052,23.602122415786162,23.924271162149928,31000
2024-06-12,24.312746047973633,24.814919554454125,24.066396882938207,24.170622016239186,58300
2024-06-13,24.255895614624023,24.407494815380016,23.96217238905992,24.255895614624023,25000
2024-06-14,23.933746337890625,24.407494281695573,23.820046036207245,24.066395183850414,28800
2024-06-17,24.066396713256836,24.25589662570343,23.744247946420693,23.75372312276353,43300
2024-06-18,24.00006866455078,24.322217382776014,23.952694597190234,24.066393081737477,75500
2024-06-20,23.9905948638916,24.18956993405441,23.7631960745662,23.801096776389564,105200
2024-06-21,23.867420196533203,24.180093744644783,23.782145428211425,24.02849455811825,161400
2024-06-24,24.24641990661621,24.521192774254985,24.000070758992315,24.000070758992315,97200
2024-06-25,24.13271713256836,24.350642537851126,23.95269423356733,24.21799189828666,49200
2024-06-26,24.388540267944336,24.578040139892334,23.952693092550536,24.000067156935177,356500
2024-06-27,24.89072036743164,25.09916883695252,24.407497190301,24.53067087519852,353400
2024-06-28,25.92348861694336,26.217211842357887,25.23181523074073,25.51606508741723,1299700
2024-07-01,27.16470718383789,27.16470718383789,25.847688477697933,26.027711395247504,119800
2024-07-02,26.444610595703125,27.31630690163723,26.217211795094883,26.833083772642834,145900
2024-07-03,26.217212677001953,26.690960646006538,26.150888250494123,26.42566113277014,77000
2024-07-05,25.639240264892578,26.245638910398956,25.563440660104924,26.17931267490527,208400
2024-07-08,25.620288848876953,26.018235374026634,25.40236342822198,25.93296240949808,142900
2024-07-09,25.52553939819336,25.904537387044513,25.402363922313633,25.67713859373382,87500
2024-07-10,25.639240264892578,25.781364297968793,25.430791803527807,25.639240264892578,98100
2024-07-11,26.842557907104492,27.202605542296798,26.2361611290101,26.2361611290101,114700
2024-07-12,26.918357849121094,27.40158096555576,26.842558250888498,27.155231819498578,97500
2024-07-15,27.90375518798828,28.33012726187572,27.212081802304397,27.212081802304397,115900
2024-07-16,29.353422164916992,29.533446889583285,28.22590335982992,28.254327079847503,131900
2024-07-17,29.836647033691406,30.10194654837402,28.964950693682926,29.126025076310746,134800
2024-07-18,29.353422164916992,30.215643278080037,28.889149396844967,29.56187241680585,156100
2024-07-19,29.343948364257812,29.72294818283235,29.220774688264637,29.448173495086316,111400
2024-07-22,29.931394577026367,30.06404342007384,29.040747956209902,29.419745941491925,108500
2024-07-23,30.509370803833008,30.670443383008056,29.921922510209654,29.978771762107034,132600
2024-07-24,31.97798728942871,32.90653285699254,30.926266240270774,31.11576614709015,133500
2024-07-25,32.95389938354492,33.380273172645005,31.835854165197702,31.835854165197702,161800
2024-07-26,32.679134368896484,33.39922964465361,32.30013457255488,32.98233276020579,123500
2024-07-29,32.47068405151367,32.9160082691216,32.15800867802472,32.878107566684776,100800
2024-07-30,33.71190643310547,33.74033015398007,32.24328487147644,32.24328487147644,121900
2024-07-31,33.31395721435547,34.24250280485131,33.114983933765686,33.69295703735426,136200
2024-08-01,32.1959114074707,33.36133097270193,31.921136719119158,33.36133097270193,126000
2024-08-02,31.504240036010742,31.788488095408503,30.916793564667344,31.27683941984643,103100
2024-08-05,30.272493362426758,31.06839002710386,29.561871469479698,30.44304290588684,105900
2024-08-06,30.40514373779297,30.878891690320494,29.940870961180597,30.27249488939087,64700
2024-08-07,30.064044952392578,30.831517944811175,29.97877017545718,30.594643966036184,75000
2024-08-08,30.884843826293945,30.970741249179977,30.159488822145565,30.35991492861257,60200
2024-08-09,30.789398193359375,31.17116530120254,30.178575553851573,30.818033092968243,96800
2024-08-12,30.140396118164062,31.29523808412266,30.111763040852566,30.94210225848196,77400
2024-08-13,30.655778884887695,30.846662426897854,30.083131899657957,30.674867603168785,91700
2024-08-14,30.6462345123291,30.88483801536399,30.169027506259326,30.70349702294514,49300
2024-08-15,31.352500915527344,31.982414059558007,31.24751842552287,31.26660350312313,84500
2024-08-16,31.944236755371094,32.41189756203393,31.180702666386257,31.400221083489633,45200
2024-08-19,32.83184814453125,32.984554262565304,31.934696515380264,32.049228834506586,147500
2024-08-20,32.5455207824707,32.936830435017676,32.40236084566631,32.879567916616324,88800
2024-08-21,32.31645965576172,32.72685798014716,32.16375355651136,32.72685798014716,78400
2024-08-22,32.6505012512207,32.76503354973821,32.173294263132235,32.173294263132235,39100
2024-08-23,34.168025970458984,34.93155656517294,32.75549346003789,32.75549346003789,83000
2024-08-26,33.82443618774414,34.45434938152986,33.64309880981225,34.3398207028782,78000
2024-08-27,33.82443618774414,33.90079106737928,33.49993523089689,33.72899622900126,48000
2024-08-28,33.97713851928711,34.35890559331082,33.64309506011685,33.64309506011685,52200
2024-08-29,34.120304107666016,34.36845017195121,33.97714053620861,34.225290241294665,49600
2024-08-30,34.168025970458984,34.3302782697863,33.93896861244533,34.09167473138812,52900
2024-09-03,34.00577926635742,34.358911504058106,33.69082082998561,33.98669054529235,57000
2024-09-04,33.36631393432617,34.13939061671279,33.28996270441179,33.919875824608084,45600
2024-09-05,33.26132583618164,33.42357810643445,32.83184245666628,33.385400673339625,57400
2024-09-06,32.784122467041016,33.490390494125464,32.64096253831905,33.28041822970561,36100
2024-09-09,33.184974670410156,33.51901810858898,32.831842515649626,32.86047377012198,70900
2024-09-10,33.39495086669922,33.60491949236202,32.84138894267717,33.15634734237265,75300
2024-09-11,33.07045364379883,33.28996847394799,32.268745566349125,33.2136135899998,90400
2024-09-12,33.11817169189453,33.328140328888196,32.87956815469183,33.30905524981689,46900
2024-09-13,33.35676956176758,33.71944789612076,33.26132597862178,33.52856437062959,81600
2024-09-16,33.423580169677734,33.7671698071402,33.356771478037885,33.49038886131759,65500
2024-09-17,33.519020080566406,34.35890545557121,33.46175756825286,33.70990361681304,106300
2024-09-18,33.80534362792969,34.60705156902845,33.404491477780624,33.44266891326167,109800
2024-09-19,34.76930618286133,34.97927845129811,34.01531816511189,34.416173982963834,82500
2024-09-20,33.92941665649414,34.84565321418637,33.728990592149046,34.54024102828896,416000
2024-09-23,34.03440856933594,34.30164336726869,33.70036507192,34.02486602975308,55600
2024-09-24,34.06303405761719,34.25391758414268,33.87215417189214,34.08212277434978,45000
2024-09-25,33.84352493286133,34.30164328861026,33.78626241389337,34.1203059105433,65100
2024-09-26,33.9866828918457,34.511609860122704,33.69081324316573,34.03440286336171,60300
2024-09-27,34.120304107666016,34.40662760977996,33.910331840408716,34.30164147615132,83800
2024-09-30,34.32072830200195,34.64522922404583,33.98668484142767,34.091670969265486,132400
2024-10-01,33.452213287353516,34.50207097588723,33.30905335764494,34.17757003809329,101500
2024-10-02,32.99409484863281,33.748082854635555,32.9750061299086,33.309053246381104,53600
2024-10-03,32.99409484863281,33.280418347894376,32.717313888332946,32.83184620067823,78600
2024-10-04,33.40449905395508,33.786266213749435,33.23270419612776,33.42358777602494,33400
2024-10-07,33.28041458129883,33.433120673008816,33.032268547570254,33.251783326853335,34800
2024-10-08,33.2136116027832,33.46176131996642,32.98455424624597,33.46176131996642,32700
2024-10-09,33.337684631347656,33.595376873907156,32.58369662246625,33.21360977956697,54100
2024-10-10,33.30905532836914,33.44267272698959,32.927288211624095,33.05136307068639,30500
2024-10-11,34.21574020385742,34.5784185407395,33.452209737369195,33.452209737369195,54500
2024-10-14,34.49251937866211,34.664314179970795,34.08212109118028,34.206195923414384,36100
2024-10-15,35.046085357666016,35.63782105391225,34.5497896108528,34.568878328899544,69200
2024-10-16,35.76189422607422,36.019586446436385,35.31331847498446,35.38967334359571,162500
2024-10-17,36.019588470458984,36.134117139010954,35.79052749255432,35.809616210779765,85500
2024-10-18,35.561466217041016,36.1341168366099,35.50420370364462,36.1341168366099,56900
2024-10-21,34.712039947509766,35.571014097540335,34.5211563985251,35.40876180662306,64600
2024-10-22,34.74067687988281,34.93155679923954,34.549793319725,34.63569073975596,51800
2024-10-23,35.84779357910156,37.040811159919365,35.50420393329792,35.532835190181316,251600
2024-10-24,36.02913284301758,36.14366151739894,35.57101450469121,36.086399000608715,201000
2024-10-25,35.59964370727539,36.28682299548211,35.57101245053368,36.28682299548211,94600
2024-10-28,36.019588470458984,36.220014550625116,35.551923975937285,35.971864854494996,109900
2024-10-29,36.06731033325195,36.210470266234196,35.905058040244306,35.98141291714224,132400
2024-10-30,36.11503219604492,36.792665380281015,35.97186861478891,35.97186861478891,160300
2024-10-31,35.73326110839844,36.27727683152752,35.723718569747355,36.22001431801964,98100
2024-11-01,35.67599868774414,36.07685084654541,35.44693771071433,36.04821958971696,78400
2024-11-04,35.504207611083984,35.71417625131352,35.12244048935576,35.55192759109974,64000
2024-11-05,35.773101806640625,35.94596541046021,35.571428823334806,35.590636297475996,91100
2024-11-06,39.403228759765625,40.325169168526195,37.693803919906046,37.693803919906046,324200
2024-11-07,38.298831939697266,39.297595056940736,38.23160760479006,39.297595056940736,191000
2024-11-08,38.58693313598633,39.038299625268486,38.298828347201365,38.66375937005178,124300
2024-11-11,39.48966598510742,39.80658384554828,39.23997612273553,39.23997612273553,169800
2024-11-12,39.508872985839844,39.75856650865894,39.30719998441388,39.5760973196485,130300
2024-11-13,39.22076416015625,39.998650367613486,39.182349212354424,39.364818382687574,136500
2024-11-14,39.038299560546875,39.4512511003861,38.702174254645726,39.4512511003861,118800
2024-11-15,38.84622573852539,39.403227801476156,38.654154672061,39.278384722207555,104700
2024-11-18,38.55812072753906,39.239969528911914,38.519705781798116,38.827018020823935,89200
2024-11-19,38.337242126464844,38.577330076645964,38.00112046159183,38.24120841177295,77100
2024-11-20,38.010719299316406,38.59653071671017,37.70340340713589,38.27001101575343,99200
2024-11-21,38.366050720214844,38.75018919786416,38.09714975606426,38.27001335321429,83200
2024-11-22,38.884647369384766,39.086320375290214,38.414073358820545,38.414073358820545,98100
2024-11-25,38.51010513305664,39.854599098133235,38.42367332582384,39.23997454156725,486300
2024-11-26,38.202789306640625,38.596533355586935,37.991514424600574,38.31803414788173,126100
2024-11-27,38.058738708496094,38.6925706808226,38.02992566649195,38.51970708260164,90800
2024-11-29,37.93389129638672,38.2219960672134,37.58816410601434,38.14516983793671,84800
2024-12-02,38.231605529785156,38.37565609814597,37.540151078609135,37.97231011059415,105700
2024-12-03,37.77063751220703,38.94226420030181,37.72261699213278,38.19319097932057,65300
2024-12-04,37.981910705566406,38.02032565451732,37.50173483403345,37.96270323109095,78400
2024-12-05,37.88587951660156,38.471694704989176,37.82825708934246,38.16438241984344,68700
2024-12-06,37.80904769897461,38.06834311333298,37.54975228461624,38.06834311333298,54400
2024-12-09,37.52094268798828,38.02992794465661,37.3288716047423,38.02992794465661,82900
2024-12-10,37.87627029418945,38.164378739248214,36.829486779035676,37.71301226121048,123000
2024-12-11,37.6842041015625,38.18358378533542,37.65539105805359,38.106757550697736,82900
2024-12-12,37.35768127441406,37.82825153924215,37.19441958619247,37.703404796890446,71900
2024-12-13,37.24243927001953,37.415302876133744,36.896712057791106,37.376887927341436,70100
2024-12-16,37.338478088378906,37.3576855635191,37.01195833789826,37.27125375711388,49200
2024-12-17,36.90631866455078,37.46332078389793,36.82948876480565,37.26164779224385,74000
2024-12-18,35.1680793762207,37.39609509987345,34.92799144338355,37.21362958975961,129500
2024-12-19,34.79354476928711,36.2148649730396,34.71671853139712,35.62904979739167,126600
2024-12-20,35.302528381347656,35.42737513342314,34.399799063800785,34.399799063800785,236000
2024-12-23,35.06243896484375,35.52341100480898,34.793541661073206,35.004820207436346,95700
2024-12-24,35.24490737915039,35.44658035266758,34.870370810203916,35.14887001310583,39100
2024-12-26,35.369754791259766,35.4849959692387,34.95680326809665,35.05283697250394,56500
2024-12-27,35.04323196411133,35.52340777052669,34.72631417342087,35.177680603755526,67100
2024-12-30,35.052833557128906,35.15847281975455,34.572657754976454,34.98560923790361,53200
2024-12-31,35.158477783203125,35.43698066699695,34.96640670253665,35.29292644063431,45200
2025-01-02,34.48623275756836,35.69627440544297,34.409406519084136,35.43698264503877,76400
2025-01-03,34.668697357177734,34.668697357177734,34.05407281184968,34.63028607068318,56500
2025-01-06,34.25574493408203,34.81275070379938,34.16931679407538,34.59187024239631,82500
2025-01-07,33.83319091796875,34.342176161205664,33.59310298610966,34.29415930752407,74300
2025-01-08,33.69874572753906,33.99645611250045,33.429848388510386,33.785177538434205,113000
2025-01-10,32.63275146484375,33.66993309548436,32.06614379553849,33.20896470301669,81500
2025-01-13,32.757598876953125,32.997686815173594,32.45028660910702,32.45028660910702,163100
2025-01-14,33.7275505065918,33.7275505065918,32.815215663544535,32.92085493615909,186400
2025-01-15,34.58226776123047,35.61944949533287,34.332577897530726,35.61944949533287,99100
2025-01-16,34.48623275756836,34.687905754972235,34.2077298582289,34.39019904360024,96400
2025-01-17,34.63028335571289,35.052836781635456,34.303763633674684,34.812748858473576,110900
2025-01-21,34.976009368896484,35.561824529120216,34.85116627768088,34.85116627768088,105100
2025-01-22,34.49583435058594,35.03363266890124,34.361385686869944,34.86076905456601,109000
2025-01-23,34.42860794067383,34.668695872375736,34.18852000897191,34.38059108702367,110800
2025-01-24,34.56306076049805,34.764733746821356,33.4970697421446,34.428608439498014,76800
2025-01-27,35.1104621887207,35.34094456302964,34.52464702022097,34.52464702022097,245800
2025-01-28,34.9279899597168,35.254509681043515,34.649490753678606,35.00481985341766,75600
2025-01-29,34.95680236816406,35.427372636476726,34.71671444987572,34.927989326822846,141900
2025-01-30,35.158477783203125,35.446582572477254,34.870372993928996,35.196892732026654,86400
2025-01-31,34.89918899536133,35.39857243446339,34.851172131947095,34.96641333683162,159600
2025-02-03,33.26658248901367,34.31336599444117,32.38306067849925,34.006053741788236,172100
2025-02-04,32.968875885009766,33.381823748961,32.680767441928346,33.381823748961,125700
2025-02-05,32.940067291259766,33.20896829688803,32.834428002989895,33.10332900861816,87000
2025-02-06,33.29539489746094,33.52588093964836,33.0361031372457,33.132136851143834,114500
2025-02-07,33.1417350769043,33.564292163416184,32.988078953659326,33.55468659502221,125500
2025-02-10,32.74799728393555,33.189761928120255,32.71918790015563,33.189761928120255,105700
2025-02-11,33.285789489746094,33.32420443664459,32.42147150178475,32.65195751972477,189400
2025-02-12,32.53671646118164,33.22816719062231,32.527110892696484,32.94006241473445,101300
2025-02-13,32.55592346191406,32.93046003147425,32.267815026759216,32.5943347449439,84500
2025-02-14,32.55592346191406,32.95271073581195,32.37204769314963,32.55592346191406,160200
2025-02-18,32.32366180419922,33.48498796434917,32.09139435710973,32.904324884274196,223000
2025-02-19,32.6236686706543,32.90432408564386,31.8881618742933,32.17849340728407,264300
2025-02-20,32.45914840698242,33.49466653285243,32.06236112222631,32.517212497778246,142000
2025-02-21,31.98493766784668,32.82690021700837,31.97526154989192,32.79786817137836,114500
2025-02-24,31.859127044677734,32.24623822754112,31.859127044677734,32.16881820602795,123900
2025-02-25,32.13010787963867,32.613995035380924,32.04300804393442,32.081719902417646,165900
2025-02-26,32.06236267089844,32.73012558966443,31.84945114965455,32.08171859935387,106400
2025-02-27,32.08171844482422,32.73012543201157,31.878483042904048,31.994618613077243,117100
2025-02-28,32.42043685913086,33.03013566062384,32.20752534615362,32.46882483250776,142900
2025-03-03,32.284950256347656,33.01078095926279,32.06236261713225,32.459149920388555,120300
2025-03-04,31.530088424682617,32.27527138595094,31.336532826583355,32.03332781126835,169800
2025-03-05,31.239749908447266,31.810736832542588,31.017162286073237,31.520405311696706,166500
2025-03-06,30.88167381286621,31.33652885701564,30.630052305564618,31.075229386446743,156000
2025-03-07,30.84296226501465,31.094583759747263,30.504240951109868,30.736506520274748,114700
2025-03-10,29.613893508911133,31.6752519250767,29.555827568621627,30.581667794523373,180600
2025-03-11,29.35259246826172,29.81712365796353,29.14936076497325,29.604213990820917,183800
2025-03-12,29.64292335510254,29.94293469040197,29.265492002420906,29.546147410433377,129900
2025-03-13,29.3719482421875,30.175200779047376,29.362270278384024,29.768735528715702,103400
2025-03-14,29.759056091308594,30.446174874385,29.565500516589253,29.671956267273167,136900
2025-03-17,29.826801300048828,30.049388928644333,29.58485774395384,29.58485774395384,149900
2025-03-18,29.73969841003418,30.630050678623874,29.584854697747506,30.02035379223043,97300
2025-03-19,29.807445526123047,30.049389083464575,29.478402140467942,29.875191272720272,122500
2025-03-20,29.836477279663086,30.223586574495602,29.66227763551777,29.66227763551777,105200
2025-03-21,29.517114639282227,29.84615803211207,29.44937073709071,29.613892433505633,465900
2025-03-24,30.3397216796875,31.5494375894072,29.88486662221596,30.659087093331248,185100
2025-03-25,29.8558349609375,30.601021550972263,29.846156997262433,30.301010214693644,99000
2025-03-26,29.565502166748047,30.407466564122696,29.488080301715666,29.971967419638762,106200
2025-03-27,29.526792526245117,30.571988640188177,29.284848964259382,29.739702196274724,174600
2025-03-28,29.03322410583496,29.642920999869116,28.99451225433683,29.439689317151956,117000
2025-03-31,29.042903900146484,29.236457632194554,28.78160442370466,28.829994241128773,127300
2025-04-01,28.72353744506836,29.130002667248863,28.60740373335276,28.98483691201641,102700
2025-04-02,28.800960540771484,28.820316467868885,28.413851228237487,28.559016989702386,141500
2025-04-03,26.0911922454834,28.191262389621777,26.081516127600842,27.891252896425677,183800
2025-04-04,25.8492488861084,26.48798157831566,24.7459868507995,25.346007687649955,185400
2025-04-07,25.916994094848633,26.807346444856627,24.92018599070271,25.181485471287004,183500
2025-04-08,25.61698341369629,27.0299347609446,25.278263907124348,26.420235957349366,151900
2025-04-09,26.429912567138672,27.33962082103992,24.765341627685192,25.20084075079823,184300
2025-04-10,25.46213722229004,26.884766395921464,24.910506255323853,26.178289867639364,184900
2025-04-11,25.316972732543945,25.936347625169457,24.852441563074812,25.200840863118056,137200
2025-04-14,25.520206451416016,25.829893899895506,24.871797663956038,25.43310662579581,191900
2025-04-15,25.975061416625977,26.604114319611128,25.40407445268546,25.462140391730095,136800
2025-04-16,25.86860466003418,27.049290399039165,25.71376093129301,26.594435330714486,322400
2025-04-17,26.08151626586914,26.48798151675665,25.868604753667245,25.868604753667245,260100
2025-04-21,25.93634796142578,27.010577919897628,25.704082373679967,25.93634796142578,246900
2025-04-22,26.720247268676758,27.068644738723705,25.93634880783467,26.517013719090073,253000
2025-04-23,27.397687911987305,28.849349255796977,27.30091011989009,27.765443152780154,319800
2025-04-24,27.862218856811523,27.99770664806411,27.233164178264015,27.852540893738805,217600
2025-04-25,27.823509216308594,27.94931905448953,27.465431937684162,27.688021414285608,145200
2025-04-28,27.968673706054688,28.03641760397525,27.6299523705691,27.823507946813088,168300
2025-04-29,28.810638427734375,29.042904014637354,27.804152371938667,28.046095922364618,211400
2025-04-30,29.004194259643555,29.371949516600637,28.500953041207815,28.771928655930996,152400
2025-05-01,28.94612693786621,29.381626077706862,28.626761517277345,29.013870838311902,138000
2025-05-02,29.3719482421875,29.565501980608435,29.149360612356137,29.15903673027676,90100
2025-05-05,29.1977481842041,29.565501574267568,29.03322649357188,29.11064835705276,177900
2025-05-06,29.14893913269043,29.480842801488553,28.89513033526077,28.992749389953502,109800
2025-05-07,29.070842742919922,29.480841261671834,28.86584255257971,29.373460120925607,85800
2025-05-08,29.80298614501953,29.881081021016605,29.1196545835986,29.18798736735495,75400
2025-05-09,29.71512794494629,29.910364195881133,29.441794959323143,29.783460725869915,76600
2025-05-12,30.505836486816406,31.15988169557089,30.457027893208895,30.730358996496534,96500
2025-05-13,30.554645538330078,30.876787101981485,30.457028349652127,30.554645538330078,147300
2025-05-14,30.320362091064453,30.759646904592557,30.291077678114977,30.544886474605814,97200
2025-05-15,30.398456573486328,30.84750347289919,30.29107729083015,30.398456573486328,96800
2025-05-16,30.29107666015625,30.505837082925776,30.14464715261538,30.378933619909358,81200
2025-05-19,30.23250389099121,30.505836859547017,29.9689348755904,30.017743469794265,89400
2025-05-20,30.18369483947754,30.70107449507096,30.144646475163245,30.281313888334775,71800
2025-05-21,29.344175338745117,30.252029380827985,29.33441324709676,29.890841299481668,92300
2025-05-22,29.061080932617188,29.685839876970793,28.84631864904924,29.197746486212406,78000
2025-05-23,28.914653778076172,29.061081425400932,28.612034530085975,28.651082895734472,75400
2025-05-27,29.461318969726562,30.095840039908158,29.041558332888833,29.14893948052508,153300
2025-05-28,29.09036636352539,29.519889083779844,28.953700805142486,29.412507938234086,89900
2025-05-29,29.21727180480957,30.18369653265886,28.895130228859806,29.207509713183384,93600
2025-05-30,29.344175338745117,29.451556484948476,28.95370098245372,29.19774768787692,253800
2025-06-02,29.100128173828125,30.212982399097275,28.826797059704372,29.295366279855294,128200
2025-06-03,29.422269821166992,29.56869933202862,28.934176416771102,29.109890340262194,110500
2025-06-04,29.17822265625,30.232504318548788,29.168460564885464,29.5003642235655,111500
2025-06-05,29.23679542541504,29.50036444653544,28.807272711771766,29.19774705966176,618600
2025-06-06,29.793222427368164,30.4277434929683,29.57846013364633,29.637032683895164,164600
2025-06-09,30.222742080688477,30.505837143102163,29.81274541693658,29.81274541693658,119800
2025-06-10,30.457029342651367,30.759646733662095,30.12512567692531,30.232504960357684,157600
2025-06-11,30.23250389099121,30.603455909883273,30.164171114334387,30.58393172743032,104900
2025-06-12,30.242265701293945,30.408217526745474,29.78345858948253,30.066551784706615,114700
2025-06-13,29.510128021240234,30.261792342414704,29.490603837382253,29.90060238875663,125800
2025-06-16,29.17822265625,30.37893382708828,29.08060546646173,29.763935104622334,121500
2025-06-17,28.787748336791992,29.29536591662589,28.690129284988775,29.04155712670894,92200
2025-06-18,29.080604553222656,29.178221739945382,28.699890449675774,28.748700904965624,91300
2025-06-20,29.139177322387695,29.324653341901925,28.982987578142644,29.256318699607174,157400
2025-06-23,30.613218307495117,30.671788993511655,29.363698546928273,29.363698546928273,157500
2025-06-24,30.886550903320312,31.179408071354267,30.671790469638314,30.671790469638314,124000
2025-06-25,30.652265548706055,30.92559852657696,30.535124173853227,30.92559852657696,103200
2025-06-26,31.091548919677734,31.33559374964321,30.554645080353897,30.78893154306919,154100
2025-06-27,31.159881591796875,31.442974785248907,31.003691858458826,31.159881591796875,163700
2025-06-30,31.072025299072266,31.42345127564003,31.023216704582683,31.335594316015953,106900
2025-07-01,31.872499465942383,32.21416334521245,30.83774015123492,30.83774015123492,154000
2025-07-02,32.52654266357422,32.62415985038642,31.83345095517946,32.009164870527,154000
2025-07-03,32.93654251098633,33.22939779057021,32.633923278564055,32.633923278564055,211000
2025-07-07,32.71202087402344,33.453924991896756,32.585119260165655,32.838926211738666,126400
2025-07-08,32.86820602416992,33.21963384933611,32.74130442808195,32.74130442808195,211100
2025-07-09,32.88772964477539,33.190348872139246,32.65344691456719,33.06344355435997,128700
2025-07-10,32.9853515625,33.23915848197515,32.69249627884191,32.80963764753375,106200
2025-07-11,32.57535171508789,32.995112327226,32.565591485812206,32.965827915541915,75700
2025-07-14,32.77058792114258,32.91701741881332,32.45820846837801,32.497256830937786,91600
2025-07-15,31.940832138061523,32.85844635644739,31.92130795590136,32.7315410343348,109100
2025-07-16,32.19464111328125,32.34107062689999,31.726071883101387,32.19464111328125,213000
2025-07-17,32.75106430053711,32.84868520860775,32.17511397641944,32.17511397641944,255600
2025-07-18,32.77058792114258,33.239157100289425,32.72177932987127,32.956062057516284,138100
2025-07-21,32.731544494628906,33.04392399450153,32.653451481589435,32.858449830157596,105400
2025-07-22,33.10249328613281,33.30749161450587,32.672972447085876,32.7120170878305,386900
2025-07-23,35.64057540893555,35.787004906068375,33.717490108141405,34.00058514987458,660800
2025-07-24,34.38130187988281,36.84129317667147,34.31296909862679,35.88462679137258,192700
2025-07-25,33.72725296020508,35.24034174488991,33.678444365316615,34.51796560328367,149300
2025-07-28,33.48320770263672,33.79558719199259,33.35630237138051,33.73701836514915,148000
2025-07-29,32.81939697265625,33.68820257058243,32.80963674380784,33.68820257058243,130600
2025-07-30,32.34107208251953,33.04392409749495,32.165358147811325,32.84868970235907,192500
2025-07-31,32.07749938964844,32.419163285919346,31.726071539851397,32.2141649481568,197500
2025-08-01,31.442975997924805,32.741306232004455,31.179406976456963,31.81392802535572,180800
2025-08-04,31.77488136291504,31.823689960858914,31.433217453450588,31.452741637399605,118400
2025-08-05,31.67644500732422,32.07018727634809,31.49926136176393,31.853628652884506,182300
2025-08-06,31.59769630432129,31.745350599810667,31.29254960098349,31.696133752982444,140500
2025-08-07,31.115365982055664,31.755192501524064,31.016930410790387,31.755192501524064,142900
2025-08-08,31.4992618560791,31.528791212467695,31.105521458378576,31.40082628727839,116300
2025-08-11,31.656757354736328,31.784724154758305,31.36145253199716,31.558323665491457,90800
2025-08-12,32.93641662597656,33.08407092621749,31.912689656985062,31.912689656985062,150000
2025-08-13,33.477806091308594,33.792802150379714,33.06438010034777,33.251405607448454,146600
2025-08-14,33.339996337890625,33.497492484775975,33.0348496654902,33.08406650732856,109400
2025-08-15,32.78876495361328,33.527028919430116,32.719860617204084,33.44827896067406,189700
2025-08-18,32.75923156738281,32.89704023904775,32.601735406193654,32.74938970012304,92900
2025-08-19,32.66080093383789,33.44828181354062,32.6017384597333,32.78876775022866,95300
2025-08-20,32.62142562866211,33.40890650058115,32.51314630470981,32.77892180304592,136500
2025-08-21,32.63127136230469,32.63127136230469,32.37533773118579,32.49345892362258,98400
2025-08-22,34.2751350402832,34.521223030954395,32.769077738977025,32.769077738977025,275700
2025-08-25,33.851863861083984,34.49169414762284,33.851863861083984,34.27513551125495,138500
2025-08-26,34.176700592041016,34.491692912750686,33.861708271331345,33.91092511737886,100200
2025-08-27,34.37356948852539,34.540911278454864,34.07826464424347,34.07826464424347,84700
2025-08-28,34.2751350402832,34.580285500517185,34.12748074387859,34.580285500517185,97700
2025-08-29,34.304664611816406,34.59012758397902,34.20623091693505,34.40310206170253,197000
2025-09-02,34.157012939453125,34.36372594486801,33.86170810957407,33.989671157685386,130000
2025-09-03,34.09794998168945,34.39325480732673,33.891236979243814,34.03889126956475,197600
2025-09-04,34.65903091430664,34.65903091430664,34.10779623098067,34.23575927960725,70400
2025-09-05,34.42279052734375,35.39729690130638,34.37356992350322,34.87559154463962,102400
2025-09-08,34.45232009887695,34.5507537971575,34.029048437261785,34.422790740393765,85100
2025-09-09,34.38341522216797,34.540911389960414,34.157014715654135,34.37356959949072,151500
2025-09-10,34.38341522216797,34.777157519151494,34.20623156402587,34.42279020286729,78800
2025-09-11,34.82637405395508,34.993712087913266,34.206231256041335,34.511381721206305,109500
2025-09-12,34.68856430053711,34.846060462020624,34.25544704020393,34.80668548289857,94700
2025-09-15,34.41294479370117,34.84606207407124,34.34404045455227,34.727937131240395,86900
2025-09-16,34.14716720581055,34.44247578973018,33.812487398372305,34.40310081120695,100200
2025-09-17,34.34403991699219,35.32839189514618,34.166856260524085,34.21607310843083,189800
2025-09-18,35.190582275390625,35.25948661161339,34.49169329084274,34.49169329084274,134300
2025-09-19,34.89527893066406,35.28901747517498,34.786999610546985,35.18074191006276,198400
2025-09-22,34.50153732299805,34.95433834801768,34.37357050983861,34.8559046486673,89300
2025-09-23,34.41294479370117,35.06261695925142,34.37356981275755,34.99371262010252,80700
2025-09-24,34.117637634277344,34.59997173063384,33.99951645445713,34.43262995046765,70500
2025-09-25,34.04873275756836,34.13732457977383,33.83217413550952,33.97982842418683,53500
2025-09-26,34.05857467651367,34.284978920832664,33.91092414261532,34.12747901000048,62400
2025-09-29,33.52702713012695,34.99370936113843,33.34984348738665,34.1077949024414,97800
2025-09-30,33.44827651977539,34.14716545521255,33.07422175299031,33.52702647278465,103000
2025-10-01,33.15297317504883,34.38341308280746,32.87735583731237,33.32031120010179,97500
2025-10-02,32.96595001220703,33.6353059151661,32.621424560458166,33.0840712003757,107400
2025-10-03,33.20219039916992,33.58608705396985,32.94626054763819,32.94626054763819,61900
2025-10-06,33.3990592956543,34.6984034654495,33.212033791897426,33.56639731138343,108400
2025-10-07,33.18250274658203,33.782958026265824,33.1332859009532,33.477807575359655,79100
2025-10-08,33.103755950927734,33.369531418562836,33.044693484229526,33.369531418562836,49600
2025-10-09,33.02500534057617,33.202188982153395,32.759229878210334,33.02500534057617,76800
2025-10-10,31.824100494384766,34.48184776778133,31.784725514999923,33.2120366001603,139000
2025-10-13,32.45408630371094,32.49345752949732,31.765039159883866,32.148935835086206,89700
2025-10-14,33.66483688354492,33.95029984551907,32.23752582867883,32.23752582867883,132100
2025-10-15,33.00532150268555,33.86171045003288,32.847825332197225,33.86171045003288,115700
2025-10-16,31.627229690551758,32.93641585155247,31.37129795432153,32.93641585155247,165700
2025-10-17,31.784725189208984,32.158776224516835,31.38113916466053,31.883158881657437,170400
2025-10-20,32.78876495361328,32.798606820955435,31.794567376843975,31.932376049662366,137100
2025-10-21,32.857669830322266,33.16281653800794,32.63126932768282,32.690328042716295,189600
2025-10-22,34.294822692871094,34.9543367085971,33.23172076572471,33.635304922140335,177000
2025-10-23,33.60577392578125,34.255446042351544,33.51718210283964,34.255446042351544,151900
2025-10-24,34.06842041015625,34.40310021176299,33.72389498658794,33.85186178705643,104300
2025-10-27,33.64514923095703,34.38341317764859,33.64514923095703,34.11763770623907,312900
2025-10-28,33.50733947753906,33.8912361165965,33.36953081274967,33.56639818816052,103400
2025-10-29,32.68048858642578,33.69436998935692,32.424554952381676,33.517186321174094,113400
2025-10-30,32.591896057128906,33.32031445078287,32.55252107503816,32.582050434103735,74800
2025-10-31,32.75923156738281,32.84782339273951,32.17846376893441,32.700172853814806,100900
2025-11-03,33.04469299316406,33.13328481439257,31.991436760227696,32.37533340054971,284300
2025-11-04,32.91672897338867,33.19235008214641,32.63126975200378,32.81829527704972,140800
2025-11-05,33.79993438720703,33.99840424791375,32.916726850554426,32.93657459373908,139100
2025-11-06,33.442684173583984,34.00833163178846,33.29382798539539,33.74039276439106,94900
2025-11-07,33.49230194091797,33.85947574668098,33.25413279479835,33.49230194091797,126700
2025-11-10,33.948787689208984,34.17703106357202,33.512148684197534,33.819783033419036,84800
2025-11-11,34.008331298828125,34.177031443924754,33.740392434053994,33.988483554892625,78200
2025-11-12,34.167110443115234,34.673214678467474,33.978562548684046,33.978562548684046,67700
2025-11-13,34.067874908447266,34.57397913491994,33.93886646422085,34.04802716429165,110400
2025-11-14,34.177032470703125,34.36558415096998,33.54191978796679,34.038102044550826,148500
2025-11-17,33.37321853637695,34.186957107473134,33.25413207311649,34.1373396405663,175000
2025-11-18,33.31367492675781,34.286191652263355,33.14497478407472,33.264057460413966,127800
2025-11-19,33.31367492675781,33.52207055674399,33.07550957407933,33.24420971676242,124000
2025-11-20,33.442684173583984,34.29611824331568,33.34344545293488,33.74039276439106,145200
2025-11-21,34.9808464050293,35.21901553556536,33.492299749496134,33.492299749496134,514100
2025-11-24,34.86176300048828,35.42741041486733,34.5838983897694,34.94115018528666,121200
2025-11-25,35.81443405151367,35.94344249321371,34.93123027452046,34.93123027452046,366000
2025-11-26,35.61595916748047,35.9136677425468,35.49687649456792,35.78466309087901,169400
2025-11-28,35.4869499206543,35.794584253027516,35.36786725045846,35.60603637641996,88400
2025-12-01,36.012908935546875,36.161761340535755,35.21901808556232,35.21901808556232,349400
2025-12-02,35.943443298339844,36.33046484653911,35.83428259796156,36.191534422628614,201000
2025-12-03,36.628173828125,36.86634297562609,35.97321340445971,36.012908893304925,296200
2025-12-04,36.7274055480957,37.04496564547543,36.59840089900221,36.667866105612504,291200
2025-12-05,36.65794372558594,36.896112874215,36.59840427760631,36.72740893860895,374200
2025-12-08,37.15412521362305,37.352598869115425,36.80679915568897,36.816721134957035,550300
2025-12-09,36.90603256225586,37.61061419935338,36.80679763140435,37.114431973955945,365000
2025-12-10,37.650306701660156,37.79916288667546,36.86634164588032,36.86634164588032,621100
2025-12-11,37.76939392089844,38.08695025543039,37.65030745627137,37.6900029444804,476200
2025-12-12,37.53122329711914,37.95794031461267,37.3426754139171,37.76939243141063,330900
2025-12-15,37.75946807861328,38.027406945119445,37.560994423545374,37.70985061123883,413000
2025-12-16,37.4716796875,37.977787673152925,37.42206222248323,37.86862697877406,311800
2025-12-17,37.06481170654297,38.0075587169296,37.02512000449105,37.47168099074309,238000
2025-12-18,37.37244415283203,37.690000466485685,37.02511811776393,37.43198738123079,468600
2025-12-19,36.33046340942383,37.699927421285935,36.10222003837514,37.501453772591866,518900
2025-12-22,35.98313522338867,36.71748662146892,35.84420479862028,36.469395495648186,237700
2025-12-23,35.864051818847656,36.35031208128942,35.64573042115094,35.92359505064769,226400
2025-12-24,35.864051818847656,36.2609991263744,35.69535167376934,35.92359505064769,167200
2025-12-26,35.66557693481445,35.96328929797509,35.625885233887,35.92359381147767,178700
2025-12-29,35.447261810302734,35.88390083561406,35.40756632102801,35.73504464361895,144800
2025-12-30,35.219017028808594,35.45718238387267,35.189243520248034,35.348021685480774,180900
2025-12-31,35.1495475769043,35.34802122726493,35.080082367113576,35.34802122726493,193800
2026-01-02,34.6434440612793,35.238861238761984,34.58390082930299,35.14954828358257,241800
2026-01-05,35.25870895385742,35.705273729388495,34.53428333380483,34.573978821756505,214300
2026-01-06,35.219017028808594,35.36786942933113,34.95107816518396,35.1098563304167,223800
2026-01-07,35.09000778198242,35.26863368696978,34.822068924501394,35.219016221266614,242900
2026-01-08,35.99306106567383,36.23122642705416,34.99077079528529,35.070161772792176,177600
2026-01-09,35.5167236328125,36.390001600059506,35.457180404585266,36.04267556599193,133700
2026-01-12,35.43733596801758,35.64573160790068,35.05031441235748,35.328175265534945,124000
2026-01-13,35.61595916748047,35.94344124995238,35.24878538441766,35.49687649456792,194700
2026-01-14,35.784664154052734,35.96329006151355,35.53657303653161,35.67550345665223,430700
2026-01-15,36.77702713012695,36.886184037523094,35.725119471764295,35.784662700355724,454600
2026-01-16,36.419776916503906,37.015194086080626,36.399929172775344,36.727407480371525,239600
2026-01-20,35.725120544433594,36.32053770594616,35.59611210473021,35.83428124067723,136200
2026-01-21,37.173973083496094,37.402216463134984,35.9831349320831,36.01290844112825,849800
2026-01-22,37.352596282958984,37.938091444060404,37.30297881891375,37.312900797494855,583200
2026-01-23,35.9235954284668,37.59076808070115,35.67550430504585,37.51137710413279,224700
2026-01-26,35.76481628417969,36.12206809784068,35.14954758928796,35.794586006794766,211800
2026-01-27,35.784664154052734,36.05260301524395,35.685425435702264,35.76481641038264,174400
2026-01-28,34.30603790283203,36.002980162698755,34.10756426052467,35.39763725716774,481600
2026-01-29,35.139625549316406,35.219016523578915,34.375504457104796,34.50451289749637,358600
2026-01-30,35.74496841430664,35.82435560285641,35.040390554058675,35.040390554058675,593200
2026-02-02,37.173973083496094,37.36252476035831,35.794587040791,35.933517464434665,255000
2026-02-03,37.77931594848633,37.92817213667549,37.10450779035031,37.10450779035031,248200
2026-02-04,38.62282180786133,38.86099093676964,38.08694789256492,38.08694789256492,224100
2026-02-05,39.019771575927734,39.089236787617075,38.21595497350381,38.41442862928912,232000
2026-02-06,39.17854690551758,39.773967829743775,39.009846770940555,39.37702054692631,236000
2026-02-09,38.9900016784668,40.40908320047758,38.98007591365827,39.23809280069847,129400
2026-02-10,37.900001525878906,39.16999816894531,37.68000030517578,38.720001220703125,126700
2026-02-11,37.09000015258789,38.5,36.970001220703125,38.060001373291016,128700
2026-02-12,37.380001068115234,37.83000183105469,36.810001373291016,37.52000045776367,158000
2026-02-13,37.63999938964844,37.88999938964844,37.09000015258789,37.400001525878906,125900
2026-02-17,37.7400016784668,38.41999816894531,37.400001525878906,37.79999923706055,112500
2026-02-18,37.619998931884766,38.34000015258789,37.40999984741211,37.58000183105469,219800
2026-02-19,37.77000045776367,38.0,37.34000015258789,37.5,228900
2026-02-20,38.08000183105469,38.15999984741211,37.40999984741211,37.83000183105469,290300
2026-02-23,36.09000015258789,38.27000045776367,35.72999954223633,38.040000915527344,187400
2026-02-24,36.150001525878906,36.5,35.88999938964844,36.060001373291016,142100
2026-02-25,37.099998474121094,37.20000076293945,36.150001525878906,36.349998474121094,102100
2026-02-26,37.380001068115234,37.88999938964844,36.869998931884766,37.220001220703125,157100
2026-02-27,35.939998626708984,37.15999984741211,35.75,36.709999084472656,122300
2026-03-02,36.5,36.84000015258789,35.54999923706055,35.54999923706055,375200
2026-03-03,36.5099983215332,36.630001068115234,35.2400016784668,35.88999938964844,263900
2026-03-04,36.439998626708984,36.970001220703125,36.29999923706055,36.86000061035156,112600
2026-03-05,35.619998931884766,36.09000015258789,35.47999954223633,35.959999084472656,121300
2026-03-06,35.22999954223633,35.279998779296875,34.33000183105469,34.709999084472656,180800
2026-03-09,35.02000045776367,35.13999938964844,33.83000183105469,34.70000076293945,217200
2026-03-10,35.15999984741211,35.849998474121094,34.599998474121094,34.9900016784668,203400
2026-03-11,34.220001220703125,34.88990020751953,34.084999084472656,34.720001220703125,135993
