date,close,high,low,open,volume
2021-03-15,3.775386095046997,3.832589056364665,3.7590424474795627,3.832589056364665,90700
2021-03-16,3.562919855117798,3.742700037822462,3.538404180826359,3.718184753194447,88300
2021-03-17,3.701840877532959,3.7181845295229397,3.5547476199597314,3.5547476199597314,85000
2021-03-18,3.4730281829833984,3.67732395845301,3.4321688720241688,3.67732395845301,111100
2021-03-19,3.538403272628784,3.5547469214070317,3.432169360738515,3.432169360738515,204600
2021-03-22,3.5220589637756348,3.587433546636665,3.4485123632253507,3.55474625520615,97000
2021-03-23,3.407654285430908,3.4812009041465912,3.366794966219229,3.432169565227238,104100
2021-03-24,3.4403414726257324,3.5057160694996026,3.366794856310962,3.3749668757518627,60100
2021-03-25,3.538403272628784,3.538403272628784,3.3913104336245588,3.432169360738515,130900
2021-03-26,3.5956053733825684,3.677323597619239,3.513887149145898,3.5629180836879,124200
2021-03-29,3.50571608543396,3.6364652797759875,3.4893724361412066,3.5956063513757717,57400
2021-03-30,3.384434223175049,3.4991606944206626,3.3516552313905876,3.4663817026362014,157200
2021-03-31,3.2615132331848145,3.409018715416968,3.2615132331848145,3.3762397193653784,182900
2021-04-01,3.376239538192749,3.384434482144125,3.3106815496074815,3.3598500410464323,52800
2021-04-05,3.2205379009246826,3.376238055435158,3.1795641760535047,3.359848565486687,221800
2021-04-06,3.269707202911377,3.302486386528761,3.1795649852535695,3.1795649852535695,151700
2021-04-07,3.21234393119812,3.269707159861464,3.17137000106041,3.2369281720538385,120900
2021-04-08,3.1959545612335205,3.220538803042617,3.179565066694123,3.1959545612335205,53500
2021-04-09,3.179564952850342,3.2205386877317785,3.1713700104958753,3.1713700104958753,39700
2021-04-12,3.228734016418457,3.2779025071347063,3.163175833418577,3.1713705818712854,73900
2021-04-13,3.2451229095458984,3.343459872682112,3.2369281626178807,3.343459872682112,155700
2021-04-14,3.269707202911377,3.3598494205691845,3.245122961731975,3.245122961731975,229100
2021-04-15,3.2615132331848145,3.286097675601735,3.2369289861461223,3.2615132331848145,44700
2021-04-16,3.2451229095458984,3.3024863334202013,3.2451229095458984,3.2615124034019343,52900
2021-04-19,3.204148769378662,3.2779014823964467,3.204148769378662,3.253317244723852,79600
2021-04-20,3.179564952850342,3.2533176756369278,3.1303962756144386,3.2287334347080656,77700
2021-04-21,3.236928701400757,3.2451234496927808,3.1795654633565906,3.187760211648614,48000
2021-04-22,3.154980182647705,3.220538346898078,3.154980182647705,3.2041488546800245,51100
2021-04-23,3.122201919555664,3.1877600989524,3.1140071715533475,3.1877600989524,67600
2021-04-26,3.122201919555664,3.1631756595672464,3.0976176755487144,3.15498091156493,60500
2021-04-27,3.0894224643707275,3.130396198239403,3.0484487305020522,3.1058119579181978,117100
2021-04-28,3.179564952850342,3.179564952850342,3.105812034685577,3.105812034685577,106000
2021-04-29,3.153219223022461,3.2520147074164396,3.136753341671596,3.210850004039277,118900
2021-04-30,3.0873563289642334,3.1532198678363783,3.070890444246197,3.1120551560412877,94600
2021-05-03,3.1696853637695312,3.1779183051187196,3.120287715674402,3.12852065702359,149600
2021-05-04,3.1779181957244873,3.202617215210637,3.120287608264001,3.128520549329785,124600
2021-05-05,3.2190825939178467,3.2520143530308654,3.1696847589595514,3.1861506385160605,153900
2021-05-06,3.243781805038452,3.268480627356354,3.194384160402648,3.227315923493184,91600
2021-05-07,3.301413059234619,3.301413059234619,3.2437822692892593,3.2437822692892593,87400
2021-05-10,3.4331398010253906,3.441372545897539,3.3261113696442512,3.334344507094001,199200
2021-05-11,3.342576503753662,3.4249058969342916,3.30964474648141,3.416673153904985,74000
2021-05-12,3.3755085468292236,3.4331393232240015,3.317878163011992,3.317878163011992,62000
2021-05-13,3.317878246307373,3.4166735289693526,3.2931792293531,3.3508100071946996,80400
2021-05-14,3.367276191711426,3.408440700249059,3.3343444278502825,3.3755089363879156,57100
2021-05-17,3.5237011909484863,3.5237011909484863,3.359042029317218,3.3919737831279773,258500
2021-05-18,3.5154688358306885,3.5401678529549816,3.499002955273679,3.5401678529549816,84800
2021-05-19,3.466071128845215,3.515468769585396,3.4002076078583072,3.449605248598488,44200
2021-05-20,3.4166738986968994,3.515469192049786,3.4002080164714186,3.490770172422765,69000
2021-05-21,3.4578380584716797,3.490769819594072,3.4166735533574686,3.4166735533574686,94200
2021-05-24,3.589566469192505,3.614265100444912,3.474304881422387,3.4990039052524597,106200
2021-05-25,3.4990029335021973,3.638963113654694,3.4990029335021973,3.622497233200139,46000
2021-05-26,3.5401687622070312,3.5648673930973276,3.466072084380823,3.474304830485035,71800
2021-05-27,3.4665348529815674,3.5492683016616593,3.441714621125439,3.4748080005974757,70800
2021-05-28,3.5492682456970215,3.557541787686675,3.474807945806923,3.474807945806923,43400
2021-06-01,3.607182741165161,3.632002584215491,3.5492691165405708,3.557542660560209,85400
2021-06-02,3.764376401901245,3.7726495511416562,3.5823623845608497,3.6071826212906415,148500
2021-06-03,3.764376401901245,3.780923094886347,3.723009472186352,3.723009472186352,79200
2021-06-04,3.7726497650146484,3.780923309228369,3.7312832274589494,3.7643766153052294,62500
2021-06-07,3.731283664703369,3.79747044815192,3.689916727795851,3.764377056427645,151200
2021-06-08,3.7726497650146484,3.7974700031515094,3.7312832274589494,3.7312832274589494,53700
2021-06-09,3.731283664703369,3.79747044815192,3.731283664703369,3.77265020710654,83100
2021-06-10,3.7891957759857178,3.7974693187082424,3.7395557031632594,3.7891957759857178,52800
2021-06-11,3.855381727218628,3.855381727218628,3.764375143476079,3.764375143476079,59000
2021-06-14,3.946390151977539,3.962936845496142,3.8636566843845253,3.8636566843845253,138200
2021-06-15,4.260776042938232,4.260776042938232,3.9050216808369282,3.9629352825637802,285900
2021-06-16,4.467611312866211,4.467611312866211,4.269050608436642,4.269050608436642,283600
2021-06-17,4.4345173835754395,4.492430602943112,4.393150460166343,4.467610764501029,189100
2021-06-18,4.219409942626953,4.360057006465221,4.178043414412541,4.343510316278613,283700
2021-06-21,4.368330001831055,4.384876689945772,4.219409414294439,4.219409414294439,93700
2021-06-22,4.3021440505981445,4.41797129409814,4.2194105870297705,4.343510979634467,206200
2021-06-23,4.467611312866211,4.5172513903475355,4.310417536923214,4.326964229416989,226400
2021-06-24,4.44279146194458,4.492431543728372,4.401424924376904,4.484158394016558,216400
2021-06-25,4.5503435134887695,4.633076953015006,4.475883220663078,4.52552328437882,157500
2021-06-28,4.426245212554932,4.5503456267302616,4.360058430195913,4.542072081683214,170600
2021-06-29,4.582310676574707,4.590612154062346,4.3830799669061795,4.432887644323311,121900
2021-06-30,4.66532039642334,4.690224416630797,4.507595990672034,4.582307655458435,201900
2021-07-01,4.499295711517334,4.690225247476647,4.4909942380323,4.665321222857588,85400
2021-07-02,4.482692718505859,4.490993795336579,4.341570849859585,4.482692718505859,185000
2021-07-06,4.366476535797119,4.490995506555831,4.3415725041436835,4.490995506555831,107900
2021-07-07,4.366476535797119,4.383079091620691,4.316668472490249,4.366476535797119,95200
2021-07-08,4.432885646820068,4.432885646820068,4.349872492695185,4.391379069757626,90600
2021-07-09,4.540802478790283,4.540802478790283,4.34157183941136,4.383078420533349,88100
2021-07-12,4.690225601196289,4.731731784243575,4.524199681498926,4.540802233885055,149200
2021-07-13,4.7151288986206055,4.740032923357769,4.657020167293965,4.690225269719487,127900
2021-07-14,4.540802478790283,4.740033514005301,4.499296293504388,4.740033514005301,180200
2021-07-15,4.2668561935424805,4.515894657579679,4.2668561935424805,4.515894657579679,248300
2021-07-16,4.134039878845215,4.333270525615535,4.134039878845215,4.258559230994719,126000
2021-07-19,3.8600962162017822,4.100833362973621,3.851794744185387,4.0925318909572255,196800
2021-07-20,4.167245388031006,4.183847943527697,3.8517964377577227,3.8600979134241413,129500
2021-07-21,4.192150115966797,4.24195779073535,4.150643522408229,4.175547557710612,52500
2021-07-22,4.283462047576904,4.324968622328415,4.167244192443121,4.208750767194632,55600
2021-07-23,4.3581743240356445,4.391379430075696,4.291764111955542,4.3581743240356445,121600
2021-07-26,4.416283130645752,4.416283130645752,4.241956138920521,4.366475475272266,105900
2021-07-27,4.3996782302856445,4.432883316142938,4.383075687356998,4.3996782302856445,44500
2021-07-28,4.549102306365967,4.640416514272766,4.383076833659014,4.399679380929709,173800
2021-07-29,4.624937057495117,4.658269904254526,4.5416045432377175,4.5416045432377175,94300
2021-07-30,4.499935626983643,4.608267504049069,4.424936574037023,4.608267504049069,76700
2021-08-02,4.4082722663879395,4.574936466543727,4.316606757622858,4.524937206496991,105300
2021-08-03,4.45827054977417,4.574935464325773,4.366605061089984,4.374938467951596,234900
2021-08-04,4.3166046142578125,4.474935724467546,4.3082716070670894,4.4582693127274995,46800
2021-08-05,4.374939441680908,4.399939270471242,4.241608081089258,4.27494092123717,98600
2021-08-06,4.374939441680908,4.441605121976734,4.333273192816619,4.374939441680908,29300
2021-08-09,4.3166046142578125,4.333271025997858,4.241605960106907,4.291605195327044,48100
2021-08-10,4.3249406814575195,4.366606537779925,4.299940849777001,4.316607271777732,47500
2021-08-11,4.499935626983643,4.58326768728066,4.316604696971596,4.316604696971596,127800
2021-08-12,4.483270645141602,4.5666027320225595,4.46660422776541,4.46660422776541,32400
2021-08-13,4.433270454406738,4.549935351339938,4.416604040559139,4.533268937492338,90500
2021-08-16,4.383272647857666,4.4082720781340425,4.341606400918665,4.358272820222509,46400
2021-08-17,4.34993839263916,4.374938214416505,4.2582733066258305,4.291606137423166,70400
2021-08-18,4.258274078369141,4.399938833611606,4.258274078369141,4.383272415192419,80000
2021-08-19,4.4082722663879395,4.5916032839181025,4.224941646216574,4.224941646216574,215500
2021-08-20,4.391604900360107,4.4332711401029705,4.224940736106079,4.341605651083899,45100
2021-08-23,4.366604804992676,4.524935949848947,4.358271795978497,4.408271042139632,42100
2021-08-24,4.45827054977417,4.549936038458356,4.333272228360954,4.333272228360954,78900
2021-08-25,4.391604900360107,4.458270566061719,4.391604900360107,4.4332711401029705,13900
2021-08-26,4.3249406814575195,4.39993977914023,4.299940849777001,4.39993977914023,21200
2021-08-27,4.433270454406738,4.458269876498814,4.333271573962489,4.349937987810089,20800
2021-08-30,4.399813652038574,4.441636734592301,4.366354627594003,4.408178109006008,40800
2021-08-31,4.374716758728027,4.475092572970139,4.3161640009911135,4.3245288516069715,61000
2021-09-01,4.391448974609375,4.433272457720401,4.3663548049711,4.424907601554878,21200
2021-09-02,4.483458995819092,4.5001883040593125,4.3914476010687915,4.3914476010687915,35900
2021-09-03,4.483458995819092,4.533646920539755,4.475094142269896,4.508552758750338,35500
2021-09-07,4.43326997756958,4.533645802251787,4.37471721374259,4.441634430197395,44000
2021-09-08,4.324530601501465,4.458365074646237,4.324530601501465,4.3914478380738515,41000
2021-09-09,4.41654109954834,4.41654109954834,4.307800412889325,4.307800412889325,26300
2021-09-10,4.391448974609375,4.458366228500381,4.349625491498348,4.450001771193152,32800
2021-09-13,4.391448974609375,4.424907601554878,4.349625491498348,4.399813830774898,32800
2021-09-14,4.3412604331970215,4.3998132216748855,4.307801810883453,4.391448366667374,46200
2021-09-15,4.424905776977539,4.516917162566602,4.391447163828449,4.416541323119332,71700
2021-09-16,4.475093364715576,4.516916827478323,4.399811690143973,4.441634754048619,84100
2021-09-17,4.424905776977539,4.475093696701174,4.391447163828449,4.475093696701174,27800
2021-09-20,4.408176422119141,4.516917113091685,4.307800583771312,4.366352956711816,104600
2021-09-21,4.399813652038574,4.424907421799154,4.374719483419715,4.408178109006008,35500
2021-09-22,4.4499993324279785,4.475093089455646,4.399811419514568,4.408175872237765,42400
2021-09-23,4.5085530281066895,4.51691788215563,4.408177172668567,4.450000645196882,92400
2021-09-24,4.483458995819092,4.516917612299534,4.45000037933865,4.516917612299534,62400
2021-09-27,4.558741092681885,4.600564566465765,4.441635924488509,4.51691801775621,94800
2021-09-28,4.642389297485352,4.659118611757837,4.55874232726461,4.60056581237498,137500
2021-09-29,4.703705310821533,4.787699969841571,4.6281103179625624,4.661708181570577,128100
2021-09-30,4.812895774841309,4.829694696896755,4.5945093876026055,4.670104737111063,204400
2021-10-01,4.972486972808838,5.022883751524306,4.737301604951989,4.821296236144438,143300
2021-10-04,5.207669258117676,5.224468175704464,5.03128042319751,5.039680082249798,155900
2021-10-05,5.367262840270996,5.4596571503449685,5.224471743025238,5.2412706720825,113300
2021-10-06,5.241270065307617,5.384061146022642,5.148876166448026,5.350463291797697,50000
2021-10-07,5.190874099731445,5.2412708889888675,5.115279116104351,5.2412708889888675,108200
2021-10-08,5.283267498016357,5.333664278539803,5.207672126972184,5.207672126972184,82300
2021-10-11,5.207669258117676,5.384058093037842,5.207669258117676,5.316862422690691,48400
2021-10-12,5.106879711151123,5.29166834836091,5.090080780542788,5.216072960364352,48100
2021-10-13,5.207669258117676,5.241267093291252,5.098476494062449,5.098476494062449,23200
2021-10-14,5.207669258117676,5.24966675234354,5.1656721644096,5.24966675234354,59200
2021-10-15,5.224471569061279,5.249670162067143,5.199273376573465,5.249670162067143,40900
2021-10-18,5.400860786437988,5.4596572393560185,5.232871493126568,5.249670422457711,139700
2021-10-19,6.0140228271484375,6.224009662180359,5.384062322052673,5.4176601836163325,552200
2021-10-20,6.887566566467285,7.349537665658756,5.9804236958174295,6.014021550247572,1424500
2021-10-21,7.139550685882568,7.534326065744983,6.71957711612477,6.879166720176888,636800
2021-10-22,7.0891547203063965,7.34113906556442,6.828771511000823,7.3075412062657605,385500
2021-10-25,6.837167739868164,7.139548321585996,6.837167739868164,7.139548321585996,191100
2021-10-26,6.55158805847168,6.803572368612136,6.5095905399422636,6.769974513995812,246700
2021-10-27,6.517989158630371,6.669179480158947,6.467591984269556,6.475991646835677,100500
2021-10-28,6.755528450012207,6.806068110364337,6.401747212636916,6.485980649318314,97400
2021-10-29,6.78922176361084,6.9492650910374385,6.696564381609758,6.780798219190122,202400
2021-11-01,7.025076866149902,7.067193793824727,6.780799649612216,6.780799649612216,108200
2021-11-02,6.78922176361084,7.033498928617802,6.6123309456861,6.957688635458156,140200
2021-11-03,6.890301704406738,6.932417818769147,6.6207543149263595,6.738681122099221,146800
2021-11-04,6.848184585571289,7.016651448012519,6.755528012056954,6.9071477865973785,145500
2021-11-05,7.041921138763428,7.117731426206968,6.881877823404115,6.890301367189696,116800
2021-11-08,7.210389137268066,7.252505251532135,6.991381808516002,7.04192146695824,190100
2021-11-09,7.075612545013428,7.2019632567573515,6.966109719473738,7.1598463528427105,197100
2021-11-10,6.949265003204346,7.151425246865983,6.915571629260739,7.151425246865983,94000
2021-11-11,6.915572166442871,7.084039049246934,6.7386817386702385,6.940841998035115,204700
2021-11-12,7.025076866149902,7.067193793824727,6.890303340241328,6.898726083125428,25800
2021-11-15,7.084039211273193,7.151425965936089,6.789222360451392,6.999806169601313,106200
2021-11-16,7.193540096282959,7.345160637080268,7.016649733123822,7.016649733123822,240900
2021-11-17,7.050343990325928,7.538898235535137,6.966110970680395,7.2019645503264655,281500
2021-11-18,7.244081497192383,7.446241709305116,7.0503440247660585,7.0503440247660585,256600
2021-11-19,7.454667091369629,7.505206755209299,6.966112723247627,7.13457960823565,226600
2021-11-22,7.934798717498779,8.10326561953742,7.3788575391144855,7.454667845860263,435000
2021-11-23,7.783177375793457,8.027454561722685,7.623134034659196,7.934797975099005,101200
2021-11-24,7.808446884155273,8.002183574581032,7.707365963665859,7.892679913478635,83400
2021-11-26,7.741059303283691,7.749482847174373,7.159848431153792,7.488359413070128,132100
2021-11-29,7.760481834411621,7.8533716904927555,7.5831476063726955,7.83648233290386,115100
2021-11-30,7.667592525482178,7.726703664395178,7.490258303414311,7.600036708059074,96400
2021-12-01,7.616925239562988,7.802703314677611,7.524035396676895,7.684481049664448,115400
2021-12-02,7.616925239562988,7.811147992272489,7.431146359119584,7.490257491626166,113900
2021-12-03,7.557816982269287,7.650706870391339,7.44803853606179,7.616928948891276,79500
2021-12-06,7.600037574768066,7.684482758841518,7.498703837077301,7.633815487331654,91700
2021-12-07,7.937814235687256,8.317816640696865,7.600035214932836,7.600035214932836,241000
2021-12-08,8.030704498291016,8.233371921542389,7.870258850887113,7.870258850887113,99400
2021-12-09,7.97159481048584,8.165818416535622,7.904038983684781,7.904038983684781,75500
2021-12-10,7.954707145690918,8.106708175649684,7.929373909140814,7.980040382241023,47800
2021-12-13,7.600037574768066,7.996928651386951,7.532481749640889,7.895594913696185,110700
2021-12-14,7.431147575378418,7.633815038853459,7.388924985822222,7.549369859741069,88200
2021-12-15,7.439592361450195,7.481814146285271,7.068034534401707,7.388925092187611,157600
2021-12-16,7.549367427825928,7.768924178528109,7.380477929335271,7.380477929335271,46400
2021-12-17,7.262258052825928,7.532481338588372,7.186257552373012,7.44803615912315,91200
2021-12-20,7.025811672210693,7.118701528040747,6.856922123422724,7.025811672210693,173400
2021-12-21,7.279144287109375,7.329811539716738,7.03425431105255,7.03425431105255,122100
2021-12-22,7.76892614364624,7.785815500431726,7.19470170353028,7.19470170353028,94200
2021-12-23,7.667592525482178,7.946260473684701,7.608481386569179,7.785815608637045,95500
2021-12-27,7.785816192626953,7.895594605505853,7.431147721888639,7.574704046012667,77900
2021-12-28,7.574705123901367,7.9631515611611565,7.524037847159202,7.650705636350093,113500
2021-12-29,7.659149169921875,7.684483209828088,7.431148448068996,7.431148448068996,75700
2021-12-30,8.213790893554688,8.239194144929236,7.604107207681893,7.66338253762891,234600
2021-12-31,8.552506446838379,8.569441682600509,8.103710989594559,8.103710989594559,269900
2022-01-03,8.687989234924316,9.23839757435097,8.383146997348517,8.552504154914972,397300
2022-01-04,8.925089836120605,9.187592834633682,8.611780326640439,8.611780326640439,206400
2022-01-05,9.03516960144043,9.340011019554927,8.840409200867887,8.967427064081653,180900
2022-01-06,10.119051933288574,10.474700690764575,9.06057368069448,9.06057368069448,513300
2022-01-07,10.034374237060547,10.46623275379649,9.797274525162775,10.135988053207523,301200
2022-01-10,10.025907516479492,10.271474472547945,9.754937304970834,9.983568219042532,159300
2022-01-11,11.346887588500977,11.431566179519374,10.085181589167197,10.093649609780016,614800
2022-01-12,12.108988761901855,12.439233388713909,10.898089643445276,11.27067436030329,953700
2022-01-13,10.728734970092773,12.108990623111902,10.601717910650336,12.092054584490366,523000
2022-01-14,11.109789848327637,11.414631354885612,10.500106027656706,10.533977306163148,224000
2022-01-18,11.32995319366455,11.719473287589219,10.931965078500117,11.050514953191957,235800
2022-01-19,11.541647911071777,11.770278812480331,11.194467144916821,11.660197775818178,243800
2022-01-20,11.228337287902832,11.634792541691537,11.160594745604714,11.575518019069385,182200
2022-01-21,10.94890022277832,11.583987227671637,10.754139788015829,11.211402399236821,176100
2022-01-24,10.034374237060547,10.254537101601583,9.365416008426832,9.780339292915693,402500
2022-01-25,10.838814735412598,10.99970303391992,9.390816818628236,9.78880476737898,233400
2022-01-26,10.94890022277832,11.897296719845752,10.576315394343505,11.219870419781904,334600
2022-01-27,10.80494499206543,11.448499891730581,10.737202456053806,11.236804264805576,142800
2022-01-28,10.82362174987793,10.891534605894668,10.611393872429343,10.72175246585282,179600
2022-01-31,10.730242729187012,11.29052424592759,10.679307677853696,10.679307677853696,217600
2022-02-01,10.577437400817871,11.16318598394391,10.212405194043832,10.246361621912223,233600
2022-02-02,10.772688865661621,10.925493227166907,10.501037387061347,10.6198853137416,162700
2022-02-03,11.222610473632812,11.434838352735479,10.611393955133304,10.721752549416903,250000
2022-02-04,11.689513206481934,11.782893191717314,11.299013835229587,11.299013835229587,159000
2022-02-07,11.536707878112793,11.791381500263356,11.30750137530175,11.765913571338709,100600
2022-02-08,11.154698371887207,11.49426267759459,11.086785510745731,11.49426267759459,101100
2022-02-09,11.19714069366455,11.545195037889668,11.120739349872915,11.20563000172528,102700
2022-02-10,11.400885581970215,11.944188608635121,11.188657634782894,11.188657634782894,255500
2022-02-11,12.07152271270752,12.198859123958094,11.426349727311583,11.43483903728433,292500
2022-02-14,11.562174797058105,12.300727721784636,11.120741227955117,12.207347746101435,423500
2022-02-15,11.519730567932129,11.842317084703561,11.03585119756759,11.171676928927093,156500
2022-02-16,11.833826065063477,12.096988988755605,11.545196832400793,11.545196832400793,192300
2022-02-17,9.82190990447998,11.825342400658881,8.794726527421346,11.545201553241567,1362100
2022-02-18,10.195426940917969,10.602904057594108,8.378756105107515,9.762481897260772,760400
2022-02-22,10.433124542236328,11.0782976150324,10.09356019317801,10.441613853359103,348200
2022-02-23,11.010385513305664,11.282037011502737,10.441614581766549,10.475571019041183,304100
2022-02-24,10.832110404968262,11.324478986140905,10.662328275182015,11.09527250374068,186100
2022-02-25,11.06098747253418,11.222647701642368,10.856784821630404,10.856784821630404,177000
2022-02-28,11.392821311950684,11.86078567855839,11.086516418689511,11.086516418689511,359400
2022-03-01,11.273697853088379,12.030950302882014,11.103528991176645,11.469391841429587,335300
2022-03-02,11.341767311096191,12.082002593854398,11.341767311096191,11.48641107097841,348800
2022-03-03,11.282210350036621,11.426854134890636,10.90783791461585,11.273701701179464,205700
2022-03-04,11.418344497680664,11.809733385508368,10.967396695867011,10.967396695867011,223500
2022-03-07,11.00993824005127,12.056478420449597,10.839769335921678,11.503429279171094,530500
2022-03-08,11.197125434875488,11.673599220189715,10.678110028322179,11.095024083328743,600200
2022-03-09,10.805736541748047,11.614039518740293,10.652584919762088,10.805736541748047,396300
2022-03-10,10.822750091552734,11.197121585177621,10.771699027616592,10.839766571912026,145200
2022-03-11,10.558989524841309,10.848277042469169,10.499430616422373,10.763192192074174,196600
2022-03-14,10.371806144714355,10.644077252725774,9.699638241455602,10.533467241881993,420100
2022-03-15,10.056990623474121,10.286719231102765,9.554991794741245,9.759195271998683,400700
2022-03-16,10.28671932220459,10.363295525425649,10.048482876628503,10.091024490480851,173600
2022-03-17,11.248174667358398,11.40132626378834,10.45688830865813,10.45688830865813,221600
2022-03-18,10.95037841796875,11.248174584060978,10.746175749954848,11.248174584060978,347400
2022-03-21,11.146072387695312,11.477901494687352,10.975902699420285,10.975902699420285,371000
2022-03-22,11.018446922302246,11.146074209367436,10.635566683965362,11.078006647504404,250200
2022-03-23,11.673601150512695,11.971396605576203,11.27370351558962,11.307737305066295,249200
2022-03-24,12.064990043640137,12.320243057063134,11.392822098005194,11.435363725956,257900
2022-03-25,12.201123237609863,12.498918642504199,11.614039453755488,11.996920535151563,255000
2022-03-28,11.614039421081543,11.954378068983974,11.282210233377699,11.911835636567494,234400
2022-03-29,11.469393730163574,11.52044480285855,10.975903543638985,11.486411024871657,390300
2022-03-30,11.298134803771973,11.749719142060979,11.24701166520401,11.4259414313298,78500
2022-03-31,10.659101486206055,11.400381814223344,10.539814688422014,11.076604059587948,312200
2022-04-01,10.9487943649292,11.119203448171467,10.56537291191584,10.58241422652737,179700
2022-04-04,10.744300842285156,11.033996641276934,10.326798455537933,10.863587586744849,228700
2022-04-05,10.650577545166016,10.872109753123368,10.446086651316726,10.650577545166016,180300
2022-04-06,10.224555015563965,10.718741776310253,10.10526824785552,10.582414506114674,226300
2022-04-07,10.326799392700195,10.573892747339181,9.943378782063775,10.22455395070212,211500
2022-04-08,10.224555015563965,10.514250871016884,10.18195254048419,10.514250871016884,101700
2022-04-11,9.798530578613281,10.22455364724864,9.713325639856402,10.190471834260793,234400
2022-04-12,10.386445045471191,10.650579781587451,9.807054057903665,9.807054057903665,206700
2022-04-13,10.573892593383789,10.820985944425107,10.241595114871913,10.309758741878172,99300
2022-04-14,10.965836524963379,11.110684470763475,10.50573152435564,10.522772841543759,120100
2022-04-18,11.621912956237793,11.920128702732443,10.880632700562858,10.965836851315007,215000
2022-04-19,11.68155288696289,12.056452839857691,11.621909915782352,11.621909915782352,196500
2022-04-20,11.809358596801758,12.107575055400453,11.511142950777542,11.715633818778343,294600
2022-04-21,11.579309463500977,12.184262375089851,11.417420209830539,11.928648320003413,273200
2022-04-22,11.34925365447998,11.962727066568606,11.340733811139804,11.41741727664822,261400
2022-04-25,11.229968070983887,11.281090382911637,10.820985512689395,11.068078853872182,154000
2022-04-26,11.28109073638916,11.6048683681832,11.144763483544201,11.144763483544201,257300
2022-04-27,11.408902168273926,11.792322905242619,11.195890557449673,11.272574054783565,168800
2022-04-28,11.513096809387207,11.658291720547473,10.9750225086417,11.513096809387207,253900
2022-04-29,11.205628395080566,11.700999101705248,11.188547067880414,11.615590836661783,130100
2022-05-02,11.060430526733398,11.359361411721247,11.009185744148764,11.068971595337882,147200
2022-05-03,11.154382705688477,11.419149364997809,11.06043256278667,11.06043256278667,71300
2022-05-04,11.777867317199707,11.905980124274924,11.384987010441982,11.384987010441982,286100
2022-05-05,11.504555702209473,12.068253167501151,11.47039224414698,11.94868065702188,227700
2022-05-06,11.470393180847168,11.709537406813716,11.273952670055206,11.513096896021755,174200
2022-05-09,11.051888465881348,11.530177676016484,10.565059002429614,11.444768626682011,524100
2022-05-10,11.0775146484375,11.649753315114154,11.000646646268804,11.128759440202444,144900
2022-05-11,11.188546180725098,11.777866176525995,11.111678178116005,11.111678178116005,143000
2022-05-12,10.932318687438965,11.32519891699528,10.752960304064969,11.111677070812961,250000
2022-05-13,11.222709655761719,11.530180851918551,11.009187788133596,11.103137116662309,191800
2022-05-16,11.547262191772461,11.982846152500318,11.23124913281206,11.23124913281206,213000
2022-05-17,11.940143585205078,12.461137513184513,11.589967819231509,11.65829475822531,589400
2022-05-18,11.854730606079102,12.367182444816187,11.743699170722474,11.77786262663828,256000
2022-05-19,11.95722770690918,12.23053550813451,11.46185690992752,11.547266005071183,154200
2022-05-20,14.007027626037598,14.09243665886941,12.110954916572036,12.145118366800581,1361000
2022-05-23,14.288884162902832,14.468243393526457,13.349388356979636,13.79351345452919,523000
2022-05-24,14.297425270080566,14.468243430246822,13.759350834929467,14.092444455306685,208100
2022-05-25,14.604893684387207,14.937987222148976,13.938704979821368,14.348666507688515,314500
2022-05-26,14.186392784118652,14.775711940006927,14.08390157537493,14.46824157186076,368900
2022-05-27,14.942948341369629,15.088441038465383,14.112785088754661,14.395211896954258,315200
2022-05-31,15.054208755493164,15.379426870528315,14.823131824282619,15.122675812994428,251500
2022-06-01,15.918608665466309,15.952841382947218,15.071328094922256,15.362313539236412,328200
2022-06-02,15.7046537399292,16.295183398919495,15.533485202360254,15.841587917030695,233100
2022-06-03,15.944283485412598,16.192477635519413,15.619065309544883,15.619065309544883,192100
2022-06-06,16.363649368286133,16.4064406835596,16.05554667468823,16.235272157697647,244000
2022-06-07,16.79157066345215,17.262281706210075,16.32941657866361,16.432118030522464,342500
2022-06-08,17.71587371826172,18.357753177149696,16.791567362758386,17.09966839300358,641800
2022-06-09,18.56315040588379,18.777110179383286,16.911380693286304,17.5618186006108,513700
2022-06-10,18.26361083984375,19.75277102981055,17.75010693203839,18.93116608322911,535000
2022-06-13,17.459123611450195,18.323521610145423,16.363650213011987,17.63029214614823,579800
2022-06-14,18.118114471435547,18.95683642817635,17.47623512308386,17.5190264266872,333500
2022-06-15,17.55326271057129,18.640178918708596,17.159575818008896,18.391984759773905,340100
2022-06-16,16.81723976135254,17.459119154017777,16.43211310518362,17.16813369875217,446100
2022-06-17,15.18259048461914,17.450564526988934,15.028539134233013,17.116787689408376,589700
2022-06-21,16.42355728149414,16.87715108392556,15.413666605887304,15.42222519511597,268300
2022-06-22,16.012752532958984,16.30373802579508,15.062772019178949,15.413666001884138,366700
2022-06-23,13.967296600341797,16.260946101038055,13.856038213688855,16.046986283919132,472800
2022-06-24,14.172700881958008,14.96863183428041,14.03576670009439,14.283960924962328,319900
2022-06-27,15.114119529724121,15.233936490512203,14.155580578652144,14.266838951900553,195600
2022-06-28,15.422219276428223,15.9186058345014,14.994299773524332,15.465010573765268,218700
2022-06-29,15.036843299865723,15.897074632454302,14.537909192594789,15.897074632454302,183000
2022-06-30,14.236823081970215,15.036838213168343,14.116391261191316,14.67554111007114,246500
2022-07-01,14.701354026794434,15.11426468449545,13.858327690464584,14.245430816773872,336700
2022-07-05,13.092717170715332,14.443280514210183,12.688408336391628,14.443280514210183,292800
2022-07-06,12.49915885925293,13.144332246501351,12.094850793917795,12.903467744968449,262500
2022-07-07,13.324978828430176,13.497024875139422,12.645396328643454,12.8174423753527,235000
2022-07-08,13.075511932373047,13.952947185931762,12.903465884653718,13.574445880949236,207700
2022-07-11,13.187338829040527,13.59164755714847,12.697007508394345,12.92926941066567,199800
2022-07-12,12.980886459350586,13.256160128239692,12.499156718414408,12.886260520384774,200100
2022-07-13,12.98949146270752,13.46261796693336,12.688410214217983,12.688410214217983,190600
2022-07-14,12.946477890014648,12.998091295289816,12.232486160792645,12.447543930326509,182700
2022-07-15,12.774433135986328,13.324980556869752,12.593784558413862,13.281968834518143,331000
2022-07-18,13.505627632141113,13.746492101985005,13.049705394841533,13.13572882997592,385200
2022-07-19,15.02823543548584,15.062645464095308,13.548638661248647,13.548638661248647,262700
2022-07-20,15.664806365966797,15.664806365966797,14.537904169085023,15.097054013903582,247500
2022-07-21,15.707826614379883,15.879871921461863,14.623934780794357,15.25190335112811,261200
2022-07-22,15.656209945678711,16.232564968665237,15.226094305860736,15.587391508938273,295800
2022-07-25,16.748699188232422,16.94655359130442,15.699217820495075,16.000299038355326,217300
2022-07-26,16.421810150146484,17.092790930172303,16.223957411171334,16.946551592503617,330400
2022-07-27,17.032577514648438,17.118600964876126,16.103527861863267,16.344393194348623,144000
2022-07-28,17.66058921813965,17.990206550180627,17.001352899593073,17.053397393185936,280200
2022-07-29,17.348318099975586,18.380543490174205,17.270250536168533,17.677935415910724,375400
2022-08-01,16.888586044311523,17.21820499460047,16.49824990355601,17.21820499460047,229900
2022-08-02,16.78449249267578,17.209525945782154,16.637031771845898,16.775818137984142,81300
2022-08-03,16.185985565185547,16.845222051509804,15.96045716293264,16.845222051509804,221000
2022-08-04,15.474696159362793,16.342111855943827,15.283865301722056,16.073213453253665,250300
2022-08-05,15.54409122467041,15.856361442550845,15.153753452319869,15.205799591609502,112800
2022-08-08,16.17730712890625,16.34211662257789,15.422656179265674,15.656857228261073,117200
2022-08-09,16.342113494873047,16.697753833780848,16.168629676372717,16.30741606938726,67700
2022-08-10,16.51560401916504,16.59366994927637,16.02117543202672,16.480906579591128,150100
2022-08-11,17.088090896606445,17.33964060319357,16.56764111693733,16.611011242549655,287300
2022-08-12,16.09056282043457,17.062069268080123,16.029843977668794,17.062069268080123,402200
2022-08-15,15.500724792480469,15.604813786950665,15.162431424290489,15.535420572482288,396500
2022-08-16,15.708900451660156,15.951775813466982,15.39663023852073,15.39663023852073,153800
2022-08-17,16.489580154418945,16.584996454239462,15.526747760127982,15.552770838569462,185500
2022-08-18,16.8365421295166,16.96665418086384,16.53294624006338,16.706430078169365,181800
2022-08-19,15.604805946350098,16.567637760982727,15.474693941404476,16.498244581380803,385300
2022-08-22,15.56143856048584,15.830336971825782,15.205798245804697,15.52674113736368,427200
2022-08-23,15.431325912475586,16.324763013926738,15.379279779884236,15.786966212862493,221700
2022-08-24,15.266514778137207,15.752267047299624,15.188447242356682,15.431324204169863,338100
2022-08-25,15.439993858337402,15.492039974899939,15.171095540618785,15.474691269379093,141900
2022-08-26,15.379277229309082,15.613479823736453,15.17109769686159,15.439996052798284,314300
2022-08-29,15.318560600280762,15.865033398896275,15.075683617066746,15.33590931075264,388200
2022-08-30,14.955423355102539,15.306285081195929,14.595791591586247,15.306285081195929,276500
2022-08-31,15.341368675231934,15.402768969085878,14.508076343877294,14.543161509065605,132300
2022-09-01,15.464173316955566,15.464173316955566,14.499308435393337,15.078228033543862,282600
2022-09-02,15.481712341308594,15.850115769356485,15.262424626352288,15.52557088811935,236500
2022-09-06,15.508026123046875,15.788714106137476,15.367682131501573,15.5694264102189,222200
2022-09-07,14.920333862304688,15.385224343527305,14.481758504822594,15.148393248959243,336400
2022-09-08,14.82384967803955,15.218568246997583,14.70104908904485,15.025593980825857,193700
2022-09-09,14.911564826965332,15.095765707066356,14.744905692803085,14.99928024878928,177900
2022-09-12,15.30628490447998,15.385228624636293,14.80630745247911,15.025595192239381,183600
2022-09-13,15.16594123840332,16.315008553083445,14.937881782972513,15.297513550719977,414000
2022-09-14,15.762396812438965,16.069399879107475,15.27996461698282,15.27996461698282,270600
2022-09-15,15.0957670211792,15.806260494073598,14.902794414793929,15.744860195361587,304900
2022-09-16,14.499306678771973,14.911567047801755,14.06950288815809,14.850166745290167,239300
2022-09-19,14.718591690063477,14.82384885391218,14.157214015084723,14.33264485220917,116700
2022-09-20,15.025588989257812,15.095760970090844,14.464213142593561,14.718587618758294,126100
2022-09-21,14.876477241516113,15.209795493092178,14.806305242189431,15.209795493092178,123200
2022-09-22,14.68350601196289,15.17471005242219,14.595790586479868,15.09576633679073,127700
2022-09-23,13.771265983581543,14.420358144916886,13.587064300968937,14.32387103141936,229100
2022-09-26,12.999375343322754,14.016870196576596,12.999375343322754,13.551980479800182,181600
2022-09-27,13.595837593078613,13.981783582492426,13.13971876907336,13.323920473149911,324300
2022-09-28,14.253703117370605,14.35019025845865,13.569525601961391,13.639697611925602,209400
2022-09-29,14.01711654663086,14.266152219273437,13.750293096347166,14.10605713125318,169900
2022-09-30,14.524081230163574,14.55965848363047,13.901493714035864,13.901493714035864,80900
2022-10-03,15.422385215759277,15.742573684149898,14.968785451011454,15.031043942883704,131800
2022-10-04,15.75146484375,16.17838332759766,15.626947871520045,15.626947871520045,236300
2022-10-05,15.449065208435059,16.044970468551238,15.33344086292886,16.00939322488276,221600
2022-10-06,16.071657180786133,16.356268441440672,15.21782339882252,15.564693160693123,325200
2022-10-07,16.294010162353516,17.00554002010675,16.08055171395263,16.20506871808224,257100
2022-10-10,15.875988960266113,16.685352950328333,15.662530493301944,16.22285875703075,134900
2022-10-11,15.52911376953125,15.715890943913083,15.351232604290644,15.564691020429386,157900
2022-10-12,15.600272178649902,15.902670404940777,15.29787225594191,15.386812012630163,79200
2022-10-13,16.382949829101562,16.454102637515227,15.30676169337601,15.555797371032222,117000
2022-10-14,15.698103904724121,16.45410359853477,15.582481220455136,16.142809407387222,79800
2022-10-17,15.67142391204834,16.454104912829735,15.529116579125633,16.151705011150856,171900
2022-10-18,15.76925277709961,15.9649242350866,15.271183213564113,15.76925277709961,133200
2022-10-19,16.151700973510742,16.427417863264072,15.520220081427864,15.70699554649466,150600
2022-10-20,16.338481903076172,16.907704438081083,16.18728195516337,16.436315966019535,148300
2022-10-21,16.596405029296875,16.89880483039623,16.053863910309843,16.454099440122643,215000
2022-10-24,16.818758010864258,17.254569097184447,16.18727716020127,16.6764524192665,324800
2022-10-25,17.325721740722656,17.44134609314,16.756499379334027,16.872122035334925,270400
2022-10-26,18.60647964477539,19.051185179596583,17.04111595863475,17.254574411778886,872500
2022-10-27,18.41970443725586,19.43363432026189,18.17067039643315,19.051187247378817,573400
2022-10-28,18.49966049194336,18.778188167034077,17.87971024790603,18.58950862659829,247000
2022-10-31,18.580533981323242,19.550890605410164,18.221142956422824,18.4996707865067,316900
2022-11-01,18.957897186279297,19.52393790198205,18.76023081435787,19.03876039048137,247600
2022-11-02,19.056713104248047,19.75752639741795,18.796155436264744,19.0836680548851,252600
2022-11-03,19.38916015625,19.63174968990842,18.625453317164904,18.643423293075433,163600
2022-11-04,19.38916015625,19.766521081814915,19.11063238448175,19.766521081814915,173900
2022-11-07,19.15555191040039,19.67666911516643,19.038750516966147,19.541897749292794,258500
2022-11-08,19.883325576782227,19.883325576782227,18.88601575126985,19.335254936331197,350300
2022-11-09,18.88601303100586,19.55088672348559,18.248092588972217,19.461038556672385,272700
2022-11-10,18.85906219482422,19.290331433472705,18.643427575499974,19.25439318710781,198100
2022-11-11,19.119613647460938,19.604790906541965,18.868039174860215,19.209460082086796,129200
2022-11-14,19.613780975341797,20.449366058093464,19.119618602001797,19.371191426082667,481400
2022-11-15,19.667688369750977,20.107942507179533,19.16454102893423,20.107942507179533,340100
2022-11-16,19.847381591796875,19.955198005344794,19.33524934316678,19.70362523125899,210500
2022-11-17,19.68566131591797,20.05403731737587,19.3083003249475,19.62276810304148,261300
2022-11-18,17.41250228881836,19.93722661610657,14.959657844227436,19.308291352191127,1663800
2022-11-21,17.933624267578125,17.98753419410597,16.03783640783978,17.071086007666853,385100
2022-11-22,18.032459259033203,18.36489698502903,17.394540486767063,17.96058106337348,163900
2022-11-23,18.02347183227539,18.31098457602162,17.65509591513664,18.059411782099236,176400
2022-11-25,18.796167373657227,18.96687874202276,17.610176211773453,17.753932612382915,183400
2022-11-28,18.104337692260742,18.97586275399647,17.753931698035423,18.526623596800366,268100
2022-11-29,18.240556716918945,18.890073212886985,18.240556716918945,18.520210417406606,102900
2022-11-30,18.366849899291992,18.6465018388371,18.1232812484166,18.511186495226756,98700
2022-12-01,18.55628776550293,19.088529514435297,18.538245264034256,18.664541053687326,135200
2022-12-02,18.863008499145508,19.28699707432934,18.691608130186893,18.745735649202103,152800
2022-12-05,18.835941314697266,19.58468798531526,18.790836777680727,19.13363573263869,221600
2022-12-06,18.88105583190918,19.368191583172237,18.6194445850129,18.935181644132065,246300
2022-12-07,19.15167808532715,19.584687831546212,18.700625836192014,19.025384006170203,342200
2022-12-08,19.59370231628418,19.801187586908046,19.052441180749742,19.440344535715507,386900
2022-12-09,19.39524269104004,20.026716397138824,18.94419053543446,19.611747519255427,207700
2022-12-12,20.0177059173584,20.58603118211234,19.39525312595867,19.665883876674194,384600
2022-12-13,20.216167449951172,20.567987754288303,19.81021962138658,20.540925712802846,136500
2022-12-14,20.613080978393555,21.217490851374425,20.216154655082804,20.495806470752402,700200
2022-12-15,20.279308319091797,20.703298526346046,19.63881496350957,20.360497860028666,232100
2022-12-16,20.297351837158203,20.522877968682185,19.846299574110244,20.279309333685607,244800
2022-12-19,19.476438522338867,20.739384622797065,19.061469510106214,20.52287972448663,373200
2022-12-20,20.0177059173584,20.171063801598088,19.25993775060091,19.485463949739962,176600
2022-12-21,21.055118560791016,21.370855470816274,20.01769875981751,20.234203627101984,363500
2022-12-22,20.595048904418945,21.28064863869394,20.3153969472239,21.28064863869394,162100
2022-12-23,22.31806755065918,22.372193344769688,20.784490766256308,20.784490766256308,465900
2022-12-27,21.984281539916992,22.55260646577859,21.695606731828075,21.857985773682053,340800
2022-12-28,21.379880905151367,21.993310622165225,20.991975630134966,21.993310622165225,312000
2022-12-29,21.667200088500977,22.13704805261928,21.378063410086803,21.405170619959588,205500
2022-12-30,22.769540786743164,22.932178911218983,21.242535432583242,21.314819617925025,433600
2023-01-03,20.275733947753906,22.995429240579774,19.724565953587227,22.7695409443988,721400
2023-01-04,19.625171661376953,20.447404800505506,19.290857997365922,19.878167136259076,283300
2023-01-05,18.26080894470215,19.50771329848306,18.23370345226621,19.41735763578444,566300
2023-01-06,18.821012496948242,19.146292190234494,18.333094680409772,18.432484357387644,271200
2023-01-09,19.71552276611328,20.031766605963178,19.182426450666675,19.381209179173037,188400
2023-01-10,19.345075607299805,19.652283860694595,18.74873057974312,19.525786952846545,212600
2023-01-11,20.167312622070312,20.23056108749466,19.381222089808524,19.41736333145468,148100
2023-01-12,20.835939407348633,21.50456866795386,20.212488847495177,20.329950022667344,167600
2023-01-13,21.87502098083496,21.893092457487235,20.78172249423541,20.78172249423541,211100
2023-01-17,22.227405548095703,22.371973899352366,21.450349367548117,21.856948932576664,199700
2023-01-18,22.20030403137207,22.923147696489032,21.98345144885432,22.362943899108163,373500
2023-01-19,22.814716339111328,23.130960276608857,21.96537592156132,22.055731578473587,294500
2023-01-20,22.579790115356445,23.09481506905104,19.47156719550247,21.152176390413796,597100
2023-01-23,22.45330047607422,23.48335071532511,21.992488073411664,22.353909058816257,465700
2023-01-24,22.850860595703125,23.04060593499901,22.245479900240063,22.94121453438255,185600
2023-01-25,23.130958557128906,23.230348221292367,22.29065394007471,22.543649415944035,164400
2023-01-26,22.69725799560547,23.23035281812772,22.408119513086774,23.23035281812772,199400
2023-01-27,21.305784225463867,22.59786556740622,21.152180113693287,22.59786556740622,262000
2023-01-30,21.04062843322754,21.692208563312306,20.787235297367037,21.04062843322754,141600
2023-01-31,21.30307388305664,21.665062884557663,20.959183037055887,21.15827655635652,99600
2023-02-01,21.22162628173828,21.520267425706166,20.59719417122371,21.275924200796155,91600
2023-02-02,20.814388275146484,21.610764110537747,20.50669717994764,21.38452075972094,156000
2023-02-03,21.26687240600586,21.60171328422253,20.886783553535388,20.886783553535388,110700
2023-02-06,21.22162628173828,21.610763382102714,20.714839950199053,21.266874259936554,115200
2023-02-07,22.28044319152832,22.425238780049906,21.221624371652002,21.221624371652002,125100
2023-02-08,21.80080795288086,22.443338197350236,21.62886253454553,22.171846885115222,142100
2023-02-09,21.475017547607422,21.800808511517427,21.24877420624763,21.28497396939306,108500
2023-02-10,22.63338279724121,23.0768195141058,21.665061627138982,21.719359542687812,218400
2023-02-13,22.41619300842285,22.769132105312792,22.217097742608104,22.769132105312792,106200
2023-02-14,22.67862892150879,22.805326348914626,21.77365568109312,22.29854009149023,100600
2023-02-15,22.398090362548828,22.63338364015605,22.036101368576055,22.63338364015605,80900
2023-02-16,22.62433433532715,23.067771081167592,22.37999111024168,22.461438851936837,95200
2023-02-17,21.746509552001953,22.32569192580854,21.44786842474548,22.11754847598425,130900
2023-02-21,21.402620315551758,21.791759149196295,20.452398947056764,21.031581363960395,131400
2023-02-22,20.922983169555664,21.67411092924696,20.54289431970588,21.2849721393889,99100
2023-02-23,21.71030616760254,21.918449582692134,20.968228443474878,21.085874196234414,73000
2023-02-24,22.17184829711914,22.352843667535534,21.475018364945736,21.710311656047136,78100
2023-02-27,22.625999450683594,22.970466769345602,22.018652545292635,22.20901469850594,87700
2023-02-28,22.644123077392578,22.97046007811806,22.499084794624082,22.82542179534956,74500
2023-03-01,22.843555450439453,23.115501839304674,22.562542222420024,22.562542222420024,155600
2023-03-02,22.988597869873047,23.115505976860312,22.752910150472925,23.024856588015144,84500
2023-03-03,22.87074851989746,23.34212386335854,22.59880213735842,23.0701774808195,98000
2023-03-06,22.46282958984375,22.689452158118634,22.20901169093841,22.689452158118634,83000
2023-03-07,22.027711868286133,22.50815231198852,21.909868899298775,22.33591868439817,71700
2023-03-08,22.136497497558594,22.272470723187432,21.882679541789628,22.073043440864694,57400
2023-03-09,22.290597915649414,22.57160944092427,21.982391057350615,22.417506011774872,82900
2023-03-10,21.38410186767578,22.55347321238381,21.19373804519286,22.290591979136416,179100
2023-03-13,20.885536193847656,21.538208551533042,20.450419559731124,21.075898316466873,153100
2023-03-14,20.813018798828125,21.61979643227797,20.44135787234857,20.88553969081753,139900
2023-03-15,19.543928146362305,20.568263036325693,18.764347753329147,20.38696430548477,276900
2023-03-16,20.187541961669922,20.20567218493249,18.76435228643021,18.77341566906824,125000
2023-03-17,20.695178985595703,20.803958611292423,19.815883783105075,19.942791905590003,164900
2023-03-20,21.166540145874023,21.592589789219893,20.74048877353583,20.74955388028689,162400
2023-03-21,21.121225357055664,21.520081612049612,20.56826739587498,20.56826739587498,166800
2023-03-22,20.831146240234375,21.465690128464946,20.70423815418546,21.257197778815158,115200
2023-03-23,21.230003356933594,21.30252251335124,20.958056952615703,21.039639490716613,149900
2023-03-24,21.311582565307617,21.619789339171977,20.785818373831827,21.1212187442772,199200
2023-03-27,21.59259796142578,21.75576648671502,21.057768563641268,21.610728181789693,126300
2023-03-28,21.94612693786621,22.145555888655924,21.356908652972553,21.73763460657955,177900
2023-03-29,21.656055450439453,22.24527560309476,21.529147345679604,22.14556110421588,163800
2023-03-30,22.149682998657227,22.222275090467246,21.641538355987098,22.058942451211706,110800
2023-03-31,22.140607833862305,22.3583841000762,21.79579584503995,22.3583841000762,109000
2023-04-03,24.28207778930664,24.908185655500418,22.993566876807606,22.993566876807606,550600
2023-04-04,24.454486846923828,24.654114682265416,23.96448889099613,24.499856258813967,277900
2023-04-05,24.37281036376953,24.61780750890073,24.04614519595273,24.49984604870655,232600
2023-04-06,23.9644832611084,24.89003358438095,23.9644832611084,24.490776276761704,286000
2023-04-10,24.73577308654785,24.9081799118344,23.728556542415337,23.910037593320293,485100
2023-04-11,24.000782012939453,25.19855229720397,23.882818791492035,25.13503443830083,186600
2023-04-12,23.75577735900879,24.772066318444825,23.71040623446968,24.254847613818985,206500
2023-04-13,23.2294864654541,24.082444643502278,23.21133801404781,23.96448144009298,128900
2023-04-14,22.803001403808594,23.47448010959556,22.7757804635275,23.36559115627759,145000
2023-04-17,24.091516494750977,24.21855392046899,23.048004797014038,23.05707902247472,167700
2023-04-18,24.173185348510742,24.418184269653363,23.601522929909677,24.35466641544566,204000
2023-04-19,23.973554611206055,24.200405051610833,23.59244580209677,24.173182375698914,91800
2023-04-20,23.946327209472656,24.037067713873178,23.510774865227553,24.037067713873178,101800
2023-04-21,24.42725372314453,24.54521518209111,24.018922267692176,24.21855174846061,116600
2023-04-24,23.03893280029297,24.635960290503963,22.839305013040985,24.499850356889805,680300
2023-04-25,21.68690299987793,23.048005720339702,21.52357039650546,23.048005720339702,295700
2023-04-26,20.988203048706055,22.20412160937407,20.788575274093247,21.813940285912434,228100
2023-04-27,21.0490665435791,21.648651380056652,21.03089688604853,21.103573783416905,131600
2023-04-28,21.74858856201172,22.248242148035377,21.22168048242601,21.23076531361336,132100
2023-05-01,21.666826248168945,22.121057399146263,21.103578858545163,21.803095246911273,140200
2023-05-02,21.112655639648438,21.65773315954458,20.80377843613241,21.65773315954458,141100
2023-05-03,20.631174087524414,21.03998273807475,20.358636142326855,20.84920652298726,157000
2023-05-04,21.31252098083496,21.566891003923764,20.758360253495603,20.80378266741138,85100
2023-05-05,22.3663387298584,22.702468752528134,21.775836950526,21.80309143861572,101500
2023-05-08,22.41176986694336,23.111286405389716,22.366347435202044,22.638885491159343,175200
2023-05-09,22.666133880615234,22.784233210963965,22.2754948350126,22.42084865671299,80400
2023-05-10,22.62070655822754,23.147614521237518,22.466267927720097,22.86599174775477,109100
2023-05-11,22.15739631652832,22.99318175366666,21.803096552039104,22.620712326189683,83800
2023-05-12,21.794010162353516,22.52986413320274,21.657741165196892,22.23007164635644,75800
2023-05-15,21.957529067993164,22.193729422372027,21.71224388466658,21.71224388466658,78600
2023-05-16,21.36703109741211,22.16647706118078,21.303439021433864,21.866684608173266,90800
2023-05-17,22.30274772644043,22.429933620751438,21.348863049256213,22.01204008130826,118600
2023-05-18,21.966617584228516,22.54803287244659,21.803094101228623,22.302747647946752,94800
2023-05-19,21.984786987304688,22.248240136905505,21.639570364408726,22.002954915282725,112100
2023-05-22,22.56620216369629,22.9023322219078,22.175563123541657,22.257324863702127,95800
2023-05-23,22.61162757873535,22.938674582712878,22.184650893462592,22.584374816906852,91800
2023-05-24,22.57529067993164,22.89325286216396,22.3754278456833,22.711559691529924,79800
2023-05-25,22.76606559753418,22.89325150252619,22.00295709859968,22.30274959941292,98300
2023-05-26,22.24824333190918,22.89325251849831,21.957535649462322,22.811490766215822,97300
2023-05-30,22.770639419555664,22.770639419555664,22.06076275857825,22.297388312237388,122800
2023-05-31,22.424800872802734,22.77063887990579,22.206377690572296,22.69783115249564,90400
2023-06-01,22.9162540435791,23.280292676004784,22.424800587899586,22.588618406459425,87500
2023-06-02,22.615921020507812,23.316696443896685,21.887842049862588,23.2256863555819,225600
2023-06-05,21.978845596313477,23.20747708318607,21.84233137241042,22.75242851292752,130600
2023-06-06,21.614818572998047,21.93335308861692,21.29628405737917,21.805938240845293,103300
2023-06-07,22.288286209106445,22.433901661367088,21.614814308432685,21.614814308432685,96700
2023-06-08,22.27008628845215,22.543116593319407,21.7695333333388,22.543116593319407,72600
2023-06-09,21.805932998657227,22.279184066042035,21.505600924330913,22.279184066042035,83000
2023-06-12,21.578407287597656,21.851437533518084,21.159763340741772,21.80593162459488,141400
2023-06-13,21.59660530090332,22.115360407023054,21.259870322065726,21.68761536454439,84700
2023-06-14,21.805932998657227,22.28828524840017,21.67851991738941,21.869641275164177,83100
2023-06-15,22.397497177124023,22.57951561241164,21.705822956935886,21.742225949644208,138000
2023-06-16,22.361099243164062,22.79794570364167,22.051665899690708,22.479412911131035,109300
2023-06-20,21.651216506958008,22.588615654257065,21.341783273129316,22.588615654257065,161800
2023-06-21,21.605710983276367,22.17907328858746,21.505599718821713,21.833235321856623,74700
2023-06-22,21.414594650268555,21.614815473955044,20.9231411704837,21.60571429071386,123500
2023-06-23,20.55000114440918,21.077857616339603,20.40438568566101,20.95954570705916,95600
2023-06-26,21.28717613220215,21.523801647851798,20.75931974679075,20.93223872666413,80400
2023-06-27,21.123355865478516,21.56930503554377,21.05964933714711,21.36908253407626,79600
2023-06-28,22.133567810058594,22.406598063191733,21.223470438027416,21.31448052240513,151000
2023-06-29,22.84678840637207,23.00183654571128,22.208356221722525,22.317800943848734,145100
2023-06-30,22.737340927124023,23.238966278492647,22.637015161013384,22.846785635979007,117000
2023-07-03,23.029199600219727,23.1204046990302,22.837670458351045,22.983597920610777,58100
2023-07-05,22.281320571899414,23.02919923915294,22.180994790821607,23.02919923915294,130500
2023-07-06,21.980342864990234,22.64613705485165,21.6064035671452,22.363402845659827,128900
2023-07-07,22.308679580688477,22.500210447962377,21.706728408557534,21.706728408557534,74200
2023-07-10,22.6826229095459,22.910634792779966,22.46372997079969,22.509333391202073,104200
2023-07-11,22.637022018432617,22.97448040874483,22.582299647428112,22.90151666754122,76400
2023-07-12,22.95623207092285,23.07479746204472,22.31779822447261,22.801183950475924,150600
2023-07-13,23.0656795501709,23.34841375670709,22.70997988172358,23.22072593795497,82400
2023-07-14,22.372526168823242,23.129525536676677,21.91650241133099,23.065682488962576,187800
2023-07-17,22.272201538085938,22.983599262841828,22.10803269855822,22.37252732659569,154300
2023-07-18,22.244836807250977,22.637017490115735,22.19011444719315,22.27219885707612,86100
2023-07-19,22.016822814941406,22.59141362855447,21.934738412996683,22.27219670316858,74100
2023-07-20,21.588165283203125,22.29956298873924,21.53344291803654,22.117152785393788,89000
2023-07-21,21.369274139404297,21.770575544069004,21.104779517813828,21.66112907385404,101300
2023-07-24,21.14126205444336,21.861778699601782,20.9953345885988,21.542563455312198,215900
2023-07-25,20.9862117767334,21.551680214649814,20.977091093593785,21.068296185397465,120100
2023-07-26,21.02269172668457,21.38751207579917,20.84028329171962,20.97709005284142,82500
2023-07-27,21.506074905395508,22.025941579382145,21.077413307804733,21.26894240260312,157200
2023-07-28,21.927837371826172,22.25647987237055,21.489646210289067,21.763515250945535,157800
2023-07-31,22.046510696411133,22.4390575484717,21.76351249145313,21.936963790525244,109100
2023-08-01,21.781774520874023,22.229094900452946,21.672225855507957,21.936967447766055,78800
2023-08-02,21.316192626953125,21.90044744699608,21.10622626865228,21.827415594490713,81700
2023-08-03,21.59919548034668,21.809161883778252,21.20664853579899,21.215777736976502,78500
2023-08-04,21.66309356689453,21.882189125177717,21.23403164957538,21.462256407105787,76100
2023-08-07,21.60832405090332,21.873063912456683,21.2066479169007,21.873063912456683,83700
2023-08-08,21.407482147216797,21.83654404838917,21.279675103782132,21.316191899396795,75000
2023-08-09,21.781774520874023,21.873063043925953,21.45313026599279,21.672225855507957,87000
2023-08-10,21.48052215576172,22.046518773027348,21.288812388404622,21.882196612783353,74500
2023-08-11,21.644838333129883,22.219965781278272,21.279679015933986,21.526162207997583,123100
2023-08-14,21.644838333129883,21.991740990378716,21.361840079955183,21.717871937786036,88700
2023-08-15,21.04232406616211,21.644837347400472,20.34852226569488,21.644837347400472,146000
2023-08-16,21.09709930419922,21.827417906613707,21.014938243775475,21.087970104016925,95500
2023-08-17,20.896265029907227,21.444004974142732,20.814103951211035,21.20665094026677,80200
2023-08-18,21.124488830566406,21.507906598696405,20.81410293535559,20.81410293535559,117500
2023-08-21,20.202465057373047,21.471396539398178,20.15682077911199,21.215784053970484,250100
2023-08-22,19.873817443847656,20.40329894861579,19.68210769250519,20.019881187148027,210400
2023-08-23,19.371723175048828,19.901204717327303,18.80572656496699,19.873818851779102,380200
2023-08-24,18.139307022094727,19.46300975547934,17.947597293624593,19.17088230373148,266800
2023-08-25,18.057146072387695,18.796593906934667,17.682857554825834,18.17582219745149,169400
2023-08-28,18.093664169311523,18.44969434545618,17.436377288455866,18.257986324829755,206800
2023-08-29,18.915267944335938,19.399105074201113,18.020627281158927,18.10278833606465,138600
2023-08-30,18.82844352722168,19.367704903354756,18.682203331319894,18.983823953282407,94000
2023-08-31,18.727903366088867,19.166623968489258,18.490262603958477,18.938123436823968,74900
2023-09-01,19.322006225585938,19.577927472829778,18.29832472325232,18.417144243885,234700
2023-09-05,19.559642791748047,20.24514430367838,19.477382470850767,19.641903112645327,111300
2023-09-06,19.331146240234375,19.833848497758527,19.111785920764525,19.504807146893324,96500
2023-09-07,19.550506591796875,19.641907160889563,19.267166396598316,19.33114627196694,64800
2023-09-08,19.596195220947266,19.916096136611504,19.51393493568161,19.651034830017785,91000
2023-09-11,19.00210189819336,19.998362447148846,18.72790025968452,19.779002182334025,116600
2023-09-12,19.459096908569336,19.7698558807791,19.111775288473904,19.111775288473904,90300
2023-09-13,19.248886108398438,19.73330790865112,19.148347050474953,19.577927462782966,76100
2023-09-14,19.669330596923828,19.82471106304838,19.10264838419867,19.431689781479154,154300
2023-09-15,19.3859806060791,19.888682726733283,19.3859806060791,19.888682726733283,198100
2023-09-18,20.400524139404297,20.491924687075265,19.468241691137216,19.577922697006468,144300
2023-09-19,19.9709415435791,20.565042420393073,19.83384160944053,20.565042420393073,144000
2023-09-20,19.952659606933594,20.4279409704457,19.76985854609967,19.76985854609967,119600
2023-09-21,19.72416114807129,20.25428218613859,19.66932152160096,20.02578170863854,94900
2023-09-22,19.852121353149414,20.108042521932973,19.71502141189121,19.724161640417805,64700
2023-09-25,19.9709415435791,20.236001183804305,19.788140469180842,19.85212032222416,74800
2023-09-26,19.532224655151367,20.181165276501815,19.4316838713791,19.92524407386358,81700
2023-09-27,19.925241470336914,20.199443096618086,19.83384267156353,19.91610298511585,91700
2023-09-28,19.625146865844727,20.055161095371684,19.487906685389323,19.93622158340257,79300
2023-09-29,19.44216537475586,20.100911055694624,19.268329054546914,19.625151158668622,81800
2023-10-02,19.012147903442383,19.542804494833714,18.701073169342482,19.542804494833714,126800
2023-10-03,18.536386489868164,18.993849132525085,18.399148046087387,18.829162301955552,103300
2023-10-04,17.859342575073242,18.47234260618234,17.584863933409757,18.389999188191453,181100
2023-10-05,18.05147361755371,18.133817024432066,17.420176491594745,17.6306088669144,107200
2023-10-06,18.609582901000977,18.74682136290937,18.051477844814226,18.051477844814226,81600
2023-10-09,18.938955307006836,19.304925095361998,18.673626119773342,18.90235745563052,73000
2023-10-10,19.103641510009766,19.28662728733216,18.938956404517658,19.05789593822002,51200
2023-10-11,18.96640396118164,19.18598585747372,18.76512099251768,19.10364242822897,39000
2023-10-12,18.82001495361328,19.03959683734292,18.545538035221654,19.030447374052308,66100
2023-10-13,19.25002670288086,19.304921725280646,18.884055233332134,19.0487420456128,75300
2023-10-16,19.012147903442383,19.405564307080276,19.00299844125339,19.35981874121678,88700
2023-10-17,19.31407928466797,19.44216830566729,18.78342252542245,18.966406591838336,70600
2023-10-18,18.765119552612305,19.634297607271865,18.52723874694543,19.460463043388945,174600
2023-10-19,19.44216537475586,19.515359339304613,18.563837800170845,18.563837800170845,71000
2023-10-20,18.80171775817871,19.433016822703618,18.664479286346822,19.29577835087173,94600
2023-10-23,18.26190948486328,18.856612369386845,18.207014451474613,18.34425290748711,101400
2023-10-24,18.41744613647461,18.655326931831777,17.895938977264564,18.261908760474984,56400
2023-10-25,18.344253540039062,18.53638878114714,18.106374472124998,18.43574642889616,57200
2023-10-26,18.490638732910156,18.61872945642239,18.16126682479079,18.179565748875604,62700
2023-10-27,18.362550735473633,18.52723757087221,18.133819407438175,18.52723757087221,47600
2023-10-30,18.246105194091797,18.52117316113541,18.117741192101796,18.41114562455229,96600
2023-10-31,18.20026206970215,18.337795183815075,17.677635186775966,17.980208737355778,79600
2023-11-01,17.769329071044922,18.22777411337025,17.73265437705,18.22777411337025,53100
2023-11-02,17.806001663208008,18.099406147032987,17.62262298640306,17.62262298640306,83700
2023-11-03,17.439245223999023,17.796831702947443,17.063320528481817,17.796831702947443,189300
2023-11-06,16.55902671813965,17.347552382898566,16.384818942440816,17.25586306741968,217600
2023-11-07,16.155597686767578,16.494845904892184,15.651307289882272,16.22894879464547,170200
2023-11-08,15.587127685546875,16.0730799429687,15.403749013244283,15.816350151510798,219700
2023-11-09,14.761926651000977,16.00889563382736,14.761926651000977,15.577958042189461,281500
2023-11-10,15.935543060302734,16.045570599613153,13.799190890550152,14.52353375692755,383200
2023-11-13,16.687395095825195,16.760746210031588,15.972220420691484,15.972220420691484,108500
2023-11-14,17.283367156982422,17.32921093174096,16.604869147354215,16.687389340981905,144200
2023-11-15,16.604873657226562,17.576776286464476,16.604873657226562,17.13666963346939,323000
2023-11-16,16.72406768798828,16.81575700649214,16.504014372875996,16.531521693075643,112900
2023-11-17,17.200855255126953,18.099406964638444,17.03581478831285,17.18251703685233,152600
2023-11-20,16.75157356262207,17.58594296623208,16.687391569856402,17.2925385714015,68100
2023-11-21,16.36648178100586,16.733237317654535,16.32980535292682,16.595704210014826,72700
2023-11-22,16.375652313232422,16.439834319128288,15.944712989939884,16.01806410365352,59200
2023-11-24,16.797422409057617,16.916619073420947,16.256457237140765,16.256457237140765,45500
2023-11-27,16.29313087463379,16.953290848743748,16.2289488735322,16.870770633376456,97400
2023-11-28,15.871356964111328,16.494842112125568,15.651303691075944,16.210606853058355,106600
2023-11-29,15.609508514404297,16.247951839996364,15.3134167843954,16.118412921441813,125800
2023-11-30,15.591001510620117,16.09065285552491,15.405944411123352,15.609507573536854,110200
2023-12-01,15.748298645019531,15.83157415870525,15.359680169431245,15.359680169431245,123600
2023-12-04,15.294909477233887,15.8593302005311,15.2301382658594,15.51697690744124,102800
2023-12-05,14.739742279052734,15.294911822101875,14.684224971780756,15.174624175942975,102900
2023-12-06,14.175321578979492,14.989570820419964,13.971760151037154,14.665721730411493,324600
2023-12-07,13.981009483337402,14.499167746423407,13.832964517432146,14.230836025115726,116700
2023-12-08,14.119802474975586,14.406639379353216,14.00876874917609,14.018020897846172,111700
2023-12-11,13.953253746032715,14.360378356852143,13.647910729127021,14.166069084055996,164600
2023-12-12,13.694171905517578,14.018020031821226,13.41658716695905,13.749688323778749,225100
2023-12-13,13.620153427124023,14.286355936459408,13.333315573791259,13.647911644408543,466900
2023-12-14,14.175321578979492,14.397389955016793,13.74043962457904,13.879231587486796,169700
2023-12-15,14.286354064941406,14.545433667050121,14.08279265496446,14.221584605623077,112800
2023-12-18,13.953253746032715,14.730490837217298,13.869978217346114,14.38813657227509,133700
2023-12-19,13.869976997375488,14.249342476986113,13.7959545078133,14.027275008299554,118600
2023-12-20,13.509115219116211,14.101295032063206,13.462850950625345,13.897733662571438,122600
2023-12-21,13.342564582824707,13.823710694450261,13.277795134556424,13.38882885262386,148900
2023-12-22,13.610899925231934,13.814462237284152,13.416590646095221,13.416590646095221,176900
2023-12-26,13.694171905517578,14.11054857214659,13.647907635354898,13.694171905517578,180200
2023-12-27,13.046477317810059,13.805208319916613,12.870673233349734,13.768197073043556,272600
2023-12-28,13.126653671264648,13.350403237580108,12.818997795305457,13.05207048249283,260200
2023-12-29,13.014777183532715,13.490245616506217,12.865610825525723,13.080037242885366,300100
2024-01-02,13.117328643798828,13.60212018945331,13.005453876902012,13.219881180280453,119700
2024-01-03,13.285141944885254,13.4529545487016,12.986809217302117,13.126652461081298,93600
2024-01-04,13.042747497558594,13.583476066340886,13.042747497558594,13.490247523955311,130100
2024-01-05,13.089359283447266,13.126650869874688,12.856286646000482,13.005452991710175,153700
2024-01-08,13.182589530944824,13.25717270853448,12.902902170432814,13.005453817343186,102000
2024-01-09,13.080038070678711,13.247850678607705,12.9588401748524,13.145299023263144,73000
2024-01-10,12.893579483032227,13.378371042712322,12.865611012774265,13.052068962996747,113300
2024-01-11,13.024101257324219,13.257173931060363,12.921548711855232,12.9681634244228,124500
2024-01-12,13.210559844970703,13.378372462531363,13.033424106634065,13.191913603418747,152000
2024-01-16,13.322432518005371,13.611442992597512,13.2385262225076,13.378370344704415,142700
2024-01-17,13.257176399230957,13.29446799840748,12.958842716716914,13.238530155091768,118300
2024-01-18,14.068266868591309,14.068266868591309,13.219882470028171,13.313111006986867,223400
2024-01-19,13.65805721282959,14.217431939875162,13.490245505997214,14.124202522333693,276400
2024-01-22,14.301339149475098,14.32930762087973,13.63941273222098,13.704672795199013,178500
2024-01-23,14.487797737121582,14.720870416862343,14.161495629843833,14.310662891723359,160500
2024-01-24,14.590350151062012,14.590350151062012,14.329308985194098,14.53441320292691,74900
2024-01-25,14.301339149475098,14.646286593804472,14.24540131756416,14.646286593804472,101700
2024-01-26,13.993684768676758,14.375923844786222,13.900455335385868,14.357277602487336,92400
2024-01-29,13.518216133117676,14.077590949439111,13.108008586489914,13.984361517018286,166600
2024-01-30,13.70600700378418,13.780749983260318,13.341634310583057,13.500463364721499,87400
2024-01-31,13.35097599029541,13.864834587969392,13.35097599029541,13.752720130641588,200200
2024-02-01,13.210833549499512,13.612576811249935,13.182804266046796,13.500462350458664,81200
2024-02-02,13.537836074829102,13.687322047256806,13.201492636866769,13.201492636866769,94700
2024-02-05,13.117403984069824,13.631262581846663,12.809089003605022,13.537833421884873,220700
2024-02-06,12.949234962463379,13.266893113415275,12.855806671070109,13.126750230822012,81000
2024-02-07,12.837120056152344,12.958577632876583,12.41669053118794,12.902520838084897,215300
2024-02-08,12.360631942749023,13.070691158973718,12.295232056599016,12.9398913866737,107200
2024-02-09,12.454062461853027,12.566176946378285,12.24851879472003,12.313919578948134,134300
2024-02-12,12.986604690551758,13.080033860241839,12.482089134439837,12.482089134439837,141100
2024-02-13,12.603549003601074,12.986607065573091,12.491434514073173,12.986607065573091,66800
2024-02-14,12.4166898727417,12.865148662327256,12.369975285554736,12.734347996405084,56100
2024-02-15,12.86514949798584,12.977263979912989,12.398005377786035,12.398005377786035,123600
2024-02-16,12.734346389770508,13.02397518997658,12.68763180847731,12.949232216310076,71600
2024-02-20,12.827776908874512,13.05200676016733,12.659605634163254,12.930549183927337,115700
2024-02-21,12.388662338256836,12.893177954742075,12.360633049391703,12.827777171730135,96100
2024-02-22,12.257858276367188,12.407344211651129,11.874800344450472,12.285886666481312,272300
2024-02-23,12.211145401000977,12.29523147407091,11.986916466818872,12.145745517949507,165200
2024-02-26,12.220488548278809,12.332603015849388,12.033631102327842,12.211145453229614,105400
2024-02-27,12.323262214660645,12.463405993465267,12.108376334569675,12.173776230074449,59300
2024-02-28,12.609192848205566,12.627943006761019,12.27169804071834,12.337321807548886,83000
2024-02-29,12.721691131591797,12.93731348493674,12.63731720611146,12.674817523264293,65300
2024-03-01,12.534194946289062,13.06856198857818,12.487320440426178,12.768566581546652,86800
2024-03-04,10.46235179901123,12.534197515056073,10.265479549285448,12.524822433150792,691400
2024-03-05,11.287338256835938,11.39046145758226,10.321727340944603,10.415475461425753,322700
2024-03-06,10.977967262268066,11.44671052556891,10.865468986362682,11.44671052556891,250900
2024-03-07,10.827971458435059,11.109217644509407,10.827971458435059,10.949844835535842,127000
2024-03-08,11.081090927124023,11.174839941373014,10.790470592254504,10.790470592254504,110800
2024-03-11,11.01546573638916,11.156088345613982,10.827968626070481,11.034215894449401,89500
2024-03-12,11.324836730957031,11.343586889909723,11.015466260691928,11.081090028912772,82200
2024-03-13,11.531081199645996,11.746702610725832,11.296709634181877,11.31545889450959,105100
2024-03-14,12.065451622009277,12.243574564683144,11.61545851346719,11.61545851346719,137000
2024-03-15,12.065451622009277,12.346697761876497,11.952953344873755,12.018577116355267,86500
2024-03-18,12.94668960571289,13.059187884050932,12.093576097049938,12.15920076328976,231700
2024-03-19,13.443556785583496,13.668553334901649,12.946689182325034,12.946689182325034,172300
2024-03-20,13.443556785583496,13.621678830279498,13.01231295236196,13.331058510924418,86800
2024-03-21,12.99356460571289,13.584181300616695,12.852941966284005,13.44355866118781,114300
2024-03-22,12.5154447555542,13.12481060457235,12.449820094572734,12.99356217666619,93800
2024-03-25,12.009203910827637,12.787317728411386,11.831080953612906,12.51544664629245,247000
2024-03-26,11.606085777282715,11.981080110128273,11.484212395593655,11.88733197394539,149700
2024-03-27,11.40009593963623,11.748118566109497,11.240193530577168,11.588216157050434,223700
2024-03-28,11.381280899047852,11.437716498564765,11.19315984191766,11.353062202261714,205000
2024-04-01,11.672868728637695,11.757523038036005,11.174350002992758,11.306034583948776,145600
2024-04-02,11.682271957397461,11.992670413997542,11.52236961344862,11.832768070048703,150600
2024-04-03,11.748113632202148,11.889204408779248,11.541181928466525,11.776332325734115,90000
2024-04-04,12.133758544921875,12.20900659039213,11.63524001942457,11.757518317570598,132500
2024-04-05,12.133758544921875,12.378315141213934,12.067916729392266,12.171382567657002,113400
2024-04-08,11.96445369720459,12.312476213384668,11.908017201351864,12.133761390707427,56900
2024-04-09,11.88920783996582,12.105545837313205,11.748117022670371,12.002079955585478,95200
2024-04-10,11.77633285522461,12.143166917358085,11.748114160423865,11.889204943344726,193700
2024-04-11,11.625834465026855,11.813955486661111,11.456526801394544,11.804549256173896,206100
2024-04-12,11.456528663635254,11.992671330170497,11.37187436954492,11.7104906488786,179100
2024-04-15,11.258999824523926,11.625833822991842,11.230781134620655,11.541180444364413,91500
2024-04-16,11.136725425720215,11.306034036315998,11.023853317665617,11.259003767036305,68800
2024-04-17,10.854541778564453,11.400090602155666,10.82632398342078,11.259000729409763,102500
2024-04-18,10.892166137695312,10.995631987739511,10.657015744572309,10.82632431466969,117300
2024-04-19,11.428306579589844,11.917419735098663,10.929788091880772,10.929788091880772,255900
2024-04-22,11.052070617675781,11.625837365110241,10.835732644669058,11.343657556323686,284100
2024-04-23,11.757521629333496,11.860987496741656,11.00504006565061,11.061476564163604,188200
2024-04-24,11.588213920593262,11.823364371235352,11.418906206109849,11.823364371235352,77900
2024-04-25,11.296626091003418,11.710490424480732,11.221378030371179,11.484746242584015,266700
2024-04-26,11.475340843200684,11.597619174855387,11.287220677973336,11.287220677973336,69700
2024-04-29,11.426074028015137,11.643983787929175,11.283958142225744,11.378702066085339,103900
2024-04-30,10.895508766174316,11.426073068869536,10.895508766174316,11.426073068869536,128600
2024-05-01,10.857612609863281,11.056574132958096,10.724971293285057,10.895509999807768,77200
2024-05-02,10.961831092834473,11.066049601269,10.84813891380645,10.904985455093021,38700
2024-05-03,11.084996223449707,11.236585773298353,10.942881246352847,11.103945368953282,56700
2024-05-06,11.208165168762207,11.359754748503292,11.084998409336283,11.122895804271554,62300
2024-05-07,11.530291557312012,11.757675889056674,11.255535263900958,11.312380895064615,110400
2024-05-08,11.700830459594727,11.757676091738302,11.397650441830539,11.511342609662721,70500
2024-05-09,11.757678031921387,11.795575427452388,11.587139300259294,11.700832390397476,64900
2024-05-10,11.767149925231934,12.50614942145832,11.729252538336862,11.871367513307137,196000
2024-05-13,12.401933670043945,12.600895206594467,11.890318419420476,11.890318419420476,164500
2024-05-14,12.146125793457031,12.553523447296177,12.09875472969956,12.496676905824039,121200
2024-05-15,12.345084190368652,12.43982810085308,11.842943633308924,12.127174461217317,113300
2024-05-16,12.250341415405273,12.60089244516397,12.089277306658722,12.345084424138891,83500
2024-05-17,12.562995910644531,12.600893297410105,12.193495712021468,12.29771329974055,129500
2024-05-20,12.752484321594238,12.923023033565322,12.411407801197146,12.562997365818076,141700
2024-05-21,12.667213439941406,13.188303183223455,12.411406306339837,12.705110826532193,222700
2024-05-22,12.401933670043945,12.960920887188037,12.269292344495229,12.657740843583126,115000
2024-05-23,11.947161674499512,12.600892694350271,11.833469519643929,12.382982053218376,196700
2024-05-24,11.880842208862305,12.259816081734712,11.842944821575063,11.94716241072873,64000
2024-05-28,11.966111183166504,12.060854196659017,11.833469880023038,11.956636610753765,249100
2024-05-29,11.482922554016113,12.004012459505926,11.435550580145176,11.937692238213764,67600
2024-05-30,11.643982887268066,11.776624189702702,11.435546813026484,11.454495957750696,73200
2024-05-31,11.56806468963623,11.862248859561165,11.454187209186575,11.634493898661853,112100
2024-06-03,11.43520736694336,11.957146465147474,11.302349862213202,11.824288960417316,192400
2024-06-04,11.245412826538086,11.53010608896766,11.226432793033283,11.302351117016878,85200
2024-06-05,11.368780136108398,11.482658534232138,11.160005184589899,11.425719335170267,69500
2024-06-06,11.56806468963623,11.56806468963623,11.226432248287264,11.368778872594891,95300
2024-06-07,11.368780136108398,11.549086845622764,11.197964348958523,11.378270153455022,92300
2024-06-10,11.653473854064941,11.653473854064941,11.254902191668615,11.292861354515036,106500
2024-06-11,11.824289321899414,11.843268448859531,11.511126034406725,11.53959517735577,103000
2024-06-12,12.01408576965332,12.01408576965332,11.862249125647875,11.985616625156746,83800
2024-06-13,11.511126518249512,12.042554765718414,11.349799859727723,11.957147333281387,253800
2024-06-14,10.96071720123291,11.482656287961655,10.922758044289965,11.482656287961655,166400
2024-06-17,10.438780784606934,11.112556671450461,10.230004915509777,10.960720004840864,290000
2024-06-18,10.258475303649902,10.60010781465742,9.973781091967997,10.486230310988248,217300
2024-06-20,10.54316520690918,10.704491844617671,10.248981976982632,10.26796110229193,90400
2024-06-21,10.201534271240234,10.789901720607304,10.16357511015261,10.543166721028854,80600
2024-06-24,10.58112907409668,10.609599132264224,10.296435732565731,10.296435732565731,157700
2024-06-25,10.571636199951172,10.628574486000186,10.343880340701896,10.486227865859911,87500
2024-06-26,10.419797897338867,10.638063724624004,10.372349630771279,10.533676271150567,84500
2024-06-27,10.638065338134766,10.647555354894736,10.334392041958226,10.391330332482422,93600
2024-06-28,10.755556106567383,10.889283571899636,10.593171974992472,10.79376408394089,69500
2024-07-01,10.554963111877441,10.860626905215081,10.488098473872363,10.746002982713467,75300
2024-07-02,10.707793235778809,10.707793235778809,10.497648957175397,10.554961364412621,71300
2024-07-03,10.660035133361816,10.937043182133763,10.621827158046719,10.74600330555828,64800
2024-07-05,10.297059059143066,10.822419410425365,10.239747550828634,10.698243261144095,108800
2024-07-08,10.440340042114258,10.564516196037534,10.239747933615126,10.239747933615126,118400
2024-07-09,10.9083890914917,11.003909499817597,10.344820686459183,10.363925132504415,136200
2024-07-10,11.25225830078125,11.319122935414738,10.717346689412825,10.851074136779973,119000
2024-07-11,11.462401390075684,11.596129734235166,11.290465077720606,11.309569517293312,93400
2024-07-12,11.300020217895508,11.538820308571154,11.118532549800042,11.538820308571154,119200
2024-07-15,11.395539283752441,11.519715425672663,11.223602947101375,11.481507452077976,91500
2024-07-16,11.214051246643066,11.500611517383431,11.20449902506339,11.39553981285696,53100
2024-07-17,11.471955299377441,11.5197154943932,11.051666676378712,11.214050792862318,65100
2024-07-18,11.0421142578125,11.47195414791038,11.032562037578137,11.47195414791038,70800
2024-07-19,10.650483131408691,11.147187731696992,10.583619400966038,11.099427533830807,73300
2024-07-22,10.574065208435059,10.707793555346418,10.344817394544016,10.68868911538058,155100
2024-07-23,10.497651100158691,10.6600352243717,10.411682927228275,10.574067051441284,115600
2024-07-24,10.669587135314941,10.736450863002602,10.335266674976706,10.507203015830653,106200
2024-07-25,11.185393333435059,11.233153521163011,10.526305657828726,10.612272902599264,158000
2024-07-26,10.879732131958008,11.271364123137221,10.879732131958008,11.271364123137221,63200
2024-07-29,10.660035133361816,11.080323772777867,10.459443035220062,10.994355600581402,106100
2024-07-30,10.612274169921875,10.889282198684645,10.44033874889838,10.6886901150323,65900
2024-07-31,10.900651931762695,11.044840080748086,10.71801263187358,10.727625419599512,71300
2024-08-01,10.583436012268066,11.131352013337679,10.410409520677332,11.092901783731492,155500
2024-08-02,10.49692440032959,10.573824871511599,10.237384622545859,10.564212083432366,154300
2024-08-05,10.093195915222168,10.208546615674745,9.747143813864438,10.093195915222168,200700
2024-08-06,10.295061111450195,10.40079903709886,9.900945941538092,9.97784641777821,111100
2024-08-07,10.275835990905762,10.468088106779854,10.073972002618788,10.429637866950241,101200
2024-08-08,10.381572723388672,10.506536206562963,10.237383665852562,10.237383665852562,47400
2024-08-09,10.554597854614258,10.564210641381312,10.179708337957146,10.275833455450288,92900
2024-08-12,10.323898315429688,10.669951367009523,10.275835289740716,10.53537507842559,60200
2024-08-13,10.852588653564453,10.919876332605119,10.189321900479097,10.295059812789553,159700
2024-08-14,10.95832633972168,11.342829581210246,10.65072447991151,10.852588429593398,122100
2024-08-15,11.044839859008789,11.29476683451003,10.814138458573433,10.92948915879111,86600
2024-08-16,10.76607608795166,11.16019123334977,10.689175616494756,11.054453314278012,66500
2024-08-19,10.785301208496094,10.89103912310039,10.679562377165906,10.689175164873358,66600
2024-08-20,10.650725364685059,10.95832725004823,10.525761869574787,10.871814907334285,80800
2024-08-21,10.410409927368164,10.775687581259692,10.410409927368164,10.52576062069299,100000
2024-08-22,10.208548545837402,10.496925809856187,10.189323883823377,10.381575087593884,79100
2024-08-23,10.49692440032959,10.612275107102604,10.237384622545859,10.237384622545859,54300
2024-08-26,10.862201690673828,10.996777051847664,10.650724944467365,10.650724944467365,88500
2024-08-27,10.756462097167969,10.958326041353601,10.679561634309236,10.794912328597336,99400
2024-08-28,10.775688171386719,10.910264445998619,10.69878770495874,10.766075383901754,117400
2024-08-29,10.823752403259277,10.862202640775834,10.573825401038675,10.862202640775834,161900
2024-08-30,10.767738342285156,10.912596366316638,10.622881239232674,10.844995586710347,132800
2024-09-03,10.24625015258789,10.72910832808932,10.226936304476853,10.69047971088836,144000
2024-09-04,10.236595153808594,10.313852399265496,10.043451119187328,10.188309145153278,156400
2024-09-05,10.593912124633789,10.603568591386747,10.207624904160786,10.25591092184231,123300
2024-09-06,10.700139045715332,10.75808244256738,10.526309776138241,10.526309776138241,89000
2024-09-09,10.63254165649414,10.777398800847111,10.593913023268065,10.700141534394959,69700
2024-09-10,10.651853561401367,10.700139574333702,10.584253695883554,10.680825721748224,83400
2024-09-11,10.64219856262207,10.709798437458506,10.497340503856424,10.700141049344952,76900
2024-09-12,10.854657173156738,10.902943199853462,10.603570571117256,10.632542739722906,79300
2024-09-13,10.999512672424316,11.16368457208581,10.873969400860872,10.873969400860872,60900
2024-09-16,11.260257720947266,11.434087039356587,11.009171132351423,11.096085791556083,119700
2024-09-17,11.308538436889648,11.434081672258229,11.134709200074864,11.163681353529912,74500
2024-09-18,11.434083938598633,11.578941050670378,11.308540678346224,11.34716930296396,84300
2024-09-19,11.376139640808105,11.588597519880022,11.30853978332208,11.578940134245165,82500
2024-09-20,10.748425483703613,11.356827030439186,10.690482084547284,11.356827030439186,80000
2024-09-23,10.989853858947754,11.096082342186811,10.748424734421606,10.748424734421606,100300
2024-09-24,11.347168922424316,11.356826308499645,10.893281907653217,11.047796400942351,76400
2024-09-25,11.134713172912598,11.434085751911349,11.047798523494277,11.308542471749242,52900
2024-09-26,11.067111015319824,11.279568901053088,10.951225147005047,11.086424866216113,120700
2024-09-27,11.501683235168457,11.569283094676564,11.096082236161795,11.211968104309554,99400
2024-09-30,11.531749725341797,11.599640300468359,11.39596765014896,11.531749725341797,133700
2024-10-01,11.444461822509766,11.638435563581506,11.386269237718365,11.454160740798292,151200
2024-10-02,11.51235294342041,11.71602561238319,11.347475024501026,11.444462362079417,180200
2024-10-03,11.628734588623047,11.813010303754826,11.444459798430861,11.580240930696812,257100
2024-10-04,11.473559379577637,11.745122657957136,11.289284529055093,11.667533149848708,103300
2024-10-07,11.289280891418457,11.62873464877893,11.250486149864699,11.48325459918724,195200
2024-10-08,11.134102821350098,11.376570226953783,11.08561008018116,11.250487989986846,161000
2024-10-09,11.037115097045898,11.153499326855108,10.911031950184345,11.056512006210946,157200
2024-10-10,11.037115097045898,11.153499326855108,10.784948803322791,10.969224527558769,275600
2024-10-11,11.74512004852295,11.754818966116652,11.008019885255733,11.008019885255733,152500
2024-10-14,11.987588882446289,12.16216572039923,11.589942462611084,11.706326712933109,158900
2024-10-15,11.463859558105469,11.997288078097446,11.366873143068634,11.735423740064183,120000
2024-10-16,11.425063133239746,11.842107339123318,11.386268387920788,11.560845204325945,161700
2024-10-17,11.638434410095215,11.696626989119142,11.328076455140035,11.328076455140035,74400
2024-10-18,11.463859558105469,11.735423740064183,11.357174224083003,11.638436400087524,86700
2024-10-21,11.260187149047852,11.71602617775989,11.085611227898013,11.619038835501211,122200
2024-10-22,11.318380355834961,11.405668783633876,11.182598254265548,11.318380355834961,51300
2024-10-23,11.366874694824219,11.366874694824219,10.959529291216972,11.318381018215746,141000
2024-10-24,11.279583930969238,11.405667094119957,11.24078918268746,11.36687234583818,64100
2024-10-25,11.366874694824219,11.425066366802426,11.26018842129759,11.27958626191696,85100
2024-10-28,11.240787506103516,11.328075907953233,11.037114876767383,11.328075907953233,135500
2024-10-29,10.959527015686035,11.29898083158451,10.794649104414866,11.192295505148948,147200
2024-10-30,11.114706039428711,11.182596617808386,10.911033379349922,10.959527046023872,60300
2024-10-31,10.47291374206543,11.085534595161684,10.47291374206543,10.852155134232868,216300
2024-11-01,10.44373893737793,10.696567109814445,10.385394545195592,10.502084256927661,87300
2024-11-04,10.268704414367676,10.570152592197362,10.268704414367676,10.453462885227738,102600
2024-11-05,10.200634956359863,10.511808442761573,10.12284181660128,10.278428096118446,140600
2024-11-06,10.609048843383789,10.667394158804491,10.220083165136858,10.472911319681026,111900
2024-11-07,10.686842918395996,10.77436043553609,10.540981008074112,10.66739509645787,81100
2024-11-08,11.260566711425781,11.328635471230685,10.774359164551205,10.881324491011384,163800
2024-11-11,11.853739738464355,12.057946947894262,11.143877155959208,11.143877155959208,210500
2024-11-12,12.009328842163086,12.40801895072345,11.737051901426895,11.941259143295309,210800
2024-11-13,12.145464897155762,12.203810213698869,11.824567974587032,12.096843954597729,196000
2024-11-14,12.437191009521484,12.51498415532656,12.06767310326365,12.174639374271216,198500
2024-11-15,12.505258560180664,12.748362348944912,12.359396657869059,12.466361991073079,148000
2024-11-18,12.446914672851562,12.942846644526208,12.339948407960524,12.719190667600087,218600
2024-11-19,12.651121139526367,12.738638650128527,12.339947665455652,12.339947665455652,110800
2024-11-20,12.787261962890625,13.069262387910973,12.6705722277823,12.690020980650809,268500
2024-11-21,13.3804349899292,13.438779389647117,12.816434180029255,12.933123906832604,287300
2024-11-22,13.477672576904297,13.866639162495128,13.312361940317468,13.438776011081941,190900
2024-11-25,12.476088523864746,13.292917543823087,12.466364148063452,13.244296592184135,353800
2024-11-26,12.767810821533203,13.04008679940803,12.262154506684045,12.330224196678254,227300
2024-11-27,12.835880279541016,13.010915309912415,12.641397427665789,12.88450122435167,112700
2024-11-29,13.169001579284668,13.383289390446922,12.906010726155252,12.906010726155252,70700
2024-12-02,12.779386520385742,13.237184929641574,12.672242607119742,13.169002523828267,112500
2024-12-03,12.876791000366211,13.120300658843327,12.711204358288523,12.964454626044473,190500
2024-12-04,12.53587532043457,12.935230954798053,12.360548094064068,12.876789165284883,114400
2024-12-05,12.837827682495117,13.003414301231055,12.477433550221457,12.56509623462681,150700
2024-12-06,12.55535888671875,12.867050966249204,12.389772237239278,12.759907046139528,161200
2024-12-09,11.961194038391113,12.750165732274805,11.805348007232759,12.555358193326862,199300
2024-12-10,12.448212623596191,12.613799254265285,11.785867029835385,11.970933948804367,168000
2024-12-11,12.53587532043457,12.730682833670965,12.370288701954761,12.584577430972542,163100
2024-12-12,12.341070175170898,12.61380074603269,12.185224134678446,12.487175605903653,113900
2024-12-13,12.11704158782959,12.448214909995324,12.0975612959517,12.448214909995324,115100
2024-12-16,11.97093391418457,12.311847783144565,11.931972408781906,12.097559038972124,131000
2024-12-17,11.727426528930664,12.11704165789883,11.65924411359017,11.902753801424208,198500
2024-12-18,10.899491310119629,11.902751717134354,10.87027041279282,11.727424475342348,204400
2024-12-19,10.685203552246094,11.201443742909927,10.490396020761212,11.055338326525161,494100
2024-12-20,10.880013465881348,11.123523165782155,10.5780610292814,10.5780610292814,250500
2024-12-23,10.753384590148926,10.899489987975478,10.626759478538697,10.870269094193262,118300
2024-12-24,10.928711891174316,11.142999685709647,10.539095945907816,10.626759556815665,109700
2024-12-26,10.295588493347168,10.899492360133873,10.227406083377664,10.899492360133873,224200
2024-12-27,10.217663764953613,10.363770099060213,9.964413528967917,10.26636587632248,265900
2024-12-30,10.67546272277832,10.87027025023648,9.964414086411585,10.09103921148828,367700
2024-12-31,10.814054489135742,10.901894431447804,10.462695650671442,10.618855134433353,388700
2025-01-02,11.26301383972168,11.711972835653073,10.823815044541485,10.979974533424755,355000
2025-01-03,11.311813354492188,11.458212635399928,11.07757413272623,11.302053154222623,125000
2025-01-06,11.438694953918457,11.780293639701819,11.360615201123169,11.370374472134525,147500
2025-01-07,11.399654388427734,11.653413104281023,11.282534766314521,11.555813884578688,79700
2025-01-08,11.30205249786377,11.458211969972222,11.126372626349825,11.331332166188137,96200
2025-01-10,11.399654388427734,11.71197338072964,11.30205423794138,11.321574640352258,124800
2025-01-13,11.458210945129395,11.66317046663576,11.204451360257933,11.43869147825363,137300
2025-01-14,11.419172286987305,11.692451367605452,11.292292481147193,11.45821215564704,83300
2025-01-15,11.858373641967773,11.946213598406423,11.516774948998023,11.555814826216968,114100
2025-01-16,11.409414291381836,11.858373333097916,11.341094740724195,11.858373333097916,106000
2025-01-17,11.47773265838623,11.565572596355006,11.272773113387052,11.438692789376097,93000
2025-01-21,11.692452430725098,11.848612850346592,11.233734164960874,11.487493799713832,165900
2025-01-22,11.350852966308594,11.741251660361826,11.282533427545255,11.526532844024501,204700
2025-01-23,11.419172286987305,11.555812292688323,11.3020526810081,11.409412087126398,129300
2025-01-24,11.399654388427734,11.467973935297772,11.13613454058499,11.467973935297772,181900
2025-01-27,10.950693130493164,11.399652055437699,10.89213286602917,11.331331591765734,120100
2025-01-28,10.814054489135742,11.184933728462253,10.687174675883204,10.950694502819386,80700
2025-01-29,10.882373809814453,10.9994943510438,10.78477459983523,10.814054269750605,84300
2025-01-30,10.853094100952148,11.136133391208867,10.814054230943771,10.950694241365053,101600
2025-01-31,10.648725509643555,10.883407934293949,10.531384297318358,10.883407934293949,130700
2025-02-03,10.756287574768066,10.990969988952202,10.49226915940215,10.599832631978643,143200
2025-02-04,10.912742614746094,10.990970086837498,10.678060198471883,10.678060198471883,89500
2025-02-05,10.785624504089355,11.049642965002478,10.707397019199211,10.912744400172135,93000
2025-02-06,10.648725509643555,10.805180459410485,10.57049803476009,10.756288054472053,100200
2025-02-07,10.58027458190918,10.658502048010378,10.462933382757381,10.629166981358667,66300
2025-02-10,10.648725509643555,10.863850599300553,10.550940699766695,10.58027576971173,110800
2025-02-11,10.785624504089355,10.8638519889795,10.560720718166484,10.560720718166484,57600
2025-02-12,10.521605491638184,10.844294054430772,10.482491754710145,10.756287913206421,92300
2025-02-13,10.785624504089355,10.814960510332044,10.453157227033651,10.560720718166484,89300
2025-02-14,10.785624504089355,10.902965731424572,10.697618350451648,10.785624504089355,55400
2025-02-18,11.069198608398438,11.127869684302102,10.717174950611795,10.775846026515461,130200
2025-02-19,11.323437690734863,11.626569854703646,11.059420196673718,11.069197931605569,134900
2025-02-20,11.078975677490234,11.323436748807397,10.8834070069455,11.313658082143917,86300
2025-02-21,10.785624504089355,11.206097934782767,10.746510761644283,11.11809178114506,97600
2025-02-24,10.766066551208496,11.000748972136599,10.717174147045545,10.814958955371445,81600
2025-02-25,10.638947486877441,10.902964997472589,10.55094133916402,10.648726154966736,83900
2025-02-26,10.560720443725586,10.766067819362158,10.472714292374889,10.736731813881823,69500
2025-02-27,10.472713470458984,10.668282162253558,10.404264661467154,10.580276017809728,89300
2025-02-28,10.411011695861816,10.479569328380716,10.273895496796326,10.371835772418489,101200
2025-03-03,9.774401664733887,10.73421317956714,9.617697972686257,10.411011581211984,264400
2025-03-04,9.735224723815918,10.048633009169178,9.235731991147514,9.647079606776257,321400
2025-03-05,9.59811019897461,9.793989808335795,9.353260453766215,9.793989808335795,107300
2025-03-06,9.470788955688477,9.784196355032199,9.255320901625803,9.480583170424898,175900
2025-03-07,9.872342109680176,9.950693957056393,9.323879178046663,9.372848382136027,169500
2025-03-10,10.009459495544434,10.332661137771867,9.842961566636022,9.891931710555168,163900
2025-03-11,9.59811019897461,10.166161533135874,9.402230589613424,10.10739718331369,135200
2025-03-12,9.891931533813477,9.891931533813477,9.382643540598432,9.617699106377163,114600
2025-03-13,9.65687370300293,10.01925121713904,9.41202395555737,9.882135956347229,82000
2025-03-14,10.019250869750977,10.019250869750977,9.5197581121415,9.676461795628992,115000
2025-03-17,9.793991088867188,10.156368647071941,9.774402658356122,10.0486350813444,162800
2025-03-18,9.833166122436523,10.009458244907414,9.656873999965633,9.862547831505774,71800
2025-03-19,9.989870071411133,10.078016134898656,9.598110827052937,9.82337215905197,47800
2025-03-20,9.95069408416748,9.989870008356025,9.833166311601845,9.84296052615591,72800
2025-03-21,9.862547874450684,9.931106441281052,9.696049965620452,9.79399024164801,78500
2025-03-24,10.126986503601074,10.293484419735925,9.862548307141815,9.862548307141815,135200
2025-03-25,9.921311378479004,10.224924526951938,9.89192967179431,10.16616111358255,66400
2025-03-26,9.872342109680176,9.99966409517345,9.784196047875009,9.9898698807445,49400
2025-03-27,9.754815101623535,9.9506947353855,9.637287321366356,9.842961170323361,67600
2025-03-28,9.764609336853027,9.86254868692107,9.598111414306803,9.77440261804039,45600
2025-03-31,9.72339916229248,9.792080795440263,9.615470747957811,9.693964310331584,74500
2025-04-01,9.909821510314941,9.94906828926657,9.53697664241596,9.62528212898638,117400
2025-04-02,10.056997299194336,10.155114720302574,9.743023048795294,9.821516611395054,59600
2025-04-03,9.684152603149414,10.145302994456651,9.350554487553417,9.517353545351416,256900
2025-04-04,8.909029006958008,9.556601455701202,8.52637213464739,9.389802378210717,300900
2025-04-07,8.644112586975098,8.781475859232643,7.859175993451691,8.545995161890755,337300
2025-04-08,8.820723533630371,9.056204254772211,8.712795103702996,8.791288677416942,120400
2025-04-09,9.389801979064941,9.448672624501462,8.5852424176412,8.820723127952954,170200
2025-04-10,9.144508361816406,9.262248704396185,8.732416694928649,9.213190930109075,89700
2025-04-11,9.458483695983887,9.468294689568289,8.840346185746673,9.115073656168631,81900
2025-04-14,9.330930709838867,9.63509300922669,9.183754588704138,9.595846230734164,94500
2025-04-15,9.28187370300293,9.556601202773873,9.095451704944798,9.28187370300293,66400
2025-04-16,9.429047584533691,9.527165002747584,9.281872392929898,9.281872392929898,65300
2025-04-17,9.615470886230469,9.68415252036591,9.43885990049124,9.536977322727942,61400
2025-04-21,9.507539749145508,9.586034233624144,9.281871030384773,9.556598451050814,42700
2025-04-22,9.811704635620117,10.007938541189105,9.546788161314181,9.566412019729615,91700
2025-04-23,9.71358871459961,9.90982358618119,9.360367630043752,9.90982358618119,55700
2025-04-24,9.782270431518555,9.909822712514472,9.644906220665153,9.743023647805744,51000
2025-04-25,9.733211517333984,9.772458300237867,9.59584730931184,9.693964734430102,64400
2025-04-28,9.792080879211426,10.007938645444497,9.65471761174072,9.733211174786003,92900
2025-04-29,9.801892280578613,9.909821625740474,9.63509323416213,9.752833572388406,40000
2025-04-30,9.644590377807617,9.900205709167754,9.585601647435857,9.654421051541194,53900
2025-05-01,9.890374183654785,10.018181369530804,9.565937600942336,9.565937600942336,68400
2025-05-02,9.870712280273438,10.028014318589491,9.723241853750663,9.91986940164573,63500
2025-05-05,9.310323715209961,9.939531880695393,9.30049210322572,9.831386961651114,186300
2025-05-06,9.339816093444824,9.428298711713548,9.212007971233776,9.290658979118426,128800
2025-05-07,9.516783714294434,9.516783714294434,9.212010279188734,9.33981843342053,200500
2025-05-08,9.634758949279785,9.762567086181782,9.447962080886837,9.50695081237779,68100
2025-05-09,9.782230377197266,9.87071301473238,9.634759939701528,9.644591552226357,62100
2025-05-12,9.949363708496094,10.224642286867171,9.782230051515118,10.096835078676207,95300
2025-05-13,10.332786560058594,10.3721120652191,9.959193792236782,10.008350908085916,87300
2025-05-14,10.234474182128906,10.431101743546556,10.155823157561846,10.234474182128906,117600
2025-05-15,10.49008846282959,10.539245578126373,10.037844689768365,10.204978319221034,151300
2025-05-16,10.78503131866455,10.83418843898254,10.490089534350705,10.49992114593312,171600
2025-05-19,10.775200843811035,10.844020256959865,10.588404892009558,10.71621210568762,130900
2025-05-20,10.883344650268555,10.952164993931984,10.637559985627664,10.765368123752218,107400
2025-05-21,10.873513221740723,11.011152024328641,10.765367376742761,10.912838727850703,98500
2025-05-22,10.883344650268555,10.961995667946113,10.667054820452314,10.706380329291093,53700
2025-05-23,11.060308456420898,11.070140066738047,10.765366710064216,10.765366710064216,85900
2025-05-27,11.020983695983887,11.256936733943945,10.922669461370182,11.060309202310563,126500
2025-05-28,11.070140838623047,11.158623462459055,10.893175590951031,10.991489825789714,94100
2025-05-29,11.129129409790039,11.2274436515222,10.942333475611845,11.148792633174109,67400
2025-05-30,10.93118667602539,11.216776190449888,10.93118667602539,11.05920875217222,78600
2025-06-02,11.069058418273926,11.502367289691366,11.039514930413366,11.049363072757068,261200
2025-06-03,10.921340942382812,11.177387029456444,10.832709532305739,11.069059333064187,3721800
2025-06-04,10.744075775146484,11.09860133800739,10.635749041589218,10.901642274564479,89700
2025-06-05,10.822859764099121,10.921339302547114,10.763772792366712,10.813011622420225,56400
2025-06-06,11.009969711303711,11.295559220170086,10.832706933672721,10.832706933672721,166100
2025-06-09,11.275864601135254,11.364496003018893,11.059210167549752,11.059210167549752,96300
2025-06-10,11.275864601135254,11.462975547149721,11.206929483745995,11.403887632837117,75600
2025-06-11,11.384190559387207,11.443277525559843,11.197079641776273,11.275862889453386,175400
2025-06-12,11.364495277404785,11.531909928235578,11.266015739561798,11.344799933338473,199900
2025-06-13,11.561453819274902,11.709173131218552,11.403887304538085,11.58115010320226,150200
2025-06-16,11.650087356567383,11.945525095501292,11.522064305056999,11.679630848709568,240500
2025-06-17,11.866738319396973,11.984913192239059,11.679627399685867,11.679627399685867,166600
2025-06-18,11.886434555053711,12.024305719980465,11.817499442175572,11.906130838259166,134400
2025-06-20,11.758411407470703,12.00460930991429,11.738716063643858,11.92582605626598,81600
2025-06-23,11.866738319396973,12.152327830224616,11.847042037671423,11.847042037671423,223200
2025-06-24,11.955371856689453,12.004610691508628,11.620542520563847,11.699325783279216,102400
2025-06-25,11.866738319396973,11.984913192239059,11.600844151124475,11.955369708821138,112900
2025-06-26,12.112936973571777,12.240959995389785,11.876587212909515,11.876587212909515,118100
2025-06-27,12.270503044128418,12.408374202528218,12.172023511104214,12.191719793377226,122200
2025-06-30,12.283320426940918,12.411477173034658,12.234029226112332,12.303036343181478,87700
2025-07-01,12.431191444396973,12.46076672507164,12.145303645601208,12.224169180430982,98500
2025-07-02,12.539632797241211,12.825520608287645,12.431191977089938,12.55934871171784,205400
2025-07-03,12.72693920135498,12.776230401592006,12.559349684639963,12.569208112717657,82600
2025-07-07,13.140982627868652,13.20998973806415,12.63821412176937,12.6973637449022,265200
2025-07-08,13.278999328613281,13.53531188484771,13.081835462220846,13.160701008777819,252400
2025-07-09,12.579065322875977,13.367721629855442,12.579065322875977,13.367721629855442,214900
2025-07-10,12.628357887268066,12.815663322156013,12.480484284844621,12.539633913844291,89500
2025-07-11,12.766369819641113,12.825519437976428,12.579064418523313,12.628355610444194,120700
2025-07-14,12.618498802185059,12.805804227322298,12.539633261058704,12.76637145675912,97400
2025-07-15,12.519916534423828,12.707222901638252,12.460767848046634,12.588924588732446,85800
2025-07-16,12.283320426940918,12.539633919128397,12.253746082504351,12.510058634540371,96600
2025-07-17,12.52977466583252,12.579065863415224,12.135446965473678,12.184737222904985,142600
2025-07-18,12.52977466583252,12.766371286047825,12.273461190523573,12.667789831033813,88200
2025-07-21,12.49034309387207,12.539634296182793,12.30303671312162,12.52977586769035,86300
2025-07-22,12.450907707214355,12.53963166472452,12.42133336809473,12.42133336809473,110300
2025-07-23,12.618498802185059,12.795945799643652,12.470625207459587,12.51991640570141,231800
2025-07-24,12.825521469116211,12.924102928418737,12.470625583203093,12.648073526159651,102000
2025-07-25,12.845235824584961,13.09169085313115,12.825519911179954,12.825519911179954,102000
2025-07-28,13.328289985656738,13.42687144474919,12.815663013830816,12.914245413074704,138600
2025-07-29,13.407155990600586,13.466304680062263,13.140984067568631,13.34800636098744,89700
2025-07-30,13.33814811706543,13.505737639775873,13.26914099835577,13.42687209263584,99600
2025-07-31,13.214783668518066,13.372689816115837,13.125961225195601,13.27399800326979,49500
2025-08-01,13.106221199035645,13.16543646916694,12.780539566300492,13.135829304698687,108900
2025-08-04,13.74771785736084,13.797062824276333,12.879233074680405,13.106222934315392,241300
2025-08-05,14.734631538391113,14.793845872288667,13.747717188946455,13.747717188946455,269400
2025-08-06,14.951750755310059,14.951750755310059,14.507639523792937,14.803713991869282,210100
2025-08-07,15.39586353302002,15.691937071536122,14.705022766629579,14.951751342856214,228700
2025-08-08,16.05709457397461,16.05709457397461,15.089918163240682,15.356385450477847,175100
2025-08-11,16.165658950805664,16.432126322014287,15.534034262657864,16.096575235838255,192300
2025-08-12,16.205135345458984,16.432125217201698,15.968276103328773,16.215004715846483,173800
2025-08-13,15.711676597595215,16.264348108998938,15.228088789818239,16.264348108998938,288600
2025-08-14,15.612984657287598,16.145919307836802,15.484685679325182,15.652461193491813,156700
2025-08-15,15.672198295593262,15.958403388485047,15.14913401021064,15.61298302687317,131900
2025-08-18,14.803714752197266,15.593246393886753,14.803714752197266,15.593246393886753,197800
2025-08-19,15.435338973999023,15.474815505750643,14.616200234256867,14.72476046127513,223000
2025-08-20,15.909059524536133,16.28408613453457,15.50442386634707,15.593246304944795,232900
2025-08-21,15.47481632232666,15.988012203372811,15.435339788491941,15.879451029431229,85100
2025-08-22,16.234743118286133,16.234743118286133,15.52416352431419,15.52416352431419,99300
2025-08-25,16.392650604248047,16.76767728958557,16.136052605905515,16.14592197688677,245300
2025-08-26,16.24460792541504,16.797281270056235,16.09657116189634,16.432122163146502,122600
2025-08-27,16.24460792541504,16.47159963735926,16.09657116189634,16.234740439251425,57000
2025-08-28,16.372909545898438,16.609768768768372,16.145919692613475,16.244609623683615,67100
2025-08-29,16.556652069091797,16.71471064716658,16.102232243971642,16.30968530532409,71500
2025-09-02,17.47536849975586,17.55439778774396,16.46774366475246,16.46774366475246,238600
2025-09-03,17.099979400634766,17.445733271114207,16.872770414168023,17.425975476410922,234400
2025-09-04,17.71245574951172,17.949543605254604,17.090098479505706,17.090098479505706,189800
2025-09-05,17.761850357055664,18.077967533834208,17.44573318027712,17.71245775476164,157300
2025-09-08,17.593914031982422,18.24590622314983,17.45561322907028,17.732216719101686,163000
2025-09-09,17.939664840698242,18.038451919034287,17.485246918241955,17.613668801134054,112100
2025-09-10,18.077966690063477,18.24590416791464,17.88039440590187,17.97918149008613,152200
2025-09-11,17.80136489868164,18.127360953576172,17.663062228824614,18.058210560751103,42400
2025-09-12,17.47536849975586,18.01869461914818,17.39633921176776,17.781606755183887,73800
2025-09-15,18.058210372924805,18.571899807513873,17.465489765406943,17.465489765406943,150500
2025-09-16,18.265663146972656,18.265663146972656,17.791487373164106,17.959424861913845,110400
2025-09-17,18.12735939025879,18.56202138736821,18.048330107530415,18.26566016398176,87800
2025-09-18,17.99893569946289,18.17675205735748,17.781605642151025,18.17675205735748,61300
2025-09-19,17.574155807495117,17.919907769273884,17.30743125051703,17.919907769273884,110100
2025-09-22,17.771726608276367,17.919906277302573,17.29755091370983,17.554396552651717,71700
2025-09-23,18.60153579711914,19.28316456431554,17.712455861414632,17.781606250917335,273800
2025-09-24,18.305177688598633,19.016441308579044,18.285419894769667,18.83862493253221,137100
2025-09-25,18.473115921020508,18.482992934130824,18.077967565155703,18.305178435040066,72800
2025-09-26,18.285419464111328,18.848503385526595,18.285419464111328,18.522507331854236,51900
2025-09-29,17.781606674194336,18.650928838103937,17.61366920245867,18.334811687591355,116000
2025-09-30,18.14449691772461,18.38310925237163,17.46842768806358,17.79651988524352,109000
2025-10-01,18.243921279907227,18.532243839388276,17.597679229448683,18.045076696848067,197900
2025-10-02,17.687156677246094,18.24391877862699,17.647387007557775,18.14449650072842,102700
2025-10-03,17.806461334228516,18.164380764889483,17.647386453117456,17.647386453117456,80800
2025-10-06,17.557907104492188,18.084843848650912,17.299409941111808,17.8561720411422,159900
2025-10-07,16.98126220703125,17.627504244855444,16.98126220703125,17.448544502865445,131600
2025-10-08,16.881837844848633,17.050855147497412,16.78241556746896,16.981260122228303,133900
2025-10-09,16.842071533203125,16.96137675935397,16.563689511647187,16.82218669673719,83900
2025-10-10,17.29941177368164,17.74681112237301,16.60345954900025,16.97131955008211,251100
2025-10-13,17.716983795166016,18.005308240113877,17.478371442272483,17.547966474826126,104800
2025-10-14,17.448543548583984,17.88600046104311,17.36900610052981,17.547965832732288,154200
2025-10-15,17.160221099853516,17.806463105698644,17.04091397898991,17.57779317839261,132400
2025-10-16,17.07073974609375,17.259641880869772,16.65316770393328,17.259641880869772,108700
2025-10-17,16.842071533203125,17.14033649490262,16.692939052353378,16.96137675935397,96700
2025-10-20,17.816404342651367,17.8760569509673,16.941492467502865,16.941492467502865,120100
2025-10-21,17.209932327270508,17.895944046697537,17.180106967505722,17.836291430845503,43100
2025-10-22,17.110509872436523,17.796521585280324,17.080684512957955,17.329239288999084,117500
2025-10-23,18.38311004638672,18.38311004638672,17.27952629169556,17.27952629169556,168000
2025-10-24,17.91582679748535,18.38310904382782,17.74680949198748,18.34334126999892,71300
2025-10-27,18.005308151245117,18.383110567381223,17.786578739930484,17.85617377214063,46400
2025-10-28,17.89594268798828,18.074902418279738,17.528080809464477,17.995364971074903,64100
2025-10-29,17.96553611755371,18.383108152277956,17.83628848847528,17.915825928597886,50700
2025-10-30,18.323457717895508,18.39305274921067,17.78657851119732,17.945653410295513,101800
2025-10-31,18.373220443725586,18.572281022742125,18.11444434873941,18.363269123318897,81600
2025-11-03,18.671812057495117,18.681765276681443,18.164209269287223,18.32345697950353,78300
2025-11-04,18.204023361206055,18.582236223621017,18.114446280932036,18.413035282923712,42900
2025-11-05,17.77604103088379,18.194066693483613,17.666557531656007,18.124394167731797,49400
2025-11-06,17.785995483398438,17.95519640377574,17.666558757915844,17.70637163253749,34300
2025-11-07,19.298847198486328,19.338660070114056,17.955195053548067,18.154253716540083,200600
2025-11-10,19.64720344543457,19.677063100999987,18.91068236026183,19.4580960902849,144300
2025-11-11,19.44814682006836,19.896030310464646,19.428240380926518,19.55762843858344,65100
2025-11-12,19.398380279541016,19.55762799227665,19.010214217045714,19.448146376259952,80200
2025-11-13,19.239131927490234,19.458097050629917,19.050024563007263,19.44814572999929,46900
2025-11-14,20.343914031982422,20.36381857111049,18.910682803731497,18.910682803731497,176800
2025-11-17,18.890777587890625,20.294149250632167,18.890777587890625,19.89602996658891,148600
2025-11-18,18.66185760498047,18.910682373046875,18.452845711028203,18.691717260566072,67500
2025-11-19,18.572282791137695,18.651906650649376,17.975102895608828,18.48270571188924,126000
2025-11-20,18.084585189819336,19.07988431551466,18.06467875169365,18.741482460907655,75500
2025-11-21,17.955198287963867,18.512565302479643,17.756137690731244,17.955198287963867,92900
2025-11-24,18.462797164916992,18.64195130296375,17.91538343055842,18.02486693678307,63000
2025-11-25,17.815853118896484,18.58223386467032,17.328156798417407,18.47275035859339,89600
2025-11-26,17.586933135986328,18.40307799971784,17.507309293143795,17.815851446860844,55200
2025-11-28,17.785213470458984,17.934668662561826,17.49626511869107,17.546084783009267,20200
2025-12-01,17.80514144897461,18.23357916226983,17.47633926409518,17.795177516047854,64500
2025-12-02,17.346811294555664,17.83503264081982,17.067826853650708,17.79517880664827,87400
2025-12-03,18.084125518798828,18.432855599413482,17.366739390434493,17.46637682781383,136900
2025-12-04,18.402963638305664,18.522528942208066,18.104053229188708,18.104053229188708,36900
2025-12-05,18.602235794067383,19.29969584736223,18.392997017908627,18.562380065113047,139800
2025-12-08,18.25350570678711,19.130312736612463,18.044268831749132,18.462744482250837,84300
2025-12-09,18.25350570678711,18.45278055004535,17.994449170721698,18.303325367814544,37600
2025-12-10,17.974525451660156,18.66201975587143,17.835032283787125,18.303327653803894,125900
2025-12-11,17.595903396606445,18.074160794600896,17.57597552991685,17.84499602894847,38700
2025-12-12,17.406593322753906,17.95459828120067,17.25713811605972,17.655685967386237,86400
2025-12-15,17.177427291870117,17.506229482765725,16.85858903408358,17.43648385142816,99900
2025-12-16,16.47000503540039,17.07778974760325,16.19102061148002,16.96819028498439,105800
2025-12-17,16.9781551361084,17.127610338980098,16.559679427812036,16.579605394549187,41500
2025-12-18,16.80877113342285,17.10768152258092,16.569640541585308,16.978154194059332,46800
2025-12-19,16.669279098510742,17.127610546691752,16.579605595615025,16.98811737528395,78600
2025-12-22,17.23720932006836,17.536121617784723,16.579604925688702,16.669278424961018,77700
2025-12-23,17.09771728515625,17.735393784234528,17.077789419453584,17.277064275628483,40900
2025-12-24,17.09771728515625,17.476339131803382,16.9980798570688,17.08775335230492,24200
2025-12-26,16.90840721130371,17.207319510583282,16.719098178895212,17.05786431115648,40000
2025-12-29,17.08775520324707,17.267102213146135,16.77888085310206,16.77888085310206,47000
2025-12-30,16.938297271728516,17.267099436868566,16.938297271728516,17.17742594633712,44500
2025-12-31,16.931318283081055,17.21051621434625,16.901405509578566,16.901405509578566,57400
2026-01-02,17.539569854736328,17.778881549684122,16.90140533487554,16.90140533487554,72100
2026-01-05,17.34014129638672,17.69910976501113,17.011087500774394,17.619339205525723,121300
2026-01-06,17.808795928955078,17.82873714345929,17.03103150688313,17.389999994282533,44900
2026-01-07,17.280315399169922,17.838709365554987,17.280315399169922,17.699111349428804,67100
2026-01-08,17.489715576171875,17.75894006911688,17.090860812631718,17.210517622069858,28900
2026-01-09,17.559511184692383,17.649253298901176,17.22048584254363,17.639281741557966,48200
2026-01-12,17.75893783569336,17.958365192382786,17.489713376606925,17.529597706816677,42900
2026-01-13,18.078020095825195,18.19767689028726,17.748966288404798,17.83870840878129,34000
2026-01-14,18.5566463470459,18.69624436302142,18.078021045923503,18.197677846674182,94000
2026-01-15,18.347248077392578,18.885700847207943,18.19767849751511,18.506789216179264,45400
2026-01-16,18.566617965698242,18.69624442354078,18.147822014535716,18.18770634699483,39500
2026-01-20,18.70621681213379,19.214754911243936,18.546675671457713,18.596531564713832,79100
2026-01-21,18.885700225830078,19.284553059673726,18.676301299386953,18.885700225830078,57700
2026-01-22,18.7161865234375,19.065183447417446,18.44696016192038,18.955498210825976,46200
2026-01-23,18.70621681213379,18.95550008217521,18.686273694079176,18.905642287038674,42000
2026-01-26,19.035268783569336,19.164895234436347,18.716186533545706,18.825869868316186,120200
2026-01-27,18.766042709350586,19.18483864439145,18.74609959294858,19.105068080663678,60800
2026-01-28,18.855785369873047,18.965470611336862,18.49681687190443,18.895671603816368,48800
2026-01-29,18.486846923828125,19.125011441817175,18.407074457199208,19.065183993725775,122400
2026-01-30,18.237024307250977,18.486846558035236,17.62745740541978,18.486846558035236,78900
2026-02-02,18.12710189819336,18.476853430320133,17.637450515612883,18.03716573547526,135900
2026-02-03,18.117107391357422,18.41689521277955,17.977207551622516,18.127100509337396,42400
2026-02-04,18.706689834594727,18.76664854832203,18.1370953961332,18.187060990905955,39700
2026-02-05,18.197052001953125,18.726675864712284,18.137095194883656,18.52681920581654,34200
2026-02-06,18.406902313232422,18.56678839082463,18.237023117541654,18.237023117541654,36600
2026-02-09,18.836597442626953,18.98649040674487,18.436882236315025,18.436882236315025,46600
2026-02-10,18.43688201904297,18.916540260964684,18.227030346956955,18.756654180324112,78700
2026-02-11,19.146377563476562,19.27628620406174,18.46686072162579,18.49684007852834,98000
2026-02-12,18.526819229125977,19.276285989411154,18.406903708843632,19.276285989411154,57600
2026-02-13,18.846590042114258,18.986489883973338,18.57678157053541,18.616752137069835,45900
2026-02-17,18.586774826049805,18.87656763004165,18.17706650958355,18.81661082680065,67800
2026-02-18,18.806617736816406,18.986490052801734,18.716681578823742,18.766647169926564,24700
2026-02-19,19.546091079711914,19.636027236547395,18.646731417349514,18.886560533579996,92300
2026-02-20,19.306262969970703,19.636028260228247,19.006477035552024,19.636028260228247,65800
2026-02-23,19.76593589782715,20.145664855976875,19.356227585352816,19.356227585352816,187100
2026-02-24,19.57607078552246,19.845879260873946,18.98649014945474,19.45615527225766,75700
2026-02-25,20.04573631286621,20.48542399572054,19.6360279854312,19.705977908750473,177500
2026-02-26,19.676000595092773,20.22560877295877,19.61604188384041,20.17564508624094,64800
2026-02-27,19.790000915527344,19.989999771118164,19.5,19.65999984741211,39200
2026-03-02,20.34000015258789,20.649999618530273,19.850000381469727,20.270000457763672,144900
2026-03-03,20.049999237060547,20.709999084472656,19.889999389648438,20.329999923706055,75100
2026-03-04,20.809999465942383,20.979999542236328,19.75,20.059999465942383,94600
2026-03-05,20.65999984741211,20.889999389648438,20.389999389648438,20.81999969482422,53000
2026-03-06,20.479999542236328,20.969999313354492,20.34000015258789,20.690000534057617,64400
2026-03-09,20.450000762939453,20.899999618530273,20.079999923706055,20.65999984741211,90700
2026-03-10,19.899999618530273,20.5,19.610000610351562,20.5,122800
2026-03-11,20.770000457763672,20.799999237060547,19.600000381469727,19.860000610351562,235300
2026-03-12,20.649999618530273,21.420000076293945,20.56999969482422,20.770000457763672,109270
