date,close,high,low,open,volume
2021-03-15,16.3391056060791,16.37905390847898,16.147349487555537,16.37905390847898,212800
2021-03-16,16.155332565307617,16.32311871650084,16.0674460327106,16.32311871650084,300700
2021-03-17,16.147348403930664,16.18729822757962,16.02750198084369,16.139359963130822,162900
2021-03-18,16.075439453125,16.339102155500647,16.05146956238913,16.21925422575103,190300
2021-03-19,16.05945587158203,16.163322326609496,15.883679760710253,16.083424232934085,205100
2021-03-22,15.976895332336426,16.09714260621761,15.880696595815252,16.09714260621761,167300
2021-03-23,15.752429008483887,15.936808221277609,15.696313728853337,15.880692941647059,175100
2021-03-24,15.832600593566895,16.04102994942118,15.816567213341036,15.816567213341036,166400
2021-03-25,16.073083877563477,16.121183984414994,15.6963088813839,15.808539405985004,176000
2021-03-26,16.32160758972168,16.345656130447427,16.145243469587495,16.16127684942283,214800
2021-03-29,16.305564880371094,16.38573020465252,16.201349500097326,16.23341624142045,117700
2021-03-30,16.281511306762695,16.345643246526873,16.225396050597297,16.32961140835537,160400
2021-03-31,16.233413696289062,16.32159569207579,16.20936364406737,16.273495587632404,245900
2021-04-01,16.32160758972168,16.32160758972168,16.09714485910874,16.233425529654586,223300
2021-04-05,16.425811767578125,16.4899437198912,16.36969650043248,16.393746555934765,315800
2021-04-06,16.409786224365234,16.47391820726791,16.361687619444996,16.361687619444996,217500
2021-04-07,16.43383026123047,16.489945534551403,16.38573167395917,16.40978020308156,305500
2021-04-08,16.377710342407227,16.43382559981119,16.305561717451823,16.43382559981119,217500
2021-04-09,16.417795181274414,16.473910448757973,16.34564654335945,16.39374665465367,171400
2021-04-12,16.48193359375,16.50598365882307,16.441851680988513,16.449868369346206,155900
2021-04-13,16.369707107543945,16.449872482136794,16.305575113675136,16.449872482136794,173900
2021-04-14,16.497966766357422,16.546065366881535,16.35366943575814,16.369702812275158,203000
2021-04-15,16.57813262939453,16.57813262939453,16.45788535987534,16.5540825638799,173800
2021-04-16,16.658287048339844,16.698368935521295,16.602170265649434,16.650270365098358,209900
2021-04-19,16.59878158569336,16.68724457791778,16.55052974170661,16.68724457791778,213900
2021-04-20,16.470115661621094,16.542494223916915,16.413821565146364,16.502284593263276,169400
2021-04-21,16.663116455078125,16.679200912989092,16.46206533288602,16.47814979079699,126800
2021-04-22,16.45402717590332,16.70333173352516,16.45402717590332,16.70333173352516,106900
2021-04-23,16.582700729370117,16.630952579377393,16.45402657285296,16.4942377261079,90500
2021-04-26,16.502275466918945,16.630948054528982,16.470106553067318,16.58269621764978,163500
2021-04-27,16.478147506713867,16.50227419023605,16.421853445726892,16.478147506713867,95000
2021-04-28,16.56661605834961,16.60682567719688,16.494237517305617,16.494237517305617,137100
2021-04-29,16.703330993652344,16.735498382111746,16.606825760476855,16.606825760476855,151800
2021-04-30,16.606822967529297,16.671159267526615,16.56661335524287,16.671159267526615,95600
2021-05-03,16.832008361816406,16.92047138934845,16.711377936753944,16.743545334284363,201500
2021-05-04,16.928510665893555,16.928510665893555,16.79179578660377,16.83200694751191,174700
2021-05-05,17.049137115478516,17.049137115478516,16.848085977484185,16.97675858308868,218000
2021-05-06,17.24213981628418,17.24213981628418,17.000877617212332,17.041088750673257,138600
2021-05-07,17.282360076904297,17.290402308557532,17.089351118923144,17.16172966990343,140000
2021-05-10,17.394947052001953,17.571873068367598,17.3627796615074,17.3627796615074,585800
2021-05-11,17.169776916503906,17.306491826742928,17.081313876378864,17.274322890734076,251500
2021-05-12,16.888303756713867,17.21802765972825,16.856134822810418,17.16977579277227,247400
2021-05-13,17.209980010986328,17.274316324650066,16.80787766711329,16.8239621290039,176900
2021-05-14,17.346691131591797,17.386902277654087,17.282354831790514,17.306481519427887,126700
2021-05-17,17.35472869873047,17.411022754196786,17.29039241621211,17.346686471678428,1074800
2021-05-18,17.16172981262207,17.28236022062611,17.153687580901952,17.25823352546576,283300
2021-05-19,17.049137115478516,17.049137115478516,16.80787482954625,17.008925967540577,178000
2021-05-20,17.08130645751953,17.137600537185726,16.952633837168616,17.049139069381116,142900
2021-05-21,17.145647048950195,17.242152305259985,17.065226257675207,17.145647048950195,263700
2021-05-24,17.18193244934082,17.230333368574666,17.12546624882324,17.222266548702358,142300
2021-05-25,16.931875228881836,17.19807425673603,16.915741581475086,17.190007433032655,213500
2021-05-26,17.004478454589844,17.020612105175953,16.859278676494064,16.93994539083501,224700
2021-05-27,17.036746978759766,17.141612637918143,17.028680152887627,17.101280047147164,142800
2021-05-28,17.060943603515625,17.12547666314929,16.988343719104066,17.12547666314929,873000
2021-06-01,17.18193244934082,17.20613290895774,17.109332609078624,17.141599888567853,739800
2021-06-02,17.198083877563477,17.230351190427726,17.109350305776953,17.198083877563477,194200
2021-06-03,17.2384033203125,17.25453542439942,17.109335717495206,17.141603002846743,130200
2021-06-04,17.254545211791992,17.28681251544669,17.173880029834688,17.26261203770567,103700
2021-06-07,17.246471405029297,17.302939163568585,17.214205653024518,17.270671872974706,122200
2021-06-08,17.22228240966797,17.262615007585488,17.11741519333844,17.262615007585488,1373900
2021-06-09,17.19000816345215,17.238409107729,17.165809229903086,17.22227545963672,107700
2021-06-10,17.19000816345215,17.294875337462635,17.181941339406006,17.262608041278064,128500
2021-06-11,17.22228240966797,17.254548180283987,17.16581615714745,17.214215582366467,97200
2021-06-14,17.101282119750977,17.254547214127562,17.044814331802343,17.230348272168047,163500
2021-06-15,17.19000816345215,17.25454121723192,17.093209352077167,17.1496755818108,143900
2021-06-16,17.085145950317383,17.1900116067439,17.020612883611136,17.1900116067439,134000
2021-06-17,16.754409790039062,17.10127551772199,16.697943562479388,17.10127551772199,168300
2021-06-18,16.334943771362305,16.633410087620796,16.326876947832154,16.633410087620796,205700
2021-06-21,16.71125030517578,16.71125030517578,16.44419406170776,16.460379662777065,141700
2021-06-22,16.678884506225586,16.75171818434795,16.58986522328842,16.71125417231095,83400
2021-06-23,16.61414337158203,16.70316110958764,16.61414337158203,16.70316110958764,128800
2021-06-24,16.72743797302246,16.759807635616667,16.58986343402295,16.670789905824556,139100
2021-06-25,16.889293670654297,16.913570535672605,16.727440700658757,16.735533503512965,110500
2021-06-28,16.71933937072754,16.873099459449257,16.6707841219104,16.86500666072248,148800
2021-06-29,16.606050491333008,16.800273114539078,16.606050491333008,16.727439437893775,120900
2021-06-30,16.71933937072754,16.735524968181092,16.60604327563971,16.60604327563971,135100
2021-07-01,16.81645393371582,16.88928758963549,16.74362027779615,16.784082733954296,322300
2021-07-02,16.800262451171875,16.83263209605531,16.71933602364846,16.816448045385204,763500
2021-07-06,16.573680877685547,16.784089125631347,16.428013510373503,16.784089125631347,241400
2021-07-07,16.565584182739258,16.59795538722301,16.476566457496915,16.55749138161832,183900
2021-07-08,16.395641326904297,16.484660602950193,16.32280765442022,16.387548525123385,173200
2021-07-09,16.630321502685547,16.654599900872363,16.492747000047572,16.492747000047572,225200
2021-07-12,16.686975479125977,16.695066737102046,16.525122535811487,16.606049007468734,248600
2021-07-13,16.476564407348633,16.638415778996567,16.468471607234665,16.6303229788826,137700
2021-07-14,16.484655380249023,16.573673084548044,16.41991453005718,16.525117832790066,314000
2021-07-15,16.508934020996094,16.508934020996094,16.355173906321287,16.3713595065068,121200
2021-07-16,16.363265991210938,16.549397298121374,16.338989135537545,16.549397298121374,138600
2021-07-19,16.034467697143555,16.19684267297934,15.888330528595857,16.19684267297934,231900
2021-07-20,16.253665924072266,16.37544632530017,16.03446027274894,16.075053223650972,240800
2021-07-21,16.334857940673828,16.464757278098798,16.318620136365144,16.326739038519484,542000
2021-07-22,16.204954147338867,16.326736109282418,16.15624229167463,16.326736109282418,116500
2021-07-23,16.302383422851562,16.33485903364188,16.188721882130164,16.253671555188443,94400
2021-07-26,16.407917022705078,16.47286820850787,16.2780177481425,16.2780177481425,191700
2021-07-27,16.440401077270508,16.456638882078593,16.221195357928217,16.342975796944277,167500
2021-07-28,16.456634521484375,16.521584174984405,16.31861631423158,16.489108573973446,172800
2021-07-29,16.537826538085938,16.61089356347517,16.513469830607985,16.537826538085938,434000
2021-07-30,16.416040420532227,16.619008286234504,16.36732856634982,16.52970347832041,90000
2021-08-02,16.391685485839844,16.643365209073842,16.37544768472231,16.48099029494239,195400
2021-08-03,16.529708862304688,16.54594511997261,16.278027511921536,16.39980950982674,579700
2021-08-04,16.278018951416016,16.440393830882762,16.26990160111213,16.440393830882762,224900
2021-08-05,16.351089477539062,16.367327277161518,16.28613982757103,16.29425872738226,129900
2021-08-06,16.489110946655273,16.54594170808016,16.391687226647498,16.391687226647498,107800
2021-08-09,16.456634521484375,16.489108573973446,16.391684867984345,16.489108573973446,130900
2021-08-10,16.58654022216797,16.602778028932704,16.407927444800855,16.480996026719676,180500
2021-08-11,16.7164306640625,16.7164306640625,16.562174679110026,16.586531376267256,136600
2021-08-12,16.7164306640625,16.75702361080289,16.651481020164876,16.75702361080289,128100
2021-08-13,16.7489070892334,16.773263789848027,16.70019523652602,16.72455193714065,119800
2021-08-16,16.72454833984375,16.81385312584499,16.619004208403815,16.708310542926597,139800
2021-08-17,16.7164306640625,16.75702361080289,16.554055780057617,16.70019286595768,127500
2021-08-18,16.513471603393555,16.700201735203798,16.480995989936567,16.692082831839553,100400
2021-08-19,16.367326736450195,16.4972260320949,16.278020389998805,16.440395283815562,248900
2021-08-20,16.464757919311523,16.513469785612386,16.278026259533977,16.334858576827678,93200
2021-08-23,16.5600528717041,16.608926178738464,16.551907061589304,16.600780368623667,113000
2021-08-24,16.551908493041992,16.584491736319062,16.511180992600202,16.56820011468053,91500
2021-08-25,16.625228881835938,16.690393852540787,16.511190571516316,16.59264717331124,108300
2021-08-26,16.462303161621094,16.600778813289967,16.454158905923755,16.584488748241014,98400
2021-08-27,16.649658203125,16.69038570731895,16.511182513749006,16.51932832531873,88700
2021-08-30,16.5600528717041,16.657801039427245,16.5600528717041,16.657801039427245,111600
2021-08-31,16.608928680419922,16.657803548470365,16.527473674311818,16.58449280004935,132400
2021-09-01,16.5926456451416,16.674100685779127,16.511189050848767,16.674100685779127,145300
2021-09-02,16.731117248535156,16.731117248535156,16.608931610508144,16.608931610508144,95200
2021-09-03,16.64151954650879,16.739266220061925,16.62522791636481,16.739266220061925,123000
2021-09-07,16.511184692382812,16.641514587385977,16.503038879738252,16.641514587385977,124100
2021-09-08,16.527481079101562,16.568208600402723,16.47860618915375,16.494897819136355,145600
2021-09-09,16.454164505004883,16.56005695530076,16.42972706863439,16.51932944833807,128400
2021-09-10,16.307540893554688,16.535617389015428,16.29939508248043,16.535617389015428,110500
2021-09-13,16.405290603637695,16.503038801252647,16.340125656446027,16.429728041455157,161400
2021-09-14,16.226091384887695,16.462313794034895,16.16907223625407,16.454169533077472,134000
2021-09-15,16.413433074951172,16.429724696846318,16.234229895068307,16.234229895068307,148300
2021-09-16,16.274965286254883,16.454170106670826,16.226091950530233,16.429732661980836,170100
2021-09-17,16.17721176147461,16.307541637297483,16.160920138583084,16.283104202960192,155600
2021-09-20,15.938545227050781,15.995760268170553,15.750552503659259,15.922197627018576,301100
2021-09-21,15.840456008911133,16.044796265552876,15.832283770558806,15.99575504047674,142300
2021-09-22,15.995756149291992,16.126533797888733,15.938541122904986,15.938541122904986,203700
2021-09-23,16.20009994506836,16.306357782044127,16.05297466863599,16.07749606770568,234600
2021-09-24,16.216447830200195,16.290010469712634,16.19192643069841,16.19192643069841,163600
2021-09-27,16.4371395111084,16.559743418694858,16.27366659499761,16.27366659499761,194200
2021-09-28,16.314529418945312,16.535217325426274,16.29000957977598,16.478002288707394,156900
2021-09-29,16.469833374023438,16.527048427711435,16.273666807524602,16.36357706845905,93500
2021-09-30,16.19192123413086,16.53521292201668,16.19192123413086,16.53521292201668,280900
2021-10-01,16.420791625976562,16.50252808262965,16.183756057581927,16.265492514235017,148500
2021-10-04,16.559734344482422,16.641470757748838,16.42078290962724,16.42078290962724,177700
2021-10-05,16.59243392944336,16.715039372842472,16.5433926874795,16.657822771726167,148100
2021-10-06,16.625125885009766,16.63329968357379,16.33904917123967,16.510695823098793,183900
2021-10-07,16.69052505493164,16.796781384108346,16.682351251303643,16.739566317705997,139100
2021-10-08,16.747739791870117,16.796781053679723,16.690524726593306,16.72321838146851,185200
2021-10-11,16.633304595947266,16.829471142440358,16.633304595947266,16.764082293609327,131500
2021-10-12,16.649654388427734,16.706869443808287,16.60061157610726,16.666000433541225,123100
2021-10-13,16.625125885009766,16.67416711740123,16.445306993579287,16.608778287881723,144900
2021-10-14,16.8458194732666,16.86216551693676,16.69869416728281,16.71504176994616,180300
2021-10-15,16.829465866088867,16.97659111958046,16.829465866088867,16.919376089665427,135500
2021-10-18,16.705636978149414,16.820451847284065,16.697435692606188,16.812250561740836,112800
2021-10-19,16.82044792175293,16.82044792175293,16.722034082437137,16.75483921695404,107500
2021-10-20,17.025466918945312,17.050070757692776,16.812238342503033,16.82043962208552,152400
2021-10-21,16.935260772705078,17.01727203511886,16.83684850919632,16.98446690445946,139300
2021-10-22,16.992673873901367,17.009076444720364,16.902462862867395,16.984472588491872,115800
2021-10-25,17.033679962158203,17.05828225366212,16.95166867392964,16.959869959176018,104500
2021-10-26,17.01726722717285,17.099278466415722,17.01726722717285,17.03366978786828,81900
2021-10-27,16.705636978149414,17.04188186424541,16.697435692606188,17.04188186424541,143800
2021-10-28,16.80405044555664,16.81225173167058,16.730240434766575,16.738441720880513,205900
2021-10-29,16.697439193725586,16.853258959013395,16.640031747121068,16.853258959013395,237800
2021-11-01,16.943470001220703,16.95167128773165,16.738442531153428,16.738442531153428,119500
2021-11-02,16.86965560913086,16.97627074187075,16.82865075145247,16.97627074187075,113100
2021-11-03,17.01726722717285,17.050072348563713,16.78763607013967,16.828642471878247,114500
2021-11-04,16.86965560913086,17.050080737079885,16.754840756243336,17.050080737079885,132900
2021-11-05,17.04188346862793,17.09929090859979,16.93526831076411,16.93526831076411,181700
2021-11-08,16.984472274780273,17.09928870415727,16.951668697983433,17.058282277867193,127700
2021-11-09,16.97626495361328,17.000867234137854,16.87785113881143,17.000867234137854,136900
2021-11-10,17.00086784362793,17.058275252556047,16.951661716580197,16.984465279867162,99400
2021-11-11,17.05828094482422,17.07468351405845,16.959868657889036,17.00907480135663,59000
2021-11-12,17.050081253051758,17.115689965863666,17.009074829897376,17.091086111971038,116700
2021-11-15,17.1320858001709,17.148488364482112,17.058275825005065,17.12388451801529,76200
2021-11-16,17.04188346862793,17.156698348571652,17.04188346862793,17.132094489625675,89600
2021-11-17,16.97626495361328,17.017269797310583,16.927057264095094,17.017269797310583,74100
2021-11-18,16.836851119995117,16.98446953814864,16.795844700312223,16.97626981844703,90800
2021-11-19,16.66462516784668,16.779439999896738,16.63182160050442,16.779439999896738,119900
2021-11-22,16.846506118774414,16.97818362238198,16.69014006431522,16.73128869554771,127300
2021-11-23,17.027557373046875,17.0604759515412,16.912338424019083,16.912338424019083,346400
2021-11-24,16.994644165039062,17.044022837805148,16.961725573101575,17.019334286281957,120500
2021-11-26,16.550233840942383,16.624302638846014,16.418556326829208,16.624302638846014,127900
2021-11-29,16.533771514892578,16.731287759250748,16.48439284623293,16.731287759250748,154400
2021-11-30,16.146970748901367,16.44324436145937,16.12228062713831,16.44324436145937,318000
2021-12-01,16.06467056274414,16.542001888679057,16.05644052284807,16.352715680228226,172900
2021-12-02,16.410324096679688,16.50908143422945,16.097588865093087,16.16342761336612,213800
2021-12-03,16.45147705078125,16.517315816363226,16.35271968726828,16.467937134606743,252000
2021-12-06,16.739517211914062,16.854734624652348,16.58314960196959,16.58314960196959,140300
2021-12-07,16.788894653320312,16.904113627367593,16.747746028837327,16.805354731001266,98100
2021-12-08,16.788894653320312,16.879423510846163,16.764206106518284,16.846503355484252,87200
2021-12-09,16.731285095214844,16.805353871270515,16.65721631915917,16.70659497995651,86000
2021-12-10,16.830047607421875,16.838276077892306,16.723058654670336,16.805357486851598,93900
2021-12-13,16.772441864013672,16.854740718461567,16.681914536869062,16.813592076097663,99900
2021-12-14,16.805362701416016,16.953500331364232,16.74775397192952,16.74775397192952,74000
2021-12-15,16.945262908935547,16.99464157417376,16.747746678263226,16.86296408705888,113200
2021-12-16,17.118091583251953,17.266229170849662,17.01933423799995,17.0440227894531,145200
2021-12-17,16.879430770874023,17.076947078841197,16.879430770874023,17.076947078841197,122100
2021-12-20,16.76627540588379,16.782794282519866,16.52675799596779,16.749758104574493,215600
2021-12-21,16.93972396850586,17.014057353437536,16.82409495875752,16.84061226348792,108100
2021-12-22,17.038827896118164,17.055346770162856,16.873643881650857,16.964496113570124,98900
2021-12-23,17.11316680908203,17.204019070492766,17.071871185891904,17.071871185891904,162300
2021-12-27,17.245311737060547,17.245311737060547,17.04708994414339,17.137942189977963,125100
2021-12-28,17.319639205932617,17.369195818774234,17.261824732943637,17.261824732943637,134100
2021-12-29,17.360939025878906,17.377457899340516,17.311382405494076,17.336160715686493,151900
2021-12-30,17.360939025878906,17.460049115995606,17.3526795891481,17.36919846260971,103500
2021-12-31,17.393983840942383,17.443540485953037,17.32790988958877,17.369207093764317,126800
2022-01-03,17.542640686035156,17.550900122190644,17.410492858200065,17.410492858200065,192800
2022-01-04,17.790424346923828,17.881275021058325,17.583943107476674,17.59220097076694,223600
2022-01-05,17.773902893066406,18.04645802661217,17.765643455646643,17.84823625451767,249100
2022-01-06,17.856494903564453,17.92256882467876,17.757383234229724,17.856494903564453,202100
2022-01-07,18.054719924926758,18.096015542327645,17.8317198101776,17.89779374321511,184300
2022-01-10,17.996898651123047,18.112527596550333,17.922565307540868,18.038194252968154,281300
2022-01-11,18.005157470703125,18.038195214200737,17.831714043319618,17.988640174280636,218100
2022-01-12,17.97212028503418,18.04645362836908,17.91430581251286,18.038194192962287,213600
2022-01-13,18.079490661621094,18.170342880126142,17.980380582639498,17.980380582639498,219700
2022-01-14,18.219900131225586,18.228159568031003,17.95560445475827,18.05471612109676,179400
2022-01-18,18.062976837158203,18.228160858985692,17.947346289019695,18.219901421595324,244400
2022-01-19,17.889530181884766,18.129049118525963,17.881270745242677,18.129049118525963,436800
2022-01-20,17.724349975585938,18.029942922725358,17.707832672618437,17.93909066743287,682800
2022-01-21,17.534385681152344,17.773904664213426,17.484830627022273,17.674792980626517,467200
2022-01-24,17.55344581604004,17.603171848109717,17.122482656070677,17.371114397181124,766000
2022-01-25,17.636323928833008,17.735775994883074,17.17220901805908,17.43741821597079,228900
2022-01-26,17.420839309692383,17.82693860029838,17.27165965584491,17.719197036625513,384600
2022-01-27,17.43741226196289,17.76892167020597,17.329670716307923,17.55344015965758,465100
2022-01-28,17.586593627929688,17.594881562294532,17.246796222780286,17.404263814188642,247700
2022-01-31,17.652896881103516,17.669472751109307,17.404265154064525,17.51200514757823,223500
2022-02-01,17.735776901245117,17.768928645464037,17.5368711782181,17.611461021948504,315900
2022-02-02,17.802072525024414,17.82693632441201,17.66118082335125,17.694332555868044,384900
2022-02-03,17.694337844848633,17.835229588635478,17.66947403802904,17.818653717422418,535300
2022-02-04,17.66118621826172,17.768927801091202,17.520294473550766,17.719200187125857,430800
2022-02-07,17.694337844848633,17.785501974996297,17.561734036668316,17.644611811971536,305700
2022-02-08,17.802072525024414,17.82693632441201,17.702620488997244,17.71919477449403,213400
2022-02-09,17.826942443847656,17.901532286853215,17.785502763976705,17.868380542956455,537800
2022-02-10,17.62803077697754,17.901526248829647,17.570016825487944,17.77721041267171,606600
2022-02-11,17.702619552612305,17.868373464143858,17.61145387377496,17.652891956467464,1340700
2022-02-14,17.586593627929688,17.727485350608355,17.395975879823798,17.727485350608355,304600
2022-02-15,17.669471740722656,17.768925374308413,17.594881910723807,17.661183806193687,280300
2022-02-16,17.694337844848633,17.81036578181589,17.619748005151944,17.677761973635572,332900
2022-02-17,17.57830238342285,17.628029980247796,17.462274485687747,17.628029980247796,547300
2022-02-18,17.52029800415039,17.628039608691402,17.462284023595576,17.528585941481424,437900
2022-02-22,17.36395263671875,17.580170636780895,17.255844429769876,17.580170636780895,374400
2022-02-23,17.20594596862793,17.46374364497541,17.18099719240172,17.413847678687162,300700
2022-02-24,17.122783660888672,17.139416177103737,16.79014126740763,17.131099918996203,730900
2022-02-25,17.671646118164062,17.713225827505813,17.197630452545468,17.197630452545468,370200
2022-02-28,17.613435745239258,17.630068265192985,17.413850264287735,17.472062497961378,372600
2022-03-01,17.322372436523438,17.646698634423156,17.180999193768418,17.630067701165895,416200
2022-03-02,17.72985076904297,17.804695482805407,17.41384098906211,17.41384098906211,671000
2022-03-03,17.887868881225586,17.92944860168972,17.729863088365484,17.779759070155375,289500
2022-03-04,17.887868881225586,17.904501403877106,17.630071124785694,17.73817934969124,187500
2022-03-07,17.696596145629883,17.87123284059939,17.621751394595993,17.862916580910696,409300
2022-03-08,17.613435745239258,17.90449849977188,17.605119485262392,17.763125252494,498500
2022-03-09,17.68828010559082,17.854600542936968,17.679963845798856,17.80470457034956,402900
2022-03-10,17.696596145629883,17.729859598220305,17.538590383873412,17.58848635584122,248100
2022-03-11,17.621747970581055,17.846280593890288,17.621747970581055,17.763121185490448,313000
2022-03-14,17.621747970581055,17.77975211547199,17.555219492162756,17.688276448999353,304500
2022-03-15,17.646697998046875,17.696595554512314,17.52195727921188,17.671646776279594,431300
2022-03-16,17.771434783935547,17.779749454599944,17.53858435123728,17.71322098613813,295700
2022-03-17,17.85460090637207,17.91281472610077,17.679964205679184,17.679964205679184,212500
2022-03-18,17.813016891479492,17.85459659508119,17.679959936557243,17.821333149432636,302500
2022-03-21,17.922321319580078,18.03913455437581,17.85557158174221,17.863915497901854,260400
2022-03-22,17.980730056762695,18.122573471597423,17.922324225614197,18.04747980542377,203200
2022-03-23,17.830537796020508,18.030786968781523,17.830537796020508,18.030786968781523,227400
2022-03-24,17.980730056762695,17.997417891787848,17.82220039834235,17.90563639058904,298400
2022-03-25,18.264413833618164,18.272757749736094,18.01410271583738,18.03913446419117,220000
2022-03-28,18.231042861938477,18.272760858185656,18.055823776533316,18.272760858185656,177200
2022-03-29,18.431289672851562,18.439633589286274,18.247728285605938,18.33116426707437,313000
2022-03-30,18.33951187133789,18.456325133474074,18.272762117877065,18.456325133474074,399300
2022-03-31,18.21436309814453,18.41461243345812,18.21436309814453,18.347862655020258,261300
2022-04-01,18.381229400634766,18.381229400634766,18.130916659646932,18.297791820305488,392500
2022-04-04,18.256074905395508,18.414606172071274,18.097545230159454,18.414606172071274,534800
2022-04-05,18.197668075561523,18.39791733186431,18.17263791317344,18.264417827662452,419400
2022-04-06,18.34785270690918,18.381228373752123,18.18932147228398,18.18932147228398,317300
2022-04-07,18.356199264526367,18.397917262642626,18.139262173154663,18.381231018259893,478900
2022-04-08,18.431289672851562,18.523071162194043,18.339508183509082,18.431289672851562,224800
2022-04-11,18.322824478149414,18.55644941663106,18.314482151274795,18.45632557973871,337700
2022-04-12,18.331159591674805,18.464659037702194,18.272753782967687,18.322815677368226,292700
2022-04-13,18.38957405090332,18.39791637697328,18.231042801101864,18.322822710827307,292900
2022-04-14,18.397912979125977,18.506382295277135,18.38122673862824,18.422944727031457,169000
2022-04-18,18.331787109375,18.499201331830804,18.273192610489573,18.373641463279125,183400
2022-04-19,18.507566452026367,18.54104832816598,18.32341054522898,18.32341054522898,146000
2022-04-20,18.817283630371094,18.900990729106823,18.65824189901133,18.65824189901133,386900
2022-04-21,18.77543067932129,18.984697625641715,18.741947201551575,18.884248788912668,381900
2022-04-22,18.407123565673828,18.7670630305684,18.398752694794844,18.7670630305684,247800
2022-04-25,18.27320098876953,18.36527901299612,17.87977946116871,18.36527901299612,263300
2022-04-26,17.938369750976562,18.2983092916873,17.938369750976562,18.222973034488277,285500
2022-04-27,17.896516799926758,18.089043692727497,17.81281126006129,17.938371166440323,389600
2022-04-28,18.055551528930664,18.105775148047865,17.837913717316034,17.988586171247707,287000
2022-04-29,17.603534698486328,18.05555043634879,17.5533094858283,18.05555043634879,248600
2022-05-02,17.58679962158203,17.79606663050626,17.318938105611906,17.712359507620455,532400
2022-05-03,17.8044376373291,17.913255780298595,17.595170626819584,17.637023390289254,717500
2022-05-04,18.239709854125977,18.248079127927333,17.729097936908303,17.829545188327348,261000
2022-05-05,17.921627044677734,18.122523187575542,17.762583666165906,18.114152315382224,330800
2022-05-06,18.005332946777344,18.047185708319912,17.81280768915271,17.896513212237846,752100
2022-05-09,17.90488052368164,18.080665599684703,17.787691537399727,17.888140380341504,413700
2022-05-10,17.620283126831055,17.996964416031442,17.41938697145109,17.9802226706046,337200
2022-05-11,17.637025833129883,17.95511262724653,17.620284086790942,17.653767579468823,274100
2022-05-12,17.712358474731445,17.72072934618994,17.469609588757038,17.645393099643975,485600
2022-05-13,17.88813591003418,17.92998865279566,17.703980010092152,17.829539834956392,523600
2022-05-16,17.996959686279297,18.080666794833867,17.80443445421,17.904881707211242,220500
2022-05-17,18.323415756225586,18.323415756225586,18.055554284612104,18.189485020418843,235700
2022-05-18,17.988588333129883,18.289933277209087,17.938364707976767,18.289933277209087,351700
2022-05-19,17.77932357788086,17.938366939998687,17.65376370108487,17.837918080613623,318300
2022-05-20,17.78769302368164,17.913252890415094,17.50308980757631,17.904882019755487,330100
2022-05-23,18.004356384277344,18.13871712133337,17.895187284352865,17.987560891718758,259300
2022-05-24,18.19749641418457,18.23108579144993,17.777618787278335,17.987557600731453,262200
2022-05-25,18.348651885986328,18.390639006323724,18.16390471240746,18.16390471240746,171700
2022-05-26,18.4746150970459,18.575386429598602,18.449421863481223,18.449421863481223,261400
2022-05-27,18.667753219604492,18.676150961788473,18.516597063703962,18.516597063703962,210000
2022-05-31,18.566984176635742,18.676151625495937,18.424225757845885,18.617369029824633,272200
2022-06-01,18.483009338378906,18.65935713478946,18.264672827318915,18.63416550770549,902600
2022-06-02,18.550195693969727,18.566991185274492,18.21429387640543,18.53340020266496,1378000
2022-06-03,18.415830612182617,18.533395820103117,18.39063738118287,18.474613216142867,339100
2022-06-06,18.53339195251465,18.608970028036264,18.491404844649526,18.541789694428772,273300
2022-06-07,18.617374420166016,18.634169909993695,18.399037857524416,18.474615960042897,279600
2022-06-08,18.30666160583496,18.558589111535305,18.27307223276508,18.558589111535305,201300
2022-06-09,17.98755645751953,18.32345821735484,17.979158713310408,18.28147109801515,191600
2022-06-10,17.777618408203125,17.91197911781164,17.6936425642713,17.819605529316036,367400
2022-06-13,17.181386947631836,17.567675089881757,17.09741272696087,17.492097009913415,324600
2022-06-14,17.030235290527344,17.290558942706166,16.89587459251854,17.24017408137933,351800
2022-06-15,17.097414016723633,17.28215955852407,16.9294623593009,17.131003387184755,338800
2022-06-16,16.702728271484375,16.85388444435485,16.61875404362809,16.8370889581013,823300
2022-06-17,16.694334030151367,16.912670592128457,16.601962039792415,16.795105367104664,323000
2022-06-21,17.00356674194336,17.0625481326698,16.835047105191503,16.86032553284099,263500
2022-06-22,17.00356674194336,17.096252702869116,16.801344142114548,16.801344142114548,151800
2022-06-23,17.138383865356445,17.16366229603972,16.961438064818637,17.037271749745905,360600
2022-06-24,17.542823791503906,17.568102214518348,17.214212327926536,17.239489143818908,520800
2022-06-27,17.601802825927734,17.669210337861937,17.48384008182334,17.576526013403566,781100
2022-06-28,17.48384666442871,17.812458207938786,17.458568235265453,17.711347705530667,279700
2022-06-29,17.332183837890625,17.517555819337293,17.290054718719773,17.517555819337293,328900
2022-06-30,17.315330505371094,17.424868780020127,17.10468170794749,17.197367693093167,493000
2022-07-01,17.601802825927734,17.610228965809743,17.239486846610692,17.349025057954933,2580600
2022-07-05,17.30689811706543,17.483842255217724,16.98671119023454,17.483842255217724,865300
2022-07-06,17.29848289489746,17.408019581875504,17.129963184183325,17.323759726518436,262900
2022-07-07,17.382728576660156,17.458562230946896,17.340599482999483,17.416433137286223,373500
2022-07-08,17.239492416381836,17.41643819682829,17.197363310482494,17.38273362641092,349800
2022-07-11,17.273193359375,17.3153224564271,17.188933558148765,17.205785839818418,317300
2022-07-12,17.2900390625,17.44170632557619,17.214205430961904,17.247908374355823,168100
2022-07-13,17.163660049438477,17.256344402233648,17.02041884189429,17.18893686969064,277200
2022-07-14,17.028841018676758,17.037267159967875,16.843470731638494,16.919304396136447,313700
2022-07-15,17.239492416381836,17.27319698679921,17.037269815244727,17.18051102527381,228100
2022-07-18,17.1262149810791,17.354452188996724,17.109308162939367,17.34599877992686,130300
2022-07-19,17.43053436279297,17.45589298219618,17.24456255477898,17.24456255477898,332600
2022-07-20,17.261470794677734,17.4305357954365,17.160031471757808,17.4305357954365,211800
2022-07-21,17.219205856323242,17.219205856323242,17.02478061604401,17.17693879873063,272400
2022-07-22,17.193843841552734,17.286829746305525,17.083951115513397,17.244562693089154,531300
2022-07-25,17.39672088623047,17.413627707542485,17.210750688767938,17.210750688767938,166500
2022-07-26,17.455890655517578,17.489704293312485,17.379811582802034,17.379811582802034,351800
2022-07-27,17.55733871459961,17.60805758426876,17.3713668386064,17.498166431264966,289600
2022-07-28,17.760210037231445,17.785570269991126,17.48125392616805,17.574239833963606,135100
2022-07-29,17.895463943481445,17.93772939179481,17.760212574090463,17.810931434531206,414000
2022-08-01,17.929269790649414,17.963083427486758,17.777113261850214,17.87009753850701,366500
2022-08-02,17.734851837158203,17.963089121185007,17.72639842526942,17.963089121185007,212600
2022-08-03,17.777116775512695,17.819382217590228,17.633412015196512,17.794021984949747,510400
2022-08-04,17.62495994567871,17.768664716931664,17.608053122631684,17.768664716931664,305600
2022-08-05,17.64186668395996,17.64186668395996,17.52352053552279,17.61650644951127,303200
2022-08-08,17.717939376831055,17.84473890250105,17.667220533956826,17.667220533956826,166900
2022-08-09,17.80247688293457,17.810930294520873,17.734851202567544,17.760211437326454,164800
2022-08-10,18.00535011291504,18.039163752103054,17.954631266456076,17.979991495847084,355600
2022-08-11,18.140600204467773,18.258946321209617,18.06452274614345,18.06452274614345,426300
2022-08-12,18.411104202270508,18.411104202270508,18.208227220853015,18.23358583582837,313900
2022-08-15,18.487186431884766,18.487186431884766,18.258949184156055,18.326574856187907,315800
2022-08-16,18.597076416015625,18.639341853850055,18.44491826009471,18.44491826009471,193700
2022-08-17,18.495637893676758,18.55481176641108,18.419560424807546,18.504091304067376,249200
2022-08-18,18.504085540771484,18.554805987317764,18.411101280081983,18.554805987317764,148400
2022-08-19,18.41956329345703,18.487188974790772,18.368842823214155,18.487188974790772,287100
2022-08-22,18.093971252441406,18.305943735138964,18.051577402790574,18.305943735138964,476900
2022-08-23,18.03462028503418,18.110930512706286,18.017662097279977,18.093972324952084,144200
2022-08-24,17.983745574951172,18.03462013779843,17.915914441709944,18.026141043990556,880100
2022-08-25,18.161794662475586,18.161794662475586,17.992216101508873,18.017653370820184,148500
2022-08-26,17.78873062133789,18.212675592964942,17.771772434339596,18.212675592964942,519900
2022-08-29,17.729372024536133,17.822640401297516,17.610667993909736,17.703934753449992,920300
2022-08-30,17.55980110168457,17.729379748360373,17.517407248626533,17.729379748360373,1153800
2022-08-31,17.415660858154297,17.576758788961946,17.39870267052556,17.576758788961946,276400
2022-09-01,17.466535568237305,17.483493757579108,17.288477814592255,17.322394193275866,362000
2022-09-02,17.356304168701172,17.67850320846062,17.279993954927697,17.602192994687144,321300
2022-09-06,17.178251266479492,17.4241385208351,17.135855796954868,17.390223762437202,294800
2022-09-07,17.48349380493164,17.491971282403554,17.14433648606477,17.16977377014637,227600
2022-09-08,17.517406463623047,17.559800314781295,17.29695487971228,17.42413805040879,281700
2022-09-09,17.737855911254883,17.788728849962194,17.58523547791139,17.627630941185448,241200
2022-09-12,17.898958206176758,17.95831024672049,17.79721069580049,17.82264797770001,247300
2022-09-13,17.313919067382812,17.703947808316844,17.254567008303486,17.703947808316844,271000
2022-09-14,17.296951293945312,17.37326150398798,17.19520542536937,17.37326150398798,303000
2022-09-15,17.23760223388672,17.364785400102306,17.17825019746756,17.305433363683147,228700
2022-09-16,17.203685760498047,17.220642328338442,17.076500989755083,17.135853020250313,272400
2022-09-19,17.388290405273438,17.388290405273438,17.082038203937216,17.116066947454485,270700
2022-09-20,17.201135635375977,17.303220243788864,17.07353109179472,17.303220243788864,246500
2022-09-21,16.988452911376953,17.35425362181921,16.988452911376953,17.29470497083169,257100
2022-09-22,16.894880294799805,17.01397761890676,16.85234437720493,17.01397761890676,338900
2022-09-23,16.571617126464844,16.801306259687284,16.37595673412558,16.801306259687284,797200
2022-09-26,16.341928482055664,16.588631993098993,16.26536705793778,16.52057613187665,365400
2022-09-27,16.137754440307617,16.503555156457303,16.061191424249355,16.469528050753112,1677300
2022-09-28,16.392972946166992,16.469535999175626,16.154776600964585,16.23984684014972,269800
2022-09-29,16.035680770874023,16.324918638174417,15.967624897543343,16.324918638174417,321200
2022-09-30,15.814495086669922,16.120747256485554,15.788973531658742,16.044184214031645,332200
2022-10-03,16.222827911376953,16.282376575307474,15.925082969144956,16.018660368224,362200
2022-10-04,16.66519546508789,16.68220983647261,16.37595764186672,16.38446482755908,353200
2022-10-05,16.51206398010254,16.597134186689015,16.375952298595873,16.50355679718597,193800
2022-10-06,16.29939842224121,16.520580434462957,16.25686410636709,16.520580434462957,248000
2022-10-07,15.959110260009766,16.248347992278905,15.891054418451102,16.248347992278905,242800
2022-10-10,16.027170181274414,16.154774713856156,15.967621507574911,15.99314144054346,240800
2022-10-11,16.120742797851562,16.265361657757335,15.93358802469163,15.942095207342462,311500
2022-10-12,15.993141174316406,16.13776007485625,15.98463561185492,16.08671858718914,189400
2022-10-13,16.51206398010254,16.55459827210616,15.763449731815875,15.857025498739688,373200
2022-10-14,16.307899475097656,16.6992202261859,16.25685799073387,16.57161570398667,284600
2022-10-17,16.5375919342041,16.639674923583343,16.4950560031462,16.520577561780943,343400
2022-10-18,16.733253479003906,16.860858035632553,16.614156109161165,16.775787790353466,624000
2022-10-19,16.580120086669922,16.74175331951762,16.45251558603406,16.67369747767321,413100
2022-10-20,16.350439071655273,16.68221288394602,16.29939757075672,16.614157008554596,297800
2022-10-21,16.690715789794922,16.724742907472184,16.367449247672916,16.39297080286559,366200
2022-10-24,16.834131240844727,16.902423799760452,16.71461966979797,16.80852254889073,435500
2022-10-25,17.05608367919922,17.073157227199975,16.774376650079343,16.782913424079723,391500
2022-10-26,17.175601959228516,17.27804002103845,17.073162269194945,17.15852840618565,472500
2022-10-27,17.28656768798828,17.457299871998263,17.252420599897174,17.295104460011057,533500
2022-10-28,17.69632339477539,17.713396939225227,17.32071518621586,17.32071518621586,513200
2022-10-31,17.61095428466797,17.704857134837304,17.559735288313124,17.63656459695666,343300
2022-11-01,17.6024227142334,17.713397500226392,17.55973885175696,17.713397500226392,327100
2022-11-02,17.303634643554688,17.747536850383568,17.295097874782343,17.568267962608683,681700
2022-11-03,17.149978637695312,17.243881480071337,16.97924649305207,17.18412408969052,607100
2022-11-04,17.440229415893555,17.457302962962125,17.158522402154407,17.346326535239484,502700
2022-11-07,17.457304000854492,17.491449468798624,17.32071887263164,17.491449468798624,329000
2022-11-08,17.50851821899414,17.610956222978444,17.35485958479497,17.499981447291663,524700
2022-11-09,17.27802848815918,17.508516415719022,17.26949171733594,17.41461356488593,416000
2022-11-10,17.918272018432617,17.926808789433345,17.568272548515772,17.687784086080768,557600
2022-11-11,17.978029251098633,18.029249881273692,17.83290738871473,17.995102794490318,364600
2022-11-14,17.867048263549805,18.13168158122336,17.867048263549805,17.978023000567052,474200
2022-11-15,17.960954666137695,18.114611649154504,17.807296054898416,18.037782343534865,391900
2022-11-16,17.841447830200195,17.960961030301835,17.790228817712663,17.943887483398306,407100
2022-11-17,17.773155212402344,17.781691985826054,17.593887855173573,17.696325879812,305100
2022-11-18,17.96949577331543,18.012179639618843,17.867057750633258,17.901203215452977,232800
2022-11-21,18.09710693359375,18.09710693359375,17.93437973996599,17.968637494674844,434700
2022-11-22,18.336915969848633,18.34548081608835,18.182752004688474,18.199881697167914,679100
2022-11-23,18.2855224609375,18.311215357557295,18.174181130328897,18.30265214773526,903800
2022-11-25,18.40543556213379,18.414000409516365,18.302660660698088,18.302660660698088,145700
2022-11-28,18.131362915039062,18.31978461447762,18.07997547584259,18.31978461447762,430300
2022-11-29,18.191316604614258,18.217011142985502,18.079976872160252,18.114234623077884,186500
2022-11-30,18.448253631591797,18.465381687053245,17.977196984495183,18.191313196745355,403600
2022-12-01,18.422569274902344,18.602426208430824,18.354052114475596,18.533909048004077,281200
2022-12-02,18.422569274902344,18.45682703832674,18.26840525554767,18.31979271747324,275900
2022-12-05,18.09710693359375,18.319788056722707,18.037154637670096,18.319788056722707,218800
2022-12-06,17.977197647094727,18.13136158696932,17.874422776229743,18.11423189729945,260700
2022-12-07,17.96863555908203,18.09710498416213,17.925812961914456,17.96863555908203,308100
2022-12-08,18.02002716064453,18.088544305858566,17.968638076550807,18.028590374415884,275100
2022-12-09,17.917247772216797,18.06284688680313,17.908682926232032,18.00289459848711,329100
2022-12-12,18.079978942871094,18.114236697712286,17.823038430463175,17.95150786987836,641800
2022-12-13,18.114233016967773,18.456818663655323,18.045715887630266,18.405431225046495,363300
2022-12-14,18.045711517333984,18.26839254214648,17.951499874719552,18.131358316658304,248600
2022-12-15,17.737388610839844,17.91724710264387,17.660308267012148,17.91724710264387,423900
2022-12-16,17.523273468017578,17.651744527461116,17.369111137124616,17.60035545025275,351900
2022-12-19,17.483652114868164,17.647292674668677,17.38030139279529,17.569778811748964,523000
2022-12-20,17.526723861694336,17.59562492043974,17.449209965264405,17.526723861694336,348400
2022-12-21,17.750646591186523,17.802321956740286,17.647294217348747,17.664519886776752,439800
2022-12-22,17.707584381103516,17.707584381103516,17.406141703609286,17.690360352495894,445900
2022-12-23,17.871227264404297,17.871227264404297,17.63868559972055,17.716199487948465,528900
2022-12-27,17.983182907104492,17.99179574007016,17.79370551004956,17.87121936401065,314500
2022-12-28,17.724811553955078,18.034867093383923,17.707585881157794,18.00041574778935,318700
2022-12-29,17.914287567138672,17.96596458132064,17.785098317144634,17.785098317144634,428400
2022-12-30,17.81954574584961,17.88844677356094,17.673130856621775,17.871221105950585,522400
2023-01-03,17.92289924621582,17.965963421921728,17.72480896615964,17.86261104295788,520600
2023-01-04,18.12099266052246,18.21573056941257,17.9918017655015,18.043478780602072,374700
2023-01-05,17.96596336364746,18.04347723693634,17.836772479679112,18.04347723693634,382600
2023-01-06,18.344921112060547,18.3879852943401,18.08654258930556,18.08654258930556,319500
2023-01-09,18.198505401611328,18.405210182276132,18.172668536076113,18.362146001833253,506900
2023-01-10,18.276020050048828,18.276020050048828,18.103768249245785,18.207119001181496,243600
2023-01-11,18.387977600097656,18.387977600097656,18.28462524860394,18.344913435837817,312500
2023-01-12,18.448266983032227,18.517168007583805,18.336303434159667,18.46549264985262,439200
2023-01-13,18.465496063232422,18.491332925509,18.267404143640242,18.379369355939776,349800
2023-01-17,18.336305618286133,18.49133170994559,18.301854280541676,18.49133170994559,561600
2023-01-18,17.94873809814453,18.336307473328173,17.94012526283708,18.336307473328173,563800
2023-01-19,17.83677101135254,17.90567368658642,17.75925878717481,17.897060852182186,277200
2023-01-20,18.077924728393555,18.08653756245567,17.74203241362159,17.88844730721734,246800
2023-01-23,18.145320892333984,18.266289170900738,18.050273445991998,18.119398412040027,483700
2023-01-24,18.145320892333984,18.27492999766539,17.963868474483856,18.12803923880468,227400
2023-01-25,18.153966903686523,18.153966903686523,17.95523277555065,18.110762757524597,560200
2023-01-26,18.231735229492188,18.231735229492188,18.067562747607177,18.162610234183216,220700
2023-01-27,18.26628875732422,18.318133716738284,18.15396130806538,18.223086272548315,331000
2023-01-30,18.16260528564453,18.318136894731428,18.16260528564453,18.223089434051783,316100
2023-01-31,18.473665237426758,18.473665237426758,18.128040385327292,18.171244521883033,309000
2023-02-01,18.689687728881836,18.802016876443798,18.40454691686516,18.439110238598037,621700
2023-02-02,18.802011489868164,18.862495637502747,18.620557398895002,18.74152734223358,863800
2023-02-03,18.689687728881836,18.776094385144138,18.594641890256206,18.7588127242777,553800
2023-02-06,18.51687240600586,18.62919988330513,18.439106595541148,18.6205590545791,408100
2023-02-07,18.430465698242188,18.49959067972368,18.249013239879353,18.43910652693607,826500
2023-02-08,18.214448928833008,18.395903025340456,18.214448928833008,18.34405805601292,523100
2023-02-09,17.920665740966797,18.35269722454286,17.877463251836918,18.309494735412983,253800
2023-02-10,18.171249389648438,18.188529400830458,17.920670274707177,17.937951933958935,322500
2023-02-13,18.38726234436035,18.38726234436035,18.14532409643619,18.16260575301709,190900
2023-02-14,18.240371704101562,18.40454249871259,18.14532424022292,18.37862166170532,223100
2023-02-15,18.33541488647461,18.33541488647461,18.13668080697121,18.17124411544272,182400
2023-02-16,18.145320892333984,18.28357082443004,18.02435261376723,18.145320892333984,274300
2023-02-17,18.439104080200195,18.47366574232008,18.16260419096376,18.16260419096376,437900
2023-02-21,18.09148597717285,18.351544998360836,18.056810559193156,18.351544998360836,244900
2023-02-22,18.048152923583984,18.1955202347726,17.996141417698578,18.100164429469388,200800
2023-02-23,18.004804611206055,18.15217187601603,17.918117693068048,18.117496447394654,537700
2023-02-24,17.92679214477539,17.952797070941543,17.77075597411466,17.89211670533258,976800
2023-02-27,17.883441925048828,18.100158389573206,17.84876815050094,18.022141983486605,626500
2023-02-28,17.80542755126953,17.987468608608733,17.796758693289245,17.900781682221478,235200
2023-03-01,17.727407455444336,17.80542551492867,17.62338282499342,17.77075008697323,294700
2023-03-02,17.736082077026367,17.76208865887004,17.58004754621261,17.684070566755114,230200
2023-03-03,17.866107940673828,17.909450577249316,17.666727513546014,17.831432508680955,444300
2023-03-06,17.770755767822266,17.944129656191784,17.727413122437856,17.935460796431716,265300
2023-03-07,17.476016998291016,17.762082688755893,17.450010425188555,17.762082688755893,419200
2023-03-08,17.510696411132812,17.562707915749918,17.424009467827023,17.519363617389065,423800
2023-03-09,17.155277252197266,17.53669706435383,17.137939537076825,17.52802820679361,529600
2023-03-10,16.903881072998047,17.155272918492138,16.756513838532744,17.111928641640517,409600
2023-03-13,16.739177703857422,17.051249912911615,16.574474396559047,16.687166220153475,838600
2023-03-14,16.99924087524414,17.16394420624183,16.834535890830956,17.103263857619996,520600
2023-03-15,16.903881072998047,16.938556494479343,16.63515317017841,16.739176127792096,884000
2023-03-16,16.99924087524414,17.068590081299877,16.60048170036204,16.773855542209127,647400
2023-03-17,16.600481033325195,16.92122213182971,16.539800687141607,16.92122213182971,390700
2023-03-20,16.861499786376953,16.99200808390483,16.7135918207297,16.7135918207297,429000
2023-03-21,17.009403228759766,17.139911491581937,16.896297948392913,17.08770752266047,372400
2023-03-22,16.539583206176758,17.009407426034226,16.530882542542855,17.00070842188223,548900
2023-03-23,16.382976531982422,16.7135934920587,16.295971544757474,16.609188834974447,590700
2023-03-24,16.635284423828125,16.635284423828125,16.25246362312683,16.32206725421057,452500
2023-03-27,16.817996978759766,16.88760062493151,16.722291342967935,16.835398305173157,404000
2023-03-28,16.878894805908203,16.93979777026987,16.76578953773387,16.800590520448544,300100
2023-03-29,17.079008102416992,17.087708764536238,16.98330413806853,17.000705462307018,254600
2023-03-30,17.122514724731445,17.25302136279858,17.079011405721108,17.25302136279858,289000
2023-03-31,17.33131980895996,17.34002046981589,17.166010571660077,17.226913538170198,328200
2023-04-03,17.313922882080078,17.44442950908304,17.261720563175253,17.331324208208954,293500
2023-04-04,17.14861488342285,17.37482716154563,17.035509574102424,17.37482716154563,338900
2023-04-05,17.28782081604004,17.28782081604004,17.087708904620126,17.113810891191843,379100
2023-04-06,17.28782081604004,17.348723791892418,17.253018167277748,17.313921143130127,320600
2023-04-10,17.400922775268555,17.400922775268555,17.235613544248736,17.244314204774128,803100
2023-04-11,17.52273178100586,17.58363475589808,17.39222516916802,17.479230130220447,235500
2023-04-12,17.392229080200195,17.627142030022707,17.357428083642404,17.618441366012764,276700
2023-04-13,17.444435119628906,17.4879384489428,17.28782811254589,17.444435119628906,265800
2023-04-14,17.340024948120117,17.540135221043617,17.261720639674955,17.487932901907445,574600
2023-04-17,17.531431198120117,17.531431198120117,17.340021624982406,17.374822611243133,781900
2023-04-18,17.461828231811523,17.557533851769694,17.38352393538785,17.557533851769694,462600
2023-04-19,17.531431198120117,17.56623384386233,17.392223934114238,17.44442624324607,375800
2023-04-20,17.37482261657715,17.461827571477905,17.313919645991064,17.461827571477905,273700
2023-04-21,17.33131980895996,17.40962409718194,17.235614199026127,17.40962409718194,233900
2023-04-24,17.357515335083008,17.383709369313156,17.29639758721306,17.348785655673357,460400
2023-04-25,17.104310989379883,17.296395555166278,17.095579645662294,17.26147184562945,402600
2023-04-26,16.920955657958984,17.130504571015376,16.90349463631553,17.043192801464127,382700
2023-04-27,17.278932571411133,17.278932571411133,16.9995346001685,16.9995346001685,265100
2023-04-28,17.4448299407959,17.479755325422435,17.29640038680111,17.29640038680111,461000
2023-05-01,17.331321716308594,17.505943602581898,17.322590372194888,17.462288547346972,194300
2023-05-02,16.93842315673828,17.29640001479095,16.772530913998228,17.29640001479095,372600
2023-05-03,16.903493881225586,17.20035288523885,16.886031195028707,17.016998010838464,356700
2023-05-04,16.676488876342773,16.78999303944014,16.493133947851447,16.78999303944014,656600
2023-05-05,16.87729835510254,16.903492382074738,16.73760020858401,16.859835670454405,819100
2023-05-08,16.789987564086914,16.955879747130943,16.746332515285868,16.920954375823417,497500
2023-05-09,16.702674865722656,16.77252393909247,16.606633430672456,16.77252393909247,452500
2023-05-10,16.667755126953125,16.868571052498663,16.493131569319118,16.807453306926863,440900
2023-05-11,16.528057098388672,16.615368878005516,16.44947666326688,16.615368878005516,805600
2023-05-12,16.519329071044922,16.606640868194344,16.39709355423614,16.589178175697658,436100
2023-05-15,16.519329071044922,16.589178175697658,16.440748620143843,16.519329071044922,313600
2023-05-16,16.2486572265625,16.48439681568011,16.23992588395321,16.466935795794846,355500
2023-05-17,16.536794662475586,16.545526010254555,16.301053268446402,16.335976994227963,481900
2023-05-18,16.58917808532715,16.606640777728707,16.388362118711246,16.47567391538503,415000
2023-05-19,16.44947624206543,16.685217541394465,16.423282209250992,16.624099796827746,267600
2023-05-22,16.564289093017578,16.616873670761265,16.380242235097874,16.520468890170104,803700
2023-05-23,16.564289093017578,16.783393450522134,16.537997639962526,16.555524718121365,346800
2023-05-24,16.336416244506836,16.55552054680605,16.318889170764106,16.55552054680605,483100
2023-05-25,16.169898986816406,16.31888998669462,16.04719943468342,16.31888998669462,618300
2023-05-26,16.257537841796875,16.27506658639631,16.13483997286701,16.20495327963166,994100
2023-05-30,16.178665161132812,16.301364739603816,16.10855183270664,16.2750716145814,438500
2023-05-31,16.020904541015625,16.16113113760646,15.93326250023813,16.134838023883347,362800
2023-06-01,16.073488235473633,16.108544046926305,15.880677093401928,16.055959493930896,480200
2023-06-02,16.57305145263672,16.590580200297655,16.17866298843258,16.17866298843258,261800
2023-06-05,16.389001846313477,16.58181302308627,16.380237473964744,16.58181302308627,529600
2023-06-06,16.669452667236328,16.73956596426605,16.39776217856741,16.415290920733057,560200
2023-06-07,17.055082321166992,17.07261107089302,16.686988606721897,16.739573184266398,366000
2023-06-08,16.98496437072754,17.0463149780695,16.835973381877597,17.037550605592077,680500
2023-06-09,16.86227035522461,16.976205551851674,16.83597723177986,16.94991242840693,242600
2023-06-12,16.844741821289062,16.967441393964002,16.7571014186215,16.87979931966291,417400
2023-06-13,16.97620391845703,17.072608685211677,16.818448536234268,16.84473998551583,485700
2023-06-14,16.83597755432129,17.09890377890535,16.792157352707385,17.028790453342975,842200
2023-06-15,17.063846588134766,17.072610962942363,16.827215154863943,16.827215154863943,459100
2023-06-16,17.063846588134766,17.133959914961967,16.976206183325942,17.090139712557555,451100
2023-06-20,16.862409591674805,17.020742343913753,16.818429017275704,17.020742343913753,258500
2023-06-21,16.809635162353516,16.91518922831008,16.67769006328037,16.792042258776878,302400
2023-06-22,16.5897274017334,16.78324429033394,16.528153922531022,16.78324429033394,523700
2023-06-23,16.413801193237305,16.598523302472227,16.35222771607614,16.510560473205665,597200
2023-06-26,16.607322692871094,16.651304958608776,16.422602210028483,16.43139866317602,258300
2023-06-27,16.76565170288086,16.818430409831468,16.51056133029229,16.598524164125127,472200
2023-06-28,16.704082489013672,16.739268302634432,16.5721390434397,16.739268302634432,358000
2023-06-29,16.89759635925293,16.90639281105922,16.70407945276948,16.721672356382058,379400
2023-06-30,16.906394958496094,16.98556135705671,16.836025012859086,16.976764904133102,332100
2023-07-03,17.082317352294922,17.108706705953622,16.88000400749944,16.888800458719007,324300
2023-07-05,16.959171295166016,17.08231826330441,16.853615552653388,16.985558972480465,481600
2023-07-06,16.77444839477539,16.82722542473191,16.554542145913096,16.82722542473191,737900
2023-07-07,16.862409591674805,17.047130017452666,16.73926264115623,16.73926264115623,346300
2023-07-10,16.871206283569336,17.055926711990956,16.827224030789385,16.862409833013345,492200
2023-07-11,17.126300811767578,17.126300811767578,16.888803299891578,16.923987432937288,368700
2023-07-12,17.24944305419922,17.41657056005267,17.22305370591917,17.293423623581457,513400
2023-07-13,17.372594833374023,17.372594833374023,17.214262055059972,17.293428444216996,425000
2023-07-14,17.11750030517578,17.39898169163798,17.055926828614222,17.39898169163798,314000
2023-07-17,17.011945724487305,17.07351919913492,16.941575799496977,17.029538625172723,445500
2023-07-18,17.26703453063965,17.363793798012825,17.04712832497421,17.064721224087734,402400
2023-07-19,17.574913024902344,17.583709479199346,17.328619015594743,17.328619015594743,466100
2023-07-20,17.58370590209961,17.592502354607124,17.45176246999041,17.5397253173138,410600
2023-07-21,17.513338088989258,17.65407799071654,17.442968138125618,17.65407799071654,259500
2023-07-24,17.66607093811035,17.727871016084656,17.533641959033154,17.533641959033154,494700
2023-07-25,17.613094329833984,17.719036807324613,17.586607868498668,17.657236748134192,296300
2023-07-26,17.84263801574707,17.886782120669448,17.674895468818306,17.674895468818306,384200
2023-07-27,17.604272842407227,17.92210209119545,17.5689575459163,17.886788478630542,535100
2023-07-28,17.7367000579834,17.833815429669915,17.657242332771858,17.7720136670075,308000
2023-07-31,17.75435447692871,17.8691257903003,17.666067944529118,17.780839257900706,253900
2023-08-01,17.621929168701172,17.74553102503231,17.542473117816513,17.68373093882977,482100
2023-08-02,17.498327255249023,17.586613805579493,17.39238474199317,17.48066960839775,388600
2023-08-03,17.392383575439453,17.515983727256387,17.251125777955593,17.480668435922535,466400
2023-08-04,17.957416534423828,18.10750316952672,17.621927969405156,17.67490091162449,1598400
2023-08-07,17.88678550720215,18.107501021826174,17.860299039234,17.992728011223267,397900
2023-08-08,18.204618453979492,18.204618453979492,17.666071998296726,17.80732980897976,421400
2023-08-09,18.107498168945312,18.29289836373488,18.03686928275041,18.151640591345075,376900
2023-08-10,18.231098175048828,18.354699987994984,18.160469289333367,18.160469289333367,452000
2023-08-11,18.32821273803711,18.363526337417035,18.160468510187638,18.160468510187638,346600
2023-08-14,18.231098175048828,18.26641345986929,18.089840403617902,18.257584638664174,271400
2023-08-15,17.93975067138672,18.08983723775645,17.913265896331875,18.08983723775645,743200
2023-08-16,17.89560890197754,18.07218024976582,17.877951262021142,17.904437721955738,479700
2023-08-17,17.88678550720215,18.028043301847468,17.86912786189005,17.94858558186876,368900
2023-08-18,17.869125366210938,17.93975425366926,17.754354055563226,17.80732530017559,425300
2023-08-21,17.784942626953125,17.962172430057823,17.687466066226676,17.882419187679577,379700
2023-08-22,17.634302139282227,17.83811527985713,17.598857184055284,17.79380866327618,384600
2023-08-23,17.72290802001953,17.72290802001953,17.545678263744048,17.643154798714388,302300
2023-08-24,17.643163681030273,17.88242346539922,17.62544035844241,17.696331958604794,420200
2023-08-25,17.65201759338379,17.79380073146813,17.536819427510885,17.72290916242596,367000
2023-08-28,17.855831146240234,17.926722717279954,17.731771319467814,17.75835629242835,568500
2023-08-29,18.157123565673828,18.165985224703636,17.86469557844468,17.87355723747449,320500
2023-08-30,18.29004669189453,18.298908351709798,18.09509524652499,18.183710154488885,361000
2023-08-31,18.32549476623535,18.41410968113873,18.29004812419843,18.29004812419843,294900
2023-09-01,18.42296600341797,18.529302518338866,18.352072739886125,18.42296600341797,424100
2023-09-05,18.0064754486084,18.43182486309797,17.997613791199658,18.396379923651335,262500
2023-09-06,17.864700317382812,18.02420684185412,17.776085393766632,17.971038563760047,292200
2023-09-07,17.749492645263672,17.962167334544485,17.714046018622774,17.864690801470207,355100
2023-09-08,17.776081085205078,17.864695987342802,17.687466183067354,17.776081085205078,512300
2023-09-11,17.69632911682129,17.891282253602895,17.678607487268344,17.84697395424853,305800
2023-09-12,17.784942626953125,17.83811089180907,17.643159460544833,17.687466066226676,420100
2023-09-13,17.634302139282227,17.86470026391915,17.598857184055284,17.829255308692204,983800
2023-09-14,17.988758087158203,17.988758087158203,17.73177669801023,17.73177669801023,539300
2023-09-15,17.864700317382812,17.988760196332013,17.83811533324123,17.90014696290492,308400
2023-09-18,17.719697952270508,17.870920341439902,17.675221477613704,17.870920341439902,265400
2023-09-19,17.710813522338867,17.790872584703617,17.666337019545036,17.7197091622316,285900
2023-09-20,17.64853858947754,17.87982004297569,17.63964295318886,17.764178467892044,292400
2023-09-21,17.408361434936523,17.63964288757437,17.399465798680936,17.56847949419881,678800
2023-09-22,17.283830642700195,17.443948745707317,17.266039365328385,17.435053107021414,410400
2023-09-25,17.283830642700195,17.283830642700195,17.177084675138918,17.230458507254355,309500
2023-09-26,16.963592529296875,17.239350510875315,16.945801253925517,17.185978381430644,319800
2023-09-27,16.91021728515625,17.043648432525924,16.812366985306245,17.008067585006255,347100
2023-09-28,16.963592529296875,17.00807071772527,16.847952632721853,16.910220399852204,274200
2023-09-29,17.070335388183594,17.20376653592468,16.999171996277074,17.061439752111642,310700
2023-10-02,16.652252197265625,16.999175284502222,16.598880067179003,16.999175284502222,770500
2023-10-03,16.536609649658203,16.59887740756041,16.403178497486454,16.59887740756041,596500
2023-10-04,16.554399490356445,16.5810847004809,16.340909326015762,16.57218906488308,248900
2023-10-05,16.56329345703125,16.59887429916839,16.42986063317768,16.518815283523782,476800
2023-10-06,16.581085205078125,16.661144231225872,16.234163889550594,16.48323660386237,428700
2023-10-09,16.70562171936035,16.732306929192774,16.50992113168799,16.50992113168799,249300
2023-10-10,16.91021728515625,16.990276312911874,16.785681773833765,16.785681773833765,404300
2023-10-11,16.98138427734375,17.03475640827403,16.865742680880448,16.954697363543886,294900
2023-10-12,16.741201400756836,16.999169722328187,16.616665905746594,16.999169722328187,434900
2023-10-13,16.670042037963867,16.85684702219179,16.616669912471295,16.847951385164816,309600
2023-10-16,16.919111251831055,16.963587731009518,16.732306306609882,16.803469691296776,261000
2023-10-17,17.16818618774414,17.23045564821314,16.803473545486554,16.84795173153584,345700
2023-10-18,16.8746337890625,17.07923001326834,16.856844214640727,17.070334377722958,381200
2023-10-19,16.687835693359375,16.999176247054454,16.661148778470245,16.883534645871087,523200
2023-10-20,16.429866790771484,16.705626479860644,16.412077211370143,16.652252651648208,460700
2023-10-23,16.28950309753418,16.50407374310887,16.262682832622286,16.378907959504275,390800
2023-10-24,16.45042610168457,16.539830934272246,16.3789025766655,16.396783884234104,465700
2023-10-25,16.38784408569336,16.423606702696937,16.253737682440818,16.378903431442463,431100
2023-10-26,16.423608779907227,16.530893233976112,16.361024192235448,16.414668124525544,569700
2023-10-27,16.092809677124023,16.477249292251752,16.03916745567181,16.477249292251752,596000
2023-10-30,16.298437118530273,16.343140383942842,16.137508773555457,16.20903229296035,411000
2023-10-31,16.334203720092773,16.38784594643345,16.217976906889735,16.280559788496465,231900
2023-11-01,16.361024856567383,16.387846823801524,16.209037119418692,16.35208590607839,389500
2023-11-02,16.80804443359375,16.80804443359375,16.44148613929954,16.44148613929954,546600
2023-11-03,17.174606323242188,17.264011178305655,16.986857662339105,16.986857662339105,368800
2023-11-06,17.013675689697266,17.2282462689969,16.986853727814044,17.2282462689969,374600
2023-11-07,16.89744758605957,16.977911760228135,16.861686678237568,16.977911760228135,248800
2023-11-08,16.70970344543457,16.906392754118862,16.647120561092102,16.89745209846198,313000
2023-11-09,16.548776626586914,16.754406610467047,16.521954657067646,16.754406610467047,280500
2023-11-10,16.593477249145508,16.620299217121556,16.432548851800757,16.611358561129542,269500
2023-11-13,16.47725486755371,16.557719079585922,16.405731312997972,16.54877842210945,370200
2023-11-14,17.19248390197754,17.237187172429895,16.79910535352924,16.79910535352924,684700
2023-11-15,17.442813873291016,17.487515430216813,17.246124635460383,17.246124635460383,503600
2023-11-16,17.326587677001953,17.46963641551524,17.22824390742145,17.415992499102078,511000
2023-11-17,17.433879852294922,17.469642475642896,17.353415655017717,17.398117228946948,712300
2023-11-20,17.39881134033203,17.443768822276585,17.24595350069535,17.434776982884074,1121600
2023-11-21,17.26393699645996,17.353851959395847,17.209985960676846,17.344861835116646,737100
2023-11-22,17.34485626220703,17.37183005641391,17.236955940327206,17.32687258939082,327600
2023-11-24,17.40780258178711,17.43477638402012,17.317885905968534,17.3718352254525,186400
2023-11-27,17.33586883544922,17.353850797821988,17.245952163513888,17.353850797821988,284500
2023-11-28,17.37183380126953,17.39880931630897,17.21897597941497,17.344860001247895,393200
2023-11-29,17.4527587890625,17.614608450725914,17.41679315036942,17.47074246591795,340300
2023-11-30,17.56965446472168,17.605620110561187,17.40780477089849,17.524695263649594,330800
2023-12-01,17.965288162231445,17.965288162231445,17.479740714207637,17.56066557471468,350600
2023-12-04,18.073184967041016,18.109150611796846,17.84839411350821,17.911335278094498,345500
2023-12-05,17.938310623168945,18.01923546685383,17.866377619339946,18.01024362699794,235400
2023-12-06,18.019235610961914,18.172091744680163,17.974276411322922,17.974276411322922,391600
2023-12-07,18.181079864501953,18.199063540677834,17.98326457162052,18.06418939939423,241000
2023-12-08,18.190074920654297,18.262007923065966,18.10915007856391,18.181083080975583,178400
2023-12-11,18.20805549621582,18.244022848799588,18.127130667920106,18.19906365806988,392700
2023-12-12,18.127134323120117,18.217051007692795,18.0552013184656,18.217051007692795,300200
2023-12-13,18.711585998535156,18.720577836475073,18.001247951458996,18.091164615840437,327100
2023-12-14,19.107221603393555,19.269071284319303,18.90940627949432,18.90940627949432,492100
2023-12-15,18.882429122924805,19.089236268381118,18.828479805635737,19.071252590945473,498600
2023-12-18,18.810977935791016,18.964721580096075,18.80193571402877,18.964721580096075,849800
2023-12-19,19.073253631591797,19.08229758135269,18.838116112679703,18.865247961962382,471800
2023-12-20,18.747678756713867,19.154647880214142,18.72959085679006,19.028036030661646,562300
2023-12-21,18.964725494384766,18.964725494384766,18.747675903206545,18.874289458444785,425700
2023-12-22,19.04612159729004,19.20890924149067,18.973771724862765,19.055165546963078,365600
2023-12-26,19.19986343383789,19.245083177827144,19.037075805390298,19.06420765178385,276300
2023-12-27,19.19986343383789,19.254127126624994,19.118469619614096,19.208907382635743,300000
2023-12-28,19.245079040527344,19.25412298738093,19.118465509533625,19.127509456387212,563000
2023-12-29,19.118465423583984,19.236035007195568,19.04611557403704,19.21794711356971,417100
2024-01-02,19.34456443786621,19.44404615623317,18.991859036320772,19.046121007722306,402200
2024-01-03,18.982818603515625,19.290306040015,18.955686750310168,19.290306040015,440900
2024-01-04,18.94664192199707,19.055165869999247,18.910466122691645,19.00090389599816,597100
2024-01-05,19.064205169677734,19.181773038829068,18.838111654038787,18.90141756242463,386100
2024-01-08,19.19986343383789,19.19986343383789,18.973769888762202,19.037075805390298,358800
2024-01-09,19.000904083251953,19.082297907534247,18.93759815880063,19.082297907534247,322000
2024-01-10,18.964725494384766,19.046119306696202,18.901419579244052,18.99185734014085,342900
2024-01-11,18.76576042175293,18.91950407011013,18.630104667309872,18.91950407011013,398600
2024-01-12,18.693416595458984,18.955684241910127,18.639154621185828,18.86524819310722,408700
2024-01-16,18.358797073364258,18.630110390555433,18.313579049644247,18.630110390555433,534500
2024-01-17,18.16887664794922,18.35879438976041,18.06035099194512,18.205050716646063,404000
2024-01-18,18.10556983947754,18.17791969825345,17.951826173959144,18.168875750286873,400700
2024-01-19,18.295490264892578,18.32262211278595,17.978958939297687,18.13270262744624,612200
2024-01-22,18.526161193847656,18.544324513034386,18.326369879241998,18.371776445059364,375100
2024-01-23,18.517078399658203,18.68054479802379,18.408101955514045,18.562486694842725,317500
2024-01-24,18.335447311401367,18.653298395287337,18.317283996402384,18.653298395287337,418300
2024-01-25,18.63513946533203,18.63513946533203,18.435346417627937,18.50799796257048,594100
2024-01-26,18.65329933166504,18.78952073669748,18.60789104188813,18.698705889292807,366800
2024-01-29,18.74411392211914,18.74411392211914,18.553404286494327,18.653300799716437,254100
2024-01-30,18.68054962158203,18.725957928491564,18.56249148791684,18.66238629881822,471100
2024-01-31,18.353609085083008,18.716868460243425,18.335447502044246,18.598808643671568,675500
2024-02-01,18.480749130249023,18.480749130249023,18.1174915153261,18.43534084579057,490900
2024-02-02,18.32636260986328,18.435339017457906,18.153814610331562,18.317280953872267,443200
2024-02-05,17.999433517456055,18.208306450517156,17.954026960581594,18.208306450517156,526300
2024-02-06,18.072086334228516,18.13565621123771,17.935864921758927,17.99943479876812,390500
2024-02-07,18.04483985900879,18.19014290390432,17.944943366087266,18.171979590255145,424100
2024-02-08,18.04483985900879,18.04483985900879,17.90861673878892,18.00851323171044,378100
2024-02-09,17.926782608032227,18.044842431433217,17.82688610086972,18.044842431433217,409400
2024-02-12,18.290040969848633,18.353610846959448,17.954028267363107,17.954028267363107,469800
2024-02-13,17.717906951904297,18.017594695305952,17.563522251839874,17.999431381851572,429100
2024-02-14,17.854127883911133,17.890454509894944,17.736069813761475,17.826882914423276,400200
2024-02-15,18.090248107910156,18.11749308093959,17.8178053062122,17.854130204769017,325400
2024-02-16,17.935863494873047,18.08116655423427,17.899536863958193,17.99035170909623,482600
2024-02-20,17.927654266357422,18.037081202987448,17.781752843705487,17.84558449870544,376600
2024-02-21,17.96413803100586,17.982374412029337,17.845591988297393,17.936780850546317,829600
2024-02-22,17.982370376586914,18.01884660901397,17.82734986733692,18.01884660901397,595900
2024-02-23,18.000606536865234,18.091795368741852,17.909417704988616,18.000606536865234,359900
2024-02-26,17.754404067993164,17.973256305431875,17.717929564728202,17.93678180216691,397200
2024-02-27,17.900299072265625,17.900299072265625,17.790873862845196,17.836467410223317,296900
2024-02-28,17.8455867767334,17.945894669841934,17.781755113585195,17.85470583422348,308900
2024-02-29,17.982370376586914,18.128271827730146,17.927657767228826,17.99148943469368,328500
2024-03-01,17.982370376586914,18.000608492800442,17.763518199872067,17.99148943469368,231100
2024-03-04,17.96413803100586,18.091801394584625,17.955018970852677,17.96413803100586,325400
2024-03-05,18.027969360351562,18.155632721434532,17.936780499885362,17.964137679810076,372200
2024-03-06,18.146509170532227,18.192104459122756,18.00972678332548,18.110034678942224,459600
2024-03-07,18.21034049987793,18.31976745119735,18.164746951409562,18.255935787628683,259300
2024-03-08,18.283292770385742,18.392719730978378,18.246818276376555,18.310649945354534,321100
2024-03-11,18.36536407470703,18.37448313378405,18.192107170091713,18.246819785271146,243300
2024-03-12,18.27417755126953,18.410959963266382,18.182988696844053,18.410959963266382,393900
2024-03-13,18.35624122619629,18.45654911605341,18.30152862231164,18.30152862231164,137000
2024-03-14,18.06443977355957,18.328887235147203,17.936776441362756,18.328887235147203,411900
2024-03-15,18.17386817932129,18.219461733234535,18.027966719659794,18.027966719659794,220300
2024-03-18,18.12534523010254,18.207733305823474,18.05211157902037,18.207733305823474,276600
2024-03-19,18.198585510253906,18.25351207809422,18.08873586663049,18.10704472257726,254600
2024-03-20,18.43659210205078,18.48236423373126,18.13450301707278,18.21689110806935,220200
2024-03-21,18.546443939208984,18.66544799251916,18.473210272703877,18.473210272703877,281200
2024-03-22,18.381662368774414,18.656288101219094,18.381662368774414,18.610517727820923,180800
2024-03-25,18.41828727722168,18.54644576974781,18.390823994811004,18.39997842228123,234200
2024-03-26,18.299283981323242,18.50067617526346,18.290129552594767,18.45490577764983,256900
2024-03-27,18.747838973999023,18.747838973999023,18.390825013036384,18.390825013036384,245400
2024-03-28,18.90345573425293,18.930919010886196,18.73867956650961,18.73867956650961,280300
2024-04-01,18.683759689331055,18.930924006164965,18.683759689331055,18.930924006164965,415600
2024-04-02,18.56475257873535,18.64714067085918,18.509826019967257,18.619677391475133,244200
2024-04-03,18.537288665771484,18.60136790278247,18.491518281057424,18.55559751806841,226200
2024-04-04,18.44574546813965,18.71121857854237,18.399975085118307,18.637984918091306,287700
2024-04-05,18.427438735961914,18.473210870275956,18.271816971350958,18.45490201655034,288000
2024-04-08,18.58306312561035,18.63798969454611,18.464059051640152,18.464059051640152,208900
2024-04-09,18.711219787597656,18.738681320773654,18.619677269611614,18.665447655590484,234600
2024-04-10,18.18027687072754,18.44574827550571,18.088734344724273,18.44574827550571,328700
2024-04-11,18.14365577697754,18.27181424185539,18.02465173759498,18.23519828590235,179500
2024-04-12,17.923952102661133,18.125344195130452,17.878181728108792,18.097882668810193,232900
2024-04-15,17.850719451904297,18.1161925280004,17.7500225270364,18.015495603132504,254400
2024-04-16,17.667638778686523,17.804953435693935,17.594405109762487,17.804953435693935,338600
2024-04-17,17.73171615600586,17.841565764008703,17.631019226979888,17.76833210999746,246000
2024-04-18,17.88734245300293,17.905649561655785,17.750027788921372,17.750027788921372,192600
2024-04-19,18.244352340698242,18.244352340698242,17.841566357230004,17.841566357230004,233500
2024-04-22,18.34540557861328,18.43727075733922,18.180050359525648,18.290287172250736,171000
2024-04-23,18.474014282226562,18.5199459874241,18.3178440314998,18.345402353745428,219400
2024-04-24,18.547510147094727,18.565881781910903,18.271914598660583,18.372966474971363,205000
2024-04-25,18.372961044311523,18.51994459249145,18.281095888653546,18.47401289075351,344600
2024-04-26,18.363779067993164,18.492389267622695,18.35459237485069,18.400525840563063,237100
2024-04-29,18.483205795288086,18.538324206339936,18.42808563205354,18.42808563205354,239900
2024-04-30,18.308656692504883,18.437266864255246,18.308656692504883,18.437266864255246,213400
2024-05-01,18.336217880249023,18.547508305389563,18.143302592465325,18.170862670226903,294900
2024-05-02,18.428081512451172,18.474014971544857,18.3086580231722,18.400523189177267,123800
2024-05-03,18.464832305908203,18.630189290336286,18.391340507516023,18.565882433583276,158800
2024-05-06,18.53832244873047,18.621000933560886,18.510762369726155,18.556695834733347,234000
2024-05-07,18.510759353637695,18.648556221841996,18.510759353637695,18.593437824996723,214600
2024-05-08,18.565881729125977,18.593441809545823,18.40052650315476,18.42808483139199,120300
2024-05-09,18.795541763305664,18.80472845577887,18.529134690312354,18.556694767731976,254200
2024-05-10,18.81391716003418,18.85066393385636,18.749612058027974,18.823103853489723,234500
2024-05-13,18.869029998779297,19.01601353266692,18.85065661899786,18.85984330888858,201000
2024-05-14,18.896595001220703,19.04357858710595,18.841476594559374,18.933341773783294,197700
2024-05-15,18.942527770996094,19.07113796587505,18.887407614177263,18.997646175632433,133500
2024-05-16,18.97926902770996,19.016015791638093,18.878217179089734,18.8965905610538,167600
2024-05-17,18.97926902770996,19.025200730437984,18.9241506339999,18.960895645745893,116400
2024-05-20,18.864938735961914,19.01246676315027,18.855719882998745,18.957143093460196,154800
2024-05-21,18.82805633544922,18.90181946300757,18.78195504021963,18.84649755700173,126100
2024-05-22,18.698972702026367,18.80961652232284,18.662090256159665,18.78195644657463,123000
2024-05-23,18.29327392578125,18.68975141117704,18.2471726287755,18.68975141117704,220400
2024-05-24,18.330156326293945,18.413140075588167,18.27483441298177,18.385479998258035,185200
2024-05-28,18.201072692871094,18.413141509289996,18.15497138796335,18.376260817094213,186000
2024-05-29,17.924461364746094,18.05354642554355,17.88757891385993,18.05354642554355,175600
2024-05-30,18.256389617919922,18.265610228110322,18.025879639114613,18.035100249305014,168700
2024-05-31,18.625215530395508,18.634434386161086,18.274839217122697,18.293280445958608,198800
2024-06-03,18.588329315185547,18.68975429462813,18.51456617340513,18.65287184441191,234100
2024-06-04,18.514562606811523,18.579105123604595,18.440799479240628,18.486900774478055,134000
2024-06-05,18.450023651123047,18.606770547296936,18.403920588335417,18.606770547296936,303300
2024-06-06,18.35782241821289,18.486907498751364,18.330160575817935,18.422364958482127,234500
2024-06-07,18.29327392578125,18.394698889576013,18.219510795380994,18.28405331464975,192000
2024-06-10,18.18263053894043,18.256393678217293,18.062766097110014,18.228733600145947,177900
2024-06-11,18.13652992248535,18.1641917602551,17.98900363835076,18.11808869730552,111400
2024-06-12,18.201072692871094,18.440803347425877,18.13653016253943,18.385481429806173,604100
2024-06-13,18.12730598449707,18.25639101977158,18.04432224506297,18.219510334829593,232400
2024-06-14,17.98900032043457,18.06276344889689,17.85069467439918,18.06276344889689,188400
2024-06-17,18.04432487487793,18.062766099362435,17.869136759579046,17.961341123349616,236900
2024-06-18,18.108863830566406,18.16418749310922,18.016661243631614,18.016661243631614,171400
2024-06-20,18.145751953125,18.21951510095672,18.05354757867231,18.118090113193542,212400
2024-06-21,18.145751953125,18.191853261025262,18.07198880529328,18.154972566435486,108700
2024-06-24,18.3687686920166,18.424290923268998,18.15593200136582,18.183692234482063,192800
2024-06-25,18.155927658081055,18.359510300651813,18.137419663751125,18.359510300651813,289500
2024-06-26,18.10965919494629,18.137421188775456,18.017120980535363,18.100405197003234,241300
2024-06-27,17.998613357543945,17.998613357543945,17.887567155835914,17.980105363089358,183600
2024-06-28,18.17443084716797,18.239207051467453,18.063386429802907,18.10040064725153,190800
2024-07-01,18.044883728027344,18.34100461449438,18.026375731368226,18.21145216791998,231200
2024-07-02,18.091150283813477,18.100404281288363,18.017120069033915,18.03562806398369,179600
2024-07-03,18.02638053894043,18.183695022458725,18.01712653814286,18.11891878189593,309100
2024-07-05,17.952342987060547,18.054135189361986,17.896820769904974,18.026373198274467,214300
2024-07-08,17.998613357543945,18.100403797005185,17.943089374180182,17.980105363089358,157100
2024-07-09,18.06338882446289,18.118911040505992,17.91532840500167,17.97085062104477,199500
2024-07-10,18.29473876953125,18.29473876953125,18.091154309817135,18.091154309817135,165700
2024-07-11,18.729665756225586,18.748173754897582,18.41503683888123,18.41503683888123,263300
2024-07-12,18.849964141845703,18.951754594561894,18.77593391940678,18.785186152819385,175600
2024-07-15,18.933244705200195,19.035036912761342,18.87772248517573,18.886976482683068,176000
2024-07-16,19.386682510375977,19.386682510375977,18.998023425081414,18.998023425081414,186800
2024-07-17,19.63653564453125,19.719819869860753,19.30340050823305,19.30340050823305,253500
2024-07-18,19.44220542907715,19.812356531899482,19.405189436285074,19.525489647839635,180900
2024-07-19,19.377429962158203,19.469968182726397,19.28489174159001,19.423698189932423,112100
2024-07-22,19.494510650634766,19.503802813299178,19.17858420924002,19.355131755266218,137600
2024-07-23,19.45733642578125,19.540964085886895,19.34583228820767,19.3737087656756,192900
2024-07-24,19.485218048095703,19.65247342768173,19.41088252075733,19.46663549548519,166400
2024-07-25,19.726804733276367,19.87547575613595,19.457339168955276,19.48521387805495,201500
2024-07-26,20.014854431152344,20.014854431152344,19.810430465511995,19.838306944180648,295700
2024-07-29,19.884763717651367,20.024142550613103,19.810428221918574,20.024142550613103,154000
2024-07-30,20.07990264892578,20.117069523872438,19.91264728091921,19.94052199405454,178100
2024-07-31,20.02414894104004,20.23786511023711,19.949813421584103,20.052025425447983,271100
2024-08-01,19.83831024169922,20.154236629930942,19.736098241889394,20.070608952322633,342700
2024-08-02,19.550262451171875,19.73610037639026,19.308671553319137,19.67105701394889,331900
2024-08-05,19.048494338989258,19.243624405904885,18.90911546657831,19.159998500297128,377700
2024-08-06,19.178579330444336,19.35512683155901,19.002033601628025,19.057784791133262,265800
2024-08-07,19.085660934448242,19.44804631826996,19.06707661417576,19.35512648920589,229300
2024-08-08,19.30866813659668,19.30866813659668,19.122828471964432,19.15999711381024,189500
2024-08-09,19.290082931518555,19.336541959397984,19.132119755510857,19.2993750915541,163700
2024-08-12,19.169286727905273,19.420169733338472,19.13211985985868,19.392295025378107,173300
2024-08-13,19.401586532592773,19.41087869321514,19.178579994551296,19.262207667854153,173000
2024-08-14,19.392297744750977,19.44804894078799,19.37371342197245,19.44804894078799,153000
2024-08-15,19.624591827392578,19.698927328650583,19.550256326134576,19.5874231906145,193800
2024-08-16,19.736093521118164,19.77326215663065,19.54096350157187,19.596714682542515,185800
2024-08-19,19.844270706176758,19.872245512474375,19.7510172016385,19.7510172016385,180800
2024-08-20,19.760343551635742,19.834946002635945,19.741692494220008,19.82562047392808,208700
2024-08-21,19.778993606567383,19.81629572286268,19.71371668171341,19.81629572286268,130000
2024-08-22,19.78831672668457,19.86291917153054,19.72303980977717,19.853595422254553,117500
2024-08-23,20.142681121826172,20.22660910064458,19.82562026377057,19.86292059954391,288300
2024-08-26,20.217281341552734,20.34783517035007,20.189304758812224,20.198630286392394,185500
2024-08-27,20.07740592956543,20.1799831957745,20.04010381191641,20.1799831957745,154600
2024-08-28,20.13335418701172,20.235933215883566,20.03077515813987,20.068077269970576,142700
2024-08-29,20.189308166503906,20.30121273769145,20.030777728208193,20.226610283120692,147700
2024-08-30,20.329185485839844,20.366487598675533,20.133354729440384,20.245257510622178,116200
2024-09-03,20.22661018371582,20.366489563015694,20.17998253817399,20.273236050594843,186200
2024-09-04,20.152013778686523,20.329193548942378,20.068085770180765,20.226616255284608,152400
2024-09-05,20.068078994750977,20.198632840053904,19.965499957062825,20.18930731129473,201300
2024-09-06,19.806968688964844,20.170655401899086,19.76966835416622,20.086729203936518,158900
2024-09-09,19.91887092590332,19.984147838179275,19.806966377242787,19.84426848635045,159000
2024-09-10,19.91887092590332,19.937520201794694,19.760340519520664,19.937520201794694,107400
2024-09-11,19.751014709472656,19.834942675100862,19.452604955533445,19.834942675100862,130000
2024-09-12,19.825620651245117,19.872246516538734,19.676415747910248,19.806969593662572,149800
2024-09-13,20.13335418701172,20.13335418701172,19.928197907930617,19.956172713141054,143500
2024-09-16,20.27323341369629,20.291884469487115,20.16133063627648,20.189305441300146,214900
2024-09-17,20.254581451416016,20.450413971130104,20.23593217512241,20.33850942005598,106300
2024-09-18,20.2639102935791,20.47839212467083,20.207958898220998,20.2639102935791,174300
2024-09-19,20.413114547729492,20.46906771996164,20.301211760590665,20.46906771996164,175500
2024-09-20,20.27323341369629,20.413112774802336,20.24525683001005,20.413112774802336,181500
2024-09-23,20.323762893676758,20.370549792180935,20.276977779910272,20.314405513975924,133500
2024-09-24,20.333120346069336,20.43604973840881,20.286335232135592,20.333120346069336,156000
2024-09-25,20.13661766052246,20.370546764056215,20.127260282212617,20.370546764056215,203900
2024-09-26,20.295692443847656,20.33312017773726,20.20212043201713,20.20212043201713,122400
2024-09-27,20.454763412475586,20.595120531566675,20.38926354254892,20.407976516286826,226000
2024-09-30,20.520265579223633,20.54833593534119,20.379908444422455,20.454765701965602,194700
2024-10-01,20.295692443847656,20.492192062427854,20.23954816590673,20.492192062427854,141700
2024-10-02,20.202119827270508,20.370549086576023,20.174047689140377,20.286334456923264,152400
2024-10-03,20.071121215820312,20.14597847031211,20.005619556494477,20.13662109040842,304100
2024-10-04,20.202119827270508,20.248904939416427,20.071120085471826,20.1927624478938,216000
2024-10-07,20.089834213256836,20.1927636075743,19.986906603677102,20.183406227660193,144900
2024-10-08,20.099191665649414,20.15533594533652,20.033691790752187,20.099191665649414,189800
2024-10-09,20.220842361450195,20.32377000469703,20.061770420354193,20.108555550490184,165500
2024-10-10,20.174047470092773,20.23954734028092,20.117904979179734,20.183404849367882,122900
2024-10-11,20.398618698120117,20.417333456192928,20.202119092568314,20.202119092568314,136900
2024-10-14,20.4921932220459,20.4921932220459,20.31440656798102,20.39862120492029,150900
2024-10-15,20.716760635375977,20.90390463026906,20.567046153356472,20.567046153356472,241800
2024-10-16,20.978763580322266,21.00683571726436,20.77290659695958,20.77290659695958,193100
2024-10-17,20.82905387878418,20.97876840744892,20.763553995585603,20.97876840744892,129500
2024-10-18,20.83840560913086,20.875833338778722,20.735476229308656,20.829048230534525,148900
2024-10-21,20.565946578979492,20.847801658083313,20.55655123047808,20.838406309581902,182700
2024-10-22,20.500181198120117,20.528367243991,20.38744059859563,20.509576546743745,161500
2024-10-23,20.462608337402344,20.500187952298653,20.34986590875319,20.472003689121447,335300
2024-10-24,20.47199821472168,20.565948122829447,20.387441863840984,20.565948122829447,131000
2024-10-25,20.284093856811523,20.54715824623944,20.26530315928534,20.537762897476348,398600
2024-10-28,20.50957489013672,20.537760933730947,20.387438951853817,20.387438951853817,214800
2024-10-29,20.302886962890625,20.406232227585495,20.284096263135282,20.406232227585495,169800
2024-10-30,20.302886962890625,20.49078858450478,20.26530556337994,20.26530556337994,99900
2024-10-31,20.293489456176758,20.425020756525207,20.293489456176758,20.321673710834528,198400
2024-11-01,20.161954879760742,20.415623904885944,20.133770627177565,20.368648955927693,174900
2024-11-04,20.049219131469727,20.218331855761953,20.011637729635954,20.190145804386624,156100
2024-11-05,20.274700164794922,20.284095514325756,19.992846846788737,20.03042645293237,180000
2024-11-06,20.969934463500977,21.01691119897126,20.79142645267236,20.79142645267236,611300
2024-11-07,20.735063552856445,20.960546587546887,20.716272851970608,20.960546587546887,185600
2024-11-08,20.706876754760742,20.819617362293574,20.641109309723667,20.735061010654125,233200
2024-11-11,20.969934463500977,21.10146573885931,20.838403188142642,20.866587437445585,172300
2024-11-12,20.819616317749023,20.979333663723704,20.763246016810772,20.885381967506913,251400
2024-11-13,20.838407516479492,20.98872951724926,20.79143077125169,20.904173167818815,337000
2024-11-14,20.744457244873047,20.885383906290635,20.70687763808556,20.885383906290635,122000
2024-11-15,20.744457244873047,20.83840894981135,20.65990088962655,20.772643293948455,158500
2024-11-18,20.93961524963379,20.977328163425003,20.741627846982027,20.760484303877632,132700
2024-11-19,20.788768768310547,20.835909914126383,20.675633614854224,20.779342337398223,149400
2024-11-20,20.835906982421875,20.835906982421875,20.685058933537874,20.76991118581645,178000
2024-11-21,21.099891662597656,21.128176348109776,20.81705200047934,20.901904258764976,232600
2024-11-22,21.467586517333984,21.486442975339962,21.14703392423561,21.16589038224159,183100
2024-11-25,21.759855270385742,21.891846885063494,21.62786365570799,21.62786365570799,178900
2024-11-26,21.62786293029785,21.69385873542319,21.552438896118773,21.69385873542319,164800
2024-11-27,21.64671516418457,21.797565013887645,21.61843227844387,21.66557162017878,117400
2024-11-29,21.67500114440918,21.750425174646004,21.618433571294243,21.693857601531068,106400
2024-12-02,21.495868682861328,21.637290314897204,21.40158999250508,21.62786208621143,171600
2024-12-03,21.30731201171875,21.533584132056795,21.28845555212784,21.48644478133048,118900
2024-12-04,21.23188591003418,21.29788171394335,21.16589010612501,21.260168798423376,135400
2024-12-05,21.156461715698242,21.27902509370072,21.14703348689024,21.260168636084718,145000
2024-12-06,21.052757263183594,21.25074651177055,21.005617907842055,21.23189005033348,188000
2024-12-09,21.0056095123291,21.222453337433944,20.98675305842857,21.156457547032506,176800
2024-12-10,21.10931968688965,21.269595973406368,20.779340683694073,20.986756314024248,548500
2024-12-11,20.901906967163086,21.137607315553176,20.901906967163086,21.11875085610174,158300
2024-12-12,20.835906982421875,20.96789857563273,20.826478754585303,20.930187462537024,119300
2024-12-13,20.864192962646484,20.864192962646484,20.666205543461025,20.81705361472162,186800
2024-12-16,20.73219871520996,20.864190311226785,20.71334225913595,20.82647919732939,210900
2024-12-17,20.562496185302734,20.760485396626564,20.53421329672133,20.64734844754855,125000
2024-12-18,19.930818557739258,20.637919520363887,19.930818557739258,20.60020840411429,298100
2024-12-19,19.893108367919922,20.20423273403392,19.893108367919922,20.053384665509,349200
2024-12-20,20.157093048095703,20.241945317565662,19.836542227960344,19.836542227960344,200800
2024-12-23,20.13153839111328,20.14100336465921,19.951707504258888,20.084213523383642,195600
2024-12-24,20.226186752319336,20.226186752319336,20.07474897761658,20.122073846354677,125300
2024-12-26,20.320833206176758,20.33976315397652,20.11260919615691,20.178862208196897,129300
2024-12-27,20.197790145874023,20.377621021556298,20.10314222155393,20.245113205404568,186400
2024-12-30,20.03689193725586,20.084215003213203,19.9043859083679,20.055821885742496,226500
2024-12-31,20.122072219848633,20.197790198450004,19.999029376334526,20.103142273883538,266700
2025-01-02,20.03689193725586,20.29244082604771,19.96117394856856,20.16939796614382,199400
2025-01-03,20.150466918945312,20.159930086565605,19.94224112611913,20.093677081669632,141400
2025-01-06,19.951705932617188,20.226184728050413,19.94224095981684,20.159929918447965,334200
2025-01-07,19.942241668701172,20.150467467192698,19.84759374259221,20.055819541083736,184400
2025-01-08,19.875991821289062,19.904386745212832,19.66776779495939,19.857061872006547,355500
2025-01-10,19.715087890625,19.923311885562455,19.658299856598248,19.847593905107104,266300
2025-01-13,19.894914627075195,19.894914627075195,19.63936581929696,19.696153841494787,208300
2025-01-14,20.150466918945312,20.159930086565605,19.951706098998407,19.980101017636247,122300
2025-01-15,20.349227905273438,20.5006638754966,20.273509920161857,20.443875837977703,206200
2025-01-16,20.49119758605957,20.5195925056255,20.25457867212064,20.292438564875212,245800
2025-01-17,20.60477638244629,20.7088874816689,20.57638146160787,20.585846435220677,155400
2025-01-21,20.72258758544922,20.73208921882624,20.618073242804527,20.637074697307305,217100
2025-01-22,20.475555419921875,20.656082872480717,20.45655396090386,20.656082872480717,174200
2025-01-23,20.618074417114258,20.63707587269927,20.475551720592794,20.494554988429172,234900
2025-01-24,20.69408416748047,20.732088888131074,20.570564747800717,20.627572734902245,268800
2025-01-27,20.979129791259766,20.998133061221655,20.722591083528968,20.760597623452746,200100
2025-01-28,20.76059913635254,20.98863295575815,20.703591134564064,20.96012804873806,165800
2025-01-29,20.703588485717773,20.903117372575288,20.646578678971512,20.760596480212566,201700
2025-01-30,20.808101654052734,20.893614547045868,20.68458403764674,20.751093662807765,129400
2025-01-31,20.656084060668945,20.855614795974986,20.58007278346945,20.694090605394592,239800
2025-02-03,20.48505401611328,20.58957018033753,20.20001223836714,20.380539664140457,220100
2025-02-04,20.589570999145508,20.627575725305704,20.418545200795883,20.456551739207576,143900
2025-02-05,20.665584564208984,20.67508619986963,20.523063653802712,20.59907492683617,135600
2025-02-06,20.675086975097656,20.798604618814025,20.599075699214094,20.798604618814025,284400
2025-02-07,20.589570999145508,20.70358880212909,20.494556465367772,20.67508389832032,99400
2025-02-10,20.58007049560547,20.627576858979495,20.47555432148069,20.627576858979495,135100
2025-02-11,20.713090896606445,20.713090896606445,20.48505707787657,20.513561984812192,149000
2025-02-12,20.561067581176758,20.570569216466314,20.43754994691578,20.513561216980605,142600
2025-02-13,20.72258758544922,20.73208921882624,20.532560354662614,20.57056507591943,127800
2025-02-14,20.656084060668945,20.884117892267422,20.646582424487534,20.76060024641267,133200
2025-02-18,20.960121154785156,20.969622787333353,20.627571264602594,20.656076162247192,146600
2025-02-19,20.979129791259766,21.017136331183544,20.798602351124956,20.82710725606779,133100
2025-02-20,20.912620544433594,20.96012690796313,20.846110910591605,20.931623814746047,119800
2025-02-21,20.789100646972656,20.97912972145613,20.77960082427489,20.950624816608137,153200
2025-02-24,20.827228546142578,20.932078344184877,20.741441190791985,20.827228546142578,164500
2025-02-25,20.903486251831055,20.989273617362446,20.855825594275732,20.884421988808924,210800
2025-02-26,20.827228546142578,20.99880325684376,20.770037581931508,20.913015901493168,218200
2025-02-27,20.74144172668457,20.855823658061976,20.73190959605845,20.78910056174715,259200
2025-02-28,21.017866134643555,21.046462526375073,20.79863258557261,20.846293238458475,222700
2025-03-03,20.941612243652344,21.218038593815507,20.827230305567543,21.075060262175445,217700
2025-03-04,20.45548439025879,20.789101708300468,20.445954077175077,20.789101708300468,380700
2025-03-05,20.46501350402832,20.58892937266375,20.28390849305016,20.455481374281916,220000
2025-03-06,20.61752700805664,20.65565553270901,20.302973951947088,20.350634607762547,242700
2025-03-07,20.932077407836914,20.998802317511014,20.560333429992106,20.560333429992106,199200
2025-03-10,20.79863166809082,21.170375653861917,20.665185482033078,20.836760188717562,323200
2025-03-11,20.379228591918945,20.75097442422155,20.312505493781266,20.73191016244848,214800
2025-03-12,20.188589096069336,20.379226237572137,20.093269616284005,20.36969592585468,268700
2025-03-13,20.09326934814453,20.398290224932875,20.04561051792179,20.226715527222474,151100
2025-03-14,20.417356491088867,20.44595288287398,20.150462288631886,20.18859081101203,149700
2025-03-17,20.646121978759766,20.69378081322279,20.388759909296233,20.388759909296233,212800
2025-03-18,20.579397201538086,20.646120291560916,20.484077722333534,20.646120291560916,126100
2025-03-19,20.655656814575195,20.70331565528019,20.48408207912805,20.59846584211556,147000
2025-03-20,20.569866180419922,20.665185664761697,20.512675217042034,20.522207347283008,85100
2025-03-21,20.417356491088867,20.48407958718611,20.322037003206518,20.417356491088867,110800
2025-03-24,20.60862159729004,20.64687513607581,20.512991398383864,20.560806497836953,117000
2025-03-25,20.369539260864258,20.62774513513017,20.30259740250543,20.61818175193193,141500
2025-03-26,20.4747371673584,20.57036918706043,20.398231916402583,20.398231916402583,253700
2025-03-27,20.51299285888672,20.589498117876225,20.436487599897212,20.465175931999994,171800
2025-03-28,20.3599796295166,20.53211507129733,20.29303594079025,20.522551687193562,129400
2025-03-31,20.532114028930664,20.599057714258443,20.235656432880457,20.235656432880457,112400
2025-04-01,20.48430061340332,20.551242480187565,20.331290111031027,20.541679095785664,189800
2025-04-02,20.599058151245117,20.599058151245117,20.36954058759589,20.407794122880414,147500
2025-04-03,19.566234588623047,20.149588233560394,19.5375462611861,20.07308298701361,419400
2025-04-04,18.638608932495117,19.174145678040567,18.5525402989574,19.145457349547346,520900
2025-04-07,18.31346321105957,18.87769017211301,17.768363020489453,18.06482066686405,612200
2025-04-08,17.863990783691406,18.791617042302892,17.634475064778115,18.791617042302892,371300
2025-04-09,18.93506622314453,18.992446527211335,17.519718222018607,17.624913622112086,330700
2025-04-10,18.27520751953125,18.657733725857707,17.844864397395966,18.64817034269594,219500
2025-04-11,18.495161056518555,18.57166630273256,18.01700281167377,18.29433364518869,295900
2025-04-14,18.80118179321289,18.858560271108804,18.552539290292025,18.743803315316974,219400
2025-04-15,18.724679946899414,18.935068953393383,18.715116561509333,18.82031197677095,153400
2025-04-16,18.54297637939453,18.84899736801337,18.45690774834186,18.686425313834963,248500
2025-04-17,18.657733917236328,18.810744401336393,18.542975142146854,18.542975142146854,222800
2025-04-21,18.44173240661621,18.6241342376,18.2881314429671,18.566534333998565,145700
2025-04-22,18.864139556884766,18.883340138756516,18.585738444017437,18.595338734953316,232200
2025-04-23,18.8929386138916,19.305741929118387,18.806537834840967,19.123340081003928,177600
2025-04-24,19.123336791992188,19.142537368716276,18.83533546540199,18.902535652868515,115700
2025-04-25,19.02733612060547,19.084936020863825,18.902536031534392,19.084936020863825,129500
2025-04-28,19.075340270996094,19.161739218113482,18.94093804322533,19.056139691161974,112800
2025-04-29,19.171340942382812,19.209742104924132,19.00813966371863,19.00813966371863,180000
2025-04-30,19.03693962097168,19.084939240773917,18.75853853019608,19.046539911145754,155300
2025-05-01,19.017738342285156,19.180939607115324,18.912138816384264,19.046539211749792,102400
2025-05-02,19.33454132080078,19.36334219136576,19.123340429862,19.228941790865456,112500
2025-05-05,19.248138427734375,19.344139488013603,19.171337945724577,19.238539969667585,143900
2025-05-06,19.113739013671875,19.267339985500104,19.084938144803576,19.171338920340457,72000
2025-05-07,19.1617374420166,19.296139657329654,19.10413753892124,19.152138984057295,132400
2025-05-08,19.35373878479004,19.53614060686117,19.200137828646294,19.23853898321615,146400
2025-05-09,19.315340042114258,19.449740425014593,19.286539175320808,19.440140136083443,115900
2025-05-12,19.804941177368164,19.920142808920918,19.708941953986653,19.824141754471594,144200
2025-05-13,19.776142120361328,19.872143174701822,19.71854222018416,19.824141731997667,142700
2025-05-14,19.58414077758789,19.756942315945235,19.507340297325502,19.756942315945235,348900
2025-05-15,19.82414436340332,19.833744653218467,19.57454232141363,19.57454232141363,122600
2025-05-16,20.025747299194336,20.025747299194336,19.78574554088594,19.843345450180887,174800
2025-05-19,19.992008209228516,19.992008209228516,19.818499645175923,19.885974789294202,134000
2025-05-20,19.992008209228516,20.088402060208825,19.943812203018258,19.953451771972265,119300
2025-05-21,19.432924270629883,19.847416504264565,19.42328470257331,19.83777693620799,180400
2025-05-22,19.355812072753906,19.471485065861454,19.220861779594976,19.365451642059522,186100
2025-05-23,19.39436912536621,19.432925561594274,19.18230229115279,19.22086056594059,220900
2025-05-27,19.74138641357422,19.75102598325162,19.481123547964184,19.596796545533063,135000
2025-05-28,19.442567825317383,19.74138714210463,19.42328868525111,19.74138714210463,144600
2025-05-29,19.519681930541992,19.519681930541992,19.326894213087975,19.49076322135591,127300
2025-05-30,19.52931785583496,19.61607212864375,19.41364487923671,19.44256358302617,174400
2025-06-02,19.461843490600586,19.490760356977088,19.278695369790867,19.490760356977088,144300
2025-06-03,19.587156295776367,19.635354142489906,19.346172577888254,19.432926863412764,171200
2025-06-04,19.384727478027344,19.616071586267687,19.384727478027344,19.596792450941106,146800
2025-06-05,19.346172332763672,19.432926617188965,19.288336756000085,19.413647478747826,243400
2025-06-06,19.558242797851562,19.6064388143135,19.47148849737193,19.51968451383387,141200
2025-06-09,19.654630661010742,19.770303649963413,19.616074223733044,19.654630661010742,143300
2025-06-10,19.866697311401367,19.924532886045863,19.68354918004074,19.693188748908117,136700
2025-06-11,19.779943466186523,19.934172894344876,19.73174562078716,19.91489375618513,242900
2025-06-12,19.779943466186523,19.789583035266396,19.64499133762811,19.751024758946905,125900
2025-06-13,19.49076271057129,19.702829561925167,19.452206271226874,19.644992145068716,138500
2025-06-16,19.548601150512695,19.673911883140093,19.4907637306293,19.625715871797244,125300
2025-06-17,19.365449905395508,19.51967932333461,19.355810336954352,19.510039754893455,159700
2025-06-18,19.41364860534668,19.529321604146336,19.3172565846669,19.346173455446856,206300
2025-06-20,19.41364860534668,19.558240313486237,19.404009035566713,19.49076332502647,267700
2025-06-23,19.613069534301758,19.62275044161679,19.312968793312777,19.400095112703813,350800
2025-06-24,19.75827980041504,19.835725213860083,19.690515294456166,19.709877109428504,375100
2025-06-25,19.55498695373535,19.777642294226634,19.525944230279997,19.709877785941842,382100
2025-06-26,19.77764129638672,19.78732220371674,19.622750471994923,19.642112286654964,289400
2025-06-27,19.75827980041504,19.922851534791292,19.651791664511492,19.884129751290924,194300
2025-06-30,19.75827980041504,19.797003430359712,19.680834386969998,19.738917985442704,202400
2025-07-01,20.300397872924805,20.494012331460997,19.719558190204875,19.719558190204875,242200
2025-07-02,20.542415618896484,20.561777434600735,20.310079369778578,20.358483909039208,174000
2025-07-03,20.600502014160156,20.677947434097266,20.561778380969372,20.581140197564764,152700
2025-07-07,20.319761276245117,20.610182986748555,20.251996764394324,20.50369484158618,274900
2025-07-08,20.50369644165039,20.6005036860395,20.31976286195555,20.31976286195555,219500
2025-07-09,20.658586502075195,20.706989199191757,20.494014746856536,20.687629228211854,165500
2025-07-10,20.83283805847168,20.939324355755897,20.600501801063693,20.600501801063693,134300
2025-07-11,20.619861602783203,20.716668837524487,20.571458908634774,20.67794705149463,194100
2025-07-14,20.55209732055664,20.639223648146586,20.445611022959053,20.561778228782682,209400
2025-07-15,20.2423152923584,20.629542382468347,20.2423152923584,20.60050150473786,207900
2025-07-16,20.319761276245117,20.3488040012288,20.077744107381154,20.281039489378006,265500
2025-07-17,20.455289840698242,20.484332565029877,20.2810390340417,20.2810390340417,157100
2025-07-18,20.416568756103516,20.581140506747733,20.368166060332356,20.552097781418347,127300
2025-07-21,20.38545799255371,20.57016223825808,20.375736521287056,20.53127820737251,315800
2025-07-22,20.79375457763672,20.813197523968892,20.414626395066396,20.414626395066396,126400
2025-07-23,20.949291229248047,20.9687341726004,20.82291580582001,20.91040719672447,299900
2025-07-24,20.6187686920166,20.929850224363626,20.59932760276709,20.84235883310683,188200
2025-07-25,20.71598243713379,20.725703909263082,20.502115612832974,20.686819874927124,134300
2025-07-28,20.531280517578125,20.71598292988439,20.50211610049654,20.706261457523862,135400
2025-07-29,20.5118350982666,20.599326484774956,20.424343711758244,20.570162071211826,89600
2025-07-30,20.191036224365234,20.53128033727065,20.093823355794935,20.521558864995495,209300
2025-07-31,20.006332397460938,20.14242930392992,19.957726889202384,20.093823795671366,142300
2025-08-01,19.811906814575195,19.96744852144586,19.63692587093564,19.909119686051373,203900
2025-08-04,20.035499572753906,20.07438361387677,19.87995969989937,19.87995969989937,151200
2025-08-05,20.152149200439453,20.181313615622585,20.00633083288608,20.113265167709752,123900
2025-08-06,20.016054153442383,20.152151061838946,20.006332680816726,20.152151061838946,196900
2025-08-07,19.87995719909668,20.122988451632427,19.77302285464293,20.04521852498824,213200
2025-08-08,19.918838500976562,20.00632988821359,19.821625642470863,19.938281443513915,144600
2025-08-11,19.9480037689209,20.11326507920247,19.87023384962258,19.98688780147949,235300
2025-08-12,20.346576690673828,20.356298163244386,20.00633256742946,20.016054040000018,118300
2025-08-13,20.754867553710938,20.78403011483295,20.3757375714944,20.395180515029843,132600
2025-08-14,20.638212203979492,20.66737661992888,20.453509798843612,20.56044228229565,102900
2025-08-15,20.5118350982666,20.677096400095603,20.492392155891178,20.647931986532473,135700
2025-08-18,20.5128116607666,20.600640211635817,20.49329379138978,20.55184553819377,118500
2025-08-19,20.68846893310547,20.83484923198575,20.590881446743122,20.590881446743122,114000
2025-08-20,20.629915237426758,20.795813405144656,20.590881359842445,20.69822591919416,108500
2025-08-21,20.56160545349121,20.62991613824143,20.49329476874099,20.56160545349121,211900
2025-08-22,21.176403045654297,21.225195854812977,20.688467508762045,20.688467508762045,218800
2025-08-25,20.951950073242188,21.11784822065119,20.951950073242188,21.088573281378352,233700
2025-08-26,20.864124298095703,20.97147071986044,20.825090420116297,20.932436841881035,96700
2025-08-27,21.00074577331543,21.020263641341,20.80557081571243,20.80557081571243,175600
2025-08-28,20.844608306884766,21.039781419595048,20.737261885031888,21.039781419595048,120300
2025-08-29,20.951950073242188,21.020262607973397,20.844605527031362,20.844605527031362,140700
2025-09-02,20.795814514160156,20.844609190400803,20.639675272843238,20.776298504990475,173600
2025-09-03,20.71774673461914,20.86412705369626,20.620159234792148,20.71774673461914,145200
2025-09-04,20.834848403930664,20.84460733831169,20.67870917648706,20.805571600787584,142900
2025-09-05,20.873882293701172,21.04953939002105,20.737260934930788,20.873882293701172,208700
2025-09-08,20.747020721435547,20.873883151029027,20.610399357053875,20.873883151029027,147500
2025-09-09,20.698226928710938,20.766539475136632,20.678710919630163,20.73726266952562,241700
2025-09-10,20.629915237426758,20.717743788649557,20.522570678075045,20.65919204160985,156000
2025-09-11,20.873882293701172,20.883641228088546,20.610398510547775,20.64943238677085,197800
2025-09-12,20.698226928710938,20.83485016023576,20.688469854833833,20.82509122503209,122700
2025-09-15,20.58112335205078,20.776298332742094,20.54208761138189,20.75678046240765,187700
2025-09-16,20.48353385925293,20.629914149798125,20.434741049513324,20.581121340058523,252000
2025-09-17,20.52256965637207,20.86412304820507,20.444500043763615,20.50305178788836,327300
2025-09-18,20.668949127197266,20.707983001289424,20.503050974321386,20.581120583832018,281400
2025-09-19,20.542089462280273,20.678712705604944,20.48353770732783,20.668953769558417,211200
2025-09-22,20.54012680053711,20.569526511162973,20.461729441341948,20.510728959051722,192400
2025-09-23,20.589126586914062,20.765521114690067,20.549926972234726,20.549926972234726,162700
2025-09-24,20.638126373291016,20.696925801398958,20.58912871900843,20.6185284330624,172200
2025-09-25,20.432331085205078,20.618525509531384,20.402931375319735,20.60872560623627,168300
2025-09-26,20.618526458740234,20.638124397092252,20.48132967543298,20.500929482925518,231700
2025-09-29,20.54012680053711,20.65772377390009,20.461729441341948,20.65772377390009,246300
2025-09-30,20.647924423217773,20.657724327022127,20.44213205074795,20.51072950823789,169400
2025-10-01,20.755720138549805,20.80471778522671,20.657722976055588,20.677322782382515,197700
2025-10-02,20.716522216796875,20.834119195216385,20.66752456612074,20.726322120760216,195800
2025-10-03,20.9027156829834,20.990912945416532,20.75572086864167,20.75572086864167,212100
2025-10-06,20.80472183227539,20.941918634111733,20.765524081136988,20.941918634111733,257600
2025-10-07,20.755720138549805,20.883115141394,20.726320429059417,20.863517204207483,245400
2025-10-08,20.745920181274414,20.82431753723722,20.706720568722808,20.82431753723722,200400
2025-10-09,20.53032875061035,20.76552082801798,20.510728943541263,20.706721406810715,419700
2025-10-10,20.010944366455078,20.61852528000553,20.001144463269057,20.589125570447468,567800
2025-10-13,20.265737533569336,20.29513537586075,20.099142907069375,20.17754026841403,295300
2025-10-14,20.60872459411621,20.67732204467267,20.167738313195617,20.167738313195617,609600
2025-10-15,20.628326416015625,20.834120675587364,20.520531203040612,20.696925748633333,340500
2025-10-16,20.402931213378906,20.677322896042924,20.344133663215338,20.64792318639093,311900
2025-10-17,20.50092887878418,20.520528685699134,20.383331906434925,20.422531520264833,416500
2025-10-20,20.692893981933594,20.71258319901641,20.584605165645193,20.5944497741866,167900
2025-10-21,20.732271194458008,20.820870796467126,20.64367159244889,20.683050027860563,302300
2025-10-22,20.663360595703125,20.801181362879337,20.604294820865768,20.702739030706116,409900
2025-10-23,20.6436710357666,20.722426026799077,20.535384096638886,20.722426026799077,313300
2025-10-24,20.771648406982422,20.840558787228748,20.73226997388907,20.820869570682074,310500
2025-10-27,20.850404739379883,20.870093957195593,20.781494354692054,20.820870912656318,355100
2025-10-28,20.771648406982422,20.93900299229509,20.742114582162408,20.909469167475077,423700
2025-10-29,20.456628799438477,20.77164875885357,20.38771654035774,20.732270325093147,665500
2025-10-30,20.289276123046875,20.52554111487025,20.26958690431145,20.377875729689045,222000
2025-10-31,20.338497161865234,20.3778755990837,20.092387562251503,20.249897555790913,287800
2025-11-03,20.27943229675293,20.289276906500785,20.003788856814957,20.259743077257223,251600
2025-11-04,20.190832138061523,20.299120964678167,20.131766358846658,20.171142919100813,226200
2025-11-05,20.2006778717041,20.308964826679617,20.072699819004804,20.131767479174034,265600
2025-11-06,19.846277236938477,20.053010269441568,19.846277236938477,20.01363183366301,593500
2025-11-07,19.97425651550293,19.97425651550293,19.816744640277932,19.8265892498337,434900
2025-11-10,19.91518783569336,20.043165875680476,19.816743622857235,20.013632048529484,338700
2025-11-11,20.131765365600586,20.171141923912007,19.97425537702054,19.97425537702054,216400
2025-11-12,20.12192153930664,20.24989770588074,20.102232320551472,20.14160888039456,202700
2025-11-13,19.993942260742188,20.180986072034674,19.964410312099833,20.06285264446386,191500
2025-11-14,19.865966796875,19.94472179212093,19.72814602461142,19.925032573892647,243000
2025-11-17,19.570634841918945,19.87581210214464,19.531258281750404,19.826589054849883,309700
2025-11-18,19.669078826904297,19.75767843332283,19.52141344209582,19.52141344209582,512300
2025-11-19,19.393436431884766,19.61001219499971,19.334368778398467,19.590322977170946,379800
2025-11-20,19.294992446899414,19.63954625227867,19.28514783786947,19.482036263133956,788700
2025-11-21,19.747835159301758,19.895500554095168,19.354060147296874,19.354060147296874,349400
2025-11-24,19.771562576293945,19.830876736065147,19.62327623408437,19.78144858384967,271200
2025-11-25,20.107677459716797,20.16699161408622,19.860532950020733,19.870418956676133,3015400
2025-11-26,20.265850067138672,20.344936235880596,20.09779172286671,20.09779172286671,1381600
2025-11-28,20.325164794921875,20.344936809055138,20.236192616885237,20.285622652218397,625700
2025-12-01,20.255962371826172,20.37459255783162,20.216420233532915,20.236190359898124,1437600
2025-12-02,20.117563247680664,20.305393600965463,20.0977912345848,20.305393600965463,224600
2025-12-03,20.265850067138672,20.37459425624494,20.196649905184863,20.196649905184863,1646000
2025-12-04,20.147218704223633,20.35482106362276,20.117562571140105,20.30539291810829,851000
2025-12-05,20.157106399536133,20.246078577368056,20.117564256923636,20.137336271011407,466900
2025-12-08,20.078018188476562,20.206534381424575,20.048362055921523,20.186762369345978,599100
2025-12-09,20.09779167175293,20.226305988545587,20.087905664989957,20.087905664989957,458200
2025-12-10,20.424020767211914,20.4635647911941,20.097790111610284,20.097790111610284,512400
2025-12-11,20.55253791809082,20.6612802179875,20.433907726174613,20.433907726174613,308400
2025-12-12,20.55253791809082,20.68105223090069,20.503107885807847,20.6612802179875,262000
2025-12-15,20.592077255249023,20.661277405462357,20.4734470794814,20.661277405462357,655800
2025-12-16,20.45368003845215,20.621738379548137,20.36470786460351,20.562422339940404,277000
2025-12-17,20.532764434814453,20.621736600989525,20.443792268639378,20.453678274388032,230100
2025-12-18,20.503108978271484,20.641509304912308,20.493222971288134,20.582195148575245,204300
2025-12-19,20.335050582885742,20.473450909201276,20.315278568965518,20.473450909201276,804100
2025-12-22,20.41643714904785,20.49583984416234,20.35688560098938,20.35688560098938,301500
2025-12-23,20.277482986450195,20.45613952444511,20.267557412882745,20.40651165660786,277100
2025-12-24,20.39658546447754,20.40651103774398,20.29733351803221,20.31718277145556,208400
2025-12-26,20.41643714904785,20.436288296103868,20.32710888040535,20.41643714904785,255300
2025-12-29,20.37673568725586,20.446212805225443,20.337033395210682,20.396584940168967,283500
2025-12-30,20.366811752319336,20.416437728257677,20.33703503089055,20.376737326128932,271100
2025-12-31,20.23777961730957,20.366810173723742,20.217930364338493,20.34695902764318,131300
2026-01-02,20.386661529541016,20.466064221570672,20.108751160882473,20.297333264368966,317400
2026-01-05,20.555391311645508,20.65464515342695,20.376736668170402,20.436288215995436,366300
2026-01-06,20.86307716369629,20.89285198927467,20.535540830567886,20.535540830567886,386700
2026-01-07,20.595094680786133,20.892854328565676,20.565317958764307,20.892854328565676,470600
2026-01-08,21.021883010864258,21.140986102042863,20.505764567464972,20.525615713697906,240900
2026-01-09,21.081436157226562,21.190615576688504,20.962333057004123,21.12113845270714,313400
2026-01-12,20.992107391357422,21.03180968590342,20.89285354810203,21.03180968590342,207900
2026-01-13,20.942480087280273,21.091359896160686,20.863077396336752,21.02188277822379,161500
2026-01-14,21.279943466186523,21.29979272046064,20.962332680485318,20.962332680485318,180200
2026-01-15,21.448673248291016,21.498299220900282,21.19061402588192,21.28986786420996,147900
2026-01-16,21.319643020629883,21.38912014060239,21.26009147395481,21.369270887117057,143100
2026-01-20,21.0028076171875,21.142294346691852,20.962955080342326,21.052623763335006,240900
2026-01-21,21.39137840270996,21.451160057195253,21.102441340820874,21.102441340820874,250200
2026-01-22,21.481048583984375,21.59064638146867,21.41130522208131,21.41130522208131,171100
2026-01-23,21.25189208984375,21.481049402070813,21.21203955310886,21.441196865335918,127600
2026-01-26,21.33159828186035,21.38141442604421,21.192111557854275,21.31167106404117,195800
2026-01-27,21.33159828186035,21.36148910858912,21.231964093128546,21.261854919857313,227500
2026-01-28,21.06258773803711,21.35152671172491,21.022735200500563,21.281783345762808,243000
2026-01-29,21.1323299407959,21.24192773862607,21.042661261183323,21.11240462330649,186000
2026-01-30,21.550792694091797,21.560756303333022,21.26185562755286,21.28178284603531,245300
2026-02-02,21.69028091430664,21.720169841102848,21.411305561902644,21.54083057923326,236300
2026-02-03,21.779953002929688,21.939366958090396,21.630500757147807,21.630500757147807,263700
2026-02-04,22.24822998046875,22.3080097351285,21.879584042611313,21.879584042611313,248500
2026-02-05,22.038999557495117,22.278120472901712,21.929401758630554,22.188449892078726,134800
2026-02-06,22.238265991210938,22.36779100785144,22.108742874934542,22.198413455573625,141900
2026-02-09,22.048961639404297,22.20837748607145,21.9891818846317,22.20837748607145,102400
2026-02-10,22.17848777770996,22.248231145191514,22.068889971459384,22.068889971459384,151100
2026-02-11,22.18844985961914,22.30800936696548,22.098779278927335,22.238266004286096,310400
2026-02-12,21.9194393157959,22.278121658170924,21.819805120651257,22.228303610416496,192800
2026-02-13,22.009109497070312,22.048962034177528,21.84969554791309,21.859659157280937,132400
2026-02-17,21.88954734802246,22.1585590908045,21.769987840362074,22.05892490084477,180500
2026-02-18,21.92940330505371,22.03900111164692,21.85965993735412,21.899512475883498,119700
2026-02-19,21.92940330505371,21.97921945330649,21.809841888737097,21.919439695330308,213100
2026-02-20,22.038999557495117,22.08881570223495,21.79987674172441,21.87958371352661,91100
2026-02-23,21.729999542236328,22.049999237060547,21.65999984741211,21.969999313354492,152800
2026-02-24,21.829999923706055,21.889999389648438,21.709999084472656,21.709999084472656,171700
2026-02-25,21.770000457763672,21.8700008392334,21.56999969482422,21.8700008392334,154000
2026-02-26,21.90999984741211,21.950000762939453,21.739999771118164,21.770000457763672,285300
2026-02-27,21.770000457763672,21.829999923706055,21.65999984741211,21.829999923706055,264600
2026-03-02,21.600000381469727,21.670000076293945,21.450000762939453,21.510000228881836,190100
2026-03-03,21.489999771118164,21.600000381469727,21.100000381469727,21.309999465942383,259800
2026-03-04,21.559999465942383,21.639999389648438,21.40999984741211,21.59000015258789,235200
2026-03-05,21.479999542236328,21.59000015258789,21.350000381469727,21.489999771118164,628900
2026-03-06,21.3799991607666,21.389999389648438,20.989999771118164,21.290000915527344,751800
2026-03-09,21.18000030517578,21.260000228881836,20.770000457763672,21.170000076293945,433300
2026-03-10,21.0,21.229999542236328,20.920000076293945,21.110000610351562,528800
2026-03-11,20.959999084472656,21.040000915527344,20.809999465942383,20.979999542236328,505800
2026-03-12,20.920900344848633,21.07390022277832,20.770000457763672,20.81999969482422,471567
