date,close,high,low,open,volume
2021-02-19,104.36333465576172,104.48323292492552,100.64646870978667,100.64646870978667,622900
2021-02-22,103.4812240600586,105.81924686303324,103.32706820779916,103.43840044899989,670900
2021-02-23,105.29682159423828,105.73359756239016,99.99558698205657,101.9139656830508,645900
2021-02-24,108.00310516357422,108.50838972640766,104.85147993133026,105.33963897252728,643000
2021-02-25,103.93514251708984,108.7225276779887,103.66108834998607,107.70339221524144,610700
2021-02-26,101.37828063964844,104.46025796879589,100.6809561510462,103.60797978057224,808900
2021-03-01,107.0515365600586,108.28260798610512,103.37554373854134,103.37554373854134,711500
2021-03-02,105.79463958740234,107.8779892119228,105.0112340801586,107.4733703658256,1282800
2021-03-03,105.72575378417967,108.15345999160142,104.47746762356378,106.72438796712076,518500
2021-03-04,105.46749877929688,107.28397484587232,102.46299185193013,104.76157015873632,1387700
2021-03-05,111.4678955078125,112.21687781303388,104.4258303322981,106.50056924806223,1700800
2021-03-08,115.54850769042967,118.0364760532896,111.9155555292817,111.9155555292817,1540400
2021-03-09,115.16114044189452,118.52720689371154,114.7134744245616,118.20007796300226,1537300
2021-03-10,114.83396911621094,117.06366820038016,113.80090506999666,115.56572993101216,784300
2021-03-11,117.66629028320312,117.89873396774776,115.78095459872158,116.22000321519717,612300
2021-03-12,118.02788543701172,118.59606218529014,117.00342544013898,117.00342544013898,613200
2021-03-15,120.9635009765625,121.32507275725814,117.47691125695356,118.69937198295962,1288400
2021-03-16,117.9762191772461,121.15290159201362,117.63186884221165,121.15290159201362,940600
2021-03-17,117.11531829833984,117.51993712574216,113.7578568966205,117.05506290708944,699000
2021-03-18,114.66181182861328,118.1397977244932,114.29162271550622,116.92595417754106,635300
2021-03-19,116.5471420288086,117.64907875614546,113.98168368086694,115.5657292205204,3108700
2021-03-22,117.15837860107422,119.98209341580474,115.45382209201549,119.91322072079626,654600
2021-03-23,111.4678955078125,116.87427696300564,110.51230826552808,115.10946515702,553200
2021-03-24,108.94548797607422,114.69621926165108,108.6355674606998,114.14525091611004,1318300
2021-03-25,112.20825958251952,112.64732134236888,105.97542559065164,107.26675898103667,690700
2021-03-26,115.20415496826172,115.49685403159457,111.9586002480073,113.56845823245962,581200
2021-03-29,114.67040252685548,117.31333783987466,113.86978212954192,115.44521044335386,569800
2021-03-30,116.69349670410156,116.90871893589218,112.0705142326756,114.83397346876114,568500
2021-03-31,114.9286651611328,117.82125231535224,113.87837967955706,117.13253858603872,568800
2021-04-01,116.15973663330078,116.47827446890491,114.47240169234026,115.92730608098194,444900
2021-04-05,118.47552490234376,118.70796858088369,116.5126992829715,117.62325330790068,385500
2021-04-06,117.64045715332033,120.06817003743583,117.21001272445908,118.28612379661212,831800
2021-04-07,118.46693420410156,119.67217353325888,116.6590620742421,117.6318708345699,500700
2021-04-08,118.61328887939452,119.2933985657512,117.51135197767331,118.57024180089586,526100
2021-04-09,119.07816314697266,119.60329278378916,118.51857746059216,119.2331168490911,686000
2021-04-12,121.7555160522461,122.35814881703274,119.23311777222315,120.01652985754764,613400
2021-04-13,123.13292694091795,123.37397475975986,119.29337015785,120.61052900227924,752500
2021-04-14,124.79444122314452,127.00691851963276,123.33091981294102,123.7613641956785,662800
2021-04-15,123.0985107421875,125.86195680439606,122.61640191522018,125.40568673012334,620500
2021-04-16,124.84607696533205,124.97520500969227,123.06403113644986,124.09709489968722,594200
2021-04-19,124.40703582763672,125.89638291046528,123.1759711482954,125.19905194773924,666500
2021-04-20,123.10712432861328,125.57787150143923,121.6694413061454,124.39845780059174,370200
2021-04-21,124.57061767578124,124.82888696569324,122.15152203705316,122.88328283578352,514300
2021-04-22,124.9063720703125,127.03276878458894,123.0210232062589,125.19046699438712,478500
2021-04-23,126.07721710205078,127.17915419560228,124.9150245970108,126.1633112740358,583400
2021-04-26,124.76002502441406,126.74007223611092,123.6322626019943,126.2924063041158,860800
2021-04-27,123.32234191894533,124.94942150677652,117.89873891413362,120.09400836085774,1285000
2021-04-28,118.5874481201172,123.90773531301672,117.45106844622268,123.90773531301672,898100
2021-04-29,118.38948059082033,119.88741931741188,117.09814685486148,119.49141766128176,986200
2021-04-30,120.55028533935548,121.16152230783142,117.97622250632443,118.61328509385056,1622800
2021-05-03,122.86607360839844,123.9421848100302,121.282041072266,122.25483666597744,432400
2021-05-04,122.4872589111328,122.7541323406174,120.33503688481107,122.4356076842804,441100
2021-05-05,121.38533020019533,123.83886872464792,120.97210722230872,123.58059943742316,425900
2021-05-06,123.59781646728516,123.59781646728516,121.29062755644352,121.67802490534854,437200
2021-05-07,124.4156723022461,125.03551338503028,122.84024397817986,123.89052952755736,347000
2021-05-10,121.60916900634766,125.5089949200702,121.60056484580532,125.02689920723996,516300
2021-05-11,121.64363098144533,121.9277259573337,117.99345651272417,119.52583804124328,657400
2021-05-12,113.12940979003906,120.99793355243806,112.64731412363554,120.99793355243806,855100
2021-05-13,115.72067260742188,116.7020853282907,113.46514812208424,113.63732325737124,572800
2021-05-14,115.7120590209961,117.82983797111594,115.10943952852784,117.11529873857508,701800
2021-05-17,114.15386962890624,116.0047754484024,112.7850463396062,115.70345908889291,639300
2021-05-18,112.60428619384766,116.30611159887428,112.41488955897718,114.92868391547518,425000
2021-05-19,112.84532165527344,113.26716195674229,109.53950477403536,110.5553539663668,700700
2021-05-20,111.1751937866211,113.430718536892,110.400399018762,112.84532038093133,757000
2021-05-21,111.0546646118164,111.91555348477624,109.95272790531756,110.62422017533648,1001800
2021-05-24,110.9599838256836,112.06192070612616,110.19379313324892,112.06192070612616,965000
2021-05-25,112.03607177734376,113.1982769519456,110.71891291872625,111.20961272089694,1068100
2021-05-26,112.84532165527344,113.52541812486352,111.9155600416695,111.95860711506386,544800
2021-05-27,113.72342681884766,114.2227308117277,111.8122524456796,113.8783805126128,568300
2021-05-28,113.50717163085938,114.25108441834392,112.86705633030336,114.25108441834392,470400
2021-06-01,115.56592559814452,116.57799083141656,113.758035525939,114.18189732068925,574800
2021-06-02,110.75641632080078,114.77008182435732,108.3343804339152,114.21647324452437,2374000
2021-06-03,108.18732452392578,111.31001967954155,107.6337159700603,110.80832306431546,1685800
2021-06-04,108.6025390625,109.294546485799,106.11129385992606,108.7928366492212,1270600
2021-06-07,108.07488250732422,108.99179550047702,106.67355704648548,108.4381869084374,956800
2021-06-08,108.65444946289062,108.96585514662588,106.66491388341926,108.63714548071891,720500
2021-06-09,107.08876037597656,108.7668834327854,106.76870274681308,108.44683240315652,600000
2021-06-10,110.15090942382812,111.2927345486145,107.7721202795929,108.04893117011191,1261900
2021-06-11,113.39469909667967,113.67150995374148,110.51420706037167,110.5228524500043,1020400
2021-06-14,112.07125091552734,114.72685115964916,111.08513513867996,113.44662048866986,1301300
2021-06-15,113.05735778808594,113.60232097942082,111.37058267094191,112.09719146000864,852000
2021-06-16,113.9483413696289,114.28569645219888,111.171652582108,113.02278284014596,794600
2021-06-17,113.76667022705078,114.6143804394675,111.71657761665332,113.88777168596744,1464700
2021-06-18,113.30824279785156,114.37220683092116,111.7771635899214,112.50377252962394,2376200
2021-06-21,114.84796142578124,115.834077278117,111.97610738619926,114.08674455763725,727300
2021-06-22,115.73026275634766,116.9672401262287,113.93104454409198,115.41885706594351,1059800
2021-06-23,112.85840606689452,116.6039192143415,112.68540586312604,116.6039192143415,829100
2021-06-24,114.37220001220705,114.43274415403644,112.1318159821566,113.41203354231804,822000
2021-06-25,115.79080200195312,117.17483000949348,113.94831752171729,114.51923006475786,1349900
2021-06-28,116.27521514892578,116.85477311875694,114.18188222534944,115.79945466650614,509500
2021-06-29,117.56409454345705,118.28205798329292,116.43092794290938,117.12292881107216,503600
2021-06-30,118.47238159179688,118.87892622886744,116.33579490366468,116.91535298519229,604500
2021-07-01,116.19738006591795,116.67314060169832,112.93627224691988,114.18189503184604,967700
2021-07-02,117.03643035888672,118.03985005404064,116.30982155856285,116.77692344475106,622000
2021-07-06,115.74755096435548,117.1748323504719,113.9137250369363,116.5260716838016,625000
2021-07-07,116.51741790771484,117.235381325712,114.96904819355306,116.06760679783478,367800
2021-07-08,115.31504821777344,116.56067085677684,112.85841090144451,115.04689591058494,429200
2021-07-09,117.77165985107422,117.910065269463,116.15408777074038,116.48279733964692,450400
2021-07-12,117.39971160888672,118.22147234238088,116.16273461502442,117.59001576178862,546700
2021-07-13,113.03141784667967,117.3132360240486,112.45185984521208,116.86343808799874,650900
2021-07-14,113.27361297607422,114.2770326701162,112.0279903488593,112.46915606212204,465000
2021-07-15,112.356689453125,113.20439963975905,110.96401611840614,112.61619634264484,345100
2021-07-16,110.54016876220705,113.7407253589885,110.39311792763584,113.06601531845266,314900
2021-07-19,110.808349609375,111.1024513367742,108.18735044110322,109.28591582223144,664000
2021-07-20,116.673095703125,117.20075478537628,111.17160598618597,112.06256937438732,702900
2021-07-21,116.9931869506836,118.44640467484962,115.55726000961164,117.11428842769742,439200
2021-07-22,115.74755096435548,117.3997312965859,115.3063984626847,117.19212313158636,316300
2021-07-23,116.1021957397461,118.5069339270111,115.41882719642616,116.7769056945,672600
2021-07-26,120.23699951171876,120.92035506825842,117.14024642961462,117.14024642961462,1300600
2021-07-27,113.23902893066406,116.3444272027217,111.47439230874886,114.6403479193658,1583500
2021-07-28,111.34461975097656,113.74935797389078,109.86544638219551,113.31685090935127,833600
2021-07-29,112.6248550415039,114.39813693052456,111.63009391304048,111.73389140148667,583800
2021-07-30,113.37744140625,115.37562251720544,112.00205850730894,112.31346421285213,572400
2021-08-02,112.96218872070312,114.88252108830956,112.5902389913805,113.55905056456294,313800
2021-08-03,116.12816619873048,116.2319636878313,111.5868412635846,113.58502212319752,647200
2021-08-04,115.2458267211914,117.2786151688722,114.8825223771721,116.0502967107875,480300
2021-08-05,114.9171371459961,116.77691232186498,114.31161667099812,115.2717829224962,260400
2021-08-06,113.7234115600586,115.19393297787802,113.55041136956253,114.76142590210355,252600
2021-08-09,111.3619384765625,113.72342366593222,111.30138114395488,113.72342366593222,388200
2021-08-10,114.0867156982422,114.3029692357094,110.46230429844069,111.12836888957888,430200
2021-08-11,117.03643035888672,117.22673454931488,113.35146121611426,114.36353950115031,531200
2021-08-12,116.75962829589844,117.26999677196244,114.79605530833445,116.66447619348692,375400
2021-08-13,114.57115936279295,116.7855942062201,113.71480351890034,116.50013785856495,384000
2021-08-16,115.3496322631836,115.99839281989652,112.8064887690182,114.5711116756877,346000
2021-08-17,111.4916763305664,114.2683776359911,110.50556070041974,114.21646569834648,499700
2021-08-18,109.40702056884766,111.673360597135,109.29456447689311,111.26680278676132,420200
2021-08-19,106.8292465209961,109.90869475420384,106.50918891267176,108.41222398450716,399200
2021-08-20,107.7634735107422,108.7149878363605,106.72545248317556,107.04551012159384,502200
2021-08-23,108.2132797241211,109.48485170838178,107.99702616488042,108.57658411975704,352000
2021-08-24,110.0038604736328,110.90348268417168,108.36898407080444,108.36898407080444,622100
2021-08-25,109.3031997680664,111.14568432083982,109.11289557956071,111.0332282460674,495800
2021-08-26,106.54380798339844,109.19940157645664,105.75664841518736,109.19940157645664,458500
2021-08-27,106.45731353759766,107.52128406937692,105.0905893096326,106.0594077369627,777200
2021-08-30,106.87252044677734,109.5886648472958,106.28431045306112,106.9936219219952,537700
2021-08-31,104.1250457763672,106.47255162821216,102.80348171802464,106.44646926171414,666500
2021-09-01,103.50774383544922,104.8293013249762,103.081709717312,104.14243689576132,705500
2021-09-02,103.55992889404295,105.29012817382838,102.16011739313628,103.31648456925232,654400
2021-09-03,104.97712707519533,105.07276686528589,102.29923285274091,103.47298607351728,527900
2021-09-07,101.32543182373048,105.8639497030252,101.27326708642892,105.02058440540064,799700
2021-09-08,100.24732208251952,101.17763085265103,99.29962064377276,101.0819910753456,763400
2021-09-09,102.177490234375,102.56874567728104,99.30831681986146,100.26470795803264,746500
2021-09-10,104.23809814453124,105.23796445974683,102.31661926689873,102.89045137619368,877000
2021-09-13,105.83788299560548,107.06380093711056,104.71629454414148,104.76845928916208,778600
2021-09-14,104.02941131591795,106.66383660031738,103.1425710096027,106.66383660031738,523400
2021-09-15,106.2638931274414,106.4812550405205,103.63815750276493,103.8207473471074,741500
2021-09-16,106.1073989868164,108.89832533103376,105.86395469012848,106.42040069208934,720100
2021-09-17,104.06420135498048,105.63789963008688,102.74263708525592,105.33359425000548,2679300
2021-09-20,101.88187408447266,102.94260125998784,99.71695133172908,101.89926011848613,595200
2021-09-21,101.0906753540039,103.24690844483511,100.3603425119644,102.60351904112996,458100
2021-09-22,103.09041595458984,104.4032838698886,101.2993557730308,101.61235748308027,386400
2021-09-23,104.66410064697266,105.42921878724492,103.73379197188974,104.02071127449184,490300
2021-09-24,105.04666900634766,105.83786958348408,104.3771972077671,104.76844601256153,542600
2021-09-27,105.63792419433594,106.1682879658159,103.98597178972756,104.74239388184522,554900
2021-09-28,106.22042846679688,107.14204757895762,104.25548135664998,105.82048330366892,525800
2021-09-29,107.73326873779295,109.0722123714463,107.00292921334972,107.6202362903446,646200
2021-09-30,104.03810119628906,108.08102715950928,103.9076827318784,108.08102715950928,826800
2021-10-01,105.4205322265625,106.62906398286218,103.68163684962953,104.74236409089616,692400
2021-10-04,105.96829223632812,110.85459111095392,105.2031805837288,105.88134878565822,1175400
2021-10-05,106.56819152832033,109.80253764531894,105.63788286635426,105.94218819814526,1131000
2021-10-06,105.51617431640624,106.01175924436347,103.79466493682033,105.203172611027,770100
2021-10-07,107.82020568847656,108.84615418799156,106.07261404240458,106.07261404240458,1107500
2021-10-08,110.80242919921876,111.64579462232857,107.85500170266312,108.13322473193398,855800
2021-10-11,110.4546356201172,112.08919489354776,110.04599414341968,111.28930460867916,595200
2021-10-12,109.8199462890625,112.063123139578,109.01135959333529,110.79373018464196,425100
2021-10-13,109.34172821044922,110.7502290278545,107.9766957915089,110.2024794470145,475100
2021-10-14,111.75010681152344,112.0109437631777,109.52432292194815,111.07193869725344,661200
2021-10-15,113.4629364013672,113.76724843403602,111.60231866461127,112.31525895249996,593200
2021-10-18,114.94098663330078,115.13226619420765,112.85431739923251,113.00212192052976,427900
2021-10-19,113.85417938232422,115.2018260383813,112.74128733174383,115.2018260383813,455100
2021-10-20,109.88080596923828,113.45424344145106,109.85472359766943,113.45424344145106,460300
2021-10-21,111.18496704101562,111.42841796367972,108.9331007315876,109.50693275161169,512900
2021-10-22,109.66344451904295,112.14136932957148,109.33305675542586,111.60231595910986,498600
2021-10-25,109.7764663696289,110.97630178477934,107.8810701543754,110.31551968801736,730100
2021-10-26,101.07330322265624,104.13375645317136,99.55176962575604,102.58614048451906,2418900
2021-10-27,101.93404388427734,103.30777280715834,98.35192369721972,99.43873329443078,1473100
2021-10-28,100.2212371826172,103.0382526112622,99.87346339638822,102.06446876308569,1048700
2021-10-29,99.9430160522461,101.61236077097875,99.08226463843825,99.87346527370882,1121600
2021-11-01,104.3945770263672,105.22924595802324,101.77753779376204,101.81231649508426,833600
2021-11-02,105.63792419433594,106.51606846679051,103.52516544511477,104.43808843100294,697700
2021-11-03,106.96815490722656,108.15060437000336,105.62051488373704,105.8117878154381,550800
2021-11-04,107.55938720703124,108.01150378050843,105.23796315868448,107.53330483420764,660800
2021-11-05,107.53328704833984,110.37637798299642,106.94206237313772,108.36795600744416,532400
2021-11-08,107.39417266845705,108.11581582245584,105.3248896136443,107.854985502956,585200
2021-11-09,104.97712707519533,107.42027994019897,103.71643039979855,107.14205690539748,501800
2021-11-10,104.1424560546875,106.08132756051526,103.65556741108315,104.62934469829185,451700
2021-11-11,104.03810119628906,104.77713031680466,103.11648224558334,103.73378923487796,493600
2021-11-12,108.02888488769533,108.254943164117,103.49906282442372,104.27287080522412,672700
2021-11-15,109.10699462890624,110.15033589303638,108.15929977984852,108.75921420752957,449500
2021-11-16,108.83746337890624,109.68082870945742,107.06378927445378,108.68096252753222,522600
2021-11-17,105.93350982666016,108.82877240295365,105.55965366518308,108.27232637808376,370400
2021-11-18,105.39443969726562,106.4551668362786,104.51629575922652,106.4551668362786,313900
2021-11-19,104.0728988647461,106.77688204972787,104.0468164921193,105.02929675013024,448600
2021-11-22,107.6724090576172,108.35058389278949,104.18592826282786,104.89887517157402,725600
2021-11-23,105.71613311767578,107.99408827409049,104.33371458345728,107.12464065256168,509900
2021-11-24,106.40301513671876,106.60299104142992,104.43806796302488,104.7597593908576,356500
2021-11-26,103.75990295410156,106.01177632885312,102.67309314454364,104.59457872519944,275800
2021-11-29,100.9167938232422,105.090145417959,100.6124884562723,105.090145417959,570400
2021-11-30,97.72601318359376,100.80316888203988,96.65075311300492,100.39229720197392,701600
2021-12-01,96.93922424316406,101.88715793635848,96.84306251629556,99.94644914982813,350200
2021-12-02,99.14218139648438,100.70698020912704,97.43750190334168,97.43750190334168,370700
2021-12-03,97.32386779785156,99.7541222595829,96.24860792061938,99.7541222595829,504800
2021-12-06,98.21553802490234,99.79783117826702,96.87802440383452,98.06692688246376,370100
2021-12-07,97.27140045166016,99.56178729479764,96.89549739476278,98.58268925438686,693700
2021-12-08,97.44625854492188,98.04945362490376,96.71193322978384,97.83090545616376,642300
2021-12-09,94.52644348144533,97.71724780685904,94.43028176183525,97.23644587836893,594300
2021-12-10,93.04032135009766,95.46183198685988,92.26229044737433,95.08592889130902,433300
2021-12-13,93.44245147705078,96.37973930368015,92.183611931478,93.66099963873712,652400
2021-12-14,92.85674285888672,94.75373927822714,92.63819469989652,93.11899664793864,677000
2021-12-15,95.75032043457033,95.96012480429236,92.07871395141184,92.75183936115198,611100
2021-12-16,93.9757080078125,97.38506060898476,93.87080249085504,96.1174772899338,714700
2021-12-17,90.01561737060547,92.99661081022124,89.57852104981555,92.35845391682186,1652300
2021-12-20,89.64845275878906,90.99470347797286,87.87383619892645,89.14141945597117,887500
2021-12-21,91.37061309814452,93.43370829146151,90.10303641993464,90.4527148148217,697500
2021-12-22,92.00879669189452,94.0893732564266,90.99472979299786,91.44931380614535,609700
2021-12-23,92.90045166015624,93.41622880115092,92.22732624209554,92.4283934898367,389300
2021-12-27,93.53861236572266,93.83583466157047,92.23606720119092,92.66441972679068,387900
2021-12-28,94.70128631591795,95.35693076839114,93.94948014351726,94.0543789873944,302400
2021-12-29,95.3044662475586,95.4443402531038,94.22921317555858,94.33411867971748,272600
2021-12-30,95.9076690673828,96.74689316060062,95.01599555257644,95.01599555257644,300400
2021-12-31,96.08250427246094,96.83430371303884,94.84988960250516,95.74156304941552,315300
2022-01-03,96.4496841430664,96.64200760808724,94.86739078875192,96.50213357186804,421900
2022-01-04,99.32576751708984,100.35731507164674,96.44967300760864,97.03538046014204,649000
2022-01-05,99.49185943603516,102.74385703283264,99.2383427771923,99.65795816723988,1068300
2022-01-06,100.19122314453124,100.93428558532742,97.6822877630036,99.18590023307252,381900
2022-01-07,100.4010238647461,103.25089375266386,99.5093503021596,101.13534915413548,716600
2022-01-10,102.97113800048828,103.0235874175664,98.65262480613328,100.199949305534,678100
2022-01-11,102.33299255371094,103.39950868592972,100.39228374518966,103.04983028149655,693300
2022-01-12,102.31551361083984,103.2596433201754,101.51125793380334,102.24557659469032,508600
2022-01-13,103.87157440185548,104.87689732193944,102.34173720550709,102.85751435701904,691800
2022-01-14,103.90655517578124,103.98522932520603,102.0707516573576,102.75262096395254,817300
2022-01-18,97.76969146728516,103.57433612795828,97.41127599040838,103.57433612795828,1349300
2022-01-19,98.80998992919922,100.26988999146032,98.00573432634933,98.08440846008968,672400
2022-01-20,93.41622161865234,99.34324636994768,93.11025554305868,99.34324636994768,716900
2022-01-21,92.47209930419922,93.25887403888842,89.4648743936364,92.41964987840686,1424000
2022-01-24,96.27484130859376,96.6507444428523,90.2166855264406,91.7202980634748,1104400
2022-01-25,95.46182250976562,96.99165945171416,91.64160538610378,95.40937309172936,1382200
2022-01-26,97.31511688232422,99.78908346264468,96.43218051681832,97.59485823867972,957500
2022-01-27,95.26075744628906,99.77158726174174,93.6172712837376,98.60891630982798,914300
2022-01-28,98.11937713623048,99.22086169744108,95.2869949341064,95.601704808738,783000
2022-01-31,98.42534637451172,99.23834579846252,96.3797387933481,97.72599626255484,1359300
2022-02-01,100.54964447021484,100.61958148903148,98.01449089894342,98.24177620575566,649700
2022-02-02,100.33109283447266,101.39760899124497,98.39912777571335,100.90806321550464,588900
2022-02-03,100.04261016845705,101.406348584122,99.65796326370612,100.53215592391405,522600
2022-02-04,100.66327667236328,101.86091623548772,97.90082492499523,99.6142415772174,983200
2022-02-07,101.75602722167967,102.2543167723889,99.05476842710604,100.8293784643764,703000
2022-02-08,104.3611297607422,104.54470944082684,101.10039448611832,102.25432866776572,659600
2022-02-09,105.33148193359376,105.62871093494157,104.07264891662108,104.88564843591408,699700
2022-02-10,104.4048309326172,107.63934114651094,104.04640873622682,104.04640873622682,457700
2022-02-11,105.44512176513672,107.12357008302166,104.64960323775414,104.94683221234084,632100
2022-02-14,103.81910705566406,106.82632483298862,103.53062191916555,105.3314564023506,643000
2022-02-15,107.74424743652344,108.4173728631834,103.97647913304324,104.92934594955106,654200
2022-02-16,110.78645324707033,111.34593608918578,106.77390494394048,106.90503519402787,711200
2022-02-17,108.9681167602539,110.14827552121189,107.95405006993931,108.9943414730102,622000
2022-02-18,108.90692901611328,111.24976573716866,108.56599439401904,108.8807043020385,642900
2022-02-22,107.56065368652344,110.79516349983447,106.59029940861814,108.11139259983727,735100
2022-02-23,105.09544372558594,108.39114715283564,104.98179441010647,108.37366623406382,664600
2022-02-24,103.25963592529295,106.31931013232716,100.73321975647816,101.99205260921394,1321000
2022-02-25,104.66708374023438,105.453851750657,102.33298441135832,102.33298441135832,787600
2022-02-28,106.79400634765624,107.07525109162384,103.4102786359014,103.4102786359014,597700
2022-03-01,102.54017639160156,106.8994734603092,101.99526844889054,106.34577473308237,772600
2022-03-02,106.31939697265624,108.02444688267056,102.1886071287231,102.83020021720785,787900
2022-03-03,107.18070220947266,107.58499777197508,104.05185392950077,107.25980584749372,559400
2022-03-04,103.49816131591795,106.4072871231536,102.1974002475986,105.94147616729568,928300
2022-03-07,96.15064239501952,103.68273530625726,94.02372854407392,103.0499329394362,2496400
2022-03-08,95.39478302001952,98.4269527963348,93.909455814921,96.15942022784122,1643600
2022-03-09,99.0421905517578,99.88592478011842,97.9084207965035,98.42696306694656,508800
2022-03-10,97.28438568115234,99.90347545702942,95.47386680145937,97.35469182077576,643700
2022-03-11,93.5491180419922,98.42695687128938,93.08330709470432,98.42695687128938,513500
2022-03-14,91.74739837646484,94.8586722163816,90.7103070964926,94.26102628037378,863000
2022-03-15,93.30303192138672,94.06766247329172,91.20247715972845,92.40655972931442,704400
2022-03-16,94.12918090820312,96.19457245494526,92.38898129391434,94.55105134205066,788100
2022-03-17,93.50515747070312,94.27857867783436,92.17803097066232,92.99539938387922,514600
2022-03-18,96.90647888183594,97.64474376303956,91.72981381373832,91.72981381373832,1597300
2022-03-21,95.12232971191406,98.9630772263133,94.20828271090612,97.19650529622088,539400
2022-03-22,96.26488494873048,97.32834175465574,95.3420538553588,95.40357592825023,486800
2022-03-23,91.16732025146484,95.6936012469286,91.14094790226754,95.35083446679452,792300
2022-03-24,93.89187622070312,94.594984616156,91.2288390077624,92.28350495364302,635400
2022-03-25,93.60183715820312,94.25221424310428,92.16924807385809,94.1291701109717,450800
2022-03-28,94.59498596191406,94.73561166624678,91.52765986923497,93.86551191324664,510300
2022-03-29,98.56757354736328,99.7892308385435,96.19456511077388,96.20335589352122,601500
2022-03-30,97.45138549804688,99.42010523325,96.88011198301508,98.09297857446816,712500
2022-03-31,92.56476593017578,96.642818139286,92.28352118145796,96.62524327610528,877300
2022-04-01,93.5491180419922,93.90066891929408,91.95832148896744,93.0305690987865,771000
2022-04-04,94.82350158691406,95.25415608200709,93.00419840350976,93.6721571038397,440500
2022-04-05,91.22884368896484,94.82350289539868,90.84212969311076,94.05008160909338,1155100
2022-04-06,90.2620620727539,91.1233778124187,87.60781540716397,90.1829651372292,933400
2022-04-07,91.06185913085938,91.43099158786562,88.70643196337613,89.26892143273899,659400
2022-04-08,91.88803100585938,93.00421931297642,90.44665070584156,91.04428998132788,535900
2022-04-11,92.93389892578124,93.92704968884664,90.631209628204,91.3606837988527,775600
2022-04-12,92.98664093017578,95.79908855419228,92.56477043387127,93.9006813789281,476700
2022-04-13,94.3928680419922,94.61259072984348,92.76692149297357,93.16241964894414,385500
2022-04-14,94.2522201538086,95.5969216145876,93.53153017523542,94.63893413927806,553100
2022-04-18,92.82843017578124,94.6213678544511,91.41341573387128,93.44365093078414,576000
2022-04-19,95.790283203125,96.27367570815392,93.08330529117218,93.08330529117218,514000
2022-04-20,95.45630645751952,97.55685440788776,94.73561644992964,96.02758667576344,447200
2022-04-21,93.8655014038086,97.3107503093891,93.61062237229449,97.3107503093891,469200
2022-04-22,90.6663589477539,93.80399817113434,90.473001939833,92.81963826962946,658400
2022-04-25,93.84793853759766,94.25222741473247,89.42711982922388,90.4554202366366,1286700
2022-04-26,86.56192779541016,92.10773168736284,84.63716206384935,87.48476554871114,2360200
2022-04-27,85.37543487548828,88.75037836622816,83.49460947223031,87.18594741936758,1088100
2022-04-28,85.80609893798828,87.14201659299346,83.10790468453655,86.3773792494548,853800
2022-04-29,83.44187927246094,88.32850907137718,83.2309406915642,85.19966054751322,963600
2022-05-02,85.34906768798828,85.85882585117139,82.82664922291589,83.23093809893598,785400
2022-05-03,90.40267181396484,90.54329079851888,84.40863924033012,84.76898083638896,963700
2022-05-04,97.76779174804688,97.88205182134,90.04234231009507,90.52573483848133,1143600
2022-05-05,91.53646087646484,96.4846127321712,90.27085621771651,96.4846127321712,902100
2022-05-06,92.09015655517578,94.12039170779352,89.29528416196283,91.71223332666132,667400
2022-05-09,91.43099212646484,93.5315402177976,89.75231449234106,90.5257358409202,788900
2022-05-10,89.3128662109375,93.3469708926411,87.58145063620255,92.35382691718848,742600
2022-05-11,88.03845977783203,90.8860698257906,87.65175251749629,89.84018798503655,756900
2022-05-12,92.55597686767578,92.69660259735257,87.39689278377875,87.49357129658058,724300
2022-05-13,97.87326049804688,98.46211560726914,93.1624062134622,93.60185152578984,953700
2022-05-16,93.83912658691406,97.39863544708382,93.2414808369582,96.98555587948762,690500
2022-05-17,98.3302764892578,98.74335613813685,94.96413063613936,96.19457209398786,1087100
2022-05-18,90.60482025146484,95.5529781575934,89.0052397774605,94.60377478917697,964900
2022-05-19,88.76795959472656,90.2005490039436,86.32464455201355,88.34608911360166,1199200
2022-05-20,86.63224792480469,90.16538525783947,83.81980063012044,89.8402000207248,1433800
2022-05-23,88.52185821533203,90.0774915550875,86.5531452397955,87.0101653803047,696500
2022-05-24,85.64789581298828,88.34608998684611,84.11862787642686,87.22990175108897,734100
2022-05-25,90.6487808227539,91.2376359471264,85.21723635442365,85.35786207658015,429600
2022-05-26,92.43292236328124,93.82157111412666,90.87728895888574,90.87728895888574,359800
2022-05-27,94.2610092163086,94.36647849371234,92.85478571127167,93.28544019288242,308900
2022-05-31,94.20796966552734,94.71194444188916,91.68808903806136,94.56163096808116,468400
2022-06-01,91.5201187133789,95.18056917994616,90.08776589120374,94.9772078226221,594100
2022-06-02,94.3848114013672,94.49975066362995,91.65273906803958,92.0064004121274,357600
2022-06-03,88.41666412353516,93.12043038508098,87.97458080291749,93.12043038508098,768000
2022-06-06,91.57316589355467,92.13018861412742,88.17796822322126,89.38042900555408,565800
2022-06-07,92.81981658935548,93.25305635302384,89.30083040339059,90.45024973060757,510700
2022-06-08,94.11954498291016,94.64120685732046,91.41399696862798,92.02407416622368,640600
2022-06-09,93.92504119873048,96.20618639336251,92.8905609263108,93.9692454908968,522600
2022-06-10,88.54046630859375,92.8817287059351,88.47857489997611,91.96219438814607,617800
2022-06-13,87.04622650146484,88.30174859579935,85.56082587556394,85.56082587556394,787100
2022-06-14,89.1240234375,89.6014676124241,87.39105043139145,87.45294858829195,572200
2022-06-15,89.63683319091797,91.1841251847419,88.3724743204241,90.13197121598893,453600
2022-06-16,85.60504150390625,87.9392416488503,84.43794143143423,87.2319121554584,908800
2022-06-17,86.24162292480469,87.74470365483863,85.0126317201441,86.029424800182,938000
2022-06-21,89.39810180664062,89.66335453338823,86.65718619476262,88.40783260519423,592700
2022-06-22,90.91887664794922,91.11339442964068,87.84197311484102,87.84197311484102,491300
2022-06-23,92.38658905029295,92.93477490663882,89.4246315550766,91.86493386487564,696400
2022-06-24,95.10983276367188,95.85253646429445,93.00551797894782,93.57138425291828,744200
2022-06-27,94.5351104736328,97.08151511657977,93.52716088435204,96.17966122365031,536700
2022-06-28,91.91796875,96.26806726794736,91.72345099790653,94.01344624438444,544900
2022-06-29,90.51215362548828,91.6350424422996,89.10632496972168,91.6350424422996,396500
2022-06-30,87.78007507324219,89.3096865399605,86.69255373328765,89.19474054365223,492000
2022-07-01,89.3273696899414,89.9197598201215,87.12579627222813,87.77123425118336,336700
2022-07-05,95.35739135742188,95.5253852138927,87.01086106129922,87.93923218629114,932800
2022-07-06,95.9055633544922,96.94003677805298,92.86402773753744,96.0912375526449,798600
2022-07-07,99.2388687133789,99.49527786635936,95.44579275347888,97.24949363448664,568900
2022-07-08,99.0355224609375,99.4687622923602,97.31139320047562,99.4687622923602,406200
2022-07-11,94.63236236572266,98.92941313748614,94.47321208729969,98.29281202379426,503000
2022-07-12,97.1522445678711,97.83305677451776,94.59700308150138,94.59700308150138,424100
2022-07-13,97.84191131591795,98.91175244367362,95.4900241498665,96.37419104014305,329500
2022-07-14,95.03025817871094,96.09125572470482,93.53601400943845,95.9409489757263,440000
2022-07-15,95.3662338256836,96.36533990469373,93.24423210675351,96.1000939058634,429200
2022-07-18,95.64032745361328,97.83306423052194,95.39276181256795,96.71901210016024,375300
2022-07-19,98.18672943115234,99.0266852236254,96.32113687523322,96.52449146910634,849500
2022-07-20,99.42455291748048,99.90200379394469,97.58549111949571,98.27514013694716,815000
2022-07-21,100.8303680419922,100.96299439186774,97.70926077044862,98.59342744207711,403300
2022-07-22,100.86576080322266,102.55451606162656,99.80475648390356,100.83923687572984,532000
2022-07-25,99.9108428955078,101.44929115396442,98.74374305363436,101.44929115396442,894500
2022-07-26,97.373291015625,101.8737037091499,95.73758372159377,100.87459086934852,1043600
2022-07-27,98.4431381225586,98.91175223979198,95.1717233335418,96.9931049651466,567700
2022-07-28,100.98068237304688,101.17520013478044,97.72694850623527,98.74374160442456,577500
2022-07-29,103.69508361816406,104.1636909536752,100.1142120429055,101.34320338362024,1204100
2022-08-01,103.40330505371094,105.12743436930845,102.1743137355162,103.05848053972292,569500
2022-08-02,100.5297622680664,103.4475154007083,100.5297622680664,102.93469703873848,415700
2022-08-03,103.12036895751952,104.16368602607194,101.68802309343816,101.85601019432175,445900
2022-08-04,102.8905029296875,104.33169252511448,102.51914771094889,103.41215815439725,321500
2022-08-05,101.7499008178711,103.44749918554822,100.45017474879894,101.1575107748259,437700
2022-08-08,103.4740219116211,106.0469500995796,102.42186144010672,102.42186144010672,632900
2022-08-09,103.12036895751952,104.31399950513024,101.62613168876376,103.04964074193248,563300
2022-08-10,104.72071838378906,106.18843177011846,104.09296076267124,105.56067414900062,447500
2022-08-11,105.85244750976562,106.6128314768338,104.55272126964545,105.68445366370304,511800
2022-08-12,106.31221771240234,106.57747045957052,104.66766686953775,106.10001956206234,339000
2022-08-15,106.4625244140625,106.90460780072536,105.53414660380768,106.03812139477702,507200
2022-08-16,108.30158996582033,109.52174447292882,105.79055947961898,105.9585465853826,327500
2022-08-17,106.67472839355467,107.70035839904553,105.9408683125424,106.84271550264052,394300
2022-08-18,108.26622772216795,108.54032403179858,106.10886520242995,106.79851426381838,278500
2022-08-19,107.46163940429688,108.08939705624891,106.25917195260746,107.15218235694836,310500
2022-08-22,104.71187591552734,107.24943709684052,104.18137717694948,106.03812613480078,385900
2022-08-23,104.88872528076172,106.35644568969086,104.80030993284448,104.91525595622969,371700
2022-08-24,105.38384246826172,106.2856896311889,104.57040389005718,104.95943943851772,355400
2022-08-25,107.74456024169922,108.8144011952228,105.5341433759917,105.7021372163957,331400
2022-08-26,103.42098236083984,108.50494100296024,103.4032952488647,108.06285764277588,430700
2022-08-29,103.04078674316406,104.72954161137376,101.72338026536823,102.56333592163628,362000
2022-08-30,101.97978973388672,103.41214229769967,101.13983401942876,103.1911006101416,415800
2022-08-31,100.70838928222656,102.71775788520598,100.32607587701318,102.54882665539398,425000
2022-09-01,101.10848999023438,101.46413147670354,99.48143476836351,99.98822168201052,347900
2022-09-02,99.87262725830078,102.98447796342036,99.32138269140724,101.97090427641656,470900
2022-09-06,96.40514373779295,100.04156063101114,95.12483716252945,99.77483461669578,585700
2022-09-07,99.22360229492188,99.51700705199056,95.7738952192734,96.03173514670064,469200
2022-09-08,99.56144714355467,99.7125925552761,95.8272220924427,98.23668291151222,491100
2022-09-09,100.30829620361328,101.22406843302775,99.81040220314644,100.46833452994862,482100
2022-09-12,103.05561065673828,103.83801641518868,100.53945538415962,100.91287585183166,515700
2022-09-13,98.45895385742188,100.94843712084769,98.25446461088036,99.99710018195994,435500
2022-09-14,98.87683868408205,99.54366387627302,97.063073347327,98.77014421134469,496500
2022-09-15,98.39672088623048,100.6906011090232,97.38314716607488,98.42339280781934,506800
2022-09-16,95.8716812133789,97.80102712039924,94.66250433540844,97.3386979768442,1229000
2022-09-19,97.74768829345705,97.92550563857525,95.45380791162889,95.45380791162889,377000
2022-09-20,95.4360122680664,96.85857801553882,94.86698868239591,96.85857801553882,360200
2022-09-21,93.30218505859376,96.61852528674392,93.19549058357325,95.99615780736626,439100
2022-09-22,90.53709411621094,93.33776169439548,89.8791549452752,93.05324984163596,478400
2022-09-23,87.51414489746094,89.56796446902223,86.58947974930726,89.06117755720982,788600
2022-09-26,87.56747436523438,89.27455185710093,86.8828702149094,87.39854994457009,523700
2022-09-27,88.99004364013672,89.5501811570342,87.02513283818246,88.9544855982895,426000
2022-09-28,92.6086883544922,93.24883485766463,89.28344842569872,90.05696811073189,571200
2022-09-29,86.82064056396484,90.82159167950888,86.18048730015035,90.70600430597224,877500
2022-09-30,85.04243469238281,88.42101135084998,84.6512284373818,86.0737873874362,800700
2022-10-03,87.13182067871094,88.3143255873417,85.41585700013508,86.01155251351884,564500
2022-10-04,91.8351821899414,92.22638854111192,89.14120903217567,89.14120903217567,468600
2022-10-05,89.68355560302734,90.51930532736714,89.04340225958586,89.44349470758807,312000
2022-10-06,88.18986511230469,89.35458438991611,86.85621459902235,88.64330140284663,491700
2022-10-07,86.2071533203125,87.35409337557513,84.73125053715874,87.10514640853445,404200
2022-10-10,87.24739837646484,87.7364061896523,85.40696127192597,85.98487774661221,358600
2022-10-11,88.66997528076172,89.99473281913241,86.07379726769366,86.95401144248414,365600
2022-10-12,89.04339599609375,89.64798446867191,87.38966890296221,88.99893826797745,387300
2022-10-13,87.87867736816406,89.17676987845387,83.92218343258126,86.49168296077728,840200
2022-10-14,85.12245178222656,89.11451658922219,84.54453529194492,88.33210406700843,531400
2022-10-17,86.94511413574219,87.98535979874644,84.72236351395706,85.86041074698359,508900
2022-10-18,87.8875503540039,90.163651399415,87.38965642999021,89.33678797086598,485000
2022-10-19,83.34425354003906,85.86930171689224,82.1350766863285,83.44205510786098,876300
2022-10-20,82.37515258789062,85.05134666428904,81.7083272945995,83.18423041643575,407800
2022-10-21,82.4462661743164,84.15333696435785,81.67274654290873,82.49071711522487,665600
2022-10-24,83.9933090209961,85.96711283329712,83.08642288833484,83.43317147338261,1255300
2022-10-25,87.13182067871094,87.74530199496076,82.68631962367466,84.37561138124771,1754100
2022-10-26,88.85669708251953,91.31060932839048,86.55392349495123,87.0429314334207,1083800
2022-10-27,89.43458557128906,91.39950297620229,88.46546961242159,89.58573776010283,766700
2022-10-28,90.5281982421875,91.28393219034524,87.95869874847267,89.43460181644815,708000
2022-10-31,90.33259582519533,91.39062743134664,89.74579311097433,89.74579311097433,1041000
2022-11-01,92.66202545166016,92.99988109122413,90.53707648141332,91.47952053824184,561200
2022-11-02,89.31011962890625,93.7200629483063,89.2745615873195,92.09300782219393,574500
2022-11-03,88.83889770507812,90.17254811540242,85.73593964971334,87.8519958587744,772500
2022-11-04,92.06632232666016,93.34662191723692,90.4392674404131,90.6348705567876,546400
2022-11-07,94.38687896728516,94.87587999942896,91.41728081981526,92.74203819714874,701400
2022-11-08,96.14730834960938,97.2586837529323,94.76920013617008,95.18707837314705,564000
2022-11-09,92.9998779296875,95.82721678735378,92.68869422181304,95.58716272222097,568700
2022-11-10,98.85017395019533,101.49080298862796,97.35648513973328,97.35648513973328,732100
2022-11-11,103.68687438964844,103.989165220977,98.18334162942033,99.22358730188158,711800
2022-11-14,99.09911346435548,103.29566774718712,98.96574706963987,102.34433074705088,532200
2022-11-15,98.32559204101562,101.43744287327436,97.88104192212153,100.34385337944089,803900
2022-11-16,96.51184844970705,97.28536143488816,95.08039630284622,97.0186353922834,663900
2022-11-17,97.80103302001952,97.96107134538416,94.81365546874426,95.98726759365262,529600
2022-11-18,98.2011260986328,99.87263901546548,97.07197169449964,99.2235928073406,692400
2022-11-21,97.79212188720705,99.1702298088999,96.37845592943695,97.42759435940236,496500
2022-11-22,100.0415496826172,100.34384727238113,98.04996717050496,98.15666163453272,453300
2022-11-23,100.27272033691406,101.33075175470904,99.86373505537644,99.98820854178804,288400
2022-11-25,99.91709899902344,100.73507650995992,99.27695241867411,100.02379348739714,237300
2022-11-28,100.21048736572266,100.53056399519944,99.23247845711988,99.23247845711988,372800
2022-11-29,100.4861068725586,102.0598181074749,99.8015026674192,100.33496145864812,547400
2022-11-30,101.98831176757812,101.98831176757812,97.6784429080524,101.08521132174646,967700
2022-12-01,101.93465423583984,103.35637113881468,100.59340878536828,102.34596868868654,466400
2022-12-02,104.22370147705078,104.36677091994898,100.89741197085957,100.89741197085957,364600
2022-12-05,98.94815063476562,103.22225169744084,98.81402472579283,103.22225169744084,723000
2022-12-06,99.33263397216795,99.9943199674243,97.7678476261268,99.0375651601505,687100
2022-12-07,96.6859130859375,100.16420914110556,96.33718980794885,100.02114650440812,658500
2022-12-08,94.03919219970705,95.46985271740913,93.08243733893806,94.39685903461442,935600
2022-12-09,93.94977569580078,94.98700881827172,92.39393283402173,93.2791529492841,711200
2022-12-12,96.91839599609376,97.41018872484632,93.95871654285696,94.59357190602024,1044500
2022-12-13,96.47132110595705,100.18210182760087,95.4430314859457,100.1463344609478,871600
2022-12-14,96.36402130126952,97.62479542359218,95.46985757942748,95.98847417535856,936100
2022-12-15,95.04959106445312,95.45196194575824,93.7798735991052,94.69192426888932,622500
2022-12-16,92.34027099609376,95.68444773659756,92.09884982828876,94.35213907486704,1409800
2022-12-19,89.84556579589844,92.61747172313498,89.55049015662453,92.61747172313498,672200
2022-12-20,88.95140838623047,90.58772278192112,88.07512495357213,89.54155288420226,424200
2022-12-21,91.24046325683594,91.32987826097082,90.16746274143476,90.16746274143476,516800
2022-12-22,89.07659912109375,90.16747321331545,87.99466175497417,90.01546700643966,448500
2022-12-23,90.10486602783205,90.54301111848672,88.19135640465609,88.70102940107347,309500
2022-12-27,89.84556579589844,91.11527653092728,89.07658451762978,89.96180461352428,274300
2022-12-28,87.81580352783203,90.37311188776889,87.42236937340277,89.80979129368517,396300
2022-12-29,89.89921569824219,90.35524107753444,87.88734745198076,88.68315256808108,366600
2022-12-30,90.3105239868164,90.4535934379541,88.74573768011413,88.7636179505429,243300
2023-01-03,89.86344909667969,91.62495262321752,88.92457451167475,91.37458788639684,528100
2023-01-04,90.7576141357422,91.99155756661996,90.06016755211878,90.8559726869637,397500
2023-01-05,90.94537353515624,91.88424798815726,88.93350555466247,89.89920382256183,551500
2023-01-06,92.4654541015625,93.04665493971405,90.82018965558474,91.65176201306818,596000
2023-01-09,92.49229431152344,93.88718748543305,92.33134457438558,93.31492326937128,455500
2023-01-10,93.43116760253906,93.618941169951,91.39247535986333,92.7337209744582,251800
2023-01-11,94.7813491821289,94.93335536902634,93.53846222445708,93.82459432646942,379100
2023-01-12,95.934814453125,96.13153153866432,94.2448457774308,95.63079527858412,286400
2023-01-13,95.20160675048828,95.96164450332016,92.501228654919,94.02131098251016,511600
2023-01-17,95.62186431884766,96.2656632478144,93.68152398517638,94.11966909190105,418700
2023-01-18,92.23299407958984,97.2581900922223,91.99156604182966,97.2581900922223,624900
2023-01-19,91.26728057861328,92.01838156811635,90.35523668628136,91.31199148846152,409800
2023-01-20,92.89466094970705,93.547403415131,89.52366699459412,91.20469219883572,391300
2023-01-23,94.647216796875,95.17477687441536,92.86783312231066,93.01983929881686,417300
2023-01-24,94.69193267822266,96.07788225396568,93.77094520265594,95.00488859391126,304100
2023-01-25,95.04959106445312,95.42513812992811,93.726225967445,93.76199332919404,306600
2023-01-26,95.19265747070312,96.31036198753264,93.09137434344908,95.61291546053934,476700
2023-01-27,95.8364486694336,95.89009629891754,91.78588891716126,92.64428509853656,734400
2023-01-30,95.33572387695312,97.04357277669268,94.4862643781508,94.75451618238874,1061500
2023-01-31,102.68576049804688,102.7572952344197,96.76640091271862,99.2521750152867,2186900
2023-02-01,105.31459045410156,105.49342727190648,101.56804268969498,102.82881667299318,1283900
2023-02-02,106.1640625,107.9523899572282,104.00018109208872,106.7720941083347,1023600
2023-02-03,105.63650512695312,107.92556214930376,103.16861126102631,104.87646730205653,812200
2023-02-06,104.28631591796876,105.87793312661412,103.24908951326913,104.80493253128256,517400
2023-02-07,104.24160766601562,104.68868952409056,102.73046880270545,103.8928843624714,418500
2023-02-08,104.59925842285156,105.35929610025134,102.92717007503067,103.44578658786412,563200
2023-02-09,102.82882690429688,106.58431176681314,101.94360673934747,105.75273924157956,564400
2023-02-10,103.00765228271484,104.2058351505632,102.0330171547876,102.61422490595665,418900
2023-02-13,104.69762420654295,105.09105841698889,102.39962377375484,102.8556491702328,387000
2023-02-14,105.10894012451172,105.43083958530175,103.329549543498,103.81239873468309,279100
2023-02-15,107.23706817626952,107.33542674311424,104.1522056981144,104.1522056981144,517700
2023-02-16,107.12081146240234,108.7034781724281,105.73485503131808,106.19981714270412,523100
2023-02-17,106.67372131347656,108.53357643607266,106.18192859961285,107.1923310221828,410900
2023-02-21,104.1343002319336,106.29817467695136,103.88393549574012,105.1447027235508,476400
2023-02-22,103.51731872558594,104.9300988748034,103.1507151907718,103.43684727474636,431300
2023-02-23,103.43685913085938,104.59927469257808,102.3459783038155,103.85711716966426,331500
2023-02-24,101.94359588623048,102.39067769473888,100.78118045533776,102.24760824149124,392800
2023-02-27,102.64105224609376,104.1879516314028,102.55163724021403,102.82882580501942,366900
2023-02-28,102.29033660888672,103.19858679342042,101.52597063055804,102.36227871198923,546500
2023-03-01,102.30833435058594,103.6662125960098,102.2184101383437,102.25438119539612,374000
2023-03-02,103.81007385253906,104.1607830052212,101.16626006083423,101.18424215499246,375500
2023-03-03,104.0798568725586,104.8801939280362,102.96478168191172,104.50250816583308,277000
2023-03-06,103.51332092285156,104.91615757531753,102.87485021920934,104.21473924908454,505800
2023-03-07,105.32081604003906,105.37476917941164,102.78491557789349,102.96476394965252,821600
2023-03-08,106.73265838623048,107.5509774838354,105.38377487215033,105.74347165395062,929700
2023-03-09,102.3622817993164,107.09236201815644,102.34429284260992,106.81359493619706,594900
2023-03-10,100.28498840332033,102.83887805089756,98.97207596014816,102.06551763274769,567900
2023-03-13,99.77242279052734,100.9054869573664,96.98473133566156,98.36958601495886,593200
2023-03-14,99.85334777832033,102.61406233775034,98.87315555634912,101.7597722181624,653200
2023-03-15,96.5980453491211,97.96491785093508,95.09628998134484,97.21853397565351,715000
2023-03-16,98.17174530029295,98.4325302823715,95.68980445299174,96.2203620345891,590800
2023-03-17,95.34806823730467,97.80303899427692,94.6736265509775,97.80303899427692,1399700
2023-03-20,96.67899322509766,98.04585902583476,95.42902820877826,96.13044663683924,455300
2023-03-21,99.43970489501952,99.53862357878248,97.41637940841278,98.63037332822142,602600
2023-03-22,96.14842224121094,100.12313097232806,96.12144566668836,99.86235284475872,426000
2023-03-23,95.47398376464844,97.99190267314368,94.97939720600704,96.58906586283246,415500
2023-03-24,96.33726501464844,96.61603895954546,93.54057911269302,94.79953852161064,698200
2023-03-27,96.80487060546876,97.84800357581824,95.2221787647986,97.61420205017372,505800
2023-03-28,96.26531219482422,98.342590380793,95.707771267595,97.23650300311544,382900
2023-03-29,97.14659118652344,97.74909085281728,96.31927759751312,97.74909085281728,381400
2023-03-30,97.4073715209961,98.7562549930524,96.66998216403636,98.00987115859498,294200
2023-03-31,99.4846649169922,99.88033965741262,97.7401133613089,98.13578124095216,417700
2023-04-03,99.99722290039062,100.18607261939674,98.30662479282358,99.23285699018976,523500
2023-04-04,97.11062622070312,101.01339973121912,95.40203892883972,100.83354446531004,799100
2023-04-05,93.03699493408205,96.07647676402776,91.79602452415126,95.78871521125645,874200
2023-04-06,92.51543426513672,93.96323665248428,92.1197663783326,92.78521374953807,570800
2023-04-10,96.26531219482422,96.37321847309236,92.4974291343816,92.4974291343816,724400
2023-04-11,98.9810791015625,99.70048643841248,96.68797421853291,96.9397715889742,743700
2023-04-12,96.04949188232422,99.90729936785536,95.50993987514543,99.83535727069126,496100
2023-04-13,96.21136474609376,96.63401601984886,95.20420276006608,96.59804496880837,531300
2023-04-14,97.06565856933594,98.27065786594478,95.88762898414711,96.7149494092318,639700
2023-04-17,97.30845642089844,97.8480084573608,95.77073002963132,97.36240956631175,399200
2023-04-18,98.0818099975586,98.23468180605845,96.76889761834776,97.61420009486022,358900
2023-04-19,97.928955078125,98.27066980207692,97.11962351005248,98.15376902143532,248300
2023-04-20,98.04584503173828,98.52244944120122,96.59804284783596,97.0926362128124,467200
2023-04-21,98.16275787353516,98.87316385619172,97.0027171692538,98.38757180395922,463700
2023-04-24,98.3875732421875,99.93428734306246,97.94693299235584,98.24368903143998,809300
2023-04-25,96.20236206054688,100.98640132717406,94.63765245886354,100.98640132717406,1249300
2023-04-26,95.29413604736328,98.01887996141024,95.02435656921368,96.84085708576308,662400
2023-04-27,97.7580795288086,97.80304505499376,95.07830157110752,96.13042902039064,709200
2023-04-28,97.70413970947266,98.6303720446746,97.20055181847567,97.71313418809144,998200
2023-05-01,98.71128845214844,99.94327114718148,97.37139947135626,97.92894043729058,530900
2023-05-02,97.389404296875,98.24369454863924,94.39488088509884,97.91996191705388,635500
2023-05-03,96.0315170288086,99.37674933062046,95.76173757449092,97.731109752991,526200
2023-05-04,93.60350036621094,95.4020113405482,93.03697187917366,94.82648837762228,376900
2023-05-05,94.63765716552734,96.08545922645077,92.82116387721032,95.4020230512928,541000
2023-05-08,95.02433776855467,95.5459076640363,94.241989786108,95.15922748094142,390300
2023-05-09,93.78337860107422,94.64666325737322,93.69345440243868,94.11610568287996,379000
2023-05-10,92.5244140625,95.63583781453306,90.75287931928662,95.00636159851744,475000
2023-05-11,93.03699493408205,93.36072753854684,91.11258826352812,92.33557657800044,488200
2023-05-12,93.62151336669922,94.2330075294804,92.65931002269704,93.16289102941916,550500
2023-05-15,93.61251831054688,94.04416407134138,92.68628602428282,93.5225941114412,329800
2023-05-16,92.40752410888672,93.17189013513234,91.7690533405744,92.58737251714086,488000
2023-05-17,95.9056167602539,96.08546514653528,92.51541910656309,92.60535016047992,599600
2023-05-18,97.47932434082033,97.82103905477912,94.997376558239,95.77073704947249,508200
2023-05-19,95.12326049804688,97.6591611283244,94.67363267806309,97.6231900794326,416400
2023-05-22,94.99736785888672,96.09446086741605,94.74557737052449,95.05132100331396,330700
2023-05-23,95.77972412109376,96.61603217550858,94.51177032278444,94.54774137317366,433300
2023-05-24,94.25997161865234,95.80669234675334,93.5855299193601,95.80669234675334,292100
2023-05-25,95.50096130371094,95.62685656432826,93.78338632770183,93.8643160549085,360100
2023-05-26,97.2544937133789,97.35341237742853,94.6826221696403,95.52792462214585,481000
2023-05-30,97.9918975830078,98.5943972729832,97.07465290023696,97.92894995660406,607200
2023-05-31,97.44005584716795,98.01903251414008,95.52219132410642,96.95154299029532,914500
2023-06-01,100.05450439453124,100.15401666129134,96.58064421582284,97.25008472697976,625800
2023-06-02,104.8310546875,105.30147751815362,100.53395836744518,101.5562193829352,782000
2023-06-05,101.39338684082033,104.49634314100892,101.20341076961851,103.88117957152134,781100
2023-06-06,105.1657943725586,105.35577046319152,102.01760239448468,102.31613920917084,704000
2023-06-07,106.75798034667967,107.18316787463868,104.98486332310664,105.84427992927505,511600
2023-06-08,106.55895233154295,107.0655552068988,105.7628611128486,106.7579768617032,331900
2023-06-09,105.69048309326172,107.38217772837258,105.52764547524582,106.47752582871672,389800
2023-06-12,105.99805450439452,107.30980381440428,104.72249899818732,106.21517591553491,487900
2023-06-13,109.16433715820312,109.4176385720662,106.4503816063343,106.51370695980007,588200
2023-06-14,109.34527587890624,110.2589693138084,108.05162340663652,108.82962458027824,541600
2023-06-15,110.08708190917967,110.77461232125984,107.8706808145538,108.3591936243659,483900
2023-06-16,109.7161865234375,110.81081454604144,108.83867303457032,110.81081454604144,1056600
2023-06-20,107.95211791992188,109.97853633791853,107.88879256004532,109.46288500693888,447900
2023-06-21,107.8073501586914,108.55821278693458,106.54083629578813,106.90269838546696,336200
2023-06-22,105.15673828125,107.77118180357697,104.43302087930849,107.77118180357697,575900
2023-06-23,104.3606414794922,105.05722039057322,103.3745673408027,103.68215256916363,1255400
2023-06-26,106.04330444335938,107.80737301435974,104.64109113680756,104.80392876658811,828600
2023-06-27,107.02032470703124,107.12887851999308,105.16578551354078,105.89855135881874,365800
2023-06-28,106.98413848876952,107.44550600071152,105.92569049197294,106.67655324552842,276600
2023-06-29,108.19635772705078,108.29586998072664,106.91175378207492,107.42740505023822,364100
2023-06-30,109.39955139160156,110.12327565153171,108.04257358069206,108.93817700334743,359200
2023-07-03,110.57559967041016,111.05506405096982,109.04673582134971,109.1643380782213,214300
2023-07-05,109.7794952392578,110.51226789518412,109.09195793439388,109.9694712902178,392100
2023-07-06,109.68904113769533,109.80664339813202,108.07876188551106,108.38634021370528,410300
2023-07-07,110.34039306640624,111.55262329638596,109.01055367248036,109.68904259575308,618100
2023-07-10,111.3264389038086,112.36678976639566,109.95137132071558,109.95137132071558,554300
2023-07-11,116.51011657714844,116.78151491829244,111.50739938533776,111.67023700963485,994500
2023-07-12,117.25193786621094,118.59081886513448,114.89079576332854,117.6047515687615,858400
2023-07-13,117.3424072265625,117.43286413669678,115.85877862221004,117.3424072265625,347700
2023-07-14,115.66877746582033,117.14336428858132,114.3841735911015,117.14336428858132,409300
2023-07-17,117.0890884399414,117.37858367294152,114.17611512831328,114.77318869345665,372100
2023-07-18,119.50452423095705,120.0654040044746,116.51011477854766,116.59154394235895,844500
2023-07-19,122.44464111328124,122.8788701634778,118.3194168227897,119.26930408575744,926600
2023-07-20,121.4947509765625,122.39034750866584,120.6896113506687,122.19133679344796,486200
2023-07-21,121.56713104248048,122.75222286480756,120.68056221029508,122.36321535601336,581600
2023-07-24,121.70281982421876,123.53022053964416,121.44047684516056,121.68472292100668,734200
2023-07-25,120.14680480957033,121.38617337338776,114.92696689698752,121.0333597192555,1086500
2023-07-26,124.0911102294922,124.4801177582566,120.18302086055078,121.25954511965269,873500
2023-07-27,121.52188873291016,125.2852438677605,121.0876596954712,124.7605441207378,743300
2023-07-28,121.95611572265624,123.64781029310826,121.31382062862978,122.6617430731064,584500
2023-07-31,122.88790130615234,123.16834116490249,121.34095440663016,122.1008586310934,1869800
2023-08-01,120.2101593017578,122.14611398329302,119.95685785212844,121.8475771739669,608400
2023-08-02,120.77102661132812,120.97909267972598,118.40084309058356,118.73555987068777,436900
2023-08-03,119.6673583984375,121.01529476834628,119.60403994019651,120.31870890433632,419800
2023-08-04,117.87614440917967,119.821140457416,117.57760762804664,119.65830974255746,535300
2023-08-07,116.5372543334961,118.31036417440026,116.40154827786412,118.21085192182667,594500
2023-08-08,114.01327514648438,115.34311451223088,113.34383468891907,115.20741535006256,668900
2023-08-09,113.80521392822266,115.10790799548036,113.190050348537,113.85949083462404,504800
2023-08-10,112.52059936523438,115.15313967272805,112.42108710538056,114.31181314065697,399200
2023-08-11,112.46631622314452,113.41620341381493,111.95066495156668,112.07731565672994,394000
2023-08-14,111.90543365478516,111.9416205578499,110.13231681628864,111.93257900854324,442500
2023-08-15,109.76140594482422,111.9416132215089,109.6890321434379,111.20884746282276,404200
2023-08-16,105.60002136230467,109.7614188022449,105.31957457456764,109.2005321287172,664500
2023-08-17,103.44694519042967,106.48657617964662,103.32934292607742,105.92568950715489,570900
2023-08-18,103.6640625,103.89927393696397,102.25280768210943,102.94939354105551,746900
2023-08-21,101.83666229248048,104.40587723171636,101.60145087012631,103.7183398674214,678500
2023-08-22,100.24447631835938,102.31613002834358,99.4212466661518,101.5290872809067,647500
2023-08-23,100.4977798461914,101.2757810601245,99.46647719552595,99.846436252571,510200
2023-08-24,100.4163589477539,101.52908379997722,99.51170706534172,100.30779823716384,466400
2023-08-25,100.12686920166016,101.565262361365,99.7016817186442,100.99533416822749,354400
2023-08-28,101.88190460205078,102.12615759051558,100.41636596542222,100.69680585994598,463600
2023-08-29,103.33839416503906,103.58264715203453,101.48385492686592,101.9814162547504,422400
2023-08-30,101.82762145996094,103.21173784154972,101.70097073889704,102.61467114252656,463100
2023-08-31,101.99140167236328,103.33806615434288,101.56375150980917,102.36446661620788,450200
2023-09-01,103.73841857910156,103.94769313929622,102.61012977566368,102.81941127789244,316000
2023-09-05,100.15338134765624,103.07417959717178,99.95320086055604,102.6465225460093,733300
2023-09-06,98.4973602294922,101.02689871634624,98.14249731612976,100.1806855517048,662500
2023-09-07,98.0333023071289,98.79762720500182,97.0779048623304,97.49646092510416,636300
2023-09-08,98.6793441772461,98.90682077234536,97.5601632168972,98.17889983324856,278100
2023-09-11,96.97781372070312,99.49825108083832,96.31357907679298,98.77033021656266,831800
2023-09-12,97.4509506225586,98.15158226965318,96.45915621718132,96.88681323309014,573300
2023-09-13,96.09520721435548,97.19619303084625,95.4036764659193,97.19619303084625,687800
2023-09-14,97.01419830322266,97.4873464569266,95.71303220299538,96.92320213263488,674600
2023-09-15,97.21438598632812,97.46916558223045,95.95871778853478,96.68664560704448,4446600
2023-09-18,97.23259735107422,98.28808515318526,96.77764415625992,97.31448559396406,812800
2023-09-19,96.85041809082033,97.77851935976378,96.61384053519416,97.06879363491876,400500
2023-09-20,96.63204956054688,98.23348664663058,96.5865584092245,97.141601826412,326100
2023-09-21,95.03971099853516,96.42277247284818,94.6757540293273,95.99511539779132,528200
2023-09-22,94.96692657470705,95.99511823295128,94.70305290481404,95.54016506597048,383500
2023-09-25,95.421875,95.99511346277816,94.41187846412842,94.6393550363151,399500
2023-09-26,93.06521606445312,94.82133551644124,93.0197249142771,94.45737160486202,395700
2023-09-27,92.54656982421876,93.93872536579504,91.64576452238131,93.35638588359365,586100
2023-09-28,94.64845275878906,95.28539135074776,92.45558212801996,92.56477338602171,416900
2023-09-29,94.75764465332033,96.60475339254322,94.511972998709,95.89502756585011,427700
2023-10-02,93.3927764892578,94.92141925948556,93.14710485745056,94.63024953858664,468700
2023-10-03,90.28089904785156,92.63755289827115,89.8168449175478,92.54656366186728,566700
2023-10-04,89.47108459472656,90.76314982336709,88.20631544327745,90.17170936342958,658600
2023-10-05,88.40650939941406,89.81686015807348,87.57849124095914,89.05254211214734,487800
2023-10-06,88.65217590332031,89.58937833251481,86.82326219718243,87.76046462637693,311200
2023-10-09,89.32550048828125,89.52568098653816,87.04164065607357,87.842355707067,367100
2023-10-10,90.96334075927734,91.5638753525607,89.57118512635695,89.58027919177596,306000
2023-10-11,89.6712646484375,91.80044196344136,89.50748124404998,91.21810251273772,571200
2023-10-12,87.68767547607422,89.5984773796833,86.77776914654281,89.5984773796833,550300
2023-10-13,88.37919616699219,88.71586399616119,87.52388896802266,87.69676644394478,419200
2023-10-16,88.87055206298828,90.3446028578216,88.23362039104248,89.3982994151917,423300
2023-10-17,90.46287536621094,91.1726011121059,88.3609942045938,88.37009521062755,496900
2023-10-18,87.65129089355469,90.16262772304596,87.55120062766532,89.31642138022102,536900
2023-10-19,86.32281494140625,88.12442556462601,85.89515786095515,87.35100658225251,510500
2023-10-20,84.76687622070312,86.21362393932911,83.93885813618058,86.21362393932911,929600
2023-10-23,83.69318389892578,85.02164625388852,83.32921999325681,84.62128526344925,1105000
2023-10-24,81.44570922851562,84.37560842277227,80.25372733730356,80.98165510381423,1556200
2023-10-25,79.02536010742188,81.22733166896646,77.16005637320134,80.31742537655622,1353900
2023-10-26,77.60591888427734,79.58951514450872,77.05997642427609,79.47122286778453,1023900
2023-10-27,77.58770751953125,79.66229972481416,77.30563878662605,79.26193872943838,976500
2023-10-30,76.88707733154297,79.20734102191189,76.56861153573621,78.57040248826468,556900
2023-10-31,78.63410186767578,79.60770134446244,77.2146502414911,77.2146502414911,1198800
2023-11-01,78.83428192138672,78.96166824906582,76.79609373648687,78.00627079147255,514500
2023-11-02,80.70868682861328,80.9543654195737,79.28923520807476,80.0444591106061,591400
2023-11-03,84.30281066894531,84.62127644997402,82.30101286727428,82.30101286727428,681200
2023-11-06,82.83787536621094,84.64858706832221,82.60129777021561,84.0753485639848,675900
2023-11-07,81.94615936279297,83.26552766633407,81.2273325509397,82.401112513938,643600
2023-11-08,81.41841888427734,82.85606556419924,81.3001266222218,82.1463397600026,564300
2023-11-09,79.02536010742188,81.95525947970827,78.5795079679104,81.89156631692092,587200
2023-11-10,79.89886474609375,80.88156515178949,78.84337711711342,79.63499110334024,475500
2023-11-13,78.75238800048828,80.11724736311696,78.7250849819274,79.89886486683211,390100
2023-11-14,83.347412109375,84.47569392911261,81.45480542062982,81.45480542062982,605800
2023-11-15,85.85875701904297,86.6958691294129,83.70227663925237,83.70227663925237,581200
2023-11-16,82.49211883544922,85.56760001601064,82.11905387348705,85.07624971934669,553000
2023-11-17,83.87516021728516,84.17543095236948,82.8651637025716,83.57488948220082,411300
2023-11-20,83.30193328857422,84.01165916637046,82.51031222532117,83.88427282635755,371300
2023-11-21,81.50940704345703,83.41110785549479,81.30922654913009,83.06534596476995,592200
2023-11-22,81.8096694946289,82.81965898650702,81.37291146562664,82.11903426939577,338900
2023-11-24,82.41020202636719,82.8287580339974,81.48210078197553,81.75506846936922,184500
2023-11-27,79.31653594970703,81.8460745266253,78.8069906081795,81.0544604341857,888000
2023-11-28,79.08905029296875,80.16273995527605,78.34292743896088,79.03445813893012,528300
2023-11-29,78.14274597167969,81.02715404981994,78.06085774164846,80.09904579059697,684700
2023-11-30,75.61225891113281,78.45447891573878,75.18134035332598,78.32612108936785,1437000
2023-12-01,80.1414794921875,80.39819514816207,75.40138229159959,75.59391903358052,874000
2023-12-04,79.35298919677734,80.98497323979758,79.19712012914735,79.829745829298,618700
2023-12-05,79.0504379272461,79.2704789381946,76.95086042013324,78.94041392428304,957000
2023-12-06,80.9758071899414,83.68966946320755,79.56386405544224,79.93060371290571,890300
2023-12-07,82.39693450927734,82.65365021390971,80.53573166073598,80.84746286991694,626700
2023-12-08,82.38776397705078,83.16708150644189,81.46174776237376,82.25023570833982,527900
2023-12-11,80.43486785888672,81.86514476170593,79.54552650444975,81.73678693683635,877200
2023-12-12,77.91354370117188,80.4807072347749,77.36343073434978,80.42569873608346,1333900
2023-12-13,80.84745025634766,80.87495450684166,76.12569372717275,78.03273437116597,1351600
2023-12-14,85.31248474121094,85.91759919175992,82.27772108906461,82.94702144593606,1262700
2023-12-15,84.24895477294922,85.17497093206401,83.0845637570151,84.74405231361521,4130500
2023-12-18,84.39564514160156,85.97261378869969,83.63466157095264,84.98242579981881,815000
2023-12-19,85.16580200195312,85.294159848627,84.13893223358409,84.72571995477927,589700
2023-12-20,83.84553527832031,85.85342957124696,83.78135636002929,84.43231595840325,777500
2023-12-21,86.58689880371094,86.84361444688537,84.94574437630102,84.96407821010921,791100
2023-12-22,86.74278259277344,87.35706760631798,86.07348207407587,86.34853861490576,528000
2023-12-26,87.76046752929688,88.27389885953825,87.08200370076686,87.35705320126307,520800
2023-12-27,88.28306579589844,88.63146461412245,87.76046407107393,87.98050506179557,477300
2023-12-28,87.8888168334961,88.01717465360113,86.88028810625222,87.98967040571813,514800
2023-12-29,86.88945770263672,88.27389656930715,86.39436721559302,87.50374959392624,621400
2024-01-02,86.51356506347656,88.29224804728624,85.53254039606128,86.30268746432243,565900
2024-01-03,82.82782745361328,85.2391358382295,82.58945263599043,85.02825827420355,681000
2024-01-04,80.84745025634766,82.63529648823054,80.77410092504547,82.50693865594035,836400
2024-01-05,81.755126953125,83.29542796300848,80.26067102486593,80.26067102486593,1153000
2024-01-08,83.06620788574219,83.76301248292727,81.15000398720403,81.76428884506277,672000
2024-01-09,82.41524505615234,83.76300911955985,81.9934969470208,82.15852942407022,626200
2024-01-10,82.94702911376953,83.52463936927704,82.3969231092418,82.41525694490254,514900
2024-01-11,81.25086975097656,83.79052930278256,80.80161031441136,82.63530174372268,486900
2024-01-12,80.82910919189453,83.40544301741308,80.62740204634224,81.7459547662401,645400
2024-01-16,80.68241119384766,81.03998041113135,78.93123277511967,80.16897990646116,555200
2024-01-17,82.33273315429688,83.85469312928629,81.69093707257366,82.69946577816565,733400
2024-01-18,83.39627838134766,83.49713196111163,81.72761960022154,82.70864415294442,682800
2024-01-19,85.78925323486328,86.56857069327357,83.59799253657923,84.37730999498952,834000
2024-01-22,87.50376892089844,88.0722088630471,85.98180147390218,86.3302073687454,718800
2024-01-23,86.1009750366211,88.90652037929374,85.92677213143031,88.3839186586983,867200
2024-01-24,84.52400970458984,87.10034395583806,84.27645744142254,86.81612401921716,785700
2024-01-25,84.1480941772461,84.68903675803047,82.50693959432482,84.68903675803047,791000
2024-01-26,83.7721939086914,85.7709178092773,83.6254952394848,85.00993420146753,671900
2024-01-29,85.00076293945312,85.23914477705125,82.83700655504545,83.55214507286234,881100
2024-01-30,81.78263092041016,84.34063117768119,78.50949216013423,78.84872757603692,1937100
2024-01-31,82.47943115234375,85.6517161587827,81.22335013450014,81.81013776679661,1753500
2024-02-01,83.10289001464844,84.15726392203294,81.342548027263,83.35044225989226,1254800
2024-02-02,82.91951751708984,83.9830547656295,81.122500997506,82.78198927939697,1004100
2024-02-05,80.65491485595703,82.19521586416079,80.56323168778556,81.8376466118079,732700
2024-02-06,81.37005615234375,81.80097475200891,80.38903152979911,80.38903152979911,517500
2024-02-07,82.69029998779297,82.72697464812344,80.38901576563387,81.54424308362677,563200
2024-02-08,83.3504409790039,83.92805121740098,82.0210105962179,83.14873381782417,590500
2024-02-09,83.48795318603516,84.10224501807892,82.58944846808095,83.36876578323857,766900
2024-02-12,85.6517105102539,86.31184043244859,83.28624728738178,83.48795442971644,467700
2024-02-13,82.32357025146484,83.21291163494122,81.74596002069119,82.29606600166282,588600
2024-02-14,83.24957275390625,83.8271828906954,82.2043694616349,83.23123192703781,343100
2024-02-15,85.20246887207031,85.56003812578307,83.93722435854653,83.93722435854653,420200
2024-02-16,84.36813354492188,85.29414960902449,84.0289051315703,84.29479120918302,649200
2024-02-20,85.18413543701172,85.24831435477542,83.00203824309104,84.08391642466302,509200
2024-02-21,85.01910400390625,85.36750284829306,83.8638764746568,84.7073728315791,418500
2024-02-22,84.60651397705078,86.03679092754136,84.5423350624769,85.21163545301346,338600
2024-02-23,84.87240600585938,85.25747952032367,84.12976322868145,84.808227086782,377500
2024-02-26,83.56130981445312,85.61504205860122,83.38710690707794,84.69819643237726,450700
2024-02-27,84.56983947753906,85.43167661348122,83.58881492714883,84.34979848356681,402900
2024-02-28,85.1382827758789,85.82591697426584,83.43294940428116,83.8546975398946,493900
2024-02-29,85.6092300415039,86.49570165485567,85.07365124019238,86.34795990848878,555700
2024-03-01,86.3017807006836,86.7173188641112,83.88244724588286,86.1078657091039,420400
2024-03-04,85.19369506835938,86.34795603052804,84.34415364596536,86.21867936636914,419500
2024-03-05,84.98130798339844,86.6157454516707,84.39032693415022,84.46420132656871,654800
2024-03-06,84.19640350341797,85.41530267601973,83.7993374902572,85.06440991475756,649800
2024-03-07,85.69233703613281,86.80042474679536,84.70428992985958,84.86126773061096,493400
2024-03-08,85.5722885131836,87.83464421317977,85.50765018147226,86.58803674509728,398100
2024-03-11,84.81510162353516,86.79119600266,84.63965873233839,85.46149204678515,494900
2024-03-12,84.3533935546875,85.0828873614654,83.77164853943178,84.62118295553383,479900
2024-03-13,85.23062896728516,85.72003446910334,83.95632040551752,84.21487372383282,450500
2024-03-14,83.69776916503906,85.75697379282734,83.10678812420426,85.25833221867614,617400
2024-03-15,84.82433319091797,85.65540252246862,83.20836778597786,83.20836778597786,3058900
2024-03-18,83.20836639404297,84.50114010537916,82.81130033366935,84.19641351473314,773900
2024-03-19,83.80857849121094,84.25181073735524,82.76512211519089,82.76512211519089,376200
2024-03-20,85.5815200805664,85.65539446865817,83.67006432025097,84.12253261847653,408100
2024-03-21,87.46527862548828,87.53915301688997,85.62769717093182,85.86777837541275,496600
2024-03-22,88.32405090332031,88.71188089873532,86.98510395003059,87.52991879172775,810800
2024-03-25,87.38217163085938,89.29362755243739,87.0312788253941,88.63800815417198,910200
2024-03-26,88.08395385742188,89.42289363202708,88.00085045743427,88.66569879248257,547200
2024-03-27,91.4913330078125,91.63907473206078,88.38867930305878,88.78574531423408,563700
2024-03-28,92.45169830322266,93.05190843075144,90.66951890805348,90.66951890805348,593000
2024-04-01,91.3897705078125,93.18118584294362,91.16815436734838,92.45169204198868,512700
2024-04-02,89.66297912597656,90.6048599007167,89.20127479778404,90.30936941247543,446700
2024-04-03,90.0323486328125,90.0877509006323,88.11165683783399,88.24093349277973,368700
2024-04-04,88.96118927001953,91.93456636088,88.69340695119719,91.2604819665217,364400
2024-04-05,89.81996154785156,90.02311258996114,88.27787070281869,88.63799953381321,448100
2024-04-08,90.06005859375,92.34087944320515,89.45984146835917,91.88841110654748,476100
2024-04-09,90.16163635253906,91.40823684681448,89.98618642284579,90.49406409035254,373300
2024-04-10,85.22138977050781,88.11165646536136,84.84278882187482,87.81616596315604,988000
2024-04-11,85.53536224365234,85.98783766848155,84.47344766489368,85.53536224365234,630800
2024-04-12,83.61466979980469,85.27680141559313,83.28224206763699,84.6211820118874,585300
2024-04-15,82.73741149902344,84.32567546330509,82.3865187572828,83.73469450613732,447800
2024-04-16,81.38923645019531,82.22954168889335,80.49352894786401,81.46311083173885,670300
2024-04-17,80.11493682861328,82.56197117179087,80.03182638629157,81.53698700179969,585800
2024-04-18,79.90255737304688,81.69397258817573,79.33004846144458,80.42890007454716,581700
2024-04-19,80.69669342041016,81.4723604657628,79.56090455638837,79.56090455638837,655800
2024-04-22,81.44465637207031,82.8113045467375,80.40120692546753,81.53700289154604,1291600
2024-04-23,79.87486267089844,82.44193805496322,77.68638123837945,80.94602028024786,1764500
2024-04-24,78.68367004394531,80.51202273138544,77.96341224269791,79.65325218873262,1176800
2024-04-25,76.9014892578125,78.05575034068085,75.92267811395632,78.02804920190009,2505900
2024-04-26,77.39089965820312,78.66520848202698,76.99383353912121,77.0307707414836,646800
2024-04-29,80.15188598632812,80.64129151901878,77.70485127782486,77.9541685519135,953300
2024-04-30,78.63748931884766,80.39196023612809,78.5728439457411,79.3300458530529,913900
2024-05-01,77.06769561767578,78.73906324821283,76.70756675855509,78.48974597845614,606800
2024-05-02,77.3724136352539,77.98185969663206,76.51364328668313,77.98185969663206,499800
2024-05-03,77.49246215820312,79.42239014770674,77.4462959468101,78.79447190335314,604100
2024-05-06,78.34198760986328,78.80369194149627,77.89875539672305,78.49897243685574,414200
2024-05-07,77.66791534423828,79.51473295880574,77.64021420722779,78.6744275625535,529700
2024-05-08,78.04650115966797,78.63748921619707,76.86453913670849,76.97535071825445,544300
2024-05-09,80.01336669921875,80.12417123637472,77.88028777332396,77.88028777332396,449600
2024-05-10,80.8906021118164,80.91830324608824,79.50548903782966,80.401196619549,422500
2024-05-13,80.7798080444336,83.67931122484055,80.55818485143602,81.6016413445779,650700
2024-05-14,81.3338394165039,82.87593024387903,81.01064778277997,82.05409707024562,435500
2024-05-15,79.66246032714844,82.03562025176022,79.4777814170424,82.03562025176022,589000
2024-05-16,77.40011596679688,79.82867828066047,76.67062225767833,79.66246443497461,782200
2024-05-17,77.88951873779297,78.32352193339437,76.88300668420585,77.40011327723785,519800
2024-05-20,77.29854583740234,78.22195459003414,76.96611812285092,78.12037906364067,542000
2024-05-21,75.93190002441406,77.01228650582374,75.65487459813244,76.98458537220542,619300
2024-05-22,75.54407501220703,76.31974210191318,75.16548105090133,75.72876100739914,502300
2024-05-23,75.93190002441406,76.07040569250563,74.45444047764443,75.80261632577987,719700
2024-05-24,76.0704116821289,77.54787134523059,75.81185835460104,76.5875253822344,545600
2024-05-28,75.69182586669922,76.88302414914254,75.19318423369617,76.07041983830028,770400
2024-05-29,73.74341583251953,75.65487146865716,73.51256366851716,74.86073946088511,540600
2024-05-30,75.60871124267578,75.76569609547781,74.33440961408103,74.33440961408103,433500
2024-05-31,77.19697570800781,77.88953232089972,75.11006980854616,75.11006980854616,807800
2024-06-03,76.43375396728516,78.14634313785592,75.78221992108975,78.01603774883905,442800
2024-06-04,74.05101013183594,76.39652128868134,73.89278317711926,75.53091716431642,698600
2024-06-05,74.14409637451172,74.19993951488463,72.08711742336429,74.0510150057416,833600
2024-06-06,73.38086700439453,74.08824420216567,72.68279936348007,73.82763341906873,672000
2024-06-07,72.40357971191406,72.72934320493154,71.83581743789294,72.3756581412428,585700
2024-06-10,71.39835357666016,71.7241170378104,70.93297517469956,71.6961954698705,674900
2024-06-11,72.6921157836914,72.71073489916272,70.30938028342213,71.11914137973798,1091200
2024-06-12,74.36747741699219,76.48960200387612,74.22786246235792,75.2516936278233,1357300
2024-06-13,73.00857543945312,74.24647675235114,71.67759275320378,74.14410002366593,920700
2024-06-14,71.71481323242188,72.5245670918774,71.22150617069784,72.22672520427442,689000
2024-06-17,73.13887023925781,73.93932164649267,71.0353579062143,71.62173212732836,782100
2024-06-18,72.48735046386719,73.25988045533008,71.57521260741524,73.0085791972376,739800
2024-06-20,72.02196502685547,72.52457459564636,71.52866501520279,71.92889075880785,805200
2024-06-21,73.28779602050781,73.66010019922044,71.77066483605994,71.84512709202477,2438100
2024-06-24,74.99107360839844,75.41922087579505,73.57632642487532,73.6042479921452,755600
2024-06-25,71.92887878417969,75.22375845254047,71.68688004665435,74.92591658370556,784000
2024-06-26,72.6921157836914,72.8782714328449,71.47282646146172,71.76135884125972,584300
2024-06-27,72.21742248535156,72.8317254310672,71.66827933791916,72.50596194520803,452500
2024-06-28,72.8875732421875,73.76248703265938,71.85443247717424,72.57111929310474,878300
2024-07-01,70.09529876708984,73.32502629560437,70.06737719670569,72.96203167838743,837100
2024-07-02,70.68167877197266,70.83059617815613,69.10869739395001,69.69507166392285,921300
2024-07-03,70.43036651611328,71.20289637715162,69.83468272235409,70.35590426661564,479400
2024-07-05,69.0993881225586,70.49552342921679,68.2617055183414,70.12321926055233,1125400
2024-07-08,69.74160766601562,70.73751716308301,69.1924574586193,69.63922384940123,608500
2024-07-09,68.55025482177734,69.57408610680551,68.21518173196996,69.38793754629582,751400
2024-07-10,69.10870361328125,69.62992523349696,68.19655867679177,68.91324550570036,1610900
2024-07-11,73.7904052734375,73.88347954243015,70.01153456366607,70.97952258363497,1491900
2024-07-12,75.88461303710938,76.75952684292393,74.66532370432591,74.74908842133608,1163400
2024-07-15,76.1638412475586,77.04805749016563,75.4285424210979,76.21037483336791,705200
2024-07-16,79.29117584228516,79.49594347905436,75.66122282066931,76.26621617445711,941800
2024-07-17,79.4959487915039,80.05440150112334,78.29527156021081,78.29527156021081,833600
2024-07-18,78.8723373413086,81.90660680914026,78.36972776557366,79.29118220497682,761700
2024-07-19,75.88461303710938,79.10503123366445,75.52161839450801,78.66757433075716,1310800
2024-07-22,76.4523696899414,77.07597509637444,74.12547748583773,76.11729664446156,1328100
2024-07-23,72.7665786743164,75.13070218072575,68.41994541973742,69.09939401698139,3979100
2024-07-24,67.85218048095703,72.48734593811305,66.92142356654365,71.67759196728491,2361600
2024-07-25,73.5577163696289,74.65600979117625,68.94116301666547,69.12731155545862,1801600
2024-07-26,76.98290252685547,77.96950257080647,74.43263060320409,74.65601027141511,1409400
2024-07-29,76.96427917480469,78.2673329649941,75.56814402722125,76.80604512790119,1001500
2024-07-30,78.12772369384766,78.67686676659508,76.41512758507358,77.25281007843533,676500
2024-07-31,77.513427734375,80.72454306136498,77.44827504026216,78.30456962034839,1010400
2024-08-01,73.59494018554688,77.58788772560919,73.15748335162401,77.3645080810291,768100
2024-08-02,73.45532989501953,74.11616641535821,70.58859705383186,71.85442695510665,818700
2024-08-05,74.27439880371094,74.57224070899288,69.6578386201742,69.69506974597334,1033600
2024-08-06,73.92070007324219,75.11206758822556,73.1667893710347,74.52569338663201,634700
2024-08-07,73.20402526855469,75.8566807837139,73.00856718860727,74.81423058955002,778500
2024-08-08,74.58154296875,75.72637700545573,73.61355500384796,74.21854836955062,458500
2024-08-09,74.30231475830078,75.1958404066294,74.12546869939563,74.73977157699628,396700
2024-08-12,72.98064422607422,74.86076984092269,72.73864546933363,74.37677942855237,553200
2024-08-13,75.94044494628906,76.47098314664088,73.4460235051018,73.45532596042975,701800
2024-08-14,74.59085083007812,76.77812793226288,74.15339398941899,76.32205907973164,451000
2024-08-15,76.4523696899414,77.26213073336962,75.9125289943226,76.33137385172815,511000
2024-08-16,77.01081848144531,77.37381307873235,76.02421850944576,76.56405917760483,437900
2024-08-19,77.4761962890625,77.988115384343,76.84328136267527,77.25281663889966,411200
2024-08-20,76.5454330444336,77.70887898060735,76.42443722347129,77.48549934917293,322500
2024-08-21,78.91887664794922,79.28187126278716,77.12251558685647,77.83919525942815,536300
2024-08-22,77.0666732788086,79.13294760823685,76.77813381435357,79.13294760823685,452000
2024-08-23,80.519775390625,81.25507413881459,77.71819534265646,77.80196004886373,573100
2024-08-26,80.84554290771484,81.74837821462071,80.38947402627683,81.05961301281147,330200
2024-08-27,79.26325988769531,80.34293418379544,79.14225694770106,80.10093540491843,366900
2024-08-28,78.78857421875,79.92409879041759,78.11842810425033,78.77926466129536,368300
2024-08-29,77.99742889404297,79.57040318259726,77.89504506979779,79.24463969686775,362900
2024-08-30,78.78857421875,78.99334187608176,77.85781730441417,78.72342151879096,306300
2024-09-03,77.36270904541016,78.75104998348827,77.2970443680269,78.37582734524861,414500
2024-09-04,77.38145446777344,78.29138424395653,76.30267166965007,76.99684918035561,384000
2024-09-05,75.99312591552734,78.17882568197655,75.89932025653643,77.69103196107596,504200
2024-09-06,74.40777587890625,75.99311782770565,73.73236375499378,73.99502243497925,639300
2024-09-09,73.96688842773438,75.33647107168619,73.63856504680636,74.57663593912237,409900
2024-09-10,73.44157409667969,73.94813325859317,72.55040241747672,73.79803847421293,386200
2024-09-11,73.16952514648438,73.30085449086097,71.70613693376669,72.96314841763188,603400
2024-09-12,73.12261199951172,73.93873612738139,72.4096833834654,73.16951839971216,320300
2024-09-13,76.54657745361328,77.57845392386677,73.53537098130506,73.89183531629085,779800
2024-09-16,78.34767150878906,78.60095463732107,76.49967801058675,77.00622995382605,726100
2024-09-17,79.38893127441406,80.45833144143366,78.66661988883193,78.90113759487855,548500
2024-09-18,78.31015014648438,81.06807331251646,77.48464329775996,79.66096717336738,400800
2024-09-19,80.54275512695312,80.58027881576363,79.14503171409301,80.2519554848115,425100
2024-09-20,79.10751342773438,80.42081399814336,78.19758359344576,80.42081399814336,1113100
2024-09-23,77.54094696044922,79.51089449353275,77.07191149271917,79.51089449353275,606600
2024-09-24,79.68911743164062,79.72664112521737,77.94430504334193,78.32891753481904,530600
2024-09-25,78.2257308959961,80.09248996200186,78.04749513679458,79.74540831334156,371100
2024-09-26,79.2857437133789,80.90860940468244,79.06060871723182,79.95178030337291,386400
2024-09-27,79.68911743164062,81.15251285348283,79.0324706863294,80.42081872101811,497600
2024-09-30,78.08501434326172,79.6609736331818,78.05687336330266,79.36079125209761,448100
2024-10-01,77.64411163330078,78.29138273104927,76.59347698989654,77.5972123906698,420900
2024-10-02,76.68729400634766,77.74731151826484,76.34020520622175,77.33456520009958,406700
2024-10-03,76.78109741210938,77.02499783631745,75.21452081494088,76.21825633517064,443000
2024-10-04,77.15632629394531,77.92554409351726,76.68729087574503,77.78483203667467,347800
2024-10-07,74.79238891601562,76.96871291143209,73.86369366007494,76.66853053816473,711300
2024-10-08,74.27645111083984,74.87681588973568,73.8449393733155,74.56725078773582,516800
2024-10-09,75.28018188476562,75.30832286372873,74.0982106699292,74.1169760938461,578600
2024-10-10,75.33647155761719,75.87117168340968,73.79803585684884,74.16388293465882,425400
2024-10-11,75.92745971679688,76.97809452749908,75.34585319164896,75.3552359044339,393600
2024-10-14,76.29330444335938,76.59348683103127,74.72672783135016,75.53346218322686,365900
2024-10-15,76.35896301269531,78.65723356361865,76.124445317421,76.32143932262197,509700
2024-10-16,77.96306610107422,78.87299593782579,77.52217167238739,77.52217167238739,690700
2024-10-17,77.48464965820312,77.69102638732497,76.60286793865411,77.63474442735084,445800
2024-10-18,77.43775177001953,78.15068046524975,77.22199232480997,78.10378121675211,404400
2024-10-21,75.22390747070312,77.60660840633088,75.18638377601849,76.99686089230308,868500
2024-10-22,67.74747467041016,75.04566438693347,66.77188017455055,75.04566438693347,3112900
2024-10-23,65.36477661132812,68.1789891396742,65.06459422791437,67.31596568197375,1500800
2024-10-24,66.36851501464844,66.49046165302771,64.34227847075583,65.10212075317199,829300
2024-10-25,66.8375473022461,68.0382768314822,66.50922393986318,66.62178786015873,748100
2024-10-28,69.46414184570312,69.67989411016302,67.15648150443329,67.15648150443329,1286300
2024-10-29,69.0513916015625,70.01760337263478,68.32907308353901,68.68554456507711,582700
2024-10-30,67.62552642822266,70.12079840892879,67.36286772644577,68.92945153817995,643600
2024-10-31,65.58053588867188,68.03827691013295,65.49610579144009,68.03827691013295,703400
2024-11-01,66.0401840209961,66.66868972286905,65.66495427944542,65.82442459360804,491400
2024-11-04,66.45294189453125,67.2127842219491,66.06833653107198,66.4904655909271,405900
2024-11-05,66.91259765625,66.91259765625,65.19592622644146,65.7869083049551,504200
2024-11-06,67.0439224243164,69.2390047003928,65.21468003734039,68.5729752792693,1163100
2024-11-07,65.45857238769531,67.54109048956266,65.28971937519495,67.40037845299378,735200
2024-11-08,64.66122436523438,65.35539479446913,64.21094720548774,65.19592446667012,894500
2024-11-11,64.37979125976562,65.39290936010188,64.2953683298601,65.02706235002128,613300
2024-11-12,62.100284576416016,64.2859912749404,61.968955235955626,63.88262054155141,955900
2024-11-13,63.32915878295898,64.07023553951362,62.4286117154388,62.4286117154388,818300
2024-11-14,63.038352966308594,64.34227076581533,62.63498224838774,63.582435731301736,581100
2024-11-15,62.6818962097168,63.30102642874279,62.17533707330814,63.10402524493424,654300
2024-11-18,62.56932067871094,63.08526249121819,61.912673969076586,62.23161461178117,573300
2024-11-19,61.76258087158203,62.71003442700554,61.50930489299806,61.91267564178925,461000
2024-11-20,61.18098449707031,61.66877821008048,60.5618542753017,61.25603188581431,477800
2024-11-21,62.77569580078125,62.92579056310075,61.04964897558012,61.331065919560906,571900
2024-11-22,63.74190521240234,64.37041806019641,63.0852585438556,63.20720516603945,514800
2024-11-25,66.8000259399414,68.97635007682383,64.67998376516995,64.67998376516995,1438600
2024-11-26,63.32915878295898,66.1621293188926,63.13216478289944,65.71185936358845,859600
2024-11-27,64.0420913696289,64.95202120498111,63.82633909012184,64.08899777312818,847000
2024-11-29,64.72688293457031,65.10211267281979,64.13590092774298,64.13590092774298,321800
2024-12-02,64.2627944946289,65.27622370677592,63.78922930715776,64.66058751785717,601900
2024-12-03,63.86499786376953,64.62270501133423,63.23042228265186,64.2627908645271,691400
2024-12-04,62.07492065429688,63.69451259822088,62.01809514869521,63.467203349783496,931600
2024-12-05,60.31325912475586,63.45773150114447,60.09541958450781,62.27381860000371,1159600
2024-12-06,60.26590347290039,63.23042239596593,59.8870498984391,61.411926683757926,805500
2024-12-09,62.74737930297852,63.069400120718086,60.275368762922135,60.54056407777364,1183400
2024-12-10,62.52008056640625,63.306193317173175,60.94784061280921,62.491667810189945,666100
2024-12-11,61.71501922607422,63.9407741809648,61.165681869675126,63.09782871815956,1336300
2024-12-12,61.23197937011719,61.65818514275513,59.94388149926008,61.60135963334506,863300
2024-12-13,59.76392364501953,61.02360874487714,58.892565457190805,61.02360874487714,960800
2024-12-16,57.93595886230469,59.50819863274936,57.48133675072439,59.33771488927983,1156900
2024-12-17,57.576053619384766,58.93045028012749,56.90359195230704,57.68023853375197,832600
2024-12-18,55.10404586791992,58.23904873041526,54.98091790671805,57.490814862134506,1205900
2024-12-19,53.92013168334961,56.117473829488326,53.84435952030282,54.933560879499126,955300
2024-12-20,54.80096054077149,56.88464795397111,53.70228952115938,53.96748485288855,3209800
2024-12-23,53.74018096923828,55.14193354028825,53.02983316284714,54.441055448255376,933100
2024-12-24,54.1000862121582,54.1000862121582,52.61309180684774,53.51286638909045,431500
2024-12-26,54.29898452758789,54.47893799283173,53.27608201858362,53.6644053163318,661700
2024-12-27,54.39369583129883,54.45999466619904,53.332910859879824,54.0906144108934,709100
2024-12-30,54.137969970703125,54.58312238568816,53.21925238676057,53.98642926115734,1005700
2024-12-31,54.57364654541016,55.17033964245786,54.18532326927141,54.46946163495568,885200
2025-01-02,53.39921188354492,55.42607032046538,53.06771408244064,55.14193192881576,653800
2025-01-03,54.80096054077149,54.83884662045149,52.77410224709186,53.4276208630025,634400
2025-01-06,55.27452850341797,56.49632753749995,55.05668895372372,55.36924009441004,825500
2025-01-07,55.03774642944336,55.58708016578088,54.109559099550864,55.29347206314063,785200
2025-01-08,52.48996353149414,54.32739876723698,52.28159730630827,53.98643125491292,1224500
2025-01-10,51.32499313354492,52.03534090667046,49.98006975067473,51.95957235630519,1529600
2025-01-13,52.62256240844727,52.62256240844727,50.55781800106693,51.21133662774557,1388400
2025-01-14,52.68886184692383,53.38026656183858,51.65648963139018,53.02982934754272,1002800
2025-01-15,53.28555679321289,54.41264432551637,52.94459287084339,54.34634548397097,1047700
2025-01-16,54.22321319580078,54.54523766323096,52.40472463597076,53.00141416234371,1270500
2025-01-17,52.55626678466797,54.980918263994965,51.94063058767377,54.753608994315904,1661000
2025-01-21,52.13005828857422,52.93511768654075,51.0597999207118,52.32895480623431,1842700
2025-01-22,50.917724609375,51.90274101308848,50.860899102286254,51.80802942593026,1601000
2025-01-23,51.36287689208984,51.69437467236413,49.83799649666828,50.60517335763003,1225300
2025-01-24,50.98402786254883,51.8932721205072,50.61464399555119,51.31552203586214,1490100
2025-01-27,53.53180694580078,53.59810578018234,51.25869269752712,52.00692652899387,2956500
2025-01-28,48.62567138671875,52.006926382731024,48.46465735151958,51.42917630216041,3999700
2025-01-29,46.201019287109375,48.90034306753324,45.8789948098558,48.786684819315,2849100
2025-01-30,46.44727325439453,48.63514205166073,46.15366154506183,47.00608030569512,2706600
2025-01-31,45.17811965942383,48.36994801501395,45.01710561672992,46.70300014292104,3176500
2025-02-03,41.38959503173828,44.62877893907539,40.91602987945984,43.52063821699124,6340400
2025-02-04,43.30280303955078,43.53011231223774,41.560082959215855,41.560082959215855,2776300
2025-02-05,42.88606262207031,43.71953837145426,42.15677179298632,42.772407987659314,1875400
2025-02-06,42.96183013916016,44.0699708340676,42.67769177736455,43.45433831901301,1249500
2025-02-07,42.03364562988281,42.97130264607262,41.38012338094664,42.91447713782811,1497600
2025-02-10,42.28937149047852,42.63033538088247,41.63584923791927,42.39355279384287,1304000
2025-02-11,42.04311752319336,42.450383880798455,41.71162333119653,41.8726337635905,1040500
2025-02-12,41.7968635559082,41.94840426810823,40.58453424529242,41.13387158515225,1499400
2025-02-13,42.05258560180664,42.82923213727921,41.87262853745538,42.28936817025597,1003100
2025-02-14,42.69663619995117,43.75742113776533,42.270426836940665,42.45038029553825,870000
2025-02-18,43.80478286743164,43.94685387869453,42.620869816960514,42.81029662763908,1346000
2025-02-19,43.918434143066406,44.75190987837146,42.68716538753444,43.49222475495498,1225000
2025-02-20,43.43539810180664,44.79926449484461,42.83870497415823,44.03209122945505,1205900
2025-02-21,44.06997299194336,44.25939978008744,42.75346241451605,43.67217998855473,2525600
2025-02-24,43.567996978759766,44.94133673656293,43.07548875326408,43.81424928499979,1618200
2025-02-25,44.68560791015625,44.98868931757024,42.99971712978906,43.62482298420732,1309300
2025-02-26,43.97526168823242,45.06446301732985,43.435397686997135,45.06446301732985,1420100
2025-02-27,42.47879409790039,44.06997335042923,42.33672671539829,43.69112338407482,1126600
2025-02-28,42.54509735107422,43.60588603827736,42.20413342984736,42.564040393311686,1519900
2025-03-03,41.10289001464844,43.51618089060005,40.95866788084189,43.08352182462284,2018800
2025-03-04,39.32416534423828,40.91059029268399,39.32416534423828,40.429854792963326,1925300
2025-03-05,39.641448974609375,40.04526870268738,38.25693205202938,39.72798151150317,2076500
2025-03-06,43.23735809326172,43.57387152325696,39.17994873189525,39.50684906434261,2294600
2025-03-07,45.67948913574219,46.362136386105874,43.24696849092557,43.35273089595604,2673000
2025-03-10,45.621803283691406,47.23707498457479,45.41027847332872,45.51604087851007,2239900
2025-03-11,42.71816253662109,45.5448863342927,41.69900181993723,45.266062494470106,2017600
2025-03-12,42.71816253662109,43.03544610184035,40.80483337693188,42.74700549680794,2106800
2025-03-13,40.60292053222656,43.41041780385701,39.602989796154304,42.02589719461208,2087500
2025-03-14,40.69906997680664,41.612464510276666,40.314480102288094,41.612464510276666,1402100
2025-03-17,42.3143424987793,42.44895153685127,40.25679488291272,40.25679488291272,1475100
2025-03-18,40.9682846069336,42.36241845076046,40.38178664266896,42.36241845076046,1145400
2025-03-19,40.92020797729492,41.81437632031154,40.47792852013295,41.07404319395795,1126000
2025-03-20,40.51639175415039,41.07404675523017,37.7762005735927,38.35308176916657,1868800
2025-03-21,40.37217330932617,40.72791659118409,39.439545163884425,40.083729043673664,2629600
2025-03-24,41.27595138549805,41.82398957618207,40.516388395700574,40.545231352772085,921300
2025-03-25,40.01642990112305,41.5355561418402,39.74721914159202,41.5355561418402,754000
2025-03-26,41.3047981262207,41.34325785098634,39.87220822205227,40.04527331577642,1199800
2025-03-27,41.564395904541016,41.91052609313631,40.90098215488086,41.25672544083881,736100
2025-03-28,39.785675048828125,41.29518437876302,39.314552597169175,41.16057901192365,900100
2025-03-31,39.36262512207031,39.593379797572254,38.708824487156136,39.29532243915748,1623700
2025-04-01,39.77605438232422,40.01642213316593,38.61267534850335,39.44915409447066,1086100
2025-04-02,40.9682846069336,41.28556816619668,39.38185580745454,39.38185580745454,792100
2025-04-03,34.74756622314453,38.60306752742872,34.661033674307895,38.38192593884074,2750000
2025-04-04,35.29560470581055,35.83402986514952,32.315045635803,33.41112214970614,2892200
2025-04-07,33.6514892578125,35.94940465172487,32.8150104089374,33.66110235523166,2705900
2025-04-08,30.738231658935547,34.91101838348392,30.382488364406232,34.63219087287277,2292900
2025-04-09,35.26675796508789,35.82440925987869,29.728684566485363,30.2959526255793,3628000
2025-04-10,32.113136291503906,34.79563788008728,31.324730280849128,34.29567246664648,2760000
2025-04-11,32.92076873779297,32.97845465059884,30.87283447560593,31.73815617718129,2451800
2025-04-14,32.70924758911133,33.67071869872287,31.09397583154623,33.41112105900121,2222200
2025-04-15,31.68047142028809,32.83423739887302,31.324728163362384,32.49772033510357,2017300
2025-04-16,31.113204956054688,32.48810890361279,30.901680143285404,31.58432373466848,1435100
2025-04-17,31.901611328125,32.1900519240085,31.00744291348133,31.1228184182905,1575200
2025-04-21,31.738157272338867,31.84391967309348,30.19019015200018,31.47856332031327,1887600
2025-04-22,33.00730514526367,33.036148105048824,31.68047397932808,31.843922308405595,1561800
2025-04-23,32.7188606262207,35.305220253659485,32.353504245999694,34.07453474157025,1858200
2025-04-24,33.853397369384766,33.93992991718613,32.709248053096736,33.19959671215696,1326000
2025-04-25,33.03614807128906,34.59373024935666,32.622715198758584,33.81493732646224,1197800
2025-04-28,32.44003677368164,33.64187565779116,31.72854654049147,33.01691797096573,2386000
2025-04-29,32.52656555175781,36.47820826401587,30.34402411708096,34.83409374128214,4020900
2025-04-30,32.65155792236328,32.72847737145042,30.62285513306574,32.25735491509472,3276400
2025-05-01,33.38227844238281,33.632259319653,32.315044912912896,32.699631160076365,1813600
2025-05-02,33.488040924072266,34.189914402676784,32.92077281564926,33.863014074641136,1138700
2025-05-05,32.61309814453125,33.30535851429953,32.3246575463682,32.93999846717502,1237000
2025-05-06,32.420806884765625,33.16114007689522,31.728546514416657,32.16120924588476,1368400
2025-05-07,32.401573181152344,33.18036233774466,32.22850810908277,32.61309430545456,1312000
2025-05-08,34.170684814453125,34.66103347658266,31.949685185463387,32.79578080618157,2056100
2025-05-09,34.96870422363281,35.54558910643104,34.05530590999328,34.35336328282509,1810700
2025-05-12,37.39160919189453,40.045271389538925,37.32430651065263,38.1800151730605,2994700
2025-05-13,37.15124130249024,37.63197683418441,35.86286993084101,37.5646741531649,1506800
2025-05-14,37.05509567260742,37.324306396753485,36.27630279068641,36.70896550286475,1385900
2025-05-15,36.78588485717773,37.25700733795836,36.09362811811009,36.54551706790058,1074800
2025-05-16,37.728126525878906,38.05502683747327,36.66089304779963,37.04547927644407,1087200
2025-05-19,37.59352111816406,37.88196540210017,36.632049952300825,36.66089658132729,1465000
2025-05-20,38.93958282470703,39.58376675537488,37.49737605342158,37.58390860640757,2089900
2025-05-21,37.15124130249024,38.53576198111091,37.01663594045123,37.9877201006762,1802400
2025-05-22,37.728126525878906,37.96849429417709,36.69934910325933,36.93010377462285,1624800
2025-05-23,36.56474304199219,37.03586547266229,36.055164556596345,36.38206486195166,992400
2025-05-27,38.23770523071289,38.39154045655858,36.73780902792659,37.30507711093028,1506100
2025-05-28,38.26654815673828,38.90111892127533,38.006950525647525,38.27616492143854,1038400
2025-05-29,38.35308074951172,40.12218768135164,37.68966702546716,39.42031423389899,1430000
2025-05-30,37.70889663696289,38.42999994133487,37.49737182734303,38.11271272690509,1402400
2025-06-02,37.13176727294922,38.11973263575746,35.92860452664569,37.6110778295089,1603000
2025-06-03,39.72395324707031,39.851117893075326,36.3981344924763,37.288279551578455,1536700
2025-06-04,40.45758819580078,41.40642546266506,39.948933358485206,40.105442252161815,1900800
2025-06-05,39.92936706542969,40.5749666824671,39.48918466029824,40.09565985468653,1051500
2025-06-06,40.15435028076172,40.878206240756015,39.87067674701623,40.50649622176076,1013300
2025-06-09,40.69234848022461,41.47489665718244,39.91958793925144,40.87820535141191,1243600
2025-06-10,41.68031311035156,42.56067419609014,40.711911811426326,41.249910874622046,1306800
2025-06-11,41.083621978759766,42.45307753730491,40.97602141939985,42.45307753730491,1121600
2025-06-12,40.77060317993164,41.08362094576302,40.00762284215091,40.51627391302733,946100
2025-06-13,39.73373031616211,40.89776865505274,39.59678550722584,40.13478457010383,1082900
2025-06-16,40.42824172973633,40.82929598103029,39.71416597676951,40.496714133752405,1320600
2025-06-17,39.17616653442383,40.330420950075855,38.89249301686427,40.07609541356923,1115200
2025-06-18,39.17616653442383,40.29129279631602,39.11747803525021,40.02718335563638,1140200
2025-06-20,38.4327507019043,39.4402764180042,38.1882053353584,39.4402764180042,1796300
2025-06-23,39.528316497802734,39.70438947626242,37.58173356103908,37.99257175460052,1305500
2025-06-24,39.68482208251953,40.53583891967848,39.381584482397976,39.90980337365506,1162000
2025-06-25,38.4327507019043,39.57722122623532,37.81649533339812,39.19573105145831,948900
2025-06-26,39.2446403503418,39.58700611086421,38.44253182672488,38.62838869804072,1210600
2025-06-27,40.04674530029297,40.42823918194008,39.342457227445365,39.62612699843528,9245200
2025-06-30,39.76308059692383,40.06631448239774,39.10769703294738,40.01740615230192,1285700
2025-07-01,43.8910026550293,44.61485860349094,39.35224111327948,39.528314080973765,2543500
2025-07-02,45.65172576904297,45.915835204203496,43.64645457408268,44.125765118959066,2161500
2025-07-03,45.4267463684082,46.28754711146007,44.918091553489646,45.76911212363391,913000
2025-07-07,44.88874435424805,45.37783505975341,43.99859941948692,44.89852825797909,1278700
2025-07-08,46.0919075012207,46.75707116585218,44.58551094917034,45.14307406048408,1512400
2025-07-09,46.82554626464844,47.12878386588169,45.82780071021596,46.4636201629267,973500
2025-07-10,48.97754669189453,49.261220218307606,46.54187688205237,46.84511075448972,1704600
2025-07-11,48.8992919921875,49.09492529567374,47.63743703478443,48.05805535391879,990100
2025-07-14,47.070091247558594,48.81125679992685,46.68860107165004,48.77212864561157,1042900
2025-07-15,46.24842071533203,48.136311332909074,46.10169572734191,47.412459103305245,1284300
2025-07-16,45.88649368286133,46.78642259669534,45.15285756318344,46.54187722346937,1345500
2025-07-17,45.96474838256836,46.2386379969138,45.02569134637543,45.88649207477472,1065000
2025-07-18,45.83758163452149,46.669034343426006,45.53434405300293,46.44405306609261,866700
2025-07-21,46.042999267578125,47.392890675703065,46.042999267578125,46.5516540551537,801200
2025-07-22,50.88500213623047,51.6284184352393,46.27776816148979,46.512529632138346,2451400
2025-07-23,52.31314468383789,52.65551043797686,51.15889024816083,52.09794356589147,2564000
2025-07-24,48.52758407592773,51.95121927399518,47.970020927902624,51.84361871359275,1377200
2025-07-25,49.143836975097656,49.28078177907136,48.06783515686735,49.28078177907136,1097200
2025-07-28,48.40041732788086,49.52532747935988,47.559180690283135,49.13405340976733,1761900
2025-07-29,56.54867172241211,59.942958861808464,52.60659788891221,54.92489064300305,6167800
2025-07-30,51.86318206787109,57.96703236054716,51.569728372707736,57.56597810648179,2510600
2025-07-31,51.75558090209961,53.05656403507269,51.12954536470082,51.63820017170387,2055800
2025-08-01,48.5373649597168,51.452345380411046,48.01892995905808,51.44256520726135,2201400
2025-08-04,49.32969284057617,49.52532988487481,48.40041967875732,49.21231210658349,1324700
2025-08-05,51.76536178588867,51.97078273123549,49.92638330238663,50.36656571174953,1315500
2025-08-06,51.53060150146485,51.970783920904005,50.72849297336072,51.89252761012981,1051100
2025-08-07,50.93390655517578,52.518559420543575,49.93616105284317,52.28379796791591,779900
2025-08-08,50.31765365600586,51.520816420694544,49.88725515097236,51.21758255203288,655100
2025-08-11,51.09041976928711,51.60885477500811,49.936165290104775,50.56220085885459,962100
2025-08-12,54.08365631103516,54.34776576518081,51.36430918953527,51.647982721558336,1030000
2025-08-13,58.21157836914063,59.00390671312211,54.56296188798065,54.56296188798065,2175000
2025-08-14,57.53663635253906,57.634453011348405,55.92263536192051,56.949728936750326,3236900
2025-08-15,55.981327056884766,57.986598394892646,55.83460207008398,57.95725414382575,1086900
2025-08-18,55.20856094360352,56.22587057016902,54.41623633931781,56.19652632007435,1143500
2025-08-19,55.37485122680664,56.75408689079617,55.25747050027686,55.726997137862014,685300
2025-08-20,53.858673095703125,55.46289010989076,53.34023437906967,55.30638122390821,2566000
2025-08-21,52.12729263305664,53.40870800014681,52.019692071842535,53.00765373746369,1986500
2025-08-22,55.90307235717773,57.46816121250633,52.51856164389712,52.51856164389712,1875800
2025-08-25,56.108489990234375,56.245434799668544,55.19878092017462,55.95198110352873,844200
2025-08-26,54.91510772705078,56.5388888356828,54.83685514896066,55.89328920770781,1096300
2025-08-27,56.28456115722656,56.35303355975754,54.76838066602246,54.76838066602246,957700
2025-08-28,55.13030624389648,57.008412806979706,54.20103313485454,56.73452319939658,685100
2025-08-29,55.34550857543945,56.3236900315076,54.60208857920663,55.15965171064818,999300
2025-09-02,56.19682693481445,56.27601725794491,53.959642719595976,54.256616815837056,1349300
2025-09-03,56.64228439331055,57.43420650679033,55.365307861221744,55.74147228119308,1843400
2025-09-04,57.36491394042969,57.48370131419821,56.08793739982493,56.68187804485004,841800
2025-09-05,58.56269454956055,59.66148810705728,57.66188245960796,57.81036950431167,1239900
2025-09-08,58.99825286865234,59.503105817766816,57.3649141993693,58.80027517020534,1148700
2025-09-09,58.53300094604492,58.76067832098359,57.2362258701603,58.32511832007261,1358300
2025-09-10,57.95885467529297,58.38451352282101,56.70167665773138,58.38451352282101,1017400
2025-09-11,59.34471893310547,59.95845808044961,57.94895507029463,58.12713801245621,1353700
2025-09-12,56.74127197265625,58.721079100177214,56.74127197265625,58.69138320164277,1557900
2025-09-15,58.2954216003418,58.48350569851922,55.28611379132792,56.36510885157778,805200
2025-09-16,57.8697624206543,59.29522599359977,57.444103578864464,58.74087862898959,871900
2025-09-17,56.57299041748047,60.43361206668491,56.266118951997534,57.77077282838792,1269600
2025-09-18,56.4838981628418,57.51339498932512,56.038440808209295,57.25602172674988,898500
2025-09-19,54.801063537597656,56.46410187668876,53.50428847075206,56.2661204027622,2737600
2025-09-22,55.434600830078125,55.97904704727989,54.07843397424482,54.533788717636654,1639600
2025-09-23,55.434600830078125,57.186730630885,55.30591230653434,56.28591851844352,738900
2025-09-24,56.64228439331055,56.86996176492458,55.55338818311616,55.55338818311616,821700
2025-09-25,56.454200744628906,56.60268779416822,54.74166798053948,56.02854189721091,1048300
2025-09-26,58.33501815795898,58.6319884761445,56.40470542547939,56.72147426836828,800300
2025-09-29,58.899261474609375,58.928957372856864,56.86005879354178,58.849767052136094,945400
2025-09-30,57.543094635009766,58.90915882029051,56.62248402795661,58.90915882029051,848000
2025-10-01,61.0572509765625,61.1166465487065,58.58249211329775,58.90915831963388,1362400
2025-10-02,62.00756072998047,62.9578672770939,61.19584008229827,61.34432713236461,1037200
2025-10-03,63.65080261230469,63.72009556015403,61.97786316118717,62.42332052320611,1147900
2025-10-06,63.670597076416016,64.57141294680059,62.96776645069198,63.65080232813239,920900
2025-10-07,63.15584564208984,64.18534246268058,62.04715472504778,63.789387085153386,1154300
2025-10-08,63.7101936340332,64.30413425870485,62.73018744952436,63.46271774438962,1676800
2025-10-09,61.99766159057617,63.126151055170304,61.60169865245993,62.89847368741732,1257900
2025-10-10,55.731571197509766,62.10655271507804,55.147527930083776,62.10655271507804,1570200
2025-10-13,60.740482330322266,61.37401999707059,56.95905107775864,56.95905107775864,1616400
2025-10-14,69.19425964355469,69.78820026297944,64.84858366399239,64.84858366399239,4195000
2025-10-15,65.32373809814453,70.53063328023164,64.65060333105964,69.43183965230827,1798600
2025-10-16,65.54151153564453,66.05626559837455,64.52191211246893,65.33363270151438,984900
2025-10-17,65.84838104248047,66.34333281913051,63.997266231322776,64.8584774891804,1230900
2025-10-20,66.79869842529297,67.49162792615451,66.03646842198013,66.32354137301282,1025000
2025-10-21,66.22454833984375,67.69950249985672,65.18514660184498,66.33343833343847,2627100
2025-10-22,65.4425277709961,66.46212727327885,64.26454006716467,66.08596662314851,1126200
2025-10-23,67.37283325195312,67.76879618275349,65.33363435402364,66.69969853530192,1172700
2025-10-24,70.1346664428711,70.55042412981523,67.37283457554524,68.10536865524477,1528500
2025-10-27,70.47123718261719,72.26296021783693,70.13466604341399,70.2732519382727,1721900
2025-10-28,66.72940063476562,74.49024069091685,64.77928947075797,72.98559064717728,2263400
2025-10-29,66.91748046875,68.17466224413374,65.28413805197941,65.76919624367359,1382200
2025-10-30,66.61061096191406,68.29344398041788,65.09605973478767,66.2641462289709,975300
2025-10-31,65.43262481689453,66.23445184849614,64.3437323945369,66.23445184849614,1387100
2025-11-03,64.98716735839844,65.63060615449436,63.06675211993616,64.74959262913815,1631700
2025-11-04,63.363731384277344,64.49222088112487,63.007365485023904,63.95767203224471,822600
2025-11-05,64.96736907958984,65.96717380763654,63.33403044224541,63.700293708629445,781300
2025-11-06,64.43282318115234,65.69990616228849,63.93787136976589,64.79909024042982,540300
2025-11-07,64.93767547607422,66.02656793946096,64.25464711898869,64.25464711898869,693900
2025-11-10,63.98736572265625,65.44252516897495,63.482512790749496,65.44252516897495,833900
2025-11-11,64.51201629638672,65.53161580386256,63.55180858861154,64.6011115483029,1218400
2025-11-12,65.3138427734375,66.32354112119717,64.28434212437689,64.83868572296142,853900
2025-11-13,64.1655502319336,65.75929561180601,63.58151074051409,65.03666266997736,633900
2025-11-14,63.76958465576172,64.18534233274244,61.29482578940309,62.4728134265465,623400
2025-11-17,61.99766159057617,63.75969251139279,61.453215382803165,63.403326622324656,829900
2025-11-18,62.09664916992188,62.65099651673658,60.96815972835475,61.38391740632901,532800
2025-11-19,61.55220413208008,62.97766390992007,61.23543529256008,62.20554033561287,484600
2025-11-20,59.22593307495117,62.7598885576921,59.02795160347739,61.661094978385975,1516900
2025-11-21,62.96776580810547,63.70029232496193,59.59219483283057,60.01785366405083,1028900
2025-11-24,64.4625244140625,65.076259805534,62.08675429074388,62.86877525590685,635300
2025-11-25,66.18495178222656,67.11546353352344,64.68029416087994,64.8782794017754,976300
2025-11-26,65.71969604492188,66.99667253001802,65.59101130234248,65.84838078750128,949600
2025-11-28,65.69000244140625,66.32354013100576,64.74959705750963,65.50191834368093,466400
2025-12-01,64.8499984741211,66.79000091552734,64.55999755859375,64.98999786376953,868500
2025-12-02,66.20999908447266,66.48999786376953,63.869998931884766,65.22000122070312,678200
2025-12-03,66.69000244140625,68.0,66.05999755859375,66.8499984741211,806200
2025-12-04,65.72000122070312,66.75,64.95999908447266,66.29000091552734,763800
2025-12-05,67.44999694824219,68.87000274658203,66.01000213623047,66.56999969482422,1285000
2025-12-08,66.66999816894531,68.08000183105469,66.44000244140625,67.5,695700
2025-12-09,67.0,67.41000366210938,66.18000030517578,66.25,645300
2025-12-10,69.44999694824219,71.25,66.55999755859375,66.87000274658203,1246100
2025-12-11,69.7300033569336,70.05999755859375,68.0199966430664,69.58999633789062,634500
2025-12-12,68.02999877929688,70.06999969482422,67.58000183105469,70.0,935400
2025-12-15,68.13999938964844,68.97000122070312,67.12999725341797,68.45999908447266,858800
2025-12-16,68.54000091552734,69.75,67.91000366210938,68.23999786376953,879700
2025-12-17,69.33000183105469,70.83000183105469,67.7699966430664,68.0999984741211,1005800
2025-12-18,69.73999786376953,70.5,68.73999786376953,69.97000122070312,620900
2025-12-19,69.56999969482422,70.79000091552734,69.20999908447266,69.79000091552734,1516500
2025-12-22,68.6500015258789,69.9800033569336,68.51000213623047,69.70999908447266,1279800
2025-12-23,67.12000274658203,68.56999969482422,66.80000305175781,68.31999969482422,571000
2025-12-24,66.27999877929688,67.30000305175781,65.37000274658203,67.0,353400
2025-12-26,66.25,66.63999938964844,65.83000183105469,66.44000244140625,341900
2025-12-29,65.16999816894531,66.16000366210938,64.83999633789062,65.94000244140625,627000
2025-12-30,64.45999908447266,65.87000274658203,64.37000274658203,65.23999786376953,583300
2025-12-31,63.25,64.55999755859375,62.61000061035156,64.41999816894531,854400
2026-01-02,66.4800033569336,66.55000305175781,63.09999847412109,63.4900016784668,1051600
2026-01-05,67.04000091552734,68.44999694824219,66.0199966430664,66.63999938964844,671800
2026-01-06,69.95999908447266,70.44000244140625,65.93000030517578,66.56999969482422,998200
2026-01-07,69.22000122070312,70.08999633789062,68.2699966430664,69.95999908447266,1212300
2026-01-08,73.5999984741211,74.5999984741211,69.80999755859375,70.12000274658203,1699000
2026-01-09,71.9000015258789,74.47000122070312,71.5,73.97000122070312,756400
2026-01-12,70.5999984741211,71.08000183105469,69.54000091552734,70.69000244140625,935100
2026-01-13,70.83000183105469,71.23999786376953,69.9800033569336,70.2699966430664,687900
2026-01-14,70.56999969482422,72.25,70.0,71.16999816894531,435000
2026-01-15,70.79000091552734,71.56999969482422,69.8499984741211,71.22000122070312,582700
2026-01-16,69.94999694824219,71.12000274658203,69.87999725341797,70.86000061035156,599700
2026-01-20,68.12999725341797,70.58000183105469,67.27999877929688,68.5,861900
2026-01-21,69.94000244140625,70.30999755859375,68.4800033569336,68.83999633789062,527500
2026-01-22,70.91999816894531,71.5,70.12000274658203,70.20999908447266,603700
2026-01-23,69.08999633789062,70.80999755859375,68.94000244140625,70.80999755859375,576500
2026-01-26,69.11000061035156,69.94000244140625,68.25,69.68000030517578,1193200
2026-01-27,66.18000030517578,67.2699966430664,62.58000183105469,64.30000305175781,2569200
2026-01-28,64.94000244140625,66.68000030517578,64.45999908447266,65.5,1341600
2026-01-29,64.68000030517578,65.58999633789062,64.01000213623047,65.58999633789062,1422700
2026-01-30,63.84000015258789,64.97000122070312,63.560001373291016,64.0999984741211,2608500
2026-02-02,64.3499984741211,65.19999694824219,63.0,64.19999694824219,1901500
2026-02-03,67.19999694824219,67.94000244140625,64.36000061035156,64.56999969482422,939400
2026-02-04,69.88999938964844,70.44999694824219,67.69999694824219,68.19999694824219,834800
2026-02-05,67.2300033569336,69.73999786376953,66.83999633789062,69.73999786376953,554000
2026-02-06,69.33000183105469,70.05000305175781,67.58000183105469,67.58000183105469,623500
2026-02-09,69.0,69.23999786376953,67.6500015258789,68.72000122070312,581100
2026-02-10,67.69999694824219,70.05000305175781,67.66999816894531,69.70999908447266,828700
2026-02-11,66.75,68.23999786376953,66.13999938964844,67.81999969482422,825200
2026-02-12,66.08999633789062,68.0,64.73999786376953,67.02999877929688,698700
2026-02-13,65.81999969482422,67.62999725341797,65.61000061035156,65.79000091552734,704900
2026-02-17,65.98999786376953,66.55999755859375,64.52999877929688,65.93000030517578,627000
2026-02-18,66.3499984741211,66.87000274658203,65.08000183105469,65.1500015258789,703800
2026-02-19,65.3499984741211,65.5999984741211,63.900001525878906,65.27999877929688,847000
2026-02-20,66.33000183105469,67.62999725341797,64.91999816894531,65.0199966430664,891705
2026-02-23,61.523433685302734,64.9150343310101,61.127910270506625,64.72715901158608,856800
2026-02-24,63.263729095458984,63.87678700022403,61.57287383432155,62.07716261024309,686600
2026-02-25,61.533321380615234,63.59003337407581,60.76205485456639,63.44171869136013,926200
2026-02-26,63.13518142700195,63.23406416464558,60.96970039448169,61.76074343567694,594400
2026-02-27,60.060001373291016,62.522123055623915,59.545822457512855,62.146376199480116,1011800
2026-03-02,59.0,59.349998474121094,56.02000045776367,58.5,980000
2026-03-03,57.43000030517578,58.220001220703125,55.41999816894531,56.849998474121094,1263800
2026-03-04,56.040000915527344,58.2400016784668,55.849998474121094,58.0,654800
2026-03-05,54.540000915527344,56.0,53.630001068115234,55.18000030517578,1175700
2026-03-06,54.34000015258789,54.849998474121094,51.61000061035156,53.09000015258789,1006400
2026-03-09,52.72999954223633,53.20000076293945,49.90999984741211,52.470001220703125,1645800
2026-03-10,52.75,53.52000045776367,51.72999954223633,52.630001068115234,763000
2026-03-11,53.4900016784668,53.52000045776367,51.779998779296875,51.959999084472656,1163700
2026-03-12,51.33000183105469,54.02000045776367,51.29999923706055,52.52000045776367,860835
