date,close,high,low,open,volume
2021-03-15,72.47834777832031,73.53450389757548,71.66973582336733,72.98992310349941,2200800
2021-03-16,70.07723999023438,71.60370633412595,69.78845008114374,71.4964433093631,3064000
2021-03-17,70.51457214355469,70.72910455157144,69.02111081904707,70.09376026883136,2490300
2021-03-18,67.13984680175781,70.29179697548486,67.08208879969278,69.86273213573034,3516700
2021-03-19,67.87420654296875,68.93035654618495,66.51276062204296,67.36263113103253,5098200
2021-03-22,66.48798370361328,67.61014424423405,66.30645680804989,67.172832884094,2946100
2021-03-23,65.16781616210938,66.71903558713689,64.12816581914034,65.28333216742259,3348500
2021-03-24,67.68441772460938,67.87419760417076,66.28171986665907,66.39723586460087,3417400
2021-03-25,68.02271270751953,68.2619976223381,65.29156853848637,66.65301415272688,2613300
2021-03-26,69.56568908691406,69.67295844427859,68.12998568390113,69.26864613523551,2370000
2021-03-29,68.09696197509766,68.79831075284216,67.09857032522515,68.61679014889584,1880600
2021-03-30,67.9154281616211,68.74054576793951,67.32959541655275,67.46161725523461,1960600
2021-03-31,67.28010559082031,68.17123431801906,67.05732026144604,67.65140607957854,2665200
2021-04-01,68.61680603027344,68.73232203004294,66.43848903211331,67.32136491329437,2732900
2021-04-05,67.70917510986328,68.79008387548923,66.98307359998533,68.51779344860367,3060200
2021-04-06,66.71076965332031,68.41876316513297,66.43847928161784,67.81643072546875,2905200
2021-04-07,66.0094223022461,66.78503502874518,65.27506798274553,66.72727703603668,2707200
2021-04-08,64.70574188232422,65.32458028508971,64.07865683336301,65.15130628773335,2908500
2021-04-09,65.20905303955078,66.52924014538046,64.4416933006703,64.78824123561022,3592000
2021-04-12,64.04564666748047,66.31472064459169,63.91362479623142,65.72888775500998,1846300
2021-04-13,64.04564666748047,64.22716729772395,63.2535343254341,63.74860375231942,2000600
2021-04-14,65.50608825683594,66.44672185307182,64.53244919992449,64.647965164715,2237300
2021-04-15,65.2008056640625,65.40708511367629,64.56546772911767,65.20905860468883,2143800
2021-04-16,64.92852020263672,66.38072296471843,64.48295584546992,65.64636864322567,2422300
2021-04-19,64.3096923828125,65.72064326365191,63.91363301329524,65.06054641283986,2352600
2021-04-20,62.230377197265625,63.938370633152196,61.553780915782745,63.75684372675336,2283800
2021-04-21,63.55056381225586,63.82285416978199,61.33100143357095,61.570286326989496,2553200
2021-04-22,61.84257507324219,63.67433755148259,61.81782254707392,63.67433755148259,2625700
2021-04-23,63.11325454711914,63.369045328748896,61.867331284780704,62.13961535629478,1992800
2021-04-26,63.12152099609375,63.87238132634681,62.91524151571436,63.11326805423653,1582100
2021-04-27,64.44171142578125,64.64799091580946,63.039013411649634,63.278298375500405,1955100
2021-04-28,66.0919189453125,66.46322564489745,64.68922153394112,64.77998497416314,2670500
2021-04-29,66.93355560302734,67.89068894038145,66.32296392223097,66.83453920461872,2814500
2021-04-30,66.76028442382812,68.06396576750144,65.92691368063785,66.05068261004618,3061400
2021-05-03,69.2603988647461,69.48317792892321,67.65141517512235,67.84119506287695,3078200
2021-05-04,68.50953674316406,70.23403639022156,67.8494462145776,69.6894555663666,2867600
2021-05-05,70.12676239013672,70.2010262680826,68.30325274694728,69.02936046397618,2899900
2021-05-06,70.63832092285156,70.73733730486593,69.40064447583767,70.34953101091124,1661100
2021-05-07,70.99313354492188,71.19941298701133,69.52442492446886,69.72245142623301,1894900
2021-05-10,70.621826171875,72.56910459226188,70.58882700115225,71.89250827976467,2567400
2021-05-11,69.00460052490234,70.14326713722248,68.19598859239173,69.43366531350537,2450700
2021-05-12,70.41554260253906,72.26381081208179,68.92208155652467,68.97158660485488,3060600
2021-05-13,69.59867095947266,71.12513731875046,68.68278988487639,69.43364995122833,2265300
2021-05-14,72.36283111572266,72.44534793477698,70.32479536515969,70.32479536515969,2818200
2021-05-17,73.18794250488281,73.42722740975562,71.57896539729708,72.18955077464386,3022200
2021-05-18,71.58722686767578,73.51799962684511,71.44695204800179,73.18795122579105,2147700
2021-05-19,70.73735809326172,71.57072261332158,69.16963287395586,70.3000403322063,2669700
2021-05-20,70.21752166748047,71.06739197182308,69.27688790392175,70.74559654192926,3492300
2021-05-21,70.29256439208984,71.76029558377863,70.24253019817584,71.05144390367342,2675100
2021-05-24,71.30997467041016,71.45174247322454,70.23419487491317,70.88466489953085,1683300
2021-05-25,69.40860748291016,71.1515334664075,69.33354981397784,70.90969087474977,2433200
2021-05-26,69.5253677368164,69.99237067444732,69.25850800639334,69.72551094402425,2529100
2021-05-27,70.39265441894531,70.46770572610394,69.64210953517396,69.75886025460095,2903500
2021-05-28,70.23419952392578,70.96806204804399,69.7505143691395,70.88466959160002,1722900
2021-06-01,72.42745971679688,72.81107014564834,71.63522175584409,71.6852559623438,3599900
2021-06-02,74.73745727539062,74.84586682544071,71.8019946458464,72.7193243316654,3142100
2021-06-03,74.39556121826172,75.44632421594221,73.71173274475747,74.42057832446683,2995900
2021-06-04,76.28858947753906,76.61382452609162,74.65406671758662,75.05435943404039,3267400
2021-06-07,77.06414794921875,78.21497911784171,76.40533672725599,76.57212164012195,3160000
2021-06-08,77.18923950195312,78.19830293747644,75.27118740393088,76.4887351780938,2778100
2021-06-09,77.09749603271484,78.3734253666028,77.08916124118896,77.98980863357843,3670900
2021-06-10,76.42201232910156,78.67364045482599,75.62143329856762,78.35674657683438,2248500
2021-06-11,75.86326599121094,77.25593954947732,75.81323179658256,76.98907990739971,2518300
2021-06-14,76.25521850585938,76.77225549045475,75.42961610879469,76.23020140820938,2030900
2021-06-15,76.80561828613281,77.88139808578823,76.03005640091314,76.78060118700253,2450100
2021-06-16,75.67147064208984,76.68887519057078,74.86255042362755,76.36364014473662,2188600
2021-06-17,72.26901245117188,76.00504814622087,71.72695191133876,75.47966991604,3044100
2021-06-18,70.19249725341797,72.02716303258687,70.13412190004293,71.2099017228999,3990400
2021-06-21,72.84442138671875,72.98618919976904,70.84297060785369,71.0597960858602,2828400
2021-06-22,73.3614730834961,73.7951177260387,71.62688178845096,72.48583628060616,2689400
2021-06-23,73.60330200195312,75.08770925942719,73.53658549629591,73.89517876115822,3452400
2021-06-24,74.79582977294922,75.04600711638733,73.41149096200184,74.07030211586326,3097500
2021-06-25,75.08771514892578,75.42962613297347,73.84515035517154,74.88757197869211,8032600
2021-06-28,71.23493957519531,74.77917394284067,70.8680114024147,74.77917394284067,4141800
2021-06-29,70.97640228271484,72.14391574511177,70.62615015272672,71.85203897012167,3392700
2021-06-30,71.56848907470703,71.67689861845056,70.95137733831896,71.32664652718456,3103500
2021-07-01,72.62759399414062,73.2613881026014,71.76030482985088,73.04456263031074,2358100
2021-07-02,73.3030776977539,73.9368717213656,72.0104725536993,72.36906578729644,2080300
2021-07-06,70.4260025024414,73.38648246503985,70.07575036311579,73.38648246503985,6464400
2021-07-07,68.83319854736328,70.40099867793819,67.6490088839789,69.55872642630672,5109200
2021-07-08,67.3738021850586,68.52463348737433,66.4898305917916,67.03188480279505,2484200
2021-07-09,68.96662139892578,69.075037334401,67.31542888681312,68.04929151859236,2376600
2021-07-12,68.7164306640625,69.36690070099294,67.54891724171837,67.88249341416474,3251800
2021-07-13,68.09098815917969,68.65806583049225,67.61564410840572,68.22441483113938,3340600
2021-07-14,65.49742889404297,68.69140991860856,65.2972857461727,67.95754110569099,4263700
2021-07-15,64.35493469238281,65.572482288101,64.05471677974697,64.71352795678473,3481000
2021-07-16,62.11164093017578,65.02207976464656,61.89481549249108,64.87197082508568,3305400
2021-07-19,58.83428192138672,60.71897573009461,58.4339891984463,60.04348852022195,5171600
2021-07-20,59.317955017089844,60.46879250792221,58.1504479429648,58.79257683373358,4956500
2021-07-21,61.51121139526367,61.961538259507655,60.360373954717005,60.460448712027706,4450100
2021-07-22,60.30202102661133,61.252709306045986,59.52645886576321,61.110941452300466,2807100
2021-07-23,60.18525314331055,60.552187589639864,59.55146537911564,60.285327909337624,2126000
2021-07-26,61.97821044921875,62.036585796837315,60.26863669941915,60.36037029745341,2167800
2021-07-27,62.161685943603516,62.27843665442635,60.710636850207926,61.31940750486461,1932500
2021-07-28,62.728759765625,63.30417849312104,61.527888112567595,62.47024125903921,1958000
2021-07-29,62.3618278503418,63.712808514270336,62.2617594501936,63.5210001432589,1938400
2021-07-30,61.23601150512695,62.461900260259945,60.85240113998945,61.99489108155831,3301000
2021-08-02,61.27771759033203,63.50432872654255,61.08590920564073,61.502877869160464,4061200
2021-08-03,63.437599182128906,63.46261627881121,60.977487117690124,61.29438094639194,3148500
2021-08-04,59.743263244628906,61.60294608556624,59.70990499160355,61.51121248035556,4259700
2021-08-05,61.18598556518555,61.99489944898522,60.143563879300515,60.52717429621376,2182900
2021-08-06,61.678009033203125,62.270103820760575,61.20266497206897,62.00324410858768,1807900
2021-08-09,60.885765075683594,61.64464472294477,60.518830621549476,60.71897379542409,2220700
2021-08-10,61.903175354003906,62.128335650176396,60.96916318529561,61.08591391107948,2823800
2021-08-11,62.05328369140625,62.161693260663625,61.24436341231814,61.69469036240133,2021300
2021-08-12,62.07830047607422,62.22840945866436,61.21100483915754,61.919850338218716,1790000
2021-08-13,61.61961364746094,62.51192611657169,61.53622120746126,62.24506649111152,2214700
2021-08-16,59.91838836669922,60.860741503269054,59.634852764060014,60.78568384452355,4751400
2021-08-17,59.09077072143555,60.222418784726266,58.643178384667,59.40323743940536,3161400
2021-08-18,57.553749084472656,59.741041762728216,57.4692987989329,59.06543303526635,3895000
2021-08-19,55.9660530090332,56.793681236005725,55.189100105764965,56.44742670379108,4008600
2021-08-20,55.69581604003906,56.16030232070112,54.42904230348189,55.06242917176048,4518600
2021-08-23,58.102699279785156,58.263152927130655,57.047054354230525,57.114610732675594,3549900
2021-08-24,59.90150833129883,60.14641869620514,58.40671814090211,58.761413244637666,3351900
2021-08-25,60.957149505615234,61.354072954729816,59.40323711367134,59.8170544866152,2229500
2021-08-26,59.69038009643555,60.585564829041175,59.50458557989976,59.960624908720895,2518500
2021-08-27,61.32028579711914,61.79321252966295,60.16329696283904,60.21397228642837,2349900
2021-08-30,60.4420051574707,62.07192116832393,60.42511767376936,61.80167632708561,1790300
2021-08-31,60.036617279052734,60.96558969209801,59.69036919676227,60.019729800244356,3333500
2021-09-01,58.44893264770508,60.34909303199904,58.19558179568541,60.34909303199904,3334500
2021-09-02,59.04853057861328,60.095734586025095,58.837401673704214,58.97252726555458,2336500
2021-09-03,58.79519271850586,59.48769542152641,58.31381896693237,59.03165611322347,1606200
2021-09-07,58.05201721191406,59.453916603234894,58.035129730046926,58.34759646817311,2108700
2021-09-08,56.57411193847656,58.80363314686963,56.53189001413879,58.423603612108366,2498400
2021-09-09,56.36298370361328,57.587535501566954,55.78027217245055,56.14341423072035,3575700
2021-09-10,56.058963775634766,57.21595289164754,55.864728724532846,57.20750592846852,2477500
2021-09-13,56.80213165283203,57.38484314416202,56.33764540895518,56.852800536475364,3545100
2021-09-14,55.09619140625,57.46083746892875,54.851281129225676,57.27504302131428,3572200
2021-09-15,55.763370513916016,56.514988969763785,55.29044378479206,55.63669187057397,4584500
2021-09-16,55.53535842895508,56.118069924611774,55.011756335891896,55.738040408177234,2427000
2021-09-17,55.75491714477539,56.261631659905355,55.113089927058134,55.526900767481074,6201900
2021-09-20,54.27702331542969,55.16376741218202,53.364947999166645,54.302364199655976,2989700
2021-09-21,54.33614730834961,55.1637756856559,53.67742919040505,55.02020953589343,2170000
2021-09-22,56.59100341796875,57.443959704588224,55.265113919929625,55.282001400306335,4003600
2021-09-23,57.942230224609375,58.15335917705493,56.48121503870265,56.658562585579595,2520300
2021-09-24,57.46085739135742,57.84088693459027,56.920367779889,57.410188503764886,2424700
2021-09-27,60.07040023803711,60.39132033201136,58.33914689538934,58.719176388297896,3136300
2021-09-28,59.88461685180664,61.607423367265895,59.76637871531037,61.02471186235681,3790400
2021-09-29,59.082313537597656,59.82548498298158,58.854297149254265,59.774816106270386,2351900
2021-09-30,59.14142990112305,59.8677138751143,58.347583128820276,59.21743966000929,3435400
2021-10-01,61.2865104675293,61.46385800980334,59.19210847864437,59.19210847864437,2859400
2021-10-04,63.938297271728516,64.1240917984695,61.05005447369579,61.64965998254037,6312000
2021-10-05,65.32329559326172,66.64918513649998,63.90450879692475,65.11216664406362,5064900
2021-10-06,66.20159912109375,66.44650949874361,64.41122314128,65.0446100493985,4437300
2021-10-07,66.97010040283203,67.54437136070142,66.2522568731375,66.47183276844913,2746500
2021-10-08,69.36006927490234,69.79922102903971,67.25722707228402,67.56970018799166,3274000
2021-10-11,69.28406524658203,71.3700199494658,69.25873080778476,70.0610181043663,2671900
2021-10-12,69.78233337402344,70.38193877708271,69.08983072398306,69.25029077661293,2217500
2021-10-13,69.14049530029297,69.57964058244703,68.0341754700149,69.08137946532717,3511800
2021-10-14,69.38542175292969,70.54240428419202,69.02227969841844,70.17926222968076,2283100
2021-10-15,68.59158325195312,70.39039982100545,68.56624880555233,70.0948205410877,2092900
2021-10-18,68.29598999023438,69.79078001016819,67.89906656282797,68.97159871414115,2534500
2021-10-19,69.90902709960938,70.00192436662364,68.45645868063558,68.74359744499199,2880000
2021-10-20,70.36505889892578,70.37350586133036,69.14895403844481,69.53743054817747,2016900
2021-10-21,69.86680603027344,71.14202045110113,69.13207484841912,69.82457765633016,2536000
2021-10-22,70.00190734863281,70.81264166472474,68.84491849545658,70.03568875052959,1880200
2021-10-25,70.7113037109375,71.00688292280543,69.95123827817456,70.55929062438491,1939200
2021-10-26,69.43608856201172,70.72819667636038,69.21651265481671,70.71974971446794,3262700
2021-10-27,65.32329559326172,68.27910088203504,65.13750108706432,67.98352164178655,5417200
2021-10-28,64.81658935546875,65.86378717094247,64.18320248880293,64.60546039991348,3380000
2021-10-29,63.15288543701172,65.60198234956333,62.553280040194046,65.02771139381429,5110900
2021-11-01,65.99046325683594,66.02424466158338,63.5920415080645,63.68493876033394,5824600
2021-11-02,65.4922103881836,67.53593731252435,65.4922103881836,65.95669026563651,4552600
2021-11-03,66.66608428955078,67.17279251874103,65.0192744907516,65.24729738193126,4270800
2021-11-04,64.9263687133789,67.67104490818848,64.44499499232268,67.42613456685898,2859200
2021-11-05,65.67799377441406,66.19314895016821,64.68991179199165,65.87223525180681,2682400
2021-11-08,65.86378479003906,66.77586339142185,65.38241104649995,66.37893993842319,1640600
2021-11-09,66.86032104492188,66.91099637934207,65.25573957537304,65.72022588921305,2363700
2021-11-10,65.4753189086914,67.35859226431629,65.12062376506006,66.78432117518426,2910300
2021-11-11,65.76244354248047,66.48028063884601,65.17972561520848,65.44997039653941,1510500
2021-11-12,65.42463684082031,65.99046085265145,64.6561244078889,65.17972649768208,2146500
2021-11-15,66.6407470703125,67.1896772039156,65.24729466569013,65.95668486839567,3721000
2021-11-16,65.7862548828125,67.07651839968416,65.45300900719951,66.68345932893935,2950000
2021-11-17,63.812416076660156,65.42737894414854,63.6329764824003,65.13685955891343,2299800
2021-11-18,62.98358154296875,64.14567230954711,62.376902859102955,63.6329867405627,2548600
2021-11-19,59.50584030151367,61.77875463962681,59.394760521655506,61.530955266882586,4692200
2021-11-22,61.68476104736328,62.752858411285494,59.4460266256887,59.48020652363209,3782400
2021-11-23,63.086097717285156,63.350983749907996,62.24015999910232,62.513599154259154,3452500
2021-11-24,63.12029266357422,63.9064108646659,62.49652085063528,62.701593746757055,2305200
2021-11-26,59.1725959777832,59.78782112343196,57.31838045542175,59.70237463523612,5044500
2021-11-29,59.69382095336914,61.445503089875714,58.976056195494095,60.4457590871516,3400500
2021-11-30,59.1042366027832,59.59128876005115,58.113045598145455,58.113045598145455,5819900
2021-12-01,58.677001953125,61.377155528159264,58.642822051259415,61.0097297320413,3976800
2021-12-02,60.992637634277344,61.291710151270074,58.044691125447486,58.81372263357913,3617500
2021-12-03,59.813453674316406,62.274347707166044,59.360581425274724,61.94964844839914,3219500
2021-12-06,60.72774124145508,61.787291962354224,59.42039115889064,60.75337453418791,3866000
2021-12-07,61.932559967041016,63.30826336413665,61.52240771385646,61.55658761155091,2572900
2021-12-08,61.39424514770508,62.52215588646624,61.274618745044805,62.12055016932817,1947700
2021-12-09,61.778770446777344,62.248729499484924,60.890112423086705,61.530971010629415,3913400
2021-12-10,61.966739654541016,62.55633154128729,60.941368695907954,62.38543855456497,2268800
2021-12-13,59.50584030151367,61.496775368661076,59.394760521655506,61.120803007373425,2527800
2021-12-14,60.43722152709961,61.8812846684198,59.232404622866106,59.343484397075756,3360000
2021-12-15,60.25779342651367,60.693579087814854,59.16406248918181,60.01854059886615,2666100
2021-12-16,60.633750915527344,61.86420117590627,60.49703784167913,60.97554337887138,2965600
2021-12-17,61.35151290893555,61.4284127870856,59.41184451748948,60.531208427109405,5988200
2021-12-20,59.32640838623047,60.68502529044613,58.59155677744658,59.61692777990557,5883100
2021-12-21,61.64204788208008,62.180366723074435,60.0185382338244,60.16380446130096,5058500
2021-12-22,61.19771194458008,62.359802455679926,61.078085555421204,61.795843890374435,2320700
2021-12-23,61.43696975708008,62.52215395312743,61.39424324924404,62.018015060241204,2970100
2021-12-27,62.197452545166016,62.240172532400585,60.37741680640375,61.146441768121875,2229500
2021-12-28,63.17157745361328,63.402283713308655,62.34273250581396,62.46235893960441,2316200
2021-12-29,62.248722076416016,63.17155989702662,62.19745548165428,62.88958058753729,2693100
2021-12-30,61.90692901611328,63.21428584326019,61.84711581637322,62.3085347225751,2469200
2021-12-31,61.915462493896484,62.41960780122816,61.56512997516972,61.73602293272203,2317800
2022-01-03,64.71814727783203,64.81214035813537,62.28288683167355,62.28288683167355,3710300
2022-01-04,67.13634490966797,67.29015123038917,65.33339557421692,65.39320878121124,4484400
2022-01-05,66.92273712158203,68.5804270335757,66.52967790393285,67.71740216485045,4196400
2022-01-06,68.76839447021484,68.96492076566892,66.99107860974756,68.57186165561077,3631300
2022-01-07,70.03300476074219,70.14408453586664,68.26423584783691,68.76838117618364,3771000
2022-01-10,71.65653228759766,72.0325047288065,70.04156923844207,70.34918186867651,5816300
2022-01-11,73.61328887939453,74.10888773701244,71.79324637242027,72.3144785297166,4409600
2022-01-12,73.741455078125,74.33104047366184,73.06641666602785,73.91234807294585,4263400
2022-01-13,74.15161895751953,75.18553682238321,73.32277404028422,73.32277404028422,3706600
2022-01-14,75.68965911865234,75.74092571002782,73.91234340060832,73.91234340060832,3389700
2022-01-18,75.75801849365234,76.8175693307305,74.48484164902959,76.53559004145303,3862500
2022-01-19,74.54467010498047,76.51851901483805,73.91235811525266,76.49287919489642,3086500
2022-01-20,73.05786895751953,75.43331675307432,73.0322356605984,73.86962044938761,2943500
2022-01-21,71.29765319824219,72.75880993514015,70.27227558907053,72.75880993514015,3592700
2022-01-24,70.77641296386719,71.01566575627102,67.9566330096228,69.4007028883955,3803800
2022-01-25,73.45093536376953,73.69873479058084,69.41779776173107,70.27227584625955,3122800
2022-01-26,72.67334747314453,75.15987475406962,72.12648214266105,74.27121696224671,3907700
2022-01-27,73.33129119873047,75.06588024728606,71.77614172218247,74.5361081354014,3917900
2022-01-28,71.98977661132812,76.21944040397752,70.05011428203655,73.62183283639723,6742900
2022-01-31,72.45120239257812,73.30568053398962,71.10112536455178,72.13504313336156,3778700
2022-02-01,74.90355682373047,75.023183241706,71.30619812025662,71.84452352029732,3360100
2022-02-02,74.93772888183594,75.15134841287782,72.42556762980577,74.35668349663595,4159500
2022-02-03,74.52758026123047,75.19407213022978,73.71582216197065,74.98045260713255,2829400
2022-02-04,75.91182708740234,76.47578573148583,75.10862215073065,75.23679516249055,3256300
2022-02-07,77.15081024169922,77.9283817394154,75.19405507173904,75.51875432629154,4104900
2022-02-08,75.89474487304688,77.10810221511606,75.07444667619092,76.43306373122249,3048400
2022-02-09,76.43304443359375,76.98845636433036,75.87763902200608,76.05707859609349,2605900
2022-02-10,76.44158935546875,77.92837902172026,75.93745054210167,76.04853031814473,2660100
2022-02-11,79.63733673095703,79.93640920774095,76.80047039725724,76.90301009093878,4821300
2022-02-14,77.34733581542969,79.05629159722056,76.34759824767777,78.98793832050212,3951800
2022-02-15,75.55294036865234,76.52704473067504,74.98044169466786,75.74947316972514,3397400
2022-02-16,75.45040893554688,77.5267907068085,74.98044343456493,76.50995981512924,3426300
2022-02-17,74.373779296875,75.60422992460477,73.9721735214826,75.15989763385748,2670700
2022-02-18,73.46697998046875,74.85738650490227,73.01790765058611,73.57061509757666,2488000
2022-02-22,72.62928009033203,75.41873101494329,71.6965838131748,75.08192512410191,3562000
2022-02-23,72.52565002441406,73.31152822343932,71.99884972657406,73.27698318552282,3261800
2022-02-24,72.09385681152344,73.44108053089387,70.53936283625511,73.40653548824422,3775000
2022-02-25,73.13880157470703,73.75196110547215,72.18882960851589,72.56881839499235,2999700
2022-02-28,72.75019073486328,73.18199387220733,71.62750653104455,72.11976184406505,4639400
2022-03-01,70.96251678466797,74.45148647149622,70.02982054794522,73.47561387992779,5324500
2022-03-02,72.8106460571289,73.54471669337183,71.33388005424742,71.71386893994556,3644200
2022-03-03,71.6793212890625,73.74333977257182,71.1697967461344,72.54292756965361,3894300
2022-03-04,72.80199432373047,72.96607499662348,71.07478218403382,71.21295572903801,4030100
2022-03-07,71.3338851928711,74.23560313735615,71.13525941652483,73.59653626529509,6183500
2022-03-08,72.8106460571289,76.256439985979,72.36157367395288,73.02654763513135,16579800
2022-03-09,68.52716064453125,69.39076697045803,67.4649285533656,68.65670291117894,14161400
2022-03-10,70.1334457397461,70.23708083654344,67.6117176834649,69.26120179421093,10788600
2022-03-11,69.75347900390625,70.902076981539,68.915786414859,69.57212246882634,7198200
2022-03-14,67.59445190429688,69.92619251234522,66.71357651156228,69.12303851214949,5807200
2022-03-15,65.0640869140625,66.99856951532996,63.777315541320725,66.41995495181165,5925300
2022-03-16,66.06587982177734,66.35950279169795,65.16772850805489,65.41817511764228,4031800
2022-03-17,66.97267150878906,67.3440224830501,65.7031691877387,66.73085620908972,4840500
2022-03-18,68.01760864257812,68.08669211330715,66.06585728828503,67.13672685567819,8269500
2022-03-21,69.632568359375,70.29754885008033,68.89850437734886,69.08849880326466,4278900
2022-03-22,68.9071273803711,69.58937694914205,67.62898752989575,69.26120243398137,3541700
2022-03-23,69.32164001464844,69.93480597808487,68.96756503550432,69.52027226303895,3446700
2022-03-24,70.05574035644531,70.23709687566125,68.91578038652175,69.63256855614874,3946900
2022-03-25,72.41339111328125,72.41339111328125,69.58940124849234,69.77075779129588,4290900
2022-03-28,71.06615447998047,71.86930850378337,70.34072185100088,71.24751099002727,4214600
2022-03-29,72.08519744873047,72.15428751346629,69.61528363915038,69.95208946874845,3546000
2022-03-30,75.51374053955078,75.56555481157909,73.09564015006285,73.09564015006285,4512500
2022-03-31,74.6069564819336,76.61916097829284,74.53786638851837,75.13375691383527,4830800
2022-04-01,74.235595703125,75.55691226915407,73.0006384481109,74.64149171256777,3204400
2022-04-04,74.84874725341797,75.13373887875099,73.87287462615348,74.85738516021992,2410900
2022-04-05,74.19242095947266,76.13553514924006,74.17514514361719,75.11647944394365,3003100
2022-04-06,73.9937744140625,75.12509635020052,73.5965163799132,74.74511412859232,2563300
2022-04-07,71.7484130859375,74.83148731770977,69.23531558679215,74.40832207497839,7514600
2022-04-08,72.75882720947266,73.34607972824622,71.8088616437841,72.25793399870842,4686200
2022-04-11,71.2388687133789,72.71563442356751,70.96251501186043,72.18883415054917,3973800
2022-04-12,70.78980255126953,73.17335755133325,70.56526309033788,72.11111900701155,2943900
2022-04-13,71.80022430419922,72.01612587032653,70.50481490743528,71.18706464705276,2659600
2022-04-14,71.5497817993164,72.62065178384684,71.49796752888868,71.95567782111567,3014900
2022-04-18,75.27191162109375,75.28918084420494,71.3425011897297,72.2665594627839,3679600
2022-04-19,77.33592987060547,78.16499094645728,74.95237515953669,75.09918661708726,5120900
2022-04-20,76.74869537353516,78.2772756477842,76.45506580107556,77.52593578384871,2816600
2022-04-21,74.2269515991211,78.16500042283859,73.872876476879,77.51729576110527,4574000
2022-04-22,72.21475982666016,74.89193798880532,72.11112470063387,74.26150250253323,3458600
2022-04-25,69.96937561035156,70.8243505434249,67.43900902943868,70.19391508064491,5577500
2022-04-26,70.71207427978516,72.05930445113538,69.99528613117376,70.31481621284615,4847000
2022-04-27,71.68794250488281,72.64654578024084,69.67573875831746,70.72070132386807,4482600
2022-04-28,75.31510162353516,75.79008770507691,71.72250298523056,72.23202751925453,4228700
2022-04-29,74.92649841308594,78.00957321579233,74.67605174870096,76.54143827858321,6279900
2022-05-02,77.01641082763672,77.25821953972206,74.3478639091675,74.85739505717011,4280400
2022-05-03,78.40679931640625,78.8040573353321,77.18048022466233,77.19774944774966,4292000
2022-05-04,83.05302429199219,83.29483302508397,78.54499791742914,79.22724775082027,5874800
2022-05-05,81.62805938720703,83.56254212014817,79.84903263072728,83.43299986562553,5448500
2022-05-06,83.21709442138672,83.37254380180195,80.39309844197524,82.8457434897721,4093600
2022-05-09,77.27547454833984,81.78349272865441,76.99912086768312,81.41214185257272,5173000
2022-05-10,77.35320281982422,79.91811414708695,75.85052995925925,78.07863541413315,4186100
2022-05-11,78.7608871459961,80.2981118013177,77.81092159138991,78.89906730823331,2981700
2022-05-12,78.75225067138672,79.1754158601454,76.64504945678111,78.95087640560733,3910600
2022-05-13,81.6971435546875,81.94759013829193,80.04765917212406,80.04765917212406,3329000
2022-05-16,83.83889770507812,84.6161446605725,81.80078639457861,81.80078639457861,4561900
2022-05-17,84.39160919189453,85.20340122713426,83.27755626761657,84.9443167000768,3747200
2022-05-18,82.49165344238281,85.13429264224239,81.44669083089005,84.80611810077419,4002600
2022-05-19,82.32757568359375,83.26027190489614,79.92675164596844,80.48809037122648,4660600
2022-05-20,81.83027648925781,83.67994499568037,79.81484054657682,83.26114974000035,3838800
2022-05-23,82.95576477050781,83.68864799802353,82.17052798636712,83.02556507499219,4220300
2022-05-24,84.43025207519531,84.67455312395617,81.75172714911893,82.04837509435278,3076300
2022-05-25,86.44571685791016,86.92557906699483,84.4128275276373,84.62222182511925,3422100
2022-05-26,86.09671020507812,87.79805112151901,85.92221609034914,87.15241490919321,3262700
2022-05-27,88.7577896118164,89.22892505761213,86.03563746170009,86.11415781715809,3621300
2022-05-31,87.95509338378906,90.45039768746148,87.7369724247724,89.263819137889,5541800
2022-06-01,90.02289581298828,90.74705910181004,88.30410133616833,88.85376383800174,4086100
2022-06-02,89.8658447265625,90.78195551502544,88.68799275319878,89.4732296209493,3031400
2022-06-03,91.13965606689453,91.47119751133656,89.66515632908175,90.04032462571068,2940200
2022-06-06,92.500732421875,93.32086934945067,91.35778073844165,91.50610139148563,3046000
2022-06-07,95.90342712402344,95.95578068360459,92.07322339810487,92.07322339810487,3477600
2022-06-08,96.19134521484375,97.09000252232867,94.96113978159062,95.75510328643176,3611100
2022-06-09,94.46383666992188,96.32223178948081,94.39404301115714,95.7376691261139,2946100
2022-06-10,92.75376892089844,94.02759472106612,91.47121641718508,93.27726462924839,3015000
2022-06-13,88.5047607421875,90.90409124478288,87.3007288116193,90.13630122377747,4227500
2022-06-14,90.85173034667969,93.97522376427818,89.29871033919294,91.54972000817885,4522800
2022-06-15,89.32489776611328,91.6631548445973,87.35308897835364,90.91281817083964,4747200
2022-06-16,84.19468688964844,88.19066430021492,83.7060980906353,86.69871779763709,6847800
2022-06-17,78.96851348876953,84.95375310810068,78.72421908088228,84.5785847941243,14918000
2022-06-21,83.74102020263672,84.36920311331367,81.62088374159295,81.76047772512398,5764900
2022-06-22,78.96851348876953,82.03965364817456,78.94234003885637,80.26851253446861,5178900
2022-06-23,73.62892150878906,80.31215189714797,72.55576995606813,79.94570357172005,6160600
2022-06-24,73.463134765625,75.55709725877956,73.2101203163086,75.2342825065026,5269800
2022-06-27,76.08059692382812,76.86583380132326,74.22220852752646,74.5537500284581,3796200
2022-06-28,77.52019500732422,79.65778460652443,76.27254273471279,77.71214253488353,3791400
2022-06-29,73.794677734375,79.19534766155562,73.48058304946194,78.76783248462725,4246300
2022-06-30,71.53495788574219,73.4806000418545,70.57522686280232,72.13697394712895,4829100
2022-07-01,73.61145782470703,73.90809911038252,70.36581714613375,71.87521033552562,4093300
2022-07-05,70.13896942138672,72.86112116785556,68.16715424625501,72.4684994792129,5205700
2022-07-06,69.38862609863281,70.56647773691171,66.8933222379567,69.78124774907393,4624400
2022-07-07,72.01483917236328,72.7215491707292,70.86316041447691,71.44772317007651,3711300
2022-07-08,71.55241394042969,73.08798097134887,70.53160261236205,72.91348683582042,2219400
2022-07-11,71.33429718017578,71.70073888046774,69.57187568663352,70.38328611243715,2444000
2022-07-12,70.2436752319336,70.78461094801284,68.95239623071454,69.33629124717598,2565200
2022-07-13,69.49333190917969,71.02017846927112,68.44634741691765,69.18796392846596,3591300
2022-07-14,68.53361511230469,68.56850861163525,66.0906574546709,67.3121362834878,4199000
2022-07-15,71.22958374023438,71.3168307973088,69.10072093369496,69.84233756013694,2792200
2022-07-18,72.19802856445312,73.56782775252687,71.8315869958908,72.88729150904753,2709600
2022-07-19,74.51885223388672,74.75441995529681,71.97992091906464,71.97992091906464,2767400
2022-07-20,75.77523040771484,76.16785218266064,73.82959490936946,74.42288426696645,3590900
2022-07-21,74.34434509277344,74.43159214298687,71.13360438664715,73.68125552940953,3628000
2022-07-22,73.75104522705078,75.10339760872685,73.34097682783846,74.21346051755921,2706700
2022-07-25,76.1155014038086,76.29000219567757,73.90811797473151,74.80677541915186,2756600
2022-07-26,74.989990234375,77.25845375077702,74.4665012138684,77.00543261528529,1870000
2022-07-27,77.07522583007812,77.48529433503421,74.63227486281313,75.4698586221489,2277100
2022-07-28,76.78730773925781,78.59334909510962,75.64434933602571,77.86045917836718,3257100
2022-07-29,77.65104675292969,78.0611151435224,75.69668519286192,77.05775759012955,4750400
2022-08-01,76.33361053466797,76.95307327232281,74.72824343818617,76.46448444409332,2910900
2022-08-02,76.37725067138672,77.45912897482081,75.19067189090106,76.4470509894211,2455900
2022-08-03,74.6061019897461,78.38395231080455,74.03025940643647,77.63362226233222,3539700
2022-08-04,72.11079406738281,74.20475671225789,71.92757325122825,74.073882798855,2989700
2022-08-05,73.07925415039062,73.71616367690616,71.11616535329453,71.29065947264904,1796200
2022-08-08,73.1141586303711,73.99536263871697,72.65173653933319,73.28865276004717,1680200
2022-08-09,74.62354278564453,74.8940106496376,73.67253858223437,74.0826070576584,2062300
2022-08-10,74.7107925415039,75.33898200261514,72.99200488263271,75.12958773441932,2191600
2022-08-11,77.06651306152344,77.30208081186994,75.22557129511773,75.93228120268189,2803200
2022-08-12,78.5235366821289,78.55843683054813,76.47320122228896,76.68259545628163,2795200
2022-08-15,77.79066467285156,78.0436791362025,75.20810657224342,76.15039074490934,3082700
2022-08-16,77.96517181396484,79.39604506055618,77.04906093911775,78.15711936157278,3420100
2022-08-17,79.2706069946289,79.86158462803735,76.80966274927187,77.14484258697226,3063900
2022-08-18,78.22978973388672,79.89688017000496,76.43921161580224,79.64108233462518,5466000
2022-08-19,78.00926971435547,78.7325575433174,77.49767407861879,78.0974742340682,3167500
2022-08-22,77.82402801513672,78.89131804194697,76.10400982284773,77.40945942423262,2694600
2022-08-23,80.62899017333984,80.88478127804613,78.42384339117311,78.59142997050752,3128000
2022-08-24,81.47574615478516,81.76682034562153,80.17029661237716,80.6289708014282,3200700
2022-08-25,82.74590301513672,83.11637268744981,81.51984227875188,81.72271868810363,2766000
2022-08-26,81.30816650390625,83.57505696181421,81.2728833504105,83.01053996502904,2750000
2022-08-29,82.2078628540039,83.28397547543433,80.98180187832784,81.29934352824415,2576400
2022-08-30,79.517578125,81.13174685607885,78.80310613689889,81.09646370719722,2836400
2022-08-31,78.90896606445312,80.3467192420902,77.23305328262514,77.46239041603069,2841700
2022-09-01,76.14813232421875,77.95634869599239,74.44575869387971,77.40947658638264,4004200
2022-09-02,78.02690124511719,79.30589022494058,77.3565348394709,77.86813043140025,2641600
2022-09-06,76.52741241455078,78.6972759443056,76.20987075365265,78.67081526082636,2556200
2022-09-07,76.13928985595703,76.5273977514853,74.11937507266032,75.04553919441739,2633200
2022-09-08,75.79529571533203,76.6508936334784,74.97498094871028,76.45683966487947,2477400
2022-09-09,77.64761352539062,77.98280008324079,76.69498867082604,77.12720220809885,2474400
2022-09-12,78.9971694946289,80.32907992277524,78.36208619830555,78.70609525845849,2454500
2022-09-13,75.99816131591797,78.8736670945752,75.86585119896294,77.61232320813855,3004000
2022-09-14,75.85704803466797,78.37973644953563,74.89560728395888,76.58915836917004,3872100
2022-09-15,72.21414184570312,74.34872209702544,71.58788103128575,74.15466812334647,5077600
2022-09-16,71.20858001708984,72.27586990987388,69.69143844071195,72.27586990987388,6839900
2022-09-19,72.2670669555664,72.46112093930421,69.28571107966565,69.32098750436927,3124400
2022-09-20,73.40491485595703,73.96060932926027,71.31443363426295,71.56140895573105,3482700
2022-09-21,71.68489074707031,74.89558985198933,71.62314692175873,74.84266176631351,2872300
2022-09-22,72.56694793701172,73.55485585383279,71.57022428071316,72.50520411280867,2963900
2022-09-23,67.02762603759766,70.0883702238031,66.63070238958136,70.02662639567673,5632400
2022-09-26,65.41345977783203,67.60096102866406,65.2899654000471,66.15438566710904,4717500
2022-09-27,67.23049926757812,68.30661170343895,66.49838910487645,66.63069922445433,4147800
2022-09-28,71.79956817626953,71.95833898635495,67.23050456333677,67.35399222345066,5401100
2022-09-29,71.1203842163086,71.80839559379831,69.98252778722623,71.20859546210156,3118000
2022-09-30,71.19977569580078,71.82603653319174,70.00899785767506,70.4059215605258,3259300
2022-10-03,74.6045150756836,75.21313090969238,72.61106083362448,73.76655540082054,3891800
2022-10-04,79.70281219482422,79.78219423520345,75.40718457555394,76.28042739716211,5402400
2022-10-05,81.68744659423828,82.73709847026387,78.90013821841582,79.03244835288868,5443400
2022-10-06,82.34899139404297,82.71945439076404,80.7524674822881,81.07000911649845,3237500
2022-10-07,81.59041595458984,83.3545330563107,81.02589902040498,82.82529927170899,3283500
2022-10-10,80.36434936523438,82.8076484155323,80.09091338746788,82.17257195713,2786000
2022-10-11,79.68516540527344,81.12292513477921,78.18566857662101,79.4911181789933,2939500
2022-10-12,81.97853088378906,82.67535800613189,78.5296784246766,79.28824938167901,2838800
2022-10-13,85.47148895263672,86.35354764826853,80.98180669249246,81.11411684275198,3690000
2022-10-14,83.00172424316406,86.00072523841858,82.84295340431018,85.11866651802455,3905200
2022-10-17,84.2013168334961,86.43292411243002,83.38982450107892,84.47475285799956,3667600
2022-10-18,84.77464294433594,85.82429471243964,82.88703829334811,84.64233282346679,2756500
2022-10-19,86.39762878417969,87.20030526239046,84.32479262148141,85.08336348214804,3343500
2022-10-20,86.21240997314453,88.11765987422208,85.97425710029654,87.1209292996576,3033400
2022-10-21,88.59395599365234,88.80564814483257,86.23003899516135,86.6710682357039,3260100
2022-10-24,88.55867004394531,89.44072849711294,88.13527902541318,88.47046554454293,1996100
2022-10-25,88.39990234375,88.84975405487295,86.97096517701532,87.89712927704983,2627300
2022-10-26,90.19931030273438,90.83439354317898,88.54985837155593,88.80565616171127,3171700
2022-10-27,91.34598541259766,93.46292737417994,91.24895842934704,91.73409334560009,3394200
2022-10-28,91.91051483154297,93.55114456946237,90.58742676738693,92.19277334937996,3561000
2022-10-31,91.9898910522461,92.91604853293104,90.56095371545264,90.56095371545264,3581600
2022-11-01,94.71544647216797,97.00880412930839,93.78928901485153,94.38026663945908,5810800
2022-11-02,91.063720703125,94.27441321220356,90.86085100989655,94.12446487728296,3682200
2022-11-03,90.95787811279297,91.68116583881876,89.58186222872564,90.47274322905568,3073700
2022-11-04,91.27542877197266,93.33944270835703,90.31398137876054,92.73964257880057,3059200
2022-11-07,92.99543762207031,93.45410512888995,91.61942837203843,91.61942837203843,3226700
2022-11-08,92.71317291259766,93.26886736556534,91.39890758312471,92.85429877845519,2488600
2022-11-09,91.81346893310547,95.71217274065184,91.05490479036618,94.0186152527159,4702300
2022-11-10,93.70990753173828,93.85104014358411,92.00753409639461,93.64816369644906,3457300
2022-11-11,98.1731185913086,99.42564010808233,94.78601028461725,94.78601028461725,5586800
2022-11-14,97.25577545166016,100.14010388521865,97.22931477247828,97.9084968799126,3977400
2022-11-15,98.00554656982422,98.51714225114688,96.41783815522774,97.65272172996121,3785700
2022-11-16,95.8165512084961,98.41484386535463,95.55850061883797,96.88434066536294,3021700
2022-11-17,97.64070129394531,97.7652765073583,94.14368157150369,94.34833794117932,2446000
2022-11-18,96.98223876953125,97.25808974439641,95.11360350551897,96.07461825461361,3696400
2022-11-21,97.017822265625,97.231378812924,94.23266661466795,95.64748807517923,3047200
2022-11-22,99.91866302490234,100.41696391452464,98.3703661258327,98.61951657064385,3494100
2022-11-23,98.51273345947266,99.518235393864,97.39154968536633,98.30807707801442,2662300
2022-11-25,98.57501220703125,99.49153272843598,98.19238640996677,98.80636907681993,1409400
2022-11-28,95.94112396240234,97.96102778305804,95.74536098292636,96.32374975260369,3598700
2022-11-29,96.96444702148438,98.16571208578291,96.46614608550065,97.0979224261489,3854100
2022-11-30,96.4928207397461,98.21018674197953,95.21146797033344,98.02332392791348,3987300
2022-12-01,96.13689422607422,97.58730955569973,95.08689826565106,97.06231496990821,3214200
2022-12-02,94.90892791748047,96.72416858031671,94.36613303683448,95.38942840604092,2676000
2022-12-05,92.67548370361328,96.2525852679422,91.83014397760998,95.9233536217496,3015200
2022-12-06,91.72334289550781,93.75214679655492,90.72673449287093,91.9635931305942,3627000
2022-12-07,91.66107940673828,93.39623930780637,90.69116446520812,91.4297224903155,2817100
2022-12-08,89.78353118896484,93.20936322911662,89.40090536907215,93.10258156234185,2899700
2022-12-09,87.20303344726562,90.09497078097597,87.14964600737986,89.39200673750554,3212200
2022-12-12,90.82463073730469,90.89581851809801,87.22082910351754,87.79921794199258,3692400
2022-12-13,90.8780288696289,92.83565233870321,90.53099688348614,92.51531407628816,2984000
2022-12-14,90.12167358398438,91.80344599828899,89.91701718456878,90.94031275932865,2646800
2022-12-15,90.29074096679688,90.34412841093265,88.69794992461806,89.6500644818042,2445400
2022-12-16,89.55218505859375,89.82802924483443,88.14625682701946,88.76023960422971,7235200
2022-12-19,89.52547454833984,91.10936516006123,88.60005386522225,90.14835059041914,2451200
2022-12-20,91.33183288574219,92.05259050557129,89.51658518687583,89.87251730625285,2442300
2022-12-21,91.963623046875,93.12930108341384,91.0026082162273,92.75556856782315,2471800
2022-12-22,89.45429229736328,92.08817896320969,88.0661645814167,92.0080978052159,2287700
2022-12-23,92.48861694335938,92.55979794106241,89.91701755681504,89.91701755681504,2216300
2022-12-27,93.05809020996094,93.24495302698818,92.2661448854379,93.04919004091016,2474900
2022-12-28,90.89582061767578,93.18267551497152,90.75344505280043,92.89793117406141,1910700
2022-12-29,92.6398696899414,92.808938956193,90.46869010210325,90.76233457859082,1827300
2022-12-30,92.61318969726562,93.32504717713519,92.10598861218274,92.39962634334803,2088900
2023-01-03,89.8991928100586,92.96019891204446,89.46317961631637,92.0080845892299,2877200
2023-01-04,89.58776092529297,90.76233200915195,88.43098339003265,88.58225910289933,2959100
2023-01-05,91.66996765136719,91.71446171355386,89.16065597183899,89.16065597183899,3348400
2023-01-06,94.05470275878906,94.61529806342782,92.38183059263233,92.73776271851521,3101300
2023-01-09,90.77125549316406,95.18479666279632,90.3708292640262,94.94453956754533,4707400
2023-01-10,90.37970733642578,92.05257926778071,89.48988054103364,91.15385909239923,3259200
2023-01-11,90.24624633789062,91.4119242419877,89.45430090692157,91.18056733744955,3551100
2023-01-12,91.52760314941406,92.33734216609344,90.51320094148898,90.7089639621133,2231600
2023-01-13,91.67887115478516,91.99030923489282,90.33523053621668,91.52760219999587,2133200
2023-01-17,91.21614837646484,93.44071540591538,91.08267299692984,92.14156907537705,2600800
2023-01-18,91.39411163330078,93.8856294384511,91.02928616823255,91.84792521121285,2908000
2023-01-19,92.88014221191406,93.2716682744429,90.61108737668722,91.3674389884295,2696800
2023-01-20,95.17587280273438,95.42502321813625,92.39071738936394,93.25385046332018,2986400
2023-01-23,95.15808868408203,96.70638555382837,94.85554401479808,95.65638956426699,3070100
2023-01-24,95.22037506103516,95.44283177807132,92.86233250268377,95.15808745181864,2360500
2023-01-25,96.85765838623047,96.86655855626009,93.9123334686031,94.64199126769788,2889100
2023-01-26,99.20679473876953,99.3669638451526,96.35045133230506,97.48053524646338,2723600
2023-01-27,96.7508773803711,99.51823266653462,96.72417687197142,99.16230735395447,2506700
2023-01-30,94.69537353515625,96.9288408716906,94.22376638196857,96.43053999871347,3110000
2023-01-31,89.22294616699219,93.16487986581804,88.20854397712196,93.16487986581804,7890100
2023-02-01,87.19412994384766,90.39750520247931,86.33989699413522,88.80472113683759,4467800
2023-02-02,88.0750503540039,88.09284390103616,85.7259016042444,87.2030171949651,4668700
2023-02-03,87.92378997802734,89.52548104363751,87.65684599298577,88.34200968898334,3525100
2023-02-06,87.27423095703125,88.53778362670356,85.5568646312109,87.71914444259257,2666300
2023-02-07,91.01150512695312,91.10048646982348,87.63905995808895,87.96829839443465,3628400
2023-02-08,91.42081451416016,92.23056025808376,90.08607415380827,90.54878794714762,3683600
2023-02-09,90.8602294921875,92.79115232491158,90.6911602009618,91.79455049581054,2897400
2023-02-10,95.54960632324219,95.68308171076517,92.07928698068635,92.30174369694456,3003300
2023-02-13,96.33265686035156,96.37714412962993,94.09918956183837,95.2114731263991,2608800
2023-02-14,96.05681610107422,96.84876153987324,95.30046455477458,95.6563966909276,2267500
2023-02-15,94.9000244140625,95.79875133403604,93.65426560407886,95.21146241934858,2626400
2023-02-16,93.36063385009766,95.47842615188469,93.27165252059977,94.73986821825576,2876500
2023-02-17,89.4687271118164,92.19215620002893,89.14515069960635,91.69780144318956,3537600
2023-02-21,89.5676040649414,90.50237966757838,88.52496736518468,88.92045119715681,2569200
2023-02-22,89.40580749511719,90.6102254418285,88.56091279028215,89.27098285068044,2087700
2023-02-23,90.19678497314453,91.23043162910574,89.09123776993917,90.82596447817062,2738000
2023-02-24,91.67984771728516,91.68883785774061,88.17444040366007,89.07326244010405,3005800
2023-02-27,93.16289520263672,93.77409439449622,91.68882777358745,92.06633134158288,2699500
2023-02-28,92.18317413330078,94.26844071820882,91.56299167014879,94.04373523769085,4104500
2023-03-01,96.38966369628906,96.57841548230235,92.23711068906218,92.5786605603052,4581100
2023-03-02,95.1043472290039,96.48853383880127,93.79206802016239,95.72453656168035,4644000
2023-03-03,95.29309844970703,95.85037051761738,93.61230582147718,94.34034939381344,3755700
2023-03-06,93.45951080322266,94.44821359180354,92.40788389401384,94.44821359180354,4000200
2023-03-07,91.4910888671875,93.45052103004652,90.9967340422243,93.24378896029808,3119900
2023-03-08,89.26201629638672,92.2730756736521,88.40813808512728,91.5270517204653,3876200
2023-03-09,90.90685272216797,93.54040134611411,89.92714007480495,90.16981898735031,5194700
2023-03-10,90.97875213623047,93.40556847845811,90.41248996090172,91.14953048846824,4367100
2023-03-13,85.85547637939453,88.37218077973827,85.45999935345945,88.22837282234401,6037700
2023-03-14,88.03960418701172,90.2417220021402,86.06219870900826,86.62845404905825,3521200
2023-03-15,84.17467498779297,85.3880832199515,83.23090921974351,85.01057965571854,6810300
2023-03-16,85.43301391601562,85.66670264413179,82.11635931522483,82.22422039875494,5801500
2023-03-17,85.13639831542969,86.69135612207681,84.02186125166654,85.63074616959491,10256800
2023-03-20,85.88245391845703,87.0688988095337,85.19934720618005,85.57685084027982,4692800
2023-03-21,85.88245391845703,88.36319796322837,85.50494342688889,87.6171808360698,7228900
2023-03-22,85.10945129394531,87.49132393780391,85.09147101504799,86.06220035148876,3012600
2023-03-23,84.0758056640625,86.79923506364703,83.32079166342885,85.60380022949963,2856300
2023-03-24,84.24658203125,84.43533381256746,81.4871989963321,82.36804064248025,3718400
2023-03-27,86.49363708496094,87.06888256985948,84.25556554851457,85.57683487889524,3475300
2023-03-28,88.78563690185547,89.76535645699728,86.29590295561252,86.42173748820427,3350700
2023-03-29,90.13386535644531,90.86190895211807,89.20807983170901,89.65749081322896,3053600
2023-03-30,89.87319946289062,91.16750518754797,89.594566869514,91.03268053165169,2336700
2023-03-31,91.12257385253906,91.18549111959453,89.12719472986544,89.76535754070447,3920500
2023-04-03,92.49777221679688,94.3673167025703,91.83263902167417,94.3673167025703,4212300
2023-04-04,88.33621215820312,92.5067450803531,87.64412233659289,92.00340702827292,4202300
2023-04-05,93.86396789550781,94.05271966478315,88.22835780367716,88.44407313178232,6353400
2023-04-06,92.43484497070312,94.68189981955298,92.09329510236614,94.20552528879156,3808300
2023-04-10,94.34034729003906,94.78975824713193,92.57865716113106,92.58764730036367,2887700
2023-04-11,95.68859100341797,96.47056862605051,94.52910977984604,95.0953720387229,2484100
2023-04-12,95.30207824707031,96.5963838862935,95.14928018062491,95.87732367395475,3192500
2023-04-13,95.5177993774414,95.58970677454217,94.14260298085675,94.90660021701858,2765300
2023-04-14,95.50881958007812,96.08406506293561,94.60999765592993,95.44590231968644,2111500
2023-04-17,93.40557098388672,95.454883835842,92.99211372932267,95.16726109973366,3326700
2023-04-18,93.75611114501953,94.23248565965385,92.71348129633314,93.14491197252511,2932200
2023-04-19,92.63258361816406,93.83700854042978,90.59226090486058,93.75611100284961,3676700
2023-04-20,91.00570678710938,92.36292961829652,90.42147124858779,91.41916399011043,3784400
2023-04-21,90.01702117919922,91.63489660195165,89.41481210835472,90.93381656634553,3111000
2023-04-24,90.50238037109375,91.09559926619637,89.39682640378994,89.49569736255155,2897800
2023-04-25,89.27100372314453,90.13387204883422,89.02832479239063,89.49570923058876,2738500
2023-04-26,89.22604370117188,90.2507069382072,88.37216567068684,89.45973930663372,2716000
2023-04-27,87.8508529663086,89.40581791272722,86.58351761885176,89.08224147136227,3132800
2023-04-28,88.9833755493164,89.52266736297028,87.01495322913891,87.2037050210444,2710500
2023-05-01,88.44408416748047,89.51367766016705,87.70705041847927,88.26431565707317,2546600
2023-05-02,85.14540100097656,88.25532393004477,83.68930706460583,87.99466475799568,4207200
2023-05-03,86.2419662475586,88.17443487626599,83.6263978513522,84.44432228735963,6286000
2023-05-04,82.97025299072266,86.23298109656336,82.56578585142923,86.07119286935253,4619500
2023-05-05,83.98592376708984,85.2622492684856,83.80615526568168,84.67801363947659,2720800
2023-05-08,84.45330810546875,85.65773306305036,84.30051002246327,85.22629551739513,3352800
2023-05-09,84.47128295898438,85.49593934945425,83.67132518014148,83.86008380875087,3274100
2023-05-10,84.69600677490234,85.31618934086733,83.63539645673237,84.79487089385012,3323800
2023-05-11,83.94995880126953,84.39037957005041,83.00619315355858,83.39268680788724,3428400
2023-05-12,83.78817749023438,85.16337388157596,83.32977640729825,84.74991663602316,2777000
2023-05-15,84.68701171875,85.19933999522911,83.17699045268508,83.81515326321394,3344000
2023-05-16,82.5927505493164,85.01058385104507,82.17030312481702,84.62409012836132,4389600
2023-05-17,85.19932556152344,85.370103910574,82.97024431497557,83.78817550520026,3408600
2023-05-18,86.53856658935547,86.7632720517738,84.25555826828918,84.83979384207015,4405000
2023-05-19,86.2750473022461,87.16560107910757,85.82976348073808,86.79302443905495,3206500
2023-05-22,86.83845520019531,87.64722638165959,86.28412795001277,86.38408905631304,2398100
2023-05-23,86.91114807128906,88.83766285376063,86.70214354536395,87.62904734966654,3113600
2023-05-24,87.74720764160156,88.04709102937912,86.73851401586157,87.35645239079166,2780400
2023-05-25,86.456787109375,86.7748420154063,84.83015552358404,86.69305943945982,3091700
2023-05-26,86.24778747558594,87.24739163698942,85.73889266392004,87.12016966734228,2440600
2023-05-30,85.04824829101562,85.2390881653893,83.76693941857228,84.98463731058335,2943500
2023-05-31,83.24895477294922,84.26673730078004,82.96725001841197,83.59427050215862,4851700
2023-06-01,84.55753326416016,85.80249193040419,84.12133876131587,84.4030435223358,3100900
2023-06-02,88.17428588867188,88.30150784438044,85.6389221717772,86.10237754361643,4658500
2023-06-05,87.25645446777344,89.11026881085883,86.42042258748272,89.11026881085883,2996100
2023-06-06,87.98346710205078,88.30152204246252,85.89337989406903,86.02060880331145,2888000
2023-06-07,91.82740783691406,91.96371214457908,88.26517171325114,88.41966148373433,3871100
2023-06-08,90.09171295166016,92.23632157444108,89.7373079357247,91.78195545831083,3653600
2023-06-09,89.74639892578125,90.50973068768764,88.53778336968594,90.346158605411,3247700
2023-06-12,87.94710540771484,89.80092001623598,87.81988344828389,88.25607797567343,2883900
2023-06-13,88.0379867553711,90.19168490079936,87.95620417250704,89.13755205670121,2733400
2023-06-14,86.9656753540039,89.31020627152928,86.193254312112,88.9103618546585,2297500
2023-06-15,88.16521453857422,88.3742260414631,86.6567223573601,86.94751644850245,2123000
2023-06-16,88.2651596069336,88.91035866267175,87.84714361024731,88.62865388803198,4964900
2023-06-20,84.94829559326172,87.94710792240713,84.93920632930624,87.85623608208338,3273300
2023-06-21,84.76654815673828,86.29321870386124,84.19404930147114,84.51210422106399,2902800
2023-06-22,82.52196502685547,84.66657347379578,82.41292160509398,84.02137447376114,3515500
2023-06-23,82.56741333007812,83.04904031643824,81.54963070750873,81.78590303531672,4192000
2023-06-26,83.16716766357422,83.91232778819155,82.576497281668,82.75824094793506,2846000
2023-06-27,84.12135314941406,84.53936919738749,82.85821574075504,83.23079239811236,3763800
2023-06-28,84.87557983398438,85.42990697163788,83.40343133074586,84.2122023480287,2574100
2023-06-29,85.9024658203125,86.02968779153264,84.87560078601354,85.13913399299167,2254400
2023-06-30,86.67488861083984,87.12925478355292,85.6661951527706,86.39318380234256,2574200
2023-07-03,86.9293441772461,87.81989804124534,86.69307181343737,86.92025491204015,1348800
2023-07-05,87.3564453125,87.52001742593583,85.91156408804872,86.92025763205659,3854700
2023-07-06,86.69306182861328,87.42004350056571,85.8933729764653,86.69306182861328,4692900
2023-07-07,90.36434173583984,91.14585206507209,86.80210586626231,87.02020660912517,5340900
2023-07-10,91.17311096191406,92.02731458730102,90.38251138547966,90.43703310348305,3785200
2023-07-11,92.25450134277344,92.40899110508465,90.69148758857845,90.74600930876045,3060700
2023-07-12,92.65433502197266,93.74481783055073,92.26357989552058,92.97238990790423,2374100
2023-07-13,93.21775817871094,94.4445453599932,92.33628676507733,92.95422498771183,2886300
2023-07-14,91.29124450683594,92.89061526948214,89.64644128979214,92.7452147760247,2865000
2023-07-17,90.00086212158203,91.64566562729219,89.9736012575437,90.87324443620015,3078300
2023-07-18,91.92736053466797,92.72704244308976,89.86453438188566,89.99175634611011,2367000
2023-07-19,93.10869598388672,94.06286752206593,91.90008055101336,91.92734833951015,3052100
2023-07-20,94.55360412597656,95.00797030258755,93.70848276015703,93.7630044827655,2520300
2023-07-21,96.08026885986328,96.28927340575336,94.57176991822047,94.88982483571226,2711700
2023-07-24,97.0980453491211,98.28848938250755,96.14388058924332,96.32562427691225,3691800
2023-07-25,97.87955474853516,98.56110397038437,95.92577892595199,96.78907876680731,2744600
2023-07-26,99.58796691894531,99.90602876239015,97.07987082597907,97.18891426206113,2687600
2023-07-27,98.95185089111328,100.73296521052335,98.87006831918183,99.94237261621282,2925800
2023-07-28,100.27861022949219,100.57849355934209,99.12452323244808,99.48801754744093,2141100
2023-07-31,101.36909484863281,101.38726644479773,100.50579496963228,100.61484534585438,3800800
2023-08-01,101.87797546386719,102.1869411081527,100.55122718007992,101.04194343842487,2694200
2023-08-02,99.0427474975586,102.90486039887969,98.23397617404585,101.01470217749034,4886000
2023-08-03,100.33313751220703,100.65119243357559,97.60694058662973,99.54253790788178,3510700
2023-08-04,100.39674377441406,102.85031811880114,100.36947598265587,101.39634788016151,2650300
2023-08-07,101.26912689208984,102.52317493503205,100.90563259566285,100.94198271861326,2982000
2023-08-08,102.39595031738281,103.08658876938667,99.02455449822831,99.88784736342548,2865000
2023-08-09,103.97714233398438,105.22210801182837,102.69583346726448,102.95936665161437,3864800
2023-08-10,104.20433044433594,105.58560741314658,103.83175380915593,104.47695290564987,2587700
2023-08-11,105.9945297241211,106.58520707679614,104.54055950197423,104.54055950197423,2559000
2023-08-14,104.20433044433594,106.28532822867243,103.8681039328696,105.84005134606507,3043900
2023-08-15,103.07750701904297,104.08620044579803,102.21421409091947,102.45047950157972,5087600
2023-08-16,102.93209838867188,104.76774140695225,102.88666593624674,103.59547597838551,3904400
2023-08-17,104.188720703125,106.19746760041427,104.0878312908378,104.31714004174488,4704400
2023-08-18,104.78491973876953,105.28022745629829,103.28982927511692,103.28982927511692,4896500
2023-08-21,103.95024108886719,105.83974289243656,102.9321097097921,105.3902997154409,2662600
2023-08-22,103.59252166748047,104.76658133112757,103.2990067515687,104.28961521905369,2217200
2023-08-23,102.96878814697266,103.1338907029796,101.0425963255229,102.66609896130217,2027400
2023-08-24,103.08805084228516,103.84935764381217,102.31757672841326,102.38178290456925,1713600
2023-08-25,104.46389770507812,104.98672139575466,102.50101528759448,103.45494056492406,2262100
2023-08-28,103.76679229736328,105.28023143625653,103.29900748919171,103.88603732520703,1702200
2023-08-29,103.36320495605469,104.12450461813556,102.75782655228875,103.81264810561157,1933200
2023-08-30,104.24376678466797,104.56479765859154,103.41825382461576,103.5099759317442,2113400
2023-08-31,104.7115478515625,105.12430079013443,102.79452311951991,104.28961360588998,3086400
2023-09-01,107.47241973876953,107.60083207471388,105.5737436310811,106.51849453036338,2787700
2023-09-05,107.0780029296875,108.93998870332501,107.05048700167467,107.9585476158337,2327000
2023-09-06,106.98628234863281,108.22454811233582,106.041531484459,107.19724946295719,1764200
2023-09-07,108.92166137695312,109.14179582788952,107.1055329123708,107.54580881219161,3348800
2023-09-08,112.1136245727539,113.33354166768711,109.54536406121123,109.9489496553543,4711200
2023-09-11,112.21452331542969,113.79216858975262,111.24225648272032,112.7281796592693,3105400
2023-09-12,113.99395751953125,114.4984395370201,112.45300253641203,112.70982720060736,4229600
2023-09-13,112.975830078125,114.82864864462046,112.26038791801294,114.42506301668135,2779400
2023-09-14,112.79238891601562,113.73713984505697,112.5447315475023,113.65459205418432,2526300
2023-09-15,111.01294708251953,112.33376767608196,110.38005271511297,111.87515019197807,9312900
2023-09-18,112.3154067993164,113.65457586493132,110.98541903975423,112.38878726827139,2237500
2023-09-19,110.26998901367188,113.26017696989005,109.2151674004898,113.18679649291535,2970100
2023-09-20,110.13240051269531,111.71922006027903,109.65544141629319,109.81136967877586,2491400
2023-09-21,110.01315307617188,113.59036348801654,109.78384435756918,112.28789164586044,2730800
2023-09-22,108.76571655273438,111.62748497339449,108.71067769991225,110.52680588820937,2426300
2023-09-25,110.30667877197266,110.65522553916401,108.65565303696644,108.69234327529408,2499100
2023-09-26,109.53619384765625,110.32501644863557,108.7840614836931,109.33440104304101,2350800
2023-09-27,110.80198669433594,111.4807386097651,109.82054556061296,110.49012316695664,2793800
2023-09-28,113.16844940185547,113.2510041890529,110.42591876893083,110.51764086741322,3294300
2023-09-29,110.20578002929688,113.22348383777079,109.59123429572136,113.22348383777079,2841900
2023-10-02,109.16930389404297,110.34337054299289,108.40800418149917,110.15074503961037,2445800
2023-10-03,106.05987548828125,108.72903257039508,104.68402305369409,108.23372485419002,2988400
2023-10-04,101.34529113769531,103.92272619409049,99.66675644013644,103.79431385652745,4464100
2023-10-05,100.41888427734375,101.96900656683094,99.60253874290018,99.77681562078611,3206000
2023-10-06,100.15289306640625,101.64798361471638,99.2448253672117,101.36364300071789,2625500
2023-10-09,102.00569915771484,102.4184590888712,100.29046726164175,101.86811251399607,2769800
2023-10-10,103.08805084228516,103.6383904947577,101.20771611522657,101.68468227919824,2662300
2023-10-11,102.84955596923828,103.17976112245552,101.04260893373251,102.19831997204528,2035900
2023-10-12,101.5837631225586,103.64754160586114,100.79494056466054,103.57416113583648,1976800
2023-10-13,101.44618225097656,103.40906444893655,101.33611853763684,103.15223978721426,3393200
2023-10-16,102.52851867675781,103.33568988849869,101.87728272052412,102.27169401773011,2750200
2023-10-17,104.48223114013672,104.5464373034168,102.43679422773391,102.43679422773391,2471900
2023-10-18,106.62857818603516,107.1055373491464,104.54645763087608,104.73907615816802,3249700
2023-10-19,105.65630340576172,106.72946669165671,105.1426470397851,106.53684817864591,2091400
2023-10-20,104.1428451538086,106.4267579587133,103.7851241240505,105.80303798411904,2667200
2023-10-23,103.69342803955078,104.18872882191182,102.74867003391836,103.93190412055476,2463500
2023-10-24,102.66610717773438,104.28960994344358,102.62941694035797,104.13368168305429,2331600
2023-10-25,101.57461547851562,103.54667239094239,101.32696507460558,102.84957173860694,2581100
2023-10-26,100.9875717163086,101.39115735411684,99.14392741389547,100.76743727657123,3517900
2023-10-27,101.74885559082031,102.78532838483223,98.92377075655277,101.94147405707318,5214900
2023-10-30,103.13390350341797,104.1153446531742,100.76743557292059,102.93211068792552,3194600
2023-10-31,104.62899017333984,105.6929860713725,103.11555111049208,104.95919531425017,3618600
2023-11-01,106.4817886352539,107.3990234702463,104.32628817261104,105.34441939928833,3343100
2023-11-02,108.34379577636719,108.71068416127073,106.39925514582045,106.54601609813977,2566900
2023-11-03,107.12386322021484,108.54557309533763,105.72966227406519,108.0135821796761,2525000
2023-11-06,107.17890167236328,108.33461965977875,106.71110989208485,107.53662274023876,2484500
2023-11-07,104.43637084960938,105.91311966314738,103.8401667388979,105.78470733135688,2180700
2023-11-08,102.55604553222656,104.46389605678249,102.38177563671611,103.69342199760482,2898600
2023-11-09,101.47370147705078,103.58334469195349,101.3911536893633,102.5560390137313,1802200
2023-11-10,104.05113220214844,104.18871184263436,102.49182862981908,102.73031166990657,2429400
2023-11-13,104.7023696899414,105.1518128506412,103.87685684522434,104.10616557998202,1487900
2023-11-14,105.50035858154297,105.97732466404781,104.71154297976435,104.84912262092232,2407900
2023-11-15,105.93145751953125,107.24310371732,104.7940881935299,105.0784287755435,3203500
2023-11-16,105.08912658691406,106.20916312637877,103.58031843450878,105.00582141077878,4559600
2023-11-17,107.71797180175781,108.65287390057622,105.68153607550214,105.68153607550214,3354300
2023-11-20,109.32860565185547,110.17094412354551,107.91236119901353,107.91236119901353,2876700
2023-11-21,108.6806640625,109.35638519321432,107.77352316910954,108.76396924485306,2039400
2023-11-22,109.23605346679688,109.42118080292013,106.39430577815828,107.27367121797653,2212000
2023-11-24,109.80992889404297,111.11509963889107,109.22677155439061,109.50446956117003,1173600
2023-11-27,109.53223419189453,110.03208634965776,108.59732513410665,109.43967054686136,2447200
2023-11-28,109.2267837524414,110.3653372328021,108.98611259049888,109.73589446767474,1926400
2023-11-29,113.13302612304688,114.6603511424047,112.28142920076822,113.8550325163768,6873900
2023-11-30,119.30712127685547,120.10318146463776,113.30890853886162,113.59585800347341,9147400
2023-12-01,120.056884765625,121.50089749911399,118.25186884876375,118.94610682634945,4757300
2023-12-04,118.89057922363281,121.60272901904837,118.39072699373561,119.3256361864408,4842900
2023-12-05,118.2055892944336,120.87146777900143,118.02972046707697,119.0386833830153,3484500
2023-12-06,115.70632934570312,118.35369072610513,115.36383606846445,117.40952312383801,2952000
2023-12-07,115.35457611083984,117.31695079155233,114.84546547453044,116.57643457582901,3702200
2023-12-08,116.0025405883789,117.00224499747186,114.12347087593722,116.0951042420755,4102700
2023-12-11,117.01150512695312,117.89087044266785,115.48418010194221,115.74336116079901,2976800
2023-12-12,115.90998077392578,116.16916183772263,114.66035375224568,115.78039024202737,3484900
2023-12-13,117.70575714111328,117.94642126031991,114.20679124366372,115.71560654210434,3054600
2023-12-14,120.4364013671875,120.67706544090719,116.87264793303821,118.48327801616745,4260100
2023-12-15,120.21424865722656,120.50119810662244,118.22410535545565,118.42774963392532,9648400
2023-12-18,121.53793334960938,123.13005359990868,121.0103056986612,121.54718477137217,2987700
2023-12-19,123.85206604003906,123.87983443099462,121.64901286217265,121.7415835815637,2873100
2023-12-20,124.10198211669922,126.52718215709861,123.87982088903159,124.3056122533439,3365700
2023-12-21,124.3056411743164,125.27757735057074,123.37073894010993,124.35192653972099,3235100
2023-12-22,124.09272003173828,125.72187416478509,123.96312950972842,125.54599828684866,1402200
2023-12-26,125.62931823730469,125.9718044877123,124.51854018588571,125.05541930433856,1542400
2023-12-27,124.68514251708984,125.87923979189269,124.23158272800903,125.1572333986991,1799000
2023-12-28,122.96343994140625,124.67589944661623,122.91715457990964,124.12976890416023,1827500
2023-12-29,123.24114990234375,123.94463944246169,122.82460985721721,123.42627724192104,2023900
2024-01-02,124.3056411743164,125.19427216742878,123.34297054572927,123.5743832484417,2500300
2024-01-03,125.65705871582031,126.30501125818616,124.04642171824855,124.04642171824855,3094700
2024-01-04,125.22203063964844,127.79533855996588,124.8610274169941,126.24950352325068,3125200
2024-01-05,125.18500518798828,127.2029169252164,124.64812608949332,126.21247802532525,3126500
2024-01-08,123.89835357666016,124.2130714292254,121.95448142976386,123.56511875502963,3636500
2024-01-09,123.30593872070312,123.84280370932392,122.02853620634205,123.84280370932392,2172600
2024-01-10,119.7884521484375,123.62064521502859,119.34412967382708,123.62064521502859,3619900
2024-01-11,120.5937728881836,121.18618877524995,119.603333977072,120.27905503787217,3540000
2024-01-12,122.99119567871094,123.06524942462418,121.80636399271467,122.65796088425525,2909900
2024-01-16,119.843994140625,123.60213362494947,119.49224236399871,123.11153989665934,3169400
2024-01-17,118.73321533203125,120.53823131270157,117.99269197156671,118.61287622521712,2437000
2024-01-18,118.17781066894531,118.91833397544764,117.21513319535374,118.91833397544764,2337300
2024-01-19,119.49224090576172,119.52000929575561,117.61317118653093,118.46477516521703,2880300
2024-01-22,120.01985931396484,120.28829177131966,118.48327593929342,119.31635582351872,2307900
2024-01-23,121.362060546875,121.64900999619464,119.52001061913728,119.85324542706198,2309600
2024-01-24,123.73172760009766,123.75949599120368,121.83414083676968,122.15812423208499,2649200
2024-01-25,127.41580200195312,127.44357039056682,124.74067227914233,125.32383668864507,3167700
2024-01-26,129.7947540283203,129.8502908154561,126.97151631300012,127.41582473439657,3389100
2024-01-29,128.7487335205078,129.3874346693762,127.46207980188403,129.27636112150577,3099600
2024-01-30,131.82192993164062,131.97928886808435,126.90672658843357,127.55467930446945,3664500
2024-01-31,133.58065795898438,136.70009647806336,132.22921576867705,133.747282439232,8307900
2024-02-01,134.7284393310547,137.66274985684993,131.79412880525945,134.52479508169168,5090500
2024-02-02,134.65440368652344,136.72786626578696,133.2659276857338,135.06169223997773,3702200
2024-02-05,136.2928009033203,137.2462199016909,133.015989834256,133.6269226266995,2899800
2024-02-06,135.0616912841797,138.4032907340714,135.00615450443044,136.99629777508852,3323300
2024-02-07,135.63558959960938,136.5427232883912,134.93210018525116,135.41342835724504,2607800
2024-02-08,135.90403747558594,136.9314961548583,134.84878215767935,135.7744328230922,4018700
2024-02-09,134.8302764892578,136.79265133904386,134.54332704888057,135.91328605018546,2889100
2024-02-12,133.71022033691406,135.4134139745479,133.51584162926048,135.3949111328805,3753800
2024-02-13,134.36744689941406,135.543013013029,132.84011490739496,133.8583362354077,3226300
2024-02-14,134.4137420654297,135.63559362391555,132.4235846198434,135.33939274961628,3086700
2024-02-15,135.48748779296875,136.422404035067,133.55288122903062,133.75652551200398,2810900
2024-02-16,134.0796661376953,135.5900507294807,133.52027128676477,135.4968253675075,2690100
2024-02-20,131.59030151367188,133.93046684866212,130.9842869664825,133.93046684866212,3483200
2024-02-21,133.83726501464844,134.21952741531814,131.8886799376209,131.8886799376209,2403100
2024-02-22,136.69952392578125,136.74614371569916,133.03543890530557,133.77198037110364,2633700
2024-02-23,137.15638732910156,137.66917661117688,135.45020529584937,136.0842031972417,2189700
2024-02-26,138.27517700195312,139.92542080276,136.8673504147925,137.06313361280888,2584700
2024-02-27,135.50613403320312,139.07699377273244,135.15185492062878,138.5828552875637,2106200
2024-02-28,131.68356323242188,135.27305978529714,131.3385881343862,134.95606794503854,2594700
2024-02-29,132.86761474609375,133.73469734187177,131.41316830296978,131.68355455730304,3370200
2024-03-01,134.44325256347656,135.01197980242932,133.52956451980793,133.53888278634903,2063600
2024-03-04,134.4992218017578,136.11217854811758,133.371099555177,133.61350257870208,3479200
2024-03-05,136.2147216796875,137.17502962760733,134.0889900836744,134.49920725765838,2886800
2024-03-06,136.8394012451172,138.11670114351236,135.31036582923448,137.16571136462056,3210200
2024-03-07,139.1143035888672,140.23310750450273,137.35218350949123,137.6784936122713,2947200
2024-03-08,139.23548889160156,140.56874092569345,138.2938317174648,138.80662096134628,2398500
2024-03-11,139.37533569335938,139.384653960094,136.3172654937485,137.8556188602886,3230900
2024-03-12,140.19578552246094,141.17474414068425,138.3870459133622,139.38465529159438,2367700
2024-03-13,144.01840209960938,144.91343954569635,141.71552370135328,141.7807942580282,4028600
2024-03-14,143.93447875976562,146.23735689808254,143.06739621623004,145.29568553806504,3637300
2024-03-15,148.26986694335938,148.9318338791705,143.7853187229929,143.7853187229929,11726000
2024-03-18,146.1534423828125,148.80129569875368,145.7338927186634,148.6241490296687,3470600
2024-03-19,146.36790466308594,147.51467764916805,145.7059377137951,146.2373777722015,2877200
2024-03-20,148.01809692382812,148.35373944763384,144.99732843593728,145.61266120761397,2388900
2024-03-21,148.31649780273438,148.65214042983777,146.37723087128853,148.24190897155972,2488000
2024-03-22,148.6614227294922,148.98774700862987,147.4027738521643,148.64277196961996,2078500
2024-03-25,145.87374877929688,150.49814170028606,145.84576552438364,149.17422218555276,2306200
2024-03-26,146.0042724609375,147.02983668021238,145.34230560486958,146.02290899532207,2351200
2024-03-27,148.20460510253906,148.24189240077587,145.35163597788838,145.35163597788838,2211300
2024-03-28,152.28822326660156,152.70777290085914,148.09269847130233,148.55886789300223,3177300
2024-04-01,152.28822326660156,152.763725181607,150.07858476017972,152.13904563733075,2214100
2024-04-02,158.02212524414062,158.21790844633006,152.9688501145305,153.21125310698113,2999400
2024-04-03,161.0242462158203,161.80740742174265,157.6585024573619,158.68406663853784,3210500
2024-04-04,159.13162231445312,161.99391002821105,158.49763858875326,161.46246994075833,2781100
2024-04-05,159.19683837890625,162.30152806148237,159.09428054940278,161.18272442912811,2182800
2024-04-08,157.14572143554688,159.8122112076164,157.08045088514083,158.5255789977816,2624200
2024-04-09,154.21820068359375,157.94755676289407,152.6518637325781,157.42544918801033,2358100
2024-04-10,153.98512268066406,155.45822010374462,152.50270698846785,154.26482724414913,1802400
2024-04-11,154.21820068359375,154.72165749469895,152.12043788898734,154.3393950822432,1997100
2024-04-12,151.49575805664062,155.20646301954423,150.92703073953734,155.09458690023314,2002400
2024-04-15,149.9387664794922,153.8359367142654,149.09033456571032,152.71713274707085,1589900
2024-04-16,147.19766235351562,150.22776361937267,146.93660861333535,149.92940835838843,1864200
2024-04-17,146.6102752685547,149.04368008848942,145.7059055008083,147.90622562238286,1946700
2024-04-18,142.9368896484375,147.22565473402207,142.3868130534012,146.7315162027028,2347100
2024-04-19,144.2421417236328,146.57298871904413,143.09535475891047,143.26318314028785,2760800
2024-04-22,146.42384338378906,147.6172361704765,142.73177466934945,143.98110552004346,1625500
2024-04-23,148.09271240234375,148.4749747784238,144.40065820193246,145.64067068746527,1756400
2024-04-24,147.11375427246094,147.66384505606618,145.71524587016617,147.27226441058724,1945000
2024-04-25,146.60098266601562,147.41211300586968,145.09058388230642,146.8993237344364,2617500
2024-04-26,141.16543579101562,145.29569027554257,139.43128487376325,142.18168177428845,4206700
2024-04-29,141.28663635253906,141.8926651978323,139.90677870819232,140.50347505923656,2822000
2024-04-30,133.52024841308594,140.6992544679034,133.34310176141136,140.6992544679034,3763900
2024-05-01,130.7232666015625,134.54584823336373,129.25948744042825,133.36177363708447,2537100
2024-05-02,134.1355743408203,134.86279744360073,131.83269643989541,131.97255579126744,2310300
2024-05-03,133.8931884765625,134.8814654231142,132.44806035271165,134.31273813152242,1806100
2024-05-06,135.30101013183594,136.5037352219635,134.13558656268393,134.86280973172583,2239100
2024-05-07,135.3849334716797,136.6156133814567,134.72296661487232,135.63665472341185,2212400
2024-05-08,136.9978790283203,137.80900931169708,134.3127384676765,135.00267436905372,2919000
2024-05-09,137.72511291503906,139.13293962933997,137.02585869196366,137.02585869196366,2187000
2024-05-10,135.74853515625,139.01172096071406,135.58070677431263,138.34043588568684,1808800
2024-05-13,135.26373291015625,136.69952859467432,134.95605935782459,136.0096068952303,1748000
2024-05-14,135.04928588867188,135.43153399884093,133.34310411411067,134.25679218868015,1836000
2024-05-15,136.3172607421875,136.57831446527229,132.63451114068823,134.3220563006904,1870400
2024-05-16,135.98162841796875,136.88599825025392,135.3289798348963,136.12147355642026,1630500
2024-05-17,138.21823120117188,138.70690450727614,136.35753291561784,136.73342663451268,1886300
2024-05-20,135.71849060058594,138.5095450796491,134.70356039552428,138.07725441586473,1969300
2024-05-21,135.4553680419922,136.71462777483865,135.24862219457845,135.6433149016157,1804300
2024-05-22,134.29006958007812,135.74668278204,133.1623741248071,134.65657096152685,2441800
2024-05-23,133.62286376953125,135.6057340084344,133.0872001523715,135.32380654358332,1696800
2024-05-24,134.08334350585938,135.58694722748734,133.51011053960215,134.53443322600444,1250600
2024-05-28,134.1585235595703,135.51176402535071,133.3879370573178,134.2806954831117,1590100
2024-05-29,129.86387634277344,134.16792714912575,129.4973749199767,134.16792714912575,2220900
2024-05-30,130.05181884765625,130.43711924672186,128.73617643551364,129.39399764158495,1950100
2024-05-31,133.5476837158203,133.85780249683538,129.68531611870782,130.28675469234796,3669900
2024-06-03,130.55926513671875,133.73561996953268,129.64772219382107,133.70742865889798,2345700
2024-06-04,128.73614501953125,130.7847897527041,128.0407260060035,128.95228314747533,3147000
2024-06-05,129.11207580566406,129.72290673665563,127.91859091864215,129.26243904202204,2190400
2024-06-06,130.03302001953125,130.1833832495122,128.26630225524923,128.83954952255306,1567600
2024-06-07,129.75111389160156,130.96338344262273,128.3696821128637,129.55376034917003,1687300
2024-06-10,129.79808044433594,130.71904445633018,128.65158593097703,129.59133459180063,1861500
2024-06-11,129.9578399658203,129.99543794348065,127.31714844254802,128.6891878386104,1692600
2024-06-12,127.8152084350586,131.25469192773733,126.73450322577482,131.0479460780511,2217700
2024-06-13,129.3751983642578,129.92964664103567,125.98270507399002,127.89039373705253,3486400
2024-06-14,128.52003479003906,129.5819554736109,127.96558646510945,129.2154540321151,2107800
2024-06-17,129.01809692382812,129.39400501975123,127.81521969572947,128.23811809607142,1790800
2024-06-18,127.66486358642578,130.21157447261672,127.17619025903926,129.54436094160658,2588800
2024-06-20,129.64772033691406,131.20769208091775,127.60845330070873,127.66485026059591,2740500
2024-06-21,129.76988220214844,130.79420474628648,128.9241141883406,130.3807274027215,6463600
2024-06-24,130.20217895507812,131.141927609623,128.7643646607786,128.7737569851305,1919200
2024-06-25,131.79034423828125,132.07225733692673,129.16843770547723,130.02361234316888,1934300
2024-06-26,131.3580780029297,132.14746350470688,129.31882495362467,131.64939781862643,1517600
2024-06-27,131.0009765625,132.12868659041257,130.26797364801405,132.11927992520847,1847200
2024-06-28,132.66429138183594,133.62283884778216,130.831784711221,132.22260844847952,10211500
2024-07-01,132.43875122070312,134.0551198122496,131.28286456329846,133.17176825403524,1422900
2024-07-02,132.00650024414062,134.4216469321481,131.39566932857636,133.23756873944612,2622100
2024-07-03,131.91249084472656,132.38236508934202,130.6814226181419,131.7809266298112,1081600
2024-07-05,130.0612030029297,132.03468083661386,129.20604265846407,131.71516974793767,1605500
2024-07-08,127.75881958007812,130.82240919997597,127.65544666027618,129.31880570093432,1647000
2024-07-09,124.80802917480469,127.15740104945858,124.05622730702986,125.00538272162392,2594100
2024-07-10,125.89811706542969,126.75329170556033,124.4227049276598,124.51668552042642,2052300
2024-07-11,128.67037963867188,129.036881027775,124.7798209161057,125.83233478441703,1900200
2024-07-12,130.28672790527344,130.54046400837677,127.46748248233236,129.61950017916428,1810100
2024-07-15,131.63058471679688,132.4951516517892,130.08938334726847,130.69083617796718,1627300
2024-07-16,131.3580780029297,132.26024310455207,129.72291002973876,130.97277757726658,1570500
2024-07-17,132.2602081298828,134.43102485543687,131.45202385194168,131.86551548336607,2074700
2024-07-18,129.4033660888672,131.6493644390857,128.6985547111071,131.44261862112214,2405600
2024-07-19,130.1269989013672,130.87880070189766,128.2381092452899,130.258563141003,1787000
2024-07-22,131.66818237304688,131.91251185697334,129.05568230399567,129.7041111591606,1688600
2024-07-23,128.81134033203125,131.470816103656,128.3038680861328,131.10431474358484,1745900
2024-07-24,129.84506225585938,130.36192685340453,127.85279981378606,129.2154324150046,1857600
2024-07-25,133.92356872558594,134.39344302874986,128.9711038946248,129.74169029531222,2014800
2024-07-26,133.6416473388672,134.45922398712403,132.58911921415304,134.03634000835066,1813600
2024-07-29,131.9501190185547,133.65106187911093,131.0103703142096,132.77708812756782,2124000
2024-07-30,138.3028106689453,139.43050621016243,134.3934527425943,135.0136903090631,3978300
2024-07-31,136.71463012695312,141.07506330659882,136.66763982638224,140.0507407155153,2273900
2024-08-01,132.4575653076172,138.27461156791583,131.62118960821658,136.79921368893994,3315700
2024-08-02,125.70076751708984,131.00094904512136,125.00536273063604,130.7002369497584,4079000
2024-08-05,123.70848846435547,124.93955667019726,120.62611461876843,123.060059723404,2323700
2024-08-06,125.0617446899414,126.92244289220791,123.97163287874464,124.04681448704362,2082800
2024-08-07,124.89258575439453,127.68364030053874,124.81741848355428,126.48076321513142,2146800
2024-08-08,127.26074981689453,127.66484915909332,125.03355029131644,125.03355029131644,2546700
2024-08-09,127.25137329101562,128.51063309154708,126.52776278617357,127.38293753376627,2056900
2024-08-12,127.69303131103516,129.29060089993655,127.42990287707137,128.19109687099694,1576600
2024-08-13,126.54654693603516,127.25135836942985,125.92630943318574,126.60292955639868,2463300
2024-08-14,129.4033660888672,129.80746540195022,126.82846436601515,127.11978410784812,2134400
2024-08-15,130.32432556152344,131.59299187416119,129.72288704680764,130.3901148447296,1935000
2024-08-16,130.5498809814453,131.5272276093521,129.33761153002555,129.66651495448485,1644500
2024-08-19,130.94456481933594,131.85612209691178,130.2021697441128,130.62505374085637,1833900
2024-08-20,125.44868469238281,131.08671849041784,125.2875996648685,130.94458889518708,3026500
2024-08-21,126.86058044433594,128.30087534656732,125.97933349113558,126.4152217238897,3332300
2024-08-22,126.17829895019531,127.76073753845303,125.89402534168204,126.92687214248245,1813500
2024-08-23,128.27243041992188,128.36719311784228,126.44362891187131,127.13535033866559,1911900
2024-08-26,128.1397705078125,129.76012009595595,127.17326039717298,128.96416548998545,1923600
2024-08-27,127.33434295654297,128.4335121469505,127.05953981487309,127.90287575321776,1505300
2024-08-28,127.89338684082031,129.39054756957998,126.50045927858046,126.81315877813994,2070900
2024-08-29,129.3431854248047,129.5800777058025,126.89845534985639,128.39561630081346,1594200
2024-08-30,132.9534149169922,133.4651103156165,128.52826906123738,128.54722449123446,3981500
2024-09-03,127.92182922363281,131.4278320217143,126.30147969161368,130.83087331729217,2845500
2024-09-04,125.35389709472656,129.16312853674864,124.6621757707138,127.9218154557273,1984300
2024-09-05,122.1321792602539,126.09302556944573,121.92371290404608,126.08354062495465,3864500
2024-09-06,121.42150115966797,123.35453571825796,120.59711345866758,122.15113339867919,4244600
2024-09-09,121.26042938232422,122.54912404824857,121.03301480286085,121.60155486620886,4074600
2024-09-10,120.2275619506836,121.07089785130874,118.5787937800587,120.97614238943436,4468900
2024-09-11,118.44613647460938,120.57816693115234,117.2806233107727,119.76325693385675,4052700
2024-09-12,119.12838745117188,119.91487153290113,118.2092442748592,118.92939880929673,3041000
2024-09-13,120.0570068359375,121.19409413862576,119.5074222304859,120.0570068359375,2614600
2024-09-16,120.6634521484375,122.0089986070282,119.18524658713385,120.32233390530341,2908800
2024-09-17,121.57312774658203,121.923723713671,120.52132538655702,121.1182913627689,3693600
2024-09-18,123.47772979736328,124.94646482610872,121.69629522375534,122.23641656272439,2884300
2024-09-19,125.60028839111328,126.6331352506555,123.82832432389769,125.07912248899105,2744600
2024-09-20,123.15556335449219,124.71904666559827,122.35960874006572,124.70010569293889,6418500
2024-09-23,124.23579406738281,124.42530500903679,122.35961116511976,122.90920301704692,3613700
2024-09-24,122.68177795410156,126.00774043689873,122.68177795410156,125.74242223387684,3661700
2024-09-25,123.04185485839844,124.52006035829599,122.11322671922612,122.88075538580699,8126500
2024-09-26,123.82833099365234,126.61418663981713,121.83844443121887,122.11323312599852,4192800
2024-09-27,124.17894744873047,124.66220253906808,123.18399688979196,124.43479518303091,2564300
2024-09-30,124.5579605102539,125.20231504374408,122.96605129590931,123.99889818798462,2137500
2024-10-01,126.01721954345703,126.28253773418655,123.33559726116654,123.33559726116654,2071900
2024-10-02,127.41961669921875,128.1113380865223,125.60028578132368,126.97425807018249,1925600
2024-10-03,131.64576721191406,132.14799213349553,126.37728536576883,127.42908763784149,2766800
2024-10-04,131.35203552246094,133.22823291513268,130.3760404206582,132.9439592684771,2468500
2024-10-07,131.23834228515625,132.4038484245068,130.59400212966472,130.88774628635994,1812900
2024-10-08,125.39183044433594,129.968591286663,125.26864182499794,129.66536221098738,2528900
2024-10-09,127.65650939941406,128.2155716943302,124.0557439533106,124.33054708725713,1494300
2024-10-10,129.2673797607422,129.89277886042342,127.17326006769112,128.3198106250158,1416400
2024-10-11,129.2010498046875,129.83591935305577,128.7272652648225,128.78411709620522,1460600
2024-10-14,128.31980895996094,128.81254895259707,127.54280979730144,128.60408258874168,1445900
2024-10-15,124.51057434082031,127.55227752306214,124.3968706752716,126.52890115685247,2338300
2024-10-16,125.37287139892578,126.0835482584545,125.00332001032116,125.68557095216934,1461800
2024-10-17,126.35836029052734,127.0500817673102,125.05071015026604,126.34887534479525,2219200
2024-10-18,125.6476821899414,126.8984660202293,124.84224258331977,126.53838509603254,1712400
2024-10-21,124.43479919433594,126.45311183802168,124.17895145178792,126.27307136951602,1289000
2024-10-22,124.53900909423828,125.00332319277076,123.69567311114409,125.00332319277076,1946200
2024-10-23,122.35010528564453,124.32105055088331,121.35516939750596,124.0746878147618,1850600
2024-10-24,121.75316619873047,122.96605356309591,120.41709021714173,122.7291612738252,3200000
2024-10-25,121.44993591308594,123.33560372196652,121.43098048168173,122.82390828535716,1346900
2024-10-28,122.1321792602539,122.38802696264658,118.51246563071179,118.92939834312743,2509700
2024-10-29,116.80683898925781,121.6489248653701,116.41833942015158,120.95719624610308,4171100
2024-10-30,115.66976928710938,116.82580484114818,115.10122922609759,116.36149796808279,3339500
2024-10-31,115.43287658691406,117.23325946494035,115.22441021175389,116.0298425644717,2700900
2024-11-01,113.71776580810547,116.56994349595767,113.4903440267667,115.81189257962994,2064400
2024-11-04,114.68428802490234,116.20987486766955,113.88833344400393,113.88833344400393,2185500
2024-11-05,115.45182800292969,116.20988625563368,114.37159969192304,116.07722714581737,2078600
2024-11-06,121.19409942626953,122.80497136801482,117.71652227478381,119.18525016444023,2626200
2024-11-07,120.03804779052734,121.19408319060999,119.22313782749788,121.05194638694147,1630500
2024-11-08,119.82011413574219,119.9906768690846,117.84917583080404,119.6306032006412,3126000
2024-11-11,121.23199462890625,121.32674286495059,118.7398832349492,119.92434462618245,3010400
2024-11-12,121.00457763671875,122.12271675295169,120.81506669835524,121.75316536257762,2719000
2024-11-13,123.09870147705078,123.99888920270075,120.15176108804997,121.50677791930349,1962000
2024-11-14,122.9565658569336,123.8946645065335,121.53521215322576,123.316646755342,2257200
2024-11-15,124.0462875366211,124.81381627580456,122.47331919332049,122.77654827775565,2275000
2024-11-18,125.53758239746094,126.73254104233368,124.20877438094084,124.89707172733934,2356600
2024-11-19,125.17430877685547,126.7325394985958,123.96978114188177,124.22789629036147,2448700
2024-11-20,125.66184997558594,126.05379991756817,124.6485273641374,125.53758419383131,2502600
2024-11-21,125.62361907958984,127.29656122450108,125.38462734460252,125.82436396831638,2218800
2024-11-22,127.40170288085938,127.64069458716337,124.9639845591795,125.42284455095223,2480800
2024-11-25,127.41126251220703,129.30407281926801,127.27742773467538,128.04220414352628,4455800
2024-11-26,128.3385772705078,128.47241207487443,126.6847583479274,127.41128805921772,2705500
2024-11-27,127.47821807861328,130.33655035986342,127.1245003340226,128.0900364365401,2151900
2024-11-29,128.08045959472656,128.48196400003238,126.05381414311651,127.55467480674301,1402400
2024-12-02,130.42257690429688,130.63289082107895,126.14941763451444,127.5451213510869,3319700
2024-12-03,128.5584259033203,131.92343350904164,128.3959132791354,131.10130138340796,2313600
2024-12-04,124.84928894042969,128.0900163028054,123.59695998859597,128.0804472977339,2594900
2024-12-05,124.11319732666016,125.37506618112947,122.44025507711532,125.15519785552095,2928300
2024-12-06,123.0138168334961,125.10738673189384,122.53583337128282,124.87796400564596,1926100
2024-12-09,124.35218811035156,127.28699919156158,123.04251799869192,123.53961033212703,3475700
2024-12-10,120.08858489990234,125.2412394848318,119.70619661658489,124.63899015513533,3124100
2024-12-11,119.81134796142578,121.11146368770041,118.55902620991961,120.18417451448767,2596800
2024-12-12,118.53034973144531,119.69663067228068,117.81337446061534,119.41939935901246,2646000
2024-12-13,117.31626892089844,118.6163845968236,116.90520282787138,118.36783113992486,1825800
2024-12-16,111.16940307617188,116.00659375230201,110.95908916965328,115.75804029064828,3653200
2024-12-17,110.72966003417969,111.24588309253465,109.3721886363478,110.5575856813947,3608800
2024-12-18,106.93446350097656,111.16939737687801,106.7910669999336,110.39506648207461,4211600
2024-12-19,105.49095916748047,107.63232324948879,104.57323170376263,107.35509923200541,4445000
2024-12-20,105.51007843017578,107.11610325169192,105.1181284666957,105.62478980020954,8178700
2024-12-23,105.61522674560547,106.07408677511847,104.11435899831113,105.25195465433828,3365100
2024-12-24,106.66678619384766,107.09696837235946,104.56365468231053,105.27107542461451,1448600
2024-12-26,107.25949096679688,107.6610026366574,106.0262999954547,106.62855656007174,1794800
2024-12-27,107.63231658935547,108.60740697346505,106.4278034703247,107.0396217416115,2615000
2024-12-30,107.0587387084961,108.13898605018736,106.52339954029812,107.64187914247567,2567500
2024-12-31,108.91332244873047,109.11407464692097,107.24994188268808,107.35509883794732,2989000
2025-01-02,109.37218475341797,110.41418525190937,108.81772215930091,109.70677173488544,2538200
2025-01-03,110.97820281982422,111.32235151489844,109.3339457464631,110.35683011975335,2046000
2025-01-06,110.09870910644531,112.45038686896616,109.7354443002417,110.64360996247515,2324800
2025-01-07,110.11783599853516,112.11580343577387,109.62072909707017,110.96864600592234,2526300
2025-01-08,111.13115692138672,111.29366955097305,108.78904083268117,109.02803256799598,3037100
2025-01-10,108.91332244873047,110.75833908175693,107.5271731926034,110.07004166313261,4525800
2025-01-13,110.87305450439453,112.13493063712427,108.71256706882188,108.98023665857527,4153700
2025-01-14,112.10624694824219,112.13493208475693,109.47733769666259,110.94952775276109,3284000
2025-01-15,113.76007080078125,114.44836819442693,112.64159118283165,113.234286043566,2643000
2025-01-16,114.3623275756836,114.5822031909394,112.97617836740986,113.23428624375867,1985900
2025-01-17,115.22269439697266,115.6528838971088,113.51151269491547,114.44836350755617,2722200
2025-01-21,115.18445587158203,115.60508366388102,114.09465413103378,114.92634800395705,3605800
2025-01-22,113.32988739013672,115.4999292063515,113.13868961976479,114.3049704919614,2166300
2025-01-23,117.22066497802734,117.27802065864947,114.1806899164265,114.38144209205267,2233100
2025-01-24,116.49413299560547,118.50166212993612,116.07350520411656,117.07727341800638,2196700
2025-01-27,117.66040802001953,119.11347450158932,116.52280507301218,117.49789539714668,3029900
2025-01-28,115.84408569335938,118.60682984342594,114.9072347891302,117.69866407676933,3025400
2025-01-29,116.78092956542969,117.88028575567243,115.71980563608213,115.87275656001056,1720100
2025-01-30,115.51904296875,119.07524119683171,114.53439817522772,118.97008424864495,3878900
2025-01-31,112.6798324584961,115.50949389180214,111.58046895426637,114.67779997953457,7253700
2025-02-03,112.67025756835938,113.17691885009239,110.17518341683203,112.22095196578148,5210100
2025-02-04,118.16707611083984,118.19575395259135,112.24963831447856,112.86145658334073,3756000
2025-02-05,117.88984680175781,118.788458090153,116.89564027476612,117.89940851365222,2495300
2025-02-06,115.49993133544922,119.37160055882222,115.08886523838356,119.00832843514368,3106800
2025-02-07,115.00283813476562,116.37942571647531,114.54397074522926,116.21691306967169,2263000
2025-02-10,118.26268005371094,118.49211009806143,115.81540679810671,116.0543985548946,2465200
2025-02-11,123.84552001953125,126.18763610562732,122.03874308604023,124.27570222523903,7531200
2025-02-12,119.53411102294922,123.17635014486568,119.1039215095918,123.08074761293125,3896000
2025-02-13,120.01209259033203,121.42691960157468,117.4309774317963,119.24731610777721,2990200
2025-02-14,122.4020004272461,123.30061168363298,120.17460300283547,120.50918997272986,3285900
2025-02-18,124.54337310791016,125.75745521902296,122.11521617913357,122.76527399702218,4402600
2025-02-19,124.23747253417969,126.81858040868255,123.97935737065994,124.3139370545058,3631100
2025-02-20,125.7574462890625,126.46485244637921,123.54916512476315,124.17053776352464,3154300
2025-02-21,123.10942077636719,126.1111563701084,123.06161951221665,125.43242801462335,12517500
2025-02-24,122.57890319824219,123.86179714971597,121.70113132854985,123.10941810748001,5831100
2025-02-25,121.7879638671875,124.72993065008905,121.39248223926455,122.79112869990645,2689400
2025-02-26,120.99699401855469,123.0804843084451,119.69480430831139,121.8361744390085,3947000
2025-02-27,122.89722442626953,124.24763145198423,120.67868598259592,121.66255500978326,2701700
2025-02-28,125.0964584350586,125.63662120777508,121.48892174822826,122.44386182606527,5739900
2025-03-03,120.56292724609375,126.36005871807735,120.1867414004755,126.11891356785202,6055200
2025-03-04,117.95857238769531,119.8105655294095,115.15163907298796,119.46331589544228,4322300
2025-03-05,115.49888610839844,117.87175364767741,112.55691951241221,117.10009353557435,4202700
2025-03-06,118.44084930419922,118.63376247490885,114.08094099817049,114.67898360203553,3058500
2025-03-07,121.71078491210938,122.5499727145035,118.21900036142874,118.21900036142874,3463700
2025-03-10,121.66255950927734,124.34410000320156,120.4954177600783,122.0773294994197,3571500
2025-03-11,119.17393493652344,122.39563057738276,117.54379138314496,122.23165364314724,4125200
2025-03-12,119.58870697021484,120.47611936302134,117.9199792810068,118.62412636259924,3194500
2025-03-13,118.16112518310547,122.08696798665915,117.40875348185511,119.29933060168487,5283100
2025-03-14,122.24129486083984,122.57889657742292,118.03572312497933,119.2125052000453,3469800
2025-03-17,124.61418151855469,125.22187206225585,122.09662533250692,122.57891567682003,3865400
2025-03-18,123.86180114746094,125.60768971755901,123.15765405568597,125.33760832098761,2627800
2025-03-19,124.43090057373047,125.17363177580748,122.6560757568615,123.9486102614292,2194200
2025-03-20,124.25728607177734,124.72028066142941,122.85863971744728,123.42773876705425,2134200
2025-03-21,121.04522705078125,124.47913926384706,120.37002352080101,123.97755319086185,4624600
2025-03-24,121.99050903320312,123.08048245630778,120.54363814063093,121.10309665195867,4032700
2025-03-25,121.04522705078125,123.43739036687766,120.85231385912019,122.4438734474068,2331800
2025-03-26,122.08697509765625,124.0740162819287,121.63362100532629,122.41493635219629,1714700
2025-03-27,120.30249786376953,121.40211919792257,119.3379172296587,120.78478818082495,1762300
2025-03-28,117.44734191894531,120.57258116210039,116.94575586017784,120.11922707946428,2433200
2025-03-31,119.10641479492188,119.94559520049539,116.5020427797819,116.94574896921333,2179300
2025-04-01,119.94560241699219,120.22533168873517,116.26090462647494,119.24146266326532,2000900
2025-04-02,119.6658706665039,119.81055923291409,118.19971134615733,118.64341755309334,2216600
2025-04-03,103.38375091552734,114.57288461075387,102.87252436553342,113.29963848955855,6785500
2025-04-04,95.31021118164062,99.7183444351147,92.28142854494288,99.00455681835038,6421200
2025-04-07,93.16883850097656,98.41615942575719,89.70599760952474,92.0595766759336,5958300
2025-04-08,89.58060455322266,96.44841383663655,87.95046095550249,95.63816965072793,4682400
2025-04-09,99.4771957397461,102.06227207098506,87.7864834470405,88.35558247499702,11450700
2025-04-10,93.55467224121094,97.52874704355047,90.37156061180013,96.59310266500414,4512400
2025-04-11,93.93085479736328,94.79897879642994,90.18828477370086,93.28458757106705,3572000
2025-04-14,94.35528564453125,96.61240835390915,92.73478974213606,96.20727885893521,2524000
2025-04-15,92.80229949951172,95.64781671127683,92.71549077711009,94.2781066536676,2347800
2025-04-16,93.1495590209961,95.33915399820421,92.70585277677844,93.23637511180324,1951900
2025-04-17,95.5899429321289,96.73779628444578,94.24917638946457,94.38421709454109,2437300
2025-04-21,93.573974609375,94.23953027990386,92.31036890378164,93.99838510788858,2326600
2025-04-22,97.3261947631836,97.71202851763876,94.96296761662498,95.86002796808735,2908600
2025-04-23,99.13959503173828,101.08805200695375,98.26183049354673,99.66046945008797,3055100
2025-04-24,100.98194122314453,101.33883132062628,99.09136420786162,99.90160834619759,2536800
2025-04-25,100.2874526977539,100.37426142501378,97.94352139257357,99.62188968542911,3056400
2025-04-28,102.03333282470703,102.51562311588766,99.38073622321359,99.63152923519394,2295500
2025-04-29,102.24555206298828,102.59280169646384,100.63470409385627,100.63470409385627,1564400
2025-04-30,100.37425231933594,100.82760636723208,98.54155511344241,100.6636294356169,3211100
2025-05-01,99.79552459716797,101.96583130826987,99.68942012478072,100.57683265823115,2608600
2025-05-02,103.35481262207031,103.68276649322716,99.71833964385485,101.512460146162,2588700
2025-05-05,103.1136703491211,104.72451822768335,101.96581704971672,102.08156937408926,2710900
2025-05-06,101.65715789794922,104.38692300523765,101.64751003052359,103.40304658448943,2348500
2025-05-07,101.81149291992188,102.57350517508455,101.11699365829698,101.73432469992656,1748000
2025-05-08,105.32256317138672,106.44147289482709,102.57350244087304,102.62173441687607,2679800
2025-05-09,106.99127960205078,107.23242475479206,105.51547244474072,106.67296623423245,2396800
2025-05-12,114.47643280029297,115.46030183354425,113.14531414138443,113.37681143876713,4529700
2025-05-13,121.12239074707031,122.20272371385371,116.91681856527605,119.23181357457405,11117000
2025-05-14,120.283203125,121.40212020222461,119.45366318406899,119.70445621157904,3215900
2025-05-15,120.35072326660156,120.59186842670542,118.30581701878722,118.67235501284524,2372000
2025-05-16,121.27672576904297,121.36353449328674,118.69164938795791,120.9005325531548,3242800
2025-05-19,118.98811340332031,120.90664939994997,118.04345294365346,119.57243723948186,3770000
2025-05-20,117.7415542602539,119.73799465900603,117.44938862625081,119.11471490787476,2831700
2025-05-21,108.85980987548828,113.8947447822173,108.49948067033759,113.61232740577847,7211900
2025-05-22,110.02845764160156,111.06076329756326,106.88283649643466,108.72346060342468,3588100
2025-05-23,110.17454528808594,110.4180141910359,108.49948547705849,108.6066049586817,2248700
2025-05-27,111.34319305419922,112.55079665186648,110.12584862064088,111.17763599445466,2832700
2025-05-28,109.82393646240234,112.44366392540631,109.5707341829902,112.2586252034602,2006400
2025-05-29,111.68404388427734,112.04438049812984,109.35648200769401,109.93106499267125,2609900
2025-05-30,110.5154037475586,111.95673544067796,110.20376386012082,111.35292990810682,4559900
2025-06-02,111.29449462890625,112.32680031539299,108.28522280090367,112.07359802668384,2841300
2025-06-03,112.94034576416016,114.69331725019755,110.1842762466282,111.50874755434388,2065500
2025-06-04,109.54151916503906,113.64153411554653,108.89875777062012,112.4047080735878,3686100
2025-06-05,109.29805755615234,110.49592033616874,108.46052397870436,110.08689438348416,2836300
2025-06-06,111.30423736572266,111.9956881137719,109.999240266668,110.46670379933494,2821100
2025-06-09,113.06694793701172,114.61541389869514,111.54770448259684,112.72609298635206,2804000
2025-06-10,115.59902954101562,116.87481161615058,114.08952683482482,114.39142589004676,2314600
2025-06-11,117.79024505615234,118.09215152976262,115.16078403747694,116.46577371087088,2413800
2025-06-12,118.3453598022461,118.81282336011176,115.93989330827269,116.58264734149664,2442400
2025-06-13,118.95890045166016,120.205459972434,117.83894207812463,118.8128176324893,3074600
2025-06-16,120.39049530029297,121.12090194540782,118.4037883339709,119.00758640534758,4164300
2025-06-17,121.28646850585938,122.47459793049526,120.37102306128787,121.24751259012429,5513800
2025-06-18,121.55915069580078,123.08813507300081,120.29310945833889,121.28646671975203,5788600
2025-06-20,121.52018737792969,123.01021574919945,120.70213549961711,122.06555529680472,8494400
2025-06-23,117.86815643310547,122.18242540968653,117.28383259008626,122.18242540968653,4503100
2025-06-24,116.33917236328125,118.77386123936719,115.6866775277096,117.48834580999704,4171300
2025-06-25,116.50473022460938,117.82920157671238,115.4042535198818,116.09570427383426,2866900
2025-06-26,117.0306167602539,117.73180830732008,115.75484223605763,116.86505970888561,3066300
2025-06-27,116.1346664428711,117.17671304792253,114.91732193089132,116.51447733620229,10132700
2025-06-30,116.183349609375,117.03061653538498,115.09260637935894,115.41398707616014,2060700
2025-07-01,119.93277740478516,121.17933694009746,115.7645911723043,116.1638762906086,2731500
2025-07-02,123.15630340576172,123.23421523440096,119.74773891864484,121.2864640989056,2128400
2025-07-03,123.9646224975586,125.084580891791,122.03634559504637,122.7472780321062,1290900
2025-07-07,123.09786987304688,125.04561352503943,121.96817067900564,123.11734411463209,2091000
2025-07-08,126.60382080078125,127.15893699409297,123.32185754057808,123.32185754057808,3821500
2025-07-09,127.10049438476562,128.76582813606237,126.27270907226519,126.60382319726536,3160600
2025-07-10,130.87913513183594,131.1420856923098,126.42853157651766,127.27579855340248,2711700
2025-07-11,128.2691650390625,130.0513443549223,127.9964661928577,129.6228515626867,1680000
2025-07-14,125.63968658447266,127.91856679630996,125.09431862272098,127.29528700285626,1933200
2025-07-15,124.91902160644531,126.67200057755834,124.80214643493001,126.37008667295864,1995200
2025-07-16,120.4391860961914,125.18195521473882,120.33205919252049,124.17887202870163,3438000
2025-07-17,121.90974426269531,122.19216906986657,119.78669522092606,120.2346770919312,2609000
2025-07-18,122.61093139648438,123.98409203779683,122.02660756124332,123.14655848292173,3256700
2025-07-21,122.75701904296875,124.42234538246812,122.33825224905387,123.01022134248493,2505300
2025-07-22,122.86414337158203,124.23730403810211,122.5232809838601,122.7083197166142,2224900
2025-07-23,124.5099868774414,124.71449985017529,122.86414225970277,123.37055427360372,2281300
2025-07-24,121.07221221923828,123.7795851520124,119.3581891121993,123.41925594144153,3508200
2025-07-25,121.7052230834961,123.47767620590017,119.53347743748913,122.52327494149161,3666300
2025-07-28,124.35417175292969,124.49051373595718,122.27981206957554,122.27981206957554,2690400
2025-07-29,125.05536651611328,125.1624934240815,122.78623463654043,124.0327941873551,2395700
2025-07-30,121.1501235961914,124.2567816428638,120.53657722575137,123.89645243364005,3193800
2025-07-31,120.35154724121094,121.76366387521578,119.75748253667842,121.09168734023416,3925900
2025-08-01,116.47551727294922,119.19263101855152,116.05675047853565,118.6959523949259,2162500
2025-08-04,118.28692626953125,118.832294213083,116.4755171083561,117.13775279556079,2102200
2025-08-05,118.88098907470703,119.43609784559578,116.67029482715522,119.29975586187439,1512700
2025-08-06,116.70923614501953,120.05937023665908,116.16386824361975,119.68930022214928,2080700
2025-08-07,116.183349609375,119.14392457784074,115.95935497612798,118.3550878039472,1587400
2025-08-08,116.01779174804688,117.68311804911004,115.7743228602292,116.54368543734275,1694200
2025-08-11,115.27764892578125,117.54677325919131,114.98548329534496,116.660550392341,1699600
2025-08-12,116.90401458740234,118.53038487076066,115.5405874168302,116.11517781896347,1749200
2025-08-13,119.37767028808594,119.37767028808594,116.41708763554627,116.77742427469914,2359200
2025-08-14,119.52374267578125,119.73798904324379,116.67028718049134,117.99475844704722,2095600
2025-08-15,120.3807601928711,121.5883638231684,119.36792870517365,120.31258919995305,2303700
2025-08-18,119.63086700439453,120.30284350033584,119.05628400589681,119.23158189918234,1857900
2025-08-19,120.15211486816406,122.05023733553443,119.23747538899845,119.54236021764015,1600400
2025-08-20,121.52899169921875,122.23710064629616,120.11277380506394,120.83071968290066,1720300
2025-08-21,122.39445495605469,122.64032570325719,120.23079538202454,120.93890433450852,2174700
2025-08-22,127.79378509521484,128.4920496305769,122.81735594772398,122.93537661048683,2674100
2025-08-25,127.3807144165039,128.76741395487102,126.84962522584526,127.31186340755386,2051200
2025-08-26,127.74461364746094,127.9413072574688,126.0235182980612,126.51525982646113,2777500
2025-08-27,130.4295196533203,131.12779923445362,127.08568322540594,127.60692805081446,2031700
2025-08-28,130.63604736328125,131.14746271997691,129.32801318576242,130.62621793581462,1982300
2025-08-29,131.3736572265625,132.12109888299705,129.87875890693417,130.62621557012795,1530700
2025-09-02,131.62936401367188,131.73754774632184,129.82958828327318,130.5376972593894,2114000
2025-09-03,128.37403869628906,131.62936512427746,127.52824269027842,129.32801843586248,2290900
2025-09-04,129.4066925048828,129.99677328971944,127.78393658137348,128.48221610120345,1832200
2025-09-05,129.37718200683594,130.06561705416414,127.70526403282221,128.62972537822947,1828500
2025-09-08,128.059326171875,130.26231845553252,127.70527169675012,129.8590868297704,2802400
2025-09-09,130.10496520996094,132.98657833067261,127.99048266932988,129.18050375483259,2830700
2025-09-10,129.24932861328125,131.48183913110734,126.2398731611659,129.79024724184163,2424700
2025-09-11,130.33116149902344,131.15728355488395,128.94444697234135,129.26899813859197,2155900
2025-09-12,128.61990356445312,131.09828488828936,128.53139369743454,130.49835966723106,1380600
2025-09-15,129.01329040527344,129.94761124379644,128.01014856826882,128.62973264247535,1730000
2025-09-16,130.84255981445312,131.38347841659842,129.3280027352046,129.9672606243483,1767500
2025-09-17,130.94093322753906,132.53417097307775,129.8197631460932,130.1344849266621,3287600
2025-09-18,129.1804962158203,131.88507442736253,128.77726458993175,131.88507442736253,3180300
2025-09-19,127.57740783691406,129.82957716053056,126.25954430245274,129.54437371166543,9244700
2025-09-22,127.4299087524414,129.07232368071215,126.50543226433149,127.095513103059,3361900
2025-09-23,130.09512329101562,131.74738244882275,127.98064095340433,128.137986820105,3815500
2025-09-24,134.3339385986328,135.41577589513767,130.4491837722447,130.82291211226632,3000800
2025-09-25,136.78280639648438,137.26471843000658,132.74069099258867,134.21591537347385,5158900
2025-09-26,137.1565399169922,139.99880506516234,136.38940940358236,137.47124666001764,2891100
2025-09-29,135.29776000976562,137.3138881021511,134.14707172361375,137.3138881021511,2810500
2025-09-30,133.7733612060547,134.9437083713985,131.97358552406712,134.0585646716822,2239900
2025-10-01,132.36697387695312,134.1962528642519,132.0129193953224,133.11443056415115,2258200
2025-10-02,132.71119689941406,133.9503800627721,131.06878210905714,131.78672048893256,1829300
2025-10-03,130.8130645751953,135.85833701877795,130.72455470942418,134.7273376047891,2000400
2025-10-06,130.72454833984375,132.94721434365417,129.59354898096308,130.88190920916443,1610000
2025-10-07,130.1836395263672,130.70488431429902,127.18402839056449,130.40985142057127,1917800
2025-10-08,129.13131713867188,130.64587431156588,128.24617346040776,130.3606708528505,1772500
2025-10-09,128.92477416992188,130.8425628891782,128.31501955322463,129.93776039103568,1577000
2025-10-10,124.66630554199219,129.54438025745588,124.64663168035814,127.87246218078806,1963600
2025-10-13,127.64624786376953,127.82328260159368,125.44325561891206,125.88581995333367,1219100
2025-10-14,128.6789093017578,130.77373284806782,125.56127006081017,126.02350826123313,1941300
2025-10-15,127.4299087524414,130.13448719853457,126.6037715674057,129.74108496595548,1864600
2025-10-16,126.23987579345703,128.48221578519164,125.56127013681852,127.85278727885841,2161400
2025-10-17,127.13484954833984,128.68875446392923,126.26937972022438,126.89880822973761,1756900
2025-10-20,128.18716430664062,128.92477652032176,127.23318464307233,127.23318464307233,1997900
2025-10-21,126.47592163085938,128.48222037688532,124.82366236346166,128.40353993493687,2315000
2025-10-22,129.2296600341797,129.2886816197833,125.63995309141455,127.02666772128653,2144700
2025-10-23,133.5668182373047,134.70766207116696,129.9476081520632,130.07545073211466,2824200
2025-10-24,132.75051879882812,135.08138349676872,132.72101551211125,134.57979760906542,1697900
2025-10-27,133.18325805664062,133.88153754765753,131.875223944425,133.07507433287066,2501700
2025-10-28,131.4523468017578,133.49799332691651,131.4523468017578,131.85557845000648,2366800
2025-10-29,135.7206573486328,136.48777290701906,128.63958257527355,130.35083343316902,4455900
2025-10-30,134.8060302734375,139.03499542715815,133.81270277824552,135.0027238841379,3093600
2025-10-31,133.89137268066406,135.37642658228688,133.01607342622583,134.44212074996102,1917700
2025-11-03,135.6419677734375,136.6352801586347,132.35713829517283,134.46179122512936,2636900
2025-11-04,133.5078125,134.32410516176873,131.16711824111516,133.11442531669996,2665400
2025-11-05,133.68484497070312,135.65181108817458,132.8292195117664,133.7438665599061,2206900
2025-11-06,135.91734313964844,138.0908471013172,134.0979086533939,134.36343824981577,2073800
2025-11-07,135.6714630126953,138.4350475597798,134.39293224172962,136.39924576090854,2123900
2025-11-10,136.3599090576172,137.55975949273125,133.49798499340315,135.3862705125763,1927400
2025-11-11,138.52359008789062,140.57906600872502,137.25488858172736,137.29423630651695,2215800
2025-11-12,135.74032592773438,139.40871326357097,135.57313562092781,137.7859723393972,2057800
2025-11-13,137.1958770751953,138.26786993244014,136.05503320542087,136.05503320542087,2444200
2025-11-14,139.96929931640625,140.88393124796562,137.23520293518408,139.24151653789286,2633700
2025-11-17,135.53573608398438,139.58246916920427,135.0794954455575,139.58246916920427,2812900
2025-11-18,137.28140258789062,137.9062552496454,134.66292986588368,134.9108913552191,2387500
2025-11-19,133.3933563232422,134.7422673099822,131.9650958508861,134.65298967968477,2927200
2025-11-20,130.9137420654297,135.8927974450521,130.87405975531274,133.7206676987086,2155100
2025-11-21,132.629638671875,133.44294446277345,129.6045055653093,130.8343999641139,2324900
2025-11-24,132.11387634277344,133.12556344043432,129.56484014372595,132.59988630234056,3034200
2025-11-25,133.0363006591797,133.5322236287472,130.00125450692536,131.60804008532637,1791600
2025-11-26,133.85952758789062,135.2679469315091,132.78833221365252,132.84784054538235,1128400
2025-11-28,135.8432159423828,136.8052925050735,134.12731170407883,134.32567784964016,942700
2025-12-01,138.62037658691406,139.5626422929591,135.71427538429967,135.85313320397464,2064200
2025-12-02,136.4482421875,138.60054588698927,135.13899838816087,138.2335526275199,2037800
2025-12-03,138.70965576171875,139.1361422360456,135.9622383693509,137.2119587603211,2186600
2025-12-04,138.2831573486328,139.4337022563876,136.05150401252104,138.5807141536546,2179000
2025-12-05,138.22364807128906,141.36779782280954,138.09470325864038,138.57080019717355,2346000
2025-12-08,137.92608642578125,138.90801930086712,136.42840458694363,137.281392653908,2525900
2025-12-09,138.73941040039062,139.4237864981448,136.76563159586155,137.4500076936157,1309100
2025-12-10,142.63735961914062,142.67704193126593,137.76739250994683,138.68981708726392,2110200
2025-12-11,142.2604522705078,143.77799044350587,140.29660159716855,140.8421198770871,2923500
2025-12-12,140.28668212890625,142.87540045229798,139.63206022313665,142.4984941790912,1932200
2025-12-15,140.35610961914062,140.62391225311876,138.34266362766368,140.20733878602363,2992400
2025-12-16,130.70545959472656,139.82052640234116,130.3880767569205,139.0171335950312,4971400
2025-12-17,130.9137420654297,131.91550094756164,128.9399633322031,130.95340924117968,4603900
2025-12-18,128.0770721435547,131.36999282195129,126.89677304361032,131.17162665917022,2677700
2025-12-19,127.83901977539062,129.58466314283135,126.95627751367803,128.39445106801415,4842500
2025-12-22,127.9382095336914,129.99132269999836,127.88861421125804,129.41605025537993,1485700
2025-12-23,128.067138671875,128.68209342559945,127.55138969696738,127.93820899533183,1708200
2025-12-24,127.3629379272461,128.9994776377444,127.3629379272461,128.06714005358458,972000
2025-12-26,126.70831298828125,127.92827920056514,126.33141427265878,127.1744817693202,1317400
2025-12-29,127.54145812988281,127.73982427909172,126.12312578539037,127.49186280898881,1599500
2025-12-30,128.50355529785156,128.7019214554784,127.60097187612655,128.0076323366006,1482600
2025-12-31,127.98778533935547,129.11848903402932,126.94635170856823,128.74159789204938,1339000
2026-01-02,129.5053253173828,129.56483364937392,127.68031737490749,127.94812000323476,1777100
2026-01-05,138.83859252929688,140.83221258464178,134.6926837023111,134.89104986641746,4819500
2026-01-06,135.53573608398438,139.45353949366663,135.01005896811103,138.6005514149041,2996000
2026-01-07,136.75572204589844,141.9430720363808,134.40503689399105,136.87473871482666,4179400
2026-01-08,143.0440216064453,143.6688893869641,135.57542294491913,137.45992416306092,2945900
2026-01-09,141.00082397460938,144.49211082410173,140.544568178195,143.69864617108774,2710200
2026-01-12,137.71780395507812,140.69334154027072,136.7358711035925,140.58423789010567,2401300
2026-01-13,136.57717895507812,139.5328755330414,136.44824927798288,137.41032588829717,2794000
2026-01-14,140.23709106445312,142.10176619770655,137.5293559976087,138.2038039444815,2309100
2026-01-15,138.86834716796875,140.56441041571978,138.26332052805387,139.15599097111112,2005000
2026-01-16,137.15245056152344,139.63206532454544,136.89457607454142,137.86658082402317,2438200
2026-01-20,137.3408966064453,139.09646800554975,135.67458770194787,137.86657369828657,2128000
2026-01-21,140.48504638671875,142.65719123205733,139.25515207735975,140.08831409821155,2549400
2026-01-22,140.77267456054688,141.9629016908687,138.90801464948487,139.69156621372565,2545900
2026-01-23,140.3858642578125,145.68233295010023,140.30652990279503,142.53818321325923,2046800
2026-01-26,139.2452392578125,142.08191901418593,138.8088246592371,141.9232200448191,1341700
2026-01-27,138.86834716796875,141.3380490524151,138.77908466397352,140.34620309415254,1626200
2026-01-28,140.9214630126953,141.19917864552028,138.2236410357954,140.1279832898953,1676400
2026-01-29,142.90516662597656,146.75353376396484,142.8059759769976,143.81766308598415,2290900
2026-01-30,142.38938903808594,142.5976833275118,139.49320094711894,141.923220273798,1869800
2026-02-02,141.08016967773438,141.9331577777467,139.04688250666658,139.85027528360547,2606900
2026-02-03,146.88246154785156,146.89238969324202,140.28669210394418,142.08193083293475,4261400
2026-02-04,153.42864990234375,154.71805264300036,147.1899305042552,148.77689005188915,4674200
2026-02-05,153.17076110839844,153.32946009090037,148.9653440126736,151.05813954951762,2501400
2026-02-06,156.51329040527344,157.85227332693944,153.43856197590503,153.4484901211766,2414600
2026-02-09,156.21572875976562,157.75309292681456,154.86681773462405,157.70349760509671,2118500
2026-02-10,156.02728271484375,156.3347525353655,154.5196726453776,155.89833789938572,1537000
2026-02-11,160.18312072753906,160.21287489525292,156.80092240996,158.17958767338578,2048200
2026-02-12,154.98583984375,162.45443849892712,154.7974018295903,159.85580700079237,2274900
2026-02-13,158.46722412109375,158.50689129808237,153.73611492732041,154.33122852272155,1806100
2026-02-17,156.87034606933594,160.93690504632875,155.03542516032482,158.69533883367515,4098400
2026-02-18,156.11654663085938,159.12183865158613,155.57104346531364,158.41763650163492,2608600
2026-02-19,154.1427764892578,157.7729361517271,153.8353066786887,156.91994806384142,2301500
2026-02-20,154.47999572753906,155.7693983977242,152.7442654384656,153.7658654835709,2604100
2026-02-23,154.85000610351562,157.1999969482422,152.25999450683594,154.17999267578125,2904900
2026-02-24,154.36000061035156,154.8300018310547,152.00999450683594,153.7899932861328,1712100
2026-02-25,151.91000366210938,155.27999877929688,149.72999572753906,154.97000122070312,2856400
2026-02-26,152.4600067138672,154.24000549316406,149.13999938964844,151.0,2476200
2026-02-27,154.3300018310547,154.3300018310547,149.7100067138672,152.2100067138672,4251200
2026-03-02,160.17999267578125,160.63999938964844,155.77000427246094,159.50999450683594,2939500
2026-03-03,159.77999877929688,163.3800048828125,156.24000549316406,162.0,2919300
2026-03-04,164.72000122070312,165.0800018310547,158.30999755859375,158.67999267578125,2823100
2026-03-05,166.44000244140625,169.6199951171875,164.33999633789062,166.82000732421875,4350000
2026-03-06,165.9600067138672,167.82000732421875,161.60000610351562,166.61000061035156,3481100
2026-03-09,163.0,168.02000427246094,161.74000549316406,168.02000427246094,4719000
2026-03-10,162.5,165.86000061035156,160.6199951171875,162.0,3616400
2026-03-11,169.5,169.5,162.6300048828125,163.33999633789062,3783000
2026-03-12,174.08999633789062,178.3800048828125,169.5500030517578,169.5500030517578,5224219
