date,close,high,low,open,volume
2021-03-15,36.296958923339844,36.71099226244765,36.296958923339844,36.676488661577544,450
2021-03-16,36.434967041015625,36.60747845029482,36.434967041015625,36.60747845029482,125
2021-03-17,36.08993911743164,36.08993911743164,36.08993911743164,36.08993911743164,0
2021-03-18,37.43555450439453,37.43555450439453,37.43555450439453,37.43555450439453,25
2021-03-19,36.71098709106445,37.36653896302809,36.64197989904511,37.15952396785811,750
2021-03-22,36.33146286010742,36.33146286010742,36.020937002171024,36.158948128982225,525
2021-03-23,36.88350296020508,36.88350296020508,36.88350296020508,36.88350296020508,50
2021-03-24,37.88408660888672,37.88408660888672,37.88408660888672,37.88408660888672,25
2021-03-25,37.43555450439453,38.64315102007015,37.401050900689434,38.64315102007015,525
2021-03-26,37.29753875732422,37.88408349539015,37.29753875732422,37.36654266573724,500
2021-03-29,37.36654281616211,37.470050324420505,37.36654281616211,37.470050324420505,225
2021-03-30,37.29753875732422,37.29753875732422,37.29753875732422,37.29753875732422,50
2021-03-31,36.952510833740234,37.332040571424244,36.46947029359692,37.332040571424244,875
2021-04-01,36.020938873291016,36.020938873291016,36.020938873291016,36.020938873291016,75
2021-04-05,34.95135498046875,35.05486251300082,34.84784744793668,35.02035890534176,600
2021-04-06,34.64082336425781,34.64082336425781,34.33029752756469,34.33029752756469,500
2021-04-07,34.571815490722656,34.571815490722656,34.571815490722656,34.571815490722656,500
2021-04-08,34.29579162597656,34.29579162597656,34.19228411750087,34.19228411750087,650
2021-04-09,33.67474365234375,34.29579200042298,33.67474365234375,34.29579200042298,150
2021-04-12,33.70924377441406,33.98526596518059,33.70924377441406,33.98526596518059,25
2021-04-13,33.57123565673828,33.77825398368801,33.57123565673828,33.77825398368801,250
2021-04-14,34.088783264160156,34.088783264160156,33.536738723921935,33.536738723921935,100
2021-04-15,33.46772766113281,33.571235177909,33.46772766113281,33.571235177909,550
2021-04-16,33.05369186401367,33.05369186401367,33.05369186401367,33.05369186401367,25
2021-04-19,33.50222396850586,33.50222396850586,32.950179611979756,33.053687106217424,775
2021-04-20,34.2267951965332,34.50281747308225,33.6057434290753,33.6057434290753,1125
2021-04-21,33.847259521484375,34.33029677648841,33.847259521484375,34.33029677648841,150
2021-04-22,34.36479568481445,34.36479568481445,33.77824770631352,33.77824770631352,50
2021-04-23,33.77824783325195,33.88175533265755,33.77824783325195,33.88175533265755,150
2021-04-26,33.60573959350586,33.60573959350586,33.60573959350586,33.60573959350586,200
2021-04-27,33.364219665527344,33.364219665527344,33.364219665527344,33.364219665527344,200
2021-04-28,33.433223724365234,33.433223724365234,33.433223724365234,33.433223724365234,0
2021-04-29,32.91568374633789,32.91568374633789,32.91568374633789,32.91568374633789,200
2021-04-30,33.05369186401367,33.05369186401367,32.91568075501663,32.91568075501663,125
2021-05-03,33.22621154785156,33.22621154785156,32.63966342417883,32.63966342417883,150
2021-05-04,33.98527526855469,34.39930866804497,33.98527526855469,34.01977558401182,1125
2021-05-05,34.46830749511719,34.46830749511719,34.22678887038798,34.22678887038798,75
2021-05-06,34.36479568481445,34.36479568481445,34.36479568481445,34.36479568481445,125
2021-05-07,33.70924377441406,33.847254869797325,33.605732985043566,33.847254869797325,200
2021-05-10,34.46830749511719,34.46830749511719,33.81275553209028,33.81275553209028,75
2021-05-11,34.9858512878418,35.710410445267186,34.95134768738239,35.12386239923499,575
2021-05-12,36.8490104675293,36.918014392105675,35.77942166781192,35.77942166781192,575
2021-05-13,36.08993911743164,36.29695742365438,35.84842050220873,35.84842050220873,1000
2021-05-14,34.91684341430664,35.26187283136542,34.91684341430664,35.26187283136542,100
2021-05-17,35.33087921142578,35.33087921142578,35.33087921142578,35.33087921142578,0
2021-05-18,35.60689926147461,35.60689926147461,35.60689926147461,35.60689926147461,25
2021-05-19,36.08993911743164,36.53847603887729,36.08993911743164,36.53847603887729,75
2021-05-20,35.39988327026367,35.6068982842263,35.330876071979915,35.6068982842263,150
2021-05-21,35.74491500854492,35.74491500854492,35.74491500854492,35.74491500854492,25
2021-05-24,35.123863220214844,35.123863220214844,35.123863220214844,35.123863220214844,25
2021-05-25,34.9858512878418,34.9858512878418,34.9858512878418,34.9858512878418,25
2021-05-26,34.606319427490234,34.606319427490234,34.330297195421196,34.330297195421196,150
2021-05-27,34.46830749511719,34.46830749511719,34.46830749511719,34.46830749511719,25
2021-05-28,34.606319427490234,34.606319427490234,34.26129328262621,34.330297195421196,300
2021-06-01,34.77883529663086,34.77883529663086,34.77883529663086,34.77883529663086,125
2021-06-02,34.847843170166016,34.847843170166016,34.847843170166016,34.847843170166016,125
2021-06-03,35.60689926147461,35.60689926147461,35.60689926147461,35.60689926147461,125
2021-06-04,35.22736358642578,35.22736358642578,35.22736358642578,35.22736358642578,125
2021-06-07,35.2963752746582,35.2963752746582,35.2963752746582,35.2963752746582,125
2021-06-08,34.77883529663086,35.02035393507653,34.77883529663086,35.02035393507653,125
2021-06-09,35.054847717285156,35.054847717285156,35.054847717285156,35.054847717285156,250
2021-06-10,34.53731155395508,34.53731155395508,34.53731155395508,34.53731155395508,250
2021-06-11,34.261295318603516,34.261295318603516,34.261295318603516,34.261295318603516,250
2021-06-14,34.05427551269531,34.05427551269531,34.05427551269531,34.05427551269531,25
2021-06-15,34.36479568481445,34.46830318383107,34.36479568481445,34.46830318383107,150
2021-06-16,34.29579162597656,34.84783934888379,34.29579162597656,34.778832149603744,300
2021-06-17,33.98527526855469,33.98527526855469,33.98527526855469,33.98527526855469,150
2021-06-18,34.43380355834961,34.537314359747455,34.36479964786216,34.50281075928151,125
2021-06-21,34.05427551269531,34.05427551269531,34.05427551269531,34.05427551269531,25
2021-06-22,33.32971954345703,33.32971954345703,33.32971954345703,33.32971954345703,25
2021-06-23,33.364219665527344,33.364219665527344,33.364219665527344,33.364219665527344,25
2021-06-24,33.32971954345703,33.32971954345703,33.08820088574775,33.32971954345703,575
2021-06-25,33.19170379638672,33.32971490880736,33.15720019567044,33.32971490880736,200
2021-06-28,33.22621154785156,33.32971907248649,33.22621154785156,33.32971907248649,50
2021-06-29,33.295204162597656,33.295204162597656,33.12269277692793,33.19169667310707,200
2021-06-30,33.01918411254883,33.01918411254883,33.01918411254883,33.01918411254883,150
2021-07-01,32.812171936035156,32.881175842556885,32.67416083254744,32.74316473906917,125
2021-07-02,32.19112777709961,32.19112777709961,32.19112777709961,32.19112777709961,50
2021-07-06,31.708078384399414,31.708078384399414,31.708078384399414,31.708078384399414,175
2021-07-07,31.673583984375,31.673583984375,31.570073174302404,31.570073174302404,50
2021-07-08,31.880590438842773,31.880590438842773,31.880590438842773,31.880590438842773,125
2021-07-09,31.225038528442383,31.225038528442383,31.225038528442383,31.225038528442383,125
2021-07-12,31.15603256225586,31.15603256225586,31.15603256225586,31.15603256225586,25
2021-07-13,31.742586135864258,31.742586135864258,31.742586135864258,31.742586135864258,25
2021-07-14,31.673583984375,31.673583984375,31.673583984375,31.673583984375,25
2021-07-15,32.01860427856445,32.01860427856445,32.01860427856445,32.01860427856445,75
2021-07-16,32.77766799926758,32.77766799926758,32.260127189141045,32.260127189141045,125
2021-07-19,33.64024353027344,33.91626577805549,33.64024353027344,33.91626577805549,225
2021-07-20,32.39814376831055,33.22621052068049,32.39814376831055,33.22621052068049,225
2021-07-21,32.01860427856445,32.12211506966662,32.01860427856445,32.12211506966662,75
2021-07-22,31.708078384399414,31.94960027241867,31.708078384399414,31.94960027241867,100
2021-07-23,31.05253028869629,31.259548605083182,31.05253028869629,31.259548605083182,150
2021-07-26,30.707502365112305,30.776509570775836,30.707502365112305,30.74200596794407,125
2021-07-27,31.225038528442383,31.225038528442383,31.225038528442383,31.225038528442383,400
2021-07-28,31.294048309326172,31.294048309326172,31.294048309326172,31.294048309326172,25
2021-07-29,31.397558212280273,31.397558212280273,31.397558212280273,31.397558212280273,50
2021-07-30,32.91568374633789,32.91568374633789,32.363639260180854,32.605157900263386,950
2021-08-02,33.08818817138672,33.12269176364264,32.84666960648259,32.84666960648259,450
2021-08-03,32.812171936035156,33.0191869460446,32.812171936035156,33.0191869460446,175
2021-08-04,33.15719985961914,33.19170345998572,33.08819594933041,33.19170345998572,425
2021-08-05,32.432640075683594,32.432640075683594,32.363636166731986,32.432640075683594,200
2021-08-06,32.639652252197266,32.639652252197266,32.53614476299114,32.53614476299114,300
2021-08-09,32.84667205810547,32.84667205810547,32.84667205810547,32.84667205810547,25
2021-08-10,32.60515594482422,32.60515594482422,32.60515594482422,32.60515594482422,100
2021-08-11,32.39814376831055,32.39814376831055,32.39814376831055,32.39814376831055,25
2021-08-12,32.536155700683594,32.74317074868818,32.536155700683594,32.70866714387246,2350
2021-08-13,32.674163818359375,32.674163818359375,32.674163818359375,32.674163818359375,25
2021-08-16,32.57065963745117,32.57065963745117,32.57065963745117,32.57065963745117,25
2021-08-17,33.536739349365234,33.536739349365234,33.536739349365234,33.536739349365234,25
2021-08-18,33.743751525878906,33.743751525878906,33.39872535651384,33.39872535651384,75
2021-08-19,33.916255950927734,34.813329641517505,33.50222269921949,34.813329641517505,1100
2021-08-20,33.19170379638672,33.605737133648645,33.19170379638672,33.605737133648645,275
2021-08-23,32.536155700683594,32.846681563135334,32.536155700683594,32.846681563135334,275
2021-08-24,32.225624084472656,32.225624084472656,32.01860578298552,32.19112048581742,900
2021-08-25,32.01860427856445,32.08761147263257,31.949600374940463,31.949600374940463,2850
2021-08-26,32.432640075683594,32.432640075683594,32.432640075683594,32.432640075683594,75
2021-08-27,31.915096282958984,31.915096282958984,31.915096282958984,31.915096282958984,25
2021-08-30,31.53557586669922,31.53557586669922,31.53557586669922,31.53557586669922,25
2021-08-31,31.190540313720703,31.190540313720703,31.190540313720703,31.190540313720703,25
2021-09-01,30.983522415161133,30.983522415161133,30.67299988297503,30.70750019292164,1000
2021-09-02,30.914522171020508,30.914522171020508,30.914522171020508,30.914522171020508,25
2021-09-03,30.983522415161133,31.25954792784507,30.983522415161133,31.25954792784507,25
2021-09-07,30.914522171020508,30.914522171020508,30.707503834568065,30.84551496205475,350
2021-09-08,30.84551429748535,30.84551429748535,30.84551429748535,30.84551429748535,125
2021-09-09,31.018024444580078,31.018024444580078,31.018024444580078,31.018024444580078,25
2021-09-10,31.32855224609375,31.32855224609375,31.32855224609375,31.32855224609375,50
2021-09-13,31.294048309326172,31.57007053219662,31.294048309326172,31.53557022217115,175
2021-09-14,31.915096282958984,31.915096282958984,31.466559399804648,31.466559399804648,175
2021-09-15,31.501066207885742,32.01860704635802,31.501066207885742,32.01860704635802,275
2021-09-16,31.15603256225586,31.15603256225586,31.15603256225586,31.15603256225586,125
2021-09-17,31.363054275512695,31.604572888404718,31.363054275512695,31.604572888404718,150
2021-09-20,32.60515594482422,33.122700087391124,32.1221186936285,32.1221186936285,450
2021-09-21,32.639652252197266,32.639652252197266,32.26012259814563,32.26012259814563,175
2021-09-22,31.915096282958984,31.915096282958984,31.639074091855402,31.639074091855402,200
2021-09-23,31.190540313720703,31.570070041659307,30.983522004562303,31.570070041659307,650
2021-09-24,31.0870304107666,31.294045413541145,31.0870304107666,31.225041509431012,375
2021-09-27,31.05253028869629,31.225045003944615,30.91451917458653,31.225045003944615,450
2021-09-28,32.329139709472656,32.329139709472656,31.742591546798902,31.742591546798902,600
2021-09-29,32.29462814331055,32.29462814331055,32.12211673011112,32.12211673011112,50
2021-09-30,33.01918411254883,33.01918411254883,32.29462505880431,32.29462505880431,250
2021-10-01,32.329139709472656,32.81218034062901,32.329139709472656,32.81218034062901,300
2021-10-04,33.39872741699219,33.39872741699219,32.60516092664969,32.63966453284828,125
2021-10-05,32.812171936035156,32.812171936035156,32.50164613057674,32.67416083254744,400
2021-10-06,32.536155700683594,32.536155700683594,32.536155700683594,32.536155700683594,25
2021-10-07,31.880590438842773,31.880590438842773,31.36304968962178,31.604568267199067,800
2021-10-08,32.29462814331055,32.29462814331055,32.05310953247591,32.05310953247591,50
2021-10-11,32.91568374633789,32.91568374633789,32.156620932649616,32.191124535645606,100
2021-10-12,32.812171936035156,32.812171936035156,32.70866114058618,32.70866114058618,175
2021-10-13,32.60515594482422,32.60515594482422,32.60515594482422,32.60515594482422,25
2021-10-14,31.915096282958984,31.915096282958984,31.777085187407195,31.777085187407195,200
2021-10-15,31.190540313720703,31.604573641593106,31.052529204429902,31.604573641593106,1200
2021-10-18,30.776512145996094,32.36364181416881,30.776512145996094,32.36364181416881,125
2021-10-19,30.707502365112305,30.845513485994697,30.707502365112305,30.845513485994697,100
2021-10-20,30.914522171020508,30.914522171020508,30.914522171020508,30.914522171020508,25
2021-10-21,30.396976470947266,30.396976470947266,30.32796927286623,30.32796927286623,100
2021-10-22,30.811010360717773,30.811010360717773,30.811010360717773,30.811010360717773,50
2021-10-25,30.74200439453125,30.74200439453125,30.74200439453125,30.74200439453125,25
2021-10-26,30.569482803344727,30.569482803344723,30.15544955502094,30.15544955502094,150
2021-10-27,30.84551429748535,30.84551429748535,30.534991735164173,30.638499255937898,250
2021-10-28,30.465980529785156,30.465980529785156,30.465980529785156,30.465980529785156,25
2021-10-29,30.880020141601562,31.328557151422537,30.880020141601562,30.949027354087097,225
2021-11-01,30.776512145996094,30.776512145996094,30.776512145996094,30.776512145996094,25
2021-11-02,30.811010360717773,30.811010360717773,30.811010360717773,30.811010360717773,25
2021-11-03,29.982940673828125,29.982940673828125,29.982940673828125,29.982940673828125,25
2021-11-04,29.603408813476562,29.603408813476562,29.534404908944094,29.534404908944094,25
2021-11-05,28.84434700012207,28.84434700012207,28.706335896406433,28.706335896406433,100
2021-11-08,29.08586883544922,29.08586883544922,28.637331926749415,28.80984662862538,600
2021-11-09,28.775344848632812,29.051367072900003,28.775344848632812,28.91335596076641,1100
2021-11-10,29.534406661987305,29.534406661987305,28.740840324873982,28.740840324873982,475
2021-11-11,29.9139404296875,29.9139404296875,29.9139404296875,29.9139404296875,25
2021-11-12,29.39639663696289,29.775926374507392,29.32738943534872,29.775926374507392,350
2021-11-15,29.327388763427734,29.327388763427734,29.120370453772708,29.120370453772708,75
2021-11-16,28.91335678100586,28.91335678100586,28.775345664957044,28.809849266580386,175
2021-11-17,29.12037467956543,29.12037467956543,28.671840976038805,28.671840976038805,50
2021-11-18,28.49932098388672,29.016861801985886,28.49932098388672,29.016861801985886,75
2021-11-19,28.91335678100586,28.91335678100586,28.43031622961272,28.49932343285941,625
2021-11-22,29.43089485168457,29.43089485168457,28.740839336900994,28.740839336900994,350
2021-11-23,29.43089485168457,29.844928160554716,29.43089485168457,29.810427852648722,350
2021-11-24,29.361894607543945,29.361894607543945,29.361894607543945,29.361894607543945,125
2021-11-26,30.569482803344727,30.569482803344723,30.569482803344723,30.569482803344723,100
2021-11-29,30.189960479736328,30.2589676831034,28.98236074436905,28.98236074436905,625
2021-11-30,31.501066207885742,31.60457371749132,31.190540388624616,31.190540388624616,250
2021-12-01,32.70866394042969,32.70866394042969,31.05253055681304,31.535571105590165,250
2021-12-02,31.708078384399414,31.91509667549533,31.57006728715017,31.880593078571994,675
2021-12-03,32.156620025634766,32.32913474530403,31.466564437402287,31.466564437402287,50
2021-12-06,30.949026107788086,32.122122349242275,30.811014978819642,32.122122349242275,750
2021-12-07,30.189960479736328,30.32797159602591,29.98294216007967,30.120953276369253,575
2021-12-08,30.086450576782227,30.224461682116097,29.948439471448356,29.948439471448356,150
2021-12-09,30.707502365112305,30.707502365112305,30.431480123347516,30.431480123347516,25
2021-12-10,30.60399055480957,30.88001275786186,30.60399055480957,30.88001275786186,150
2021-12-13,31.570070266723633,31.570070266723633,31.432059156448943,31.432059156448943,100
2021-12-14,31.811594009399414,32.087616245843456,31.811594009399414,32.087616245843456,150
2021-12-15,31.05253028869629,32.63965974618077,31.01802668755772,32.63965974618077,775
2021-12-16,32.01860427856445,32.01860427856445,31.501063484830105,31.501063484830105,875
2021-12-17,32.087615966796875,32.087615966796875,31.880597646041853,31.880597646041853,25
2021-12-20,32.74317169189453,33.36422343468815,32.70866808608489,33.22621230189456,1100
2021-12-21,31.294048309326172,32.08761466791205,31.294048309326172,32.05311106744213,825
2021-12-22,30.983522415161133,31.12153681672532,30.983522415161133,30.983522415161133,200
2021-12-23,30.53499412536621,33.916268585840115,30.53499412536621,33.916268585840115,75
2021-12-27,30.396976470947266,30.56948788526124,30.29346567382571,30.465980378583993,500
2021-12-28,30.224458694458008,30.224458694458008,30.051944007232503,30.051944007232503,50
2021-12-29,30.120954513549805,30.22446532285199,30.120954513549805,30.120954513549805,825
2021-12-30,30.120954513549805,30.120954513549805,29.77592835387661,29.77592835387661,150
2021-12-31,30.2934627532959,30.293462753295902,30.051944164185198,30.051944164185198,50
2022-01-03,29.94843864440918,30.15545365147102,29.94843864440918,30.0519461479401,175
2022-01-04,30.15546226501465,30.15546226501465,30.15546226501465,30.15546226501465,0
2022-01-05,31.363054275512695,31.363054275512695,30.431476842167495,30.431476842167495,50
2022-01-06,31.501066207885742,31.501066207885742,31.259547588657934,31.259547588657934,50
2022-01-07,31.915096282958984,31.915096282958984,31.639074091855402,31.639074091855402,75
2022-01-10,32.60515594482422,33.743748451849115,32.57065234389753,33.2952115111356,700
2022-01-11,31.880590438842773,32.22561979861933,31.880590438842773,32.05310511873105,325
2022-01-12,32.01860427856445,32.01860427856445,31.91509677790641,31.91509677790641,25
2022-01-13,32.70866394042969,32.70866394042969,31.880597248621363,31.880597248621363,25
2022-01-14,33.295204162597656,33.812748190938144,33.19169667310707,33.295204162597656,325
2022-01-18,34.606319427490234,34.70983023234954,34.50281191307548,34.70983023234954,150
2022-01-19,35.22736358642578,35.22736358642578,34.5373081533332,34.5373081533332,50
2022-01-20,36.64198684692383,36.64198684692383,34.537316447916666,34.675327567680334,225
2022-01-21,39.05717849731445,39.264196797849806,37.57355995684744,37.84958216393173,4275
2022-01-24,38.09110641479492,41.57589140847601,38.09110641479492,41.541387804868535,24350
2022-01-25,39.54022216796875,39.91975191045921,39.16069242547829,39.91975191045921,300
2022-01-26,40.29928970336914,40.88583783223595,38.09110831878559,38.574148922100875,4425
2022-01-27,40.2647819519043,40.2647819519043,38.6776524649491,38.6776524649491,225
2022-01-28,38.50514221191406,39.8507532233533,38.50514221191406,39.333209007979,2150
2022-01-31,36.22795867919922,37.67707728960279,36.22795867919922,37.53906615006174,2500
2022-02-01,35.33087921142578,36.05543840556679,35.33087921142578,35.39988641584141,875
2022-02-02,35.675907135009766,36.02093327107711,35.12386268494643,35.12386268494643,375
2022-02-03,37.88408660888672,38.19461244837671,37.19403101582264,38.19461244837671,975
2022-02-04,35.43438720703125,36.84900188088375,34.95134668577542,36.84900188088375,850
2022-02-07,35.60689926147461,35.60689926147461,34.882340111830906,35.36538064174151,3250
2022-02-08,34.33030700683594,35.98644416300971,34.33030700683594,35.50340347361621,11575
2022-02-09,33.50222396850586,34.33029050329501,33.26070538513667,34.33029050329501,1050
2022-02-10,34.192283630371094,34.29579113737214,33.43322090132668,34.01976892507314,575
2022-02-11,35.675907135009766,35.675907135009766,35.365381309238025,35.365381309238025,200
2022-02-14,35.64140701293945,36.158947912775695,35.05485890488782,35.36538476096749,375
2022-02-15,34.53731155395508,34.709826251825376,34.53731155395508,34.571815151617976,8900
2022-02-16,34.46830749511719,34.98585163582267,34.46830749511719,34.98585163582267,50
2022-02-17,35.74491500854492,35.74491500854492,34.88234463708968,35.02035576490473,250
2022-02-18,36.262454986572266,36.43496969888031,35.36538111492601,35.74491084964814,1475
2022-02-22,37.88408660888672,38.33262356698953,36.46947182049419,37.263038220351355,1750
2022-02-23,40.02326583862305,40.05776615212851,38.74665881602262,38.74665881602262,6625
2022-02-24,38.0220947265625,46.130252361715385,38.0220947265625,46.130252361715385,2775
2022-02-25,36.67649459838867,38.64315410010432,36.67649459838867,37.159535217426296,1600
2022-02-28,36.952510833740234,37.78057751074779,36.952510833740234,37.43555137388355,750
2022-03-01,37.81507110595703,37.849574697647384,37.47004176994072,37.71156362132958,300
2022-03-02,36.7454948425293,37.50455765633415,36.53847980541096,37.50455765633415,500
2022-03-03,37.88408660888672,38.09110493202825,35.951930948307286,36.19344958326856,675
2022-03-04,39.05717849731445,39.64372650997964,38.57414128013907,38.677648785184616,1200
2022-03-07,42.26594543457031,42.26594543457031,38.850167776911746,39.229697530947824,2875
2022-03-08,42.50746154785156,42.92149487962934,40.47179519877751,42.30044652718489,1050
2022-03-09,40.78231430053711,42.61096532763843,39.43670701658559,42.61096532763843,1325
2022-03-10,39.264198303222656,41.40337213536309,39.264198303222656,41.40337213536309,1250
2022-03-11,40.402793884277344,40.402793884277344,38.298123489920044,38.53964212636172,575
2022-03-14,41.09284973144531,41.43787917741257,39.64373132309429,40.885834696220684,900
2022-03-15,38.643150329589844,39.678235389134464,38.436135291947735,39.678235389134464,1100
2022-03-16,36.71098709106445,38.3671202142004,36.71098709106445,37.36653896302809,9675
2022-03-17,35.64140701293945,36.29696232920647,35.64140701293945,36.29696232920647,4250
2022-03-18,34.5028076171875,36.71098848924739,34.3993001156603,36.71098848924739,1775
2022-03-21,35.261871337890625,35.74490855278119,34.468305028443744,34.468305028443744,4800
2022-03-22,34.33030700683594,34.64083292927136,34.19229585135858,34.64083292927136,500
2022-03-23,35.2963752746582,35.2963752746582,34.60631968926576,34.640823291146525,1825
2022-03-24,34.81333541870117,35.57239815135271,34.81333541870117,35.57239815135271,300
2022-03-25,34.81333541870117,35.296372647297694,34.778831819388756,34.778831819388756,300
2022-03-28,33.950767517089844,34.50281198233609,33.950767517089844,34.50281198233609,300
2022-03-29,32.77766799926758,33.12269739964808,32.46714219701397,33.12269739964808,2275
2022-03-30,33.70924377441406,33.70924377441406,33.01918500705367,33.01918500705367,750
2022-03-31,34.606319427490234,35.39988581252214,33.88176024569787,35.39988581252214,575
2022-04-01,34.571815490722656,34.571815490722656,34.571815490722656,34.571815490722656,75
2022-04-04,33.64024353027344,34.3648027533125,33.64024353027344,34.3648027533125,2025
2022-04-05,34.571815490722656,34.744326899840885,33.81275278691444,33.81275278691444,1900
2022-04-06,35.64140701293945,36.22795512099108,35.64140701293945,35.744914534817745,3550
2022-04-07,35.503395080566406,36.503976543849824,35.29637675106703,36.12444677861981,1725
2022-04-08,35.81391906738281,36.05543769720328,35.1238634890068,35.81391906738281,1000
2022-04-11,36.64198684692383,36.987016291555335,36.12444597042122,36.987016291555335,2850
2022-04-12,36.77999496459961,36.77999496459961,35.468887788638696,36.503972747601985,2425
2022-04-13,35.054847717285156,36.641976804821,35.02034412418914,36.641976804821,5125
2022-04-14,35.81391906738281,35.81391906738281,35.08935988747686,35.227371003152065,500
2022-04-18,36.365962982177734,36.53847769678369,35.7104110152085,35.7104110152085,1275
2022-04-19,34.261295318603516,36.883506679084284,34.123284194367685,36.883506679084284,3800
2022-04-20,35.36538314819336,35.39988675072758,35.02035370374045,35.19286842596691,1075
2022-04-21,36.98700714111328,37.0560110387015,34.7788264807452,34.84783366877725,2525
2022-04-22,38.85016632080078,38.85016632080078,37.26303686908502,37.26303686908502,1225
2022-04-25,38.05659484863281,39.747234876775465,38.05659484863281,39.67822768399884,2200
2022-04-26,40.50629425048828,40.50629425048828,38.64314282148379,38.64314282148379,2300
2022-04-27,40.954837799072266,41.472381957760994,39.9542563741409,40.782323079509354,2475
2022-04-28,39.367706298828125,40.98933931549793,39.22969518828885,40.98933931549793,1225
2022-04-29,44.129093170166016,44.16359676933456,42.33494878917771,42.47295989540758,8325
2022-05-02,43.40453338623047,45.37119244300178,43.40453338623047,45.37119244300178,11675
2022-05-03,43.81856918334961,44.3016097204924,42.61097277615932,42.61097277615932,400
2022-05-04,41.88641357421875,45.19868354884085,41.88641357421875,45.09517274712695,5000
2022-05-05,45.819732666015625,46.33727681182608,42.02442538229482,42.02442538229482,4500
2022-05-06,47.16534423828125,48.16592565404922,45.88874058991829,47.44136647087624,7825
2022-05-09,49.99456787109375,50.27059007113386,48.09691277798489,49.92556396630581,2225
2022-05-10,50.374107360839844,51.5817038191506,48.64896674287196,49.54603736347737,8775
2022-05-11,52.82380676269531,52.82380676269531,49.408025864717025,50.236095855695005,3600
2022-05-12,51.65070724487305,54.928473521144305,49.64954453765714,54.928473521144305,4725
2022-05-13,48.51095199584961,49.994570578807135,48.16592258189054,49.78755556278718,7850
2022-05-16,49.442527770996094,49.6495460842525,47.717387225489055,48.02791305015143,8625
2022-05-17,47.95890808105469,49.787559513522524,47.26885248882372,47.26885248882372,9650
2022-05-18,53.82438278198242,54.47993469819355,50.822635535413916,50.822635535413916,22975
2022-05-19,53.686378479003906,55.03198608019974,51.995738141164935,55.03198608019974,5675
2022-05-20,54.34192657470703,56.82612656328794,52.47877493804914,52.92731186970958,9575
2022-05-23,53.30683898925781,55.20449413317454,53.23783508262236,54.34192391234369,32025
2022-05-24,55.30801010131836,58.44776547230826,54.755962344384734,58.44776547230826,18250
2022-05-25,52.720298767089844,56.48110930261646,52.720298767089844,56.48110930261646,3850
2022-05-26,48.51095199584961,51.02965553023998,47.99340787491101,50.47761110026096,19675
2022-05-27,46.54428482055664,47.87264365028925,46.54428482055664,47.23434028715669,18050
2022-05-31,45.629966735839844,47.25159640809923,45.2331819271051,45.40569663214921,7900
2022-06-01,46.751304626464844,47.19984151695569,45.112419960842274,45.76797514326895,3900
2022-06-02,44.42237091064453,47.09633755219481,44.38786730858004,46.76856320391599,7250
2022-06-03,45.698974609375,46.06125585045104,45.474707776666676,45.85423752834407,2200
2022-06-06,45.52646255493164,45.71622908710346,44.07734408667089,44.49138075512664,156900
2022-06-07,45.750728607177734,47.18259514556376,45.44020277877807,47.02733223136393,16700
2022-06-08,46.19926071166992,46.38902391658694,45.40569442325021,45.56095732119224,9750
2022-06-09,48.44194412231445,48.44194412231445,46.28551854120992,46.57879255185791,9750
2022-06-10,51.66796112060547,51.97848365762699,49.33902070505489,49.373524305983224,19900
2022-06-13,56.136070251464844,57.015888960752456,54.18665975486962,56.34308525702281,20200
2022-06-14,57.39542770385742,57.86121644868346,55.34251278930331,55.601279926947306,14100
2022-06-15,54.06589889526367,56.498346528363804,51.51269196399381,55.825542844021584,175850
2022-06-16,58.32701110839844,59.18958148312896,56.9296447322147,57.36092991957996,48900
2022-06-17,56.63636016845703,59.06880776947918,56.170571489850055,59.06880776947918,25650
2022-06-21,55.35975646972656,55.532267879772206,54.22116405311529,54.22116405311529,16050
2022-06-22,55.37700653076172,55.532269436510674,53.94514336075567,55.532269436510674,2100
2022-06-23,53.3240966796875,55.239003834429994,53.3240966796875,54.10041128037895,3500
2022-06-24,50.09807586669922,53.32408638345916,50.09807586669922,53.32408638345916,13700
2022-06-27,50.753639221191406,51.3401873189088,50.0290799999196,50.0290799999196,2900
2022-06-28,54.22117233276367,54.22117233276367,49.51153904575458,50.13258745573117,5200
2022-06-29,53.91064453125,54.58344832205773,53.53111477831006,54.410936891913416,6000
2022-06-30,55.2390022277832,56.65361697861448,54.44543584899705,56.412098350066074,5700
2022-07-01,53.13433074951172,55.963560365002245,53.04807503311541,55.963560365002245,1700
2022-07-05,50.99515914916992,54.8422254847254,50.94340703306155,53.237844076469386,3050
2022-07-06,51.47819137573242,51.9439800877036,49.97731773397339,49.97731773397339,1450
2022-07-07,49.99456787109375,51.85771936658656,49.83930497226567,51.85771936658656,3300
2022-07-08,50.20159149169922,50.27059540380705,49.37352480373811,50.02907677576285,5950
2022-07-11,52.271759033203125,52.271759033203125,51.58170344905599,51.9439846872611,4750
2022-07-12,52.565032958984375,52.823806681643006,50.70188124042073,52.823806681643006,2250
2022-07-13,51.92673110961914,55.394264003063036,51.39193846150923,55.394264003063036,6800
2022-07-14,52.0474853515625,54.23841442198934,52.0474853515625,54.23841442198934,2950
2022-07-15,49.87381362915039,50.80539111661939,49.39077308485781,50.11533225607442,2500
2022-07-18,49.56328582763672,49.56328582763672,47.803641726071724,47.803641726071724,7300
2022-07-19,46.73405838012695,47.75189158130884,46.66505117780197,47.75189158130884,7500
2022-07-20,44.87091064453125,45.5782180784263,44.784651634028926,45.5782180784263,5050
2022-07-21,44.28436279296875,45.57821834404055,44.28436279296875,44.57763684949615,11300
2022-07-22,45.112422943115234,45.31944124873654,43.266523153973004,44.5086231163678,6800
2022-07-25,45.595462799072266,45.99224431442421,45.112422286614915,45.112422286614915,15650
2022-07-26,48.321189880371094,48.700719637860786,47.45861955753072,48.700719637860786,7600
2022-07-27,45.16417694091797,47.199843172853036,45.12967334264417,46.57879156570153,3850
2022-07-28,44.76739501953125,46.61329473439306,44.76739501953125,45.5264544318941,2600
2022-07-29,42.38670349121094,43.66330712456617,42.041677349745605,42.05892585994103,14500
2022-08-01,41.834659576416016,42.93874850817092,41.489630140020324,42.93874850817092,950
2022-08-02,42.1796875,42.19693600980104,41.14460251838173,41.489628651958185,7200
2022-08-03,40.12677001953125,41.12735141767758,39.885251392875254,40.93758490219387,10550
2022-08-04,39.868003845214844,39.88525564759409,39.52297437851961,39.712740914246474,1950
2022-08-05,40.2647819519043,40.678815301921574,39.83349680099739,40.28203375279392,2800
2022-08-08,39.954254150390625,39.98875775047174,39.76448764038888,39.76448764038888,2350
2022-08-09,40.98933792114258,41.334364040531625,40.97208612160648,41.006589720678676,2200
2022-08-10,38.953678131103516,39.10894106234818,38.21186707970009,38.21186707970009,4950
2022-08-11,38.884666442871094,38.884666442871094,37.76332254337964,37.780574342342724,2100
2022-08-12,37.556304931640625,37.815075317249125,37.556304931640625,37.815075317249125,600
2022-08-15,37.22853088378906,37.763323503464484,37.07326797961809,37.711571395703686,6250
2022-08-16,36.03818893432617,36.03818893432617,35.52064802952849,35.951933213674835,700
2022-08-17,37.03876495361328,37.211279659853865,36.245201911528675,36.245201911528675,1100
2022-08-18,37.142276763916016,37.41829898524605,37.02151416294526,37.17677707374895,1200
2022-08-19,38.50514221191406,38.78116447726904,38.194616340778474,38.194616340778474,1600
2022-08-22,40.81681823730469,40.81681823730469,39.609218740637765,40.09225919739332,6900
2022-08-23,40.954837799072266,40.954837799072266,40.54080444638804,40.816826681510854,3600
2022-08-24,40.5753059387207,40.782320959077,40.29928371794936,40.696065249002615,3450
2022-08-25,39.488460540771484,39.867993513873515,39.488460540771484,39.867993513873515,1000
2022-08-26,42.3349494934082,42.3349494934082,39.10893530726017,39.10893530726017,3250
2022-08-29,42.67998123168945,43.83582565149575,42.09343312071641,43.83582565149575,105550
2022-08-30,43.47354507446289,44.19810426871876,41.90366736864927,42.73173407910038,11750
2022-08-31,43.95657730102539,43.95657730102539,43.00775138212057,43.766814091510966,7600
2022-09-01,43.370033264160156,45.16418105239559,43.370033264160156,44.83640341984401,16450
2022-09-02,44.07734680175781,44.45687988948002,42.40396138458033,42.78349118185754,8100
2022-09-06,44.888153076171875,45.457449264866696,43.88757179633115,43.88757179633115,3900
2022-09-07,42.317691802978516,44.24984705338451,42.265936410569026,44.24984705338451,4100
2022-09-08,42.007171630859375,43.30102699963054,41.93816443177828,43.30102699963054,1500
2022-09-09,40.402793884277344,41.17910848776078,40.2820345660565,41.17910848776078,4850
2022-09-12,39.38496017456055,39.83349713006245,39.09168613790333,39.35045657249626,6500
2022-09-13,43.525291442871094,43.80131364325872,41.31711383977005,41.31711383977005,5450
2022-09-14,42.92150115966797,44.02559349639787,42.748989714019615,43.68056402421135,5500
2022-09-15,43.42179489135742,43.697817161358145,42.2659504018125,42.92150247045298,2300
2022-09-16,44.3706169128418,45.23318724910544,44.35336511126316,44.97441680631529,3950
2022-09-19,43.646060943603516,45.71623122071975,43.646060943603516,45.71623122071975,6550
2022-09-20,44.92266082763672,45.647216688942706,44.16359807569714,44.50862420625555,16850
2022-09-21,46.95736312866211,46.95736312866211,44.569701995033554,44.846532175741906,1650
2022-09-22,48.79136276245117,49.17200340127967,47.33800279590492,48.16849326248113,5350
2022-09-23,51.023311614990234,52.13063235235481,50.15821646390513,50.175518762935965,7300
2022-09-26,51.144432067871094,51.28284718077167,49.483450713064265,51.230943575981826,7650
2022-09-27,51.646183013916016,52.078730604819704,47.58023499940607,47.58023499940607,9050
2022-09-28,48.237701416015625,51.04061099739765,47.73594797309764,51.023308699355525,10750
2022-09-29,50.43504333496094,51.109819752530235,49.88138300265087,49.88138300265087,5000
2022-09-30,51.88841247558594,51.88841247558594,49.65646845623532,51.88841247558594,6150
2022-10-03,49.67375946044922,51.83649722797298,48.981684034856805,51.43855427076683,6100
2022-10-04,46.33449935913086,47.960875933069886,45.93655306543611,47.70134803723504,11500
2022-10-05,46.47290802001953,48.06468307409537,46.0230581895116,46.74973817724352,97900
2022-10-06,47.04387664794922,47.389912738693695,46.2998942677381,47.389912738693695,11950
2022-10-07,49.81217956542969,50.57346090982693,48.15119518658578,48.445327665127095,15100
2022-10-10,50.244728088378906,51.24823833421741,49.48344342944332,49.48344342944332,11600
2022-10-11,51.00600814819336,51.95761477264591,49.56995036227321,49.65646185544673,12450
2022-10-12,50.69457244873047,50.71187474704974,50.383140979211454,50.677273450487164,1050
2022-10-13,49.431541442871094,54.362584966625185,49.2066181326991,53.61860253285587,6550
2022-10-14,52.286354064941406,52.286354064941406,48.25501045970365,48.27231276016449,4250
2022-10-17,48.82596969604492,49.742971754680354,48.68755460229582,49.742971754680354,22050
2022-10-18,47.338008880615234,48.099290256125435,45.29638374613312,46.99196949169155,13150
2022-10-19,48.030086517333984,48.531840023743285,46.83625420196844,47.90897371578954,3550
2022-10-20,48.46263122558594,48.51453812317734,46.80164680349873,47.545629168594736,3650
2022-10-21,45.98845672607422,47.54562729150181,45.798134742495776,47.28609941394321,3750
2022-10-24,45.24447250366211,46.421002352947696,45.19256891036037,45.19256891036037,1050
2022-10-25,43.635398864746094,44.18906254152408,43.61809656546464,44.15445794296118,2400
2022-10-26,44.51779556274414,44.51779556274414,42.822209863209075,44.15445718430495,1350
2022-10-27,45.19256591796875,45.19256591796875,43.96412925664556,43.96412925664556,2000
2022-10-28,45.14066696166992,47.28610262181651,45.14066696166992,47.06117932602728,2500
2022-10-31,45.85004425048828,45.90195114898796,44.656211985605175,44.656211985605175,5500
2022-11-01,46.818946838378906,46.87085373345992,43.47967915658137,43.47967915658137,3000
2022-11-02,49.985198974609375,50.12361407287461,46.940063512697996,47.33800980777726,4000
2022-11-03,51.17902755737305,51.85380070009303,50.383141624941885,51.767292507463914,6850
2022-11-04,50.52156448364258,52.02682838739227,48.652958854799714,48.652958854799714,7400
2022-11-07,50.03710174560547,51.075216546981714,49.65646108180044,50.45234700614077,4400
2022-11-08,49.69105911254883,50.140908940248366,48.8432663488336,49.7775705986886,3650
2022-11-09,52.372859954833984,52.49397274500475,50.52155690490717,50.52155690490717,1950
2022-11-10,45.953853607177734,48.099289190787836,45.728930319412434,48.099289190787836,4800
2022-11-11,43.73920440673828,44.51778792702603,43.39316508656004,44.37937285896984,4250
2022-11-14,44.535099029541016,44.535099029541016,43.60079796042923,43.60079796042923,4350
2022-11-15,43.3239631652832,43.54888643391925,42.320449704993024,42.51077167850679,1200
2022-11-16,43.87763214111328,43.912233443059165,43.77381833504617,43.84302753909091,1100
2022-11-17,45.05415344238281,45.53860457612294,45.05415344238281,45.53860457612294,5650
2022-11-18,44.84653091430664,45.36558666351588,44.62160763633623,45.29638077032343,1850
2022-11-21,44.95034408569336,45.434798567245,44.51779650218959,44.51779650218959,1100
2022-11-22,43.9814338684082,45.019548621336156,43.9814338684082,45.019548621336156,600
2022-11-23,43.479679107666016,43.756512581043985,43.341264021015014,43.60079519605212,1050
2022-11-25,43.37586975097656,43.41047434856242,43.15094646682062,43.15094646682062,550
2022-11-28,44.06794357299805,44.1371527656109,42.92601829549345,42.92601829549345,1300
2022-11-29,44.36207962036133,44.55240161532497,44.05064482863036,44.05064482863036,3650
2022-11-30,41.92250442504883,43.98143152357722,41.92250442504883,43.98143152357722,3850
2022-12-01,42.16474533081055,42.579990668527515,42.060931521323866,42.060931521323866,5850
2022-12-02,42.45886993408203,42.49347123071055,42.42426533737753,42.42426533737753,3300
2022-12-05,44.31017303466797,44.31017303466797,43.445077915990815,43.929529070401394,6650
2022-12-06,46.023067474365234,46.31719998826451,45.313689640856936,45.64242345633296,3200
2022-12-07,46.109580993652344,46.247996116144336,45.746242534639684,45.746242534639684,1500
2022-12-08,45.27907943725586,46.10956997372524,45.27907943725586,46.10956997372524,400
2022-12-09,45.832733154296875,45.86733774665499,45.22716598833208,45.52129842322495,1300
2022-12-12,44.67351531982422,45.988460411586885,44.67351531982422,45.83274301255734,1200
2022-12-13,44.13715744018555,44.413987639804226,43.47968324103396,43.47968324103396,550
2022-12-14,44.76002502441406,44.76002502441406,43.73921247174525,43.73921247174525,300
2022-12-15,47.32070541381836,47.649442495178704,46.85355324031831,46.991968332458015,2700
2022-12-16,48.11659240722656,48.670252787736466,48.064688809101376,48.064688809101376,450
2022-12-19,50.07170486450195,50.46964781492709,49.01628779591052,49.05089239161946,4850
2022-12-20,49.67375946044922,51.057913611709985,49.36232799398959,51.057913611709985,1600
2022-12-21,48.63564682006836,48.63564682006836,48.30690976317027,48.393417951791726,1350
2022-12-22,50.05131149291992,50.311542949821394,49.895171956974536,49.895171956974536,2400
2022-12-23,49.010379791259766,50.31154031669144,49.010379791259766,50.31154031669144,4600
2022-12-27,49.89517593383789,49.89517593383789,49.04508467539176,49.444106495045965,3800
2022-12-28,51.387168884277344,51.421863984159216,50.086008331568685,50.086008331568685,2050
2022-12-29,49.21857452392578,49.669640663718795,48.92364462697014,49.669640663718795,6900
2022-12-30,49.704341888427734,50.51973810737557,49.704341888427734,50.17276057050121,1350
2023-01-03,49.027732849121094,49.513500674713555,48.14294322519692,48.26438435433939,900
2023-01-04,47.84801483154297,48.92364243971094,47.29285347598119,48.316433466181735,1900
2023-01-05,48.316436767578125,48.66341098400117,47.102018737540185,47.102018737540185,1500
2023-01-06,45.88759994506836,45.88759994506836,45.62736516956221,45.62736516956221,800
2023-01-09,45.800846099853516,45.800846099853516,44.65582519553383,45.401824365413454,5700
2023-01-10,44.60378646850586,46.85913362987779,44.60378646850586,46.85913362987779,8200
2023-01-11,42.86890411376953,44.916064041370916,42.86890411376953,44.916064041370916,3800
2023-01-12,42.469879150390625,43.33731950873531,42.26169531744042,43.33731950873531,3150
2023-01-13,41.60244369506836,42.19230347298198,41.60244369506836,42.19230347298198,2300
2023-01-17,41.98411560058594,41.98411560058594,41.51569700250387,41.51569700250387,1250
2023-01-18,43.1291389465332,43.1291389465332,41.18607094051645,41.18607094051645,850
2023-01-19,44.30886459350586,44.48235005515653,43.719004758628984,43.719004758628984,29500
2023-01-20,42.17494583129883,42.48722486409113,42.17494583129883,42.48722486409113,450
2023-01-23,41.220760345458984,42.417828795738465,41.20341114368428,41.20341114368428,1750
2023-01-24,41.32486343383789,41.48100298305574,41.32486343383789,41.48100298305574,350
2023-01-25,40.82175064086914,41.897374995158664,40.82175064086914,41.897374995158664,650
2023-01-26,40.214534759521484,40.388023489617915,40.214534759521484,40.266579062234804,950
2023-01-27,39.55528259277344,39.8155173710204,39.052168860142814,39.8155173710204,2600
2023-01-30,40.40537643432617,40.40537643432617,39.86756099033318,39.93695781240554,21250
2023-01-31,39.06951141357422,39.850205688317885,39.06951141357422,39.694066171564735,9500
2023-02-01,37.97653579711914,39.6940672176448,37.612212454441966,39.43383578587222,5450
2023-02-02,36.10287094116211,36.848870264604116,35.98142980646648,36.55394037647641,4500
2023-02-03,38.06328582763672,38.27146967139965,36.6580299916355,37.17849621908791,9750
2023-02-06,38.51435089111328,38.51435089111328,38.18472264846879,38.37556057458226,300
2023-02-07,38.323516845703125,39.88490889204182,38.323516845703125,39.48588710523729,1300
2023-02-08,39.17361068725586,39.190959893381816,39.1562614811299,39.190959893381816,950
2023-02-09,39.97165298461914,39.97165298461914,38.70518755659851,38.70518755659851,1000
2023-02-10,40.52682113647461,40.7523542100459,40.52682113647461,40.68296069087893,3350
2023-02-13,39.2950553894043,40.47477504091518,39.12156662141334,40.0237055677479,5300
2023-02-14,39.034820556640625,39.48588999126675,38.68784305030584,38.68784305030584,300
2023-02-15,38.16737365722656,38.16737365722656,38.16737365722656,38.16737365722656,100
2023-02-16,39.17361068725586,39.17361068725586,38.35821785347216,38.982772728893046,450
2023-02-17,39.537933349609375,40.266580078157936,39.537933349609375,39.57262844928618,1450
2023-02-21,41.55039978027344,41.55039978027344,40.99523510064701,40.99523510064701,3150
2023-02-22,41.51570129394531,41.53305050037385,41.32486333225422,41.481002881088244,950
2023-02-23,41.793277740478516,41.845325354485944,40.78704703282535,40.94318656582519,850
2023-02-24,42.972999572753906,43.44141819777193,42.972999572753906,43.31997375834225,2750
2023-02-27,42.747459411621094,43.05973846722909,42.12290460942742,43.05973846722909,2550
2023-02-28,42.7301139831543,43.77104315748316,42.45253331120295,43.77104315748316,1050
2023-03-01,43.92718505859375,43.92718505859375,43.92718505859375,43.92718505859375,100
2023-03-02,43.33732604980469,45.15895306268713,43.33732604980469,45.15895306268713,750
2023-03-03,42.08821105957031,43.5975555905392,42.08821105957031,43.5975555905392,450
2023-03-06,42.383148193359375,42.383148193359375,41.134031613119504,41.134031613119504,2050
2023-03-07,43.25058364868164,43.25058364868164,41.932073698024055,41.932073698024055,1350
2023-03-08,43.1291389465332,43.68430028853153,43.1291389465332,43.23323087090223,950
2023-03-09,44.950767517089844,44.9854659320827,44.70788523018586,44.9854659320827,1000
2023-03-10,46.26926803588867,46.338661542648936,44.91605990932937,44.91605990932937,1250
2023-03-13,46.33866500854492,47.10201349413621,45.71411016489983,45.87024970306674,700
2023-03-14,45.471221923828125,45.81819939022348,45.21099047854279,45.21099047854279,950
2023-03-15,45.41918182373047,46.56420293617555,45.41918182373047,46.33866656943847,1300
2023-03-16,43.75368881225586,44.8466654750707,43.75368881225586,44.82931627148387,2500
2023-03-17,44.55174255371094,44.75992641105197,44.17006663354779,44.17006663354779,2650
2023-03-20,44.18741226196289,44.499691331711865,44.10066954659817,44.499691331711865,200
2023-03-21,41.81062698364258,42.643368954393466,41.81062698364258,42.643368954393466,1250
2023-03-22,43.43079376220703,43.43079376220703,41.54931548801949,42.211315687740296,750
2023-03-23,43.674686431884766,43.901162536984806,42.6294200242784,42.6294200242784,650
2023-03-24,44.23215866088867,44.75479349889364,44.23215866088867,44.75479349889364,750
2023-03-27,43.970848083496094,43.970848083496094,43.239161882337314,43.239161882337314,4000
2023-03-28,44.14506149291992,44.650271594413454,44.11021850031743,44.14506149291992,4850
2023-03-29,42.43778610229492,43.13462919863598,42.36810013125582,43.13462919863598,1800
2023-03-30,41.70610427856445,42.05452420090313,41.497049666912986,41.54931415052843,1050
2023-03-31,39.52846145629883,40.835043448120516,39.38909284341691,39.38909284341691,2200
2023-04-03,40.19046401977539,40.312411148229806,40.19046401977539,40.312411148229806,400
2023-04-04,40.39952087402344,40.83504825590827,39.91172901010075,39.91172901010075,1600
2023-04-05,42.00225830078125,42.26357404375233,41.25315073420352,41.25315073420352,1050
2023-04-06,42.07194519042969,42.159052662076505,42.054523696100325,42.07194519042969,1600
2023-04-10,41.82804870605469,41.862891692872985,41.82804870605469,41.862891692872985,100
2023-04-11,41.70610427856445,41.723525773102935,41.3054165498,41.340259538876964,700
2023-04-12,42.977840423583984,42.977840423583984,41.40994257733918,41.40994257733918,1650
2023-04-13,41.11378479003906,41.81062792421393,41.11378479003906,41.81062792421393,600
2023-04-14,41.00925827026367,41.636415416152694,41.00925827026367,41.636415416152694,750
2023-04-17,40.48662567138672,41.13120766896308,40.43436118850963,41.13120766896308,2000
2023-04-18,40.24272918701172,40.24272918701172,39.85946297924707,39.85946297924707,550
2023-04-19,40.41693878173828,40.41693878173828,40.29498833447091,40.29498833447091,850
2023-04-20,41.63641357421875,42.01967976493979,41.44478380166818,41.44478380166818,850
2023-04-21,40.747947692871094,40.99184532757969,40.38210622502438,40.99184532757969,1050
2023-04-24,40.835044860839844,41.148625081375165,40.835044860839844,41.11378209624681,1950
2023-04-25,42.4029426574707,42.4029426574707,42.07194094424033,42.07194094424033,1000
2023-04-26,42.82105255126953,42.85589553969939,42.124209396723664,42.124209396723664,2000
2023-04-27,40.64341354370117,42.43778748260085,40.64341354370117,42.10678575501914,3000
2023-04-28,40.52146530151367,41.618992768486265,40.4343578372714,41.37509851422791,2400
2023-05-01,41.25315475463867,41.25315475463867,41.11378612328423,41.14862911182541,2100
2023-05-02,41.166053771972656,41.688688714038435,41.14863559776685,41.14863559776685,1200
2023-05-03,41.8454704284668,41.8454704284668,40.730518103850365,41.096362821824385,1350
2023-05-04,42.54231262207031,42.54231262207031,42.22873239148342,42.26357537772864,700
2023-05-05,40.85246276855469,41.497041322817076,40.85246276855469,41.497041322817076,2650
2023-05-08,40.608577728271484,40.88731502509722,40.608577728271484,40.83505385869907,650
2023-05-09,40.62599182128906,40.80020343076076,40.62599182128906,40.80020343076076,1300
2023-05-10,40.26015090942383,40.26015090942383,39.54588629264755,40.17304344224982,3250
2023-05-11,39.85947036743164,40.4866309525234,39.85947036743164,40.43436646282885,900
2023-05-12,40.52146530151367,40.92214966859811,39.85946186451242,39.85946186451242,2700
2023-05-15,40.55630874633789,40.57373023938357,40.55630874633789,40.57373023938357,400
2023-05-16,40.817626953125,40.817626953125,40.15562346878487,40.74794097674804,900
2023-05-17,39.21488571166992,40.10336196600891,39.19746421772482,40.10336196600891,11000
2023-05-18,37.960567474365234,39.09293798105702,37.85603851228772,39.02325200633867,7350
2023-05-19,38.5703010559082,38.79677713870063,38.41351094407037,38.41351094407037,1150
2023-05-22,38.90130615234375,38.98841030079523,38.48320025871818,38.77935901538758,3400
2023-05-23,39.58073043823242,39.58073043823242,38.65741444131638,38.81420457717202,3200
2023-05-24,39.94656753540039,40.46919900615108,39.59814433969336,40.294987408297565,2050
2023-05-25,40.29499053955078,40.38209800665143,39.96399213299864,40.29499053955078,9950
2023-05-26,38.44835662841797,39.772360264203286,37.97798625988696,39.772360264203286,1900
2023-05-30,38.01283264160156,38.20446576947735,37.50762256285245,37.50762256285245,1700
2023-05-31,38.622562408447266,39.56329968053158,38.622562408447266,39.40651290419229,1450
2023-06-01,37.80378341674805,39.16262691357531,37.49020312584616,39.16262691357531,1750
2023-06-02,35.99198532104492,36.392669745495866,35.88745967179913,36.30556559159278,2000
2023-06-05,35.76551055908203,35.78293205346606,35.71324607592994,35.71324607592994,1150
2023-06-06,35.086082458496094,35.8700330222183,35.086082458496094,35.817768543700154,950
2023-06-07,35.5216178894043,35.5216178894043,34.389247179799824,34.47635466380679,6950
2023-06-08,34.51118850708008,35.782930976350755,34.51118850708008,35.782930976350755,950
2023-06-09,34.18019104003906,34.18019104003906,33.465923063227855,33.553030534941556,1450
2023-06-12,33.08266067504883,33.674978200751866,33.08266067504883,33.605295545098166,4750
2023-06-13,32.403236389160156,32.594866168880806,32.403236389160156,32.50776202562688,2050
2023-06-14,32.49034118652344,32.50776268008698,32.05481381586546,32.50776268008698,1400
2023-06-15,32.00254821777344,33.169761542103565,31.845758120265682,33.169761542103565,3650
2023-06-16,32.072235107421875,32.072235107421875,31.49733911468673,31.82834084468882,550
2023-06-20,31.61928367614746,32.50775983321863,31.61928367614746,32.50775983321863,3750
2023-06-21,32.3965950012207,32.3965950012207,31.691555489041118,31.691555489041118,1200
2023-06-22,31.638673782348633,32.43184182632239,31.638673782348633,32.43184182632239,600
2023-06-23,32.255584716796875,32.255584716796875,32.255584716796875,32.255584716796875,150
2023-06-26,33.26027297973633,33.26027297973633,32.39659577456898,32.64336213114265,7600
2023-06-27,31.762065887451172,32.27321834977529,31.69156024470628,32.27321834977529,3500
2023-06-28,31.621049880981445,31.691552143810686,31.19802621832634,31.5681706624396,7950
2023-06-29,31.515291213989258,31.726804724720402,31.515291213989258,31.532917620041285,650
2023-06-30,30.616365432739258,31.109891312617822,30.545859814532086,31.109891312617822,7100
2023-07-03,29.928953170776367,29.964205984671565,28.92427150801679,28.92427150801679,1550
2023-07-05,29.964204788208008,30.40485485862283,29.964204788208008,30.40485485862283,1500
2023-07-06,30.880756378173828,31.286153618203247,30.31672485084714,30.31672485084714,5750
2023-07-07,30.863130569458008,31.14514633857423,30.281472625419163,31.14514633857423,950
2023-07-10,30.669246673583984,31.12752318677846,30.669246673583984,31.12752318677846,2550
2023-07-11,30.210968017578125,30.52823660897049,30.210968017578125,30.387228719673136,500
2023-07-12,29.682188034057617,29.682188034057617,29.682188034057617,29.682188034057617,50
2023-07-13,29.082908630371094,29.453053126503203,29.04765581305555,29.171037311766252,5250
2023-07-14,29.012399673461914,29.1181581132979,28.906644595519246,29.1181581132979,3650
2023-07-17,28.7127628326416,28.836144325759218,28.65988360906539,28.74801228646553,900
2023-07-18,28.50124740600586,28.85376881596455,28.50124740600586,28.85376881596455,1200
2023-07-19,28.307361602783203,28.413120047795246,28.113476163101332,28.254485742170655,41450
2023-07-20,30.281471252441406,30.281471252441406,29.64693411975358,29.752689187903883,6000
2023-07-21,30.26385498046875,30.26385498046875,29.611691224414283,29.611691224414283,2000
2023-07-24,29.911325454711914,30.069959748404056,29.787943973372077,30.052333342227907,38850
2023-07-25,30.017087936401367,30.017087936401367,29.84082721278294,29.84082721278294,150
2023-07-26,30.158096313476562,30.38723290443018,30.0170884047604,30.263851404540254,5950
2023-07-27,30.739749908447266,30.739749908447266,29.453049145495815,29.453049145495815,400
2023-07-28,29.66456413269043,30.404856423566034,29.611684911237383,30.404856423566034,650
2023-07-31,29.453048706054688,29.54118073611629,29.32966722586164,29.32966722586164,2800
2023-08-01,30.034711837768555,30.034711837768555,29.646937605799202,29.646937605799202,1150
2023-08-02,31.09226417541504,31.145143387824387,30.58111190302936,30.933629900079833,2950
2023-08-03,30.9160099029541,31.39190941394131,30.898383497081515,31.26852793472636,1950
2023-08-04,30.122840881347656,30.12284088134766,28.994777709527252,29.541182888141083,3250
2023-08-07,29.541183471679688,30.10521506873143,29.541183471679688,29.787946454916447,1400
2023-08-08,29.964204788208008,30.10521267626502,29.964204788208008,30.052333457533678,450
2023-08-09,30.686870574951172,30.686870574951172,29.699815360475103,29.699815360475103,1400
2023-08-10,30.563488006591797,30.774998149797675,29.770316564836964,29.981830069935956,3050
2023-08-11,30.845504760742188,31.127520535317515,30.669244061159304,31.127520535317515,1250
2023-08-14,30.739749908447266,31.427162943718017,30.739749908447266,31.427162943718017,1850
2023-08-15,31.44478988647461,31.444789886474613,31.1627741050447,31.1627741050447,750
2023-08-16,32.2203369140625,32.2203369140625,31.462418194943687,31.99119697661595,2650
2023-08-17,33.277896881103516,33.40128174350653,32.36134715079451,32.37897355970922,3550
2023-08-18,33.595157623291016,34.42358183814343,33.41889693745691,34.42358183814343,8250
2023-08-21,32.749114990234375,33.45415447124019,32.6962357684489,32.99587796811305,7950
2023-08-22,32.678611755371094,32.83724269224312,30.5106107928756,30.5106107928756,2850
2023-08-23,32.14982986450195,32.890122143305,31.9911955646232,32.890122143305,2900
2023-08-24,33.41890335083008,33.41890335083008,32.361345756657016,32.361345756657016,4700
2023-08-25,32.678611755371094,33.736169264615725,32.678611755371094,32.960627539422106,2300
2023-08-28,32.44947052001953,32.80199191680257,32.290836227656484,32.36134185177037,6700
2023-08-29,30.933637619018555,32.361346453294736,30.933637619018555,32.361346453294736,8650
2023-08-30,30.598745346069336,31.09227132784877,30.492986896922076,31.09227132784877,2650
2023-08-31,30.4224853515625,30.4224853515625,30.15809594617645,30.33435330850469,1600
2023-09-01,30.792633056640625,30.968893799236504,30.40486211244492,30.42248852289391,1000
2023-09-05,30.863130569458008,31.10989352696141,30.810251352038787,31.10989352696141,800
2023-09-06,31.427165985107422,31.832563282992403,31.427165985107422,31.691555381037038,3050
2023-09-07,31.250904083251953,31.9911963809451,31.250904083251953,31.938320520898518,1150
2023-09-08,31.26852798461914,31.286154390519854,31.00413861989479,31.00413861989479,500
2023-09-11,29.558805465698242,30.510607803129606,29.435423992502788,30.510607803129606,9200
2023-09-12,30.06995964050293,30.06995964050293,29.611683167247104,29.611683167247104,500
2023-09-13,29.646936416625977,29.840823524833613,29.576434153028,29.576434153028,700
2023-09-14,29.065279006958008,29.118158227082635,28.977150335310288,28.994776742018498,700
2023-09-15,30.087583541870117,30.12283635116118,29.92894926195327,29.92894926195327,2200
2023-09-18,30.739749908447266,30.82787857793056,30.316726243519632,30.56348920758744,1200
2023-09-19,31.039396286010742,31.58580150681358,30.951264242724026,31.30378569208349,5450
2023-09-20,31.703359603881836,31.72116088753534,30.68871020236604,31.044729084940705,1350
2023-09-21,33.341041564941406,33.341041564941406,32.55780542718602,32.70021230634589,3850
2023-09-22,34.053077697753906,34.053077697753906,32.94942517678065,33.234238949628455,3250
2023-09-25,33.786067962646484,34.65831063746,33.768266675987235,34.65831063746,3050
2023-09-26,34.94312286376953,34.97872543548866,34.3912965831155,34.462501726553754,3800
2023-09-27,35.24573516845703,35.92217039707317,34.8719183804701,34.99652397646574,3050
2023-09-28,34.373497009277344,35.566156059285326,34.26669268404853,35.33474612208152,4500
2023-09-29,34.142086029052734,34.142086029052734,33.26984337662598,33.71486534594054,2200
2023-10-02,34.07088088989258,34.3912972510919,33.82166967351452,34.3912972510919,550
2023-10-03,35.744163513183594,35.86876911812266,34.391296354098685,34.391296354098685,2450
2023-10-04,34.266693115234375,36.3849987312093,34.266693115234375,35.583957793792806,4600
2023-10-05,34.76511764526367,35.138934471705554,34.177688778534865,34.177688778534865,4000
2023-10-06,34.32009506225586,35.726362701995164,34.19548606041352,34.71171316801594,5850
2023-10-09,34.213287353515625,35.512754068156944,34.03528128420006,34.90752392578924,4950
2023-10-10,33.447853088378906,33.447853088378906,32.84262293405845,33.394449229380676,4200
2023-10-11,33.2164421081543,33.75046715487444,33.2164421081543,33.2164421081543,1900
2023-10-12,33.96406936645508,34.4624950887774,33.10962818125749,33.465643644132754,4400
2023-10-13,34.9609260559082,35.13893552896187,33.99968033381566,33.99968033381566,4200
2023-10-16,33.82167053222656,34.231089939599194,33.67926363421659,34.231089939599194,2700
2023-10-17,33.750465393066406,34.58710888990237,33.59026060361197,34.48030456518332,2300
2023-10-18,35.29914855957031,35.29914855957031,34.30230012701188,34.373501888855955,5500
2023-10-19,37.061431884765625,37.43525213299804,35.9755771104339,35.9755771104339,4450
2023-10-20,38.307491302490234,38.307491302490234,37.506450412818786,37.613254733025606,6350
2023-10-23,38.21848678588867,38.75251520414866,37.648859189276656,38.75251520414866,4750
2023-10-24,37.41745376586914,37.862475803821205,37.07923606635594,37.34624861007744,1350
2023-10-25,38.966121673583984,38.98392295938747,38.129481612308666,38.129481612308666,4100
2023-10-26,40.176578521728516,40.229982374587024,38.91271789464076,39.35773981605157,5550
2023-10-27,39.46454620361328,39.62475437537305,38.23628468520436,39.07292811444939,5900
2023-10-30,38.610107421875,39.25093675578182,38.39649538040725,38.77031560416376,20200
2023-10-31,38.05828094482422,38.66351115232667,37.86247356845472,38.36089604857544,13350
2023-11-01,37.16823959350586,37.84467500122532,37.04363396451773,37.84467500122532,3900
2023-11-02,35.227935791015625,35.92216887951896,35.19233322359297,35.672957698055754,7600
2023-11-03,34.28449630737305,34.49810497238867,33.99968249051988,34.49810497238867,3700
2023-11-06,34.32009506225586,34.64050802410603,34.0352812771125,34.0352812771125,17900
2023-11-07,33.501251220703125,34.17768647327994,33.37664562029371,34.17768647327994,9450
2023-11-08,33.64366912841797,33.67927171026978,33.465659614408004,33.465659614408004,2100
2023-11-09,34.94312286376953,34.96092414962909,34.07088022813957,34.07088022813957,2900
2023-11-10,33.82167053222656,34.729515780258225,33.768266672254725,34.729515780258225,5000
2023-11-13,33.5368537902832,34.26668950288056,33.43004947496963,34.23108693269338,1200
2023-11-14,31.311748504638672,32.041584320314854,31.11593773620169,32.041584320314854,6500
2023-11-15,31.1871395111084,31.1871395111084,30.777720126188417,30.884524445026656,1500
2023-11-16,31.899179458618164,31.988182507111357,31.827974303624682,31.881378169869794,1650
2023-11-17,31.454153060913086,31.881373745844634,31.454153060913086,31.881373745844634,1750
2023-11-20,31.204938888549805,31.48975265153361,31.080329896402503,31.48975265153361,4100
2023-11-21,31.365148544311523,31.86357095558165,31.365148544311523,31.86357095558165,1700
2023-11-22,31.1871395111084,31.293943829946638,31.08033179702208,31.11593436838419,1600
2023-11-24,31.11594009399414,31.15154267190744,31.009135755502953,31.15154267190744,1450
2023-11-27,31.04473114013672,31.29394233728843,30.937923431144913,31.29394233728843,1400
2023-11-28,30.688716888427734,31.151540178509688,30.688716888427734,30.90232894356111,1650
2023-11-29,30.866722106933594,30.866722106933594,30.1012838249866,30.1012838249866,2250
2023-11-30,31.04473114013672,31.222740593208478,31.04473114013672,31.222740593208478,650
2023-12-01,30.154691696166992,30.75992188829862,30.11908912127727,30.75992188829862,1150
2023-12-04,30.36829948425293,30.49290509754571,30.36829948425293,30.386100771187373,400
2023-12-05,30.332698822021484,30.332698822021484,30.065682926313258,30.065682926313258,450
2023-12-06,30.24369239807129,30.24369239807129,29.602859680633646,29.81647171819558,1850
2023-12-07,29.745264053344727,29.780866622462817,29.745264053344727,29.76306533790377,550
2023-12-08,29.47825050354004,29.70966379914491,29.371446195317343,29.70966379914491,1050
2023-12-11,29.335844039916992,29.780865958223675,29.31804275575499,29.780865958223675,400
2023-12-12,29.157838821411133,29.496056479034916,29.157838821411133,29.424854727310493,450
2023-12-13,28.463603973388672,29.54945863537145,28.463603973388672,29.282446140116956,2300
2023-12-14,27.69816780090332,27.911778140020942,27.62696435453078,27.751569961276708,38050
2023-12-15,27.484556198120117,27.76937168573135,27.484556198120117,27.76937168573135,32150
2023-12-18,27.23534393310547,27.23534393310547,27.23534393310547,27.23534393310547,100
2023-12-19,26.843725204467773,26.843725204467773,26.68351702299215,26.68351702299215,1600
2023-12-20,27.744470596313477,27.744470596313477,26.69750957165883,26.715561039338358,900
2023-12-21,26.986326217651367,27.49175526321784,26.986326217651367,27.49175526321784,300
2023-12-22,27.383451461791992,27.527859768761953,27.004379225625136,27.022430694367085,1400
2023-12-26,27.18488883972168,27.18488883972168,27.18488883972168,27.18488883972168,250
2023-12-27,27.076583862304688,27.076583862304688,26.896072614629517,26.896072614629517,700
2023-12-28,27.293193817138672,27.293193817138672,27.05852990533038,27.05852990533038,250
2023-12-29,27.654216766357422,27.654216766357422,27.293195996852003,27.293195996852003,650
2024-01-02,28.15964698791504,28.34015650822615,27.708370604913085,27.708370604913085,3450
2024-01-03,29.224658966064453,29.31491286374556,28.86363648940902,29.134401625417844,3050
2024-01-04,29.73008918762207,29.73008918762207,29.080253486716657,29.621783811298805,3300
2024-01-05,29.63983154296875,29.657883010573595,29.29686054440753,29.29686054440753,1050
2024-01-08,28.665077209472656,29.423219979689275,28.665077209472656,29.369069015045838,1600
2024-01-09,28.881689071655273,29.188557155760236,28.809484917835448,29.062200316946246,1050
2024-01-10,28.466514587402344,28.647024104678135,28.466514587402344,28.610922889816077,400
2024-01-11,28.55677032470703,28.97194379051812,28.448464951661904,28.448464951661904,800
2024-01-12,29.20661163330078,29.351019955816636,28.755335195067993,28.755335195067993,1950
2024-01-16,29.314910888671875,29.53152504866399,29.116348195592874,29.314910888671875,1400
2024-01-17,29.820344924926758,30.217466911954,29.820344924926758,29.982804702111913,2050
2024-01-18,29.53152847290039,29.892547524127732,29.513477003894174,29.67593678198446,1550
2024-01-19,28.93584442138672,29.639834513708074,28.8636385437303,29.639834513708074,1100
2024-01-22,29.24271011352539,29.24271011352539,28.64702372216918,28.64702372216918,200
2024-01-23,29.387121200561523,29.531529514740157,29.116352598881512,29.116352598881512,600
2024-01-24,29.603731155395508,29.63983409371214,29.08025232166714,29.08025232166714,750
2024-01-25,30.379924774169922,30.795098203932753,30.23551647499305,30.27161941052863,7600
2024-01-26,30.055002212524414,30.181359031204245,29.92864539384458,30.018899280625863,650
2024-01-29,29.24271011352539,30.199413813129947,29.24271011352539,30.199413813129947,4350
2024-01-30,29.224658966064453,29.224658966064453,29.044147727736735,29.044147727736735,850
2024-01-31,30.253572463989258,30.253572463989258,29.567630358164802,29.567630358164802,500
2024-02-01,29.260759353637695,30.05500676077448,29.260759353637695,30.05500676077448,2150
2024-02-02,28.1415958404541,28.93584324762799,27.94303312791923,28.5567692912401,6500
2024-02-05,28.91779136657715,28.971942328884932,28.665075973083226,28.665075973083226,1050
2024-02-06,28.683128356933594,29.332965747608327,28.683128356933594,29.332965747608327,1400
2024-02-07,27.9971866607666,28.12354349463311,27.834726890662374,28.12354349463311,1250
2024-02-08,27.780574798583984,27.780574798583984,27.780574798583984,27.780574798583984,100
2024-02-09,27.347349166870117,27.69032019509444,27.329299419186874,27.69032019509444,900
2024-02-12,27.437604904174805,27.49175759041317,27.112687065261778,27.130736813019325,1150
2024-02-13,28.520666122436523,28.79143124819288,28.520666122436523,28.77337978074707,300
2024-02-14,27.943035125732422,28.48456717452599,27.943035125732422,28.48456717452599,2300
2024-02-15,27.32929801940918,27.94303244627579,27.32929801940918,27.94303244627579,3950
2024-02-16,27.582014083862305,27.582014083862305,27.257096234715583,27.563964335536255,2400
2024-02-20,28.213802337646484,28.249903556526625,28.08744548934158,28.249903556526625,450
2024-02-21,27.762523651123047,28.01523904863555,27.654216560336884,27.654216560336884,1300
2024-02-22,26.679460525512695,27.257095493307034,26.679460525512695,27.112687181729168,2450
2024-02-23,26.896072387695312,26.896072387695312,26.823868233531034,26.896072387695312,650
2024-02-26,26.787765502929688,26.787765502929688,26.57115305268153,26.57115305268153,700
2024-02-27,26.64335823059082,26.76971506773939,26.64335823059082,26.76971506773939,400
2024-02-28,26.44479751586914,26.643360242361616,26.282339450761107,26.643360242361616,2300
2024-02-29,26.01156997680664,26.22818243020576,26.01156997680664,26.08377412793968,1000
2024-03-01,25.88521385192871,26.35454170789405,25.813009698817336,26.35454170789405,5200
2024-03-04,26.607255935668945,26.607255935668945,25.921315606122658,25.921315606122658,950
2024-03-05,27.2751407623291,27.2751407623291,26.84191589873475,27.112682729593153,400
2024-03-06,27.455657958984375,27.455657958984375,27.455657958984375,27.455657958984375,150
2024-03-07,27.076583862304688,27.076583862304688,26.950227021821775,26.950227021821775,700
2024-03-08,27.311246871948242,27.473706645064492,27.311246871948242,27.473706645064492,600
2024-03-11,27.50980567932129,27.50980567932129,27.491754212298996,27.50980567932129,650
2024-03-12,26.968276977539062,26.968276977539062,26.878023074487757,26.878023074487757,300
2024-03-13,27.112686157226562,27.130735904379605,26.950226382469587,26.968276129622627,650
2024-03-14,27.527860641479492,27.527860641479492,27.419553547076948,27.419553547076948,1050
2024-03-15,28.051340103149414,28.087443040364644,27.81667617569882,27.834727644306433,2050
2024-03-18,27.654216766357422,27.654216766357422,27.600064081302314,27.600064081302314,150
2024-03-19,27.148786544799805,27.148786544799805,27.148786544799805,27.148786544799805,200
2024-03-20,26.393390655517578,27.01227043828915,26.35698514551442,26.884854625098622,900
2024-03-21,26.029342651367188,26.029342651367188,25.865521338140677,25.992937143579002,1050
2024-03-22,26.466197967529297,26.702828557186898,26.466197967529297,26.64822203216134,850
2024-03-25,26.721033096313477,26.884854418246718,26.557211774380235,26.884854418246718,450
2024-03-26,26.666425704956055,26.666425704956055,26.338784786270786,26.338784786270786,300
2024-03-27,26.083951950073242,26.083951950073242,26.083951950073242,26.083951950073242,50
2024-03-28,26.17496109008789,26.17496109008789,26.17496109008789,26.17496109008789,150
2024-04-01,26.630022048950195,26.630022048950195,26.520807251626866,26.593616537872315,600
2024-04-02,27.449125289916992,27.64935038098182,27.449125289916992,27.558340080622482,4150
2024-04-03,27.449125289916992,27.667553135417766,27.23069744441622,27.667553135417766,650
2024-04-04,28.013399124145508,28.013399124145508,26.8302460992016,27.12148323275387,800
2024-04-05,27.722158432006836,28.08620656092199,27.3763147926296,28.08620656092199,1350
2024-04-08,27.267101287841797,27.267101287841797,27.21249476030304,27.21249476030304,450
2024-04-09,27.04867172241211,27.33991056789654,27.04867172241211,27.33991056789654,150
2024-04-10,27.77676773071289,27.81317150341848,27.77676773071289,27.81317150341848,150
2024-04-11,27.449125289916992,28.01339852605998,27.449125289916992,27.92238648979044,1200
2024-04-12,28.34103775024414,28.45025253449058,27.976991362606185,27.976991362606185,700
2024-04-15,29.287559509277344,29.287559509277344,28.86890486991969,28.86890486991969,1050
2024-04-16,29.651609420776367,29.90644103450855,29.469585351616086,29.760822473544394,5150
2024-04-17,29.88823890686035,30.015654716397048,29.688012079405308,29.815427888942,1200
2024-04-18,30.325096130371094,30.32509613037109,29.906443171659244,29.906443171659244,400
2024-04-19,30.85296630859375,31.08959519040755,30.416107112933283,30.416107112933283,2450
2024-04-22,30.616334915161133,30.85296727621697,30.270489487675334,30.85296727621697,2350
2024-04-23,29.85183334350586,30.179475979900577,29.43318040669946,30.143070471007736,2350
2024-04-24,29.3421688079834,29.56059490803489,28.81429936785515,28.86890589286802,4150
2024-04-25,29.269359588623047,30.252287514602333,29.269359588623047,30.252287514602333,1950
2024-04-26,28.723291397094727,28.723291397094727,28.468459753727497,28.723291397094727,2150
2024-04-29,27.467329025268555,28.195421869606182,27.394519740834795,28.195421869606182,7100
2024-04-30,28.6868839263916,28.6868839263916,27.776767063771896,27.831373589474236,2550
2024-05-01,29.08733558654785,29.451383738977984,28.34103999870452,28.83250396293905,6100
2024-05-02,28.46845817565918,28.523064705366572,28.395648890745893,28.523064705366572,1900
2024-05-03,28.013399124145508,28.04980289788442,27.540137914167946,27.540137914167946,2600
2024-05-06,27.521934509277344,27.940589180802824,27.521934509277344,27.940589180802824,450
2024-05-07,27.83137321472168,27.885979739688736,27.394517543164966,27.394517543164966,650
2024-05-08,28.14081573486328,28.19542226497676,28.049803694067297,28.049803694067297,700
2024-05-09,27.75856590270996,28.177218850300797,27.631150090123228,27.940589980042652,4050
2024-05-10,28.013399124145508,28.122612181272487,27.740363009507572,27.758565764332147,850
2024-05-13,28.159019470214844,28.159019470214844,27.794973030271382,28.159019470214844,850
2024-05-14,27.83137321472168,28.068003804125762,27.83137321472168,28.068003804125762,600
2024-05-15,27.794971466064453,27.958791052887033,27.794971466064453,27.958791052887033,100
2024-05-16,28.14081573486328,28.14081573486328,27.922387878499087,27.99519716395382,6550
2024-05-17,27.904184341430664,28.06800566309198,27.904184341430664,28.06800566309198,6500
2024-05-20,28.34103775024414,28.34103775024414,27.75856353002341,27.75856353002341,1300
2024-05-21,27.995195388793945,28.741490951360326,27.976992634606916,28.741490951360326,3850
2024-05-22,28.614076614379883,28.614076614379883,28.21362468123649,28.21362468123649,750
2024-05-23,29.615203857421875,29.66980864779401,28.77789626548239,28.77789626548239,8550
2024-05-24,28.99632453918457,29.414977473446072,28.796097713311507,29.414977473446072,600
2024-05-28,29.214752197265625,29.39677627845836,28.941717811386805,28.941717811386805,18500
2024-05-29,29.615203857421875,29.615203857421875,29.305763981971836,29.342169490100158,5450
2024-05-30,29.214752197265625,29.54239484904844,29.123741892579545,29.54239484904844,4200
2024-05-31,28.94171714782715,29.724418248736182,28.94171714782715,29.214751527445987,2200
2024-06-03,29.050931930541992,29.25115702646152,28.668682757669984,28.668682757669984,7200
2024-06-04,28.868906021118164,29.10553661177202,28.850705003306437,28.850705003306437,600
2024-06-05,28.54126739501953,28.705088719675736,28.54126739501953,28.668683209347567,1350
2024-06-06,28.159019470214844,28.759696530099145,28.122613958265323,28.759696530099145,6250
2024-06-07,28.34103775024414,28.34103775024414,28.14081267102079,28.322836732794823,1200
2024-06-10,28.231826782226562,28.35924259331121,28.231826782226562,28.28643331041852,6800
2024-06-11,28.395647048950195,28.77789620392911,28.395647048950195,28.668681415687917,2900
2024-06-12,27.75856590270996,27.75856590270996,27.321710200203807,27.703959373874255,9400
2024-06-13,27.722158432006836,27.79496944651797,27.649349153405833,27.703957414289185,3700
2024-06-14,28.34103775024414,28.50485905865875,28.26822847271655,28.413847027771734,17250
2024-06-17,27.194292068481445,28.59587292051735,27.085079013152285,28.59587292051735,3250
2024-06-18,27.4127197265625,27.54013552747189,27.394516973315415,27.394516973315415,1350
2024-06-20,27.376314163208008,27.631147500407597,27.28530213307172,27.28530213307172,13900
2024-06-21,26.866647720336914,27.303503357437513,26.84844496814689,27.21249133239739,11350
2024-06-24,27.230697631835938,27.24890038639717,26.68462714637048,26.757436428705194,5250
2024-06-25,27.467329025268555,27.485531780354563,27.467329025268555,27.485531780354563,250
2024-06-26,26.573589324951172,27.527890364332578,26.55523872817548,27.527890364332578,2450
2024-06-27,26.33501625061035,26.610294458733684,26.33501625061035,26.481831528299615,3850
2024-06-28,26.90392303466797,26.977330668111666,26.8488677471292,26.90392303466797,1300
2024-07-01,26.72040367126465,26.793811301535598,26.72040367126465,26.793811301535598,300
2024-07-02,25.747753143310547,26.023033098976036,25.747753143310547,26.023033098976036,800
2024-07-03,25.362361907958984,25.619289509478396,25.252251328862165,25.619289509478396,2100
2024-07-05,24.958621978759766,25.25225253730439,24.94026963130668,25.142140202762064,2150
2024-07-08,24.958621978759766,25.087084910578994,24.830157296764355,25.087084910578994,2050
2024-07-09,24.830158233642578,24.830158233642578,24.701695296976254,24.701695296976254,650
2024-07-10,24.426414489746094,24.921915585988916,24.426414489746094,24.921915585988916,700
2024-07-11,25.068729400634766,25.105434090910535,24.004317885100928,24.426413072392464,1150
2024-07-12,24.463119506835938,25.068732981485045,24.463119506835938,25.068732981485045,250
2024-07-15,24.591581344604492,24.591581344604492,24.132783172129212,24.132783172129212,1850
2024-07-16,23.69233512878418,24.408060840910796,23.69233512878418,24.408060840910796,1550
2024-07-17,24.444765090942383,24.536525071799662,23.930911648388104,23.930911648388104,5350
2024-07-18,24.976972579956055,25.05038021960373,24.15113619637566,24.353008518038905,2850
2024-07-19,25.47247314453125,25.54588077750551,25.252250245608483,25.252250245608483,1350
2024-07-22,24.88521385192871,25.307307334028952,24.88521385192871,25.307307334028952,1700
2024-07-23,25.142139434814453,25.142139434814453,24.738396554059523,24.775101247844574,3950
2024-07-24,27.179201126098633,27.19755172058075,25.784454435254514,25.784454435254514,2400
2024-07-25,27.381074905395508,27.381074905395508,26.738756767799355,27.19755493746057,3100
2024-07-26,26.922277450561523,27.179205062457026,26.83051746415769,27.142500367825026,6650
2024-07-29,25.967975616455078,26.29831085756971,25.94962501986347,26.114790890244667,5950
2024-07-30,26.224903106689453,26.481830709792565,25.894567867010608,25.894567867010608,1500
2024-07-31,25.45412254333496,25.564234875431307,25.435770196289546,25.564234875431307,2050
2024-08-01,26.757110595703125,27.069093508355902,25.270605423817518,25.270605423817518,1550
2024-08-02,28.75746726989746,29.271320691549995,28.592299661108008,28.62900435202833,5900
2024-08-05,30.611011505126953,31.84059062195142,30.060451654105183,31.84059062195142,27200
2024-08-06,29.748470306396484,30.53760368287621,29.124506293790986,30.280677839502193,13750
2024-08-07,30.73947525024414,30.77617994137369,29.179560880758366,29.216265571887917,13600
2024-08-08,29.436491012573242,30.35408731345866,29.3630816283334,30.35408731345866,4900
2024-08-09,29.27132225036621,29.528249849962904,29.216266961229806,29.2346193076673,1650
2024-08-12,29.601654052734375,29.711768125100217,29.252968241122474,29.63835874352299,25900
2024-08-13,28.15185546875,30.097158693347943,27.949983157583887,30.097158693347943,31000
2024-08-14,28.31702423095703,28.573950091656087,28.06009662008181,28.06009662008181,2400
2024-08-15,26.59193992614746,27.08744276026033,26.463477006270505,26.995682781701355,4700
2024-08-16,26.445127487182617,26.555239823258248,26.2432569129162,26.555239823258248,2100
2024-08-19,25.8211612701416,26.24325651008009,25.766105978036993,26.22490416265316,38900
2024-08-20,25.857864379882812,25.912919668612478,25.564233839756493,25.655992070913914,14500
2024-08-21,25.233898162841797,25.417418122278338,25.215545816862935,25.270602854799524,1950
2024-08-22,26.18819808959961,26.18819808959961,25.43576768656453,25.43576768656453,1250
2024-08-23,25.1237850189209,25.894566023170132,25.1237850189209,25.894566023170132,3200
2024-08-26,25.564233779907227,25.564233779907227,24.940268008511552,24.940268008511552,1950
2024-08-27,25.711048126220703,25.87621573626714,25.65599108942122,25.87621573626714,2150
2024-08-28,26.169845581054688,26.500179042336313,25.674342763868307,25.87621505983726,1350
2024-08-29,26.169845581054688,26.169845581054688,25.582582788443872,25.711047454108467,6100
2024-08-30,25.380714416503906,25.894567872645847,25.380714416503906,25.894567872645847,400
2024-09-03,26.169845581054688,26.169845581054688,25.545879848379673,25.545879848379673,1000
2024-09-04,25.94962501525879,26.518533763548465,25.802809741495253,26.518533763548465,2950
2024-09-05,25.435771942138672,25.67434721957586,25.270606057921785,25.270606057921785,1750
2024-09-06,26.646997451782227,26.646997451782227,26.3350145690692,26.3350145690692,1800
2024-09-09,25.986330032348633,26.298312951536747,25.747754755900292,26.298312951536747,3900
2024-09-10,25.362361907958984,25.876217110997807,25.32565896498541,25.38071425453382,1400
2024-09-11,24.86686134338379,26.335015848007863,24.86686134338379,25.931272965446613,1350
2024-09-12,24.371356964111328,24.77509982162412,24.041023489942706,24.77509982162412,3650
2024-09-13,24.004322052001953,24.059377346796673,23.967619105530893,23.98596970367829,1750
2024-09-16,24.096078872680664,24.18783885204816,24.05937418086325,24.077726526771958,3350
2024-09-17,23.894210815429688,23.98596905421093,23.41706027299187,23.729043185341503,3350
2024-09-18,24.004322052001953,24.004322052001953,23.21518857584716,23.91256206055991,3250
2024-09-19,22.93990707397461,23.215185258791898,22.793091808715253,23.12342703063681,2350
2024-09-20,23.03167152404785,23.196839167076956,22.99496682551856,23.12343152019473,750
2024-09-23,22.499462127685547,22.848147958297485,22.499462127685547,22.8114450156849,2050
2024-09-24,22.114070892333984,22.444404365916675,22.114070892333984,22.444404365916675,1150
2024-09-25,22.278682708740234,22.33479979864577,22.05421256518798,22.05421256518798,1300
2024-09-26,22.091623306274414,22.24127005616862,22.072917016555145,22.072917016555145,2800
2024-09-27,22.016799926757812,22.035504432543224,21.90456397239546,21.90456397239546,1250
2024-09-30,22.12903594970703,22.409623183207103,21.979389187316308,21.979389187316308,2550
2024-10-01,22.353506088256836,22.821152666605013,22.20385932589983,22.821152666605013,2350
2024-10-02,22.746328353881836,23.02691735975768,22.615387888164474,22.97079848822448,1200
2024-10-03,23.34491729736328,23.419742465556944,22.802447315470616,22.802447315470616,5600
2024-10-04,22.671506881713867,23.120447188140627,22.521860112904946,22.895977034927245,4800
2024-10-07,23.40103530883789,23.40103530883789,23.04562290877131,23.04562290877131,5600
2024-10-08,22.914682388305664,23.139152532323575,22.895976096988306,23.120446241006217,1750
2024-10-09,22.596681594848633,22.952093978794576,22.559270797761194,22.952093978794576,1650
2024-10-10,22.821151733398438,22.839858023910654,22.615387889554214,22.76503464579184,650
2024-10-11,23.04561996459961,23.27009008041884,23.04561996459961,23.27009008041884,1100
2024-10-14,22.858564376831055,22.93338775515415,22.858564376831055,22.93338775515415,750
2024-10-15,22.802444458007812,22.802444458007812,22.802444458007812,22.802444458007812,150
2024-10-16,22.577974319458008,22.74632735883282,22.54056352400248,22.70891656337729,1050
2024-10-17,22.596681594848633,22.63409417586612,22.596681594848633,22.63409417586612,850
2024-10-18,22.447036743164062,22.55927271180917,22.447036743164062,22.55927271180917,150
2024-10-21,22.821151733398438,22.933387692541682,22.55927080194762,22.55927080194762,1300
2024-10-22,22.970800399780273,23.21397684487034,22.952095891642728,23.17656604466505,1300
2024-10-23,23.719036102294922,23.868682871450773,23.363623687602125,23.419742563983224,950
2024-10-24,22.25997543334961,22.55927072878425,22.25997543334961,22.55927072878425,5150
2024-10-25,22.12903594970703,22.166448532269772,21.736212752448854,22.05421256851167,3100
2024-10-28,22.035505294799805,22.035505294799805,21.62397760853792,21.62397760853792,2750
2024-10-29,22.278682708740234,22.390918672481426,22.278682708740234,22.390918672481426,450
2024-10-30,22.29738998413086,22.29738998413086,21.998096446184974,22.05421353856728,900
2024-10-31,22.970800399780273,22.970800399780273,22.2973899407133,22.2973899407133,2350
2024-11-01,22.33479881286621,22.33479881286621,22.035505301339636,22.035505301339636,650
2024-11-04,22.484447479248047,22.484447479248047,22.222564763221694,22.372211519828166,400
2024-11-05,21.73621368408203,21.848449652650668,21.73621368408203,21.81103706848439,1150
2024-11-06,20.295862197875977,20.913155538094312,20.295862197875977,20.819625865712418,2000
2024-11-07,19.772096633911133,20.015273067152087,19.69727325321623,20.015273067152087,950
2024-11-08,19.267040252685547,19.547627498762488,19.267040252685547,19.547627498762488,400
2024-11-11,18.574922561645508,18.668450449661478,18.369156926578103,18.668450449661478,2150
2024-11-12,18.986448287963867,19.079977950176136,18.761978169012373,18.761978169012373,1950
2024-11-13,18.631038665771484,18.911625882838248,18.500098202331,18.911625882838248,2900
2024-11-14,19.192216873168945,19.192216873168945,18.87421704276892,18.87421704276892,400
2024-11-15,19.528919219970703,19.715978554279303,19.45409584303327,19.45409584303327,3500
2024-11-18,19.248332977294922,19.26703926845919,19.173509596567957,19.192215887732228,2050
2024-11-19,19.192216873168945,19.79080394971949,19.13609799679468,19.641157180581853,3850
2024-11-20,19.341861724853516,19.547625566036842,19.341861724853516,19.547625566036842,550
2024-11-21,19.267040252685547,19.360569929354597,19.19221686813635,19.360569929354597,4900
2024-11-22,18.72456932067871,19.098686224482808,18.649745939917892,19.098686224482808,3700
2024-11-25,18.35045051574707,18.35045051574707,18.144684902024782,18.31303793727759,1350
2024-11-26,18.238216400146484,18.350452362922788,18.238216400146484,18.331746071805053,1000
2024-11-27,18.443979263305664,18.443979263305664,18.369155886770287,18.369155886770287,200
2024-11-29,18.08856964111328,18.2756289844516,18.08856964111328,18.2756289844516,300
2024-12-02,17.751863479614258,17.82668685992305,17.69574639036519,17.751863479614258,1450
2024-12-03,17.789274215698242,17.938920960786625,17.789274215698242,17.901508382549572,2450
2024-12-04,17.47127342224121,17.695743526843884,17.47127342224121,17.620920158642992,2350
2024-12-05,17.209394454956055,17.452570900063165,17.11586477854098,17.452570900063165,2350
2024-12-06,16.49856948852539,17.190686159031085,16.49856948852539,17.190686159031085,5100
2024-12-09,16.61080551147461,16.704335177367607,16.105746386010416,16.255393137867213,4500
2024-12-10,16.5546875,16.610804582826503,16.367628178671794,16.367628178671794,2800
2024-12-11,16.012218475341797,16.292805688587777,15.974805895479669,16.292805688587777,5350
2024-12-12,16.236690521240234,16.31151390587557,15.974807783051448,16.049631167686787,6150
2024-12-13,16.124452590942383,16.292805631875968,16.124452590942383,16.2366885462081,2750
2024-12-16,15.7316312789917,16.03092481642937,15.69422047877709,16.03092481642937,3700
2024-12-17,15.619396209716797,15.769042969959465,15.58198362769108,15.71292409692089,1650
2024-12-18,16.91010093688965,16.91010093688965,15.563278233192541,15.843867262758296,4200
2024-12-19,17.041040420532227,17.228099762674486,16.573393849106676,16.704336102178296,6250
2024-12-20,16.966217041015625,17.396452814384837,16.59210014064898,17.37774652338398,4700
2024-12-23,16.893434524536133,17.333967228925843,16.85512836529046,17.333967228925843,850
2024-12-24,16.165599822998047,16.931743128770105,16.165599822998047,16.931743128770105,250
2024-12-26,16.223058700561523,16.223058700561523,16.16559673064851,16.203904710590518,350
2024-12-27,16.83597183227539,16.9125859658331,16.816817842229707,16.816817842229707,1350
2024-12-30,17.295658111572266,17.582962506933214,17.1615838230456,17.468040383463798,27050
2024-12-31,17.69788360595703,17.69788360595703,17.199890759392698,17.27650672959515,7050
2025-01-02,18.100107192993164,18.29164345336088,17.56380822123878,17.60211437733723,9100
2025-01-03,17.391427993774414,17.96603501570426,17.353121833179287,17.851112880668143,5400
2025-01-06,17.276508331298828,17.44888880035992,17.02751188493222,17.06581804695954,6650
2025-01-07,17.92772674560547,18.004340892212213,17.640424152486524,17.678730312477228,3150
2025-01-08,17.81280517578125,18.06180159125147,17.79365118383157,18.06180159125147,2350
2025-01-10,18.19587516784668,18.38741142657933,17.870264623976254,17.870264623976254,6300
2025-01-13,18.042648315429688,18.98117203871232,18.02349432271977,18.98117203871232,4850
2025-01-14,18.080955505371094,18.21503163536153,17.44888832289959,17.525502471483247,5500
2025-01-15,17.123275756835938,17.3914261592171,17.123275756835938,17.27650586292887,11200
2025-01-16,17.353120803833008,17.468041105426952,17.104124381545777,17.104124381545777,3950
2025-01-17,16.893434524536133,16.950896503342598,16.66359208918619,16.87428235822595,7850
2025-01-21,16.606130599975586,16.950895138554714,16.586976608582265,16.606130599975586,14700
2025-01-22,16.75935935974121,16.81681950894812,16.548670928232397,16.586977085495267,3250
2025-01-23,16.54867172241211,16.912588453687388,16.54867172241211,16.81682031599643,2900
2025-01-24,16.797666549682617,16.835972705134935,16.56782231046821,16.56782231046821,350
2025-01-27,16.586977005004883,17.0849698333821,16.586977005004883,17.0849698333821,1400
2025-01-28,16.567825317382812,16.740207614766927,16.529519154978264,16.740207614766927,1600
2025-01-29,16.663593292236328,16.663593292236328,16.51036499094051,16.64443929791799,350
2025-01-30,16.280521392822266,16.395443524016148,16.165599261628387,16.376289531046282,4000
2025-01-31,16.51036262512207,16.586976764791714,16.069831778677916,16.088983943626445,1850
2025-02-03,16.950895309448242,17.525500444039565,16.835973186554874,17.525500444039565,14650
2025-02-04,16.567825317382812,16.835975760716487,16.567825317382812,16.835975760716487,1050
2025-02-05,16.912588119506836,16.97004827033592,16.81681998370819,16.81681998370819,2850
2025-02-06,16.87428092956543,16.989201224198027,16.835972946937797,16.989201224198027,1800
2025-02-07,17.506351470947266,17.563811629557865,16.87428424635417,17.046664722185962,7800
2025-02-10,17.372272491455078,17.525500773779086,17.199890217184265,17.525500773779086,2200
2025-02-11,17.831958770751953,17.870264927173324,17.525500386255136,17.525500386255136,7350
2025-02-12,17.81280517578125,19.4408561323747,17.621268909534862,19.4408561323747,10450
2025-02-13,17.257352828979492,17.52550141961551,17.238198836326838,17.487195260935483,2700
2025-02-14,17.276508331298828,17.353122481978904,16.970049901953086,17.123278203313237,5850
2025-02-18,17.42973518371582,17.64042362391503,17.35312103940472,17.35312103940472,4250
2025-02-19,17.42973518371582,17.50634932802692,17.42973518371582,17.448887349824634,750
2025-02-20,17.736190795898438,17.985187208017443,17.736190795898438,17.851111092799403,6700
2025-02-21,18.655561447143555,18.78963756932958,17.736191717655093,17.736191717655093,31400
2025-02-24,18.88540267944336,19.21101322793593,18.578946122420977,19.21101322793593,28900
2025-02-25,19.096092224121094,19.59408319750018,18.770481687704905,18.770481687704905,15500
2025-02-26,19.19186019897461,19.26847433478064,18.540639131310787,18.789635529336664,13300
2025-02-27,19.804773330688477,19.843079485366506,18.90455586294125,18.90455586294125,17100
2025-02-28,19.153554916381836,19.9580043689999,19.153554916381836,19.804776075798873,13800
2025-03-03,20.072921752929688,20.20699785992784,18.636405343360767,18.636405343360767,26850
2025-03-04,20.5709171295166,21.068909985751716,19.84308183808651,20.87737370977658,29350
2025-03-05,19.9388484954834,21.27959684787406,19.88138834760777,21.27959684787406,37050
2025-03-06,21.030603408813477,21.26044768603176,20.302769895248804,21.26044768603176,42100
2025-03-07,21.12636947631836,22.122355157599127,20.915681040643694,21.317905746295505,40950
2025-03-10,22.601194381713867,22.907650957472654,21.605208683872533,21.77759096439317,79650
2025-03-11,22.965110778808594,23.463103620574106,22.256429500892406,22.773576335023954,47700
2025-03-12,22.75442123413086,23.252414051635654,22.103200138413076,22.371350538598385,30200
2025-03-13,23.88448143005371,24.09516985835845,22.94595593194581,22.94595593194581,53750
2025-03-14,22.907649993896484,23.5588711033039,22.907649993896484,23.099186259001677,53100
2025-03-17,22.792728424072266,23.194953129279437,22.6011939809321,23.194953129279437,18000
2025-03-18,23.673791885375977,23.827020169944735,23.309875166181484,23.386489308465865,30700
2025-03-19,22.75442123413086,23.884481155920525,22.103200138413076,23.884481155920525,37700
2025-03-20,22.88849449157715,23.041722762899205,22.333041551378418,22.907648482148677,12900
2025-03-21,22.88849449157715,23.92278623631358,22.792726365344592,23.92278623631358,34050
2025-03-24,21.01144790649414,23.424794168008287,20.9731399241625,23.424794168008287,56550
2025-03-25,20.704994201660156,21.183833086904027,20.704994201660156,20.877374665982625,15950
2025-03-26,21.2565860748291,21.448778331946617,20.77610268268729,20.77610268268729,29150
2025-03-27,21.237367630004883,21.50643717340934,20.58390988248184,21.50643717340934,14300
2025-03-28,22.621158599853516,22.6595963174685,21.60253250602605,21.6601918317965,42450
2025-03-31,22.659597396850586,25.657814662482927,22.352088309688035,25.657814662482927,45300
2025-04-01,22.025360107421875,23.735881747226546,21.698631234280548,23.735881747226546,25650
2025-04-02,21.141271591186523,22.621161482361046,20.949077479925275,22.621161482361046,88750
2025-04-03,23.65900421142578,23.908853974806586,22.89022964605044,23.908853974806586,125800
2025-04-04,25.811569213867188,25.984543533673097,24.254802168512736,25.196549206457423,65050
2025-04-07,26.407365798950195,28.54071315287277,23.966511211785694,28.041010003945082,83500
2025-04-08,27.714282989501953,28.367740714567127,24.139487110667392,24.71606573123197,34950
2025-04-09,21.91004180908203,28.1563258671772,21.41034047743741,28.1563258671772,94350
2025-04-10,23.38993263244629,24.56231149736418,22.64037785021427,22.64037785021427,69900
2025-04-11,22.986326217651367,24.33167938794744,22.871009393729423,23.370712575893283,77650
2025-04-14,22.832571029663086,23.351492140412933,22.083016277581432,22.409745131086357,26850
2025-04-15,23.120861053466797,23.409152197678342,22.640377646012965,22.77491424647118,29900
2025-04-16,24.370119094848633,24.889040223543073,23.23617795616611,23.77431886111928,50900
2025-04-17,24.04339027404785,24.44699641172607,23.755099128335555,24.120267546324715,26700
2025-04-21,25.311866760253906,25.94610472922529,24.812163562610156,24.908260613372228,44800
2025-04-22,23.735881805419922,24.85060319902373,23.2361786061082,24.85060319902373,144000
2025-04-23,22.582719802856445,22.75569412014212,21.467998461347342,21.890824366612467,40950
2025-04-24,21.75628662109375,22.832570186956765,21.737068679107633,22.832570186956765,56550
2025-04-25,20.987516403198242,21.91004371050862,20.987516403198242,21.73707121506205,37300
2025-04-28,20.987516403198242,21.54487710958964,20.56469047089824,20.968296626071236,25250
2025-04-29,20.68000602722168,21.890824418174674,20.66078625127829,21.42955896002683,25150
2025-04-30,21.141271591186523,22.25599303754445,21.0643943132618,21.871606647920835,40100
2025-05-01,20.9106388092041,20.9682963068084,20.161084008753,20.9682963068084,18650
2025-05-02,20.27640151977539,20.68000768239666,20.064987633274477,20.295621297257085,12850
2025-05-05,20.7376651763916,20.756884953868152,20.487813567893046,20.487813567893046,6600
2025-05-06,21.10283088684082,21.237367490558466,20.776103848123412,21.025953613101645,23350
2025-05-07,20.756885528564453,21.10283236822627,20.5646914142754,20.910640086836132,7450
2025-05-08,20.237960815429688,20.583909458857143,19.834354675730577,20.449374689923694,29650
2025-05-09,20.084205627441406,20.237960167845078,19.81513609818433,20.199522449193513,22950
2025-05-12,18.08539390563965,18.508219788007345,17.8547621060478,17.8547621060478,70950
2025-05-13,17.60491180419922,18.008517940884953,17.489596812516865,18.008517940884953,24300
2025-05-14,17.45115852355957,17.624132856505906,17.33584352352793,17.489598078836035,5200
2025-05-15,17.60491180419922,17.854763396709316,17.547254308358042,17.72022862878032,18200
2025-05-16,17.258962631225586,17.54725376734036,17.23974468847022,17.54725376734036,7600
2025-05-19,17.355060577392578,17.97008059995349,17.297403080336448,17.97008059995349,38550
2025-05-20,17.45115852355957,17.643352634144136,17.258964412975,17.431938745921336,26650
2025-05-21,18.258371353149414,18.354468411061564,17.72023039489987,17.7971076746498,43150
2025-05-22,18.08539390563965,18.450562296334034,17.835542331190492,18.450562296334034,37900
2025-05-23,18.46978187561035,18.796510745554134,18.316027328919017,18.796510745554134,20050
2025-05-27,17.39350128173828,17.95086201122851,17.335843780866576,17.912422455381435,39050
2025-05-28,17.701007843017578,17.701007843017578,17.33584127965114,17.374278997053516,9000
2025-05-29,17.68178939819336,17.758666671680768,17.2205257572689,17.2205257572689,12900
2025-05-30,17.816328048706055,18.085397620380803,17.60491414764848,17.66257165116464,6600
2025-06-02,17.816328048706055,18.335249246149488,17.816328048706055,18.085397620380803,8050
2025-06-03,17.64335060119629,17.758665587940804,17.33584152601269,17.681788319144903,11250
2025-06-04,17.701007843017578,17.931639646127742,17.52803353246029,17.52803353246029,4350
2025-06-05,18.623537063598633,18.834950947253287,17.643352252913637,17.98929907843235,8750
2025-06-06,18.14305305480957,18.21993032836347,17.97008056398738,18.104615334482013,5200
2025-06-09,17.87398338317871,18.450563847068107,17.816325886659403,18.296809301084103,9800
2025-06-10,17.45115852355957,17.73944785653754,17.45115852355957,17.73944785653754,3350
2025-06-11,17.73944664001465,17.797105968975227,17.25896322940235,17.25896322940235,7750
2025-06-12,17.922029495239258,17.941249270107384,17.77788484952553,17.873981890967553,3700
2025-06-13,18.296810150146484,18.54665992429068,17.902812045767902,18.54665992429068,22100
2025-06-16,17.87398338317871,18.123834978627407,17.82593394199698,18.123834978627407,3800
2025-06-17,18.47939109802246,18.537050425628152,17.998907698700616,18.027737362503462,39300
2025-06-18,18.489002227783203,18.49861211636294,18.133445514827105,18.133445514827105,18400
2025-06-20,18.460172653198242,18.61392903833443,18.037348550994963,18.037348550994963,14000
2025-06-23,17.729839324951172,18.354467418244823,17.662570105022095,18.354467418244823,32800
2025-06-24,17.51842498779297,17.614522038013366,17.335842608562874,17.335842608562874,8800
2025-06-25,17.9638671875,18.080831096307662,17.6909483017691,17.71044290627298,5800
2025-06-26,17.612972259521484,17.95412041191542,17.603224956983617,17.915131201763945,2000
2025-06-27,17.096378326416016,17.515501183045846,17.096378326416016,17.515501183045846,5200
2025-06-30,17.22308921813965,17.301065778268942,17.10612344839179,17.16460726281964,4700
2025-07-01,17.08662986755371,17.651960365636604,16.969664103522742,17.583731111246767,6800
2025-07-02,16.842954635620117,17.008655067292192,16.79421812094719,16.959918552619264,3600
2025-07-03,16.657758712768555,16.80396453080105,16.57978215254403,16.80396453080105,22200
2025-07-07,17.096378326416016,17.31081340602485,17.05738911606466,17.193847634078658,7500
2025-07-08,17.23283576965332,17.23283576965332,16.959916891538843,16.959916891538843,6000
2025-07-09,17.028146743774414,17.203594467353565,16.959917486628704,17.19384716503163,13500
2025-07-10,16.667505264282227,17.067135349817285,16.579781405593288,17.067135349817285,4300
2025-07-11,16.67725372314453,16.862446896238733,16.609024463677414,16.862446896238733,2600
2025-07-14,16.57003402709961,16.735734441734916,16.57003402709961,16.735734441734916,1800
2025-07-15,17.00865364074707,17.00865364074707,16.570034341018182,16.570034341018182,6700
2025-07-16,16.969663619995117,17.13536402983806,16.93067627250085,17.115869426537078,11700
2025-07-17,16.85270118713379,17.07688356730969,16.81371197713388,17.07688356730969,6400
2025-07-18,16.57978057861328,16.725986382766354,16.57978057861328,16.7064917797839,1500
2025-07-21,16.433574676513672,16.472562023138543,16.306861616990616,16.40433277221428,6700
2025-07-22,16.082679748535156,16.40433326914155,16.063185145078354,16.30686211096525,4000
2025-07-23,15.97546100616455,16.063184861061384,15.926726357491946,16.03394481550089,7500
2025-07-24,16.462814331054688,16.501803535862027,16.23863198073531,16.492056234660193,9500
2025-07-25,16.189899444580078,16.384839916709172,16.16065753716218,16.35559986839913,2700
2025-07-28,15.994956016540527,16.0339452237575,15.877992113105064,15.897484857605825,1700
2025-07-29,16.258129119873047,16.277623725318435,16.16065795175401,16.16065795175401,2100
2025-07-30,16.336105346679688,16.589529634935673,16.228886878042346,16.2776233906538,4800
2025-07-31,16.706493377685547,16.7454825873796,16.38483983414099,16.38483983414099,4400
2025-08-01,17.53499412536621,17.729936440420733,17.427775666175457,17.622717981229975,22900
2025-08-04,17.135364532470703,17.349799597748436,17.08662988189641,17.349799597748436,33100
2025-08-05,17.07688331604004,17.164607178141203,16.930677498907375,17.13536527107154,67000
2025-08-06,16.39458656311035,16.97941167431006,16.39458656311035,16.950169768062356,12700
2025-08-07,16.433574676513672,16.638262429286474,16.25812696893261,16.25812696893261,9700
2025-08-08,16.365346908569336,16.38483965409432,16.228886535247508,16.375092351777916,4800
2025-08-11,16.31661033630371,16.31661033630371,16.17040452031706,16.287368429463257,3200
2025-08-12,15.936474800109863,16.199646383643618,15.916980195601923,15.985209452271903,17000
2025-08-13,15.497855186462402,15.809761415964331,15.488108813955881,15.809761415964331,13600
2025-08-14,15.507601737976074,15.702544051533726,15.507601737976074,15.614820196343551,4900
2025-08-15,15.634315490722656,15.73178479270297,15.351649309477999,15.351649309477999,10200
2025-08-18,15.507601737976074,15.7707733035466,15.507601737976074,15.7707733035466,1800
2025-08-19,15.566084861755371,15.60507313916678,15.283419618134188,15.380889846885783,4700
2025-08-20,15.829256057739258,16.01445107911198,15.60507368713994,15.60507368713994,6000
2025-08-21,16.043689727783203,16.180150085950967,15.955967734892834,15.955967734892834,22900
2025-08-22,15.08847713470459,15.819508025251608,15.078730762624886,15.819508025251608,27700
2025-08-25,15.098224639892578,15.273672353446482,15.059236362386585,15.273672353446482,2400
2025-08-26,15.010501861572266,15.14696130742435,15.010501861572266,15.117720329582449,1600
2025-08-27,14.991007804870605,14.991007804870605,14.961766827772504,14.961766827772504,700
2025-08-28,14.961766242980957,15.107972052310805,14.961766242980957,15.068983774519255,600
2025-08-29,15.302913665771484,15.341901944135016,15.088477669995118,15.088477669995118,4100
2025-09-02,15.517349243164062,15.780520812187598,15.517349243164062,15.780520812187598,6300
2025-09-03,15.419878959655762,15.507602820972261,15.273673143830868,15.507602820972261,2200
2025-09-04,14.844799995422363,15.254177363645859,14.844799995422363,15.254177363645859,3600
2025-09-05,14.874042510986328,14.932524463389868,14.591377262225555,14.66935381846619,3500
2025-09-08,14.757078170776367,14.84480110231914,14.708342589105555,14.796066450202234,4600
2025-09-09,14.796066284179688,14.95201940013325,14.796066284179688,14.815559958896936,4100
2025-09-10,15.156707763671875,15.21518971609056,14.718089402316252,14.718089402316252,5100
2025-09-11,14.58163070678711,15.039743695318514,14.552389729088402,15.039743695318514,5200
2025-09-12,14.425676345825195,14.523146572957177,14.406181742666496,14.474411924168107,5900
2025-09-15,14.201493263244629,14.240481540573668,13.948069925382807,14.045540153928476,4300
2025-09-16,14.006551742553711,14.133263875048886,13.99680444092627,14.113769271794007,1800
2025-09-17,14.113770484924316,14.337953793855574,13.909082710477499,14.113770484924316,12400
2025-09-18,14.211240768432617,14.211240768432617,13.996804775275825,14.094275934770877,3800
2025-09-19,14.133264541625977,14.152759145800294,14.065035286123647,14.143011843713134,1300
2025-09-22,14.201493263244629,14.211240564965353,14.035792852207752,14.172252287636315,12700
2025-09-23,14.484158515930176,14.532894095012445,14.074781138925273,14.074781138925273,7100
2025-09-24,14.301191329956055,14.45943395959422,14.291300929803551,14.340751987365596,3600
2025-09-25,14.696797370910645,14.785809082653243,14.518774890625886,14.518774890625886,29000
2025-09-26,14.281410217285156,14.627566669447795,14.27152076054943,14.52866455648691,19100
2025-09-29,14.162728309631348,14.3209709365009,14.12316765291396,14.202288966348735,11200
2025-09-30,14.281410217285156,14.489103899942648,14.281410217285156,14.330861273765597,12800
2025-10-01,14.123167991638184,14.37042233785202,14.053937076522462,14.37042233785202,11100
2025-10-02,14.320971488952637,14.340752289674631,13.90558504899617,13.90558504899617,16200
2025-10-03,14.528664588928223,14.637457102068208,14.162728279276573,14.162728279276573,8800
2025-10-06,14.271520614624023,14.578115463907032,14.271520614624023,14.419872839348002,5000
2025-10-07,14.785809516906738,14.785809516906738,14.47921465990037,14.47921465990037,10800
2025-10-08,14.696797370910645,14.89460159398328,14.627566458755485,14.835260138421402,18200
2025-10-09,14.85504150390625,15.03306399097271,14.85504150390625,14.914382018528245,28000
2025-10-10,15.675925254821777,15.675925254821777,14.766029224328628,14.92427184820562,29000
2025-10-13,14.983613014221191,15.4979025074578,14.944052356526106,15.4979025074578,15700
2025-10-14,14.944051742553711,15.478121071095526,14.766029261840066,15.309988046998987,18900
2025-10-15,14.944051742553711,15.122075166467795,14.637456893813276,14.75613886202252,14600
2025-10-16,15.181416511535645,15.408890046478835,14.825369666302223,14.924271777356047,12000
2025-10-17,14.934163093566895,15.280318617096954,14.894602435357731,15.280318617096954,17100
2025-10-20,14.686908721923828,14.825370553847913,14.677018321586253,14.75613963788587,19800
2025-10-21,14.311081886291504,14.578116090920048,14.241850027668894,14.568225690659606,12500
2025-10-22,14.578115463256836,14.686907975036648,14.419872838704864,14.419872838704864,13500
2025-10-23,14.459433555603027,14.904491174825742,14.459433555603027,14.87482091839768,5100
2025-10-24,14.528664588928223,14.528664588928223,14.261630392458297,14.261630392458297,4300
2025-10-27,14.103387832641602,14.301191116740268,14.05393677581682,14.23196020310585,9700
2025-10-28,14.133058547973633,14.152839348625474,13.98470631588677,14.152839348625474,12200
2025-10-29,14.390202522277832,14.44954303463667,14.162728043034452,14.222069498593727,6900
2025-10-30,15.042954444885254,15.042954444885254,14.637457468451212,14.667127725868209,29900
2025-10-31,14.241849899291992,14.400093472431193,14.083607269353266,14.281410556776674,13300
2025-11-03,14.004486083984375,14.063827542360793,13.91547436801999,14.063827542360793,19300
2025-11-04,14.459433555603027,14.459433555603027,14.2022888180253,14.26163027408187,91700
2025-11-05,14.11327838897705,14.528664818585188,14.073716788518642,14.429763647040572,14700
2025-11-06,14.756138801574707,14.894601568851838,14.271520530905402,14.271520530905402,50600
2025-11-07,14.736358642578125,15.082515104217403,14.657237327323514,14.93416287391513,35600
2025-11-10,14.350642204284668,14.538555088780543,14.30119114735403,14.370422061136647,26100
2025-11-11,14.271520614624023,14.429763239183053,14.271520614624023,14.311081270763781,4600
2025-11-12,14.489104270935059,14.489104270935059,14.142948753109588,14.142948753109588,8100
2025-11-13,15.211087226867676,15.211087226867676,14.657237086003633,14.657237086003633,6900
2025-11-14,15.359439849853516,15.646254856107813,15.112185501592895,15.478121823834554,17700
2025-11-17,15.656145095825195,15.80449732597976,15.201197061963924,15.458341807885615,14300
2025-11-18,16.200103759765625,16.338567474909564,15.745156673095234,15.883618501838233,22000
2025-11-19,16.239665985107422,16.407799020651204,16.061642549072708,16.120983065617278,6500
2025-11-20,16.714393615722656,16.714393615722656,15.557243186904882,15.78471767845734,25100
2025-11-21,16.041860580444336,16.615490562358104,15.834167844455274,16.615490562358104,45600
2025-11-24,15.636364936828613,15.903399134592808,15.468231909525047,15.903399134592808,12400
2025-11-25,14.99350357055664,15.695705959356085,14.97372371310339,15.577023985035114,21200
2025-11-26,14.815479278564453,15.003393101078935,14.73635796693744,14.944051645758458,5500
2025-11-28,14.617676734924316,14.696798050531989,14.59789687762264,14.677018193230312,6500
2025-12-01,14.647347450256348,14.864930589366377,14.459433624515334,14.864930589366377,21500
2025-12-02,14.617676734924316,14.726469251285227,14.48910436126173,14.48910436126173,5100
2025-12-03,14.33086109161377,14.43965360312803,14.26163017934138,14.43965360312803,14300
2025-12-04,14.439654350280762,14.508885266135374,14.301191575371046,14.390203291870113,3400
2025-12-05,14.281410217285156,14.330861273765597,14.231960104005168,14.330861273765597,2900
2025-12-08,14.726469039916992,14.726469039916992,14.647347725444945,14.647347725444945,3600
2025-12-09,14.706687927246094,14.766029383439617,14.617676214556031,14.756138983540621,13700
2025-12-10,14.271520614624023,14.607786663412183,14.152838646204751,14.568225064071983,11200
2025-12-11,14.192399978637695,14.370422468149473,14.152839320612802,14.370422468149473,16100
2025-12-12,14.03415584564209,14.26163032764611,13.964924932649776,13.964924932649776,7900
2025-12-15,13.816573143005371,13.875913657958025,13.727561427375912,13.806682742779769,6200
2025-12-16,13.77701187133789,13.97481515103253,13.72756081561412,13.747340671983366,8500
2025-12-17,14.093497276306152,14.093497276306152,13.638549256325444,13.75723122546818,4200
2025-12-18,13.688000679016113,13.727561336456025,13.391295276616537,13.66821987869592,26000
2025-12-19,13.786901473999023,13.786901473999023,13.697890704593666,13.697890704593666,16300
2025-12-22,13.658329963684082,13.678109820140454,13.549537451972487,13.62865876419886,15000
2025-12-23,13.688000679016113,13.747341193575744,13.658330421736297,13.658330421736297,4200
2025-12-24,13.579999923706055,13.729999542236328,13.579999923706055,13.729999542236328,6800
2025-12-26,13.729999542236328,13.770000457763672,13.569999694824219,13.579999923706055,2400
2025-12-29,14.020000457763672,14.020000457763672,13.779999732971191,13.779999732971191,12000
2025-12-30,14.109999656677246,14.109999656677246,14.039999961853027,14.0600004196167,4700
2025-12-31,14.34000015258789,14.34000015258789,14.199999809265137,14.199999809265137,9700
2026-01-02,14.630000114440918,14.640000343322754,14.029999732971191,14.149999618530273,16600
2026-01-05,14.140000343322754,14.430000305175781,13.970000267028809,14.430000305175781,15800
2026-01-06,13.960000038146973,14.3100004196167,13.960000038146973,14.3100004196167,3300
2026-01-07,14.0,14.0,13.729999542236328,13.869999885559082,3300
2026-01-08,13.5600004196167,14.140000343322754,13.510000228881836,14.140000343322754,1600
2026-01-09,13.220000267028809,13.579999923706055,13.220000267028809,13.579999923706055,3600
2026-01-12,13.220000267028809,13.449999809265137,13.119999885559082,13.319999694824219,4600
2026-01-13,13.270000457763672,13.350000381469727,13.239999771118164,13.239999771118164,2900
2026-01-14,13.699999809265137,13.829999923706055,13.460000038146973,13.5,9900
2026-01-15,13.609999656677246,13.630000114440918,13.510000228881836,13.630000114440918,2700
2026-01-16,13.699999809265137,13.789999961853027,13.640000343322754,13.640000343322754,4000
2026-01-20,14.420000076293945,14.460000038146973,14.109999656677246,14.229999542236328,22100
2026-01-21,13.869999885559082,14.40999984741211,13.789999961853027,14.40999984741211,12200
2026-01-22,13.600000381469727,13.760000228881836,13.5,13.609999656677246,3000
2026-01-23,13.510000228881836,13.899999618530273,13.510000228881836,13.600000381469727,5700
2026-01-26,13.65999984741211,13.65999984741211,13.449999809265137,13.449999809265137,2300
2026-01-27,13.600000381469727,13.819999694824219,13.569999694824219,13.819999694824219,3000
2026-01-28,13.779999732971191,13.779999732971191,13.40999984741211,13.550000190734863,1200
2026-01-29,13.949999809265137,14.119999885559082,13.680000305175781,13.680000305175781,4100
2026-01-30,13.9399995803833,13.970000267028809,13.779999732971191,13.960000038146973,3100
2026-02-02,13.770000457763672,14.170000076293945,13.680000305175781,14.170000076293945,5300
2026-02-03,14.020000457763672,14.199999809265137,13.640000343322754,13.640000343322754,7900
2026-02-04,14.199999809265137,14.359999656677246,13.970000267028809,14.010000228881836,14100
2026-02-05,14.819999694824219,14.9399995803833,14.5600004196167,14.640000343322754,11900
2026-02-06,14.729999542236328,16.389999389648438,14.720000267028809,16.389999389648438,126100
2026-02-09,14.850000381469727,15.119999885559082,14.75,15.0,18600
2026-02-10,14.65999984741211,14.859999656677246,14.4399995803833,14.859999656677246,12400
2026-02-11,14.770000457763672,14.8100004196167,14.529999732971191,14.529999732971191,2600
2026-02-12,15.220000267028809,15.260000228881836,14.640000343322754,14.640000343322754,45700
2026-02-13,15.239999771118164,15.34000015258789,15.0,15.34000015258789,8600
2026-02-17,15.260000228881836,15.630000114440918,15.239999771118164,15.390000343322754,44600
2026-02-18,14.979999542236328,15.329999923706055,14.8100004196167,15.329999923706055,13300
2026-02-19,15.1899995803833,15.350000381469727,15.130000114440918,15.229999542236328,8900
2026-02-20,14.90999984741211,15.40999984741211,14.880000114440918,15.40999984741211,60700
2026-02-23,15.5600004196167,15.789999961853027,15.100000381469727,15.100000381469727,45400
2026-02-24,15.050000190734863,15.380000114440918,14.84000015258789,15.319999694824219,11500
2026-02-25,14.970000267028809,15.119999885559082,14.930000305175781,14.930000305175781,15200
2026-02-26,14.989999771118164,15.199999809265137,14.850000381469727,14.880000114440918,12600
2026-02-27,15.0600004196167,15.34000015258789,15.0600004196167,15.34000015258789,5600
2026-03-02,15.399999618530273,15.720000267028809,15.369999885559082,15.720000267028809,10100
2026-03-03,15.720000267028809,16.34000015258789,15.640000343322754,16.09000015258789,17900
2026-03-04,15.170000076293945,15.65999984741211,15.09000015258789,15.65999984741211,23800
2026-03-05,15.130000114440918,15.359999656677246,15.010000228881836,15.199999809265137,12700
2026-03-06,15.680000305175781,15.829999923706055,15.539999961853027,15.729999542236328,41800
2026-03-09,15.630000114440918,16.610000610351562,15.600000381469727,16.1299991607666,109700
2026-03-10,15.720000267028809,15.770000457763672,15.359999656677246,15.630000114440918,14900
2026-03-11,15.800000190734863,15.90999984741211,15.470000267028809,15.760000228881836,33400
2026-03-12,16.530000686645508,16.540000915527344,15.920000076293945,15.920000076293945,50228
