date,close,high,low,open,volume
2021-03-15,231.33999633789062,231.4499969482422,223.5,227.5,3409200
2021-03-16,233.4600067138672,242.3800048828125,228.7899932861328,234.67999267578125,3751400
2021-03-17,224.35000610351562,229.6999969482422,214.5,226.89999389648438,6356800
2021-03-18,211.25999450683594,218.97999572753906,209.56500244140625,216.4499969482422,5054400
2021-03-19,214.89999389648438,218.4600067138672,209.0,211.74000549316406,3433000
2021-03-22,217.83999633789062,222.4600067138672,215.02999877929688,218.38999938964844,3132000
2021-03-23,216.63999938964844,223.25,214.60000610351562,220.0,3149400
2021-03-24,197.5,218.00999450683594,196.70199584960938,218.0,8021700
2021-03-25,202.61000061035156,204.6300048828125,189.61000061035156,190.0,6522000
2021-03-26,209.24000549316406,213.1999969482422,201.61000061035156,205.1999969482422,5270000
2021-03-29,204.25,210.0,199.8699951171875,208.72999572753906,4326300
2021-03-30,214.35000610351562,217.5,199.77999877929688,203.0,5073200
2021-03-31,223.22999572753906,228.0800018310547,217.4199981689453,218.0,4872500
2021-04-01,236.4499969482422,240.0,228.2100067138672,228.5,4868500
2021-04-05,234.89999389648438,240.49000549316406,230.52999877929688,239.50999450683594,2373700
2021-04-06,247.02999877929688,250.3249969482422,235.1999969482422,237.0,4752500
2021-04-07,245.22000122070312,249.75999450683594,242.02000427246094,243.0,3714200
2021-04-08,253.11000061035156,258.6000061035156,249.22999572753906,250.0,3912900
2021-04-09,250.92999267578125,253.3249969482422,248.64999389648438,253.02999877929688,2657600
2021-04-12,245.33999633789062,250.35000610351562,240.82000732421875,247.80999755859375,2915300
2021-04-13,244.1999969482422,250.5,239.39999389648438,245.0,2186400
2021-04-14,245.55999755859375,251.92999267578125,242.8800048828125,247.38999938964844,2776600
2021-04-15,250.10000610351562,254.3699951171875,245.1300048828125,248.22999572753906,3953100
2021-04-16,252.4199981689453,254.25999450683594,247.1790008544922,254.17999267578125,1925600
2021-04-19,250.0,261.54998779296875,247.5500030517578,249.2899932861328,4399800
2021-04-20,236.44000244140625,252.89999389648438,232.25,252.89999389648438,3749000
2021-04-21,241.08999633789062,242.89999389648438,228.22000122070312,230.42999267578125,2212300
2021-04-22,246.49000549316406,251.8300018310547,243.24000549316406,245.0,2989000
2021-04-23,258.5899963378906,259.2049865722656,249.2899932861328,250.0,2700900
2021-04-26,272.010009765625,272.239990234375,258.0,259.8500061035156,3885700
2021-04-27,267.1400146484375,278.0,267.1199951171875,272.0,2829200
2021-04-28,265.6700134277344,270.4700012207031,263.6400146484375,268.5299987792969,1841800
2021-04-29,256.8299865722656,270.0,255.22999572753906,269.9800109863281,2448700
2021-04-30,252.5399932861328,259.25,252.10000610351562,255.00999450683594,2011500
2021-05-03,254.6199951171875,259.7099914550781,252.72000122070312,256.0,2141500
2021-05-04,243.47999572753906,250.66000366210938,236.5,248.99000549316406,4445100
2021-05-05,244.89999389648438,250.82000732421875,242.67999267578125,245.72000122070312,2771100
2021-05-06,238.25,245.3800048828125,234.1999969482422,243.0,4643800
2021-05-07,240.27999877929688,248.7899932861328,238.02000427246094,242.99000549316406,2281400
2021-05-10,222.5500030517578,234.99000549316406,220.6649932861328,234.99000549316406,6593100
2021-05-11,228.77000427246094,229.81199645996094,212.5500030517578,212.69000244140625,5050600
2021-05-12,213.4199981689453,224.86000061035156,213.3699951171875,223.3800048828125,4473700
2021-05-13,202.33999633789062,217.7899932861328,200.0,217.00999450683594,5779500
2021-05-14,216.69000244140625,218.27499389648438,207.32000732421875,207.32000732421875,3488000
2021-05-17,218.83999633789062,221.77999877929688,213.92999267578125,216.74000549316406,3803400
2021-05-18,228.0,228.11000061035156,203.9600067138672,206.75,9603700
2021-05-19,226.66000366210938,226.67999267578125,218.32000732421875,219.5,3922700
2021-05-20,246.14999389648438,246.75,230.58999633789062,230.74000549316406,6234700
2021-05-21,246.3300018310547,250.25,242.5,246.14999389648438,4539900
2021-05-24,254.0,259.07000732421875,249.5,249.5,4251200
2021-05-25,249.5399932861328,258.0,249.3000030517578,256.7300109863281,2027100
2021-05-26,246.22999572753906,254.27000427246094,245.88999938964844,251.8000030517578,1988500
2021-05-27,260.6199951171875,261.5,241.4499969482422,247.99000549316406,6829000
2021-05-28,253.24000549316406,261.3399963378906,252.00999450683594,255.50999450683594,3174800
2021-06-01,257.5400085449219,262.8900146484375,253.04299926757812,257.70001220703125,2934400
2021-06-02,258.3500061035156,261.9700012207031,255.83999633789062,256.5299987792969,1507200
2021-06-03,249.60000610351562,257.6449890136719,248.60499572753906,256.1600036621094,2181400
2021-06-04,256.82000732421875,260.5249938964844,251.60000610351562,252.0,1953400
2021-06-07,257.32000732421875,258.0,253.1999969482422,256.3800048828125,1987900
2021-06-08,264.1000061035156,270.0,256.8800048828125,260.0,3611200
2021-06-09,263.0799865722656,269.7300109863281,262.22601318359375,265.0,2201900
2021-06-10,271.1199951171875,272.5,266.2099914550781,268.5,3428900
2021-06-11,277.69000244140625,278.5199890136719,270.17999267578125,272.0,3048500
2021-06-14,277.07000732421875,282.760009765625,275.1400146484375,278.8800048828125,2801000
2021-06-15,271.19000244140625,280.0,264.3699951171875,280.0,2872200
2021-06-16,274.7799987792969,276.94000244140625,269.1300048828125,270.6700134277344,2350600
2021-06-17,283.239990234375,285.3900146484375,273.0,273.19000244140625,4189400
2021-06-18,282.489990234375,286.6000061035156,280.0,284.6000061035156,2529900
2021-06-21,281.05999755859375,281.79998779296875,272.94000244140625,279.0299987792969,1721600
2021-06-22,280.8699951171875,282.79998779296875,276.0199890136719,281.0,1666800
2021-06-23,280.8800048828125,286.0,279.6600036621094,283.5,2797100
2021-06-24,289.4200134277344,297.75,284.04998779296875,285.7200012207031,4060600
2021-06-25,283.3500061035156,292.6499938964844,282.8500061035156,290.010009765625,3565600
2021-06-28,281.1199951171875,287.80999755859375,281.1199951171875,284.5400085449219,2475200
2021-06-29,287.19000244140625,287.3900146484375,276.5090026855469,282.0,3092200
2021-06-30,274.6000061035156,289.9800109863281,274.44000244140625,288.0199890136719,4929500
2021-07-01,272.30999755859375,278.9800109863281,269.7699890136719,274.6000061035156,2946300
2021-07-02,273.70001220703125,279.6499938964844,273.010009765625,273.9100036621094,1873300
2021-07-06,275.67999267578125,279.2300109863281,271.55999755859375,275.0,2522900
2021-07-07,267.8599853515625,277.20001220703125,264.3599853515625,276.25,2792000
2021-07-08,267.0,268.5799865722656,253.02999877929688,254.80999755859375,3079900
2021-07-09,275.70001220703125,278.1199951171875,267.9200134277344,268.3800048828125,1969900
2021-07-12,275.8599853515625,281.45001220703125,272.6000061035156,277.9200134277344,1098900
2021-07-13,280.94000244140625,286.6000061035156,276.239990234375,278.7300109863281,2129600
2021-07-14,275.5799865722656,288.42498779296875,274.2200012207031,285.0,1910700
2021-07-15,268.8299865722656,276.8399963378906,264.9599914550781,272.20001220703125,2111600
2021-07-16,267.6000061035156,271.8699951171875,264.5199890136719,271.3699951171875,1517600
2021-07-19,272.8399963378906,274.6700134277344,260.0,260.1300048828125,1842700
2021-07-20,279.6400146484375,282.6000061035156,270.739990234375,275.989990234375,1946900
2021-07-21,293.9200134277344,295.5,277.19000244140625,278.8399963378906,2830900
2021-07-22,293.7900085449219,298.4599914550781,290.1600036621094,293.6600036621094,1914600
2021-07-23,297.6700134277344,300.0,292.0899963378906,294.07000732421875,2668300
2021-07-26,289.7200012207031,295.3800048828125,284.82000732421875,294.67999267578125,2393300
2021-07-27,270.9200134277344,280.29998779296875,255.75100708007812,276.3900146484375,7949000
2021-07-28,275.5400085449219,276.3800048828125,264.9700012207031,274.0,4302500
2021-07-29,285.010009765625,289.44000244140625,281.0,283.0199890136719,2419500
2021-07-30,276.1600036621094,285.9800109863281,273.1099853515625,278.69000244140625,2288500
2021-08-02,281.2900085449219,286.52301025390625,276.4100036621094,279.7950134277344,1683000
2021-08-03,282.9700012207031,283.2460021972656,277.2349853515625,282.239990234375,1446000
2021-08-04,293.510009765625,293.9700012207031,283.9200134277344,284.89801025390625,2653000
2021-08-05,304.0,307.489990234375,291.9100036621094,291.9100036621094,4667400
2021-08-06,302.7200012207031,304.989990234375,296.5,304.989990234375,2683400
2021-08-09,307.1400146484375,311.42999267578125,298.4200134277344,303.2300109863281,2447400
2021-08-10,296.95001220703125,310.20001220703125,295.8699951171875,308.82000732421875,1893900
2021-08-11,297.0,304.989990234375,292.6000061035156,302.3599853515625,1599100
2021-08-12,306.239990234375,308.531005859375,295.6400146484375,302.5299987792969,2291800
2021-08-13,306.7099914550781,315.0,303.35400390625,305.1300048828125,1887600
2021-08-16,290.489990234375,305.44000244140625,285.75,305.0,3715800
2021-08-17,308.2699890136719,317.2550048828125,288.1700134277344,296.0199890136719,7334500
2021-08-18,318.6099853515625,326.7900085449219,305.5,311.4100036621094,4936300
2021-08-19,321.1199951171875,328.3500061035156,309.95001220703125,309.95001220703125,5107000
2021-08-20,309.3299865722656,321.989990234375,308.52801513671875,316.989990234375,4813200
2021-08-23,315.2300109863281,316.44500732421875,306.2300109863281,311.94000244140625,3229300
2021-08-24,312.0,321.5299987792969,310.8699951171875,319.989990234375,2272700
2021-08-25,320.0899963378906,320.7799987792969,312.20001220703125,314.42999267578125,2235800
2021-08-26,321.7699890136719,322.80499267578125,313.04998779296875,316.2699890136719,2742600
2021-08-27,321.0299987792969,325.6300048828125,317.0249938964844,319.8500061035156,2903100
2021-08-30,331.82000732421875,337.4989929199219,324.0400085449219,325.0,3579900
2021-08-31,338.32000732421875,344.7699890136719,330.2699890136719,338.0,11631800
2021-09-01,340.0799865722656,349.2170104980469,338.989990234375,340.0,4197700
2021-09-02,339.0,343.989990234375,334.239990234375,342.9100036621094,2405700
2021-09-03,353.3599853515625,353.885009765625,337.1300048828125,338.1499938964844,2901600
2021-09-07,351.0199890136719,359.8399963378906,350.1099853515625,357.5299987792969,3452200
2021-09-08,343.79998779296875,349.18499755859375,342.0299987792969,348.0,3737700
2021-09-09,322.6000061035156,331.9100036621094,317.30999755859375,326.489990234375,9807300
2021-09-10,325.5,337.5400085449219,323.6199951171875,330.5,9690300
2021-09-13,323.05999755859375,329.7200012207031,315.5299987792969,327.70001220703125,4660100
2021-09-14,333.54998779296875,334.9100036621094,323.69000244140625,323.69000244140625,3691700
2021-09-15,337.6199951171875,338.44000244140625,330.7049865722656,336.0,2821800
2021-09-16,342.9100036621094,343.3500061035156,334.1199951171875,336.1000061035156,3990300
2021-09-17,339.80999755859375,347.44000244140625,334.94000244140625,345.0,3350700
2021-09-20,329.6199951171875,335.5,321.19000244140625,327.4800109863281,4893000
2021-09-21,329.3900146484375,336.4200134277344,328.5,334.8699951171875,2426900
2021-09-22,337.30999755859375,338.8999938964844,327.3900146484375,329.1099853515625,2057400
2021-09-23,342.7200012207031,343.8699951171875,336.5299987792969,343.7900085449219,1895900
2021-09-24,340.4100036621094,344.6400146484375,335.510009765625,339.0,2371900
2021-09-27,336.260009765625,340.7799987792969,330.510009765625,340.6400146484375,3037700
2021-09-28,316.7200012207031,332.3800048828125,313.80999755859375,332.29998779296875,4728500
2021-09-29,311.7799987792969,322.8399963378906,311.17999267578125,320.0,3861800
2021-09-30,318.7300109863281,324.8999938964844,314.4100036621094,314.7900085449219,3732500
2021-10-01,319.55999755859375,320.1099853515625,308.55999755859375,313.8800048828125,2424600
2021-10-04,317.8999938964844,317.95001220703125,308.7799987792969,317.2799987792969,2519300
2021-10-05,320.94000244140625,324.44000244140625,313.5,316.5299987792969,2601400
2021-10-06,315.3399963378906,321.0,312.510009765625,316.1099853515625,2000000
2021-10-07,324.25,332.3999938964844,322.5249938964844,322.92999267578125,2526500
2021-10-08,323.2799987792969,332.55999755859375,322.0,329.79998779296875,1775500
2021-10-11,316.07000732421875,326.25,315.5799865722656,320.0,1304300
2021-10-12,324.8999938964844,330.0199890136719,315.5799865722656,319.70001220703125,2094000
2021-10-13,349.3500061035156,351.67999267578125,324.4949951171875,325.1000061035156,5903800
2021-10-14,345.3699951171875,354.6499938964844,344.8800048828125,354.1199951171875,3050300
2021-10-15,354.5,357.4800109863281,347.1099853515625,348.8299865722656,2603700
2021-10-18,357.0899963378906,361.6300048828125,352.2300109863281,353.75,2197300
2021-10-19,366.989990234375,372.70001220703125,360.5199890136719,360.69000244140625,2570400
2021-10-20,360.6000061035156,371.6400146484375,356.5799865722656,370.0,2258300
2021-10-21,363.29998779296875,367.42999267578125,359.8800048828125,361.0,1468100
2021-10-22,355.29998779296875,364.8699951171875,352.1300048828125,362.79998779296875,3093700
2021-10-25,348.32000732421875,354.9200134277344,335.44000244140625,354.5899963378906,4415700
2021-10-26,343.57000732421875,354.92999267578125,335.7200012207031,354.010009765625,2562100
2021-10-27,340.1700134277344,349.1499938964844,338.0,343.9100036621094,2116100
2021-10-28,352.7300109863281,353.2200012207031,341.2650146484375,347.7699890136719,2760700
2021-10-29,343.57000732421875,349.32501220703125,340.9849853515625,349.32501220703125,2518300
2021-11-01,354.0400085449219,354.8900146484375,342.739990234375,345.0199890136719,3183100
2021-11-02,360.2300109863281,361.1400146484375,353.9049987792969,354.0,1993600
2021-11-03,353.6600036621094,366.32000732421875,351.18499755859375,362.0,1549300
2021-11-04,356.95001220703125,361.2200012207031,350.4119873046875,357.0,2000800
2021-11-05,357.7799987792969,361.5,355.0,360.2799987792969,2164800
2021-11-08,344.0899963378906,363.80999755859375,338.7300109863281,358.4100036621094,3463300
2021-11-09,340.9100036621094,349.9200134277344,338.1300048828125,348.8999938964844,3446000
2021-11-10,335.29998779296875,343.3800048828125,330.5400085449219,338.8999938964844,2970400
2021-11-11,333.29998779296875,339.95001220703125,330.19000244140625,337.75,2864700
2021-11-12,341.2900085449219,344.57000732421875,333.0,340.0,2890500
2021-11-15,343.0199890136719,354.0,337.0,345.0,3623600
2021-11-16,329.9100036621094,355.989990234375,323.0,350.29998779296875,8403800
2021-11-17,314.4100036621094,324.0,296.2900085449219,323.2099914550781,10798000
2021-11-18,310.739990234375,320.1369934082031,306.93499755859375,316.0,4001100
2021-11-19,309.989990234375,317.3030090332031,307.760009765625,311.4700012207031,3409000
2021-11-22,299.1300048828125,312.8299865722656,291.0,309.0,7042800
2021-11-23,287.5199890136719,297.6700134277344,272.5799865722656,295.0,9759800
2021-11-24,289.5899963378906,292.9100036621094,278.44000244140625,282.6000061035156,5139500
2021-11-26,296.82000732421875,301.0400085449219,289.510009765625,290.0,3854100
2021-11-29,297.9599914550781,307.8599853515625,289.6000061035156,302.6700134277344,4505900
2021-11-30,288.07000732421875,301.3500061035156,281.5299987792969,295.0,15548700
2021-12-01,261.80999755859375,294.0,260.3900146484375,287.3800048828125,8561500
2021-12-02,261.1099853515625,265.989990234375,251.94900512695312,261.989990234375,7260100
2021-12-03,253.44000244140625,256.7099914550781,242.64999389648438,256.2099914550781,7002300
2021-12-06,246.8699951171875,251.6999969482422,235.52999877929688,248.44000244140625,6118000
2021-12-07,252.13999938964844,263.42999267578125,248.52999877929688,257.0,5365000
2021-12-08,263.010009765625,265.30999755859375,249.39999389648438,256.0400085449219,4597500
2021-12-09,254.8000030517578,267.5799865722656,250.0,263.5,3864100
2021-12-10,237.94000244140625,256.79998779296875,233.25999450683594,252.3699951171875,7211800
2021-12-13,231.0399932861328,241.22000122070312,226.6199951171875,232.22000122070312,5824600
2021-12-14,224.72000122070312,226.2899932861328,218.88999938964844,224.0800018310547,5052600
2021-12-15,226.5,228.60000610351562,213.10000610351562,224.3300018310547,6105100
2021-12-16,214.52000427246094,232.58999633789062,207.49000549316406,232.0,6116200
2021-12-17,212.8000030517578,214.1699981689453,201.1300048828125,206.52000427246094,9214400
2021-12-20,205.67999267578125,210.24000549316406,202.5800018310547,205.0,4708700
2021-12-21,227.92999267578125,228.7899932861328,210.58999633789062,211.41000366210938,7464300
2021-12-22,222.8800048828125,228.0,219.00999450683594,224.22000122070312,3411200
2021-12-23,222.0500030517578,224.67999267578125,215.55999755859375,222.10000610351562,2625000
2021-12-27,219.60000610351562,226.4600067138672,217.50999450683594,224.5800018310547,2376800
2021-12-28,216.88999938964844,223.3800048828125,216.27000427246094,219.1699981689453,2569200
2021-12-29,213.91000366210938,217.39500427246094,210.86000061035156,216.00999450683594,1927900
2021-12-30,224.30999755859375,227.5850067138672,214.39999389648438,214.39999389648438,3791500
2021-12-31,223.7100067138672,227.42999267578125,219.58999633789062,224.0,2366400
2022-01-03,223.30999755859375,231.2100067138672,217.5500030517578,230.7100067138672,3547100
2022-01-04,197.83999633789062,207.07000732421875,194.0,206.1999969482422,19429000
2022-01-05,184.72000122070312,198.9499969482422,179.7209930419922,190.32000732421875,17390500
2022-01-06,192.75999450683594,195.8000030517578,177.97000122070312,183.5,11285300
2022-01-07,187.10000610351562,198.22000122070312,186.74000549316406,193.25,7099300
2022-01-10,187.10000610351562,187.97000122070312,168.0,183.8000030517578,11987200
2022-01-11,197.86000061035156,203.55999755859375,186.0,187.1699981689453,8474400
2022-01-12,200.60000610351562,206.3800048828125,195.66000366210938,203.2899932861328,6952500
2022-01-13,180.5500030517578,200.64999389648438,180.0,200.49000549316406,7645700
2022-01-14,175.02999877929688,183.71400451660156,170.02999877929688,179.57000732421875,7680500
2022-01-18,170.47999572753906,177.14500427246094,166.3000030517578,173.0,9450300
2022-01-19,167.8300018310547,174.3800048828125,166.83999633789062,169.0800018310547,6110900
2022-01-20,170.05999755859375,180.61000061035156,169.52999877929688,172.0,6380600
2022-01-21,154.41000366210938,169.677001953125,153.2100067138672,169.27000427246094,11606500
2022-01-24,149.32000732421875,149.7899932861328,132.0,146.10000610351562,18213500
2022-01-25,144.9199981689453,149.33999633789062,139.25,143.47000122070312,9002200
2022-01-26,135.61000061035156,151.66000366210938,133.1540069580078,149.7899932861328,10477900
2022-01-27,128.27999877929688,140.8000030517578,127.91000366210938,137.0,11022200
2022-01-28,136.6199951171875,137.22999572753906,119.41000366210938,125.3499984741211,15076500
2022-01-31,150.30999755859375,151.69000244140625,137.1999969482422,139.47999572753906,9621600
2022-02-01,158.94000244140625,159.2100067138672,148.60000610351562,152.24000549316406,7308600
2022-02-02,147.44000244140625,160.0,144.35000610351562,157.52999877929688,6923200
2022-02-03,145.0399932861328,150.32000732421875,140.35699462890625,143.60000610351562,9381900
2022-02-04,155.02000427246094,156.06500244140625,143.13499450683594,146.99000549316406,6176900
2022-02-07,156.1199951171875,159.5800018310547,151.80999755859375,152.00999450683594,8302500
2022-02-08,162.50999450683594,164.24000549316406,153.52999877929688,155.25,7272100
2022-02-09,173.9499969482422,174.0,163.0,163.0,8629800
2022-02-10,164.66000366210938,175.36000061035156,164.25,167.1999969482422,7502500
2022-02-11,158.27999877929688,164.13099670410156,155.75999450683594,160.8000030517578,5256600
2022-02-14,129.1699981689453,139.6999969482422,127.08000183105469,139.08999633789062,28413100
2022-02-15,149.5500030517578,149.8000030517578,133.27000427246094,134.00999450683594,16847600
2022-02-16,141.5800018310547,146.97999572753906,138.77000427246094,146.75,8266700
2022-02-17,137.64999389648438,144.2779998779297,136.47999572753906,140.0,5541500
2022-02-18,127.69000244140625,138.47999572753906,125.05999755859375,138.3800048828125,9776200
2022-02-22,125.72000122070312,133.74000549316406,124.91699981689453,125.5999984741211,9012200
2022-02-23,120.5199966430664,128.5800018310547,120.25,125.7300033569336,8054400
2022-02-24,122.75,124.58000183105469,111.5,114.93000030517578,11055800
2022-02-25,137.4600067138672,138.77099609375,125.80000305175781,126.11000061035156,13409000
2022-02-28,145.60000610351562,150.97999572753906,140.38999938964844,140.97000122070312,39154000
2022-03-01,126.5,137.1999969482422,124.30000305175781,131.99000549316406,17505800
2022-03-02,117.75,125.48999786376953,116.12000274658203,125.13999938964844,12799600
2022-03-03,110.04000091552734,121.29900360107422,108.81999969482422,120.79000091552734,10424400
2022-03-04,97.44000244140625,107.7699966430664,96.19000244140625,105.33999633789062,17393200
2022-03-07,89.98999786376953,96.04000091552734,89.05000305175781,95.76000213623047,15459400
2022-03-08,91.52999877929688,97.0,86.3499984741211,89.37000274658203,11630300
2022-03-09,99.0,104.25499725341797,97.6500015258789,98.4000015258789,8713400
2022-03-10,98.94999694824219,99.70999908447266,89.63999938964844,96.19000244140625,9083000
2022-03-11,91.04000091552734,102.2300033569336,90.44000244140625,100.5,7583200
2022-03-14,87.77999877929688,94.11000061035156,86.79000091552734,88.95999908447266,8433400
2022-03-15,93.7699966430664,93.83000183105469,85.01000213623047,85.3499984741211,10171700
2022-03-16,111.36000061035156,112.1500015258789,102.19999694824219,106.0999984741211,15234300
2022-03-17,114.2300033569336,114.63999938964844,105.36000061035156,108.87999725341797,7132400
2022-03-18,122.54000091552734,124.66000366210938,114.30899810791016,116.01000213623047,10544500
2022-03-21,114.2300033569336,120.98999786376953,111.53900146484375,119.06999969482422,7514200
2022-03-22,124.5,127.5,115.22000122070312,118.80000305175781,7786100
2022-03-23,126.81999969482422,131.3699951171875,121.41000366210938,122.58999633789062,6428700
2022-03-24,123.31999969482422,128.50999450683594,117.55000305175781,128.47999572753906,7330800
2022-03-25,116.12000274658203,122.80000305175781,113.6500015258789,121.22000122070312,4890400
2022-03-28,116.9800033569336,117.95999908447266,109.66999816894531,111.91000366210938,10356000
2022-03-29,127.36000061035156,129.47799682617188,120.18000030517578,122.23999786376953,8084100
2022-03-30,123.44000244140625,131.39999389648438,121.63500213623047,127.9800033569336,6768100
2022-03-31,119.79000091552734,123.49400329589844,115.16000366210938,123.19999694824219,6527100
2022-04-01,121.0999984741211,123.61900329589844,115.87999725341797,120.98999786376953,5216600
2022-04-04,132.72000122070312,136.42999267578125,125.05999755859375,126.0,7806800
2022-04-05,124.86000061035156,132.63999938964844,124.04000091552734,131.3699951171875,5568300
2022-04-06,120.7699966430664,122.9000015258789,115.66999816894531,122.88999938964844,4609000
2022-04-07,116.25,121.98999786376953,113.18000030517578,119.30999755859375,5106000
2022-04-08,114.41999816894531,117.3499984741211,112.95500183105469,116.0,4714800
2022-04-11,113.93000030517578,115.37000274658203,108.30000305175781,113.80000305175781,5168200
2022-04-12,108.80000305175781,118.48999786376953,108.02999877929688,114.91000366210938,5328600
2022-04-13,113.16999816894531,116.5999984741211,107.5,109.54000091552734,4338200
2022-04-14,108.58000183105469,113.12999725341797,106.6500015258789,111.63999938964844,4317800
2022-04-18,104.02999877929688,107.66999816894531,101.83499908447266,107.26000213623047,4014700
2022-04-19,107.52999877929688,108.83499908447266,101.01000213623047,102.45999908447266,3527200
2022-04-20,100.16999816894531,107.5999984741211,99.18000030517578,106.80000305175781,4604800
2022-04-21,91.22000122070312,102.25,90.30999755859375,100.61000061035156,7378800
2022-04-22,87.62000274658203,95.79000091552734,87.19999694824219,92.63999938964844,8016600
2022-04-25,89.5199966430664,90.41999816894531,84.02999877929688,85.5,6844400
2022-04-26,83.30999755859375,89.01000213623047,83.1500015258789,88.5,4762000
2022-04-27,82.5199966430664,86.3499984741211,80.87999725341797,82.9800033569336,4594800
2022-04-28,84.69999694824219,86.08000183105469,79.66999816894531,82.52999877929688,4754700
2022-04-29,82.76000213623047,92.18000030517578,82.44999694824219,88.29000091552734,7659500
2022-05-02,88.69000244140625,88.86000061035156,80.12999725341797,80.27999877929688,4875400
2022-05-03,87.58999633789062,90.02999877929688,85.47599792480469,86.12999725341797,3294400
2022-05-04,90.16999816894531,90.37999725341797,81.5,86.04000091552734,5380700
2022-05-05,81.91000366210938,87.58999633789062,79.75,87.41999816894531,7219000
2022-05-06,76.19999694824219,81.9000015258789,74.0,81.41000366210938,9516700
2022-05-09,64.62000274658203,72.75900268554688,62.529998779296875,72.75,17459100
2022-05-10,64.18000030517578,68.75,62.0,66.5199966430664,10371500
2022-05-11,57.11000061035156,64.8499984741211,56.689998626708984,63.5,14385100
2022-05-12,61.45000076293945,64.19000244140625,54.060001373291016,56.40999984741211,15848600
2022-05-13,75.4000015258789,76.0,64.4800033569336,64.66000366210938,17415500
2022-05-16,70.33000183105469,75.33000183105469,69.33000183105469,72.19999694824219,10943500
2022-05-17,80.20999908447266,83.20999908447266,75.0,79.30000305175781,21749200
2022-05-18,74.19999694824219,79.55000305175781,73.27200317382812,78.29000091552734,8861300
2022-05-19,76.88999938964844,79.26000213623047,72.7030029296875,73.94000244140625,9149900
2022-05-20,79.66000366210938,82.45999908447266,75.3499984741211,78.8550033569336,11188200
2022-05-23,77.25,80.37999725341797,76.11000061035156,78.94999694824219,6959500
2022-05-24,71.33999633789062,75.5,70.61000061035156,75.16999816894531,5974500
2022-05-25,75.70999908447266,77.77100372314453,71.91000366210938,72.69999694824219,8538400
2022-05-26,79.55000305175781,80.80000305175781,74.4800033569336,75.47000122070312,5817800
2022-05-27,82.86000061035156,84.2300033569336,80.4000015258789,80.75,6388300
2022-05-31,82.66000366210938,89.73999786376953,81.33499908447266,87.0199966430664,12952100
2022-06-01,79.75,83.94999694824219,77.6500015258789,82.86000061035156,6358900
2022-06-02,83.04000091552734,84.16999816894531,78.7699966430664,78.83999633789062,5813900
2022-06-03,78.76000213623047,82.1969985961914,78.30999755859375,80.7300033569336,4655300
2022-06-06,81.25,85.19999694824219,80.51000213623047,81.8499984741211,5123500
2022-06-07,86.27999877929688,87.23999786376953,80.12000274658203,80.79000091552734,7766000
2022-06-08,88.80999755859375,89.91999816894531,87.31999969482422,87.61000061035156,9086200
2022-06-09,82.18000030517578,86.54000091552734,81.81999969482422,86.1500015258789,6289400
2022-06-10,76.27999877929688,80.98999786376953,74.47000122070312,79.81999969482422,5871700
2022-06-13,70.62000274658203,73.80000305175781,69.2699966430664,71.88999938964844,7135500
2022-06-14,70.94999694824219,73.73999786376953,68.75,71.0,5834900
2022-06-15,75.68000030517578,77.45999908447266,71.5199966430664,71.75,5291300
2022-06-16,69.02999877929688,72.87000274658203,67.9800033569336,69.93000030517578,5841700
2022-06-17,70.19999694824219,72.21499633789062,67.9000015258789,70.55999755859375,6543800
2022-06-21,72.87000274658203,75.77999877929688,71.66000366210938,72.05000305175781,4912100
2022-06-22,71.27999877929688,73.19000244140625,69.6709976196289,69.98999786376953,3458900
2022-06-23,78.19999694824219,78.78500366210938,69.87999725341797,71.69000244140625,6669300
2022-06-24,80.47000122070312,81.12000274658203,77.66000366210938,79.80999755859375,5922300
2022-06-27,75.05000305175781,81.80999755859375,74.06999969482422,81.4000015258789,5999800
2022-06-28,71.88999938964844,78.08999633789062,71.40499877929688,76.19999694824219,4774100
2022-06-29,68.9000015258789,71.2300033569336,68.12999725341797,71.12999725341797,5465400
2022-06-30,66.86000061035156,68.27999877929688,65.20999908447266,68.27999877929688,6131200
2022-07-01,69.05999755859375,70.77999877929688,66.31999969482422,66.61000061035156,4593100
2022-07-05,75.33999633789062,76.25,66.19000244140625,67.56500244140625,5848300
2022-07-06,73.7300033569336,75.79000091552734,71.66999816894531,74.2699966430664,4633800
2022-07-07,76.5,77.30999755859375,73.9000015258789,75.0,5210700
2022-07-08,77.5199966430664,79.54000091552734,74.5,75.36000061035156,5041900
2022-07-11,72.70999908447266,76.0,71.5,75.98999786376953,4017900
2022-07-12,72.51000213623047,74.11000061035156,70.23899841308594,72.7699966430664,2563500
2022-07-13,71.11000061035156,73.25499725341797,68.5199966430664,68.94999694824219,4661900
2022-07-14,67.77999877929688,70.08999633789062,67.26000213623047,69.97000122070312,3979300
2022-07-15,69.1500015258789,69.33000183105469,66.5199966430664,68.80000305175781,2819700
2022-07-18,69.25,72.69999694824219,68.87000274658203,71.38999938964844,4908000
2022-07-19,75.3499984741211,76.02999877929688,70.7300033569336,71.7300033569336,6820700
2022-07-20,78.5199966430664,78.81999969482422,72.55999755859375,73.70999908447266,7250600
2022-07-21,83.38999938964844,84.48999786376953,77.79000091552734,78.0,7400800
2022-07-22,77.31999969482422,82.5,75.69000244140625,82.5,4662100
2022-07-25,75.13999938964844,77.54499816894531,74.2300033569336,77.54000091552734,3303400
2022-07-26,71.81999969482422,74.0,71.27999877929688,74.0,3901100
2022-07-27,76.91999816894531,77.38999938964844,72.97000122070312,73.80000305175781,4968200
2022-07-28,76.77999877929688,78.5,74.33300018310547,75.87999725341797,3845600
2022-07-29,76.31999969482422,78.6510009765625,75.33000183105469,76.77999877929688,4394200
2022-08-01,77.23999786376953,78.69000244140625,74.1050033569336,75.30999755859375,4418300
2022-08-02,79.48999786376953,80.2699966430664,74.69999694824219,74.93000030517578,3687700
2022-08-03,84.01000213623047,84.73999786376953,80.73500061035156,81.0,4630200
2022-08-04,86.95999908447266,88.30000305175781,84.02200317382812,86.55000305175781,5966500
2022-08-05,87.56999969482422,89.55000305175781,83.9000015258789,84.62999725341797,5129200
2022-08-08,85.54000091552734,89.62999725341797,84.80000305175781,88.08000183105469,5828400
2022-08-09,83.52999877929688,85.4000015258789,82.06999969482422,84.51000213623047,3492700
2022-08-10,87.27999877929688,87.9000015258789,84.5,86.98999786376953,4453700
2022-08-11,88.58000183105469,93.69999694824219,87.95999908447266,89.44999694824219,6766300
2022-08-12,88.70999908447266,89.0199966430664,86.26000213623047,88.55000305175781,5269400
2022-08-15,89.97000122070312,92.3499984741211,86.69100189208984,88.83999633789062,6851700
2022-08-16,77.43000030517578,87.5,75.72000122070312,87.0,25583000
2022-08-17,72.48999786376953,75.1500015258789,69.5,74.9000015258789,21892300
2022-08-18,70.0,72.29000091552734,67.7699966430664,72.04000091552734,14365800
2022-08-19,67.66999816894531,69.69999694824219,66.52999877929688,68.25,11230100
2022-08-22,64.30000305175781,66.2300033569336,64.04000091552734,65.8499984741211,8489000
2022-08-23,63.380001068115234,64.56999969482422,62.25,63.09000015258789,8325800
2022-08-24,64.63999938964844,67.27200317382812,62.150001525878906,62.63999938964844,8152900
2022-08-25,67.48999786376953,68.0,65.04000091552734,67.81999969482422,5432100
2022-08-26,63.81999969482422,68.55000305175781,62.91999816894531,68.27999877929688,6842400
2022-08-29,61.34000015258789,64.21499633789062,61.33000183105469,62.18000030517578,7805800
2022-08-30,62.34000015258789,63.45000076293945,60.52000045776367,62.75,5707100
2022-08-31,62.0,64.33000183105469,61.20000076293945,62.0099983215332,5293300
2022-09-01,61.31999969482422,61.56999969482422,58.645999908447266,60.709999084472656,5835700
2022-09-02,59.93000030517578,61.88999938964844,59.20000076293945,61.5,4215900
2022-09-06,58.41999816894531,59.2400016784668,56.970001220703125,58.25,5845200
2022-09-07,58.83000183105469,59.15999984741211,55.7599983215332,56.970001220703125,5901800
2022-09-08,59.36000061035156,60.130001068115234,57.029998779296875,57.06999969482422,5061500
2022-09-09,63.470001220703125,64.20999908447266,61.2599983215332,61.7400016784668,7175000
2022-09-12,66.43000030517578,66.46499633789062,63.72999954223633,64.0,4756200
2022-09-13,63.04999923706055,64.16000366210938,62.0,62.75,5116400
2022-09-14,62.880001068115234,62.91999816894531,60.709999084472656,61.75,2788700
2022-09-15,60.77000045776367,63.0,60.18000030517578,61.650001525878906,4874900
2022-09-16,59.0099983215332,59.08000183105469,57.720001220703125,58.22999954223633,6450200
2022-09-19,59.75,59.7599983215332,56.86000061035156,57.279998779296875,3597700
2022-09-20,57.439998626708984,59.529998779296875,57.20000076293945,58.650001525878906,4472400
2022-09-21,57.040000915527344,59.20000076293945,56.560001373291016,56.88999938964844,4269100
2022-09-22,54.97999954223633,57.2599983215332,54.279998779296875,56.40999984741211,6418800
2022-09-23,53.810001373291016,53.86000061035156,52.380001068115234,52.72999954223633,7186700
2022-09-26,53.970001220703125,55.20000076293945,53.290000915527344,53.290000915527344,5040000
2022-09-27,54.599998474121094,57.20000076293945,53.95000076293945,55.11000061035156,5054300
2022-09-28,55.75,55.810001373291016,53.0,53.26499938964844,6029300
2022-09-29,53.630001068115234,55.20000076293945,53.0099983215332,54.310001373291016,6923800
2022-09-30,56.04999923706055,56.7400016784668,53.529998779296875,53.79999923706055,6579600
2022-10-03,55.290000915527344,56.0,53.29999923706055,55.345001220703125,6913800
2022-10-04,60.66999816894531,60.869998931884766,56.959999084472656,56.959999084472656,6169700
2022-10-05,60.5,60.880001068115234,58.14500045776367,60.0,3836200
2022-10-06,61.91999816894531,62.560001373291016,59.849998474121094,59.849998474121094,4227800
2022-10-07,60.04999923706055,61.20000076293945,59.529998779296875,60.119998931884766,5268900
2022-10-10,59.20000076293945,59.619998931884766,57.56999969482422,58.810001373291016,4902600
2022-10-11,57.4900016784668,59.18000030517578,56.02000045776367,58.439998626708984,5033800
2022-10-12,57.36000061035156,57.68000030517578,55.459999084472656,56.40999984741211,5629000
2022-10-13,54.45000076293945,54.9900016784668,51.38999938964844,53.90999984741211,7408200
2022-10-14,51.06999969482422,56.20000076293945,50.790000915527344,55.310001373291016,6351200
2022-10-17,52.93000030517578,55.33000183105469,52.20000076293945,52.27000045776367,5107900
2022-10-18,53.689998626708984,55.619998931884766,53.040000915527344,55.5,3429800
2022-10-19,47.91999816894531,52.43000030517578,45.83000183105469,52.43000030517578,9810000
2022-10-20,47.38999938964844,50.29999923706055,47.1150016784668,48.310001373291016,4657400
2022-10-21,46.18000030517578,46.34000015258789,44.25,45.79999923706055,5615400
2022-10-24,47.0099983215332,47.02000045776367,42.709999084472656,44.36000061035156,7245300
2022-10-25,50.0099983215332,50.494998931884766,47.70000076293945,47.88999938964844,4829300
2022-10-26,50.630001068115234,53.0099983215332,50.02000045776367,50.290000915527344,4130400
2022-10-27,49.59000015258789,50.93000030517578,48.56999969482422,50.09000015258789,2616400
2022-10-28,49.540000915527344,49.57500076293945,46.810001373291016,48.79999923706055,4802000
2022-10-31,49.68000030517578,51.369998931884766,48.560001373291016,49.58000183105469,3359300
2022-11-01,49.11000061035156,52.09000015258789,48.90999984741211,51.880001068115234,3604000
2022-11-02,47.27000045776367,50.25,47.27000045776367,48.529998779296875,3988200
2022-11-03,45.84000015258789,47.77000045776367,44.650001525878906,45.70000076293945,4029700
2022-11-04,44.0099983215332,48.560001373291016,43.720001220703125,48.560001373291016,7553900
2022-11-07,48.470001220703125,48.7400016784668,46.0,46.2599983215332,5675900
2022-11-08,47.060001373291016,48.43000030517578,45.900001525878906,48.02000045776367,4066100
2022-11-09,40.91999816894531,45.72999954223633,40.665000915527344,45.599998474121094,8313600
2022-11-10,45.9900016784668,47.20000076293945,44.209999084472656,44.529998779296875,7769900
2022-11-11,49.43000030517578,50.7400016784668,46.369998931884766,46.369998931884766,9957300
2022-11-14,45.79999923706055,51.34000015258789,44.95000076293945,50.70000076293945,11480900
2022-11-15,62.310001373291016,65.6500015258789,55.459999084472656,55.724998474121094,42881100
2022-11-16,58.7599983215332,61.15999984741211,57.65999984741211,59.38999938964844,10874300
2022-11-17,59.93000030517578,60.970001220703125,56.779998779296875,57.0,9008500
2022-11-18,56.939998626708984,60.91999816894531,56.36000061035156,60.83000183105469,4939000
2022-11-21,54.09000015258789,57.40999984741211,53.41999816894531,56.0,5238800
2022-11-22,53.54999923706055,54.04199981689453,51.7599983215332,53.43000030517578,4146900
2022-11-23,55.630001068115234,56.0,54.04999923706055,54.470001220703125,4059200
2022-11-25,54.31999969482422,55.7400016784668,53.64500045776367,54.689998626708984,3034700
2022-11-28,53.45000076293945,54.90999984741211,53.40999984741211,54.31999969482422,3583700
2022-11-29,54.2599983215332,55.15999984741211,52.810001373291016,54.58000183105469,6328600
2022-11-30,58.369998931884766,58.560001373291016,54.68000030517578,55.380001068115234,6730400
2022-12-01,61.150001525878906,61.7599983215332,57.75199890136719,58.0,7323700
2022-12-02,61.380001068115234,63.06999969482422,58.810001373291016,59.29999923706055,4338000
2022-12-05,59.02000045776367,63.400001525878906,58.19499969482422,62.0,6005200
2022-12-06,59.7599983215332,60.209999084472656,58.20000076293945,59.16999816894531,3276600
2022-12-07,58.099998474121094,60.0,57.36000061035156,57.970001220703125,3334100
2022-12-08,61.08000183105469,61.15999984741211,57.928001403808594,59.13999938964844,5027200
2022-12-09,60.650001525878906,63.150001525878906,60.45000076293945,61.2400016784668,4340400
2022-12-12,62.27000045776367,62.36000061035156,60.0099983215332,60.650001525878906,3070400
2022-12-13,63.52000045776367,68.7699966430664,62.529998779296875,66.5,5844400
2022-12-14,64.9800033569336,66.0999984741211,63.29999923706055,64.13999938964844,3785200
2022-12-15,61.04999923706055,64.37999725341797,60.90999984741211,62.439998626708984,4184800
2022-12-16,53.689998626708984,60.11000061035156,53.0099983215332,60.0,10190900
2022-12-19,53.02000045776367,54.97999954223633,52.06999969482422,53.79999923706055,6299900
2022-12-20,51.02000045776367,53.36000061035156,50.220001220703125,52.36000061035156,4802500
2022-12-21,52.439998626708984,53.11000061035156,49.66999816894531,50.900001525878906,4779800
2022-12-22,50.22999954223633,53.48699951171875,48.439998626708984,52.709999084472656,4393500
2022-12-23,49.91999816894531,50.290000915527344,48.029998779296875,50.0,3498100
2022-12-27,50.25,50.41999816894531,47.57600021362305,48.52000045776367,2937400
2022-12-28,48.91999816894531,50.689998626708984,48.27000045776367,50.060001373291016,2948300
2022-12-29,52.810001373291016,53.15999984741211,47.75,48.75,6249700
2022-12-30,52.029998779296875,52.79999923706055,51.150001525878906,52.0,3309000
2023-01-03,52.97999954223633,54.5099983215332,51.150001525878906,53.150001525878906,4713300
2023-01-04,55.66999816894531,55.869998931884766,53.689998626708984,54.720001220703125,4062400
2023-01-05,55.84000015258789,56.25,54.31999969482422,55.880001068115234,2944100
2023-01-06,55.689998626708984,56.16999816894531,53.69900131225586,55.599998474121094,3135200
2023-01-09,53.040000915527344,56.95000076293945,53.0099983215332,56.54999923706055,6304200
2023-01-10,54.209999084472656,54.34000015258789,51.26599884033203,52.9900016784668,4834400
2023-01-11,56.810001373291016,56.849998474121094,53.060001373291016,54.36000061035156,3943100
2023-01-12,58.380001068115234,58.38999938964844,54.65999984741211,57.97999954223633,3820400
2023-01-13,60.119998931884766,60.45000076293945,57.52000045776367,57.93000030517578,4336100
2023-01-17,62.189998626708984,63.099998474121094,60.0099983215332,60.279998779296875,4975200
2023-01-18,62.04999923706055,65.44999694824219,61.06999969482422,64.0199966430664,5670200
2023-01-19,61.31999969482422,62.6609992980957,60.7400016784668,61.45000076293945,3026800
2023-01-20,65.86000061035156,68.6500015258789,62.560001373291016,63.040000915527344,11628500
2023-01-23,66.7300033569336,67.08000183105469,64.68599700927734,67.0,4828600
2023-01-24,64.0,66.58999633789062,63.349998474121094,65.9000015258789,4028700
2023-01-25,64.26000213623047,64.93399810791016,61.36000061035156,63.88999938964844,4382000
2023-01-26,67.0,68.76000213623047,65.36000061035156,67.80000305175781,3525600
2023-01-27,68.55000305175781,69.41000366210938,66.19999694824219,66.68000030517578,5069400
2023-01-30,64.61000061035156,66.77999877929688,64.13999938964844,66.77999877929688,4363000
2023-01-31,64.44999694824219,65.87999725341797,63.81999969482422,64.87000274658203,3433000
2023-02-01,68.94999694824219,69.12000274658203,64.41000366210938,65.0,4454400
2023-02-02,72.51000213623047,74.68299865722656,69.80000305175781,72.0,7374400
2023-02-03,70.47000122070312,73.20999908447266,69.72000122070312,70.01000213623047,4002700
2023-02-06,66.26000213623047,69.54000091552734,65.48500061035156,69.0,4332800
2023-02-07,68.54000091552734,68.8499984741211,65.67400360107422,66.7699966430664,3317600
2023-02-08,68.3499984741211,69.6500015258789,67.23999786376953,67.52999877929688,2898100
2023-02-09,67.31999969482422,71.18000030517578,66.5199966430664,69.69999694824219,2933900
2023-02-10,64.0,66.44000244140625,63.79999923706055,66.0,3504400
2023-02-13,65.0199966430664,65.41999816894531,63.220001220703125,63.65999984741211,2314800
2023-02-14,64.2300033569336,65.51899719238281,62.95100021362305,64.44999694824219,3483300
2023-02-15,65.80999755859375,65.9000015258789,61.70000076293945,62.040000915527344,4427200
2023-02-16,66.83000183105469,69.7699966430664,65.18000030517578,66.94000244140625,6071500
2023-02-17,65.01000213623047,66.06999969482422,63.74800109863281,65.98999786376953,5187200
2023-02-21,62.90999984741211,64.8499984741211,62.150001525878906,63.0099983215332,4987300
2023-02-22,63.29999923706055,64.05999755859375,61.79999923706055,63.220001220703125,3229400
2023-02-23,62.380001068115234,65.12999725341797,61.900001525878906,64.96499633789062,5143700
2023-02-24,60.0099983215332,60.540000915527344,57.95000076293945,60.20000076293945,4608600
2023-02-27,59.97999954223633,61.08000183105469,59.84000015258789,60.70000076293945,3185800
2023-02-28,62.4900016784668,63.310001373291016,59.900001525878906,60.189998626708984,3407100
2023-03-01,62.06999969482422,64.29000091552734,61.970001220703125,64.01000213623047,4008800
2023-03-02,63.560001373291016,63.6349983215332,61.4900016784668,61.810001373291016,3101700
2023-03-03,65.66999816894531,66.02999877929688,64.2699966430664,64.41000366210938,3946700
2023-03-06,65.70999908447266,67.55999755859375,64.69999694824219,66.33999633789062,8168000
2023-03-07,80.05999755859375,81.5199966430664,68.69000244140625,70.63999938964844,50929300
2023-03-08,79.80999755859375,80.66999816894531,77.26000213623047,79.18000030517578,13572000
2023-03-09,77.56999969482422,80.87999725341797,76.30000305175781,79.5,8146800
2023-03-10,73.44999694824219,76.76000213623047,72.1500015258789,76.05000305175781,8538900
2023-03-13,74.79000091552734,75.22000122070312,71.08000183105469,72.0,5485600
2023-03-14,76.63999938964844,78.51000213623047,75.81999969482422,75.98999786376953,4608000
2023-03-15,75.2300033569336,76.25,72.5999984741211,75.23999786376953,4121800
2023-03-16,78.2699966430664,78.51000213623047,74.19999694824219,75.5,3542300
2023-03-17,78.4000015258789,79.6500015258789,77.20999908447266,79.0,3427900
2023-03-20,76.91000366210938,78.51000213623047,75.52999877929688,77.16000366210938,3292200
2023-03-21,79.86000061035156,80.73999786376953,76.31999969482422,77.19999694824219,4634700
2023-03-22,77.66000366210938,81.4800033569336,77.63999938964844,80.9800033569336,5069200
2023-03-23,83.66999816894531,85.19999694824219,79.0,79.66000366210938,7812600
2023-03-24,82.37999725341797,85.08999633789062,80.22000122070312,83.27999877929688,4150900
2023-03-27,83.23999786376953,83.93000030517578,81.75,82.48999786376953,3459300
2023-03-28,81.75,86.2300033569336,81.4000015258789,84.97000122070312,4928800
2023-03-29,85.55999755859375,85.63999938964844,82.6500015258789,82.80999755859375,5908700
2023-03-30,86.62000274658203,87.68000030517578,84.36499786376953,86.79000091552734,3950900
2023-03-31,86.55000305175781,87.87799835205078,86.1500015258789,87.44000244140625,3160900
2023-04-03,87.81999969482422,88.13600158691406,85.23999786376953,87.26000213623047,4595200
2023-04-04,87.63999938964844,88.83999633789062,86.55999755859375,88.80000305175781,2874500
2023-04-05,85.69999694824219,87.98999786376953,84.41000366210938,87.98999786376953,3150800
2023-04-06,84.08000183105469,84.68000030517578,82.31999969482422,84.31999969482422,3686100
2023-04-10,83.52999877929688,83.66999816894531,81.65499877929688,82.56999969482422,3163900
2023-04-11,82.02999877929688,84.23999786376953,80.37999725341797,83.87999725341797,4376400
2023-04-12,81.30000305175781,83.91000366210938,80.77999877929688,83.29000091552734,2965600
2023-04-13,83.97000122070312,85.30999755859375,83.05999755859375,83.27999877929688,2602500
2023-04-14,83.5199966430664,85.30000305175781,82.4800033569336,83.3499984741211,1962000
2023-04-17,82.8499984741211,84.30500030517578,82.68000030517578,83.83999633789062,2779700
2023-04-18,82.51000213623047,84.23999786376953,81.55000305175781,83.54000091552734,2995800
2023-04-19,81.48999786376953,82.19999694824219,79.77899932861328,81.1500015258789,1712400
2023-04-20,78.76000213623047,80.22000122070312,77.98999786376953,79.0,3605000
2023-04-21,79.16999816894531,79.41999816894531,77.66999816894531,78.45999908447266,2069200
2023-04-24,78.70999908447266,80.7699966430664,78.18000030517578,79.16000366210938,2309000
2023-04-25,74.94000244140625,78.0999984741211,74.33000183105469,76.83999633789062,3769900
2023-04-26,73.47000122070312,76.87999725341797,72.80999755859375,76.62000274658203,3044700
2023-04-27,74.7300033569336,75.68000030517578,73.73999786376953,74.70999908447266,2722200
2023-04-28,76.16999816894531,76.91000366210938,73.3499984741211,74.19999694824219,2431200
2023-05-01,75.8499984741211,76.91999816894531,74.96499633789062,75.11000061035156,1747600
2023-05-02,74.44999694824219,75.83000183105469,73.91999816894531,75.19000244140625,2111200
2023-05-03,74.62000274658203,76.22000122070312,73.01000213623047,73.7300033569336,1901600
2023-05-04,76.0,76.12000274658203,74.48999786376953,74.9000015258789,1369100
2023-05-05,78.41000366210938,79.44999694824219,77.0999984741211,77.51000213623047,3010200
2023-05-08,84.33000183105469,85.95999908447266,82.37999725341797,85.0,5764500
2023-05-09,84.0,85.83000183105469,82.86000061035156,83.0,4300500
2023-05-10,85.54000091552734,86.38999938964844,84.51000213623047,85.0,2757400
2023-05-11,86.70999908447266,87.37999725341797,85.25,85.95999908447266,3678300
2023-05-12,84.7699966430664,86.5,83.30999755859375,85.33000183105469,3743200
2023-05-15,88.06999969482422,88.38999938964844,85.79000091552734,86.12000274658203,5111600
2023-05-16,72.44999694824219,79.56999969482422,70.7699966430664,79.5,26427700
2023-05-17,72.38999938964844,74.8499984741211,71.30000305175781,71.3499984741211,9207300
2023-05-18,70.16000366210938,72.45999908447266,69.80000305175781,72.41000366210938,6045800
2023-05-19,69.44000244140625,71.41000366210938,69.44000244140625,70.56999969482422,5865000
2023-05-22,67.97000122070312,70.26000213623047,67.76000213623047,70.0,6187200
2023-05-23,64.36000061035156,67.66999816894531,64.1500015258789,67.44999694824219,10867400
2023-05-24,63.189998626708984,63.654998779296875,62.619998931884766,63.0099983215332,5912000
2023-05-25,60.47999954223633,63.4900016784668,59.68000030517578,63.29999923706055,7387100
2023-05-26,60.119998931884766,61.7400016784668,59.52000045776367,60.189998626708984,6612100
2023-05-30,58.56999969482422,61.27000045776367,58.029998779296875,60.720001220703125,6362100
2023-05-31,57.40999984741211,59.30500030517578,56.619998931884766,57.380001068115234,9795800
2023-06-01,57.97999954223633,58.79999923706055,56.04999923706055,56.75,6091900
2023-06-02,59.38999938964844,60.599998474121094,58.58000183105469,59.58000183105469,4677700
2023-06-05,58.599998474121094,59.91999816894531,58.11000061035156,58.7599983215332,3855800
2023-06-06,61.279998779296875,61.31999969482422,58.0099983215332,58.04999923706055,5744000
2023-06-07,60.970001220703125,62.79899978637695,60.29999923706055,62.0,4765300
2023-06-08,63.540000915527344,64.16000366210938,61.04999923706055,61.70000076293945,5500100
2023-06-09,63.380001068115234,64.97000122070312,63.0099983215332,63.9900016784668,3515100
2023-06-12,65.02999877929688,65.69000244140625,63.91999816894531,63.9900016784668,3602800
2023-06-13,65.69999694824219,66.38999938964844,64.12999725341797,66.08000183105469,5013400
2023-06-14,63.63999938964844,66.0999984741211,62.689998626708984,66.0,4509600
2023-06-15,62.869998931884766,63.5099983215332,61.40999984741211,63.060001373291016,5451900
2023-06-16,62.08000183105469,63.54999923706055,61.33000183105469,63.470001220703125,4709300
2023-06-20,61.209999084472656,62.40999984741211,60.93000030517578,61.130001068115234,2951900
2023-06-21,60.310001373291016,61.189998626708984,59.68000030517578,61.029998779296875,2863400
2023-06-22,59.4900016784668,60.0,58.91999816894531,59.970001220703125,3281100
2023-06-23,58.90999984741211,58.9900016784668,57.77000045776367,58.189998626708984,4025900
2023-06-26,56.9900016784668,58.86000061035156,56.5880012512207,58.650001525878906,4612200
2023-06-27,57.34000015258789,58.08000183105469,56.880001068115234,57.7400016784668,4426300
2023-06-28,57.099998474121094,57.47999954223633,56.22999954223633,56.90999984741211,5210400
2023-06-29,56.880001068115234,57.470001220703125,56.52000045776367,57.150001525878906,3334900
2023-06-30,58.040000915527344,58.70000076293945,56.400001525878906,56.79999923706055,5587200
2023-07-03,57.7400016784668,59.5,57.33000183105469,58.5,3156000
2023-07-05,57.9900016784668,58.66999816894531,56.27000045776367,57.040000915527344,3991200
2023-07-06,55.2400016784668,56.59000015258789,54.470001220703125,56.59000015258789,5398600
2023-07-07,54.97999954223633,55.810001373291016,54.34000015258789,54.529998779296875,3623400
2023-07-10,58.040000915527344,58.33000183105469,54.380001068115234,54.650001525878906,5418800
2023-07-11,59.11000061035156,59.47999954223633,57.220001220703125,58.0,6306300
2023-07-12,61.029998779296875,61.84000015258789,60.7140007019043,61.0099983215332,5518600
2023-07-13,63.060001373291016,63.75,62.5,63.060001373291016,5123100
2023-07-14,62.5,63.185001373291016,61.560001373291016,62.43000030517578,3634100
2023-07-17,62.7400016784668,63.2140007019043,61.61000061035156,62.22999954223633,2657800
2023-07-18,61.459999084472656,63.709999084472656,61.04999923706055,63.40999984741211,2915800
2023-07-19,62.41999816894531,63.900001525878906,62.17300033569336,62.599998474121094,3341200
2023-07-20,60.15999984741211,61.97999954223633,59.709999084472656,61.54999923706055,3622200
2023-07-21,61.18000030517578,62.47999954223633,60.38999938964844,60.849998474121094,2981200
2023-07-24,61.15999984741211,61.5099983215332,59.220001220703125,60.040000915527344,4336600
2023-07-25,61.0,63.540000915527344,60.87099838256836,62.709999084472656,2731100
2023-07-26,61.70000076293945,62.91999816894531,61.34000015258789,61.939998626708984,2785700
2023-07-27,60.25,63.6349983215332,59.83000183105469,63.369998931884766,4359500
2023-07-28,63.720001220703125,63.845001220703125,62.20000076293945,62.5,5227500
2023-07-31,66.5199966430664,67.08000183105469,64.37000274658203,65.68000030517578,5512300
2023-08-01,65.91000366210938,66.1500015258789,65.01000213623047,65.33999633789062,3054500
2023-08-02,61.720001220703125,64.19999694824219,60.7599983215332,64.01000213623047,5201100
2023-08-03,61.7599983215332,62.31999969482422,60.70000076293945,60.70000076293945,3253200
2023-08-04,59.439998626708984,62.279998779296875,59.01300048828125,62.279998779296875,4802900
2023-08-07,58.529998779296875,60.08000183105469,58.154998779296875,59.790000915527344,3219800
2023-08-08,57.33000183105469,57.65999984741211,56.56999969482422,57.25,4785000
2023-08-09,56.310001373291016,57.5099983215332,56.13999938964844,57.400001525878906,3632200
2023-08-10,57.2599983215332,58.59000015258789,56.79999923706055,57.61000061035156,5434400
2023-08-11,57.619998931884766,58.79999923706055,57.064998626708984,57.540000915527344,7441400
2023-08-14,56.900001525878906,57.08000183105469,55.720001220703125,56.540000915527344,7840700
2023-08-15,40.58000183105469,45.597999572753906,40.11000061035156,45.095001220703125,52278000
2023-08-16,40.5,41.279998779296875,38.0099983215332,39.119998931884766,23299100
2023-08-17,39.4900016784668,41.08000183105469,39.13999938964844,40.93000030517578,11627100
2023-08-18,38.68000030517578,39.20000076293945,37.33000183105469,38.0,10975800
2023-08-21,38.66999816894531,38.900001525878906,37.61000061035156,38.54999923706055,8383000
2023-08-22,36.52000045776367,38.61000061035156,36.47999954223633,38.40999984741211,11551600
2023-08-23,36.849998474121094,37.380001068115234,36.25,36.4900016784668,8560000
2023-08-24,35.209999084472656,36.7599983215332,34.869998931884766,36.709999084472656,12124100
2023-08-25,36.16999816894531,36.4900016784668,35.150001525878906,35.349998474121094,11837800
2023-08-28,36.900001525878906,37.470001220703125,36.380001068115234,36.56999969482422,6926500
2023-08-29,37.560001373291016,37.58000183105469,36.779998779296875,37.0,6413500
2023-08-30,37.93000030517578,38.0099983215332,37.0,37.25,5907400
2023-08-31,37.630001068115234,39.290000915527344,37.130001068115234,39.220001220703125,7856500
2023-09-01,38.52000045776367,38.599998474121094,37.529998779296875,37.689998626708984,7032500
2023-09-05,37.310001373291016,37.95199966430664,37.119998931884766,37.630001068115234,6979500
2023-09-06,39.220001220703125,40.119998931884766,37.20100021362305,37.279998779296875,12004900
2023-09-07,39.150001525878906,39.400001525878906,37.83100128173828,38.16999816894531,5396300
2023-09-08,38.25,38.77000045776367,37.540000915527344,38.5,5300900
2023-09-11,38.2400016784668,39.130001068115234,38.0099983215332,39.08000183105469,4137100
2023-09-12,38.31999969482422,38.68000030517578,37.90999984741211,38.0,3432700
2023-09-13,39.029998779296875,39.040000915527344,37.400001525878906,38.2400016784668,6283300
2023-09-14,39.88999938964844,40.09400177001953,39.31999969482422,39.720001220703125,7735100
2023-09-15,39.279998779296875,40.45000076293945,39.13999938964844,40.08000183105469,6882300
2023-09-18,38.279998779296875,38.970001220703125,38.029998779296875,38.77000045776367,4459200
2023-09-19,38.380001068115234,38.68000030517578,37.52899932861328,38.0,5363300
2023-09-20,37.529998779296875,38.667999267578125,37.4119987487793,38.560001373291016,5781200
2023-09-21,35.95000076293945,36.34000015258789,35.060001373291016,36.0,10874600
2023-09-22,35.959999084472656,37.25,35.709999084472656,36.90999984741211,7449400
2023-09-25,40.20000076293945,41.369998931884766,36.189998626708984,36.369998931884766,28883800
2023-09-26,40.150001525878906,40.93000030517578,39.619998931884766,39.65999984741211,12023200
2023-09-27,42.09000015258789,43.70000076293945,41.0,41.45000076293945,21219000
2023-09-28,43.119998931884766,43.439998626708984,41.61000061035156,42.369998931884766,10106000
2023-09-29,43.95000076293945,44.959999084472656,43.540000915527344,43.88999938964844,9964100
2023-10-02,43.95000076293945,44.349998474121094,42.5099983215332,42.880001068115234,6121700
2023-10-03,42.599998474121094,44.65999984741211,42.5,43.900001525878906,8785800
2023-10-04,41.7599983215332,42.189998626708984,40.63999938964844,42.0,7780000
2023-10-05,42.119998931884766,42.29999923706055,40.150001525878906,41.54999923706055,5517300
2023-10-06,42.40999984741211,43.43000030517578,41.880001068115234,42.0,4948500
2023-10-09,41.470001220703125,42.08000183105469,40.720001220703125,41.400001525878906,5240000
2023-10-10,44.04999923706055,45.13999938964844,41.70000076293945,42.040000915527344,6900900
2023-10-11,44.38999938964844,45.65999984741211,43.81999969482422,45.04999923706055,7415300
2023-10-12,45.36000061035156,45.77000045776367,44.54999923706055,44.90999984741211,6714400
2023-10-13,45.56999969482422,47.189998626708984,45.130001068115234,45.130001068115234,8832300
2023-10-16,46.689998626708984,46.79999923706055,44.7599983215332,45.11000061035156,6570400
2023-10-17,46.689998626708984,48.38999938964844,45.2400016784668,45.650001525878906,6367500
2023-10-18,45.65999984741211,47.25,45.599998474121094,46.0,3742200
2023-10-19,45.09000015258789,45.97999954223633,45.029998779296875,45.43000030517578,4160300
2023-10-20,44.61000061035156,44.84000015258789,43.529998779296875,44.79999923706055,4050500
2023-10-23,44.470001220703125,44.689998626708984,43.01100158691406,43.779998779296875,4570800
2023-10-24,45.279998779296875,46.61000061035156,45.060001373291016,45.47999954223633,3722500
2023-10-25,43.970001220703125,44.470001220703125,43.39500045776367,44.38999938964844,3411300
2023-10-26,40.81999969482422,42.209999084472656,40.0,41.5,8758000
2023-10-27,39.970001220703125,41.400001525878906,39.66999816894531,40.58000183105469,4276100
2023-10-30,41.45000076293945,41.47999954223633,40.34000015258789,40.59000015258789,3420900
2023-10-31,41.70000076293945,41.83000183105469,40.56999969482422,41.18000030517578,2364200
2023-11-01,40.439998626708984,41.47999954223633,39.119998931884766,41.310001373291016,6329500
2023-11-02,41.349998474121094,42.2400016784668,40.63999938964844,41.70000076293945,3799900
2023-11-03,44.790000915527344,45.111000061035156,42.0,42.56999969482422,5727200
2023-11-06,44.470001220703125,46.33000183105469,43.79499816894531,45.91999816894531,3772700
2023-11-07,44.5099983215332,45.040000915527344,43.90999984741211,44.9900016784668,2715800
2023-11-08,44.4900016784668,44.5,42.27000045776367,43.81999969482422,5009300
2023-11-09,43.599998474121094,45.18000030517578,43.560001373291016,44.75,5969300
2023-11-10,45.47999954223633,45.810001373291016,44.0,44.150001525878906,7091300
2023-11-13,46.029998779296875,46.599998474121094,44.849998474121094,45.5,10972700
2023-11-14,35.869998931884766,42.560001373291016,35.59000015258789,42.15999984741211,43413600
2023-11-15,38.4900016784668,39.70000076293945,36.68299865722656,36.880001068115234,23300500
2023-11-16,37.900001525878906,38.38999938964844,36.84000015258789,37.439998626708984,9195300
2023-11-17,37.56999969482422,37.97999954223633,36.74100112915039,37.7400016784668,5628300
2023-11-20,38.52000045776367,38.72999954223633,36.95000076293945,37.5,10330200
2023-11-21,38.2599983215332,38.577999114990234,37.459999084472656,38.5,4799400
2023-11-22,37.5,38.68000030517578,37.220001220703125,38.5,6877900
2023-11-24,36.380001068115234,37.459999084472656,36.2599983215332,37.36000061035156,8187800
2023-11-27,37.470001220703125,37.720001220703125,36.02000045776367,36.5,8048400
2023-11-28,39.720001220703125,40.29999923706055,36.790000915527344,36.790000915527344,14708800
2023-11-29,36.7400016784668,40.08000183105469,36.65999984741211,39.70000076293945,18157900
2023-11-30,36.220001220703125,37.029998779296875,36.04999923706055,36.91999816894531,8143200
2023-12-01,37.47999954223633,37.77000045776367,35.650001525878906,36.08000183105469,10411900
2023-12-04,38.20000076293945,38.220001220703125,36.83000183105469,37.099998474121094,9816200
2023-12-05,38.0,38.57099914550781,36.81999969482422,37.29999923706055,11104100
2023-12-06,38.58000183105469,38.9900016784668,38.27000045776367,38.5099983215332,6851600
2023-12-07,39.040000915527344,39.29499816894531,37.7400016784668,38.0,4159600
2023-12-08,40.0,40.130001068115234,39.04999923706055,39.279998779296875,6535900
2023-12-11,37.869998931884766,38.07500076293945,35.20000076293945,35.54999923706055,23052800
2023-12-12,38.560001373291016,38.70000076293945,37.4900016784668,38.060001373291016,6984500
2023-12-13,37.5,38.65999984741211,37.23099899291992,38.54999923706055,8710600
2023-12-14,37.650001525878906,38.63999938964844,36.619998931884766,38.25,15616400
2023-12-15,35.7400016784668,38.0,35.7400016784668,38.0,20662500
2023-12-18,36.61000061035156,37.0,35.459999084472656,35.79999923706055,12520000
2023-12-19,36.939998626708984,37.09000015258789,36.060001373291016,36.79999923706055,9917800
2023-12-20,35.11000061035156,37.04999923706055,35.06999969482422,36.599998474121094,11393900
2023-12-21,37.970001220703125,38.189998626708984,35.36000061035156,35.849998474121094,18436000
2023-12-22,38.58000183105469,39.525001525878906,37.52000045776367,37.939998626708984,10640500
2023-12-26,39.150001525878906,39.32500076293945,38.29999923706055,38.68000030517578,5466100
2023-12-27,40.0,41.470001220703125,39.56999969482422,39.68000030517578,10632600
2023-12-28,40.36000061035156,41.04999923706055,39.54999923706055,40.5,7165000
2023-12-29,40.5,41.89899826049805,40.400001525878906,40.41999816894531,9287800
2024-01-02,38.45000076293945,40.189998626708984,38.36000061035156,40.0,8355000
2024-01-03,38.79999923706055,39.2400016784668,37.65999984741211,37.880001068115234,6954100
2024-01-04,37.81999969482422,38.56999969482422,37.61800003051758,38.290000915527344,4794800
2024-01-05,37.90999984741211,38.60900115966797,37.45000076293945,37.939998626708984,5229100
2024-01-08,38.599998474121094,38.875,37.36000061035156,37.630001068115234,4878900
2024-01-09,38.13999938964844,38.400001525878906,37.61000061035156,38.099998474121094,4620200
2024-01-10,38.38999938964844,38.665000915527344,37.61000061035156,37.779998779296875,5359800
2024-01-11,37.11000061035156,39.04999923706055,37.060001373291016,38.58000183105469,5917600
2024-01-12,35.88999938964844,37.439998626708984,35.79999923706055,37.209999084472656,9034600
2024-01-16,35.720001220703125,36.290000915527344,34.91999816894531,35.43000030517578,7211400
2024-01-17,34.81999969482422,35.06999969482422,34.349998474121094,34.9900016784668,6878400
2024-01-18,35.84000015258789,35.849998474121094,34.63999938964844,35.06999969482422,7495500
2024-01-19,36.400001525878906,36.43000030517578,34.869998931884766,35.869998931884766,6610300
2024-01-22,37.150001525878906,37.48500061035156,35.63999938964844,36.02000045776367,7382600
2024-01-23,38.2400016784668,39.77000045776367,38.0099983215332,38.25,6413400
2024-01-24,39.2599983215332,40.16999816894531,38.96500015258789,39.209999084472656,7004900
2024-01-25,39.400001525878906,40.1150016784668,39.06999969482422,39.540000915527344,4095100
2024-01-26,39.56999969482422,40.33000183105469,38.88999938964844,39.2599983215332,5478800
2024-01-29,40.630001068115234,40.650001525878906,39.16999816894531,39.540000915527344,5295400
2024-01-30,39.25,40.790000915527344,38.970001220703125,40.43000030517578,5057300
2024-01-31,38.13999938964844,39.279998779296875,38.10499954223633,38.2599983215332,5315800
2024-02-01,40.470001220703125,40.529998779296875,38.31999969482422,38.54999923706055,8920500
2024-02-02,42.02000045776367,42.540000915527344,40.59000015258789,40.83000183105469,9608800
2024-02-05,41.869998931884766,42.189998626708984,41.05099868774414,41.16999816894531,7162600
2024-02-06,42.38999938964844,42.52000045776367,41.099998474121094,42.4900016784668,6793500
2024-02-07,43.61000061035156,43.775001525878906,42.189998626708984,42.5,4901200
2024-02-08,43.34000015258789,43.849998474121094,42.68000030517578,43.40999984741211,5164600
2024-02-09,43.5099983215332,43.775001525878906,42.689998626708984,43.34000015258789,4257000
2024-02-12,43.540000915527344,44.63999938964844,43.34000015258789,43.709999084472656,4600700
2024-02-13,41.9900016784668,42.869998931884766,41.599998474121094,41.72999954223633,4264200
2024-02-14,42.689998626708984,42.75,41.7599983215332,42.54999923706055,3991200
2024-02-15,43.9900016784668,44.349998474121094,43.099998474121094,43.16999816894531,4415900
2024-02-16,44.9900016784668,46.060001373291016,44.220001220703125,44.689998626708984,7490100
2024-02-20,44.689998626708984,45.981998443603516,44.209999084472656,45.45000076293945,5284100
2024-02-21,44.209999084472656,44.63999938964844,43.7400016784668,44.349998474121094,3839300
2024-02-22,44.45000076293945,45.29999923706055,43.68000030517578,44.66999816894531,4804400
2024-02-23,45.02000045776367,45.63999938964844,43.27000045776367,44.279998779296875,5684400
2024-02-26,45.36000061035156,45.48500061035156,44.709999084472656,44.83000183105469,4354900
2024-02-27,46.72999954223633,47.939998626708984,45.43000030517578,45.90999984741211,6355300
2024-02-28,47.75,49.380001068115234,46.060001373291016,46.060001373291016,10221800
2024-02-29,48.52000045776367,49.4900016784668,48.13999938964844,48.4900016784668,8150100
2024-03-01,51.04999923706055,51.459999084472656,48.709999084472656,49.25,13112900
2024-03-04,53.900001525878906,58.0,49.763999938964844,56.0,34712900
2024-03-05,55.75,55.939998626708984,53.54999923706055,54.45000076293945,12926500
2024-03-06,59.220001220703125,59.619998931884766,56.900001525878906,57.22999954223633,14854500
2024-03-07,59.34000015258789,59.650001525878906,57.84000015258789,59.130001068115234,7181600
2024-03-08,57.720001220703125,60.1349983215332,57.400001525878906,60.0,7225400
2024-03-11,58.40999984741211,59.39799880981445,57.45000076293945,57.7400016784668,4870900
2024-03-12,58.02000045776367,59.400001525878906,57.630001068115234,59.0,5323700
2024-03-13,60.56999969482422,61.369998931884766,58.02000045776367,58.150001525878906,7712800
2024-03-14,60.75,63.25,60.099998474121094,62.38999938964844,7685700
2024-03-15,58.130001068115234,60.040000915527344,58.029998779296875,59.31999969482422,6975700
2024-03-18,57.849998474121094,59.400001525878906,57.34000015258789,58.58000183105469,4069200
2024-03-19,55.9900016784668,56.900001525878906,54.209999084472656,56.61000061035156,6869300
2024-03-20,55.9900016784668,56.42499923706055,55.04999923706055,55.9900016784668,3569700
2024-03-21,54.54999923706055,57.275001525878906,54.470001220703125,56.97999954223633,5444700
2024-03-22,54.470001220703125,55.22999954223633,54.16999816894531,54.95000076293945,3825300
2024-03-25,54.650001525878906,55.770999908447266,54.150001525878906,55.0,3540500
2024-03-26,55.560001373291016,56.689998626708984,54.75,54.849998474121094,5375400
2024-03-27,53.56999969482422,55.619998931884766,53.119998931884766,55.2599983215332,6878700
2024-03-28,53.709999084472656,54.59000015258789,52.41999816894531,53.61000061035156,5247800
2024-04-01,53.02000045776367,54.0,52.52000045776367,53.95000076293945,3441400
2024-04-02,54.599998474121094,54.88999938964844,52.709999084472656,53.0,4138000
2024-04-03,53.04999923706055,55.2760009765625,52.68000030517578,53.88999938964844,4206400
2024-04-04,53.43000030517578,56.165000915527344,53.400001525878906,54.20000076293945,5852700
2024-04-05,55.279998779296875,55.310001373291016,53.40999984741211,53.56999969482422,7152200
2024-04-08,55.97999954223633,56.61000061035156,55.2599983215332,55.310001373291016,3144700
2024-04-09,57.02000045776367,57.380001068115234,56.209999084472656,56.59000015258789,3828300
2024-04-10,57.06999969482422,58.472999572753906,56.220001220703125,56.33000183105469,4058600
2024-04-11,55.689998626708984,57.0,55.349998474121094,56.58000183105469,4183600
2024-04-12,53.279998779296875,55.231998443603516,53.209999084472656,54.97999954223633,5406600
2024-04-15,52.720001220703125,53.66999816894531,52.40999984741211,53.33000183105469,3942300
2024-04-16,56.380001068115234,57.220001220703125,51.702999114990234,51.959999084472656,13151600
2024-04-17,55.630001068115234,56.939998626708984,54.880001068115234,56.0,5382800
2024-04-18,56.29999923706055,58.119998931884766,56.099998474121094,56.31999969482422,5538700
2024-04-19,55.060001373291016,56.7599983215332,54.81999969482422,56.060001373291016,3651200
2024-04-22,59.43000030517578,61.79999923706055,57.70000076293945,58.84000015258789,11958700
2024-04-23,62.0099983215332,62.650001525878906,60.18000030517578,60.529998779296875,8043500
2024-04-24,63.27000045776367,64.50499725341797,62.279998779296875,64.0,6313700
2024-04-25,62.83000183105469,63.27000045776367,61.24300003051758,61.650001525878906,6822600
2024-04-26,62.86000061035156,63.93000030517578,62.0099983215332,63.290000915527344,4641500
2024-04-29,64.5199966430664,64.69499969482422,62.0099983215332,63.5,4988800
2024-04-30,63.189998626708984,64.0,62.540000915527344,64.0,5130300
2024-05-01,62.720001220703125,63.47999954223633,61.52000045776367,62.720001220703125,5287300
2024-05-02,63.97999954223633,64.13999938964844,62.459999084472656,63.33000183105469,6114900
2024-05-03,66.66000366210938,67.0,64.44999694824219,64.73999786376953,5615800
2024-05-06,66.12999725341797,67.02899932861328,65.80000305175781,67.0,5786600
2024-05-07,65.16000366210938,66.20500183105469,64.70999908447266,65.0199966430664,4767400
2024-05-08,66.75,66.80000305175781,63.18000030517578,64.0,7419100
2024-05-09,65.98999786376953,67.0,65.86000061035156,66.26000213623047,6411800
2024-05-10,64.91000366210938,67.23999786376953,64.47000122070312,66.0,6647500
2024-05-13,64.45999908447266,64.91000366210938,63.56999969482422,64.70999908447266,11155500
2024-05-14,66.26000213623047,69.69999694824219,63.150001525878906,67.27999877929688,17104300
2024-05-15,68.63999938964844,69.0,66.5999984741211,67.41000366210938,7411300
2024-05-16,71.44000244140625,72.37000274658203,69.37000274658203,69.94000244140625,10016700
2024-05-17,73.76000213623047,74.33000183105469,71.7699966430664,71.80000305175781,5844100
2024-05-20,73.12000274658203,73.27999877929688,71.5,72.12000274658203,4723100
2024-05-21,73.26000213623047,73.69999694824219,71.7300033569336,72.0199966430664,4482900
2024-05-22,73.66999816894531,74.03800201416016,73.0,73.0,3572400
2024-05-23,71.7300033569336,73.87000274658203,70.44999694824219,73.80000305175781,6120100
2024-05-24,71.9800033569336,72.37000274658203,70.62999725341797,71.44000244140625,2713800
2024-05-28,69.62999725341797,69.69999694824219,65.80000305175781,68.16000366210938,8044000
2024-05-29,68.06999969482422,68.81999969482422,66.94999694824219,68.56999969482422,3491200
2024-05-30,67.1500015258789,67.5,66.37000274658203,67.2300033569336,4295700
2024-05-31,67.5199966430664,67.66999816894531,65.7300033569336,66.87000274658203,3874300
2024-06-03,69.3499984741211,69.56999969482422,67.80999755859375,67.87999725341797,4392400
2024-06-04,70.08000183105469,70.0999984741211,68.2509994506836,68.87000274658203,3984700
2024-06-05,71.12999725341797,71.66999816894531,69.69000244140625,69.69000244140625,3738600
2024-06-06,72.0,72.1989974975586,70.61000061035156,70.6500015258789,3047500
2024-06-07,72.47000122070312,72.80000305175781,71.41500091552734,71.44999694824219,4371900
2024-06-10,72.97000122070312,73.58999633789062,71.9000015258789,72.02999877929688,3195100
2024-06-11,73.30000305175781,73.55000305175781,72.01000213623047,72.70999908447266,4863700
2024-06-12,73.87999725341797,74.56999969482422,73.3499984741211,73.74500274658203,5112100
2024-06-13,74.55999755859375,75.58899688720703,74.0,74.05999755859375,3806200
2024-06-14,74.41999816894531,74.52999877929688,73.16999816894531,73.84500122070312,3300500
2024-06-17,74.91999816894531,75.80000305175781,73.91999816894531,74.5199966430664,4423100
2024-06-18,76.27999877929688,76.27999877929688,74.41000366210938,75.0,2867400
2024-06-20,76.0,76.30999755859375,74.72000122070312,76.30999755859375,5180200
2024-06-21,75.41999816894531,76.31999969482422,75.0999984741211,76.16999816894531,5958200
2024-06-24,75.88999938964844,76.5999984741211,75.02999877929688,75.30999755859375,3156800
2024-06-25,74.19000244140625,74.23999786376953,71.25,71.9000015258789,10277500
2024-06-26,74.9000015258789,75.63999938964844,73.41000366210938,73.87000274658203,4027000
2024-06-27,74.51000213623047,74.9800033569336,73.86000061035156,74.51000213623047,4855900
2024-06-28,71.41999816894531,73.75,70.44999694824219,73.5,9941100
2024-07-01,69.38999938964844,69.80000305175781,67.0,67.80999755859375,10843900
2024-07-02,70.33999633789062,70.37000274658203,67.88999938964844,68.5,5764600
2024-07-03,71.48999786376953,72.05000305175781,70.43000030517578,71.06999969482422,3098600
2024-07-05,71.87999725341797,72.08999633789062,70.4000015258789,71.5,4945500
2024-07-08,72.95999908447266,73.08999633789062,70.94999694824219,71.44999694824219,3084700
2024-07-09,73.54000091552734,74.9000015258789,72.8499984741211,73.5,4753000
2024-07-10,74.70999908447266,74.79000091552734,73.02999877929688,74.0,3388300
2024-07-11,73.9000015258789,75.86000061035156,73.72000122070312,74.9000015258789,2593800
2024-07-12,73.83000183105469,75.69999694824219,73.43000030517578,75.12000274658203,2650200
2024-07-15,71.87000274658203,75.13999938964844,70.62999725341797,74.69000244140625,3966900
2024-07-16,71.22000122070312,71.8499984741211,70.45500183105469,71.55999755859375,2785100
2024-07-17,69.63999938964844,70.86000061035156,68.46499633789062,70.86000061035156,3844400
2024-07-18,68.76000213623047,70.2300033569336,67.77999877929688,70.0,2970700
2024-07-19,68.3499984741211,68.76000213623047,67.69000244140625,67.69999694824219,3006800
2024-07-22,67.47000122070312,69.19999694824219,67.06999969482422,69.0,3701300
2024-07-23,66.9800033569336,67.5199966430664,66.16000366210938,67.0,4762300
2024-07-24,65.20999908447266,66.55000305175781,65.19999694824219,66.0,2147000
2024-07-25,64.0999984741211,64.7699966430664,63.29999923706055,64.01000213623047,4269000
2024-07-26,65.33999633789062,66.88999938964844,64.30000305175781,64.62000274658203,3704100
2024-07-29,65.62000274658203,67.76000213623047,65.44999694824219,65.7699966430664,2751200
2024-07-30,65.04000091552734,66.04000091552734,64.19999694824219,64.9800033569336,4039400
2024-07-31,65.69999694824219,66.93000030517578,65.19999694824219,66.37999725341797,2496500
2024-08-01,64.05000305175781,65.61000061035156,63.5099983215332,65.5199966430664,2691700
2024-08-02,60.75,62.54999923706055,59.90999984741211,61.86000061035156,6838200
2024-08-05,59.939998626708984,61.08000183105469,55.0,55.0,7424700
2024-08-06,60.63999938964844,60.91999816894531,58.33000183105469,59.93000030517578,4807800
2024-08-07,60.72999954223633,62.5,60.70000076293945,60.79999923706055,3652400
2024-08-08,62.65999984741211,62.70000076293945,61.060001373291016,61.560001373291016,3241800
2024-08-09,64.86000061035156,64.88999938964844,62.400001525878906,62.540000915527344,4376000
2024-08-12,66.91999816894531,67.08999633789062,65.1500015258789,65.25,9319700
2024-08-13,74.8499984741211,74.91999816894531,70.0,70.5,16258300
2024-08-14,76.80000305175781,78.25,75.7300033569336,75.7300033569336,8517500
2024-08-15,79.29000091552734,79.90499877929688,77.25,77.55999755859375,9540900
2024-08-16,78.81999969482422,80.08000183105469,78.79000091552734,79.5,5658600
2024-08-19,82.2300033569336,82.30000305175781,78.19999694824219,78.9000015258789,6781600
2024-08-20,81.05999755859375,82.83000183105469,80.4800033569336,82.55000305175781,6149000
2024-08-21,82.04000091552734,82.5199966430664,80.2300033569336,81.04000091552734,3512400
2024-08-22,82.75,83.25,82.29000091552734,82.55000305175781,4402700
2024-08-23,83.18000030517578,83.69000244140625,82.29000091552734,83.45999908447266,3715300
2024-08-26,82.80999755859375,83.66999816894531,81.05999755859375,82.5199966430664,5255900
2024-08-27,82.31999969482422,82.80999755859375,81.79000091552734,82.69000244140625,2759900
2024-08-28,81.23999786376953,82.08000183105469,80.05999755859375,82.0,4363300
2024-08-29,77.5199966430664,80.83000183105469,76.81999969482422,80.62999725341797,9320900
2024-08-30,78.30999755859375,79.72000122070312,76.62999725341797,79.0199966430664,4678200
2024-09-03,77.4000015258789,79.13999938964844,77.37999725341797,77.76000213623047,3561000
2024-09-04,78.1500015258789,78.76000213623047,75.66999816894531,77.30999755859375,3567900
2024-09-05,78.72000122070312,80.0,77.4000015258789,78.12999725341797,3295900
2024-09-06,77.18000030517578,79.16999816894531,75.91000366210938,78.45999908447266,4918800
2024-09-09,76.91000366210938,77.70999908447266,76.66999816894531,77.5,2512400
2024-09-10,77.4800033569336,77.5999984741211,76.44000244140625,77.16999816894531,2527900
2024-09-11,77.94999694824219,78.16000366210938,76.37999725341797,77.5,3055700
2024-09-12,79.12000274658203,80.16000366210938,78.72000122070312,79.23999786376953,4312300
2024-09-13,81.18000030517578,81.19000244140625,79.33999633789062,79.69999694824219,3537500
2024-09-16,79.87999725341797,82.05999755859375,78.9000015258789,81.5,3837200
2024-09-17,80.33000183105469,81.0999984741211,78.51200103759766,81.0199966430664,2900900
2024-09-18,82.4000015258789,83.19000244140625,80.3949966430664,80.77999877929688,4706400
2024-09-19,85.01000213623047,86.37000274658203,84.37999725341797,84.9000015258789,6198000
2024-09-20,85.70999908447266,85.87999725341797,83.08699798583984,83.86000061035156,5325300
2024-09-23,90.66999816894531,90.98999786376953,86.52999877929688,87.7699966430664,8565900
2024-09-24,92.8499984741211,92.98999786376953,90.87000274658203,92.51000213623047,5154400
2024-09-25,93.94999694824219,94.30000305175781,91.87000274658203,93.18000030517578,4310100
2024-09-26,94.83000183105469,96.08999633789062,93.20999908447266,94.94999694824219,4459300
2024-09-27,94.30999755859375,95.0,93.83999633789062,94.69999694824219,3256100
2024-09-30,94.27999877929688,95.4000015258789,93.0199966430664,94.26000213623047,5851800
2024-10-01,97.48999786376953,98.08999633789062,93.9000015258789,94.5199966430664,5506900
2024-10-02,95.30000305175781,97.30999755859375,93.05000305175781,97.12000274658203,3087700
2024-10-03,95.13999938964844,95.37000274658203,93.30000305175781,93.76000213623047,2708100
2024-10-04,95.98999786376953,96.51000213623047,94.94000244140625,96.30000305175781,3007800
2024-10-07,95.1500015258789,96.2699966430664,94.06999969482422,94.80000305175781,2628100
2024-10-08,95.33000183105469,95.51000213623047,92.72000122070312,93.33000183105469,2560200
2024-10-09,96.47000122070312,96.75499725341797,94.05000305175781,94.08999633789062,3241300
2024-10-10,95.8499984741211,96.87000274658203,95.41999816894531,96.20999908447266,1676800
2024-10-11,99.29000091552734,101.01000213623047,95.83999633789062,96.33000183105469,4991300
2024-10-14,100.19000244140625,100.8499984741211,99.38999938964844,100.2300033569336,2904200
2024-10-15,96.83000183105469,100.0199966430664,96.43800354003906,99.88999938964844,3160800
2024-10-16,99.37000274658203,100.44000244140625,98.33000183105469,99.08999633789062,3656200
2024-10-17,98.95999908447266,101.5999984741211,98.63999938964844,101.4000015258789,3236600
2024-10-18,98.9000015258789,100.44000244140625,98.4000015258789,99.1500015258789,2965600
2024-10-21,99.08999633789062,99.19999694824219,96.54000091552734,97.61000061035156,2983200
2024-10-22,99.58999633789062,99.9800033569336,97.9000015258789,98.0,2034400
2024-10-23,99.38999938964844,100.08999633789062,97.83999633789062,100.0,2061200
2024-10-24,100.5199966430664,100.94999694824219,99.33999633789062,100.0,2473500
2024-10-25,99.1500015258789,101.93000030517578,98.94000244140625,100.6500015258789,1950600
2024-10-28,99.26000213623047,100.95999908447266,98.83999633789062,100.95999908447266,1504000
2024-10-29,95.98999786376953,99.02999877929688,94.62999725341797,99.02999877929688,3952300
2024-10-30,95.3499984741211,96.18000030517578,93.9000015258789,95.5,2768700
2024-10-31,94.05000305175781,94.29000091552734,92.5,93.7699966430664,2730300
2024-11-01,95.37999725341797,96.31999969482422,93.7300033569336,94.4800033569336,3977000
2024-11-04,95.19000244140625,96.66999816894531,94.7699966430664,95.0,2126800
2024-11-05,95.73999786376953,96.5,94.45999908447266,96.23999786376953,1685000
2024-11-06,95.37000274658203,95.54000091552734,93.75,95.41000366210938,2630300
2024-11-07,95.72000122070312,96.87000274658203,95.16000366210938,95.91999816894531,2899900
2024-11-08,93.55999755859375,95.5,93.19999694824219,95.0,4819400
2024-11-11,97.45999908447266,98.22000122070312,92.70600128173828,92.80999755859375,5975400
2024-11-12,107.6500015258789,117.5199966430664,107.19000244140625,109.55000305175781,14162100
2024-11-13,104.95999908447266,112.6989974975586,104.45999908447266,109.23999786376953,6121300
2024-11-14,103.33000183105469,105.8499984741211,102.87000274658203,105.0,4380300
2024-11-15,102.94000244140625,103.75,99.66000366210938,102.76000213623047,6441900
2024-11-18,108.62999725341797,109.0,103.5999984741211,103.5999984741211,5643200
2024-11-19,113.68000030517578,113.73999786376953,107.79900360107422,109.26000213623047,6228700
2024-11-20,114.45999908447266,115.33000183105469,112.0999984741211,114.0,3978100
2024-11-21,116.33000183105469,117.8499984741211,111.69999694824219,113.8499984741211,5085400
2024-11-22,113.04000091552734,117.16999816894531,112.6500015258789,117.16999816894531,3176700
2024-11-25,114.0,115.12999725341797,111.87999725341797,114.0,4171700
2024-11-26,113.93000030517578,114.37999725341797,111.7300033569336,114.16999816894531,2389700
2024-11-27,115.70999908447266,116.0199966430664,113.0,114.44000244140625,3351000
2024-11-29,113.80000305175781,116.87999725341797,112.88999938964844,116.12000274658203,2622600
2024-12-02,113.23999786376953,114.9800033569336,111.0,114.9800033569336,3120100
2024-12-03,115.5,116.05000305175781,112.81999969482422,113.76000213623047,2753200
2024-12-04,117.41000366210938,118.16500091552734,113.75,115.5,4219900
2024-12-05,117.12000274658203,118.58000183105469,116.08999633789062,116.5,6075000
2024-12-06,116.25,118.55000305175781,115.65299987792969,117.19999694824219,4954200
2024-12-09,114.1500015258789,119.47000122070312,113.6500015258789,117.30000305175781,4109900
2024-12-10,112.05000305175781,115.0,111.69999694824219,113.62999725341797,2599500
2024-12-11,116.66999816894531,117.01000213623047,111.94999694824219,112.58000183105469,3790100
2024-12-12,117.29000091552734,118.3499984741211,115.86000061035156,116.37999725341797,2322500
2024-12-13,116.47000122070312,118.35199737548828,114.1500015258789,117.80000305175781,1767500
2024-12-16,114.61000061035156,115.55000305175781,113.48500061035156,115.25,2740800
2024-12-17,115.79000091552734,116.56500244140625,113.01000213623047,114.08000183105469,3068400
2024-12-18,110.98999786376953,115.5999984741211,110.55699920654297,115.5999984741211,3058000
2024-12-19,111.63999938964844,112.70999908447266,110.22000122070312,111.48999786376953,2979500
2024-12-20,110.63999938964844,111.93199920654297,107.0,108.37000274658203,3544700
2024-12-23,109.38999938964844,111.29000091552734,108.29000091552734,110.63999938964844,3347400
2024-12-24,111.47000122070312,111.5999984741211,108.76000213623047,110.0,991900
2024-12-26,109.6500015258789,111.13999938964844,109.37000274658203,111.0,1372700
2024-12-27,108.72000122070312,109.08999633789062,106.36000061035156,109.01000213623047,2293700
2024-12-30,107.4800033569336,107.8499984741211,106.52999877929688,107.29000091552734,2373900
2024-12-31,106.0999984741211,107.24500274658203,105.38999938964844,107.16999816894531,1904100
2025-01-02,104.87000274658203,106.0,102.55000305175781,105.19000244140625,4386200
2025-01-03,106.31999969482422,106.33000183105469,104.0999984741211,105.51000213623047,3010000
2025-01-06,108.45999908447266,109.27999877929688,106.44000244140625,108.13999938964844,4766300
2025-01-07,106.41999816894531,110.26000213623047,105.62999725341797,109.98999786376953,3671000
2025-01-08,109.3499984741211,109.94999694824219,107.47000122070312,109.55000305175781,3122500
2025-01-10,108.29000091552734,108.81999969482422,105.19999694824219,106.54000091552734,3337300
2025-01-13,106.87000274658203,106.87000274658203,103.3499984741211,104.58999633789062,2702600
2025-01-14,110.44000244140625,111.4800033569336,107.45999908447266,108.2699966430664,3336800
2025-01-15,110.81999969482422,113.38999938964844,110.0,112.26000213623047,3028100
2025-01-16,111.62999725341797,113.33000183105469,111.0999984741211,112.0,5298600
2025-01-17,115.08000183105469,115.30000305175781,111.4000015258789,112.08000183105469,2679300
2025-01-21,118.16000366210938,119.0,115.80999755859375,116.98999786376953,4626300
2025-01-22,118.36000061035156,119.37999725341797,117.55599975585938,119.2699966430664,3307800
2025-01-23,116.45999908447266,118.12999725341797,116.0,117.31999969482422,2516500
2025-01-24,117.79000091552734,118.18000030517578,116.01000213623047,117.11000061035156,1546800
2025-01-27,114.2300033569336,118.06999969482422,112.80999755859375,113.83000183105469,2663900
2025-01-28,119.52999877929688,121.64399719238281,114.06800079345703,115.23999786376953,4587900
2025-01-29,121.91999816894531,122.7699966430664,118.94999694824219,120.3499984741211,3196800
2025-01-30,123.37999725341797,125.69000244140625,122.5,122.87000274658203,3374600
2025-01-31,121.79000091552734,126.12000274658203,121.69999694824219,125.01000213623047,5729700
2025-02-03,121.9000015258789,123.19000244140625,118.19999694824219,119.0,2579000
2025-02-04,123.1500015258789,124.13999938964844,120.79000091552734,122.20999908447266,3944600
2025-02-05,123.08000183105469,123.96600341796875,120.26000213623047,123.1500015258789,2705000
2025-02-06,122.66000366210938,123.5,121.2699966430664,123.0999984741211,2834600
2025-02-07,123.0,126.3499984741211,122.31999969482422,124.0,3051700
2025-02-10,125.27999877929688,126.66500091552734,123.18000030517578,124.91999816894531,2732800
2025-02-11,129.7100067138672,129.89999389648438,123.38099670410156,123.5,4650800
2025-02-12,130.64999389648438,130.64999389648438,128.30999755859375,129.5,2955600
2025-02-13,133.1300048828125,133.1300048828125,129.35000610351562,131.49000549316406,3590800
2025-02-14,134.9499969482422,135.05999755859375,130.5,133.82000732421875,3762700
2025-02-18,138.6199951171875,139.17999267578125,135.97999572753906,136.50999450683594,7628700
2025-02-19,136.22000122070312,139.0,135.25999450683594,139.0,3178900
2025-02-20,132.8300018310547,136.14999389648438,130.7899932861328,135.88999938964844,3435700
2025-02-21,127.62000274658203,133.77000427246094,127.44000244140625,133.66000366210938,4711800
2025-02-24,127.19000244140625,128.05999755859375,124.37000274658203,127.4000015258789,5396400
2025-02-25,123.91999816894531,125.91000366210938,119.88899993896484,125.91000366210938,6543800
2025-02-26,128.27000427246094,128.9600067138672,125.47000122070312,125.94999694824219,3560100
2025-02-27,126.41999816894531,130.74000549316406,125.16300201416016,130.42999267578125,2652700
2025-02-28,127.2699966430664,127.91000366210938,123.0,124.0,5837500
2025-03-03,123.48999786376953,132.07000732421875,122.68000030517578,131.85000610351562,5943400
2025-03-04,132.30999755859375,134.1999969482422,125.41000366210938,130.49000549316406,9456600
2025-03-05,146.30999755859375,147.72799682617188,135.47000122070312,135.64999389648438,9753500
2025-03-06,139.14999389648438,144.88999938964844,138.30999755859375,143.3000030517578,7022300
2025-03-07,135.69000244140625,139.3000030517578,129.92999267578125,138.89999389648438,7247200
2025-03-10,127.31999969482422,132.4199981689453,124.30999755859375,130.64999389648438,9144600
2025-03-11,127.70999908447266,129.8000030517578,120.80999755859375,126.0,6959500
2025-03-12,129.6199951171875,133.80999755859375,128.6999969482422,132.97000122070312,5735000
2025-03-13,124.80999755859375,130.0,124.58999633789062,129.5399932861328,4539500
2025-03-14,127.43000030517578,129.89999389648438,126.68000030517578,128.5,3140400
2025-03-17,132.63999938964844,133.42999267578125,128.47000122070312,128.5,5348800
2025-03-18,125.12999725341797,130.78900146484375,124.0999984741211,129.32000732421875,6934900
2025-03-19,126.1500015258789,128.4600067138672,125.88500213623047,126.38999938964844,3923000
2025-03-20,127.08999633789062,127.6719970703125,124.62999725341797,125.79000091552734,4432700
2025-03-21,126.06999969482422,126.91500091552734,124.5199966430664,125.30000305175781,3156100
2025-03-24,129.47999572753906,130.29800415039062,128.0800018310547,128.8800048828125,3184500
2025-03-25,130.3000030517578,131.02999877929688,128.24000549316406,130.5500030517578,4337300
2025-03-26,129.27000427246094,132.72000122070312,126.6500015258789,130.75999450683594,3535200
2025-03-27,133.57000732421875,136.0,127.9000015258789,128.13999938964844,5718700
2025-03-28,130.6699981689453,133.27000427246094,129.99000549316406,131.99000549316406,3272600
2025-03-31,130.49000549316406,130.52999877929688,124.55000305175781,128.0,3545700
2025-04-01,132.4600067138672,133.00999450683594,128.52999877929688,129.25,5170000
2025-04-02,134.5800018310547,137.0,129.85000610351562,130.05999755859375,3091900
2025-04-03,120.05000305175781,124.56999969482422,115.69999694824219,124.43000030517578,15183300
2025-04-04,106.62999725341797,112.83999633789062,105.98999786376953,109.0,15813900
2025-04-07,108.66000366210938,113.94999694824219,99.5,99.70999908447266,11311900
2025-04-08,105.56999969482422,115.12000274658203,103.52999877929688,114.06999969482422,7077100
2025-04-09,119.08999633789062,120.86000061035156,102.4000015258789,102.4000015258789,10641600
2025-04-10,115.27999877929688,118.5,112.0199966430664,116.48999786376953,4724000
2025-04-11,117.80999755859375,118.68000030517578,111.13999938964844,112.81999969482422,4399500
2025-04-14,118.7300033569336,124.0,118.04000091552734,120.33000183105469,3900900
2025-04-15,119.75,120.2300033569336,117.62999725341797,118.87999725341797,4169000
2025-04-16,118.7300033569336,121.08999633789062,116.0199966430664,116.5,6022000
2025-04-17,120.97000122070312,123.66999816894531,120.38999938964844,121.2699966430664,3674400
2025-04-21,116.52999877929688,120.69999694824219,114.5999984741211,120.01000213623047,2923500
2025-04-22,118.5199966430664,120.37999725341797,116.52999877929688,117.0,3612800
2025-04-23,120.44999694824219,125.44000244140625,120.30000305175781,124.03500366210938,4470200
2025-04-24,124.2300033569336,125.16000366210938,120.01000213623047,120.94000244140625,6044700
2025-04-25,127.76000213623047,128.72999572753906,124.29000091552734,124.45999908447266,3518700
2025-04-28,130.27999877929688,130.60899353027344,127.21299743652344,129.0,3239300
2025-04-29,133.9199981689453,134.27000427246094,130.22999572753906,131.0,3583700
2025-04-30,134.0500030517578,134.27999877929688,129.1699981689453,131.0,3208200
2025-05-01,137.30999755859375,138.97000122070312,135.66000366210938,136.19000244140625,3223800
2025-05-02,141.77999877929688,143.57000732421875,138.75,139.55999755859375,3899900
2025-05-05,142.5,143.39999389648438,140.0,140.0,2557500
2025-05-06,142.47000122070312,143.39999389648438,139.8000030517578,140.6699981689453,3289300
2025-05-07,142.52999877929688,144.1300048828125,140.22500610351562,142.47999572753906,4374900
2025-05-08,145.82000732421875,147.13999938964844,144.2449951171875,144.50999450683594,3536500
2025-05-09,139.1699981689453,143.25799560546875,138.24000549316406,142.19000244140625,4692100
2025-05-12,142.4499969482422,143.97999572753906,139.1199951171875,143.02000427246094,7194400
2025-05-13,154.1300048828125,155.52000427246094,147.25599670410156,152.00999450683594,12348400
2025-05-14,163.17999267578125,163.25999450683594,156.58999633789062,158.8800048828125,11197900
2025-05-15,164.6300048828125,164.7100067138672,160.4499969482422,162.0,6286300
2025-05-16,161.50999450683594,165.30999755859375,161.27999877929688,165.0,3701100
2025-05-19,162.72000122070312,162.97999572753906,158.0,160.0,3972200
2025-05-20,162.41000366210938,163.60000610351562,161.02000427246094,163.1999969482422,2319300
2025-05-21,163.25999450683594,164.99000549316406,161.67999267578125,162.61000061035156,2849200
2025-05-22,160.69000244140625,162.74000549316406,160.30499267578125,161.10000610351562,3033300
2025-05-23,164.05999755859375,165.89999389648438,157.3000030517578,159.3300018310547,3656800
2025-05-27,165.24000549316406,169.27999877929688,164.50999450683594,166.0,6394200
2025-05-28,164.9199981689453,167.64500427246094,164.1999969482422,166.7899932861328,4782500
2025-05-29,161.2100067138672,166.81500244140625,160.3800048828125,166.0,4287400
2025-05-30,160.3699951171875,163.16000366210938,157.9199981689453,163.14999389648438,5670900
2025-06-02,165.10000610351562,165.14999389648438,160.2899932861328,160.83999633789062,3276600
2025-06-03,165.77000427246094,167.97000122070312,164.27000427246094,166.64999389648438,3460500
2025-06-04,168.16000366210938,170.0,166.10000610351562,166.75,3134100
2025-06-05,170.39999389648438,172.64999389648438,168.75,169.97000122070312,3622900
2025-06-06,165.61000061035156,172.08999633789062,164.3699951171875,172.0,4359500
2025-06-09,164.5800018310547,165.97000122070312,162.07000732421875,164.63999938964844,1659100
2025-06-10,156.8699951171875,162.3800048828125,154.69400024414062,162.02999877929688,5610600
2025-06-11,154.44000244140625,156.24000549316406,154.02000427246094,155.6999969482422,4784400
2025-06-12,154.6300048828125,154.9199981689453,152.52000427246094,153.1999969482422,3370900
2025-06-13,154.3800048828125,157.1300048828125,152.91000366210938,152.91000366210938,4956400
2025-06-16,158.19000244140625,160.60000610351562,155.9199981689453,155.97000122070312,4102200
2025-06-17,157.27000427246094,160.0,156.47000122070312,159.32000732421875,3300600
2025-06-18,155.69000244140625,158.4600067138672,154.52999877929688,157.5500030517578,2758800
2025-06-20,153.39999389648438,156.8300018310547,153.0449981689453,156.3000030517578,3174000
2025-06-23,153.52000427246094,154.51499938964844,149.83999633789062,153.1999969482422,2630900
2025-06-24,158.2899932861328,160.27000427246094,155.50999450683594,156.7899932861328,5000400
2025-06-25,155.80999755859375,159.802001953125,155.5,158.27000427246094,3562200
2025-06-26,158.50999450683594,159.16000366210938,155.8300018310547,157.1999969482422,3740100
2025-06-27,159.30999755859375,161.75,156.1020050048828,158.1199951171875,4607100
2025-06-30,159.94000244140625,162.10000610351562,157.4499969482422,159.0,4681400
2025-07-01,150.5,159.69000244140625,149.0,159.0,6451800
2025-07-02,149.4199981689453,151.81500244140625,147.80999755859375,150.0,3448800
2025-07-03,149.47000122070312,150.3990020751953,147.52000427246094,150.0,2289200
2025-07-07,151.11000061035156,153.0,148.3000030517578,150.0,2448100
2025-07-08,149.11000061035156,153.35000610351562,145.92999267578125,153.0,3728700
2025-07-09,152.74000549316406,154.92999267578125,148.4199981689453,150.80499267578125,3988600
2025-07-10,149.39999389648438,153.1199951171875,145.24099731445312,153.08999633789062,5445500
2025-07-11,148.25999450683594,150.0,147.0500030517578,149.1699981689453,2875000
2025-07-14,151.1199951171875,152.2899932861328,148.0,148.47000122070312,3530400
2025-07-15,158.25999450683594,158.55999755859375,150.6999969482422,154.0500030517578,5083300
2025-07-16,161.3000030517578,164.8300018310547,156.4199981689453,158.5,7759200
2025-07-17,167.0800018310547,167.39999389648438,159.22999572753906,161.8300018310547,5095300
2025-07-18,168.5500030517578,170.0,167.0800018310547,168.00999450683594,4355100
2025-07-21,155.2899932861328,165.5800018310547,154.77000427246094,163.7100067138672,7744500
2025-07-22,154.82000732421875,156.08999633789062,151.05999755859375,154.9600067138672,4410000
2025-07-23,158.57000732421875,160.22000122070312,154.9499969482422,155.38999938964844,3450600
2025-07-24,157.8699951171875,159.8300018310547,154.75,159.3800048828125,2148100
2025-07-25,157.7100067138672,160.02000427246094,153.47300720214844,153.99000549316406,4272700
2025-07-28,160.74000549316406,161.5,158.11000061035156,159.0,2479000
2025-07-29,160.4600067138672,162.22000122070312,158.35000610351562,161.0,2031300
2025-07-30,159.25,160.6999969482422,157.25999450683594,159.5399932861328,3658200
2025-07-31,156.64999389648438,160.0399932861328,155.8300018310547,159.6199951171875,2981300
2025-08-01,154.2100067138672,155.4499969482422,150.75,153.5399932861328,2768600
2025-08-04,156.74000549316406,157.2899932861328,154.0800018310547,155.5,2113200
2025-08-05,151.44000244140625,155.02000427246094,149.0399932861328,154.9499969482422,5636700
2025-08-06,147.5399932861328,152.64999389648438,147.22999572753906,152.25999450683594,6095000
2025-08-07,148.86000061035156,151.11000061035156,147.52000427246094,150.0,3689700
2025-08-08,147.61000061035156,151.0399932861328,145.6300048828125,150.27999877929688,3846100
2025-08-11,146.22999572753906,150.2899932861328,145.88999938964844,147.1999969482422,7008400
2025-08-12,174.1199951171875,178.0,165.8000030517578,166.5,19402500
2025-08-13,174.66000366210938,181.75999450683594,173.02000427246094,175.86000061035156,7751400
2025-08-14,174.00999450683594,175.6999969482422,170.69000244140625,174.0,3556300
2025-08-15,177.27999877929688,180.11000061035156,174.13999938964844,174.7100067138672,4346700
2025-08-18,177.27000427246094,177.72000122070312,174.60000610351562,177.0500030517578,2516400
2025-08-19,179.25,181.60000610351562,177.25,177.50999450683594,4088500
2025-08-20,178.74000549316406,178.97999572753906,173.7100067138672,178.24000549316406,3428300
2025-08-21,179.60000610351562,181.1999969482422,177.5,178.25,2616700
2025-08-22,185.52999877929688,185.67999267578125,178.88999938964844,180.0,4864600
2025-08-25,187.5500030517578,190.75,184.25,186.5,4745800
2025-08-26,188.2899932861328,188.75999450683594,186.10000610351562,187.0,2531700
2025-08-27,182.91000366210938,188.8800048828125,182.77000427246094,187.5,2586600
2025-08-28,186.24000549316406,186.25,181.38999938964844,183.47999572753906,3570600
2025-08-29,186.5399932861328,188.02000427246094,185.07000732421875,186.24000549316406,5354500
2025-09-02,178.77999877929688,181.86000061035156,176.5,181.6300048828125,5167500
2025-09-03,180.97999572753906,181.08999633789062,173.0,177.44000244140625,2776100
2025-09-04,189.7100067138672,190.0,182.0,182.27000427246094,3970900
2025-09-05,191.6199951171875,192.27999877929688,185.82000732421875,192.19000244140625,4430200
2025-09-08,190.57000732421875,195.0,189.9499969482422,193.25,3182700
2025-09-09,192.6699981689453,192.91000366210938,187.6999969482422,189.97999572753906,3209400
2025-09-10,193.0399932861328,193.61000061035156,190.6199951171875,192.0,2485600
2025-09-11,196.5,199.3000030517578,194.13999938964844,195.0,4523400
2025-09-12,196.0500030517578,197.73899841308594,194.7100067138672,195.5500030517578,3049000
2025-09-15,190.4600067138672,196.44900512695312,189.25,196.1699981689453,3215900
2025-09-16,189.07000732421875,191.01499938964844,187.02999877929688,189.19000244140625,3708700
2025-09-17,186.88999938964844,189.5,184.5500030517578,189.30999755859375,3519400
2025-09-18,190.55999755859375,191.36000061035156,187.0,188.6300048828125,4202100
2025-09-19,192.75999450683594,193.52999877929688,190.75,191.72999572753906,3152400
2025-09-22,192.9600067138672,195.47999572753906,189.8000030517578,191.1999969482422,2362000
2025-09-23,185.25,192.52000427246094,185.00999450683594,192.08999633789062,3570100
2025-09-24,185.82000732421875,189.32000732421875,183.30999755859375,185.0,2495800
2025-09-25,185.91000366210938,186.4199981689453,183.0,183.2899932861328,3110200
2025-09-26,184.5800018310547,186.0,179.75,185.05999755859375,3143200
2025-09-29,181.4499969482422,186.23500061035156,180.3800048828125,186.1300048828125,3839700
2025-09-30,178.72999572753906,182.2100067138672,176.25999450683594,182.1999969482422,4199400
2025-10-01,182.00999450683594,182.8699951171875,176.69000244140625,179.0,4333400
2025-10-02,184.22000122070312,184.64999389648438,176.82200622558594,183.99000549316406,3429400
2025-10-03,184.91000366210938,188.77000427246094,183.14999389648438,184.30999755859375,2215200
2025-10-06,189.5,190.9199981689453,184.9600067138672,186.0500030517578,2973300
2025-10-07,191.00999450683594,191.32000732421875,187.69000244140625,190.5,2458700
2025-10-08,192.69000244140625,193.47999572753906,189.3300018310547,190.99000549316406,2718000
2025-10-09,188.0,191.38999938964844,183.8800048828125,191.3699951171875,4338400
2025-10-10,180.82000732421875,189.77999877929688,180.0,186.60000610351562,3196300
2025-10-13,182.60000610351562,183.89999389648438,180.9340057373047,181.14999389648438,2371000
2025-10-14,180.69000244140625,181.86000061035156,176.0,179.32000732421875,2744500
2025-10-15,163.4199981689453,184.9600067138672,162.02000427246094,184.25,9218300
2025-10-16,162.64999389648438,175.8000030517578,162.5,174.49000549316406,12260800
2025-10-17,160.05999755859375,162.64999389648438,158.83999633789062,161.42999267578125,6112900
2025-10-20,165.6999969482422,167.19000244140625,160.85000610351562,162.58999633789062,4097800
2025-10-21,164.60000610351562,171.08999633789062,164.60000610351562,170.0,3882800
2025-10-22,156.74000549316406,161.3000030517578,154.72000122070312,156.39999389648438,7693100
2025-10-23,156.25999450683594,157.60499572753906,155.0500030517578,157.27999877929688,3057900
2025-10-24,154.66000366210938,158.7100067138672,154.22500610351562,158.7100067138672,2532600
2025-10-27,160.10000610351562,161.64999389648438,156.50999450683594,157.8300018310547,3932000
2025-10-28,159.7100067138672,164.02999877929688,157.41000366210938,162.16000366210938,4508000
2025-10-29,155.92999267578125,159.63999938964844,154.8699951171875,159.5,3152500
2025-10-30,155.92999267578125,159.1199951171875,152.79600524902344,154.24000549316406,4045400
2025-10-31,156.25,157.42999267578125,154.80999755859375,156.5,3122000
2025-11-03,157.41000366210938,159.1300048828125,155.08999633789062,156.75999450683594,2694200
2025-11-04,156.50999450683594,156.9499969482422,151.6300048828125,154.3000030517578,2981800
2025-11-05,157.75999450683594,159.11000061035156,155.47999572753906,156.16000366210938,2723700
2025-11-06,153.55999755859375,159.8000030517578,152.35000610351562,158.32000732421875,4305800
2025-11-07,149.94000244140625,151.1199951171875,145.7899932861328,151.0,7065000
2025-11-10,155.0500030517578,156.02000427246094,151.0,152.8000030517578,8953700
2025-11-11,142.30999755859375,159.08999633789062,141.1999969482422,159.02999877929688,16009100
2025-11-12,143.35000610351562,150.7899932861328,142.61000061035156,145.2949981689453,6978700
2025-11-13,140.0399932861328,144.47999572753906,139.41000366210938,144.27000427246094,5486200
2025-11-14,140.85000610351562,141.49000549316406,134.50999450683594,134.75,6168500
2025-11-17,145.75,148.0800018310547,143.69500732421875,145.13999938964844,5145900
2025-11-18,147.25999450683594,148.0,143.49000549316406,143.52000427246094,4416800
2025-11-19,143.52999877929688,147.33999633789062,143.24000549316406,146.5,3567300
2025-11-20,130.99000549316406,145.27000427246094,130.44000244140625,145.27000427246094,10163700
2025-11-21,131.33999633789062,133.94000244140625,127.83499908447266,131.27999877929688,7647500
2025-11-24,136.3800048828125,136.9250030517578,130.6699981689453,132.6999969482422,5855300
2025-11-25,136.2899932861328,136.72999572753906,132.7050018310547,136.72999572753906,4313100
2025-11-26,134.25999450683594,140.41000366210938,134.19000244140625,138.11000061035156,4661700
2025-11-28,139.00999450683594,140.0449981689453,135.6300048828125,136.38999938964844,2590500
2025-12-01,135.27999877929688,138.6750030517578,135.05999755859375,138.32000732421875,4135600
2025-12-02,137.8300018310547,138.47000122070312,133.5,135.27000427246094,3556200
2025-12-03,135.0399932861328,137.22999572753906,134.5800018310547,137.1999969482422,3318700
2025-12-04,135.41000366210938,135.72000122070312,132.2100067138672,134.66000366210938,2689200
2025-12-05,133.99000549316406,138.11000061035156,133.7550048828125,136.07000732421875,3580000
2025-12-08,128.27999877929688,134.5,127.02999877929688,134.00999450683594,7294200
2025-12-09,128.66000366210938,129.5,126.80999755859375,127.37000274658203,5845200
2025-12-10,124.22000122070312,129.0,123.15499877929688,128.52999877929688,7090800
2025-12-11,126.5999984741211,129.02999877929688,124.20999908447266,125.0,6427100
2025-12-12,125.0199966430664,129.10000610351562,123.7509994506836,127.5,4132400
2025-12-15,121.55999755859375,125.5,121.32499694824219,125.0199966430664,3651000
2025-12-16,124.2699966430664,125.08000183105469,121.29499816894531,121.83000183105469,5373300
2025-12-17,118.94999694824219,125.37000274658203,118.86000061035156,125.0,5494100
2025-12-18,120.45999908447266,122.73999786376953,119.4800033569336,121.04000091552734,5655900
2025-12-19,121.97000122070312,123.6500015258789,121.5,122.55999755859375,4908100
2025-12-22,124.77999877929688,125.80999755859375,120.30000305175781,123.01000213623047,3641600
2025-12-23,125.7699966430664,126.11000061035156,123.4000015258789,126.0,3274600
2025-12-24,126.25,127.13500213623047,125.18000030517578,125.69999694824219,1716600
2025-12-26,127.8499984741211,128.52000427246094,125.9000015258789,126.25,1840500
2025-12-29,130.88999938964844,131.19000244140625,127.44999694824219,127.8499984741211,4615900
2025-12-30,128.35000610351562,132.47999572753906,128.25,131.5500030517578,2425300
2025-12-31,127.56999969482422,128.14300537109375,126.83000183105469,127.80999755859375,1974000
2026-01-02,131.49000549316406,133.5,129.16000366210938,131.52999877929688,3407400
2026-01-05,139.77999877929688,142.8000030517578,133.3350067138672,133.86000061035156,6905400
2026-01-06,142.88999938964844,148.25999450683594,142.35000610351562,142.3800048828125,8311800
2026-01-07,139.24000549316406,143.27999877929688,139.0500030517578,143.1999969482422,4316200
2026-01-08,134.14999389648438,137.42999267578125,133.0,136.0800018310547,4156200
2026-01-09,133.52000427246094,135.0,131.7100067138672,133.57000732421875,2921600
2026-01-12,131.58999633789062,134.38999938964844,130.1999969482422,134.0,3083200
2026-01-13,129.86000061035156,130.4499969482422,126.5199966430664,130.41000366210938,6346300
2026-01-14,125.25,129.18499755859375,123.93000030517578,129.0399932861328,6248800
2026-01-15,124.0,125.0,121.86000061035156,124.02999877929688,5026400
2026-01-16,121.41999816894531,124.37999725341797,120.80000305175781,124.0,3989400
2026-01-20,121.22000122070312,121.7300033569336,118.54000091552734,119.2300033569336,6096900
2026-01-21,121.12999725341797,122.80000305175781,119.58999633789062,122.41000366210938,7875100
2026-01-22,122.83000183105469,125.69999694824219,120.52999877929688,122.0,6826600
2026-01-23,124.77999877929688,126.95999908447266,124.16999816894531,124.69999694824219,3701700
2026-01-26,125.93000030517578,126.55999755859375,122.0999984741211,124.88500213623047,3823300
2026-01-27,127.11000061035156,127.91999816894531,124.05000305175781,127.19999694824219,2784700
2026-01-28,126.55000305175781,130.19000244140625,125.54000091552734,128.3800048828125,5645600
2026-01-29,121.9000015258789,128.5,120.625,127.5,5797700
2026-01-30,116.48999786376953,121.88999938964844,115.61000061035156,120.51000213623047,5395800
2026-02-02,113.58999633789062,116.33999633789062,111.93000030517578,116.27999877929688,7639300
2026-02-03,108.19999694824219,113.25,105.19999694824219,113.02999877929688,10319600
2026-02-04,106.26000213623047,107.9000015258789,102.28500366210938,107.62999725341797,10093600
2026-02-05,108.56999969482422,109.49700164794922,106.0,106.55000305175781,7897700
2026-02-06,108.54000091552734,112.1449966430664,107.05000305175781,110.05999755859375,7723500
2026-02-09,108.86000061035156,110.22000122070312,106.80999755859375,108.0,6581700
2026-02-10,113.33000183105469,114.9000015258789,108.51000213623047,109.88999938964844,6155500
2026-02-11,114.5199966430664,118.08999633789062,113.3499984741211,116.5,5579400
2026-02-12,109.05999755859375,114.93000030517578,106.5,114.26000213623047,6932800
2026-02-13,106.73999786376953,110.08499908447266,105.5999984741211,108.79000091552734,5137700
2026-02-17,108.51000213623047,110.7699966430664,106.75,107.0,3754500
2026-02-18,112.77999877929688,113.18000030517578,108.4800033569336,109.0,4276800
2026-02-19,114.5999984741211,117.45999908447266,113.10600280761719,113.33999633789062,3227500
2026-02-20,115.0,116.52999877929688,112.77999877929688,113.80000305175781,3065800
2026-02-23,111.23999786376953,115.8499984741211,110.98999786376953,113.91999816894531,3951100
2026-02-24,107.11000061035156,109.87000274658203,104.51000213623047,109.69999694824219,7030900
2026-02-25,104.47000122070312,106.69999694824219,102.54000091552734,106.0,6300300
2026-02-26,110.9000015258789,111.08000183105469,103.54000091552734,104.54000091552734,6276700
2026-02-27,108.44999694824219,110.51000213623047,107.74400329589844,108.87000274658203,5515000
2026-03-02,105.20999908447266,105.72799682617188,102.80999755859375,105.02999877929688,8486500
2026-03-03,87.81999969482422,89.62999725341797,77.05000305175781,80.4000015258789,34838400
2026-03-04,88.26000213623047,89.29000091552734,86.25,88.0,12027400
2026-03-05,95.5199966430664,96.0,89.08100128173828,89.43000030517578,11432200
2026-03-06,91.9800033569336,95.75,91.0,94.4800033569336,7466300
2026-03-09,90.0999984741211,90.80000305175781,87.58000183105469,90.13999938964844,6762800
2026-03-10,89.16999816894531,91.97899627685547,89.0,91.58000183105469,4408200
2026-03-11,87.81999969482422,89.94999694824219,85.94999694824219,88.41000366210938,4093200
2026-03-12,85.16000366210938,89.0,84.66999816894531,86.38999938964844,4151917
