date,close,high,low,open,volume
2021-03-15,14.682005882263184,14.857207811507205,14.682005882263184,14.857207811507205,1250
2021-03-16,14.979848861694336,14.979848861694336,14.664483094859152,14.699524478225339,150
2021-03-17,14.699525833129883,15.207614242715932,14.699525833129883,15.207614242715932,950
2021-03-18,15.207612991333008,15.207612991333008,14.9097679132362,14.94480762608369,1450
2021-03-19,15.137532234191895,15.365296220835583,15.137532234191895,15.365296220835583,300
2021-03-22,14.874728202819824,14.962330001090812,14.734565993932371,14.909769590474351,3500
2021-03-23,15.120013236999512,15.172573648774227,14.8572078363952,14.87472853060856,3550
2021-03-24,15.470416069030762,15.470416069030762,14.927288010056428,14.927288010056428,1500
2021-03-25,15.207612991333008,15.925944648790557,15.172571607620377,15.925944648790557,3650
2021-03-26,14.927288055419922,15.19009174012679,14.927288055419922,15.067450243378929,950
2021-03-29,14.839685440063477,14.909766530122484,14.76960435000447,14.85720445942949,700
2021-03-30,14.804646492004395,15.084970898297716,14.804646492004395,15.084970898297716,3750
2021-03-31,14.594404220581055,14.611924914931182,14.52432311404592,14.576883526230926,3400
2021-04-01,14.664483070373535,14.664483070373535,14.349117304064926,14.349117304064926,400
2021-04-05,14.121356010437012,14.121356010437012,14.10383531752457,14.10383531752457,450
2021-04-06,14.01623249053955,14.051273873781156,13.946151394921458,14.051273873781156,350
2021-04-07,14.226476669311523,14.226476669311523,14.016233369276208,14.06879377656873,600
2021-04-08,14.156394958496094,14.208955363520802,14.156394958496094,14.17391565045938,100
2021-04-09,14.156394958496094,14.26151743941066,14.156394958496094,14.26151743941066,50
2021-04-12,13.858551025390625,13.858551025390625,13.858551025390625,13.858551025390625,100
2021-04-13,13.63078784942627,13.823510464238925,13.63078784942627,13.823510464238925,1450
2021-04-14,13.841031074523926,13.841031074523926,13.648307625435937,13.648307625435937,100
2021-04-15,13.63078784942627,13.683348258763306,13.613267156025495,13.613267156025495,1550
2021-04-16,13.473105430603027,13.473105430603027,13.473105430603027,13.473105430603027,400
2021-04-19,13.805992126464844,13.805992126464844,13.700870460783058,13.718390320680323,4900
2021-04-20,13.823511123657227,13.946153477015082,13.823511123657227,13.841031817893784,3250
2021-04-21,13.508145332336426,14.103835533562108,13.508145332336426,14.103835533562108,350
2021-04-22,13.735909461975098,13.735909461975098,13.525665318965117,13.525665318965117,150
2021-04-23,13.595748901367188,13.63078945686833,13.595748901367188,13.63078945686833,550
2021-04-26,13.6658296585083,13.6658296585083,13.630789103914495,13.630789103914495,200
2021-04-27,13.841031074523926,13.841031074523926,13.841031074523926,13.841031074523926,50
2021-04-28,13.94615364074707,13.94615364074707,13.858551839401176,13.858551839401176,50
2021-04-29,13.911111831665039,14.016233482532115,13.805990180797961,13.805990180797961,150
2021-04-30,13.770949363708496,13.893590869627701,13.753428671187123,13.893590869627701,450
2021-05-03,13.753427505493164,13.770948196529543,13.70086710324909,13.70086710324909,550
2021-05-04,13.981193542480469,14.068794504310244,13.981193542480469,13.981193542480469,1350
2021-05-05,13.94615364074707,13.94615364074707,13.841031980391612,13.841031980391612,350
2021-05-06,13.753427505493164,13.946150929730676,13.753427505493164,13.858549145413845,200
2021-05-07,13.508145332336426,13.630787678304253,13.508145332336426,13.508145332336426,700
2021-05-10,13.770949363708496,13.770949363708496,13.683347571966834,13.683347571966834,550
2021-05-11,14.051276206970215,14.226478139674853,13.9636735697525,13.9636735697525,700
2021-05-12,14.71704387664795,14.71704387664795,14.191436479590296,14.226476192990395,2250
2021-05-13,14.471761703491211,14.489282396632632,14.349118522366531,14.436720317208371,950
2021-05-14,14.156394958496094,14.156394958496094,14.156394958496094,14.156394958496094,50
2021-05-17,14.314078330993652,14.314078330993652,14.279036945875967,14.279036945875967,500
2021-05-18,14.43671989440918,14.43671989440918,14.296557695113185,14.296557695113185,100
2021-05-19,14.699525833129883,14.997370935735354,14.699525833129883,14.927289833408494,2800
2021-05-20,14.279037475585938,14.27903747558594,14.24399776003359,14.24399776003359,100
2021-05-21,14.314078330993652,14.314078330993652,14.208955846505805,14.261517924182332,3150
2021-05-24,14.033754348754883,14.051275041832142,13.946152554233846,14.051275041832142,2650
2021-05-25,14.04251480102539,14.08631486318307,14.016233761211621,14.016233761211621,8800
2021-05-26,13.788470268249512,13.954913518116147,13.788470268249512,13.954913518116147,700
2021-05-27,13.70962905883789,13.70962905883789,13.56946684727506,13.56946684727506,2700
2021-05-28,13.70962905883789,13.70962905883789,13.70962905883789,13.70962905883789,100
2021-06-01,13.788470268249512,13.788470268249512,13.709628816779283,13.709628816779283,200
2021-06-02,13.902351379394531,13.911111725758248,13.543185532808232,13.543185532808232,500
2021-06-03,13.96367073059082,13.989951767042355,13.928630184087968,13.928630184087968,1300
2021-06-04,13.70962905883789,13.70962905883789,13.70962905883789,13.70962905883789,700
2021-06-07,13.65706729888916,13.65706729888916,13.65706729888916,13.65706729888916,700
2021-06-08,13.788470268249512,13.788470268249512,13.788470268249512,13.788470268249512,700
2021-06-09,13.981193542480469,13.981193542480469,13.981193542480469,13.981193542480469,700
2021-06-10,13.919870376586914,13.998710977959213,13.919870376586914,13.998710977959213,300
2021-06-11,13.823511123657227,13.823511123657227,13.823511123657227,13.823511123657227,100
2021-06-14,13.823511123657227,13.867312023815938,13.823511123657227,13.867312023815938,1500
2021-06-15,14.051276206970215,14.051276206970215,13.946153710655116,13.946153710655116,400
2021-06-16,14.25275707244873,14.25275707244873,14.25275707244873,14.25275707244873,100
2021-06-17,14.20895767211914,14.20895767211914,14.20895767211914,14.20895767211914,100
2021-06-18,14.480523109436035,14.480523109436035,14.480523109436035,14.480523109436035,100
2021-06-21,14.261517524719238,14.708285147264577,14.252757178685192,14.708285147264577,300
2021-06-22,14.138873100280762,14.138873100280762,14.138873100280762,14.138873100280762,100
2021-06-23,13.98995304107666,13.98995304107666,13.937391798819482,13.937391798819482,800
2021-06-24,13.700867652893066,13.700867652893066,13.700867652893066,13.700867652893066,600
2021-06-25,13.37674331665039,13.45558392873164,13.297901869136519,13.297901869136519,1700
2021-06-28,13.289141654968262,13.289141654968262,13.289141654968262,13.289141654968262,200
2021-06-29,13.32418155670166,13.35046175971009,13.32418155670166,13.35046175971009,300
2021-06-30,13.245341300964355,13.280381853264553,13.245341300964355,13.25410164789757,2300
2021-07-01,13.22782039642334,13.22782039642334,13.22782039642334,13.22782039642334,300
2021-07-02,13.157739639282227,13.157739639282227,13.157739639282227,13.157739639282227,100
2021-07-06,13.403023719787598,13.403023719787598,12.89493531207537,12.89493531207537,800
2021-07-07,13.438065528869629,13.438065528869629,13.376744767677197,13.376744767677197,300
2021-07-08,13.551945686340332,13.57822588962493,13.551945686340332,13.57822588962493,500
2021-07-09,13.32418155670166,13.32418155670166,13.32418155670166,13.32418155670166,100
2021-07-12,13.148979187011719,13.148979187011719,13.148979187011719,13.148979187011719,100
2021-07-13,13.3329439163208,13.3329439163208,13.131460101675557,13.131460101675557,600
2021-07-14,13.32418155670166,13.32418155670166,13.201539216941338,13.201539216941338,700
2021-07-15,13.34170150756836,13.34170150756836,13.280380754972429,13.280380754972429,1200
2021-07-16,13.455584526062012,13.455584526062012,13.341702522978952,13.341702522978952,500
2021-07-19,13.63078784942627,13.814750952971181,13.63078784942627,13.814750952971181,2700
2021-07-20,13.306661605834961,13.61326705460307,13.306661605834961,13.61326705460307,500
2021-07-21,13.29790210723877,13.29790210723877,13.140219209387674,13.227821004956647,1900
2021-07-22,13.403023719787598,13.403023719787598,13.403023719787598,13.403023719787598,100
2021-07-23,13.17525863647461,13.22781987641823,13.17525863647461,13.2190595305222,900
2021-07-26,13.035097122192383,13.043857468544287,13.026336775840477,13.026336775840477,1500
2021-07-27,13.184019088745117,13.184019088745117,13.184019088745117,13.184019088745117,100
2021-07-28,13.27161979675293,13.306660344539393,13.254099940575978,13.262860286380732,1000
2021-07-29,12.886174201965332,12.938735443118748,12.886174201965332,12.938735443118748,400
2021-07-30,12.859893798828125,12.859893798828125,12.807332558493284,12.807332558493284,300
2021-08-02,12.737251281738281,12.737251281738281,12.597089090068778,12.597089090068778,600
2021-08-03,12.675931930541992,12.675931930541992,12.675931930541992,12.675931930541992,400
2021-08-04,12.96501636505127,12.96501636505127,12.859894712346714,12.859894712346714,2600
2021-08-05,12.87741470336914,12.87741470336914,12.87741470336914,12.87741470336914,200
2021-08-06,12.96501636505127,12.96501636505127,12.886174916664695,12.886174916664695,400
2021-08-09,12.859893798828125,12.859893798828125,12.859893798828125,12.859893798828125,200
2021-08-10,12.772292137145996,12.772292137145996,12.772292137145996,12.772292137145996,400
2021-08-11,12.693451881408691,12.79857353752872,12.658411329368683,12.79857353752872,300
2021-08-12,12.632129669189453,12.675930563052509,12.632129669189453,12.675930563052509,100
2021-08-13,12.570810317993164,12.570810317993164,12.570810317993164,12.570810317993164,300
2021-08-16,12.675931930541992,12.675931930541992,12.675931930541992,12.675931930541992,200
2021-08-17,12.973775863647461,13.140218260692565,12.93873531503625,12.93873531503625,800
2021-08-18,13.078898429870605,13.078898429870605,12.991296634461568,12.991296634461568,500
2021-08-19,13.184019088745117,13.184019088745117,13.070137097475559,13.070137097475559,200
2021-08-20,13.078898429870605,13.078898429870605,13.078898429870605,13.078898429870605,100
2021-08-23,12.912455558776855,12.92121590565741,12.877415006687293,12.92121590565741,1100
2021-08-24,12.894933700561523,12.912453556172803,12.894933700561523,12.912453556172803,600
2021-08-25,12.868653297424316,12.938735229616643,12.868653297424316,12.92121453771042,300
2021-08-26,13.105178833007812,13.105178833007812,13.105178833007812,13.105178833007812,300
2021-08-27,12.903696060180664,12.903696060180664,12.903696060180664,12.903696060180664,300
2021-08-30,12.772292137145996,12.772292137145996,12.772292137145996,12.772292137145996,100
2021-08-31,12.781052589416504,12.781052589416504,12.781052589416504,12.781052589416504,100
2021-09-01,12.684691429138184,12.684691429138184,12.64089136602662,12.64089136602662,300
2021-09-02,12.684691429138184,12.684691429138184,12.614610325640498,12.614610325640498,200
2021-09-03,12.746010780334473,12.746010780334473,12.746010780334473,12.746010780334473,100
2021-09-07,12.851134300231934,12.851134300231934,12.781053198786259,12.781053198786259,100
2021-09-08,12.79857349395752,12.79857349395752,12.79857349395752,12.79857349395752,100
2021-09-09,12.816094398498535,12.816094398498535,12.816094398498535,12.816094398498535,100
2021-09-10,12.921215057373047,12.921215057373047,12.693451066027391,12.693451066027391,100
2021-09-13,12.833613395690918,12.833613395690918,12.833613395690918,12.833613395690918,100
2021-09-14,12.929975509643555,12.929975509643555,12.929975509643555,12.929975509643555,100
2021-09-15,12.79857349395752,12.79857349395752,12.79857349395752,12.79857349395752,100
2021-09-16,12.859893798828125,13.008816338438837,12.85113345286689,13.008816338438837,1300
2021-09-17,12.938737869262695,12.938737869262695,12.938737869262695,12.938737869262695,500
2021-09-20,13.455584526062012,13.481865566688406,13.429304320868278,13.429304320868278,1000
2021-09-21,13.420543670654297,13.420543670654297,13.289141812222987,13.289141812222987,300
2021-09-22,13.219059944152832,13.219059944152832,13.219059944152832,13.219059944152832,100
2021-09-23,13.070138931274414,13.070138931274414,12.96501727122253,12.96501727122253,700
2021-09-24,13.026336669921875,13.087657423021382,13.026336669921875,13.087657423021382,200
2021-09-27,12.956255912780762,12.956255912780762,12.956255912780762,12.956255912780762,300
2021-09-28,13.254101753234863,13.254101753234863,13.131459401493139,13.210300853653344,900
2021-09-29,13.105178833007812,13.219060834593071,13.105178833007812,13.219060834593071,300
2021-09-30,13.508145332336426,13.508145332336426,13.210300231723586,13.210300231723586,1100
2021-10-01,13.37674331665039,13.525665029758944,13.37674331665039,13.525665029758944,600
2021-10-04,13.394262313842773,13.394262313842773,13.394262313842773,13.394262313842773,1000
2021-10-05,13.28038215637207,13.438065063038195,13.28038215637207,13.438065063038195,700
2021-10-06,13.17525863647461,13.245339732777728,13.17525863647461,13.245339732777728,200
2021-10-07,12.886174201965332,12.921214750923413,12.833612960811916,12.921214750923413,800
2021-10-08,12.947494506835938,12.947494506835938,12.877413411338974,12.877413411338974,400
2021-10-11,12.982535362243652,13.000056054249375,12.851133513931035,13.000056054249375,5600
2021-10-12,12.807331085205078,12.807331085205078,12.69344910710712,12.69344910710712,1600
2021-10-13,12.667171478271484,12.859894929195939,12.667171478271484,12.859894929195939,800
2021-10-14,12.404364585876465,12.614607855195475,12.404364585876465,12.614607855195475,600
2021-10-15,12.272964477539062,12.281724823850906,12.272964477539062,12.281724823850906,800
2021-10-18,12.185361862182617,12.281723994238579,11.966358231775503,11.966358231775503,3700
2021-10-19,12.28172492980957,12.316765479926651,12.28172492980957,12.316765479926651,800
2021-10-20,12.124042510986328,12.124042510986328,12.115282164256108,12.115282164256108,300
2021-10-21,11.861238479614258,12.018921385973815,11.861238479614258,11.966360138709735,2700
2021-10-22,11.738595008850098,11.738595008850098,11.738595008850098,11.738595008850098,600
2021-10-25,11.134143829345703,11.607191604724733,11.134143829345703,11.607191604724733,1300
2021-10-26,11.099103927612305,11.151664330460425,10.748698457183025,10.748698457183025,1900
2021-10-27,11.177947044372559,11.177947044372559,10.932662342838842,10.95018303670525,2500
2021-10-28,10.827540397644043,10.906381847078313,10.827540397644043,10.897621500378362,1000
2021-10-29,10.626057624816895,10.748699974495906,10.626057624816895,10.71365858707391,1200
2021-11-01,10.126729011535645,10.398293066152121,10.126729011535645,10.398293066152121,2100
2021-11-02,10.231851577758789,10.284411989935766,10.170529982975399,10.196811024496576,4900
2021-11-03,9.890205383300781,10.179290151498671,9.890205383300781,10.179290151498671,2200
2021-11-04,9.776323318481445,9.793844012414127,9.732522419082407,9.776323318481445,3900
2021-11-05,9.750041007995605,9.776321207788104,9.688720263335615,9.776321207788104,2500
2021-11-08,10.091690063476562,10.100449575824124,9.9778080486308,10.039128812227462,2900
2021-11-09,10.626057624816895,10.626057624816895,10.205570165512176,10.205570165512176,7800
2021-11-10,10.433333396911621,10.757458687618142,10.3807729905444,10.748699176845335,2100
2021-11-11,10.442094802856445,10.442094802856445,10.336973144020899,10.336973144020899,3000
2021-11-12,10.503413200378418,10.503413200378418,10.503413200378418,10.503413200378418,100
2021-11-15,10.529694557189941,10.669856741739471,10.529694557189941,10.608535159424664,2500
2021-11-16,10.3369722366333,10.43333353991571,10.258130790569234,10.43333353991571,1900
2021-11-17,10.205570220947266,10.31945222438937,10.205570220947266,10.31945222438937,3000
2021-11-18,10.293169975280762,10.398291610946623,10.258129430058808,10.258129430058808,1000
2021-11-19,10.170528411865234,10.170528411865234,10.170528411865234,10.170528411865234,100
2021-11-22,10.021605491638184,10.021605491638184,9.758801810528913,9.776321666067686,3000
2021-11-23,10.223090171813965,10.328211820713511,10.091688319547682,10.091688319547682,2800
2021-11-24,10.258130073547363,10.28441027525425,10.22308952612733,10.28441027525425,1200
2021-11-26,10.669858932495117,10.669858932495117,10.555976925308025,10.555976925308025,200
2021-11-29,10.345732688903809,10.345732688903809,10.345732688903809,10.345732688903809,300
2021-11-30,10.7048978805542,10.7048978805542,10.643576294844317,10.643576294844317,500
2021-12-01,10.950182914733887,10.950182914733887,10.468374699399066,10.468374699399066,2500
2021-12-02,10.774979591369629,10.993983238204653,10.774979591369629,10.993983238204653,400
2021-12-03,11.020262718200684,11.116624015724286,11.020262718200684,11.029023064002617,6100
2021-12-06,10.801260948181152,11.037785313021311,10.801260948181152,11.037785313021311,500
2021-12-07,10.459615707397461,10.477136403338166,10.354494038051525,10.354494038051525,1800
2021-12-08,10.3544921875,10.3544921875,10.3544921875,10.3544921875,100
2021-12-09,10.731178283691406,10.731178283691406,10.731178283691406,10.731178283691406,100
2021-12-10,10.459615707397461,10.661099533551747,10.459615707397461,10.626058977103101,3600
2021-12-13,10.669858932495117,10.774980592491042,10.669858932495117,10.774980592491042,400
2021-12-14,10.766219139099121,10.836300238562423,10.766219139099121,10.774979485390185,3100
2021-12-15,10.547216415405273,10.871341737583947,10.547216415405273,10.871341737583947,1000
2021-12-16,10.7048978805542,10.731178082754111,10.7048978805542,10.731178082754111,200
2021-12-17,10.923901557922363,10.923901557922363,10.669857374502428,10.669857374502428,700
2021-12-20,11.274307250976562,11.405709935816864,11.274307250976562,11.344388348718356,4900
2021-12-21,10.906379699707031,10.958940934125241,10.906379699707031,10.958940934125241,300
2021-12-22,10.40705394744873,10.634817952689199,10.40705394744873,10.634817952689199,3000
2021-12-23,10.082927703857422,10.424572844793769,10.082927703857422,10.293170996038647,1300
2021-12-27,9.83764362335205,9.872685009603742,9.811363419095914,9.846403969914974,1000
2021-12-28,9.820122718811035,9.820122718811035,9.793842517356428,9.820122718811035,3100
2021-12-29,9.74128246307373,9.74128246307373,9.715002258424748,9.74128246307373,600
2021-12-30,9.828885078430176,9.828885078430176,9.715003068215134,9.767563481894253,6600
2021-12-31,9.828885078430176,9.855165285269736,9.793844524166525,9.846404937845644,25200
2022-01-03,9.215673446655273,9.592359134229229,9.215673446655273,9.592359134229229,5100
2022-01-04,9.189393997192383,9.241955246752443,9.119312888067448,9.119312888067448,1000
2022-01-05,9.566078186035156,9.566078186035156,9.206912382994448,9.206912382994448,3400
2022-01-06,9.697481155395508,9.837643354846204,9.636160401993981,9.82012349763117,4100
2022-01-07,9.872686386108398,9.89020624624433,9.723763815505624,9.723763815505624,5600
2022-01-10,9.942765235900879,10.214329271982491,9.942765235900879,10.196809415831689,6500
2022-01-11,9.83764362335205,10.09168866108103,9.83764362335205,9.969046315498002,2100
2022-01-12,9.618639945983887,9.76756249542219,9.609880434877173,9.76756249542219,8000
2022-01-13,9.942765235900879,9.942765235900879,9.644920162444228,9.644920162444228,1000
2022-01-14,9.83764362335205,10.056647274829338,9.82888411222176,10.056647274829338,2100
2022-01-18,10.126729011535645,10.135488522492624,9.934005568127665,9.942765914517258,17600
2022-01-19,10.284411430358887,10.284411430358887,10.09168881561913,10.10044832688356,2500
2022-01-20,10.468374252319336,10.468374252319336,10.004086750484394,10.056647158388097,7600
2022-01-21,10.748700141906738,10.748700141906738,10.468374886193311,10.477135233185253,10700
2022-01-24,10.845060348510742,11.563392020071525,10.845060348510742,11.256787425459462,18400
2022-01-25,11.090344429016113,11.326868766194778,10.950182230139543,11.326868766194778,3100
2022-01-26,11.21298599243164,11.41446893047319,11.002742708710231,11.002742708710231,1700
2022-01-27,11.7035551071167,11.75611635228733,11.195466690675412,11.195466690675412,3000
2022-01-28,11.440751075744629,12.010160233171906,11.440751075744629,11.624714175678962,4500
2022-01-31,10.774979591369629,11.265547292437816,10.774979591369629,11.265547292437816,20600
2022-02-01,10.757458686828613,10.888861373602214,10.74869917605645,10.888861373602214,4400
2022-02-02,10.739938735961914,10.906381135234302,10.739938735961914,10.906381135234302,700
2022-02-03,10.967702865600586,10.967702865600586,10.652337084337983,10.774979425432617,4100
2022-02-04,11.020262718200684,11.020262718200684,11.020262718200684,11.020262718200684,500
2022-02-07,11.11662483215332,11.11662483215332,10.985222977204101,10.985222977204101,900
2022-02-08,10.915142059326172,10.923902405918213,10.915142059326172,10.923902405918213,300
2022-02-09,10.766219139099121,10.783739831681249,10.704898385926883,10.704898385926883,800
2022-02-10,11.081583023071289,11.081583023071289,10.713656868486284,10.766218105755224,5100
2022-02-11,11.42322826385498,11.431988608758523,11.046541787327396,11.046541787327396,1600
2022-02-14,11.379430770874023,11.642235348384999,11.326870356631462,11.642235348384999,6200
2022-02-15,11.0027437210083,11.020263578547379,10.97646268155075,10.97646268155075,1400
2022-02-16,10.915142059326172,10.993983507789277,10.871341161798599,10.985223161197236,1000
2022-02-17,11.221748352050781,11.221748352050781,11.221748352050781,11.221748352050781,100
2022-02-18,11.309347152709961,11.370667900867021,11.17794531082125,11.17794531082125,7900
2022-02-22,11.764877319335938,11.9400800867542,11.493312403263108,11.554633163001327,5000
2022-02-23,12.28172492980957,12.28172492980957,11.642233845882087,11.642233845882087,1300
2022-02-24,12.272964477539062,13.03509706258484,12.272964477539062,12.91245472051683,5300
2022-02-25,11.624713897705078,12.176602348878518,11.624713897705078,12.176602348878518,900
2022-02-28,11.53711223602295,11.957598838903706,11.484550992946547,11.957598838903706,4100
2022-03-01,11.878758430480957,11.878758430480957,11.70355484085328,11.70355484085328,1500
2022-03-02,11.449509620666504,11.449509620666504,11.449509620666504,11.449509620666504,1600
2022-03-03,11.764877319335938,11.764877319335938,11.467032197008542,11.467032197008542,300
2022-03-04,11.94883918762207,12.053960837107985,11.869997741649483,12.053960837107985,4000
2022-03-07,12.737251281738281,12.737251281738281,12.351805254647147,12.378085456727039,3800
2022-03-08,13.026336669921875,13.061377219611964,12.351805879529492,12.912454674570931,37900
2022-03-09,12.50072956085205,12.81609453672866,12.421888108024728,12.81609453672866,3900
2022-03-10,12.851134300231934,12.965016298939311,12.851134300231934,12.965016298939311,900
2022-03-11,13.394262313842773,13.394262313842773,12.719731550923678,12.719731550923678,1600
2022-03-14,13.67458724975586,13.779708898771174,13.376742995262108,13.779708898771174,1100
2022-03-15,12.956255912780762,13.674587618118617,12.929975708677153,13.674587618118617,1800
2022-03-16,12.465686798095703,12.789812920744282,12.465686798095703,12.474447144206765,1800
2022-03-17,12.141560554504395,12.728490330792408,12.115280353673857,12.728490330792408,5600
2022-03-18,11.764877319335938,12.124043201401552,11.764877319335938,12.124043201401552,4100
2022-03-21,11.747356414794922,11.78239696765193,11.502072544795865,11.528352750580453,2500
2022-03-22,11.151665687561035,11.493311689380556,11.151665687561035,11.493311689380556,2500
2022-03-23,11.256786346435547,11.42322872922111,11.002742181910735,11.42322872922111,5800
2022-03-24,11.151665687561035,11.283068381537456,11.151665687561035,11.265547688167542,15900
2022-03-25,11.064064979553223,11.134146083767233,11.055304632668307,11.134146083767233,1800
2022-03-28,10.608538627624512,10.783742251022444,10.608538627624512,10.783742251022444,5000
2022-03-29,10.258130073547363,10.389531917514352,10.231849871840476,10.363251715807465,3300
2022-03-30,10.372014045715332,10.415814947227744,10.293172590079532,10.415814947227744,1700
2022-03-31,10.564737319946289,10.599777873435634,10.380774205269054,10.599777873435634,1300
2022-04-01,10.442094802856445,10.582257014637173,10.442094802856445,10.547216461691992,700
2022-04-04,10.153007507324219,10.372011117627391,10.153007507324219,10.372011117627391,5400
2022-04-05,10.512175559997559,10.512175559997559,10.03036734641114,10.11796914358418,3100
2022-04-06,10.713658332824707,10.853821372888465,10.696138474962137,10.766219577277695,1500
2022-04-07,10.591015815734863,10.748698698687162,10.591015815734863,10.70489780504124,2000
2022-04-08,10.713658332824707,10.713658332824707,10.713658332824707,10.713658332824707,300
2022-04-11,10.950182914733887,11.134146021118722,10.827540565333111,11.134146021118722,8300
2022-04-12,10.853821754455566,10.853821754455566,10.72241905641994,10.72241905641994,1100
2022-04-13,10.564737319946289,10.792500499910687,10.564737319946289,10.757459946421342,27900
2022-04-14,10.713658332824707,10.713658332824707,10.573496128193588,10.573496128193588,600
2022-04-18,10.766219139099121,10.85382093114455,10.669857836195233,10.713657896785342,2200
2022-04-19,10.310689926147461,10.713655749583838,10.301929581612121,10.713655749583838,47600
2022-04-20,10.389532089233398,10.389532089233398,10.170528455380339,10.170528455380339,1300
2022-04-21,10.301931381225586,10.328211583989978,9.741281764512209,9.820123208237966,4000
2022-04-22,10.573495864868164,10.573495864868164,10.328212012872324,10.328212012872324,4900
2022-04-25,10.529694557189941,10.85381981781886,10.529694557189941,10.85381981781886,6600
2022-04-26,11.42322826385498,11.431988608758523,10.739937234595676,10.739937234595676,6300
2022-04-27,11.361909866333008,11.396950417749663,11.064064761575116,11.064064761575116,3900
2022-04-28,11.11662483215332,11.703554677067382,11.002743670094727,11.624714065357423,15900
2022-04-29,11.545873641967773,11.545873641967773,10.985223951245178,11.029024851922875,58500
2022-05-02,11.458271026611328,11.948839575572462,11.458271026611328,11.642234128042674,8300
2022-05-03,11.431989669799805,11.431989669799805,11.318107681781406,11.36190857493195,13800
2022-05-04,10.792498588562012,11.519590571272648,10.792498588562012,11.519590571272648,5500
2022-05-05,11.642232894897461,11.738594190990097,10.78373906943793,10.78373906943793,4900
2022-05-06,11.729837417602539,12.045202416478181,11.642235611309601,11.799918528463794,6300
2022-05-09,12.404364585876465,12.430644785683219,12.097760026977697,12.185360971477706,14200
2022-05-10,12.49196720123291,12.597088842922624,12.167841930498156,12.167841930498156,36100
2022-05-11,12.947494506835938,12.947494506835938,12.290483609977494,12.404365599018197,8100
2022-05-12,12.903696060180664,13.35922410272387,12.71097342873489,13.201541190238496,6400
2022-05-13,12.220404624938965,12.57081099837136,12.194124418447164,12.57081099837136,3000
2022-05-16,12.483208656311035,12.483208656311035,12.264204995674,12.386847346386498,2300
2022-05-17,12.080243110656738,12.360567557321426,12.080243110656738,12.351808044937718,4700
2022-05-18,13.446823120117188,13.525663724590657,12.55328791509243,12.570808606374896,27600
2022-05-19,13.744667053222656,13.981191367781543,13.394261589541927,13.403021934992076,70700
2022-05-20,14.033754348754883,14.638203222132995,13.2716209085467,13.341702009990478,48100
2022-05-23,13.622027397155762,14.016233805859018,13.499385050598745,14.016233805859018,39600
2022-05-24,13.858551025390625,14.12135641399189,13.788469922603344,13.858551025390625,23000
2022-05-25,13.420543670654297,14.138875389553062,13.394263466054564,14.138875389553062,10700
2022-05-26,12.754770278930664,13.551943264720247,12.605847761208166,13.551943264720247,40900
2022-05-27,12.097762107849121,12.562049616313004,12.097762107849121,12.562049616313004,32200
2022-05-31,12.299245834350586,12.53577019435381,12.124043068847836,12.509489152953885,33100
2022-06-01,12.535770416259766,12.728493044007989,12.045201828735427,12.132803630753855,49700
2022-06-02,12.053961753845215,12.614610593742324,12.053961753845215,12.535769977206295,2500
2022-06-03,12.675931930541992,12.719732829130322,12.351806617680593,12.649650890129402,13100
2022-06-06,12.56204891204834,12.632130009946671,12.325524580067034,12.56204891204834,11800
2022-06-07,12.369324684143066,12.781051734541911,12.369324684143066,12.781051734541911,8500
2022-06-08,12.570810317993164,12.597090523062585,12.421887763545351,12.50948872558764,8500
2022-06-09,12.929975509643555,12.973776406097082,12.404366423066456,12.518248419672581,13700
2022-06-10,13.37674331665039,13.525665029758944,13.24534062564973,13.37674331665039,14200
2022-06-13,14.366640090942383,14.506802302884035,13.963673313893787,14.243998573209776,17700
2022-06-14,14.55936336517334,14.725804935898774,14.296557983051438,14.296557983051438,43100
2022-06-15,14.060030937194824,14.66448136191072,13.893588563037273,14.419196719928854,22700
2022-06-16,15.24265193939209,15.303972686947334,14.795884344663099,14.883486128684186,12200
2022-06-17,15.032407760620117,15.24265102716932,14.717042025363835,15.067449140477462,72800
2022-06-21,13.858551025390625,14.427960194395435,13.744669024503134,14.419199847688866,106000
2022-06-22,13.919870376586914,14.375397471389965,13.63078566525762,14.375397471389965,34500
2022-06-23,13.508145332336426,13.867311188216865,13.490624639155609,13.753429188839446,11500
2022-06-24,12.79857349395752,13.23658081068282,12.781053635713489,13.23658081068282,34500
2022-06-27,12.912455558776855,13.000057356717088,12.448168034732005,12.509488792030572,10500
2022-06-28,13.411783218383789,13.578225616414011,12.658410165634933,12.921214699490752,54800
2022-06-29,13.525663375854492,13.727147143245226,13.350460644709846,13.350460644709846,32700
2022-06-30,13.788470268249512,14.060034339499566,13.53442605541914,14.060034339499566,53900
2022-07-01,13.385503768920898,13.91111289901709,13.359223563045894,13.91111289901709,66900
2022-07-05,13.315422058105469,13.972433023164285,13.280381506719637,13.578226611215523,31300
2022-07-06,13.289141654968262,13.473104755854788,13.140219104944283,13.26286145067951,18500
2022-07-07,12.84237289428711,13.254099957890318,12.824853038087271,13.061376527096733,18500
2022-07-08,12.807331085205078,12.956253607684525,12.579567129009163,12.93873375321002,19900
2022-07-11,13.28038215637207,13.315422709472022,12.886175725139438,12.894936072272598,18400
2022-07-12,13.29790210723877,13.403023760661954,13.078898453748975,13.078898453748975,3800
2022-07-13,13.21030044555664,13.867311412684852,13.035097688075647,13.867311412684852,95900
2022-07-14,13.35046100616455,13.788468263601178,13.35046100616455,13.727147514898464,64400
2022-07-15,13.219059944152832,13.332941938066961,13.026336505572568,13.026336505572568,4800
2022-07-18,13.367982864379883,13.403023414616252,12.894935018472609,12.965016118945345,17800
2022-07-19,12.859893798828125,13.105177637714709,12.81609290445452,13.043856886851207,7700
2022-07-20,12.851134300231934,12.973776645478178,12.710972097340582,12.781053198786259,4800
2022-07-21,12.21164321899414,12.85113431469649,12.21164321899414,12.85113431469649,10400
2022-07-22,12.185361862182617,12.237923101070647,11.940078030047763,11.940078030047763,6900
2022-07-25,12.17660140991211,12.211641957053326,12.115280661273115,12.141560862770893,4600
2022-07-26,12.430647850036621,12.518249651564364,12.316766677656329,12.33428653670226,7300
2022-07-27,11.922557830810547,12.378085801870682,11.82619653020902,12.378085801870682,22000
2022-07-28,11.554635047912598,11.94008203454356,11.484553929512938,11.94008203454356,10900
2022-07-29,11.318108558654785,11.729835649476495,11.25678780475271,11.475791452040252,4600
2022-08-01,11.125384330749512,11.379428510274922,10.958941938135991,11.318107760696133,6000
2022-08-02,11.248026847839355,11.248026847839355,11.064063760685626,11.212986299592577,9300
2022-08-03,10.862581253051758,11.11662546643245,10.862581253051758,10.932662357747628,8200
2022-08-04,11.055303573608398,11.055303573608398,10.888861175902898,10.888861175902898,8900
2022-08-05,11.335627555847168,11.431989688018446,11.134144616639134,11.186705855590063,6100
2022-08-08,11.300586700439453,11.30934704593133,10.950181235089596,11.064063220186432,11400
2022-08-09,11.53711223602295,11.589672643666736,11.43199058530276,11.43199058530276,2700
2022-08-10,11.099103927612305,11.25678680702175,11.08158323637457,11.090343581993437,24700
2022-08-11,11.204227447509766,11.230507653340595,10.87134177706611,10.91514267707261,7200
2022-08-12,10.827540397644043,11.15166570664843,10.827540397644043,11.15166570664843,4100
2022-08-15,10.555974006652832,10.731176724870346,10.52093346300933,10.696136181226843,91700
2022-08-16,10.442094802856445,10.573496667542708,10.345733491115364,10.520936255841274,33700
2022-08-17,10.582257270812988,10.617297824606434,10.424574361026133,10.599777965426062,18500
2022-08-18,10.591015815734863,10.634816709380786,10.57349512410347,10.626056363565091,8600
2022-08-19,10.748700141906738,10.862581311071292,10.68737854839582,10.68737854839582,15100
2022-08-22,11.151665687561035,11.212987278923089,11.029024175702213,11.03778452238717,7500
2022-08-23,11.125384330749512,11.256787011117344,11.037783379270179,11.256787011117344,31300
2022-08-24,11.020262718200684,11.020262718200684,10.836299633522856,10.932660931046458,6400
2022-08-25,10.932661056518555,11.134144835112643,10.932661056518555,11.090343941032835,8900
2022-08-26,11.449509620666504,11.467030312244912,10.669857224943618,10.739938320392135,9500
2022-08-29,11.650994300842285,11.782396156147685,11.545872649511441,11.764876298642188,6600
2022-08-30,11.869997024536133,11.940078119959534,11.458269962349236,11.589671807409974,4800
2022-08-31,12.01015853881836,12.053959429848703,11.852475665282132,11.913797246897614,7500
2022-09-01,11.966360092163086,12.378087215260019,11.913799680536139,12.281725903655493,18300
2022-09-02,12.25544261932373,12.395604805252269,11.756114623095185,11.799915515055984,9300
2022-09-06,12.334285736083984,12.456928083175574,12.246683940242473,12.369326287334061,17200
2022-09-07,11.861238479614258,12.395607122207771,11.861238479614258,12.395607122207771,8600
2022-09-08,11.729837417602539,12.14156373505422,11.729837417602539,12.14156373505422,8000
2022-09-09,11.361909866333008,11.4757918672953,11.256788212083043,11.4757918672953,6500
2022-09-12,11.099103927612305,11.186705712935895,11.055303034950509,11.116623783417499,5700
2022-09-13,11.931319236755371,11.966359788762462,11.467031713803252,11.694795719565672,11400
2022-09-14,11.712315559387207,11.896278665992563,11.668514660589235,11.843718255781122,5700
2022-09-15,11.817437171936035,11.905038969210949,11.650994759632884,11.852477723759469,3500
2022-09-16,11.887517929077148,12.194123375169541,11.887517929077148,12.194123375169541,8600
2022-09-19,11.607193946838379,11.95759946766421,11.598433599959568,11.95759946766421,3700
2022-09-20,11.852476119995117,11.983878798127327,11.694794075842022,11.869996811252427,12400
2022-09-21,12.06272029876709,12.132801393284756,11.650993241901391,11.75611488367789,17900
2022-09-22,12.448168754577637,12.483209308693503,12.071482171257541,12.071482171257541,4700
2022-09-23,13.105178833007812,13.271621244289252,12.807333726620623,12.807333726620623,26500
2022-09-26,13.148979187011719,13.271620694847243,12.781052992639914,13.140218840614148,17100
2022-09-27,13.306661605834961,13.455584156901454,12.667171339258658,12.851134441432995,57300
2022-09-28,12.87741470336914,13.262861602708051,12.789813742924945,13.262861602708051,8100
2022-09-29,13.788470268249512,13.9373928242638,13.157740327353,13.175260185772682,12000
2022-09-30,14.357879638671875,14.357879638671875,13.814751489092515,13.814751489092515,10800
2022-10-03,14.454237937927246,14.646960508921577,14.305315419610976,14.340356798445349,10400
2022-10-04,13.762189865112305,14.042515114692339,13.595747453070459,13.753429518312036,23800
2022-10-05,14.024992942810059,14.39291911531416,13.998711905179361,14.16515513511018,5200
2022-10-06,14.32283878326416,14.340359475952658,13.998712651987823,13.998712651987823,2500
2022-10-07,15.120013236999512,15.216375384307629,14.65572486553765,14.65572486553765,10300
2022-10-10,15.163812637329102,15.33901623005617,14.944808981852912,15.268935127138402,9100
2022-10-11,15.233892440795898,15.426616710529352,14.804645513181162,15.426616710529352,16000
2022-10-12,15.023648262023926,15.216372520366674,14.848446365461943,14.848446365461943,6100
2022-10-13,14.55936336517334,15.882143938812456,14.480521917623294,15.768262776165304,13500
2022-10-14,15.505457878112793,15.558018282168074,14.34035861788583,14.524320867511873,15000
2022-10-17,14.743325233459473,14.953568530999059,14.515561243408623,14.708285519302144,16700
2022-10-18,14.39292049407959,14.44548090351086,13.709628488011901,13.709628488011901,13400
2022-10-19,14.541844367980957,14.629446172237225,14.279038955212153,14.34036138779735,6700
2022-10-20,15.233892440795898,15.295213191760125,14.787124821229913,14.953568053036491,3700
2022-10-21,14.67324447631836,15.260174322205703,14.67324447631836,15.225132936366343,5800
2022-10-24,14.471761703491211,14.997370801676983,14.384159908649373,14.673244662021757,2600
2022-10-25,13.683347702026367,14.086314444089512,13.639546805739212,14.086314444089512,12800
2022-10-26,13.34170150756836,13.814750177648722,13.184019452974168,13.525664600788746,26500
2022-10-27,13.525663375854492,13.534423721269855,13.297900243082712,13.499383175040926,6400
2022-10-28,12.973775863647461,13.727148076504774,12.973775863647461,13.727148076504774,5800
2022-10-31,13.105178833007812,13.210300487832825,12.929976074966127,12.929976074966127,2200
2022-11-01,13.113938331604004,13.122697842365067,12.877413996970816,12.877413996970816,5500
2022-11-02,13.823511123657227,13.823511123657227,13.035098262531154,13.035098262531154,3300
2022-11-03,13.94615364074707,14.29655917526526,13.753430179045719,14.287798828044133,25000
2022-11-04,13.727147102355957,14.042512852909455,12.106519964372195,12.106519964372195,3300
2022-11-07,13.832269668579102,13.981192208456102,13.551945280778904,13.551945280778904,3900
2022-11-08,13.928631782531738,14.191437164611354,13.73590917236555,13.946152475510095,5000
2022-11-09,14.664483070373535,14.673243416200455,14.024992862794518,14.252756841699055,4100
2022-11-10,13.367982864379883,13.841030710287157,13.367982864379883,13.569465819380843,15900
2022-11-11,13.000057220458984,13.499385291359765,12.92121577022567,13.394263636192898,20800
2022-11-14,13.411783218383789,13.411783218383789,13.113938135709365,13.113938135709365,1100
2022-11-15,13.184019088745117,13.332941628448957,12.877413663370726,12.877413663370726,7100
2022-11-16,13.394262313842773,13.394262313842773,13.32418121731696,13.32418121731696,3000
2022-11-17,13.54318618774414,13.727149293115433,13.54318618774414,13.622027637965074,2100
2022-11-18,13.420543670654297,13.49938511988614,12.973776850728255,12.973776850728255,900
2022-11-21,13.569465637207031,13.60450618697297,13.350461992311763,13.350461992311763,1100
2022-11-22,13.29790210723877,13.5431859652262,13.29790210723877,13.420543618516167,2700
2022-11-23,12.912455558776855,13.192780810926005,12.912455558776855,13.192780810926005,5800
2022-11-25,12.96501636505127,12.973776711634807,12.903694774399138,12.903694774399138,600
2022-11-28,13.078898429870605,13.29790208296056,12.886174981230306,13.29790208296056,4000
2022-11-29,13.148979187011719,13.20153959453191,13.148979187011719,13.20153959453191,400
2022-11-30,12.360566139221191,13.175260013163365,12.351806627842441,12.973777049097,6500
2022-12-01,12.237922668457031,12.35180465249488,12.06271993741131,12.08900013821004,2200
2022-12-02,12.115281105041504,12.597089272455703,12.115281105041504,12.597089272455703,2300
2022-12-05,12.684691429138184,12.746013021273148,12.448167913691659,12.448167913691659,5200
2022-12-06,12.938737869262695,13.061379395896214,12.702213492870495,12.702213492870495,5600
2022-12-07,12.973775863647461,13.052616471448252,12.94749482561462,13.026336268847988,1500
2022-12-08,12.851134300231934,13.035097400384988,12.851134300231934,12.965016298939311,3800
2022-12-09,12.938737869262695,12.938737869262695,12.816095507196435,12.833615367244333,3700
2022-12-12,12.96501636505127,13.000056915952788,12.96501636505127,13.000056915952788,900
2022-12-13,13.087657928466797,13.087657928466797,12.272964907850604,12.684691173751881,2900
2022-12-14,13.17525863647461,13.26286042456979,13.008816241612847,13.008816241612847,3700
2022-12-15,13.534424781799316,13.674586977697851,13.446823827079024,13.622026571952194,4600
2022-12-16,13.911111831665039,14.086314583110166,13.66582797964186,13.66582797964186,5700
2022-12-19,14.068794250488281,14.191437432789142,13.937392392397976,14.077554597143006,5900
2022-12-20,14.427962303161621,14.427962303161621,14.208958616084006,14.322841469049065,8800
2022-12-21,14.007472038269043,14.051273766988146,13.849789992043034,13.919871087128493,30400
2022-12-22,14.449777603149414,14.678859650191995,14.449777603149414,14.678859650191995,5200
2022-12-23,14.388102531433105,14.599562502682446,14.388102531433105,14.573131056610318,4000
2022-12-27,14.608373641967773,14.714104468562335,14.352860138543841,14.352860138543841,21400
2022-12-28,14.872697830200195,14.881508872249182,14.467399979153392,14.467399979153392,3000
2022-12-29,14.344047546386719,14.50264124834055,14.308803381151892,14.50264124834055,10900
2022-12-30,14.467398643493652,14.590749859722568,14.44096551978705,14.493831767200254,3700
2023-01-03,14.872697830200195,15.145835092115496,14.811022216391718,14.811022216391718,6100
2023-01-04,14.617182731628418,14.696480420847934,14.414533828304878,14.5378850424089,4900
2023-01-05,14.775777816772461,14.83745342260023,14.775777816772461,14.811020299873663,4500
2023-01-06,14.11496639251709,14.652426501526806,14.088533266945701,14.652426501526806,3600
2023-01-09,14.150208473205566,14.150208473205566,13.709667316469156,13.709667316469156,4900
2023-01-10,14.150208473205566,14.291181777803967,14.079721820906368,14.282370736199773,3800
2023-01-11,13.938749313354492,14.062101382065206,13.762532672530062,13.762532672530062,2500
2023-01-12,14.009234428405762,14.255938538685111,13.982802145256949,14.097343159257976,5900
2023-01-13,13.973991394042969,14.352858608461167,13.965181192988663,14.352858608461167,4400
2023-01-17,13.753721237182617,13.85064101706539,13.656802297567042,13.85064101706539,3300
2023-01-18,14.379290580749512,14.379290580749512,13.665613012806219,13.806586318065774,4000
2023-01-19,14.678860664367676,14.678860664367676,14.485022771416627,14.511454218321372,8500
2023-01-20,14.335236549377441,14.784589574304317,14.335236549377441,14.749345408960577,11300
2023-01-23,13.938749313354492,14.440966949770928,13.542261661432716,14.10615575233812,14400
2023-01-24,13.859450340270996,13.912315747789936,13.859450340270996,13.877072422866359,500
2023-01-25,13.806585311889648,14.18545167236462,13.806585311889648,14.150207508351023,3800
2023-01-26,13.489396095275879,13.639179598738576,13.251503017492988,13.251503017492988,5800
2023-01-27,12.960744857788086,13.454152236447793,12.881447168336782,13.43653015422878,8400
2023-01-30,13.321990013122559,13.321990013122559,12.943123623271418,13.066475686082,3100
2023-01-31,12.863825798034668,13.489395426026773,12.828582474215413,13.489395426026773,5200
2023-02-01,12.467338562011719,12.987178268884858,12.405662949422432,12.872637245313895,7300
2023-02-02,12.370420455932617,12.537826061500866,12.150149435819667,12.44090711514738,10800
2023-02-03,12.502582550048828,12.599502335259915,12.282311533139623,12.414474647445493,11300
2023-02-06,12.502582550048828,12.590691292919407,12.432095891859262,12.432095891859262,4500
2023-02-07,12.476147651672363,12.802148587624396,12.370417686520385,12.731661944189744,1600
2023-02-08,12.625933647155762,12.66998801518958,12.573069077728928,12.573069077728928,1900
2023-02-09,12.581879615783691,12.581879615783691,12.370419651883813,12.370419651883813,700
2023-02-10,12.67879867553711,12.828583018187041,12.62593326743301,12.62593326743301,3500
2023-02-13,12.467338562011719,12.810961632724608,12.467338562011719,12.810961632724608,25800
2023-02-14,12.247066497802734,12.55544621461954,12.247066497802734,12.55544621461954,900
2023-02-15,12.088471412658691,12.247065944187353,12.088471412658691,12.185390339718824,2600
2023-02-16,12.476147651672363,12.476147651672363,12.106092353506906,12.229444399651083,3800
2023-02-17,12.220633506774902,12.634743172156048,12.21182246617237,12.379228876552165,1400
2023-02-21,12.68760871887207,12.68760871887207,12.299932145243035,12.335175470118402,12600
2023-02-22,12.617122650146484,12.678799101718969,12.573069122223947,12.590690365339526,1600
2023-02-23,12.634744644165039,12.802150233781319,12.449716971290636,12.449716971290636,6400
2023-02-24,12.88144588470459,13.040041247803217,12.855013604277167,12.978364806449838,3300
2023-02-27,12.625933647155762,12.65236593186918,12.467338258340893,12.537824911088128,3500
2023-02-28,12.749285697937012,12.8021502673155,12.714042371595626,12.714042371595626,600
2023-03-01,12.987178802490234,13.19863877457081,12.819773201326589,12.819773201326589,3500
2023-03-02,12.960744857788086,13.656801140363678,12.95193381667858,13.656801140363678,5500
2023-03-03,12.67879867553711,12.890258627419193,12.59950098351454,12.890258627419193,1700
2023-03-06,12.775716781616211,12.78452782244005,12.634743489503181,12.67879785335528,2600
2023-03-07,13.1633939743042,13.1633939743042,12.855015092895032,12.855015092895032,2400
2023-03-08,13.242692947387695,13.401288344209284,13.242692947387695,13.32199064579849,8300
2023-03-09,13.736099243164062,13.736099243164062,13.17220519919376,13.17220519919376,3300
2023-03-10,13.938749313354492,14.018047011792293,13.568693947489574,13.744911428581231,5800
2023-03-13,13.86826229095459,14.150208908831347,13.67442441129792,13.841830005595444,76000
2023-03-14,13.507018089294434,13.727289096413086,13.507018089294434,13.586315786299902,37900
2023-03-15,13.577503204345703,14.03566725051428,13.577503204345703,14.03566725051428,9500
2023-03-16,13.313178062438965,13.401286792754519,13.277934738366168,13.401286792754519,3300
2023-03-17,13.551072120666504,13.718477712182267,13.436531098990587,13.436531098990587,6200
2023-03-20,13.269124984741211,13.41890848689822,13.269124984741211,13.41890848689822,4000
2023-03-21,13.277935981750488,13.418909291242823,13.277935981750488,13.286747023660562,4400
2023-03-22,13.475614547729492,13.475614547729492,13.475614547729492,13.475614547729492,400
2023-03-23,13.616813659667969,13.731537399076043,13.396191278100348,13.493264823011367,11500
2023-03-24,13.202040672302246,13.352063928706272,13.166741132066441,13.352063928706272,3900
2023-03-27,13.060844421386719,13.060844421386719,12.999069585734494,13.025544875988682,3000
2023-03-28,13.007893562316895,13.007893562316895,12.910820031233627,12.954944669583284,7600
2023-03-29,12.884346008300781,12.893170262974735,12.866695815737868,12.866695815737868,1900
2023-03-30,12.804920196533203,12.866694179432367,12.769620657504055,12.769620657504055,2000
2023-03-31,12.619598388671875,12.68137237638018,12.619598388671875,12.68137237638018,1100
2023-04-03,12.469574928283691,12.478400023990138,12.451924736870799,12.469574928283691,70400
2023-04-04,12.540173530578613,12.575473070445392,12.390150275742952,12.40780046648005,33300
2023-04-05,12.390151977539062,12.398977074119745,12.381326880958381,12.390151977539062,2600
2023-04-06,12.39897632598877,12.522524304233533,12.39897632598877,12.460750315111152,4500
2023-04-10,12.434274673461914,12.575472830231895,12.434274673461914,12.504873751846905,2300
2023-04-11,12.354852676391602,12.354852676391602,12.293078682324058,12.293078682324058,400
2023-04-12,12.487225532531738,12.487225532531738,12.28425336053797,12.32837800189543,1700
2023-04-13,12.337202072143555,12.54900017916639,12.337202072143555,12.54900017916639,1100
2023-04-14,12.496050834655762,12.504875931393912,12.425451743965647,12.425451743965647,1400
2023-04-17,12.363676071166992,12.372501166706796,12.337200784547582,12.337200784547582,1300
2023-04-18,12.275425910949707,12.34602498694596,12.248951467852955,12.34602498694596,3900
2023-04-19,12.310729026794434,12.319554124260632,12.310729026794434,12.319554124260632,1000
2023-04-20,12.257777214050293,12.310726103057144,12.178353038932599,12.310726103057144,4100
2023-04-21,12.072454452514648,12.072454452514648,12.063629357120096,12.063629357120096,300
2023-04-24,12.019506454467773,12.028331551134539,11.993032006075019,11.993032006075019,2600
2023-04-25,12.019506454467773,12.045980902860528,11.825358535836653,12.028331551134539,10200
2023-04-26,12.187178611755371,12.248952598552599,12.116578687634675,12.116578687634675,2600
2023-04-27,11.948906898498535,12.16952925692104,11.948906898498535,12.13422971323774,1700
2023-04-28,11.85183334350586,11.931257527059355,11.807708703575306,11.87830779082119,2100
2023-05-01,11.807708740234375,11.940081818829505,11.737109652769306,11.77240919650184,5700
2023-05-02,11.860657691955566,12.107755340876786,11.860657691955566,11.940081876136851,7300
2023-05-03,12.072454452514648,12.072454452514648,11.913606101842376,11.975380086389407,18500
2023-05-04,12.160703659057617,12.187178946933809,12.116579020871436,12.143054308747628,3600
2023-05-05,11.948906898498535,12.045980433225735,11.904782258492533,12.045980433225735,2600
2023-05-08,12.001856803894043,12.001856803894043,11.975381514552987,11.984206611000007,2100
2023-05-09,12.045979499816895,12.045979499816895,12.045979499816895,12.045979499816895,300
2023-05-10,12.125405311584473,12.22247969348061,12.090105765878846,12.134230408412767,9400
2023-05-11,12.063630104064941,12.072455200005919,12.063630104064941,12.072455200005919,200
2023-05-12,11.975380897521973,12.063630174230079,11.975380897521973,12.045979982245468,3800
2023-05-15,12.054804801940918,12.098929439283634,12.001855910415626,12.001855910415626,4300
2023-05-16,12.240126609802246,12.240126609802246,12.143053088830836,12.143053088830836,7000
2023-05-17,12.257777214050293,12.398975373545118,12.248952118680013,12.301901007686864,18300
2023-05-18,12.390151977539062,12.522525059819163,12.36367752940455,12.381326880958381,9400
2023-05-19,12.381325721740723,12.460749900315603,12.381325721740723,12.460749900315603,1200
2023-05-22,12.778446197509766,12.778446197509766,12.69902285790388,12.716672208391584,7000
2023-05-23,12.95494556427002,12.981420012465188,12.866696281476083,12.893170729671251,6100
2023-05-24,13.131442070007324,13.131442070007324,12.840220642055359,12.901994629315638,6800
2023-05-25,13.343240737915039,13.528563561008617,13.316766289360968,13.422664925184794,7000
2023-05-26,13.246167182922363,13.484438902838264,13.219691892792508,13.484438902838264,1600
2023-05-30,13.581513404846191,13.643287399153005,13.281466846885868,13.281466846885868,15300
2023-05-31,13.546212196350098,13.68741036120777,13.413838285590446,13.590335991662533,10200
2023-06-01,13.607987403869629,13.66976139613485,13.607987403869629,13.66976139613485,2900
2023-06-02,13.202040672302246,13.457962549413685,13.202040672302246,13.457962549413685,5900
2023-06-05,13.307939529418945,13.307939529418945,12.990243661652988,13.157916270349828,6900
2023-06-06,13.449136734008789,13.563860444035749,13.449136734008789,13.563860444035749,3900
2023-06-07,13.572686195373535,13.581511290788692,13.510912210682276,13.581511290788692,2300
2023-06-08,13.3344144821167,13.502087938801935,13.3344144821167,13.502087938801935,2400
2023-06-09,13.413837432861328,13.413837432861328,13.387362989035381,13.405012337716881,700
2023-06-12,13.466789245605469,13.563862782390729,13.307940874859112,13.316765971368914,3700
2023-06-13,13.35206413269043,13.457962755015693,13.290290146735884,13.457962755015693,2700
2023-06-14,13.193216323852539,13.193216323852539,13.193216323852539,13.193216323852539,100
2023-06-15,12.919646263122559,12.990245354046108,12.875521620893453,12.990245354046108,800
2023-06-16,12.901992797851562,12.901992797851562,12.875518355870609,12.884343450400038,1100
2023-06-20,13.09614372253418,13.09614372253418,12.972594895141533,12.972594895141533,400
2023-06-21,13.021809577941895,13.075545069062604,12.968074086821186,13.075545069062604,1300
2023-06-22,12.887471199035645,12.914338515604152,12.887471199035645,12.914338515604152,900
2023-06-23,13.039721488952637,13.039721488952637,12.887471929605981,12.887471929605981,400
2023-06-26,13.039721488952637,13.039721488952637,13.00389811346499,13.00389811346499,200
2023-06-27,12.93224811553955,13.07554244507303,12.93224811553955,13.07554244507303,2400
2023-06-28,13.147192001342773,13.17405932022302,13.147192001342773,13.156147204905077,2000
2023-06-29,13.174057960510254,13.174057960510254,13.174057960510254,13.174057960510254,100
2023-06-30,12.923294067382812,12.923294067382812,12.923294067382812,12.923294067382812,0
2023-07-03,12.788956642150879,12.941206197160726,12.771045381965576,12.941206197160726,2600
2023-07-05,12.788956642150879,12.815824813573759,12.788956642150879,12.806868756432799,1200
2023-07-06,12.878515243530273,12.932249877090301,12.878515243530273,12.932249877090301,200
2023-07-07,13.218838691711426,13.218838691711426,13.218838691711426,13.218838691711426,100
2023-07-10,13.254660606384277,13.254660606384277,13.165101748289128,13.165101748289128,200
2023-07-11,13.209882736206055,13.290485547184135,13.209882736206055,13.290485547184135,500
2023-07-12,13.156147003173828,13.156147003173828,13.09345630871564,13.111368423758925,1300
2023-07-13,13.03076457977295,13.03076457977295,13.03076457977295,13.03076457977295,300
2023-07-14,12.950161933898926,13.048675997722274,12.950161933898926,13.048675997722274,700
2023-07-17,13.012853622436523,13.030765737649423,13.012853622436523,13.021809680042974,300
2023-07-18,13.075544357299805,13.075544357299805,13.048676186153681,13.048676186153681,400
2023-07-19,12.815824508666992,12.959118003126722,12.815824508666992,12.941205889270957,3200
2023-07-20,12.600883483886719,12.717309662315461,12.600883483886719,12.717309662315461,400
2023-07-21,12.520279884338379,12.520279884338379,12.520279884338379,12.520279884338379,100
2023-07-24,12.430723190307617,12.430723190307617,12.412811075603743,12.412811075603743,300
2023-07-25,12.457590103149414,12.466546160210102,12.457590103149414,12.466546160210102,500
2023-07-26,12.430723190307617,12.466546565618726,12.421767132955681,12.466546565618726,500
2023-07-27,12.627751350402832,12.627751350402832,12.609839236877942,12.609839236877942,300
2023-07-28,12.385942459106445,12.412809774248856,12.350119087551047,12.385942459106445,800
2023-07-31,12.538192749023438,12.565060065767154,12.538192749023438,12.538192749023438,300
2023-08-01,12.64566421508789,12.64566421508789,12.64566421508789,12.64566421508789,100
2023-08-02,12.574015617370605,12.574015617370605,12.421766071780711,12.421766071780711,700
2023-08-03,12.627751350402832,12.627751350402832,12.627751350402832,12.627751350402832,100
2023-08-04,12.914339065551758,12.914339065551758,12.556105315727885,12.556105315727885,700
2023-08-07,12.708353042602539,12.914338073500417,12.708353042602539,12.914338073500417,300
2023-08-08,12.887471199035645,12.896426401827418,12.753132907999916,12.788956281456793,800
2023-08-09,12.860601425170898,12.860601425170898,12.815822854504336,12.824778056179756,600
2023-08-10,12.914339065551758,12.914339065551758,12.914339065551758,12.914339065551758,100
2023-08-11,12.896425247192383,12.93224861744194,12.896425247192383,12.93224861744194,700
2023-08-14,13.021809577941895,13.021809577941895,12.932250710772932,12.932250710772932,900
2023-08-15,13.263617515563965,13.30839609339322,13.191969912024582,13.191969912024582,4800
2023-08-16,13.36213207244873,13.36213207244873,13.36213207244873,13.36213207244873,700
2023-08-17,13.630806922912598,13.66663029659043,13.415865826749004,13.415865826749004,3000
2023-08-18,13.550204277038574,13.586027651135243,13.496468788845265,13.568115537038604,2200
2023-08-21,13.738277435302734,13.836791502198952,13.630807311207779,13.648718571508626,2000
2023-08-22,13.899482727050781,13.908437929945793,13.729321060596499,13.729321060596499,2000
2023-08-23,13.738277435302734,13.809924184699371,13.738277435302734,13.809924184699371,2600
2023-08-24,13.926350593566895,13.926350593566895,13.738277659803222,13.738277659803222,100
2023-08-25,13.792013168334961,13.90843935889777,13.729322471146022,13.90843935889777,1300
2023-08-28,13.684542655944824,13.729322090164327,13.657675337051788,13.729322090164327,300
2023-08-29,13.577070236206055,13.657673033386402,13.568114180053454,13.648716977233802,3200
2023-08-30,13.541247367858887,13.541247367858887,13.478556680658903,13.478556680658903,2000
2023-08-31,13.684542655944824,13.684542655944824,13.648719279388555,13.648719279388555,100
2023-09-01,13.93530559539795,13.997996283871858,13.93530559539795,13.989040227205136,1400
2023-09-05,14.168157577514648,14.168157577514648,14.132334203711823,14.132334203711823,500
2023-09-06,14.26667308807373,14.275628291323601,14.212937598091312,14.248760973380712,1100
2023-09-07,14.18606948852539,14.195025545372127,14.096510628251211,14.096510628251211,2500
2023-09-08,14.141290664672852,14.248760789151516,14.141290664672852,14.16815798226836,600
2023-09-11,13.917393684387207,13.926349741184126,13.881570311296112,13.926349741184126,2200
2023-09-12,14.114422798156738,14.123378855039142,14.114422798156738,14.123378855039142,300
2023-09-13,14.024863243103027,14.060686614762304,14.015907186664071,14.060686614762304,1200
2023-09-14,13.8009672164917,13.8009672164917,13.8009672164917,13.8009672164917,200
2023-09-15,14.024863243103027,14.024863243103027,13.86365764358801,13.86365764358801,1200
2023-09-18,14.042776107788086,14.16815748825981,14.024863993951213,14.141290171601097,2300
2023-09-19,14.114422798156738,14.248760235006428,14.087554627509526,14.186069545022786,1700
2023-09-20,14.080875396728516,14.08994249133541,14.071809166807355,14.08994249133541,1100
2023-09-21,14.452617645263672,14.461684739880925,14.198745048780752,14.198745048780752,2000
2023-09-22,14.606756210327148,14.606756210327148,14.42541776988917,14.534221180026265,2300
2023-09-25,14.751826286315918,14.869695062163473,14.724625001410388,14.769960476252937,5800
2023-09-26,14.969429969787598,14.969429969787598,14.924094499208193,14.924094499208193,1500
2023-09-27,15.241436958312988,15.368374555579788,14.915030193814856,14.915030193814856,6300
2023-09-28,15.15076732635498,15.232369447594033,15.096366488652764,15.096366488652764,6900
2023-09-29,15.241436958312988,15.241436958312988,15.105433995657808,15.105433995657808,1200
2023-10-02,15.468109130859375,15.595046728057765,15.368374547297456,15.368374547297456,50600
2023-10-03,15.731048583984375,15.894252819350067,15.513443513287244,15.52251060740438,29300
2023-10-04,15.431839942932129,15.694778730091889,15.431839942932129,15.68571163682828,4200
2023-10-05,16.0665225982666,16.0665225982666,15.413707378909997,15.413707378909997,14800
2023-10-06,16.24785804748535,16.93694151748287,16.148121758728674,16.320393058570822,30500
2023-10-09,16.229726791381836,16.538001076472725,16.229726791381836,16.284127627170996,4900
2023-10-10,15.90331745147705,16.066519932206017,15.785446975573173,16.066519932206017,10400
2023-10-11,16.111858367919922,16.19346048802306,16.003054964658595,16.003054964658595,3200
2023-10-12,16.510801315307617,16.574270980510107,16.392932538674657,16.401999633703586,5400
2023-10-13,16.220661163330078,16.5108012862591,16.220661163330078,16.5108012862591,7000
2023-10-16,15.885184288024902,16.030254322031148,15.803582177724987,15.948652211731233,4700
2023-10-17,15.776383399963379,15.903320996879515,15.712915466191056,15.903320996879515,5900
2023-10-18,15.640378952026367,15.667580233647048,15.51344309653918,15.649446045899927,5300
2023-10-19,15.876120567321777,15.88518766254471,15.613179993971494,15.685715026383367,30600
2023-10-20,15.993989944458008,16.00305704001994,15.721983995086651,15.776384839086592,6200
2023-10-23,16.093721389770508,16.093721389770508,15.867049257520218,16.030253469439806,7800
2023-10-24,15.794516563415527,16.012121634801282,15.79451656341553,16.012121634801282,5200
2023-10-25,15.731048583984375,15.812650701667222,15.585978536852956,15.812650701667222,11300
2023-10-26,15.930521011352539,15.939588106348982,15.649447983949019,15.676649268938343,19400
2023-10-27,16.392932891845703,16.456400829044007,15.939588506861726,16.075591476482604,22600
2023-10-30,15.894251823425293,16.311327750451543,15.803582617306592,16.311327750451543,17700
2023-10-31,15.821717262268066,15.91238474163932,15.740115147336885,15.740115147336885,12300
2023-11-01,15.794516563415527,15.921452422714372,15.676647798262513,15.676647798262513,7200
2023-11-02,15.431839942932129,15.567842883143811,15.431839942932129,15.567842883143811,2800
2023-11-03,15.359304428100586,15.368371521070152,15.18703312042114,15.241433948867382,6800
2023-11-06,15.350238800048828,15.35023880004883,15.268636684906362,15.268636684906362,13000
2023-11-07,15.286775588989258,15.295842685621585,15.19610635203784,15.232373009195294,2400
2023-11-08,15.395573616027832,15.477175736874422,15.341172778587252,15.341172778587252,1900
2023-11-09,15.504378318786621,15.558779160783322,15.459042842646383,15.495311223558573,13100
2023-11-10,15.33210563659668,15.585979092818238,15.313971447715547,15.522511161105708,8100
2023-11-13,15.241436958312988,15.259571147832744,15.14170237469732,15.259571147832744,8000
2023-11-14,14.942229270935059,15.051032675203038,14.83342759603852,15.051032675203038,5700
2023-11-15,14.715557098388672,14.74275838180054,14.652089166465759,14.697422909447429,9200
2023-11-16,15.096365928649902,15.105433022825835,15.06009928131756,15.096365928649904,4400
2023-11-17,15.141703605651855,15.141703605651855,14.960365154455259,14.960365154455259,600
2023-11-20,15.168901443481445,15.232369375395114,15.096366417098476,15.168901443481445,5500
2023-11-21,15.078232765197754,15.277705391884071,15.051033210192532,15.078232765197756,3300
2023-11-22,14.860627174377441,14.915029741286112,14.851560079892662,14.905962646801335,9700
2023-11-24,14.77902603149414,14.788093126579,14.77902603149414,14.77902603149414,1200
2023-11-27,14.84249496459961,14.84249496459961,14.751825747597177,14.797159491412655,4000
2023-11-28,14.751826286315918,14.751826286315918,14.688358350907885,14.688358350907885,700
2023-11-29,14.96036434173584,14.96036434173584,14.652090029071559,14.652090029071559,4100
2023-11-30,14.688356399536133,14.924093919913135,14.688356399536133,14.924093919913135,800
2023-12-01,14.570486068725586,14.570486068725586,14.570486068725586,14.570486068725586,500
2023-12-04,14.534220695495605,14.588621534064812,14.497952316868483,14.534220695495605,3700
2023-12-05,14.77902603149414,14.788093126579,14.69742390510197,14.69742390510197,2900
2023-12-06,14.88782787322998,14.960362896888524,14.8696936849725,14.89689496735872,1800
2023-12-07,14.751826286315918,14.84249550662948,14.751826286315918,14.84249550662948,300
2023-12-08,14.951295852661133,14.97849713513814,14.815292899018862,14.869693734601494,5000
2023-12-11,14.679288864135742,14.769958069675909,14.679288864135742,14.751823882693625,7600
2023-12-12,14.615822792053223,14.706490279716899,14.615822792053223,14.679290725166386,1400
2023-12-13,14.071810722351074,14.497953839753558,14.071810722351074,14.497953839753558,9500
2023-12-14,14.497952461242676,14.497952461242676,14.189678157328174,14.189678157328174,1400
2023-12-15,14.461684226989746,14.561419670185147,14.434483808788402,14.561419670185147,1200
2023-12-18,14.189678192138672,14.216879476446621,14.153410677747155,14.216879476446621,3500
2023-12-19,14.144343376159668,14.198744211282937,14.144343376159668,14.198744211282937,300
2023-12-20,14.669092178344727,14.669092178344727,14.669092178344727,14.669092178344727,200
2023-12-21,14.503960609436035,14.687438742167584,14.485612358716507,14.485612358716507,700
2023-12-22,14.311309814453125,14.50396209224013,14.247091805262231,14.50396209224013,2800
2023-12-26,14.182872772216797,14.192046897286277,14.182872772216797,14.192046897286277,36500
2023-12-27,14.081961631774902,14.173700268284277,14.036091876073804,14.118657261357216,30300
2023-12-28,14.081961631774902,14.109483135238433,14.081961631774902,14.109483135238433,200
2023-12-29,14.017742156982422,14.081960158201145,14.017742156982422,14.081960158201145,1100
2024-01-02,13.7241792678833,13.7241792678833,13.687483636480922,13.687483636480922,1200
2024-01-03,13.944352149963379,13.944352149963379,13.806743759871733,13.861786765951269,500
2024-01-04,13.953524589538574,13.953524589538574,13.870959215505193,13.870959215505193,600
2024-01-05,14.045265197753906,14.045265197753906,14.045265197753906,14.045265197753906,100
2024-01-08,13.852612495422363,13.990220875387106,13.852612495422363,13.990220875387106,2200
2024-01-09,13.77922248840332,13.870961125041893,13.77922248840332,13.870961125041893,400
2024-01-10,13.861787796020508,13.861787796020508,13.861787796020508,13.861787796020508,800
2024-01-11,13.861787796020508,13.880136049339017,13.861787796020508,13.880136049339017,1700
2024-01-12,13.77922248840332,13.77922248840332,13.77922248840332,13.77922248840332,200
2024-01-16,13.944352149963379,13.981047778980672,13.944352149963379,13.962700401918429,1200
2024-01-17,13.962699890136719,13.962699890136719,13.962699890136719,13.962699890136719,200
2024-01-18,14.026917457580566,14.192048224705434,14.026917457580566,14.164525846922755,3400
2024-01-19,14.109482765197754,14.192048148315774,14.045265633836093,14.192048148315774,2900
2024-01-22,14.247091293334961,14.247091293334961,14.228743916291707,14.228743916291707,100
2024-01-23,13.944352149963379,14.054439037015257,13.944352149963379,14.02691753397549,800
2024-01-24,14.283785820007324,14.283785820007324,14.0452646874953,14.0452646874953,5100
2024-01-25,14.054438591003418,14.302134735179214,14.054438591003418,14.219569353787282,3200
2024-01-26,13.889309883117676,13.907657261156427,13.889309883117676,13.907657261156427,700
2024-01-29,13.760873794555664,13.870960679924975,13.760873794555664,13.870960679924975,600
2024-01-30,13.604918479919434,13.852614652293905,13.577396974619898,13.852614652293905,2100
2024-01-31,13.77922248840332,13.815918118037313,13.632439094974524,13.632439094974524,2300
2024-02-01,13.29300308227539,13.760872973343321,13.29300308227539,13.760872973343321,2900
2024-02-02,13.320526123046875,13.320526123046875,13.320526123046875,13.320526123046875,100
2024-02-05,13.50400447845459,13.50400447845459,13.467308849772355,13.49483035256083,900
2024-02-06,13.50400447845459,13.50400447845459,13.50400447845459,13.50400447845459,300
2024-02-07,13.494831085205078,13.494831085205078,13.357222688899034,13.357222688899034,3600
2024-02-08,13.522351264953613,13.540699515940034,13.458134136286668,13.458134136286668,700
2024-02-09,13.760873794555664,13.760873794555664,13.751699668718357,13.751699668718357,400
2024-02-12,13.586569786071777,13.586569786071777,13.586569786071777,13.586569786071777,200
2024-02-13,13.87096118927002,13.981048078681747,13.669134787902108,13.669134787902108,4000
2024-02-14,13.926005363464355,14.063613759391592,13.926005363464355,14.063613759391592,600
2024-02-15,13.77922248840332,13.990222140075577,13.77922248840332,13.990222140075577,600
2024-02-16,13.742525100708008,13.77922160287651,13.705829473432273,13.715003598974398,1200
2024-02-20,13.485655784606934,13.485655784606934,13.485655784606934,13.485655784606934,100
2024-02-21,13.36639404296875,13.412263793523596,13.36639404296875,13.412263793523596,200
2024-02-22,13.274657249450684,13.274657249450684,13.274657249450684,13.274657249450684,100
2024-02-23,13.182917594909668,13.182917594909668,13.182917594909668,13.182917594909668,100
2024-02-26,13.311351776123047,13.311351776123047,13.311351776123047,13.311351776123047,100
2024-02-27,13.329700469970703,13.375570227588437,13.329700469970703,13.375570227588437,700
2024-02-28,13.320526123046875,13.366395002000065,13.320526123046875,13.366395002000065,300
2024-02-29,13.320526123046875,13.329699373901843,13.320526123046875,13.329699373901843,200
2024-03-01,13.357222557067871,13.467309448004757,13.329700178164023,13.467309448004757,900
2024-03-04,13.375571250915527,13.403092757634617,13.375571250915527,13.403092757634617,300
2024-03-05,13.283828735351562,13.32052523589858,13.182915983525444,13.21043748404298,2900
2024-03-06,13.072830200195312,13.072830200195312,13.072830200195312,13.072830200195312,100
2024-03-07,12.935220718383789,12.97191634400773,12.935220718383789,12.97191634400773,200
2024-03-08,13.127874374389648,13.155395877825185,13.045308989190213,13.045308989190213,1900
2024-03-11,13.008612632751465,13.155395142729533,12.981090255960998,13.155395142729533,3100
2024-03-12,12.852655410766602,12.916872537228869,12.834307160410107,12.843481285588354,4000
2024-03-13,12.82513427734375,12.82513427734375,12.82513427734375,12.82513427734375,100
2024-03-14,13.036134719848633,13.036134719848633,13.036134719848633,13.036134719848633,100
2024-03-15,13.0636568069458,13.0636568069458,13.0636568069458,13.0636568069458,100
2024-03-18,12.898526191711426,12.898526191711426,12.898526191711426,12.898526191711426,200
2024-03-19,12.788439750671387,12.788439750671387,12.788439750671387,12.788439750671387,200
2024-03-20,12.745736122131348,12.745736122131348,12.745736122131348,12.745736122131348,200
2024-03-21,12.708603858947754,12.708603858947754,12.708603858947754,12.708603858947754,100
2024-03-22,12.829283714294434,12.829283714294434,12.773585437284394,12.773585437284394,300
2024-03-25,12.931398391723633,12.931398391723633,12.931398391723633,12.931398391723633,200
2024-03-26,12.894265174865723,12.894265174865723,12.894265174865723,12.894265174865723,300
2024-03-27,12.680753707885742,12.680753707885742,12.680753707885742,12.680753707885742,100
2024-03-28,12.615772247314453,12.615772247314453,12.597205564668723,12.597205564668723,4000
2024-04-01,12.81071949005127,12.81071949005127,12.662189552709407,12.662189552709407,2000
2024-04-02,12.977813720703125,12.987097062036632,12.959247923344266,12.959247923344266,1100
2024-04-03,13.265591621398926,13.265591621398926,13.247025823317182,13.247025823317182,300
2024-04-04,13.386273384094238,13.386273384094238,13.135628451893655,13.256309246807833,900
2024-04-05,13.339856147766113,13.339856147766113,13.339856147766113,13.339856147766113,300
2024-04-08,13.414121627807617,13.51623661644885,13.349140006169156,13.51623661644885,2700
2024-04-09,13.293440818786621,13.451254087052233,13.293440818786621,13.451254087052233,200
2024-04-10,13.349140167236328,13.349140167236328,13.349140167236328,13.349140167236328,300
2024-04-11,13.451253890991211,13.451253890991211,13.414121409899838,13.414121409899838,600
2024-04-12,13.739032745361328,13.739032745361328,13.739032745361328,13.739032745361328,100
2024-04-15,13.841144561767578,13.841144561767578,13.841144561767578,13.841144561767578,300
2024-04-16,13.83186149597168,13.850428178436497,13.822579040047419,13.850428178436497,1400
2024-04-17,13.739032745361328,13.813297715446394,13.739032745361328,13.813297715446394,600
2024-04-18,13.627633094787598,13.627633094787598,13.627633094787598,13.627633094787598,200
2024-04-19,13.386273384094238,13.646200773358792,13.386273384094238,13.618351631550368,11800
2024-04-22,13.154194831848145,13.451254698410308,13.070646523050478,13.219176456331558,4000
2024-04-23,13.07992935180664,13.135627631946713,13.07992935180664,13.089212693599386,2100
2024-04-24,12.857134819030762,13.126345541367398,12.838568134927712,13.126345541367398,3500
2024-04-25,12.949965476989746,12.95924881896483,12.884983853780591,12.940682135014661,1700
2024-04-26,12.98709774017334,13.005664423809836,12.662188744308471,12.931399459880256,8200
2024-04-29,12.940682411193848,13.042797404482672,12.940682411193848,13.005664921098072,5800
2024-04-30,13.02423095703125,13.089213468117428,12.987098472971256,12.987098472971256,11600
2024-05-01,13.209892272949219,13.284158120168637,13.163477335735827,13.265591437036738,2400
2024-05-02,13.033514022827148,13.033514022827148,13.033514022827148,13.033514022827148,200
2024-05-03,12.922115325927734,13.052079447491716,12.922115325927734,13.052079447491716,2500
2024-05-06,12.968530654907227,13.079928089747025,12.968530654907227,13.061361407953001,4200
2024-05-07,12.643622398376465,12.903549779072522,12.643622398376465,12.782869873444808,3200
2024-05-08,12.717886924743652,12.717886924743652,12.59720613797859,12.625056163214664,9100
2024-05-09,12.522940635681152,12.727169718748616,12.522940635681152,12.727169718748616,300
2024-05-10,12.365127563476562,12.448675866252728,12.365127563476562,12.448675866252728,1200
2024-05-13,12.467242240905762,12.467242240905762,12.300145639485837,12.300145639485837,200
2024-05-14,12.49509048461914,12.587922119940048,12.49509048461914,12.587922119940048,5400
2024-05-15,12.51365852355957,12.522941865817309,12.51365852355957,12.522941865817309,300
2024-05-16,12.133049964904785,12.327995719683809,12.123767508245377,12.327995719683809,4800
2024-05-17,12.2351655960083,12.2351655960083,12.225882253555023,12.225882253555023,400
2024-05-20,12.402259826660156,12.402259826660156,12.281579045355944,12.281579045355944,700
2024-05-21,12.26301383972168,12.30942966327957,12.26301383972168,12.300146321506352,6100
2024-05-22,12.365127563476562,12.365127563476562,12.337278424320564,12.337278424320564,700
2024-05-23,12.662188529968262,12.662188529968262,12.625056048632034,12.625056048632034,5300
2024-05-24,12.597206115722656,12.597206115722656,12.597206115722656,12.597206115722656,200
2024-05-28,12.820001602172852,12.838567399904761,12.745735755320686,12.745735755320686,11300
2024-05-29,13.005663871765137,13.07064549111823,12.903548886715233,13.07064549111823,10600
2024-05-30,12.931398391723633,12.949964188518358,12.931398391723633,12.949964188518358,5300
2024-05-31,12.569356918334961,12.92211593464757,12.569356918334961,12.92211593464757,500
2024-06-03,12.57863998413086,12.625055806237029,12.57863998413086,12.625055806237029,300
2024-06-04,12.346562385559082,12.439393149174885,12.346562385559082,12.439393149174885,15500
2024-06-05,12.42082691192627,12.457959393122879,12.42082691192627,12.457959393122879,2800
2024-06-06,12.337278366088867,12.337278366088867,12.318712568508555,12.318712568508555,1400
2024-06-07,12.457958221435547,12.457958221435547,12.457958221435547,12.457958221435547,100
2024-06-10,12.49509048461914,12.49509048461914,12.49509048461914,12.49509048461914,100
2024-06-11,12.54150676727295,12.634337520727597,12.54150676727295,12.625055065097815,4400
2024-06-12,12.764303207397461,12.829284831336487,12.522941625183607,12.560074108192797,5100
2024-06-13,12.755019187927246,12.894266655797757,12.708603365303743,12.708603365303743,3100
2024-06-14,12.764303207397461,12.884983998504389,12.764303207397461,12.764303207397461,3300
2024-06-17,12.49509048461914,12.606487915819377,12.467241348146104,12.606487915819377,4100
2024-06-18,12.504376411437988,12.560074695903895,12.467243926691294,12.560074695903895,900
2024-06-20,12.54150676727295,12.55079010821085,12.54150676727295,12.55079010821085,300
2024-06-21,12.522940635681152,12.522940635681152,12.522940635681152,12.522940635681152,100
2024-06-24,12.28157901763916,12.28157901763916,12.28157901763916,12.28157901763916,400
2024-06-25,12.448677062988281,12.448677062988281,12.448677062988281,12.448677062988281,100
2024-06-26,12.456247329711914,12.465712779996883,12.456247329711914,12.465712779996883,1700
2024-06-27,12.617156028747559,12.617156028747559,12.617156028747559,12.617156028747559,100
2024-06-28,12.730740547180176,12.730740547180176,12.71181054708765,12.71181054708765,300
2024-07-01,12.89164924621582,12.89164924621582,12.825392893748976,12.834858344865697,1200
2024-07-02,12.749671936035156,12.891650101505027,12.749671936035156,12.891650101505027,500
2024-07-03,12.768600463867188,12.768600463867188,12.768600463867188,12.768600463867188,100
2024-07-05,12.48464298248291,12.48464298248291,12.48464298248291,12.48464298248291,100
2024-07-08,12.53196907043457,12.541434520677086,12.513039072624558,12.513039072624558,1100
2024-07-09,12.588762283325195,12.588762283325195,12.588762283325195,12.588762283325195,200
2024-07-10,12.503575325012207,12.598228034976323,12.503575325012207,12.598228034976323,300
2024-07-11,12.579296112060547,12.588761562824585,12.579296112060547,12.588761562824585,500
2024-07-12,12.494108200073242,12.494108200073242,12.494108200073242,12.494108200073242,100
2024-07-15,12.636088371276855,12.636088371276855,12.636088371276855,12.636088371276855,300
2024-07-16,12.408920288085938,12.636086568865808,12.408920288085938,12.636086568865808,400
2024-07-17,12.087104797363281,12.257478403241494,12.087104797363281,12.257478403241494,1700
2024-07-18,12.20068645477295,12.20068645477295,12.20068645477295,12.20068645477295,100
2024-07-19,12.29533863067627,12.29533863067627,12.29533863067627,12.29533863067627,100
2024-07-22,12.29533863067627,12.380525880282002,12.219616831621185,12.219616831621185,1800
2024-07-23,12.399456977844238,12.399456977844238,12.200687026506504,12.200687026506504,1100
2024-07-24,12.408920288085938,12.408920288085938,12.408920288085938,12.408920288085938,100
2024-07-25,12.408920288085938,12.408920288085938,12.389990291248015,12.389990291248015,1500
2024-07-26,12.248013496398926,12.248013496398926,12.248013496398926,12.248013496398926,1200
2024-07-29,12.210151672363281,12.229082573916203,12.153360773054654,12.229082573916203,1700
2024-07-30,12.389991760253906,12.399457211132614,12.37106085849649,12.399457211132614,400
2024-07-31,12.437317848205566,12.446782396208475,12.437317848205566,12.446782396208475,1700
2024-08-01,12.181756019592285,12.181756019592285,12.181756019592285,12.181756019592285,400
2024-08-02,11.992450714111328,11.992450714111328,11.945124366875866,11.945124366875866,600
2024-08-05,12.456247329711914,12.494108228176767,12.456247329711914,12.494108228176767,1200
2024-08-06,12.26694393157959,12.494109342631502,12.26694393157959,12.494109342631502,400
2024-08-07,12.29533863067627,12.29533863067627,12.29533863067627,12.29533863067627,100
2024-08-08,12.096569061279297,12.096569061279297,12.096569061279297,12.096569061279297,200
2024-08-09,12.068174362182617,12.143896168319557,12.068174362182617,12.143896168319557,400
2024-08-12,12.20068645477295,12.248011900708224,12.14389465590559,12.14389465590559,1900
2024-08-13,12.096569061279297,12.096569061279297,12.096569061279297,12.096569061279297,200
2024-08-14,11.954590797424316,11.954590797424316,11.954590797424316,11.954590797424316,100
2024-08-15,11.746355056762695,11.746355056762695,11.689564159192916,11.746355056762695,600
2024-08-16,11.680098533630371,11.680098533630371,11.680098533630371,11.680098533630371,100
2024-08-19,11.623309135437012,11.623309135437012,11.60437913351186,11.60437913351186,100
2024-08-20,11.509724617004395,11.661168219437336,11.500259166183568,11.52865551864605,7700
2024-08-21,11.348814964294434,11.348814964294434,11.206836820181753,11.263627716756814,7200
2024-08-22,11.39614200592041,11.443468357726305,11.329885654997208,11.358281105010711,6300
2024-08-23,11.32988452911377,11.358279976305536,11.32988452911377,11.358279976305536,300
2024-08-26,11.178442001342773,11.206837451229228,11.093254749008333,11.121650198894788,11000
2024-08-27,11.074323654174805,11.21630270648125,11.074323654174805,11.131115455632393,1200
2024-08-28,11.206838607788086,11.263629513421883,11.206838607788086,11.263629513421883,1100
2024-08-29,11.348814964294434,11.367745864936138,11.329884966327754,11.329884966327754,3000
2024-08-30,11.178442001342773,11.329885604303966,11.16897655048893,11.329885604303966,6900
2024-09-03,11.055394172668457,11.083789623388125,10.970206917834352,11.064858721124944,2300
2024-09-04,10.922880172729492,11.036462874205744,10.922880172729492,10.989136522921871,2500
2024-09-05,11.036462783813477,11.093254585423994,10.941810984696032,10.941810984696032,4000
2024-09-06,11.083788871765137,11.093254322254849,11.017532523687242,11.045927972481334,2400
2024-09-09,10.932345390319824,11.093254439647545,10.913414489140068,11.055393539963084,20500
2024-09-10,10.903950691223145,10.903950691223145,10.894485239982211,10.894485239982211,700
2024-09-11,11.074323654174805,11.292024506641328,10.998601854014725,10.998601854014725,10300
2024-09-12,10.970207214355469,11.140581728628847,10.970207214355469,11.093255374366784,1900
2024-09-13,10.828227043151855,11.008066990403588,10.828227043151855,11.008066990403588,2200
2024-09-16,10.761970520019531,10.761970520019531,10.733575071902203,10.733575071902203,600
2024-09-17,10.970207214355469,10.989137214455218,10.79983270008209,10.828228151569277,3500
2024-09-18,11.1027193069458,11.112184757807963,10.932345704802247,10.951275703851497,28900
2024-09-19,11.197372436523438,11.225767887515921,11.064858827433326,11.064858827433326,2500
2024-09-20,11.150045394897461,11.273093545170424,11.150045394897461,11.216302646690629,2300
2024-09-23,10.989136695861816,11.140581202888558,10.970206696655401,11.140581202888558,8400
2024-09-24,11.026998519897461,11.03646397163046,11.026998519897461,11.03646397163046,4000
2024-09-25,11.087265968322754,11.087265968322754,11.029868159716791,11.029868159716791,1300
2024-09-26,11.029867172241211,11.077698523079425,10.95333737582292,11.04900007749935,14200
2024-09-27,11.001169204711914,11.001169204711914,10.905506498878506,10.991602751667138,10400
2024-09-30,11.010736465454102,11.03943491438644,10.972471562775233,10.972471562775233,2000
2024-10-01,11.096832275390625,11.096832275390625,11.077699368672015,11.096832275390625,1600
2024-10-02,11.288155555725098,11.326420452701504,11.288155555725098,11.307287548059747,4900
2024-10-03,11.517745971679688,11.565577325271407,11.412517723623655,11.412517723623655,3800
2024-10-04,11.45078182220459,11.603841413134479,11.431648917184791,11.58470850811468,7400
2024-10-07,11.68993854522705,11.70907053938669,11.556010936880803,11.556010936880803,3200
2024-10-08,11.556010246276855,11.728202744959102,11.556010246276855,11.689937846619396,3800
2024-10-09,11.441215515136719,11.556010209793419,11.43164906250521,11.556010209793419,8000
2024-10-10,11.556010246276855,11.556010246276855,11.45078200391945,11.45078200391945,2900
2024-10-11,11.45078182220459,11.508178712649736,11.45078182220459,11.508178712649736,800
2024-10-14,11.34555435180664,11.422084158621299,11.34555435180664,11.355120805735288,1500
2024-10-15,11.211627006530762,11.240325454372503,11.106397843932363,11.240325454372503,4800
2024-10-16,11.22119140625,11.22119140625,11.22119140625,11.22119140625,200
2024-10-17,11.335987091064453,11.345552631235211,11.335987091064453,11.335987091064453,700
2024-10-18,11.297722816467285,11.355119709885441,11.297722816467285,11.355119709885441,900
2024-10-21,11.508179664611816,11.508179664611816,11.28815671252648,11.355120061020765,5100
2024-10-22,11.355118751525879,11.460346988782797,11.34555229932786,11.460346988782797,1900
2024-10-23,11.412518501281738,11.431650496637783,11.402952047450091,11.431650496637783,1300
2024-10-24,11.45078182220459,11.460347362407363,11.45078182220459,11.460347362407363,200
2024-10-25,11.68037223815918,11.68037223815918,11.51774618038481,11.51774618038481,5300
2024-10-28,11.622974395751953,11.622974395751953,11.53687905275167,11.53687905275167,3000
2024-10-29,11.842997550964355,11.842997550964355,11.756901300816384,11.766467753567747,3200
2024-10-30,11.909961700439453,11.929094607235108,11.862130345757526,11.871696799155353,2200
2024-10-31,11.900395393371582,11.909961846887041,11.881263398647885,11.890829852163344,1800
2024-11-01,11.957793235778809,11.967359689321166,11.890829885596759,11.890829885596759,2200
2024-11-04,11.900395393371582,11.909961846887041,11.78560068810774,11.909961846887041,6600
2024-11-05,11.756901741027832,11.842997994399488,11.756901741027832,11.79516664115888,2500
2024-11-06,12.110852241516113,12.149117141477175,11.737769694972545,11.766468141866548,5200
2024-11-07,12.05345630645752,12.120419658638836,11.938660685136332,12.120419658638836,12400
2024-11-08,11.776033401489258,12.005622777987856,11.737768505406159,12.005622777987856,4000
2024-11-11,11.862130165100098,11.862130165100098,11.728203468799025,11.737769922051157,1100
2024-11-12,11.82386589050293,11.82386589050293,11.737770543596353,11.737770543596353,400
2024-11-13,11.795166969299316,11.842998323870587,11.756902068103741,11.842998323870587,18000
2024-11-14,11.814297676086426,12.053453492101884,11.689936542281544,12.053453492101884,61700
2024-11-15,12.034321784973145,12.034321784973145,12.034321784973145,12.034321784973145,400
2024-11-18,11.890828132629395,11.90039367245436,11.881261680497342,11.90039367245436,800
2024-11-19,11.852563858032227,11.986490545676581,11.814298959804248,11.814298959804248,10400
2024-11-20,11.986491203308105,12.158683710934813,11.986491203308105,12.149117257776176,4200
2024-11-21,11.728202819824219,11.967358664050778,11.699503461655887,11.967358664050778,2900
2024-11-22,11.498613357543945,11.546443796249134,11.489046904880052,11.527311803228487,5400
2024-11-25,11.402950286865234,11.402950286865234,11.316854040287938,11.316854040287938,600
2024-11-26,11.288155555725098,11.393383794333438,11.288155555725098,11.374251801998788,3300
2024-11-27,11.24989128112793,11.28815618022127,11.144662124390877,11.144662124390877,1700
2024-11-29,11.16379451751709,11.16379451751709,11.144661612695309,11.144661612695309,1200
2024-12-02,11.182926177978516,11.27858887463269,11.163794186031934,11.163794186031934,5000
2024-12-03,11.30728816986084,11.30728816986084,11.240324824546512,11.297722629321047,3600
2024-12-04,11.393383979797363,11.393383979797363,11.393383979797363,11.393383979797363,200
2024-12-05,11.288155555725098,11.307287548059747,11.269022651083342,11.27858910340422,700
2024-12-06,11.383818626403809,11.383818626403809,11.16379567204193,11.16379567204193,3300
2024-12-09,11.441215515136719,11.450781967768227,11.35511926606741,11.450781967768227,2800
2024-12-10,11.355118751525879,11.355118751525879,11.326420307238918,11.326420307238918,500
2024-12-11,11.517745971679688,11.517745971679688,11.269023662848495,11.269023662848495,800
2024-12-12,11.460348129272461,11.460348129272461,11.460348129272461,11.460348129272461,200
2024-12-13,11.508179664611816,11.508179664611816,11.450782769418772,11.450782769418772,400
2024-12-16,11.642107009887695,11.642107009887695,11.441216056653447,11.441216056653447,300
2024-12-17,11.68037223815918,11.689938691512308,11.68037223815918,11.689938691512308,900
2024-12-18,12.005623817443848,12.005623817443848,11.728203068745305,11.737769521671122,5000
2024-12-19,12.16825008392334,12.16825008392334,12.043888930601977,12.139550724636516,2800
2024-12-20,12.129984855651855,12.216081106568494,12.024755699061672,12.206514653731722,1300
2024-12-23,12.27074909210205,12.494029677341212,12.134838566859923,12.134838566859923,6500
2024-12-24,12.125130653381348,12.31928788816359,12.125130653381348,12.30958072078552,4200
2024-12-26,12.047467231750488,12.076590584238447,12.047467231750488,12.076590584238447,400
2024-12-27,12.183379173278809,12.183379173278809,12.13483962959746,12.144547723496688,2800
2024-12-30,12.416366577148438,12.532860914346353,12.396951317189465,12.396951317189465,2800
2024-12-31,12.435782432556152,12.503737229329325,12.416366247298292,12.416366247298292,3200
2025-01-02,12.49402904510498,12.49402904510498,12.290163730465355,12.290163730465355,400
2025-01-03,12.503738403320312,12.503738403320312,12.503738403320312,12.503738403320312,400
2025-01-06,12.785265922546387,12.785265922546387,12.581400598635966,12.581400598635966,2000
2025-01-07,12.862929344177246,12.862929344177246,12.5911092097171,12.804681709599842,1400
2025-01-08,12.824097633361816,13.027962961479124,12.824097633361816,13.018254868279557,8100
2025-01-10,13.163874626159668,13.183289888421516,12.979424542690676,12.979424542690676,5600
2025-01-13,13.17358112335205,13.260952113616911,13.125042507262467,13.260952113616911,5700
2025-01-14,13.154165267944336,13.22212006805224,13.154165267944336,13.183288621445621,900
2025-01-15,13.231828689575195,13.231828689575195,12.940592365487577,12.940592365487577,4700
2025-01-16,13.057085990905762,13.38715374497391,13.057085990905762,13.358030391913397,2400
2025-01-17,12.892051696777344,12.921175974710305,12.882344529947694,12.882344529947694,1300
2025-01-21,12.8143892288208,12.901760213864678,12.707602983664229,12.756142522668016,4400
2025-01-22,12.940591812133789,12.940591812133789,12.785266026146227,12.794974119224127,4300
2025-01-23,12.85322093963623,13.057086266999988,12.85322093963623,13.057086266999988,1100
2025-01-24,12.71731185913086,12.746435213999227,12.71731185913086,12.727019026877143,1600
2025-01-27,12.047467231750488,12.455197869840639,12.047467231750488,12.455197869840639,2900
2025-01-28,12.416366577148438,12.435782762922104,12.028052119822055,12.028052119822055,2100
2025-01-29,12.367827415466309,12.367827415466309,12.29016452163408,12.3095807079995,1800
2025-01-30,12.125130653381348,12.125130653381348,12.076591113232107,12.076591113232107,3000
2025-01-31,12.358119010925293,12.377535196801526,12.212501320112331,12.212501320112331,2400
2025-02-03,12.261041641235352,12.659064218944769,12.222210192820159,12.659064218944769,11500
2025-02-04,12.49402904510498,12.561983841379966,12.416366156272234,12.416366156272234,5300
2025-02-05,12.328995704650879,12.455198135880597,12.328995704650879,12.455198135880597,1600
2025-02-06,12.212501525878906,12.270749158674315,12.212501525878906,12.222209618980592,3300
2025-02-07,12.27074909210205,12.27074909210205,12.27074909210205,12.27074909210205,100
2025-02-10,12.13484001159668,12.270750553019898,12.13484001159668,12.270750553019898,500
2025-02-11,11.901849746704102,12.105715069229904,11.901849746704102,12.105715069229904,1100
2025-02-12,11.901849746704102,11.969804545607802,11.901849746704102,11.969804545607802,500
2025-02-13,11.649445533752441,11.95038995073287,11.649445533752441,11.95038995073287,500
2025-02-14,11.901849746704102,11.901849746704102,11.7465239630301,11.7465239630301,2400
2025-02-18,11.84360122680664,11.911556946429267,11.84360122680664,11.911556946429267,1800
2025-02-19,11.63973617553711,11.765938599537723,11.63973617553711,11.765938599537723,1800
2025-02-20,11.756231307983398,11.911558019821703,11.756231307983398,11.911558019821703,1800
2025-02-21,11.435872077941895,11.445580171391398,11.435872077941895,11.445580171391398,2600
2025-02-24,11.41645622253418,11.47470292856947,11.309669051778311,11.47470292856947,6100
2025-02-25,11.066971778869629,11.270837092334764,11.037848427178798,11.270837092334764,5500
2025-02-26,11.513534545898438,11.513534545898438,11.232006327031733,11.232006327031733,14200
2025-02-27,11.503827095031738,11.542658540614191,11.397039925318973,11.542658540614191,1900
2025-02-28,11.251422882080078,11.474703475549953,11.232006695266309,11.474703475549953,2600
2025-03-03,11.115511894226074,11.18346761946193,11.047557094804926,11.105803801218851,3200
2025-03-04,11.474702835083008,11.474702835083008,11.018433580203297,11.202882715565247,3600
2025-03-05,11.397040367126465,11.571782341928742,11.319377472950949,11.571782341928742,7300
2025-03-06,11.358208656311035,11.474702994869414,11.3096691171247,11.40674819549737,5400
2025-03-07,11.261130332946777,11.377624669738196,11.164051256046582,11.377624669738196,2900
2025-03-10,11.338794708251953,11.435872872043811,11.008726914567044,11.202884167965575,6400
2025-03-11,11.65915298461914,11.697984430558822,11.455287661982144,11.455287661982144,6200
2025-03-12,12.193086624145508,12.193086624145508,11.843602668722534,11.872726023069534,9800
2025-03-13,12.31928825378418,12.31928825378418,12.202793909457434,12.202793909457434,1400
2025-03-14,12.251334190368652,12.513447175282417,12.251334190368652,12.513447175282417,9500
2025-03-17,11.872725486755371,12.183377980411318,11.853310226672644,12.183377980411318,10500
2025-03-18,12.154253959655762,12.18337731108724,11.969803907022218,12.018343443284447,4800
2025-03-19,12.202794075012207,12.37753605678042,12.183378813601719,12.270749804485824,18200
2025-03-20,12.338704109191895,12.338704109191895,12.193086414150052,12.290164568906372,3100
2025-03-21,12.338704109191895,13.02796298896509,12.270749308281,13.02796298896509,21500
2025-03-24,12.183379173278809,12.37753642218941,12.154255817395915,12.37753642218941,11700
2025-03-25,12.416366577148438,12.426074670035272,12.163961716978942,12.163961716978942,1900
2025-03-26,12.019309043884277,12.46917744387192,11.989970063987291,12.46917744387192,7100
2025-03-27,11.745476722717285,11.88239258791069,11.706357770852115,11.88239258791069,5500
2025-03-28,11.862833023071289,11.921510981787925,11.765035181651115,11.804154131685317,8500
2025-03-31,11.52054214477539,11.941071580287899,11.452084211615452,11.941071580287899,13700
2025-04-01,11.52054214477539,11.589001010604717,11.491203163802473,11.55966109696241,4300
2025-04-02,11.5401029586792,11.647679852150057,11.481424059632712,11.491204031585369,12100
2025-04-03,11.412964820861816,11.530321672913198,11.207590096604559,11.344506890332514,7800
2025-04-04,12.40071964263916,12.40071964263916,11.44230394019831,11.44230394019831,37600
2025-04-07,12.703890800476074,13.114640238462448,12.312701303664923,13.075521288781331,21600
2025-04-08,13.09508228302002,13.320016028607531,12.302922322437878,12.381160228091742,4900
2025-04-09,12.117107391357422,13.60362851448125,12.058428496452155,13.60362851448125,5600
2025-04-10,12.126885414123535,12.312701121867251,11.872612711285301,12.048647515916493,11500
2025-04-11,11.784595489501953,12.224683924240747,11.755256509231199,11.989970216735973,3400
2025-04-14,11.412964820861816,11.540101643751484,11.334726919494228,11.510762663905977,12800
2025-04-15,11.57922077178955,11.608559752084432,11.39340505369345,11.39340505369345,5300
2025-04-16,11.862833023071289,11.93129095246381,11.559660460804217,11.618339352190189,2900
2025-04-17,11.364066123962402,11.432524055844846,11.276048250016762,11.432524055844846,4300
2025-04-21,11.57922077178955,11.774815528204368,11.49120289823554,11.49120289823554,7700
2025-04-22,11.246708869934082,11.285827820000993,11.246708869934082,11.285827820000993,1600
2025-04-23,11.373847007751465,11.53032282613682,11.197811245733218,11.28582912674234,2200
2025-04-24,11.589000701904297,11.628119653049291,11.569440759997118,11.579220730950707,11700
2025-04-25,11.657459259033203,11.85305402525804,11.657459259033203,11.735697165523138,12800
2025-04-28,11.686798095703125,11.82371489669534,11.637899171586662,11.637899171586662,10800
2025-04-29,11.5401029586792,11.892173554949746,11.5401029586792,11.892173554949746,11200
2025-04-30,11.364066123962402,11.63789878416155,11.344507114568579,11.540101871853684,5700
2025-05-01,11.569441795349121,11.598780778166079,11.510763829715208,11.598780778166079,800
2025-05-02,11.481423377990723,11.481423377990723,11.38362646227864,11.38362646227864,9800
2025-05-05,11.491203308105469,11.637899147481608,11.471643365431635,11.637899147481608,3000
2025-05-06,11.53032112121582,11.53032112121582,11.500982142774111,11.520541150845482,2100
2025-05-07,11.510763168334961,11.540102149466172,11.510763168334961,11.540102149466172,600
2025-05-08,11.569441795349121,11.569441795349121,11.442304959583044,11.442304959583044,1300
2025-05-09,11.696577072143555,11.696577072143555,11.559660282797553,11.57922022384812,2900
2025-05-12,11.716136932373047,11.843273760437535,11.657458970293677,11.843273760437535,1200
2025-05-13,11.970410346984863,11.999750260101973,11.82371451207681,11.82371451207681,1000
2025-05-14,12.107327461242676,12.136666442460324,12.02908955621602,12.087767518651313,4100
2025-05-15,11.608559608459473,12.175784861379224,11.608559608459473,12.175784861379224,4000
2025-05-16,11.373847007751465,11.62812067896239,11.373847007751465,11.618340707145943,1900
2025-05-19,11.305388450622559,11.47164329904095,11.305388450622559,11.47164329904095,1100
2025-05-20,11.236929893493652,11.246709865043046,11.236929893493652,11.246709865043046,400
2025-05-21,11.500982284545898,11.500982284545898,11.500982284545898,11.500982284545898,700
2025-05-22,11.589000701904297,11.696577584385691,11.540101779805713,11.598779740188522,3600
2025-05-23,11.53032112121582,11.706356857204696,11.481422202033432,11.58900001076855,3400
2025-05-27,11.324946403503418,11.452083220273062,11.324946403503418,11.442303249905557,2200
2025-05-28,11.481423377990723,11.481423377990723,11.481423377990723,11.481423377990723,100
2025-05-29,11.403185844421387,11.481423752611596,11.354286918635147,11.422745787803656,3300
2025-05-30,11.207590103149414,11.207590103149414,11.100013221873498,11.129352201736138,2500
2025-06-02,11.197810173034668,11.403184898158857,11.197810173034668,11.403184898158857,900
2025-06-03,11.207590103149414,11.35428593513197,11.188030161461418,11.32494695526933,2500
2025-06-04,11.364066123962402,11.364066123962402,11.246709269591339,11.246709269591339,1000
2025-06-05,11.608559608459473,11.637898588391362,11.530321706861532,11.549881648595695,2400
2025-06-06,11.53032112121582,11.579220040398209,11.481422202033432,11.481422202033432,1100
2025-06-09,11.53032112121582,11.647677967651967,11.520541150845482,11.58900001076855,2300
2025-06-10,11.53032112121582,11.54010109158616,11.520541150845482,11.520541150845482,400
2025-06-11,11.628119468688965,11.637898506818146,11.530321626042353,11.530321626042353,4000
2025-06-12,11.491203308105469,11.628120108814093,11.491203308105469,11.628120108814093,600
2025-06-13,11.7943754196167,11.7943754196167,11.784595448670544,11.784595448670544,400
2025-06-16,11.696577072143555,11.7161360805248,11.530321303891025,11.540101274416308,1300
2025-06-17,11.872613906860352,11.892172917047052,11.735697104875813,11.804155039533377,3100
2025-06-18,11.901951789855957,11.901951789855957,11.84327289937344,11.862832840424053,1800
2025-06-20,11.765035629272461,11.804154580795013,11.73569664879789,11.73569664879789,700
2025-06-23,11.491203308105469,11.735696995511967,11.491203308105469,11.637899147481608,7600
2025-06-24,11.52054214477539,11.59878004914943,11.48142319258837,11.510763106230677,4500
2025-06-25,11.810894012451172,11.810894012451172,11.653415575801773,11.653415575801773,900
2025-06-26,11.850263595581055,11.889633204656917,11.830579260365884,11.830579260365884,2100
2025-06-27,11.741996765136719,11.801050706208267,11.702627158207198,11.801050706208267,1400
2025-06-30,11.614046096801758,11.79120887069509,11.60420345973948,11.761681898153789,700
2025-07-01,11.358142852783203,11.48609431513841,11.230191390427999,11.456567343408903,2100
2025-07-02,11.318772315979004,11.328614951963456,11.299087044010104,11.328614951963456,600
2025-07-03,11.32861614227295,11.32861614227295,11.32861614227295,11.32861614227295,100
2025-07-07,11.367984771728516,11.417197013933793,11.348299499388224,11.417197013933793,2000
2025-07-08,11.515620231628418,11.515620231628418,11.505777595738682,11.505777595738682,900
2025-07-09,11.712469100952148,11.791208316458226,11.712469100952148,11.722311737551781,600
2025-07-10,11.633728981018066,11.761680430929628,11.594359376325695,11.761680430929628,1200
2025-07-11,11.732154846191406,11.840421037206951,11.692785236854343,11.761681818532823,2300
2025-07-14,11.722311019897461,11.84041983592581,11.722311019897461,11.84041983592581,3400
2025-07-15,11.919158935546875,11.929001571452213,11.781365787453828,11.781365787453828,3300
2025-07-16,11.860105514526367,12.007741304961923,11.860105514526367,11.958529061934918,3600
2025-07-17,11.653414726257324,11.751838272665273,11.653414726257324,11.751838272665273,1700
2025-07-18,11.722311019897461,11.732153655894514,11.60420220386911,11.60420220386911,4400
2025-07-21,11.732154846191406,11.732154846191406,11.614046018180215,11.633730353525984,1400
2025-07-22,11.525464057922363,11.564833666902167,11.525464057922363,11.554991029995836,1100
2025-07-23,11.525464057922363,11.545148393089505,11.456567476869086,11.456567476869086,4000
2025-07-24,11.584518432617188,11.604202766920974,11.43688170143414,11.43688170143414,2200
2025-07-25,11.574675559997559,11.692784379347069,11.574675559997559,11.692784379347069,1700
2025-07-28,11.810894012451172,11.830579286355107,11.682942548012154,11.722312157174503,1400
2025-07-29,11.673099517822266,11.761681370114829,11.623888212011279,11.732154398899139,2900
2025-07-30,11.879790306091309,11.919159914300113,11.682942265047288,11.682942265047288,3600
2025-07-31,12.106165885925293,12.106165885925293,11.909317850919491,11.968371792098496,3200
2025-08-01,11.968372344970703,12.007741953790521,11.869948792243918,11.997899316924189,4000
2025-08-04,11.869948387145996,11.948687602098417,11.869948387145996,11.948687602098417,3700
2025-08-05,11.909317970275879,11.909317970275879,11.86010572636985,11.86010572636985,1000
2025-08-06,11.564833641052246,11.781366959279925,11.515621395276112,11.781366959279925,4100
2025-08-07,11.407355308532715,11.574676382495745,11.37782833625851,11.50577886232857,4100
2025-08-08,11.358142852783203,11.38766982451271,11.24003402721967,11.299087970678682,5800
2025-08-11,11.387669563293457,11.50577838614772,11.249876405952895,11.249876405952895,3600
2025-08-12,11.32861614227295,11.32861614227295,11.32861614227295,11.32861614227295,600
2025-08-13,11.348299026489258,11.486093111192881,11.259717181940173,11.387668630883805,8700
2025-08-14,11.486093521118164,11.525463126917767,11.308929825697229,11.308929825697229,3600
2025-08-15,11.505778312683105,11.505778312683105,11.456567007458826,11.495936614825537,1000
2025-08-18,11.515620231628418,11.515620231628418,11.476250626714892,11.476250626714892,400
2025-08-19,11.32861614227295,11.377828388720552,11.32861614227295,11.338458779291575,2200
2025-08-20,11.180978775024414,11.180978775024414,11.043185619084001,11.043185619084001,7100
2025-08-21,11.377827644348145,11.41719725120144,11.377827644348145,11.41719725120144,5200
2025-08-22,11.39751148223877,11.417196754131114,11.377827148991852,11.417196754131114,2200
2025-08-25,11.771523475646973,11.771523475646973,11.594359779054827,11.594359779054827,1300
2025-08-26,11.919158935546875,11.958528540522806,11.89947460238162,11.89947460238162,2300
2025-08-27,11.830578804016113,11.988057234245034,11.830578804016113,11.988057234245034,1700
2025-08-28,12.017584800720215,12.0569544102282,12.017584800720215,12.037269136151442,4000
2025-08-29,11.889632225036621,11.948687103107478,11.889632225036621,11.948687103107478,800
2025-09-02,11.938844680786133,11.988056923618888,11.938844680786133,11.948687317081776,2000
2025-09-03,11.948687553405762,12.135692953494317,11.948687553405762,12.135692953494317,1700
2025-09-04,11.948687553405762,11.96837188774091,11.948687553405762,11.96837188774091,2300
2025-09-05,11.899476051330566,11.919160386892699,11.78136722202116,11.78136722202116,5600
2025-09-08,11.997899055480957,12.076639210050299,11.997899055480957,12.047111300094736,11500
2025-09-09,11.919158935546875,11.929001571452213,11.919158935546875,11.929001571452213,1200
2025-09-10,12.155377388000488,12.273486201800697,12.027425938388909,12.027425938388909,2300
2025-09-11,11.968372344970703,12.027427227523187,11.919160099284554,12.007741953790521,6000
2025-09-12,12.047111511230469,12.096323756706733,12.027427176227269,12.066796784879179,2100
2025-09-15,12.352226257324219,12.352226257324219,12.05695373327014,12.086480704081906,1900
2025-09-16,12.23411750793457,12.362068967071131,12.23411750793457,12.362068967071131,2700
2025-09-17,12.106165885925293,12.125850220103139,11.997898762687997,12.007741399099656,2200
2025-09-18,12.283329010009766,12.283329010009766,12.204589793687562,12.214432430389213,3500
2025-09-19,12.362069129943848,12.371910827972108,12.322699521894318,12.322699521894318,1300
2025-09-22,12.637656211853027,12.637656211853027,12.499862116258896,12.539231723765006,1700
2025-09-23,12.549074172973633,12.716395237038252,12.549074172973633,12.647498659592397,2200
2025-09-24,12.479632377624512,12.479632377624512,12.479632377624512,12.479632377624512,600
2025-09-25,12.717717170715332,12.717717170715332,12.618515573975136,12.618515573975136,1400
2025-09-26,12.6780366897583,12.747478850048939,12.6780366897583,12.747478850048939,2100
2025-09-29,12.63835620880127,12.747479201092077,12.63835620880127,12.707798371004223,1400
2025-09-30,12.55899429321289,12.55899429321289,12.509393020095413,12.529233907768642,4900
2025-10-01,12.588754653930664,12.737558472990818,12.588754653930664,12.727638029173688,6800
2025-10-02,12.687956809997559,12.767318465964166,12.638355538502037,12.767318465964166,13700
2025-10-03,12.66811752319336,12.747479183258035,12.598675361087556,12.747479183258035,4600
2025-10-06,12.866521835327148,12.88636177756027,12.727638455432805,12.767319285964671,6500
2025-10-07,12.648276329040527,12.965722961616633,12.628435441471725,12.856600918184995,8900
2025-10-08,12.75739860534668,12.787159937243148,12.747479107446798,12.747479107446798,1400
2025-10-09,12.687956809997559,12.797078850435254,12.648275982014253,12.648275982014253,6500
2025-10-10,12.658196449279785,12.68795683380672,12.51931307804482,12.68795683380672,8400
2025-10-13,12.777239799499512,12.886361847538314,12.697878138004814,12.747479412955409,5000
2025-10-14,12.40027141571045,12.61851645752533,12.40027141571045,12.61851645752533,17800
2025-10-15,12.340749740600586,12.449872734929507,12.211787749955622,12.449872734929507,19200
2025-10-16,12.509392738342285,12.558994010342577,12.172106170084568,12.291148655245923,12200
2025-10-17,12.191946029663086,12.360589785696254,12.152265201541491,12.32090895757466,9800
2025-10-20,12.231627464294434,12.231627464294434,12.20186707824395,12.20186707824395,2000
2025-10-21,12.291149139404297,12.360590355300706,12.271308251396402,12.330829969354475,6700
2025-10-22,12.20186710357666,12.320909594091358,12.062983724943372,12.320909594091358,7800
2025-10-23,12.191946029663086,12.380429726724268,12.191946029663086,12.251467744878262,4900
2025-10-24,12.390350341796875,12.390350341796875,12.320909128139167,12.320909128139167,9200
2025-10-27,12.420111656188965,12.459792484806654,12.410191212518148,12.439951597465019,3900
2025-10-28,12.598674774169922,12.598674774169922,12.420111520375695,12.568914389548478,5400
2025-10-29,13.164128303527832,13.233569519208777,12.72763822936461,12.72763822936461,7300
2025-10-30,13.223649024963379,13.223649024963379,13.134366921675525,13.213728581027928,1800
2025-10-31,13.312931060791016,13.402213163626454,13.312931060791016,13.402213163626454,3100
2025-11-03,13.541095733642578,13.610537895490623,13.441894131962759,13.451814575950424,11900
2025-11-04,13.4617338180542,13.53117597858261,13.4617338180542,13.53117597858261,23200
2025-11-05,13.4617338180542,13.580776305447142,13.382372159792238,13.50141464718518,10500
2025-11-06,13.58077621459961,13.749419973794545,13.491495059201336,13.491495059201336,3100
2025-11-07,13.174047470092773,13.312930844027195,13.174047470092773,13.312930844027195,6100
2025-11-10,13.273250579833984,13.451814790193453,13.273250579833984,13.382372627239423,5400
2025-11-11,12.985564231872559,13.124446664684703,12.955803845707903,13.124446664684703,4300
2025-11-12,12.975643157958984,12.995484045149427,12.916122388518804,12.945882773238894,1800
2025-11-13,13.005403518676758,13.005403518676758,12.876440590373614,12.926041862192603,4000
2025-11-14,13.064925193786621,13.114526465452665,12.93596226588114,13.09468557836002,6700
2025-11-17,13.213728904724121,13.213728904724121,12.995484809191499,13.064926026309548,7900
2025-11-18,13.074846267700195,13.283170861888907,13.045084935626369,13.283170861888907,4900
2025-11-19,13.293089866638184,13.382371967415825,13.213728209517075,13.213728209517075,3100
2025-11-20,13.074846267700195,13.164128371790445,13.025244993642765,13.064925823675587,3100
2025-11-21,12.8268404006958,12.876440726975412,12.747478743369726,12.797079069649337,13300
2025-11-24,13.144287109375,13.174047494535598,13.035165066409084,13.045084564085558,9600
2025-11-25,12.777239799499512,13.045085170527708,12.777239799499512,13.045085170527708,7500
2025-11-26,12.479632377624512,12.658196578743537,12.439951549160904,12.658196578743537,5400
2025-11-28,12.390350341796875,12.49947333019108,12.38042989811275,12.49947333019108,2800
2025-12-01,12.43995189666748,12.459792784486321,12.320909407951236,12.390350623185977,4500
2025-12-02,12.549074172973633,12.727638382374867,12.529234230854396,12.64827672176668,5300
2025-12-03,12.55899429321289,12.568914737049505,12.469712190814551,12.568914737049505,10900
2025-12-04,12.697877883911133,12.707798327915862,12.658197053957826,12.658197053957826,1200
2025-12-05,12.658196449279785,12.658196449279785,12.549073462571753,12.578834793164253,1000
2025-12-08,12.896282196044922,12.896282196044922,12.866521809721654,12.896282196044922,1100
2025-12-09,12.856600761413574,12.896281590001726,12.826840376488855,12.83675987408671,4800
2025-12-10,12.777239799499512,12.916123180148048,12.737558968752163,12.737558968752163,9700
2025-12-11,12.598674774169922,12.618515661294596,12.499473176743255,12.618515661294596,2300
2025-12-12,12.420111656188965,12.558994083318083,12.410191212518148,12.558994083318083,2700
2025-12-15,12.310988426208496,12.410190968837613,12.29114848532201,12.360589697523055,4700
2025-12-16,12.420111656188965,12.420111656188965,12.380429881505696,12.380429881505696,600
2025-12-17,12.32090950012207,12.380430271892656,12.281228670253144,12.281228670253144,4400
2025-12-18,12.479632377624512,12.479632377624512,12.360589892233687,12.360589892233687,1600
2025-12-19,12.608595848083496,12.608595848083496,12.558994573857623,12.558994573857623,4000
2025-12-22,12.727638244628906,12.76731907450355,12.628435696909488,12.76731907450355,2700
2025-12-23,12.807000160217285,12.896282265735183,12.58875511851416,12.767319329549956,5600
2025-12-24,12.630000114440918,12.75,12.630000114440918,12.75,9000
2025-12-26,12.649999618530273,12.649999618530273,12.640000343322754,12.640000343322754,500
2025-12-29,12.59000015258789,12.609999656677246,12.569999694824219,12.569999694824219,3100
2025-12-30,12.640000343322754,12.65999984741211,12.59000015258789,12.65999984741211,900
2025-12-31,12.850000381469727,12.850000381469727,12.819999694824219,12.819999694824219,1200
2026-01-02,12.829999923706055,12.850000381469727,12.75,12.850000381469727,1400
2026-01-05,12.949999809265137,13.130000114440918,12.859999656677246,13.0,11000
2026-01-06,12.880000114440918,12.880000114440918,12.850000381469727,12.869999885559082,1400
2026-01-07,13.180000305175781,13.180000305175781,13.069999694824219,13.109999656677246,7400
2026-01-08,12.569999694824219,13.199999809265137,12.460000038146973,13.199999809265137,9000
2026-01-09,12.289999961853027,12.520000457763672,12.289999961853027,12.520000457763672,3000
2026-01-12,12.020000457763672,12.199999809265137,11.979999542236328,12.199999809265137,10700
2026-01-13,11.739999771118164,12.079999923706055,11.720000267028809,12.079999923706055,5200
2026-01-14,11.4399995803833,11.649999618530273,11.420000076293945,11.649999618530273,9500
2026-01-15,11.399999618530273,11.520000457763672,11.380000114440918,11.520000457763672,3200
2026-01-16,11.479999542236328,11.59000015258789,11.449999809265137,11.5,3800
2026-01-20,11.40999984741211,11.630000114440918,11.399999618530273,11.449999809265137,4700
2026-01-21,11.390000343322754,11.5,11.380000114440918,11.460000038146973,2100
2026-01-22,11.489999771118164,11.489999771118164,11.380000114440918,11.380000114440918,8200
2026-01-23,11.270000457763672,11.539999961853027,11.270000457763672,11.539999961853027,6500
2026-01-26,11.289999961853027,11.319999694824219,11.1899995803833,11.1899995803833,2200
2026-01-27,11.199999809265137,11.369999885559082,11.199999809265137,11.369999885559082,3100
2026-01-28,11.420000076293945,11.5,11.420000076293945,11.460000038146973,1700
2026-01-29,11.529999732971191,11.539999961853027,11.34000015258789,11.34000015258789,2900
2026-01-30,11.140000343322754,11.430000305175781,11.140000343322754,11.430000305175781,6400
2026-02-02,10.880000114440918,11.15999984741211,10.850000381469727,11.15999984741211,6300
2026-02-03,10.5,10.84000015258789,10.40999984741211,10.84000015258789,8700
2026-02-04,10.260000228881836,10.489999771118164,10.15999984741211,10.489999771118164,8300
2026-02-05,10.279999732971191,10.319999694824219,10.149999618530273,10.149999618530273,12100
2026-02-06,10.050000190734863,10.789999961853027,10.0,10.789999961853027,202600
2026-02-09,10.079999923706055,10.239999771118164,10.069999694824219,10.130000114440918,20300
2026-02-10,10.229999542236328,10.260000228881836,10.119999885559082,10.25,7800
2026-02-11,9.90999984741211,10.199999809265137,9.890000343322754,10.199999809265137,7700
2026-02-12,9.739999771118164,9.970000267028809,9.199999809265137,9.970000267028809,26900
2026-02-13,9.710000038146973,9.899999618530273,9.600000381469727,9.890000343322754,26000
2026-02-17,9.960000038146973,10.0600004196167,9.65999984741211,9.65999984741211,29800
2026-02-18,10.0,10.029999732971191,9.930000305175781,9.989999771118164,37400
2026-02-19,10.100000381469727,10.149999618530273,9.979999542236328,9.979999542236328,38400
2026-02-20,10.0600004196167,10.1899995803833,9.949999809265137,10.149999618530273,24200
2026-02-23,9.829999923706055,10.020000457763672,9.760000228881836,9.979999542236328,23400
2026-02-24,9.619999885559082,9.859999656677246,9.619999885559082,9.859999656677246,18900
2026-02-25,9.8100004196167,9.960000038146973,9.779999732971191,9.779999732971191,8100
2026-02-26,9.859999656677246,9.90999984741211,9.800000190734863,9.880000114440918,27200
2026-02-27,9.609999656677246,9.75,9.600000381469727,9.729999542236328,14800
2026-03-02,9.880000114440918,10.319999694824219,9.6899995803833,10.319999694824219,21800
2026-03-03,10.109999656677246,10.210000038146973,9.920000076293945,10.0,18100
2026-03-04,10.210000038146973,10.270000457763672,10.09000015258789,10.09000015258789,6300
2026-03-05,10.630000114440918,10.65999984741211,10.399999618530273,10.399999618530273,11100
2026-03-06,10.5600004196167,10.869999885559082,10.539999961853027,10.859999656677246,7800
2026-03-09,10.529999732971191,10.819999694824219,10.5,10.720000267028809,95500
2026-03-10,10.579999923706055,10.65999984741211,10.390000343322754,10.640000343322754,12000
2026-03-11,10.859999656677246,10.869999885559082,10.65999984741211,10.65999984741211,1700
2026-03-12,10.955300331115723,10.955300331115723,10.880000114440918,10.920100212097168,18453
