date,close,high,low,open,volume
2021-03-15,8.669652938842773,8.860651459480051,8.304265600865541,8.470350754491555,121300
2021-03-16,8.154790878295898,8.719481352655954,8.055139757871778,8.66965539646554,112500
2021-03-17,8.545090675354004,8.669654363047048,8.188006942430913,8.295962508011304,140800
2021-03-18,8.528482437133789,9.02673797307928,8.36239646652869,8.511873523290639,160800
2021-03-19,8.794217109680176,8.794217109680176,8.312569783979,8.553393446829588,176500
2021-03-22,8.570002555847168,9.134692916861036,8.520177401614502,8.844043279996475,105200
2021-03-23,8.104964256286621,8.503568666289292,8.096659799755757,8.503568666289292,188200
2021-03-24,8.046833992004395,8.802522918323607,7.731272557927544,8.287657691877724,223400
2021-03-25,8.304265975952148,8.362395584357728,7.814314156657929,8.038529718147766,183700
2021-03-26,8.304265975952148,8.611523722027597,8.171397847049958,8.470351137079888,112700
2021-03-29,8.121572494506836,8.711175453438761,7.972096234578632,8.711175453438761,145500
2021-03-30,7.930574417114258,8.1132684961311,7.822618860965967,7.9970084836737385,96300
2021-03-31,7.864139556884766,8.055137280978133,7.756184011631636,8.013615795579783,87700
2021-04-01,8.13818073272705,8.13818073272705,7.880748141608627,7.880748141608627,77400
2021-04-05,8.071746826171875,8.26274456527323,7.85583571870002,8.138180891246828,86900
2021-04-06,8.05513858795166,8.154789693902556,7.8890534113668345,8.096660080087014,61800
2021-04-07,8.271050453186035,8.437135644624176,8.12987784247445,8.171399338323152,106000
2021-04-08,8.071746826171875,8.354091998718683,7.889052751237496,8.354091998718683,85400
2021-04-09,7.830922603607178,8.071746270927065,7.7312715128496174,8.05513735982257,128700
2021-04-12,7.565187454223633,7.87244525859074,7.498753377168943,7.87244525859074,161100
2021-04-13,7.556882381439209,7.64822902239115,7.274537210552182,7.639924566316468,123400
2021-04-14,7.772792816162109,7.938878772403969,7.598403195673383,7.598403195673383,87600
2021-04-15,7.806011199951172,7.806011199951172,7.3907978214015,7.747881580380352,104800
2021-04-16,7.698056221008301,7.922271027856934,7.606708773218009,7.747881381660598,104300
2021-04-19,7.648228645324707,7.781096768142987,7.5236649781716896,7.706358251068584,65600
2021-04-20,7.598402976989746,7.698054864649473,7.390796329618917,7.615011888918537,67300
2021-04-21,7.639925003051758,7.797706509664194,7.457230918747673,7.507056866087538,74300
2021-04-22,7.6150126457214355,7.830923770514558,7.548578575316873,7.681446716125998,83600
2021-04-23,7.639925003051758,7.8475316650474936,7.5900998476684585,7.648229459601163,74600
2021-04-26,7.5236663818359375,7.781098219835397,7.473840430504987,7.6316211577991755,99000
2021-04-27,7.382493495941162,7.598403831603929,7.32436308960881,7.490449059750845,72600
2021-04-28,7.440622329711914,7.5236653060707885,7.340971233255174,7.440622329711914,67500
2021-04-29,7.457231044769287,7.57349106255597,7.3575799403620925,7.448927380036122,85600
2021-04-30,7.681446552276611,7.706359130157776,7.457230975476409,7.457230975476409,114400
2021-05-03,8.146486282348633,8.154789947468625,7.6648380673413214,7.764489968347397,158300
2021-05-04,7.947183132171631,8.13818168178295,7.847532024879179,8.13818168178295,71100
2021-05-05,8.071746826171875,8.138180891246828,7.913965327651471,7.988703848849923,94300
2021-05-06,8.304265975952148,8.35409192026873,7.922269709380089,8.013616350011217,168000
2021-05-07,7.806011199951172,8.387310563486048,7.747881580380352,8.320876486274635,236200
2021-05-10,8.212919235229492,8.262744386982332,7.889052581010002,7.889052581010002,166300
2021-05-11,8.046833992004395,8.38730958806224,7.963791801126068,8.0551384486792,89400
2021-05-12,7.681446552276611,8.055138388320374,7.648229517782867,8.055138388320374,79100
2021-05-13,7.830922603607178,7.880747753007722,7.639924085687834,7.639924085687834,136400
2021-05-14,7.698056221008301,7.897358447530786,7.623317688073207,7.822619914595692,156800
2021-05-17,7.731272220611572,7.80600995155428,7.66483736206826,7.72296776429909,103300
2021-05-18,7.706359386444092,7.8807490213249745,7.639925315247241,7.806010493239368,204300
2021-05-19,7.606707572937012,7.714663126591283,7.390796465628471,7.615012029054231,137500
2021-05-20,7.6648383140563965,7.681447228744221,7.5236664989931,7.648230191325214,65300
2021-05-21,7.722967624664307,7.764489113519446,7.656533559278696,7.664837223484501,175900
2021-05-24,7.839227676391602,7.938879577019174,7.722968445587123,7.722968445587123,355800
2021-05-25,7.731272220611572,7.905661843390978,7.7146633079866085,7.847531441160147,99300
2021-05-26,7.706359386444092,7.847531985726549,7.66483789395691,7.731272757110359,41000
2021-05-27,7.473840236663818,7.7810980180252045,7.465535779664606,7.747880981984963,179900
2021-05-28,7.5236663818359375,7.556883418737694,7.432318936388634,7.556883418737694,154400
2021-06-01,7.5236663818359375,7.681447109130126,7.507057467406744,7.673142651915529,146500
2021-06-02,7.515360355377197,7.631619564279538,7.482143325411319,7.531968474381904,124500
2021-06-03,7.515360355377197,7.54027292986249,7.457229958969562,7.465534414450148,150700
2021-06-04,7.432318687438965,7.556883165615669,7.424014230502531,7.540274251742801,121600
2021-06-07,7.390796184539795,7.482143614442003,7.390796184539795,7.432317671590209,54700
2021-06-08,7.424013137817383,7.482143535860039,7.332666500831046,7.415709474059706,63300
2021-06-09,7.415709972381592,7.51536107177846,7.349275906117013,7.473839582373963,101700
2021-06-10,7.4655351638793945,7.515361109808231,7.407405553592871,7.4240136742647875,153000
2021-06-11,7.4655351638793945,7.623316666023591,7.457230707565165,7.623316666023591,131800
2021-06-14,7.390796184539795,7.490448070243385,7.340971033644494,7.340971033644494,93000
2021-06-15,7.25792932510376,7.432318967558501,7.224712288062696,7.365884893476374,185900
2021-06-16,7.266232967376709,7.324362577689628,7.208103357063789,7.282841880012711,180700
2021-06-17,6.983887672424316,7.2994498796674465,6.867628453726052,7.2994498796674465,148500
2021-06-18,6.801193714141846,6.91745372681206,6.751368560109285,6.91745372681206,151700
2021-06-21,7.083539962768555,7.100148877924204,6.8094991983536435,6.8094991983536435,72100
2021-06-22,7.050321578979492,7.149972675026676,6.958974938925369,7.0835386109952205,124400
2021-06-23,7.0586256980896,7.083538272923279,7.017104212062484,7.042016786896164,206800
2021-06-24,7.390796184539795,7.457230247037859,7.058625872049476,7.075234783652239,97900
2021-06-25,7.3741888999938965,7.507057040036863,7.365884443252065,7.4323185132735485,77500
2021-06-28,7.042017459869385,7.374188587873906,6.97558339265979,7.374188587873906,86400
2021-06-29,7.108452796936035,7.2164075694420005,6.842715718275633,7.183190533604026,99400
2021-06-30,7.141670227050781,7.282842835145171,7.083539817157613,7.216407967844886,56600
2021-07-01,6.909149169921875,7.174886224734931,6.867628472817943,7.141669191877866,86500
2021-07-02,6.917453289031982,7.017104382747098,6.7845851640784955,6.934062200629416,104500
2021-07-06,6.801193714141846,7.1831899935365,6.676630037103901,6.91745372681206,145900
2021-07-07,6.767976760864258,7.1416693803118445,6.660021995197793,6.767976760864258,100800
2021-07-08,6.767976760864258,6.776281217286772,6.452414940395992,6.709847149819769,112000
2021-07-09,6.867628574371338,6.9672796744161,6.76797668237003,6.8427152053927385,65700
2021-07-12,6.759673118591309,6.842715307219426,6.585283096950461,6.734759749241973,99500
2021-07-13,6.616744518280029,6.717635064215645,6.583114336301491,6.59992942729076,93100
2021-07-14,6.8857855796813965,7.003491610767315,6.692412244833178,6.7260424248853345,139800
2021-07-15,6.667189598083496,6.986677119430083,6.541076619769465,6.835340904007837,230900
2021-07-16,6.423370361328125,6.717634635303653,6.314072477328096,6.499038466400226,232900
2021-07-19,6.11229133605957,6.389740535490212,5.994585700129108,6.347703008823884,149800
2021-07-20,6.372925281524658,6.4401856431919295,5.986177801034468,6.0786609987786555,149900
2021-07-21,6.288849353790283,6.574706270159089,6.25521917550023,6.398147633684633,100000
2021-07-22,6.305664539337158,6.423370165151846,6.171143824120373,6.314072284489885,85500
2021-07-23,6.347702980041504,6.44859352466729,6.255219780349507,6.347702980041504,64900
2021-07-26,6.272035121917725,6.549484331184574,6.187959664701013,6.263627375744352,95200
2021-07-27,6.028215408325195,6.229996482642401,6.028215408325195,6.221589138330863,66000
2021-07-28,6.381333351135254,6.4317786249465785,6.01140094228214,6.095476398634348,108000
2021-07-29,6.599928379058838,6.717633997289158,6.423369751261693,6.473815016217545,111800
2021-07-30,6.684004306793213,6.73444997632141,6.5410762461411815,6.599928859085148,77200
2021-08-02,6.339294910430908,6.759672559138015,6.263626805374551,6.658782019665118,53300
2021-08-03,6.2215895652771,6.389740472080514,6.162736547444212,6.389740472080514,79500
2021-08-04,6.087067604064941,6.3140718984700674,5.960954641710979,6.263626232444486,116200
2021-08-05,6.0954766273498535,6.213182270659516,6.087068880947457,6.145921903053995,73300
2021-08-06,6.154329299926758,6.187959481819522,6.036623262398691,6.0870685352378375,28000
2021-08-09,6.120698928833008,6.3056649235256055,6.05343816622323,6.095476092741419,53900
2021-08-10,6.229997158050537,6.255219995526332,6.061846244556577,6.129106609954161,29900
2021-08-11,6.515852928161621,6.5242606727605885,6.263626202839195,6.263626202839195,63600
2021-08-12,6.389740467071533,6.633559482197044,6.372925376404374,6.465408575525445,42000
2021-08-13,6.356110095977783,6.499038562833256,6.263626899617765,6.482223472668104,49400
2021-08-16,6.263627052307129,6.364517996660843,6.196366690006908,6.364517996660843,25100
2021-08-17,6.431778907775879,6.515854367825198,6.2047749651910085,6.2047749651910085,59100
2021-08-18,6.297257423400879,6.507446262380669,6.297257423400879,6.423370806969432,54200
2021-08-19,6.103883743286133,6.2972570797268945,6.002992801395396,6.221589374438058,57900
2021-08-20,6.0114006996154785,6.154329170096232,5.944140337248861,6.154329170096232,62200
2021-08-23,6.04503059387207,6.112290953046182,5.977770234697958,6.1038836086011,62100
2021-08-24,6.061845779418945,6.2888496956690245,6.061845779418945,6.1206987950776215,69300
2021-08-25,6.002992630004883,6.137513748384049,5.9693624506359315,6.061845644352228,51500
2021-08-26,5.97776985168457,6.053437550455511,5.902101752010291,6.053437550455511,70500
2021-08-27,6.297257423400879,6.322480260475947,5.67509865245433,5.944140510673683,105300
2021-08-30,6.305664539337158,6.322479628739257,6.002992529196035,6.297256794184432,120500
2021-08-31,6.389740467071533,6.389740467071533,6.221589560399934,6.272034832401414,199200
2021-09-01,6.692412376403809,6.709227466760466,6.3477028236406365,6.3477028236406365,108000
2021-09-02,6.8353400230407715,7.095973691780018,6.625151218402888,6.692411571742478,163100
2021-09-03,6.852155685424805,6.944639285780676,6.734450451236274,6.734450451236274,76000
2021-09-07,6.9362311363220215,7.062344108987005,6.768080238833136,6.801710418330913,68900
2021-09-08,6.810119152069092,6.969862327416774,6.793303658976261,6.9194166499451235,41600
2021-09-09,6.742857456207275,6.793302321943712,6.709226877544081,6.776487633967128,73200
2021-09-10,6.692412376403809,6.8941934606837005,6.5158537272072135,6.8941934606837005,67700
2021-09-13,6.810119152069092,6.9866778205096045,6.709228198029212,6.709228198029212,47900
2021-09-14,6.776487350463867,6.860562390442766,6.709226596854761,6.860562390442766,60500
2021-09-15,6.90260124206543,6.986677095187562,6.692412411066856,6.784895208055795,39500
2021-09-16,6.8353400230407715,6.902600376380361,6.81011759099009,6.902600376380361,37500
2021-09-17,6.818525791168213,7.011899944033559,6.7933033544664045,6.7933033544664045,59100
2021-09-20,6.532668590545654,6.717634578041095,6.490630665663191,6.608336694972744,68900
2021-09-21,6.776487350463867,6.793302037736987,6.650373587785541,6.650373587785541,40600
2021-09-22,6.927823543548584,7.020307140559032,6.768080387868234,6.768080387868234,92200
2021-09-23,7.339793682098389,7.373424665198136,6.894193579514732,6.894193579514732,145100
2021-09-24,7.314571380615234,7.440685164129935,7.247311016796774,7.339793816595461,55800
2021-09-27,7.583613872528076,7.667688929001207,7.331387099495069,7.3734250286350385,184100
2021-09-28,8.457998275756836,9.088564721305685,7.819024085167062,7.9703594868702305,1418400
2021-09-29,8.869969367980957,9.029712536460627,7.987176063733285,8.407553751298195,305700
2021-09-30,8.996082305908203,9.088565909839291,8.079658823578571,8.979267615434154,243100
2021-10-01,9.761167526245117,10.33288131547862,8.920412331163678,8.920412331163678,509900
2021-10-04,9.332385063171387,9.97135854427217,8.81952376687145,9.567796345682202,300900
2021-10-05,8.819522857666016,9.492127254450594,8.441183135039294,9.492127254450594,251900
2021-10-06,8.651371955871582,8.853153034293799,8.298254667729335,8.659779701257523,129400
2021-10-07,9.06334114074707,9.340790302069463,8.07125051612417,8.575703172252762,215200
2021-10-08,8.802706718444824,9.248306727156518,8.617740359395846,9.088563600118718,315500
2021-10-11,8.802706718444824,9.03811793790296,8.802706718444824,8.954042101478898,247500
2021-10-12,8.188956260681152,8.71022443971395,7.945137260781832,8.685002005740012,326300
2021-10-13,7.751763820648193,8.012397505563131,7.566797436581436,8.012397505563131,509800
2021-10-14,7.73494815826416,7.9199145382154255,7.650873114145723,7.793801571134424,297400
2021-10-15,7.903100967407227,7.936731153582312,7.7769879697023745,7.7769879697023745,229000
2021-10-18,7.869469165802002,7.945137269614658,7.6592803449031654,7.827432043067611,462100
2021-10-19,7.928322792053223,8.012397841568065,7.776986580397068,7.8694693754054175,258600
2021-10-20,7.861062526702881,8.071251355739784,7.844247035512688,7.953545322828688,183600
2021-10-21,7.718133926391602,7.99558311181552,7.709726180940759,7.869469335473088,186400
2021-10-22,7.76857852935791,7.81061645336531,7.566797456290442,7.776986274520732,172500
2021-10-25,7.793801784515381,8.012397546653446,7.726540624849769,7.81902421826079,151500
2021-10-26,7.634057521820068,7.886284254404904,7.6088350891035885,7.776985976891253,79000
2021-10-27,7.650872707366943,7.810615843963492,7.524758945184423,7.566796865911929,168800
2021-10-28,7.80220890045166,8.138511498990765,7.566797642738998,7.566797642738998,241400
2021-10-29,7.776987552642822,7.877878105757584,7.692911690810433,7.852655667930604,307500
2021-11-01,7.827431678771973,7.87787654442818,7.499536844779886,7.751763578480977,452500
2021-11-02,7.583613872528076,7.835839843754275,7.348201790066972,7.835839843754275,225400
2021-11-03,7.558389663696289,7.642465511183486,7.482721561319153,7.482721561319153,369800
2021-11-04,7.608835220336914,7.77698611102476,7.482721450966011,7.667687831625987,476900
2021-11-05,7.314571380615234,7.59202058181808,7.146420471069083,7.59202058181808,458100
2021-11-08,7.230496406555176,7.322979207374681,7.146420549950686,7.196866224274738,458500
2021-11-09,7.138012409210205,7.196865826301581,7.003491687527198,7.196865826301581,123600
2021-11-10,7.003490924835205,7.095973710469054,6.936230571318468,7.095973710469054,149500
2021-11-11,7.003490924835205,7.180049553268305,6.944638315959725,6.978268492718094,152400
2021-11-12,7.129604339599609,7.205272442558733,6.91100857770368,6.927823266246423,82400
2021-11-15,7.0539374351501465,7.272533209339577,7.011899508719071,7.1464202318531065,58000
2021-11-16,7.062344551086426,7.079160042791319,6.860563461468362,7.003491933732851,178400
2021-11-17,6.826932430267334,7.230495361087641,6.818524685461214,7.0371212395802685,102600
2021-11-18,6.734450340270996,6.826933137296232,6.717634848917266,6.801710702072397,159400
2021-11-19,6.557891845703125,6.742858245949432,6.557891845703125,6.726042754196687,209400
2021-11-22,6.314072608947754,6.557891618258853,6.305664863362983,6.557891618258853,227000
2021-11-23,6.305664539337158,6.406555075749748,6.305664539337158,6.330887373891983,131500
2021-11-24,6.4149627685546875,6.440185202000336,6.179551117942979,6.305664487881275,155700
2021-11-26,6.171144485473633,6.196366921828157,6.002993172528746,6.145921648215711,107900
2021-11-29,6.087067604064941,6.3140718984700674,6.019807250568607,6.3140718984700674,80400
2021-11-30,6.11229133605957,6.179551699448406,6.036623226795436,6.036623226795436,139300
2021-12-01,5.89369535446167,6.398148497849723,5.876879862142112,6.2131820913686155,175100
2021-12-02,5.969362735748291,6.019808007211116,5.860064447127147,5.860064447127147,275600
2021-12-03,6.036623477935791,6.16273686498822,5.918917837108446,6.078661407254403,141500
2021-12-06,6.280441761016846,6.288849506244854,6.019807672498952,6.087068030709587,428700
2021-12-07,6.557891845703125,6.8185255534164515,6.32248017290875,6.356110354607463,246800
2021-12-08,6.591521263122559,6.675596707620889,6.339294528724226,6.608336352022224,162300
2021-12-09,6.4822235107421875,6.5915217979093335,6.389740313838959,6.5915217979093335,165200
2021-12-10,6.675596714019775,6.692411802935559,6.473815246127023,6.473815246127023,95300
2021-12-13,6.305664539337158,6.684004251336046,6.246811525978138,6.667189161933948,112000
2021-12-14,6.137513160705566,6.339294217598358,6.061845063919109,6.2636261208118995,108400
2021-12-15,6.238403797149658,6.288849062246152,5.9777697270327765,6.053437424225852,238300
2021-12-16,6.330887317657471,6.465408031679368,6.129105845721274,6.154328680052056,186400
2021-12-17,6.179551124572754,6.2131813031386,5.97777005317768,6.145920946006909,221000
2021-12-20,6.381333351135254,6.389740696318775,5.986178104924779,6.179551854986556,1566600
2021-12-21,6.347702980041504,6.515853887751146,6.314072798499576,6.4317784338963255,282700
2021-12-22,6.305664539337158,6.347702463294081,6.221589092326667,6.314072284489885,113300
2021-12-23,6.339294910430908,6.347702655838666,6.213181535638102,6.246811715462401,94000
2021-12-27,6.070253372192383,6.322480134295699,6.053438281445721,6.322480134295699,118600
2021-12-28,6.11229133605957,6.246812062837241,6.0282158818235265,6.045030972670735,172100
2021-12-29,6.0954766273498535,6.145921903053995,5.935733053835034,6.078661535448473,187600
2021-12-30,6.04503059387207,6.2299965816008775,6.011400414285014,6.087068117904208,162600
2021-12-31,6.087067604064941,6.087067604064941,5.927324464962811,6.019807250568607,107600
2022-01-03,6.60833740234375,6.65037493082264,6.095476508035404,6.095476508035404,145100
2022-01-04,6.793302536010742,7.070751711724032,6.583113717936631,6.684004254395399,274300
2022-01-05,6.457000255584717,6.953046388416051,6.431777822278445,6.784894694889705,99200
2022-01-06,6.499038219451904,6.599928755112188,6.4065550279783015,6.490630474361871,46800
2022-01-07,6.86897087097168,6.953046721765698,6.5158535805275815,6.524261325968331,116200
2022-01-10,6.86897087097168,7.053937261634478,6.751264840221402,6.8857855600464415,103100
2022-01-11,7.003490924835205,7.146419376509937,6.784894375002479,6.852154728519217,76400
2022-01-12,7.028714179992676,7.121197778262724,6.978269309851517,7.121197778262724,68200
2022-01-13,6.90260124206543,7.045529711289,6.877378806851493,7.02871421994187,71200
2022-01-14,6.852155685424805,6.885785866879639,6.801710814145941,6.835340995600775,114400
2022-01-18,6.692412376403809,6.734450302747141,6.524261472837231,6.726042557117124,131800
2022-01-19,6.515852928161621,6.675596467412047,6.515852928161621,6.675596467412047,61600
2022-01-20,6.18795919418335,6.557891578711507,6.145921268319756,6.431778202024098,332300
2022-01-21,6.07866096496582,6.272034704135265,5.969362677412792,6.095476055289104,238800
2022-01-24,6.347702980041504,6.381333161583433,5.843249455105802,5.9357326547978,296000
2022-01-25,6.431778907775879,6.457001345338966,6.145921942704777,6.381333631746287,76000
2022-01-26,6.179551124572754,6.532668400417486,6.129105856723986,6.4401852089097344,92100
2022-01-27,6.280441761016846,6.330887430578181,6.0786606863849375,6.1963663132535505,62400
2022-01-28,6.171144485473633,6.339295397515123,6.061846192194966,6.272035032698526,97800
2022-01-31,6.213181495666504,6.297256944686365,6.036622852273114,6.103883612392367,33700
2022-02-01,6.473815441131592,6.566298633405859,6.204774010374968,6.204774010374968,85400
2022-02-02,6.330887317657471,6.54107613376836,6.221589037063004,6.465408031679368,148500
2022-02-03,6.129106521606445,6.288850087574792,6.095476339392414,6.229997068248539,130700
2022-02-04,6.145921230316162,6.204774245980598,6.0114005098298735,6.120698795676668,72600
2022-02-07,6.2215895652771,6.305665018678806,6.078661094042505,6.078661094042505,123900
2022-02-08,6.322480201721191,6.372925474499146,6.145921546546654,6.221589656165282,95600
2022-02-09,6.305664539337158,6.675596907086675,6.2804417047823335,6.414962820902474,223500
2022-02-10,6.213181495666504,6.457000498275782,6.120698702196339,6.154328881804283,103100
2022-02-11,6.305664539337158,6.36451755269618,6.213181347173941,6.263626615380236,151100
2022-02-14,6.305664539337158,6.372924896945552,6.221589092326667,6.305664539337158,193900
2022-02-15,6.305664539337158,6.347702463294081,6.221589092326667,6.263626615380236,94900
2022-02-16,6.347702980041504,6.389740506517221,6.288849961891436,6.288849961891436,89900
2022-02-17,6.381333351135254,6.4570010614005415,6.2720350574256845,6.305665239966567,150600
2022-02-18,6.305664539337158,6.372924896945552,6.272034360532962,6.330887373891983,166500
2022-02-22,6.305664539337158,6.322479628739257,6.238404181728765,6.305664539337158,118900
2022-02-23,6.288849353790283,6.364517455394579,6.221588997210176,6.3224795320803375,87400
2022-02-24,6.347702980041504,6.398148252354397,6.137514144952758,6.322480143433364,353700
2022-02-25,6.566298484802246,6.650373930010957,6.372924760370536,6.372924760370536,318800
2022-02-28,6.852155685424805,6.9026013585104415,6.56629914305872,6.56629914305872,1146200
2022-03-01,7.079160213470459,7.129605086187817,6.953047229870268,7.011899848642785,569300
2022-03-02,7.238902568817139,7.35660859498735,7.095974109112848,7.129604287760522,641200
2022-03-03,8.23099422454834,8.281439894544242,7.322978579075896,7.356608758470922,588300
2022-03-04,8.441184043884277,8.59252026995172,7.793802813564207,8.230995197371415,479700
2022-03-07,8.760669708251953,9.147417152636065,8.407552441561823,8.533665407462577,628300
2022-03-08,8.525259017944336,8.869968562141501,8.155326237483914,8.84474612768498,464300
2022-03-09,7.73494815826416,8.20577145219283,7.322978277205755,8.197363707238978,463500
2022-03-10,7.314571380615234,7.793802475080244,7.2389032708677705,7.69291112754577,245000
2022-03-11,6.793302536010742,7.423868990233077,6.751264612034578,7.1800499933393755,498200
2022-03-14,6.557891845703125,6.894193662690249,6.356110354607463,6.793303117594111,262400
2022-03-15,6.641966819763184,6.692412088664267,6.288849536552234,6.457000432889181,156700
2022-03-16,7.112790584564209,7.289349247372097,6.751265512670243,6.751265512670243,171700
2022-03-17,7.474315166473389,7.558390218323222,7.087567682905218,7.146420299380777,111100
2022-03-18,7.457498550415039,7.541574391392846,7.264125238695382,7.482720981985723,152200
2022-03-21,7.566798210144043,7.7685793033142545,7.348201624972918,7.365017116973831,181600
2022-03-22,7.566798210144043,7.726541375118763,7.524760281948551,7.566798210144043,104000
2022-03-23,7.566798210144043,7.676096502729605,7.432277481363902,7.566798210144043,100600
2022-03-24,6.96986198425293,7.692911313701355,6.936231801529905,7.64246644052022,174600
2022-03-25,7.440685272216797,7.474315454614555,6.8605636235969785,6.911009298097013,155600
2022-03-28,7.146419525146484,7.4322764344414125,7.028713503140727,7.4322764344414125,1108000
2022-03-29,7.154827117919922,7.205271982131363,6.734449507726836,7.053936587690381,96900
2022-03-30,7.390239238739014,7.549982396917208,7.079159866218602,7.196865899796632,131900
2022-03-31,7.390239238739014,7.659280684852502,7.339793566689356,7.339793566689356,142300
2022-04-01,7.76857852935791,7.9030992447362225,7.4238689957493085,7.4238689957493085,138100
2022-04-04,7.987173557281494,8.348698511715492,7.869467553050144,7.894690783689648,253200
2022-04-05,7.869469165802002,8.29825455286924,7.835838986530457,8.146918345243927,210400
2022-04-06,8.323476791381836,8.508443173934479,7.718133578711424,7.869468980975676,274100
2022-04-07,8.373922348022461,8.47481288211831,8.121695611879492,8.47481288211831,186800
2022-04-08,8.97085952758789,9.105380253483524,8.382330950891106,8.457999059659093,252600
2022-04-11,8.93722915649414,9.189455913100383,8.617742038367135,8.99608177237312,352300
2022-04-12,8.886783599853516,9.290346576025504,8.78589305626221,9.155825851237097,210100
2022-04-13,9.593019485473633,9.66868760370477,8.962452902623323,8.962452902623323,204000
2022-04-14,10.215176582336426,10.5935171090803,9.298753978131085,9.424866952507886,437200
2022-04-18,10.450589179992676,10.719630633430004,9.820022672143851,10.231992598171457,578400
2022-04-19,10.31606674194336,10.795296951830874,10.139508116962698,10.568292661795748,311600
2022-04-20,10.576702117919922,11.341789349382719,10.332883101280055,10.7196305899302,700400
2022-04-21,10.173139572143555,10.946634521520094,9.878874892908684,10.946634521520094,377100
2022-04-22,9.492127418518066,10.358105163375157,9.315568771332956,10.013395614539167,307700
2022-04-25,8.600927352905273,9.096973166950555,8.264625513793302,9.088566222327879,334400
2022-04-26,9.307161331176758,9.39123718566419,8.61774221088419,8.701818065371622,211300
2022-04-27,10.358104705810547,10.475810732669926,9.483719254044809,9.483719254044809,312600
2022-04-28,10.475811004638672,10.543071364074013,9.954542818111404,10.484218750019773,250700
2022-04-29,10.13110065460205,10.761667075405414,9.836836004171147,10.501032602011758,179900
2022-05-02,9.988173484802246,10.299252862809055,9.904097630505587,10.004988174577516,163600
2022-05-03,10.475811004638672,10.501033438975242,9.878874713294962,9.946135072730304,147500
2022-05-04,10.845743179321289,11.06433975237595,10.475811195680649,10.803706055262639,193300
2022-05-05,11.02230167388916,11.140007704321091,10.425365379924969,10.854150774562642,236100
2022-05-06,11.039117813110352,11.686499013993219,10.812113484331348,11.03071006719851,352000
2022-05-09,9.298752784729004,10.458994245149025,8.323476087608942,10.240398504404267,876200
2022-05-10,9.164233207702637,9.567796202040721,8.693410649749474,9.33238492306414,259000
2022-05-11,9.19786262512207,9.786391976306207,8.928821185819654,9.164232445209269,225200
2022-05-12,9.172639846801758,9.189455337031196,8.491628528643616,9.113787234612134,547400
2022-05-13,9.357605934143066,9.794798242785053,9.206269734094423,9.2483076565309,307100
2022-05-16,10.021804809570312,10.17314104384789,8.928822588046735,9.265125241796145,239200
2022-05-17,9.693907737731934,10.248806070420917,9.46690423881675,10.248806070420917,159900
2022-05-18,9.46690559387207,10.097472117058468,9.366015046379063,9.727539307777308,157600
2022-05-19,10.240399360656738,10.240399360656738,9.357606174081726,9.357606174081726,170000
2022-05-20,9.803206443786621,10.282436697164144,9.64346329326302,10.24039957457832,138200
2022-05-23,9.450088500976562,9.559386776031737,8.81952208460133,9.500534167081513,304000
2022-05-24,9.46690559387207,9.517350466715175,9.054935657823922,9.50053577636974,176900
2022-05-25,9.794798851013184,9.912504880783178,9.366014260593568,9.408051383833746,273800
2022-05-26,9.492127418518066,10.08906372073375,9.47531272925635,9.828429221819826,138200
2022-05-27,9.500534057617188,9.618239274161445,8.878375393062347,9.475311625758653,134600
2022-05-31,9.046526908874512,9.710723540927551,8.99608123981688,9.668685617013976,122500
2022-06-01,9.441681861877441,9.525757714628146,9.080157619385625,9.080157619385625,139200
2022-06-02,9.26512336730957,9.895689813483052,9.26512336730957,9.441681202503714,164800
2022-06-03,9.332385063171387,9.424867866563217,9.038120358677757,9.424867866563217,150200
2022-06-06,9.374421119689941,9.466904714321167,9.046527071253337,9.256715892787252,117000
2022-06-07,9.567795753479004,9.660278551146568,9.130602596926664,9.26512412327053,87600
2022-06-08,9.164233207702637,9.660279004044106,9.122196080669063,9.601426384751662,88000
2022-06-09,8.668187141418457,9.038119105499778,8.449590579921598,9.038119105499778,248800
2022-06-10,8.760669708251953,8.83633780851508,8.079657607690505,8.483220541824947,150900
2022-06-13,8.340293884277344,8.752263850297838,8.22258783606855,8.331886137589532,166800
2022-06-14,8.23099422454834,8.710224481379152,8.20577179045375,8.4327753009185,149000
2022-06-15,8.13851261138916,8.415961832067714,7.861063390710606,8.1553273026207,240200
2022-06-16,7.617243766784668,7.978768019350272,7.449092056597752,7.861062784387563,334200
2022-06-17,7.432276248931885,7.852653857565529,7.356608151088764,7.734947838497712,208400
2022-06-21,7.718133926391602,7.835839155476454,7.390239070069364,7.5667977155033785,181500
2022-06-22,7.415462017059326,7.575205984437471,7.348201652418042,7.4743154374755445,105700
2022-06-23,7.365016937255859,7.4574997355837835,7.238903155746759,7.440685045799966,177500
2022-06-24,7.667689323425293,7.734949692786378,7.264127107258785,7.381832352737259,98800
2022-06-27,8.079658508300781,8.230994725695933,7.810617056759865,7.844247238202479,107300
2022-06-28,7.9451375007629395,8.256216868526659,7.8610624510414375,8.18895650802676,78000
2022-06-29,7.592020511627197,8.046028364107736,7.592020511627197,7.945137819312814,119800
2022-06-30,7.541575908660889,8.020806213952092,7.297756882939967,8.020806213952092,233700
2022-07-01,8.03762149810791,8.121696552016653,7.381831747863084,7.64246625913579,161300
2022-07-05,7.524760723114014,7.945138426101465,7.365017548773791,7.945138426101465,173200
2022-07-06,7.634057521820068,7.726540309651614,7.0623437015353305,7.3734238462008586,228700
2022-07-07,7.9115071296691895,8.146918385740173,7.844246770791766,7.903099384357831,112000
2022-07-08,7.776987552642822,7.99558415196156,7.667689252983453,7.961953967589973,45900
2022-07-11,7.465908050537109,7.709727084540612,7.407055429097006,7.676096900602433,90900
2022-07-12,7.499537467956543,7.6004280094591765,7.272533148220554,7.280940893797461,89700
2022-07-13,8.247791290283203,8.349825726408017,7.38049817777347,7.38049817777347,205000
2022-07-14,7.899172306060791,8.230784784422395,7.6951034628678805,7.814143215948328,117100
2022-07-15,8.171263694763184,8.281801182109298,7.916178058777106,8.06922927818926,91800
2022-07-18,8.40084171295166,8.604910545436933,8.332818768789902,8.443356255777124,167000
2022-07-19,8.885505676269531,8.970534764632822,8.307310632450601,8.460361856248047,128600
2022-07-20,9.463701248168945,9.548729523093733,8.68993964859684,8.877002339969849,253100
2022-07-21,9.31915283203125,9.39567885155255,9.021551825203417,9.106580915982086,380500
2022-07-22,9.285140991210938,9.446695284233304,9.123585887291096,9.387175409577297,135300
2022-07-25,10.00788688659668,10.186446529923195,9.438194047448315,9.446696308394175,272400
2022-07-26,9.948365211486816,10.203451665298783,9.778307845911334,10.101417245953492,246600
2022-07-27,10.679612159729004,11.01972686094119,9.999381946407219,10.109919427025533,242800
2022-07-28,10.688116073608398,10.84116811829507,10.424527342089727,10.628596194406931,160800
2022-07-29,10.501053810119629,10.926197675939896,10.46704233328991,10.543567547983598,103000
2022-08-01,11.002723693847656,11.028232911505333,10.203453524552657,10.262973410625305,134100
2022-08-02,10.951704025268555,11.181281248054493,10.74763520259274,11.087749907052432,159600
2022-08-03,10.688116073608398,11.138769136097478,10.373509723561657,11.138769136097478,182000
2022-08-04,10.245965957641602,10.63709829430261,10.237462886847403,10.620092152714214,94800
2022-08-05,10.450035095214844,10.764641425672059,10.203451711294461,10.203451711294461,143700
2022-08-08,10.985716819763184,11.172780335210472,10.373509467052298,10.373509467052298,232900
2022-08-09,11.682952880859375,11.81899878401795,10.89218586602578,10.977214150051116,372900
2022-08-10,11.512893676757812,11.904025991780793,11.308824854371236,11.904025991780793,216300
2022-08-11,12.116600036621094,13.043413783200984,11.597924818204646,11.895525034319961,608900
2022-08-12,11.963547706604004,12.303663273912713,11.81049647166775,12.303663273912713,188000
2022-08-15,12.125102996826172,12.15911447295187,11.44487266341464,11.648941520168833,175400
2022-08-16,12.150609970092773,12.626771390667646,12.065580884344506,12.329170401446168,201600
2022-08-17,12.728806495666504,12.975389884599903,12.167616769879976,12.329171068464959,300300
2022-08-18,13.230476379394531,13.39203067840258,12.839344022383063,12.873355496431994,302100
2022-08-19,12.737308502197266,13.264487554417588,12.592760348921033,13.247481412327746,207300
2022-08-22,13.55358600616455,14.012741346125017,12.635275326243617,12.779824304647613,619700
2022-08-23,13.20496654510498,14.004236553141189,13.000897710401794,13.919209088361061,256000
2022-08-24,13.37502384185791,13.553584274073124,13.19646422054016,13.19646422054016,158700
2022-08-25,13.034910202026367,14.012740719606878,12.771321472649635,13.647116754003152,236700
2022-08-26,12.754314422607422,12.97538940054801,12.295159135829453,12.788325895298476,367300
2022-08-29,13.434544563293457,13.528075909605972,12.60126227370958,12.669285218463676,335900
2022-08-30,12.499228477478027,13.272990120665606,12.3376741783862,13.272990120665606,309300
2022-08-31,13.119938850402832,13.179458727102547,12.210130502992548,12.32917106728948,317600
2022-09-01,12.550247192382812,12.924373439857368,12.43970968926821,12.924373439857368,214600
2022-09-02,13.094429016113281,13.15394970088934,12.550245458600498,12.983892339166596,223700
2022-09-06,13.647116661071777,14.16579266658649,13.468557026134283,13.783162560584644,1032200
2022-09-07,13.502568244934082,13.689631758665348,13.255984854019124,13.494065173651409,216000
2022-09-08,13.672625541687012,13.740648489783165,13.392030678066002,13.55358497706999,244800
2022-09-09,15.169132232666016,15.424217886127192,13.774660966394196,13.817174701372714,869100
2022-09-12,15.568768501281738,15.985409310933838,15.271167459588751,15.441225661069089,517100
2022-09-13,15.823851585388184,15.92588518164145,15.177632862536672,15.245655800637106,408300
2022-09-14,15.194642066955566,16.027923632190237,14.79500580594672,15.747328753211416,573300
2022-09-15,15.738825798034668,15.993911463796676,14.88003501133641,15.194642179451657,301300
2022-09-16,15.220149993896484,15.662300001311277,14.897041371121142,15.526254094690591,349200
2022-09-19,16.104448318481445,16.1469620516652,14.599438809929081,14.820513790433523,1112900
2022-09-20,15.6878080368042,16.146962531658684,15.390207030286382,16.13845946041017,414600
2022-09-21,15.628286361694336,16.325523600048538,15.500743537996065,15.86636748858077,326000
2022-09-22,15.696311950683594,16.146965066840128,15.339192632946105,15.866370158764054,322400
2022-09-23,14.021242141723633,15.245656723438579,13.698133571637886,15.169130710719216,682100
2022-09-26,14.080763816833496,14.454890857845049,13.562088613269228,13.859688820862809,304500
2022-09-27,14.038250923156738,14.531417752443257,13.919211157334358,14.344355031608776,260800
2022-09-28,13.995734214782715,14.242318416576088,13.757654706066374,14.242318416576088,239400
2022-09-29,13.026406288146973,13.817174046935717,12.796829048726114,13.817174046935717,348300
2022-09-30,12.983893394470215,13.519573924711484,12.90736737275074,12.90736737275074,218200
2022-10-03,13.119938850402832,13.48556199271215,13.068921234019149,13.315504622929037,212300
2022-10-04,13.000899314880371,13.511072275497721,12.941379433470788,13.383528629894599,239200
2022-10-05,12.907367706298828,13.145448038213734,12.2101312322017,12.77982406317125,443700
2022-10-06,13.307001113891602,13.443047816139417,12.584257113368553,12.584257113368553,161800
2022-10-07,13.587594985961914,13.87669288964577,13.255983352475363,13.307000152597563,261200
2022-10-10,13.289997100830078,13.94471822060367,13.230477220186359,13.664123339143908,259900
2022-10-11,13.341012001037598,13.451549485631347,12.652279503588584,12.890359802999576,186100
2022-10-12,14.131782531738281,14.276331508107392,12.932876172871381,13.281494006150687,726500
2022-10-13,14.616443634033203,14.846020043038733,13.902201952739777,14.182796783119707,347200
2022-10-14,14.965063095092773,15.05009218519458,14.412376442123538,14.769497323115122,236200
2022-10-17,15.747329711914062,15.79834652343565,15.050094007869964,15.330688903931495,345500
2022-10-18,15.934391975402832,16.240496079286917,15.738826185385847,15.985408785451796,336500
2022-10-19,15.891877174377441,16.266002585439473,15.543259355736204,15.90038024578272,306200
2022-10-20,15.30517864227295,15.900380682634932,15.186138882918588,15.704813278530512,288100
2022-10-21,15.237154006958008,15.594274867347451,14.931049948968514,15.356193753156187,213700
2022-10-24,14.914045333862305,15.5177487534814,14.624947419122346,15.22014776809675,554400
2022-10-25,14.888537406921387,15.211646010331929,14.480399711520164,14.8545251214071,542100
2022-10-26,15.152124404907227,15.339188710317591,14.880032638995626,14.922546369246243,236000
2022-10-27,14.650455474853516,15.254160535453277,14.565426387499262,15.228651322708515,325800
2022-10-28,14.548423767089844,14.846023178995644,14.39537171422677,14.718480342208135,188200
2022-10-31,14.709975242614746,14.922547148558861,14.352854375756836,14.454889604199783,272000
2022-11-01,14.948057174682617,15.381704081025708,14.812011277217533,15.092606143463646,357600
2022-11-02,15.101110458374023,15.772836929700974,14.948058405673029,14.948058405673029,576700
2022-11-03,16.036426544189453,16.14696323162178,14.965063847359254,15.067097463174465,452700
2022-11-04,16.027921676635742,16.87820928153106,15.891875789596083,16.495579210610206,526800
2022-11-07,15.900379180908203,16.572105558988223,15.806847023509176,16.34252751180603,246900
2022-11-08,15.30517864227295,16.019420441989293,15.152126596363006,15.832357731318854,575800
2022-11-09,15.373199462890625,16.121451823661005,15.169130637225978,15.177633707686361,403800
2022-11-10,14.854522705078125,15.755828663054261,14.080761175238361,15.755828663054261,434100
2022-11-11,15.296672821044922,15.390204970465206,14.539917420956574,14.96506119571089,424600
2022-11-14,15.160628318786621,15.917383787555144,15.143622177022285,15.560262919478829,283600
2022-11-15,15.721821784973145,15.806850892347832,15.007579877898289,15.262667200022355,250100
2022-11-16,15.747329711914062,16.36803938777818,15.5942776555541,15.900381768274025,241100
2022-11-17,16.546598434448242,16.546598434448242,15.424218891209817,15.551763348046569,295500
2022-11-18,16.52109146118164,16.699651112589002,15.968404740707877,16.35953633243555,359600
2022-11-21,17.082279205322266,17.17581136682099,16.31702063630044,16.563603214167525,682800
2022-11-22,15.067097663879395,16.750668565207597,15.041590070483354,16.30851856599837,1445700
2022-11-23,14.616443634033203,15.143621013876796,13.655617781481295,15.143621013876796,1000400
2022-11-25,15.38170337677002,15.458229393314742,14.216808608540871,14.395369854410207,293800
2022-11-28,14.922548294067383,15.322184545868595,14.514410592555349,15.15212635934105,605000
2022-11-29,16.266000747680664,16.334023689442514,15.016078584633583,15.373199434332014,759900
2022-11-30,15.925887107849121,16.682644210263994,15.611281589256675,16.546596695813648,580700
2022-12-01,15.51775074005127,16.291512428030764,15.51775074005127,15.959900739409582,254400
2022-12-02,16.087440490722656,16.104446630932106,15.313678950935358,15.441221758916654,278300
2022-12-05,15.228652000427246,16.487077359529934,15.211645857840582,16.385043747599997,337900
2022-12-06,14.897040367126465,15.568766783070311,14.786502061824994,15.296674988166727,274500
2022-12-07,14.38686752319336,14.812011360614209,14.131781869458862,14.812011360614209,409500
2022-12-08,14.497404098510742,14.684468423520572,14.318844466595928,14.47189650640578,281900
2022-12-09,14.48890209197998,14.786501467063463,14.369860720151626,14.5144096831043,219400
2022-12-12,14.82901668548584,14.880033489060033,14.463392745981745,14.590935565814698,544200
2022-12-13,14.854745864868164,15.094892465064154,14.700366024446806,15.094892465064154,245900
2022-12-14,14.700366973876953,15.026280354896842,14.640330728916707,14.906206229111364,222300
2022-12-15,14.717519760131836,14.95766636125067,14.580293598311039,14.751827118519477,322400
2022-12-16,14.460221290588379,14.683214215210615,14.288687768305149,14.640330016707354,381800
2022-12-19,14.314417839050293,14.563139639119106,14.151461161571852,14.54598596025509,228400
2022-12-20,14.434491157531738,14.563140484752386,14.211498226945636,14.348724394096322,208800
2022-12-21,14.305841445922852,14.494527011718954,14.202921005392765,14.451644449085947,227400
2022-12-22,14.005660057067871,14.30584293432514,13.731207701586394,14.30584293432514,337100
2022-12-23,14.443068504333496,14.537412111009887,14.005659467740694,14.125731959245186,465200
2022-12-27,14.854745864868164,14.923358945514893,14.443067380987795,14.503103622070572,409400
2022-12-28,14.280111312866211,14.854746501353437,14.100002581900712,14.837592821490547,347200
2022-12-29,14.434491157531738,14.537411600827227,14.185769343020475,14.262957630660905,401700
2022-12-30,14.520258903503418,14.520258903503418,14.091426693173677,14.322996479359352,186300
2023-01-03,13.525367736816406,14.511681451865355,13.448177811338532,14.503104611716148,549200
2023-01-04,13.165148735046387,13.568250410089416,12.864965870886046,13.362411152459039,669200
2023-01-05,13.31095027923584,13.731205588373289,13.113687065642655,13.113687065642655,340700
2023-01-06,13.473906517028809,13.87700897696182,13.190877356503965,13.405293436776267,339500
2023-01-09,13.585402488708496,13.808395400481858,13.362409576935134,13.542519110608632,266100
2023-01-10,14.262956619262695,14.357300215938164,13.576825832163374,13.61113237151834,351900
2023-01-11,13.997081756591797,14.580293769093938,13.919891835180342,14.35730084455695,242600
2023-01-12,14.89763069152832,14.914782735515344,13.997082129679177,13.997082129679177,437800
2023-01-13,15.214964866638184,15.335037348167731,14.811863224456937,14.897629983777273,389700
2023-01-17,15.720986366271973,16.2956215058606,15.352190459927286,15.352190459927286,507000
2023-01-18,15.377922058105469,16.12408912656318,15.335037859084094,15.832483116677546,354600
2023-01-19,15.55803108215332,15.566607922120637,15.077739495038239,15.317886106528258,230600
2023-01-20,15.609490394592285,15.781022267361843,15.437956885957954,15.678103470873063,375800
2023-01-23,14.906207084655762,15.600916451292973,14.734675180047807,15.523726521666616,399400
2023-01-24,14.846168518066406,15.240694945204268,14.717519200732365,14.90620475709797,260300
2023-01-25,14.383030891418457,14.691788931062076,14.08284805532576,14.691788931062076,385300
2023-01-26,14.314417839050293,14.494526559527896,14.014235002389436,14.451643998232711,228200
2023-01-27,14.580293655395508,14.666060415835517,14.134307809799365,14.168615168321326,305500
2023-01-30,14.185769081115723,14.803286821892888,14.185769081115723,14.503103973343531,332400
2023-01-31,14.72609806060791,14.803287988772723,14.07427290936341,14.134309156632698,177300
2023-02-01,15.266424179077148,15.429380857251354,14.751826897878372,14.751826897878372,327700
2023-02-02,14.768978118896484,15.437956837429759,14.614599924648594,15.317884363282031,315400
2023-02-03,15.060585021972656,15.437957781336376,14.786132700931722,14.786132700931722,333100
2023-02-06,15.652374267578125,15.720987349617843,15.120621654871622,15.154929013823939,501800
2023-02-07,16.35565757751465,16.630109885706062,15.583760051760091,15.729563044969881,512100
2023-02-08,16.081207275390625,16.664419320983193,16.072630435206616,16.35565961781889,252300
2023-02-09,16.827375411987305,16.99890730194853,16.141242944547578,16.141242944547578,441800
2023-02-10,16.733028411865234,17.17043734163574,16.347078875048727,16.938867619545835,208900
2023-02-13,17.650732040405273,17.865148125267275,16.80164454065554,16.80164454065554,484200
2023-02-14,18.225364685058594,18.379744506482144,17.393430980110733,17.539233963025787,451800
2023-02-15,18.173906326293945,18.25967308040532,17.65073059849284,18.088139572182566,299100
2023-02-16,18.371170043945312,18.551278768323407,17.727921795398018,17.942337878247116,408200
2023-02-17,17.890878677368164,18.354016570874755,17.74507567395842,18.311134008169205,258300
2023-02-21,17.916606903076172,18.362592736651067,17.830841780812793,17.8908780207431,259100
2023-02-22,17.49635124206543,17.822264589341422,17.307665686602622,17.753651511367234,234800
2023-02-23,18.491243362426758,18.774272539142196,17.667886352296385,17.667886352296385,526300
2023-02-24,18.988689422607422,19.203105524076307,18.24252230558013,18.49124413263422,425600
2023-02-27,20.67829132080078,20.84982323681235,19.460407682898317,19.57190334651258,1019400
2023-02-28,20.3952579498291,20.80693642741668,20.137957674438223,20.67828710765367,699400
2023-03-01,20.403833389282227,20.832665516311803,20.21514620643578,20.60109577510829,275700
2023-03-02,20.386680603027344,20.50675308036923,19.90638742193017,20.3266443643564,375700
2023-03-03,21.021352767944336,21.038506447024073,20.25803204340967,20.45529444523202,329600
2023-03-06,20.223726272583008,21.0213544178819,20.0264638552778,21.012777577668846,471600
2023-03-07,20.45529556274414,20.67828849536863,19.906389253258876,20.223725790111217,256900
2023-03-08,20.94416618347168,21.175735980332792,20.266610474699934,20.575370203848085,426700
2023-03-09,19.91496467590332,21.252922176426736,19.8806589541761,21.012775580876802,362300
2023-03-10,19.82062339782715,20.583944136062705,19.53759423139088,19.96642640089219,383500
2023-03-13,19.12591552734375,19.70055074263181,18.431207819145207,19.228835975456324,401700
2023-03-14,19.726280212402344,20.326645916691,19.254565470364785,19.38321479675094,555800
2023-03-15,18.697080612182617,19.366059338153217,18.12244548029967,18.98868659766738,624400
2023-03-16,15.412229537963867,18.637048057976703,15.069164086018908,18.637048057976703,1751600
2023-03-17,15.309307098388672,15.909671088290061,15.214963507974495,15.480838965847044,858700
2023-03-20,16.424272537231445,16.750185917465895,15.34361522295639,15.34361522295639,616900
2023-03-21,17.36770248413086,17.62500112584611,16.63868748478449,16.895987762364612,507900
2023-03-22,17.11897850036621,17.650731081722903,16.938869784079717,17.393432448209392,292900
2023-03-23,16.338504791259766,17.856571044167712,16.24416282758402,17.153286557066373,609400
2023-03-24,16.55292320251465,16.818800359385552,15.86679229802709,16.089785250951824,476600
2023-03-27,16.54434585571289,16.724454581374072,16.158396249489066,16.70730090201637,290500
2023-03-28,17.213321685791016,17.384855194621526,16.827373744719537,16.870256303994775,523900
2023-03-29,16.638690948486328,17.410588670184083,16.510041600847572,17.410588670184083,256400
2023-03-30,16.424272537231445,16.707301716979796,16.132666517385875,16.647265472164232,225000
2023-03-31,16.66442108154297,16.818800949435015,16.484310690380525,16.50146437256079,210400
2023-04-03,15.515148162841797,16.312776267019903,15.12919855247661,16.209855825634214,604700
2023-04-04,15.11204719543457,15.455112622532944,14.726097567533278,15.429382102051193,685100
2023-04-05,15.703835487365723,15.789602258806399,14.768981113979056,15.08631767755003,389500
2023-04-06,15.2321195602417,15.781024239068973,15.09489339053488,15.66952858963155,281600
2023-04-10,15.146353721618652,15.412229237204473,14.96624497631167,15.309310421561934,286300
2023-04-11,15.326462745666504,15.497994635170327,15.11204665688802,15.13777554058788,383500
2023-04-12,15.412229537963867,15.437960060309155,15.094894608364196,15.309310720312935,302500
2023-04-13,15.497994422912598,15.943980274071285,15.455111860090186,15.523724942124991,317300
2023-04-14,15.695255279541016,15.849635107842198,15.37792041991281,15.635219043171613,293000
2023-04-17,16.398542404174805,16.450001804974885,15.798176730002712,15.798176730002712,352800
2023-04-18,16.715879440307617,16.715879440307617,16.218434139439776,16.501463334142773,277500
2023-04-19,16.27846908569336,16.552921417898926,15.841060067791386,16.46715629098339,528400
2023-04-20,15.60091495513916,16.252740056214456,15.395075707830896,16.209855857276327,272900
2023-04-21,15.489418029785156,15.506571709754681,15.034856961647451,15.497994869769919,292900
2023-04-24,16.192703247070312,16.29562369545379,15.437959290429907,15.437959290429907,346300
2023-04-25,15.540879249572754,16.064053407779117,15.369345719621993,16.064053407779117,255600
2023-04-26,14.82901668548584,15.489416960054378,14.7432499274264,15.489416960054378,336200
2023-04-27,14.76040267944336,14.974818766960189,14.468798305416204,14.854746281427541,312800
2023-04-28,14.717519760131836,14.94908952165376,14.606024117101772,14.743250278922567,173700
2023-05-01,14.468798637390137,14.683214729826556,14.160038940804906,14.683214729826556,252200
2023-05-02,14.220075607299805,14.39160914068965,13.825550770714175,14.374455460177662,411600
2023-05-03,13.971352577209473,14.271533780929976,13.66259289810853,14.237228058732578,233800
2023-05-04,13.756936073303223,13.919891111486583,13.293796568913072,13.782664955192795,400600
2023-05-05,14.237227439880371,14.35729991614936,13.902737256772074,14.057117089612088,255500
2023-05-08,14.142884254455566,14.400184528589866,13.722628939487542,14.32299460993606,289600
2023-05-09,14.048540115356445,14.13430687009434,13.825548843248614,14.057116954416713,169800
2023-05-10,14.32299518585205,14.46879818963132,13.945622416800134,14.142884823129465,171400
2023-05-11,14.89763069152832,15.069162582453194,14.151461976617027,14.151461976617027,294600
2023-05-12,14.606023788452148,15.275000903309675,14.520257030277765,14.906204988265218,208100
2023-05-15,14.348724365234375,14.777556545683925,14.245805558010852,14.777556545683925,205500
2023-05-16,14.262956619262695,14.691788770165978,14.202920379874609,14.322994494515614,198500
2023-05-17,14.880477905273438,14.897631586155518,14.03139033199111,14.365878929866408,399600
2023-05-18,14.871901512145996,14.91478407977596,14.468799814483031,14.820442103817024,240500
2023-05-19,15.249272346496582,15.523724669821602,14.940512664823492,15.214964988148513,202100
2023-05-22,15.480840682983398,15.669527884740951,15.060585352678245,15.2492725544358,195500
2023-05-23,15.2321195602417,15.686682269811147,15.189235359792706,15.643798069362154,176000
2023-05-24,14.863323211669922,15.19781178675464,14.751827565263326,15.189234946897988,221500
2023-05-25,14.691790580749512,14.914783523004152,14.314419419270921,14.854747276217333,227400
2023-05-26,15.12919807434082,15.21496483347421,14.73467327253804,14.73467327253804,256500
2023-05-30,15.412229537963867,16.05547787381008,14.588872453295966,15.866792284206632,499300
2023-05-31,14.700366973876953,15.292155855091499,14.674638089388267,15.154929684935226,380000
2023-06-01,15.086315155029297,15.326461747736248,14.708942405308324,14.717519244604803,287700
2023-06-02,15.523726463317871,15.592339552076172,15.240697267706738,15.30931035646504,216800
2023-06-05,14.914783477783203,15.437959288250733,14.914783477783203,15.4293824478979,290400
2023-06-06,14.923359870910645,14.966244071389644,14.48595084121474,14.726097456302192,374800
2023-06-07,15.206388473510742,15.317885754659699,14.97481870730745,14.97481870730745,223400
2023-06-08,15.058076858520508,15.407047016071772,14.962109441186048,15.197664921541014,212800
2023-06-09,14.979557991027832,15.520462969741567,14.97083352930428,15.075525405965976,170800
2023-06-12,14.569517135620117,15.232559534587741,14.499723111306642,14.935936179271067,223100
2023-06-13,14.84869384765625,15.232560165263234,14.761450897647077,14.831244924850242,219400
2023-06-14,15.476840019226074,15.625152534333383,14.927212265605375,14.927212265605375,279800
2023-06-15,16.122434616088867,16.122434616088867,15.42449437193728,15.529184576549618,280100
2023-06-16,16.27947425842285,16.357992756777065,15.764742619887913,16.349268294290923,332500
2023-06-20,15.660048484802246,16.122433232874865,15.35469903017539,16.122433232874865,291400
2023-06-21,15.668774604797363,16.03519369527143,15.55535992480299,15.55535992480299,158600
2023-06-22,15.677496910095215,15.677496910095215,15.319802330988246,15.616427347421457,155800
2023-06-23,15.319802284240723,15.53790881542191,15.180214237406425,15.441943073236315,104400
2023-06-26,15.023178100585938,15.433219466884944,15.005730841781132,15.258733566669937,146700
2023-06-27,14.700382232666016,15.04062792812863,14.648037125061222,14.988282820523837,257200
2023-06-28,14.726552963256836,14.848693758141708,14.35141110931438,14.656758936474418,166900
2023-06-29,15.005731582641602,15.215113674824668,14.796347826437586,14.796347826437586,139500
2023-06-30,15.546632766723633,15.694945269625897,15.092970797373091,15.145317561235577,202200
2023-07-03,15.459391593933105,15.921778076856466,15.389597564814572,15.590256854548656,132900
2023-07-05,16.096261978149414,16.209676637342383,15.398320109816508,15.511736433030181,241300
2023-07-06,15.511736869812012,16.000295026587448,15.494287948207702,16.000295026587448,256000
2023-07-07,16.27947425842285,16.419062330158997,15.53791158731141,15.53791158731141,227400
2023-07-10,15.930502891540527,16.410336644361607,15.817086551696379,16.296921968538406,162900
2023-07-11,16.32309341430664,16.392889107813915,16.00902111362851,16.00902111362851,179200
2023-07-12,16.166057586669922,16.497578800280365,15.94795104339385,16.384164129945994,158100
2023-07-13,15.930502891540527,16.253299659359524,15.930502891540527,16.157333907207878,172700
2023-07-14,15.276183128356934,16.017745739252113,15.223838021711668,16.017745739252113,260600
2023-07-17,15.581530570983887,15.712394152276865,15.197662623706531,15.232558802174989,117400
2023-07-18,15.441944122314453,15.73856915799432,15.372150094155712,15.441944122314453,163000
2023-07-19,15.284906387329102,15.476839539272028,15.223836823711844,15.267457465146798,167900
2023-07-20,15.363424301147461,15.441942784023775,15.154042234817537,15.35469984038112,116800
2023-07-21,15.372150421142578,15.389597680537724,14.883590549618166,15.363425959434544,234600
2023-07-24,15.703672409057617,15.825811550863566,15.372151168146754,15.372151168146754,205200
2023-07-25,16.218402862548828,16.49757897464958,15.80836315590346,15.80836315590346,237300
2023-07-26,16.262022018432617,16.34054050078082,15.982845931870454,16.183503536084416,90400
2023-07-27,16.349266052246094,16.69823618373069,16.078814408348137,16.288196487238896,222900
2023-07-28,17.160625457763672,17.186798845918347,16.331819803764645,16.331819803764645,295400
2023-07-31,18.28605079650879,18.320948640267844,17.35255510822418,17.361279569163944,600100
2023-08-01,18.041776657104492,18.434367504721173,17.82367007597706,18.07667284479388,323000
2023-08-02,17.989425659179688,18.09411585202462,17.431071862597815,17.91963164260953,280500
2023-08-03,18.50415802001953,18.713541762363523,17.980703656222072,18.251155299386873,596300
2023-08-04,18.198810577392578,18.757162797961495,18.129016549821465,18.626299204268268,323800
2023-08-07,18.87929916381836,18.87929916381836,17.62300685162305,18.198807910717726,446600
2023-08-08,18.739713668823242,19.10613272554418,18.58267669251129,18.643747921982158,416900
2023-08-09,19.210824966430664,19.498725540520677,18.844405902677842,18.844405902677842,522200
2023-08-10,18.83568000793457,19.42893003401452,18.792059367672536,19.32423816775657,442400
2023-08-11,18.643749237060547,19.184652566932368,18.495436711640018,18.896751978059694,263200
2023-08-14,18.68737030029297,18.722266484924976,18.33840013386781,18.643749653497704,190700
2023-08-15,18.47798728942871,18.65247153202829,17.945806771854993,18.338399229740677,235400
2023-08-16,18.86185646057129,19.193377706977095,18.495437365059068,18.495437365059068,276300
2023-08-17,18.83568000793457,19.1933745829497,18.696091962271144,18.888025109053167,188100
2023-08-18,18.809507369995117,18.983993265992325,18.373294294022926,18.58267637080708,227300
2023-08-21,18.82695770263672,19.446381182206125,18.6263000720242,18.84440662634762,554400
2023-08-22,18.722265243530273,19.07123705083759,18.66992013804254,18.931648993523023,207800
2023-08-23,18.408191680908203,18.661194393387543,18.041772639645774,18.661194393387543,164700
2023-08-24,18.2598819732666,18.80950978746259,18.17263901405521,18.416918967042896,168700
2023-08-25,17.919635772705078,18.50415975618763,17.841117277964226,18.224983625562828,194700
2023-08-28,18.120290756225586,18.51288150844324,17.849837463252126,17.998149968939885,259500
2023-08-29,18.181364059448242,18.355849983466726,17.902187912235547,18.120294485248102,124000
2023-08-30,18.39946937561035,18.835682491838153,17.954531797375477,18.102844323453766,266000
2023-08-31,17.684078216552734,18.32094889792514,17.509592323345124,18.32094889792514,611700
2023-09-01,17.85856056213379,17.971976879962554,17.47469429999807,17.79749100515859,284700
2023-09-05,17.178070068359375,17.75387115096175,17.029757567445387,17.75387115096175,343500
2023-09-06,17.20424461364746,17.727700683146228,17.186797353746915,17.25659138541202,253500
2023-09-07,16.471403121948242,16.90761614774584,15.76473848608191,16.82037487380283,1116800
2023-09-08,17.370006561279297,17.66663162037267,16.10498782902692,16.488855846210285,558400
2023-09-11,16.802927017211914,17.492142776316157,16.802927017211914,17.492142776316157,265200
2023-09-12,16.881446838378906,17.247865898859192,16.837824531166447,16.881446838378906,179200
2023-09-13,16.331817626953125,16.968690008328046,16.296921444752535,16.898895979905973,336700
2023-09-14,16.37544059753418,16.89889666389732,16.36671613562568,16.532477583845218,199700
2023-09-15,16.663339614868164,16.829101047474207,16.357990132916235,16.445233079762616,350200
2023-09-18,17.073381423950195,17.256591801501756,16.70696233286808,16.768031904044932,212700
2023-09-19,16.8116512298584,17.396176779368403,16.8116512298584,17.134447952769776,171500
2023-09-20,17.003585815429688,17.256590202891488,16.87272222302776,16.87272222302776,242200
2023-09-21,17.064655303955078,17.221692279737198,16.846548762928993,17.01231020003466,146200
2023-09-22,17.195518493652344,17.657904948862324,17.108277210498713,17.15189785207553,185500
2023-09-25,17.59683609008789,17.75387306848963,17.117002357434473,17.282762133284415,265000
2023-09-26,17.753873825073242,18.181362471150525,17.413626469362832,17.535767271114164,253100
2023-09-27,17.937082290649414,18.277329641787944,17.81494315456021,18.006876320417664,206600
2023-09-28,18.36457061767578,18.399468463975,17.832391773779907,18.050498321087318,364000
2023-09-29,18.129018783569336,18.591403649192404,18.0330513598267,18.591403649192404,256500
2023-10-02,17.78877067565918,18.69609477289205,17.745150028839564,18.251157186443738,259800
2023-10-03,17.343830108642578,17.710249136629006,17.16934588732854,17.710249136629006,205500
2023-10-04,16.820377349853516,17.326384467704894,16.5324767770074,17.282762160291313,367800
2023-10-05,17.527040481567383,17.66662852444131,16.75058178507857,16.75058178507857,257500
2023-10-06,17.89345932006836,17.963253340764034,17.204241909680455,17.3612788722509,268500
2023-10-09,18.451812744140625,18.748437768333744,18.102842616860727,18.102842616860727,261600
2023-10-10,18.669918060302734,18.92292242604207,18.434362615791088,18.434362615791088,276300
2023-10-11,18.61757469177246,18.826956773911707,18.399468148208136,18.669919796302054,196000
2023-10-12,18.905475616455078,19.062512597003035,18.608850578535804,18.74843863590712,362700
2023-10-13,19.132305145263672,19.420205699317375,19.02761327832561,19.062511121978556,423000
2023-10-16,19.32423973083496,19.533621816266376,18.94037174220025,19.228273981691956,289200
2023-10-17,19.507450103759766,19.786626217785088,19.376584844292108,19.394033767423917,194100
2023-10-18,19.18465232849121,19.52489802092437,19.079962114213757,19.52489802092437,213100
2023-10-19,18.918075561523438,19.220194500819986,18.749243043653028,19.113564685738933,162600
2023-10-20,18.633726119995117,19.015819976958536,18.598183411941765,18.740357633856004,152900
2023-10-23,18.44712257385254,18.80255811870656,18.171660238446968,18.41157817194195,181300
2023-10-24,18.89141845703125,19.14022419939857,18.59818390470748,18.59818390470748,175800
2023-10-25,19.131336212158203,19.17576501773414,18.846986093981222,18.882530494322207,160000
2023-10-26,19.40679931640625,19.51342913201982,18.953618362922683,19.16687968900018,336000
2023-10-27,20.082128524780273,20.11767123316745,19.442342825306824,19.522316037741007,286700
2023-10-30,19.708921432495117,20.42867867392744,19.10468011579618,20.1798729273895,696200
2023-10-31,19.575632095336914,19.984382552039676,19.335712464741615,19.548973793653975,266500
2023-11-01,19.966611862182617,20.073243382134887,19.620062388326136,19.620062388326136,252000
2023-11-02,20.1176700592041,20.250959868716585,19.797778922985003,19.993268044832803,214000
2023-11-03,20.384248733520508,20.42867754175943,19.38902749737492,20.07324199129686,457700
2023-11-06,19.895523071289062,20.535308747410078,19.81554986177394,20.490878244984803,238700
2023-11-07,19.24685287475586,19.85998024576536,19.19353796701384,19.744462634998893,337400
2023-11-08,18.838102340698242,19.19353788215757,18.58041051385876,19.113564673472926,165400
2023-11-09,19.291282653808594,19.49565958434023,18.96250539551284,19.06913521636805,192700
2023-11-10,19.40679931640625,19.566745734676964,19.20242409077161,19.291281705499465,153100
2023-11-13,19.557861328125,19.700035557823597,19.30016947751473,19.415687098426403,105100
2023-11-14,19.69114875793457,19.75334976936439,19.140224061112914,19.548974533280564,186600
2023-11-15,19.122451782226562,19.85109510435343,19.09579347964249,19.637833768232184,174200
2023-11-16,18.73147201538086,19.149108591149886,18.615956092670434,19.10467978122675,203700
2023-11-17,18.82921600341797,19.157993239562668,18.76701499630142,18.811443802856004,168900
2023-11-20,18.93584632873535,19.246853067571813,18.811444311140917,19.01581953857474,257200
2023-11-21,17.682933807373047,18.26940284447781,17.176437974859862,17.993940525801396,1052400
2023-11-22,18.349376678466797,18.473780387015434,17.514101898998746,17.682934413910978,432400
2023-11-24,18.50932502746582,18.79367348554961,18.41157960943058,18.50932502746582,186000
2023-11-27,18.23386001586914,18.509322332676692,18.06502750789343,18.509322332676692,300900
2023-11-28,17.736249923706055,18.251633586213114,17.718479417466458,18.109457672343677,185100
2023-11-29,17.585189819335938,17.79845112992025,17.41635731288785,17.647390823066747,289800
2023-11-30,17.922853469848633,18.056141579580025,17.203096321418894,17.496330840768067,308500
2023-12-01,18.224973678588867,18.384920084603383,17.922853066083718,18.118342176295776,252900
2023-12-04,17.949514389038086,18.269405560103856,17.789567956079942,18.153889633439928,153900
2023-12-05,17.64739418029785,17.860655531452892,17.487447743218933,17.816225024013992,273100
2023-12-06,17.52298927307129,18.056143462443533,17.371928947663328,17.63850688977467,349100
2023-12-07,17.49633026123047,17.656276665550283,17.149779153587467,17.647390565882493,259000
2023-12-08,17.49633026123047,17.62961836654691,17.345269956578445,17.549645164387,225300
2023-12-11,17.39858627319336,17.478559481850276,17.034264631467554,17.363043566484922,245800
2023-12-12,17.32750129699707,17.682936882067924,17.26530028146599,17.416360616977425,368800
2023-12-13,17.58019256591797,17.661415361125258,17.038707838313552,17.3726239654249,440900
2023-12-14,18.076553344726562,18.1758243060106,17.706539173033793,17.706539173033793,354500
2023-12-15,18.988052368164062,19.114398167901822,18.175824451757247,18.428517772565193,467500
2023-12-18,19.998823165893555,20.377862304580432,19.58368596326781,19.90857542404763,580300
2023-12-19,20.34176254272461,20.422983610140705,19.773203021485426,20.10711912204378,486400
2023-12-20,20.48615837097168,21.009593168013293,20.170292159354826,20.56738116028265,569500
2023-12-21,20.910320281982422,20.9464183428035,20.558356012648208,20.874220499828986,324900
2023-12-22,21.632299423217773,21.659374260723347,21.07276655209524,21.07276655209524,373300
2023-12-26,20.84714698791504,21.65937313625826,20.45005799844392,21.46082950218886,280900
2023-12-27,20.51323127746582,20.865197268003868,20.51323127746582,20.77494953398559,203100
2023-12-28,20.3056640625,20.747876095523438,20.27858922407031,20.422984919697047,141300
2023-12-29,20.05297088623047,20.323714108578702,19.88150207220899,20.305664216155655,266600
2024-01-02,20.34176254272461,20.702751758644208,20.278587923772864,20.702751758644208,308900
2024-01-03,21.163015365600586,21.388633858959516,20.170293650554797,20.341764187480685,316700
2024-01-04,21.099842071533203,21.96621803573492,21.099842071533203,21.58717887414653,355700
2024-01-05,21.71352195739746,21.86694259211497,21.208137045935473,21.33448284346787,273000
2024-01-08,21.37058448791504,21.41570749915504,20.8290997463723,21.28033674410249,252400
2024-01-09,21.37058448791504,21.641325998020136,21.03666835220838,21.62327610499112,163000
2024-01-10,21.153989791870117,21.569126981097803,21.027642268830537,21.442781179390675,220500
2024-01-11,21.10886573791504,21.190088533423552,20.648603803810968,21.190088533423552,198900
2024-01-12,22.04743766784668,22.20085829980737,21.722546512792896,21.875967144753588,481500
2024-01-16,21.948165893554688,22.77844198524723,21.8398699849566,22.336229962251437,299600
2024-01-17,22.1196346282959,22.37232793006798,21.830843267031973,21.830843267031973,190400
2024-01-18,22.137685775756836,22.28208146458805,21.81279461522041,22.146710721475337,210600
2024-01-19,21.948165893554688,22.489650600542422,21.695474292604196,22.264032116075235,206600
2024-01-22,21.50595474243164,21.930116890746227,21.163015389524684,21.894018826860894,329000
2024-01-23,21.2171630859375,21.47887964022868,21.163015130106995,21.352533836180005,189900
2024-01-24,22.056461334228516,22.164757232077484,21.605224410082535,21.605224410082535,263800
2024-01-25,21.72254753112793,22.15573461061885,21.460830982768496,22.15573461061885,200300
2024-01-26,22.471599578857422,22.534772475918892,21.388631940662908,21.695473201817773,327300
2024-01-29,22.04743766784668,22.652095250123242,21.993289715781835,22.561847515793595,216900
2024-01-30,22.498676300048828,22.516726192530548,22.002314584796483,22.04743931600078,319300
2024-01-31,22.173784255981445,22.47160058498571,21.975240610422745,22.45355069320789,237700
2024-02-01,21.406681060791016,22.88673948070566,20.85617313243167,22.435502514422552,783300
2024-02-02,21.812795639038086,21.89401843298451,21.524004247820784,21.75864768351796,375000
2024-02-05,21.632299423217773,22.047438324974493,21.40668094133524,21.83084478892715,310700
2024-02-06,21.487903594970703,21.993290230511825,21.388632634083883,21.704497129631584,211900
2024-02-07,21.767671585083008,21.912067273762467,21.126914210402077,21.487903432100723,177200
2024-02-08,21.587175369262695,21.659373211113113,21.235211105408453,21.551075587671324,129800
2024-02-09,21.442779541015625,21.731570906470544,21.09081527953398,21.6322982290958,158800
2024-02-12,22.173784255981445,22.354279731094753,21.61425138152855,21.632299551973944,320500
2024-02-13,21.839868545532227,22.173782916589836,21.65937308132162,22.173782916589836,169500
2024-02-14,22.065486907958984,22.200857644793295,21.74059576249079,21.96621423099208,213300
2024-02-15,22.33622932434082,22.4625751212077,21.659373890269887,22.101585900636344,190500
2024-02-16,22.507699966430664,22.805516290114298,22.363304277452684,22.363304277452684,255300
2024-02-20,21.704496383666992,22.48062448052627,21.542052529253684,22.354278686649582,230400
2024-02-21,21.79474449157715,22.101585757407417,21.560101069393276,21.75864643042014,209200
2024-02-22,21.406681060791016,21.66839932747478,21.181062577649463,21.66839932747478,222100
2024-02-23,21.460830688476562,21.596201433794583,21.208137368239147,21.38863284288479,238300
2024-02-26,21.72254753112793,21.848893332313004,21.460830982768496,21.57815183796429,125200
2024-02-27,21.397655487060547,21.77669459646998,21.325457643426958,21.749621480940117,210100
2024-02-28,21.460830688476562,21.67742422525188,21.29838510556197,21.29838510556197,187500
2024-02-29,21.451805114746094,21.68644853638477,21.172036965100542,21.42473027794197,197000
2024-03-01,21.650348663330078,21.912066920677074,21.478878140286607,21.478878140286607,209900
2024-03-04,21.009592056274414,21.93913902935082,20.991542165975464,21.848891299188338,278300
2024-03-05,21.20813751220703,21.56912674261641,21.090816657823645,21.099839882418003,158300
2024-03-06,21.334484100341797,21.51497958287791,21.04569270535001,21.289361090374015,189300
2024-03-07,21.605226516723633,21.704497479209333,21.208137502783543,21.388632978574247,223000
2024-03-08,21.460830688476562,21.62327455005874,21.289360159696443,21.54205347993386,193800
2024-03-11,21.451805114746094,21.53302790382611,21.02764127814326,21.39765544113784,227800
2024-03-12,21.605226516723633,21.695474254618986,21.343508248960354,21.41570609501015,251100
2024-03-13,22.038414001464844,22.164759804060473,21.695474656705656,21.695474656705656,374000
2024-03-14,22.435503005981445,22.56184880848256,21.85791850597822,22.173784733563465,351700
2024-03-15,21.90304183959961,22.435501575230514,21.875967003076354,22.30915405945434,340100
2024-03-18,22.760391235351562,22.83258907880606,21.758646372586966,22.002313018413165,339100
2024-03-19,22.255008697509766,22.895766132464964,22.255008697509766,22.76039365542802,191000
2024-03-20,22.245981216430664,22.37232873251466,21.66839847318618,22.1376853127385,265300
2024-03-21,22.78746795654297,23.130407310977905,22.6881952680841,22.85064085962315,333700
2024-03-22,23.220651626586914,23.563592651749012,22.670143751456585,22.787464593960088,322200
2024-03-25,23.491395950317383,23.91555805846716,23.337975320334298,23.337975320334298,362500
2024-03-26,23.11235809326172,23.45529743217086,23.013085409297197,23.45529743217086,250500
2024-03-27,22.99503517150879,23.365049342660036,22.408427465146993,23.08528290817962,613500
2024-03-28,22.91381072998047,23.004058460150063,22.435500686346494,22.841612890111247,384300
2024-04-01,23.319927215576172,23.41919990179597,22.90478829974722,22.90478829974722,308400
2024-04-02,23.274803161621094,23.35602423058096,23.02210984500825,23.35602423058096,306200
2024-04-03,24.448017120361328,24.547289796255658,23.328949735245608,23.374072739925417,877900
2024-04-04,24.032880783081055,24.438994753371848,23.861411970142697,24.411919914908303,378400
2024-04-05,23.807262420654297,24.231426285524638,23.780189303378304,24.13215359862605,244100
2024-04-08,23.419198989868164,23.798238106373127,23.401149098288784,23.798238106373127,208300
2024-04-09,22.70624351501465,23.59969248238934,22.68819362363357,23.455296794005495,358400
2024-04-10,22.724292755126953,23.08528196574077,22.48964933789489,22.606970185844755,254800
2024-04-11,23.274803161621094,23.62676743866595,22.967961891924208,22.967961891924208,317000
2024-04-12,22.877714157104492,23.59066765696794,22.81454125828104,23.401148960497586,250600
2024-04-15,22.679168701171875,23.337975966596883,22.534773012640134,22.913812125369052,213900
2024-04-16,22.85063934326172,22.88673912624483,22.26403164044531,22.606970972122898,230800
2024-04-17,22.823566436767578,23.256753508545128,22.72429375398557,22.967962127360096,200900
2024-04-18,22.137685775756836,22.91381217289151,22.119635884319838,22.823566158371296,267900
2024-04-19,22.30915641784668,22.498676850879747,21.83987125115998,22.056464802245962,271100
2024-04-22,22.255008697509766,22.48062719746127,22.02939019755826,22.309156655525012,287800
2024-04-23,22.327205657958984,22.561849095108006,22.16476006906101,22.209884800050716,205300
2024-04-24,22.372329711914062,22.52574862863883,22.20988412793204,22.23695724437409,219800
2024-04-25,22.877714157104492,22.95893694740104,22.1557339901721,22.245981726205198,158400
2024-04-26,23.383098602294922,23.536519234089177,22.787465966230727,22.87771370046247,187400
2024-04-29,23.220651626586914,23.554567706736087,22.426475400104398,23.3108993553839,261000
2024-04-30,23.265777587890625,23.74408764966507,23.220652860428277,23.265777587890625,251100
2024-05-01,23.211627960205078,23.527494167728147,22.995034431960438,23.337975476013714,242700
2024-05-02,23.933609008789062,23.987756962552794,23.328951407541407,23.328951407541407,325700
2024-05-03,23.671890258789062,23.915558627738623,23.38309888284842,23.879458845079853,276600
2024-05-06,23.90653419494629,24.17727740669824,23.644817650385058,23.780188395594827,330100
2024-05-07,23.88848304748535,24.01483056152753,23.626766516681755,23.852384987282104,201900
2024-05-08,24.917306900024414,24.989504748879764,23.90653529471701,23.91556024099049,499300
2024-05-09,25.58513641357422,25.639284367726656,24.90828096200523,24.917305907919374,502500
2024-05-10,25.94612693786621,26.171745432978092,25.702458550025575,25.819781131429963,331100
2024-05-13,26.081497192382812,26.334190521760146,25.837828809197433,26.090522138574766,227100
2024-05-14,26.78542709350586,26.79445203955972,25.882953144109205,26.063446901189064,424500
2024-05-15,26.55078125,26.69517693108959,26.153692266337476,26.659078871483345,262400
2024-05-16,26.95689582824707,27.04714184010273,26.352238253619532,26.532731998663188,306300
2024-05-17,27.22764015197754,27.381060798031076,26.63200746055381,26.97494681690921,338800
2024-05-20,27.68790054321289,28.121087617985676,27.227638630767153,27.227638630767153,376400
2024-05-21,28.08498764038086,28.25645643661829,27.60667586877362,27.60667586877362,337500
2024-05-22,27.417158126831055,28.06694047919603,27.3630101712448,27.97669273899729,215700
2024-05-23,27.40813446044922,27.841321540825323,27.263737045658075,27.606678108621825,216000
2024-05-24,27.877418518066406,27.97669119895357,27.44423145455722,27.552529081100705,175500
2024-05-28,28.12108612060547,28.247431913686814,27.462280597635118,28.021813442423078,197400
2024-05-29,27.633752822875977,28.20231064815654,27.597653039006765,28.148162693685162,228500
2024-05-30,27.985715866088867,28.121086606921697,27.45325612699169,27.56155375245737,161700
2024-05-31,28.15718650817871,28.28353230397897,27.80522051492713,28.066938773464656,194900
2024-06-03,27.886442184448242,28.37377889953907,27.769121338962837,28.202308382599817,175100
2024-06-04,27.462282180786133,27.796196573559918,27.408134226534358,27.59765292708179,232200
2024-06-05,28.319631576538086,28.319631576538086,27.46228236340931,27.46228236340931,165400
2024-06-06,28.166210174560547,28.409878545713518,27.877418796008463,28.265482856437476,181500
2024-06-07,27.696924209594727,28.11206137340753,27.534478633726295,28.066938367369563,162100
2024-06-10,27.96766471862793,27.976689663789024,27.669848413640885,27.796194203231668,118300
2024-06-11,27.299835205078125,27.489353895964765,26.72225246561522,27.462280780885155,288100
2024-06-12,27.480331420898438,27.615702163983514,26.89372199864246,27.534479373865988,218800
2024-06-13,26.875673294067383,27.372033249285725,26.53273224898401,27.34495841267419,270000
2024-06-14,25.801727294921875,26.875671649475745,25.549033999340892,26.875671649475745,589600
2024-06-17,25.485862731933594,26.198817939242883,25.278294148033055,25.80172894123097,277700
2024-06-18,25.964176177978516,26.05442391802137,25.512939199096717,25.512939199096717,299600
2024-06-20,25.296344757080078,26.307114589919102,24.00580676791439,25.368542602282865,744500
2024-06-21,25.612207412719727,26.162717018646998,25.269268102993873,25.35951583334245,471500
2024-06-24,26.51468276977539,26.65908017928089,25.66635853209141,25.66635853209141,500900
2024-06-25,26.875673294067383,26.88469823960456,26.271015713735252,26.58688020087473,217800
2024-06-26,26.830549240112305,26.94787181370931,26.415412062971875,26.893722139126506,399600
2024-06-27,26.568832397460938,27.16446504046841,26.261991130295588,26.965919678577666,200100
2024-06-28,26.424436569213867,26.794450732713187,26.189793147255113,26.65907999117262,237900
2024-07-01,26.830549240112305,27.435206835627742,26.28906454361107,27.435206835627742,155200
2024-07-02,26.6861515045166,26.85762201821729,26.433459927833763,26.433459927833763,148600
2024-07-03,26.62298011779785,26.911771491120106,26.613955172214983,26.632005063380717,86300
2024-07-05,25.476837158203125,26.4063858720543,25.305368360773468,26.397360926716058,343700
2024-07-08,24.92633056640625,25.503913327591928,24.592414456763024,25.440740428253797,336600
2024-07-09,24.62851333618164,25.02560060925821,24.529240657246326,24.818032027241046,301700
2024-07-10,25.377567291259766,25.494888143027268,24.664612070932023,24.673637016657583,226400
2024-07-11,24.989503860473633,25.4407408301107,24.655587745555938,25.314393308106265,248700
2024-07-12,24.648191452026367,25.229343672869593,24.509822462120844,25.229343672869593,264600
2024-07-15,24.53749656677246,24.805009708332776,24.49137239791231,24.648191053122545,181600
2024-07-16,24.795785903930664,24.82346040639563,24.463700671637124,24.6297441675125,191700
2024-07-17,24.546722412109375,24.814235564693846,24.316106836676425,24.814235564693846,188900
2024-07-18,24.15006446838379,24.712767061738276,23.707282965149417,24.712767061738276,394000
2024-07-19,24.426801681518555,24.583620345463462,24.12238918791459,24.150063690772125,161400
2024-07-22,25.1186466217041,25.35848701761432,24.371452692551916,24.426799934852088,196000
2024-07-23,24.888031005859375,24.971052748859517,24.64819061046531,24.971052748859517,128700
2024-07-24,24.04859161376953,24.851134580063256,23.99324436902909,24.749663165158125,355200
2024-07-25,23.62425994873047,23.993244515006996,23.55046303547516,23.937897269929817,152500
2024-07-26,23.485889434814453,23.698057102098222,23.02465828243123,23.698057102098222,215700
2024-07-29,23.615034103393555,23.900996910080156,23.430540948427097,23.633483770781627,107100
2024-07-30,23.62425994873047,23.85487552258545,23.467441288130793,23.605810280552344,162800
2024-07-31,23.900997161865234,24.09471515256645,23.808750583410234,23.86409958615752,97200
2024-08-01,23.14457893371582,23.799526313289608,22.85861611724397,23.799526313289608,231100
2024-08-02,22.277463912963867,23.05233237597628,21.880804847438803,22.80326713583861,423700
2024-08-05,21.75166130065918,21.83468304970216,20.42331507542871,21.21663322874732,336600
2024-08-06,22.185216903686523,22.332810726222885,21.521044702272885,21.770109937599432,139100
2024-08-07,21.816232681274414,22.554203564709088,21.594841944081164,22.554203564709088,128800
2024-08-08,21.982276916503906,22.120645911991073,21.484148180858668,22.120645911991073,201900
2024-08-09,21.91770362854004,22.065297450190236,21.75166013931928,21.8623563852855,52000
2024-08-12,22.28668785095215,22.508078580132285,21.917703302318593,21.917703302318593,102700
2024-08-13,22.15754508972168,22.203667501399764,21.89003017550856,22.148320255494617,118800
2024-08-14,22.185216903686523,22.39738456310755,21.991500671403976,22.148319327781007,104500
2024-08-15,22.72947120666504,22.84016746022408,22.240567298710527,22.360486627230333,99800
2024-08-16,22.720245361328125,23.015434771198937,22.637225374174328,22.78481919938114,181800
2024-08-19,22.93241310119629,23.199926250480853,22.58187644556621,22.65567335841614,112700
2024-08-20,22.646448135375977,22.867840629580073,22.415832566749106,22.867840629580073,214400
2024-08-21,22.508079528808594,22.895513761067786,22.425057781934683,22.895513761067786,160300
2024-08-22,22.231340408325195,22.59110012007109,22.18521624050066,22.526528044573837,162400
2024-08-23,22.6187744140625,22.738693730396207,22.249789872123692,22.295912280069636,161700
2024-08-26,22.858617782592773,23.181478199168,22.664899773190328,22.664899773190328,162700
2024-08-27,22.969310760498047,22.996985262712744,22.58187652677825,22.84939143648208,131700
2024-08-28,22.508079528808594,22.969310673904907,22.369710537171137,22.784819271540695,178100
2024-08-29,22.378934860229492,22.73869458216392,22.3328106910987,22.60032559368584,119600
2024-08-30,23.033884048461914,23.402870392861807,22.600327381086508,22.600327381086508,433400
2024-09-03,21.973051071166992,22.81249159921558,21.880804491934335,22.76636918932783,297300
2024-09-04,21.733211517333984,21.982276763147656,21.604067357041217,21.899255014543098,201000
2024-09-05,21.64096450805664,21.98227632997827,21.548719686497943,21.779335259309068,187900
2024-09-06,21.39190101623535,21.770110414705634,20.9952419496794,21.530270007963495,241300
2024-09-09,21.39190101623535,21.557944510092,21.235082356421536,21.39190101623535,144300
2024-09-10,21.18895721435547,21.622515597197186,20.930668910831493,21.622515597197186,312700
2024-09-11,22.683347702026367,22.867840862590608,21.041364203267563,21.041364203267563,667500
2024-09-12,22.73869514465332,23.43054186361513,22.554203741937823,23.089231800889998,538700
2024-09-13,23.310623168945312,23.78107916167118,22.858616844826084,22.94163859409872,298500
2024-09-16,23.55046272277832,23.753403791671516,23.36596956236111,23.513563386912008,186600
2024-09-17,23.476665496826172,23.642707227634535,23.28294750503069,23.642707227634535,202700
2024-09-18,23.421316146850586,23.725728621342697,23.329071328697985,23.550462059287053,166600
2024-09-19,23.900997161865234,23.919446829447665,23.338294616801154,23.421316361464942,230000
2024-09-20,23.09845733642578,23.4858898217315,22.978536249534468,23.43054257518172,239600
2024-09-23,23.070781707763672,23.402868689773822,22.8586158067937,23.282947608733643,169500
2024-09-24,23.63348388671875,23.69805596343664,23.292172076193587,23.310621743672165,245500
2024-09-25,23.22760009765625,23.522787740732696,23.089231109896307,23.522787740732696,185800
2024-09-26,23.84564971923828,23.89177212835165,23.246049603478816,23.246049603478816,190500
2024-09-27,23.43976593017578,23.984018805361714,23.421316262671173,23.78107774118245,177600
2024-09-30,23.153804779052734,23.310623445152835,22.904739528283645,23.26449927308971,240100
2024-10-01,23.06155776977539,23.458216844928682,22.941638443533737,23.06155776977539,456800
2024-10-02,23.947120666503906,23.974795169143146,23.393644689376845,23.412092598345787,423300
2024-10-03,24.592844009399414,24.657416086870175,23.734953815671524,23.92867180754096,272400
2024-10-04,24.140838623046875,24.814235684286814,24.002469629011674,24.80501085009017,313200
2024-10-07,24.45447540283203,24.638966804281054,24.011693928005766,24.168512586938885,255300
2024-10-08,24.067041397094727,24.3253314728824,23.753404076301546,24.3253314728824,264900
2024-10-09,23.181476593017578,24.039366804951587,23.089231771505816,23.9286723153546,489000
2024-10-10,23.21837615966797,23.550463150669813,23.126129577783324,23.30139790741843,259000
2024-10-11,23.402868270874023,23.495113089152674,23.098455795965936,23.218375115402463,182900
2024-10-14,23.052331924438477,23.439766148355808,23.006209514704782,23.439766148355808,237100
2024-10-15,22.231340408325195,22.867839848647016,22.19444107406557,22.840165347952293,355200
2024-10-16,22.259014129638672,22.461956958088113,22.139094806928966,22.231341387182603,353200
2024-10-17,22.36971092224121,22.51730475045612,22.111420843136507,22.397385424827963,204300
2024-10-18,22.996986389160156,23.08923297493708,22.50808071616256,23.03388396779656,204900
2024-10-21,22.923189163208008,23.218376826146407,22.757145662940843,23.024658822682298,204000
2024-10-22,22.12986946105957,22.92318756965014,22.12986946105957,22.92318756965014,218700
2024-10-23,20.866098403930664,22.000726632616562,20.783076654567576,21.908480048940103,792800
2024-10-24,20.884546279907227,21.465698524525195,20.543236208141206,20.87532144560852,519100
2024-10-25,21.03213882446289,21.24430648145279,20.801523259460197,20.912219504822627,204400
2024-10-28,20.921443939208984,21.115160165574167,20.460212818007577,20.84764703019504,204500
2024-10-29,20.534011840820312,20.98601817499298,20.34029383505644,20.819974672754597,236700
2024-10-30,19.777591705322266,20.367966999390728,19.620773047903185,20.294170087632168,582300
2024-10-31,20.118900299072266,20.432537591098196,19.602321954335398,19.67611886072638,584900
2024-11-01,19.989757537841797,20.321844519340022,19.980532703971605,20.294170017729453,264200
2024-11-04,19.860612869262695,20.395640903705484,19.703794216436854,19.92518494522796,428400
2024-11-05,19.851388931274414,20.19269899376332,19.639223026542695,20.0727796700541,276800
2024-11-06,19.9713077545166,20.229597823015595,19.279461053370827,19.823713932362075,331800
2024-11-07,20.118900299072266,20.51555933072018,20.02665372621928,20.035878559450282,172100
2024-11-08,19.399383544921875,20.00820854546826,19.168767961094993,20.00820854546826,400700
2024-11-11,19.011947631835938,19.25178802918576,18.71675999185373,19.187214193414672,546200
2024-11-12,18.836679458618164,18.956598778505565,18.467694905744853,18.818229791110216,387100
2024-11-13,19.26101303100586,19.685346625539403,18.799781857510478,18.827456361324828,476000
2024-11-14,19.38093376159668,19.62077417849643,18.984274678241604,19.18721575740727,614100
2024-11-15,18.66141128540039,19.417830064702347,18.66141128540039,19.417830064702347,357800
2024-11-18,18.86435317993164,19.23333771754925,18.69830969813945,18.72598243880011,175400
2024-11-19,18.965824127197266,19.039621039775575,18.642961974870722,18.642961974870722,140300
2024-11-20,18.81822967529297,19.021172497717124,18.55071653590266,18.96582349553392,176300
2024-11-21,18.57839012145996,18.79978086187806,18.237080056445173,18.79978086187806,321400
2024-11-22,18.4953670501709,18.73520744165627,18.310875659421665,18.467694309259905,223000
2024-11-25,18.329326629638672,18.54149253584201,17.98801480532518,18.49536836528224,348000
2024-11-26,17.43453598022461,18.910475915787227,17.36996390495213,18.44001996235718,973900
2024-11-27,17.1946964263916,17.97878972039705,16.493624878778327,17.08400193750682,1062200
2024-11-29,16.761140823364258,17.25004649799522,16.558199741542854,17.185472656115547,389400
2024-12-02,16.41982650756836,16.788812796287935,16.263007862699645,16.770363129960554,497200
2024-12-03,17.213146209716797,17.296167956665364,16.47517708068195,16.613546072443835,422700
2024-12-04,16.77036476135254,17.25004557578489,16.77036476135254,17.25004557578489,408100
2024-12-05,16.871835708618164,17.360739584094393,16.585871139028026,17.065551940156183,730500
2024-12-06,16.825712203979492,16.991755700115483,16.55819905089378,16.908733952047488,403600
2024-12-09,17.286943435668945,17.67437767529257,16.862611618653997,17.065552692949332,345500
2024-12-10,17.13934898376465,17.40686388781439,17.084001739962247,17.222370729196832,187700
2024-12-11,16.5305233001709,17.24081964247075,16.521298466697996,17.203920308579136,326800
2024-12-12,16.622772216796875,16.788815723782573,15.986272693170816,16.60432254725239,409100
2024-12-13,16.57664680480957,16.751915133476544,16.364480899266873,16.659668552101444,611000
2024-12-16,16.013410568237305,16.421271923830876,15.731793027497192,16.285318756040684,463200
2024-12-17,16.023120880126953,16.03283208474529,15.421040085461616,15.760923912100472,392000
2024-12-18,16.10080909729004,16.498959236221094,15.974567138306778,16.02312131047966,491800
2024-12-19,15.751213073730469,16.26589581713253,15.673525287200246,16.256184612288386,393700
2024-12-20,15.673524856567383,16.081386187700726,15.6152594813263,15.75121264096312,345300
2024-12-23,16.547515869140625,16.586358837862768,15.683237125341098,15.741502504535816,267600
2024-12-24,16.809709548950195,16.858265570935473,16.41155942978517,16.58635740448647,231800
2024-12-26,16.625202178955078,16.916530901219744,16.508669578715505,16.712599313856202,205500
2024-12-27,16.343584060668945,16.664046420594886,16.197919688379514,16.664046420594886,260400
2024-12-30,16.22705078125,16.3047404189666,15.99398742476893,16.20763022404376,340800
2024-12-31,16.838844299316406,16.98450867066367,16.227051346545746,16.227051346545746,412900
2025-01-02,17.460346221923828,17.75167681045098,16.906820511612054,16.955374683588445,334600
2025-01-03,16.897109985351562,17.470058128352377,16.702891437423343,17.460346923122515,182600
2025-01-06,16.77086639404297,17.440922819861267,16.67375620339279,17.159305304420858,264900
2025-01-07,17.538034439086914,17.800231419533027,17.198149670237097,17.21757208039377,289300
2025-01-08,17.499191284179688,17.64485565435368,16.994219738835078,17.285548479183067,300200
2025-01-10,18.62566375732422,18.93641488471778,18.334333186225635,18.450865785109634,819100
2025-01-13,19.771560668945312,19.994912818593246,19.2374555280473,19.353988131293942,599500
2025-01-14,19.771560668945312,19.888091419969065,19.295722755782066,19.674450474943594,423200
2025-01-15,19.82982635498047,19.868669321855677,19.353988434365885,19.849248764529534,375100
2025-01-16,18.509132385253906,19.771561239244505,18.509132385253906,19.577340845638894,341400
2025-01-17,18.15953826904297,18.635376195909657,18.052716867342486,18.217803646232802,258600
2025-01-21,17.198148727416992,18.208091773521993,17.101040386403177,18.208091773521993,408200
2025-01-22,17.169017791748047,17.54774552614094,17.071907593840827,17.159306586735028,282900
2025-01-23,17.382658004760742,17.499190607729016,17.110751684872916,17.110751684872916,304900
2025-01-24,16.712600708007812,17.392370252961648,16.557225129542307,17.38265904777968,304200
2025-01-27,16.58635711669922,17.042772602104534,16.4795357224079,16.69317851099054,200300
2025-01-28,16.72231101989746,17.0427733648916,16.547514892628485,16.615491473048014,149000
2025-01-29,17.23699378967285,17.295259165550743,16.712599850103135,16.79999884003142,158900
2025-01-30,17.635143280029297,17.741964675444503,17.178727789821956,17.625432075698566,273400
2025-01-31,17.363235473632812,17.771096802823326,17.198148701050393,17.771096802823326,233700
2025-02-03,17.518613815307617,17.780808942545264,17.101041259623592,17.39237000198674,144800
2025-02-04,18.751907348632812,18.78104096395808,17.20786092863023,17.353527153033593,377900
2025-02-05,18.499420166015625,18.606241561863918,18.188669035063693,18.528553779125936,231700
2025-02-06,18.043004989624023,18.60624188738406,17.897340625969733,18.60624188738406,247800
2025-02-07,17.79051971435547,18.334334217894526,17.673988961137134,18.120693268845628,160800
2025-02-10,17.732254028320312,17.887629598048754,17.38265807031987,17.81965301782042,188400
2025-02-11,17.62543296813965,17.955606523211074,17.53803397696057,17.761387983430954,199800
2025-02-12,17.751676559448242,18.334334023818098,17.644855159943077,17.644855159943077,148800
2025-02-13,17.120460510253906,17.839074810696193,17.003929763095524,17.625432020534443,173800
2025-02-14,16.858266830444336,17.49919155075174,16.76115663144137,17.266128184478408,140800
2025-02-18,16.965085983276367,17.21757175385565,16.761156237167874,16.761156237167874,145400
2025-02-19,16.838844299316406,17.139884247063808,16.673757517863383,17.02335349087519,203600
2025-02-20,16.625202178955078,16.88739728810414,16.48924716997177,16.508669578715505,270200
2025-02-21,16.343584060668945,16.809710792884317,16.32416165043756,16.722311799066063,244000
2025-02-24,16.55722427368164,16.6543344682586,16.032832186522697,16.265895542173663,171700
2025-02-25,16.032833099365234,16.683469032185588,16.00369948366653,16.53780465813808,257200
2025-02-26,16.05225372314453,16.38242725542139,15.993986498232518,16.032831314840525,147600
2025-02-27,15.450173377990723,16.295029690628578,15.43075189410525,16.139654115098875,433500
2025-02-28,15.440462112426758,15.692947884727888,15.236531438816073,15.440462112426758,208900
2025-03-03,15.391907691955566,16.081386563031955,14.925780048590523,15.586126231366428,319200
2025-03-04,15.819190979003906,15.974566546872111,14.984045912545149,15.246241951794886,317100
2025-03-05,15.450173377990723,15.945433719575263,15.323930491344967,15.877457136808887,163700
2025-03-06,15.916299819946289,15.935722229595909,15.586126264794471,15.586126264794471,232700
2025-03-07,16.091096878051758,16.34358263232489,15.984275483337749,15.984275483337749,162700
2025-03-10,15.24624252319336,15.848323334303148,14.974335269233464,15.848323334303148,381400
2025-03-11,14.974334716796875,15.498727721714953,14.615028484363325,15.411328733210034,311400
2025-03-12,15.382196426391602,15.51814958866448,14.770404417829269,15.12971065915417,238700
2025-03-13,15.391907691955566,15.751213008588271,15.226820914733725,15.401617970648086,122800
2025-03-14,16.071674346923828,16.100807959502554,15.411328205699958,15.411328205699958,294000
2025-03-17,16.489248275756836,16.877687215566432,16.12023174599346,16.12023174599346,260100
2025-03-18,16.159074783325195,16.615492160258547,15.945433828567293,16.615492160258547,506900
2025-03-19,16.58635711669922,16.770866292596182,16.16878459598532,16.333871363425168,296500
2025-03-20,16.848554611206055,16.955374156679152,16.168785111323647,16.27560650901962,318100
2025-03-21,16.23676109313965,16.829131582595164,16.120230347418346,16.654333611790403,453900
2025-03-24,16.21734046936035,16.615490577989306,16.032831295144582,16.26589463783791,202300
2025-03-25,16.159074783325195,16.75144532672058,16.09109820009418,16.489248346638398,188300
2025-03-26,16.178497314453125,16.35329530248189,16.071675910163773,16.227051487917564,204400
2025-03-27,16.41156005859375,16.64462341638435,15.479305701319895,15.828900738005794,543500
2025-03-28,16.673757553100586,16.994219911630992,16.217342027988483,16.421271777861026,300200
2025-03-31,16.56693458557129,16.8582651536024,16.042542526671777,16.382427263263338,301500
2025-04-01,16.60577964782715,16.86797660726667,16.557223626325666,16.683467430006694,134100
2025-04-02,16.654335021972656,16.654335021972656,16.207630705178925,16.518381856378557,139700
2025-04-03,15.712369918823242,16.411559989240338,15.62497092849324,16.11052005156084,316000
2025-04-04,13.410866737365723,14.566473204065925,13.177802462255984,14.517918108163421,1275100
2025-04-07,14.4596529006958,14.76069283176189,13.012715841896739,13.080693347388626,1095400
2025-04-08,13.595375061035156,14.760692738187311,13.410866806981565,14.644161063083239,473800
2025-04-09,14.712138175964355,14.935491255936643,13.197225418520903,13.546820456520592,702500
2025-04-10,14.119768142700195,14.488785579026343,13.80901700731457,14.449941687103141,360900
2025-04-11,15.498727798461914,15.51814928149727,14.36254279449465,14.391675482103405,524800
2025-04-14,15.275375366210938,15.547283549032084,15.052023208298724,15.49872845023463,306300
2025-04-15,14.750982284545898,15.32393041088704,14.692716907083922,15.32393041088704,279500
2025-04-16,15.217109680175781,15.362774047504843,14.770404447292142,14.809248340320655,257800
2025-04-17,15.751213073730469,15.780346688262902,15.28508635454913,15.353063862346675,284900
2025-04-21,15.14913272857666,15.71236962677727,15.14913272857666,15.663813604039275,188500
2025-04-22,14.935491561889648,15.634682578323394,14.916069151880512,15.421040698780295,179700
2025-04-23,15.207398414611816,15.459884181343783,14.80924828113296,15.042311638372565,221400
2025-04-24,15.926011085510254,15.955144700095794,15.226821005463712,15.430751677005155,210600
2025-04-25,16.39213752746582,16.547514950396618,15.75121283524004,15.887167848776624,291100
2025-04-28,16.256183624267578,16.508669378200917,16.159073433951242,16.285317237029325,230000
2025-04-29,16.469825744628906,16.605780761729985,16.246473587408286,16.25618479236,190600
2025-04-30,16.23676109313965,16.469824436805062,15.935721172433007,16.256183501500804,255300
2025-05-01,16.26589584350586,16.644623571926896,15.964855901741009,16.392137802238558,211300
2025-05-02,16.57664680480957,16.664045795348557,16.236762047404948,16.498959019021907,222500
2025-05-05,17.10103988647461,17.606009542542044,17.09132868221255,17.236993041697822,462800
2025-05-06,16.94566535949707,17.382658464689012,16.91653174492843,17.062196113325747,288100
2025-05-07,16.809709548950195,17.01364113684266,16.528092030326988,16.838843162141362,311700
2025-05-08,16.693180084228516,17.217572196431913,16.586358679869882,16.926243451010357,180600
2025-05-09,17.033063888549805,17.06219565010461,16.634911909146258,16.819421091959185,173800
2025-05-12,17.178728103637695,17.673988420215224,17.071906706271108,17.479768034498317,283700
2025-05-13,17.60601043701172,17.771097213408318,17.15930613159911,17.178728541109987,293500
2025-05-14,17.683698654174805,17.99445165725996,17.64485568642851,17.64485568642851,294000
2025-05-15,17.673988342285156,17.751676125784794,17.149594414495443,17.48947916188994,142800
2025-05-16,17.92647361755371,18.140116427649055,17.703121454474946,17.722543864887797,323200
2025-05-19,17.780807495117188,18.023582044731327,17.673987952798484,17.83907472062501,158700
2025-05-20,17.635143280029297,17.91676264895199,17.557455497606284,17.91676264895199,143300
2025-05-21,17.402080535888672,17.868207246581953,17.343815160107738,17.67398870990454,212900
2025-05-22,16.7902889251709,17.353525812385644,16.732021699021796,17.266126825384834,268000
2025-05-23,17.411792755126953,17.440924518603452,16.6446242117136,16.6446242117136,244100
2025-05-27,17.751676559448242,17.897340925540707,17.431214213155656,17.703120535935483,190000
2025-05-28,17.363235473632812,17.625432439303044,17.266127132767874,17.625432439303044,208300
2025-05-29,17.304969787597656,17.586589157267674,17.081617644066647,17.343814605023663,178800
2025-05-30,17.635143280029297,17.809941253536785,17.39236872842953,17.47976771518327,221200
2025-06-02,17.518613815307617,17.839076172796272,17.489480200182115,17.722543564517228,138100
2025-06-03,17.343814849853516,17.431213838072935,16.673756557578923,17.23699345264692,373300
2025-06-04,17.576879501342773,17.75167749071291,17.38265910154862,17.411792717184642,423600
2025-06-05,17.557456970214844,17.780809131886517,17.37294777690116,17.780809131886517,206200
2025-06-06,17.23699378967285,17.868207276314884,17.1398835950611,17.722542910508707,223100
2025-06-09,17.062196731567383,17.334104920725004,16.877687537059604,17.236994720867067,398300
2025-06-10,17.120460510253906,17.402079878295183,16.994218558795186,17.304969687514646,428500
2025-06-11,17.654565811157227,17.732253594119143,17.033063547461882,17.033063547461882,392800
2025-06-12,18.013872146606445,18.043005761472738,17.57687903694976,17.664278029325686,399500
2025-06-13,19.072368621826172,19.150056406044946,18.23722540453008,18.683929700732307,595100
2025-06-16,18.344045639038086,19.08208054294219,18.09155986779013,19.06265813310244,402400
2025-06-17,19.946359634399414,20.043467980981944,18.25664699096323,18.45086738857426,1027800
2025-06-18,20.626127243041992,20.752371056675283,19.59676358495881,20.033756699584956,978000
2025-06-20,20.12115478515625,20.69410289263207,19.985201624813815,20.402774162691742,542100
2025-06-23,19.752138137817383,20.800924151673932,19.63560553528982,20.33479744600944,716600
2025-06-24,18.90728187561035,19.421964604427927,18.819882886712595,19.20832366057946,370800
2025-06-25,19.528785705566406,19.820114429314586,18.81988260059289,19.062657154457323,557300
2025-06-26,19.62589454650879,19.90751392525005,19.451098419129927,19.771560764325525,448000
2025-06-27,19.198612213134766,19.674450117656825,19.062657203112135,19.451097972064954,435500
2025-06-30,18.6353759765625,19.19861288869585,18.58681995262338,19.033526111748678,309200
2025-07-01,18.94612693786621,18.984969904419373,18.382890031173595,18.771328957819726,429800
2025-07-02,19.4608097076416,19.528786288396727,19.01410355204336,19.111213746931924,420300
2025-07-03,19.917224884033203,19.92693608858262,19.38311974715235,19.470518735874254,267700
2025-07-07,20.13086700439453,20.470751774603954,19.76185047105655,19.76185047105655,275200
2025-07-08,20.01433563232422,20.35421853986487,19.91722543635992,20.15028879534048,243000
2025-07-09,19.587051391601562,20.09202291620975,19.499652402641573,19.936647347441518,382600
2025-07-10,19.81040382385254,20.237687570195085,19.587051672077784,19.77156085721571,320900
2025-07-11,20.15999984741211,20.19884281416977,19.888091671216834,19.92693649019741,284600
2025-07-14,19.469999313354492,20.149999618530273,19.219999313354492,19.899999618530273,443800
2025-07-15,18.950000762939453,19.5,18.93000030517578,19.219999313354492,327300
2025-07-16,19.1299991607666,19.34000015258789,18.950000762939453,19.0,250700
2025-07-17,19.450000762939453,19.59000015258789,18.920000076293945,18.969999313354492,290700
2025-07-18,19.049999237060547,19.540000915527344,19.0,19.5,232700
2025-07-21,18.889999389648438,19.270000457763672,18.81999969482422,19.1200008392334,213400
2025-07-22,19.399999618530273,19.459999084472656,18.93000030517578,19.030000686645508,311900
2025-07-23,20.059999465942383,20.280000686645508,19.670000076293945,19.8799991607666,349200
2025-07-24,19.790000915527344,20.110000610351562,19.790000915527344,20.100000381469727,219300
2025-07-25,19.399999618530273,19.709999084472656,19.350000381469727,19.360000610351562,175300
2025-07-28,19.799999237060547,19.84000015258789,19.420000076293945,19.649999618530273,265500
2025-07-29,19.940000534057617,19.989999771118164,19.3700008392334,19.709999084472656,293600
2025-07-30,19.739999771118164,20.149999618530273,19.579999923706055,19.8799991607666,161700
2025-07-31,19.299999237060547,19.600000381469727,19.139999389648438,19.350000381469727,165600
2025-08-01,19.450000762939453,19.450000762939453,18.799999237060547,19.219999313354492,260000
2025-08-04,20.049999237060547,20.229999542236328,19.59000015258789,19.790000915527344,174000
2025-08-05,21.059999465942383,21.229999542236328,20.079999923706055,20.09000015258789,424900
2025-08-06,20.899999618530273,21.530000686645508,20.860000610351562,21.239999771118164,426400
2025-08-07,20.540000915527344,21.209999084472656,20.31999969482422,20.950000762939453,252400
2025-08-08,20.270000457763672,21.329999923706055,20.09000015258789,20.989999771118164,214700
2025-08-11,19.770000457763672,20.350000381469727,19.670000076293945,20.190000534057617,181400
2025-08-12,19.93000030517578,20.260000228881836,19.809999465942383,19.809999465942383,198900
2025-08-13,20.420000076293945,20.5,19.8799991607666,19.920000076293945,177300
2025-08-14,19.989999771118164,20.489999771118164,19.969999313354492,20.489999771118164,171900
2025-08-15,20.43000030517578,20.489999771118164,19.93000030517578,20.200000762939453,168600
2025-08-18,20.780000686645508,20.940000534057617,20.200000762939453,20.260000228881836,194600
2025-08-19,19.959999084472656,20.690000534057617,19.850000381469727,20.690000534057617,342300
2025-08-20,20.280000686645508,20.649999618530273,20.079999923706055,20.239999771118164,253800
2025-08-21,21.260000228881836,21.34000015258789,20.309999465942383,20.309999465942383,417700
2025-08-22,21.399999618530273,21.719999313354492,21.239999771118164,21.299999237060547,458500
2025-08-25,21.690000534057617,21.920000076293945,21.350000381469727,21.420000076293945,382200
2025-08-26,21.59000015258789,21.760000228881836,21.350000381469727,21.489999771118164,364900
2025-08-27,21.790000915527344,21.979999542236328,21.459999084472656,21.459999084472656,374500
2025-08-28,21.780000686645508,21.989999771118164,21.670000076293945,21.8799991607666,318600
2025-08-29,22.25,22.31999969482422,21.760000228881836,21.760000228881836,1013000
2025-09-02,21.760000228881836,22.399999618530273,21.40999984741211,22.34000015258789,635200
2025-09-03,21.709999084472656,22.299999237060547,21.459999084472656,21.739999771118164,810100
2025-09-04,21.43000030517578,21.81999969482422,21.270000457763672,21.43000030517578,593600
2025-09-05,22.219999313354492,22.329999923706055,21.270000457763672,21.270000457763672,461500
2025-09-08,22.90999984741211,23.149999618530273,22.5,22.770000457763672,679700
2025-09-09,22.43000030517578,23.030000686645508,22.40999984741211,23.0,525400
2025-09-10,21.510000228881836,22.360000610351562,21.350000381469727,22.020000457763672,706900
2025-09-11,21.899999618530273,21.93000030517578,21.219999313354492,21.239999771118164,623700
2025-09-12,22.290000915527344,22.610000610351562,22.020000457763672,22.030000686645508,536800
2025-09-15,23.34000015258789,23.600000381469727,22.739999771118164,23.270000457763672,534200
2025-09-16,22.93000030517578,23.389999389648438,22.809999465942383,23.350000381469727,302800
2025-09-17,23.260000228881836,23.40999984741211,22.780000686645508,23.0,505000
2025-09-18,23.200000762939453,23.34000015258789,22.760000228881836,23.18000030517578,246500
2025-09-19,22.719999313354492,23.350000381469727,22.709999084472656,23.350000381469727,320900
2025-09-22,22.68000030517578,22.950000762939453,22.549999237060547,22.950000762939453,314000
2025-09-23,23.43000030517578,23.690000534057617,22.889999389648438,22.940000534057617,369200
2025-09-24,23.200000762939453,23.600000381469727,23.170000076293945,23.299999237060547,181100
2025-09-25,22.93000030517578,23.15999984741211,22.829999923706055,23.139999389648438,200600
2025-09-26,22.84000015258789,23.139999389648438,22.709999084472656,22.899999618530273,215900
2025-09-29,22.479999542236328,22.700000762939453,22.229999542236328,22.700000762939453,287600
2025-09-30,22.219999313354492,22.6200008392334,21.969999313354492,22.18000030517578,203400
2025-10-01,22.280000686645508,22.59000015258789,22.15999984741211,22.329999923706055,226100
2025-10-02,21.809999465942383,22.260000228881836,21.68000030517578,22.25,211400
2025-10-03,22.209999084472656,22.229999542236328,21.8700008392334,21.889999389648438,214400
2025-10-06,21.799999237060547,22.34000015258789,21.579999923706055,22.1200008392334,296500
2025-10-07,21.360000610351562,21.65999984741211,21.1200008392334,21.65999984741211,273400
2025-10-08,21.260000228881836,21.389999389648438,20.920000076293945,21.389999389648438,235200
2025-10-09,21.5,21.8700008392334,21.329999923706055,21.329999923706055,207600
2025-10-10,21.040000915527344,21.809999465942383,21.020000457763672,21.489999771118164,301500
2025-10-13,21.270000457763672,21.6299991607666,21.219999313354492,21.3799991607666,296800
2025-10-14,21.139999389648438,21.440000534057617,20.5,20.610000610351562,294400
2025-10-15,21.670000076293945,21.780000686645508,21.309999465942383,21.420000076293945,333800
2025-10-16,21.809999465942383,22.610000610351562,21.65999984741211,21.75,218200
2025-10-17,22.3700008392334,22.68000030517578,21.670000076293945,21.719999313354492,243800
2025-10-20,22.5,22.950000762939453,22.440000534057617,22.489999771118164,184200
2025-10-21,22.190000534057617,22.40999984741211,22.020000457763672,22.360000610351562,266500
2025-10-22,22.989999771118164,23.0,22.15999984741211,22.270000457763672,188100
2025-10-23,23.969999313354492,24.469999313354492,23.579999923706055,23.6200008392334,526500
2025-10-24,23.299999237060547,23.950000762939453,23.260000228881836,23.709999084472656,277300
2025-10-27,23.290000915527344,23.719999313354492,23.040000915527344,23.489999771118164,161300
2025-10-28,23.709999084472656,23.860000610351562,23.18000030517578,23.25,207200
2025-10-29,24.030000686645508,24.25,23.739999771118164,23.899999618530273,227600
2025-10-30,23.8700008392334,24.139999389648438,23.770000457763672,24.139999389648438,202600
2025-10-31,24.3799991607666,24.579999923706055,23.770000457763672,24.06999969482422,231500
2025-11-03,24.290000915527344,24.399999618530273,23.950000762939453,24.280000686645508,151300
2025-11-04,23.739999771118164,23.969999313354492,23.420000076293945,23.760000228881836,168100
2025-11-05,23.93000030517578,23.989999771118164,23.540000915527344,23.719999313354492,157000
2025-11-06,24.440000534057617,24.600000381469727,23.959999084472656,23.959999084472656,224200
2025-11-07,24.649999618530273,24.709999084472656,24.350000381469727,24.3799991607666,197400
2025-11-10,24.989999771118164,25.1200008392334,24.600000381469727,24.65999984741211,273200
2025-11-11,24.850000381469727,25.200000762939453,24.719999313354492,25.18000030517578,170300
2025-11-12,25.290000915527344,25.450000762939453,25.040000915527344,25.040000915527344,193400
2025-11-13,25.40999984741211,25.8700008392334,25.290000915527344,25.34000015258789,353500
2025-11-14,25.459999084472656,25.530000686645508,24.6200008392334,25.079999923706055,164300
2025-11-17,25.389999389648438,25.690000534057617,25.09000015258789,25.229999542236328,280200
2025-11-18,25.530000686645508,25.8799991607666,25.049999237060547,25.350000381469727,376200
2025-11-19,25.239999771118164,25.56999969482422,24.93000030517578,25.139999389648438,348200
2025-11-20,25.020000457763672,26.690000534057617,25.0,26.520000457763672,789500
2025-11-21,24.649999618530273,25.25,23.860000610351562,24.979999542236328,664800
2025-11-24,24.899999618530273,24.940000534057617,23.09000015258789,24.489999771118164,499700
2025-11-25,24.399999618530273,24.979999542236328,24.299999237060547,24.889999389648438,393000
2025-11-26,24.200000762939453,24.639999389648438,24.110000610351562,24.43000030517578,283800
2025-11-28,24.489999771118164,24.729999542236328,24.239999771118164,24.239999771118164,129400
2025-12-01,24.170000076293945,24.68000030517578,24.100000381469727,24.309999465942383,298000
2025-12-02,24.489999771118164,24.559999465942383,23.969999313354492,24.100000381469727,195600
2025-12-03,24.700000762939453,25.030000686645508,24.530000686645508,24.530000686645508,165000
2025-12-04,24.5,24.81999969482422,24.43000030517578,24.809999465942383,149100
2025-12-05,24.739999771118164,24.940000534057617,24.469999313354492,24.59000015258789,167600
2025-12-08,24.600000381469727,25.149999618530273,24.56999969482422,24.75,173200
2025-12-09,24.010000228881836,24.559999465942383,23.93000030517578,24.559999465942383,234400
2025-12-10,23.760000228881836,24.040000915527344,23.469999313354492,24.020000457763672,230300
2025-12-11,23.700000762939453,23.959999084472656,23.479999542236328,23.760000228881836,286000
2025-12-12,23.469999313354492,23.93000030517578,23.329999923706055,23.549999237060547,269100
2025-12-15,23.100000381469727,23.360000610351562,22.81999969482422,23.0,244000
2025-12-16,22.610000610351562,23.049999237060547,22.610000610351562,22.860000610351562,288300
2025-12-17,22.75,23.09000015258789,22.520000457763672,22.90999984741211,225900
2025-12-18,22.1299991607666,22.850000381469727,22.010000228881836,22.850000381469727,278700
2025-12-19,22.030000686645508,22.450000762939453,21.8700008392334,22.049999237060547,325800
2025-12-22,22.450000762939453,22.6200008392334,22.239999771118164,22.239999771118164,253400
2025-12-23,22.209999084472656,22.389999389648438,22.059999465942383,22.329999923706055,302500
2025-12-24,22.229999542236328,22.309999465942383,22.010000228881836,22.309999465942383,81600
2025-12-26,22.5,22.649999618530273,22.0,22.31999969482422,178500
2025-12-29,22.6200008392334,22.670000076293945,22.280000686645508,22.450000762939453,210000
2025-12-30,22.219999313354492,22.760000228881836,22.209999084472656,22.760000228881836,137500
2025-12-31,22.420000076293945,22.510000228881836,22.059999465942383,22.149999618530273,179200
2026-01-02,21.889999389648438,22.18000030517578,21.649999618530273,22.079999923706055,370500
2026-01-05,21.709999084472656,22.510000228881836,21.649999618530273,22.139999389648438,232300
2026-01-06,22.280000686645508,22.719999313354492,21.989999771118164,21.989999771118164,262900
2026-01-07,24.0,24.260000228881836,22.8799991607666,22.8799991607666,538200
2026-01-08,25.09000015258789,25.149999618530273,23.889999389648438,24.600000381469727,807800
2026-01-09,25.149999618530273,25.350000381469727,24.610000610351562,24.920000076293945,426900
2026-01-12,24.860000610351562,25.25,24.780000686645508,25.25,374300
2026-01-13,25.479999542236328,25.700000762939453,25.0,25.0,419200
2026-01-14,26.020000457763672,26.5,25.690000534057617,26.1200008392334,437800
2026-01-15,25.600000381469727,25.829999923706055,25.059999465942383,25.829999923706055,316100
2026-01-16,25.520000457763672,26.049999237060547,25.399999618530273,25.8799991607666,425400
2026-01-20,25.31999969482422,25.729999542236328,25.0,25.639999389648438,219700
2026-01-21,25.700000762939453,25.8700008392334,25.219999313354492,25.520000457763672,228600
2026-01-22,25.15999984741211,25.8799991607666,25.059999465942383,25.75,315900
2026-01-23,25.989999771118164,26.600000381469727,25.68000030517578,25.84000015258789,351400
2026-01-26,26.239999771118164,26.979999542236328,26.1200008392334,26.700000762939453,289900
2026-01-27,26.469999313354492,26.84000015258789,26.209999084472656,26.219999313354492,257700
2026-01-28,27.139999389648438,27.299999237060547,26.600000381469727,26.770000457763672,421500
2026-01-29,27.010000228881836,27.790000915527344,26.670000076293945,27.5,226100
2026-01-30,27.170000076293945,27.700000762939453,26.81999969482422,27.0,382400
2026-02-02,27.049999237060547,27.270000457763672,26.420000076293945,26.450000762939453,178900
2026-02-03,27.260000228881836,27.280000686645508,26.520000457763672,27.100000381469727,241900
2026-02-04,26.31999969482422,27.479999542236328,26.170000076293945,27.290000915527344,241300
2026-02-05,26.100000381469727,26.6299991607666,26.020000457763672,26.149999618530273,196400
2026-02-06,26.989999771118164,26.989999771118164,25.719999313354492,26.1299991607666,228100
2026-02-09,27.309999465942383,27.5,26.989999771118164,27.040000915527344,193200
2026-02-10,27.530000686645508,27.670000076293945,27.149999618530273,27.34000015258789,282100
2026-02-11,27.889999389648438,28.1299991607666,27.260000228881836,27.459999084472656,349400
2026-02-12,27.190000534057617,28.079999923706055,27.040000915527344,27.889999389648438,260800
2026-02-13,28.31999969482422,28.440000534057617,27.149999618530273,27.200000762939453,360100
2026-02-17,28.579999923706055,28.75,27.729999542236328,28.31999969482422,204500
2026-02-18,29.729999542236328,29.889999389648438,29.020000457763672,29.200000762939453,330100
2026-02-19,30.350000381469727,30.719999313354492,29.739999771118164,30.0,369200
2026-02-20,31.149999618530273,31.149999618530273,30.059999465942383,30.360000610351562,442100
2026-02-23,31.790000915527344,31.790000915527344,30.579999923706055,31.100000381469727,309700
2026-02-24,32.81999969482422,32.95000076293945,31.889999389648438,32.63999938964844,712000
2026-02-25,33.11000061035156,34.900001525878906,32.5099983215332,32.779998779296875,592300
2026-02-26,34.43000030517578,34.900001525878906,33.599998474121094,34.11000061035156,1037100
2026-02-27,35.29999923706055,35.619998931884766,34.38999938964844,34.7599983215332,638700
2026-03-02,37.04999923706055,37.61000061035156,36.09000015258789,37.290000915527344,886100
2026-03-03,36.31999969482422,36.77000045776367,35.0,35.81999969482422,726800
2026-03-04,35.970001220703125,36.9900016784668,35.66999816894531,36.209999084472656,615700
2026-03-05,34.95000076293945,35.7400016784668,34.119998931884766,35.650001525878906,624200
2026-03-06,34.75,35.349998474121094,33.75,34.43000030517578,588300
2026-03-09,37.09000015258789,38.04999923706055,35.16999816894531,35.779998779296875,1497200
2026-03-10,37.7599983215332,38.869998931884766,37.09000015258789,37.56999969482422,1206300
2026-03-11,37.15999984741211,38.119998931884766,36.70000076293945,37.61000061035156,1217900
2026-03-12,34.810001373291016,36.68000030517578,34.77000045776367,36.68000030517578,866896
