date,close,high,low,open,volume
2021-03-15,18.524463653564453,18.53316320903058,18.48965879335164,18.498360008404845,37500
2021-03-16,18.49835968017578,18.515762109973405,18.480957250378157,18.50706089507459,56300
2021-03-17,18.61147117614746,18.620172390588788,18.48095627870149,18.50705992202547,119500
2021-03-18,18.49835968017578,18.559266524880414,18.49835968017578,18.524463324872215,47600
2021-03-19,18.48095703125,18.507060675636925,18.446153831654463,18.454853386863075,98500
2021-03-22,18.515762329101562,18.541864314519856,18.4896586840962,18.498359899097988,31400
2021-03-23,18.4200496673584,18.463554080521657,18.4026472382583,18.463554080521657,127300
2021-03-24,18.359142303466797,18.40264671539399,18.359142303466797,18.37654473207245,203200
2021-03-25,18.315637588500977,18.367844878184663,18.298236818193473,18.350442448290103,93600
2021-03-26,18.333038330078125,18.359141972516046,18.30693634722711,18.30693634722711,155900
2021-03-29,18.289535522460938,18.333039937418125,18.280834307552087,18.30693795227863,76400
2021-03-30,18.219928741455078,18.23732951290691,18.202526310416076,18.22862995697458,118000
2021-03-31,18.219928741455078,18.272134374984915,18.219928741455078,18.219928741455078,98200
2021-04-01,18.298236846923828,18.298236846923828,18.24602955715817,18.272133202040997,187000
2021-04-05,18.341737747192383,18.359140173779327,18.298233340311768,18.298233340311768,224100
2021-04-06,18.4200496673584,18.4200496673584,18.367844039645092,18.37654525419514,202800
2021-04-07,18.39394760131836,18.437453677800026,18.367845615016485,18.411350031911027,45900
2021-04-08,18.454853057861328,18.472255487142373,18.428751073526765,18.428751073526765,49200
2021-04-09,18.43745231628418,18.45485308600476,18.41134867232281,18.41134867232281,48000
2021-04-12,18.43745231628418,18.46355430065855,18.43745231628418,18.44615353093797,28000
2021-04-13,18.515762329101562,18.524463544103348,18.463555039090835,18.463555039090835,79600
2021-04-14,18.550565719604492,18.559266934695437,18.515762518827792,18.5331632894226,52000
2021-04-15,18.55926513671875,18.55926513671875,18.5244619393137,18.550563922470754,45500
2021-04-16,18.567968368530273,18.567968368530273,18.55926715333682,18.567968368530273,31800
2021-04-19,18.663679122924805,18.663679122924805,18.62887426392846,18.637575478677547,64400
2021-04-20,18.628875732421875,18.672380150009687,18.620174516986882,18.64627816329186,38800
2021-04-21,18.646276473999023,18.663678903292404,18.58536963105919,18.59407084570588,104700
2021-04-22,18.602771759033203,18.637576620161216,18.59407220333832,18.628875404879214,68800
2021-04-23,18.724586486816406,18.724586486816406,18.637575996495112,18.66367964146762,36300
2021-04-26,18.724586486816406,18.724586486816406,18.681080411862226,18.698482841843898,46500
2021-04-27,18.689781188964844,18.70718361853879,18.68107997417787,18.698482403751818,18400
2021-04-28,18.759389877319336,18.768091092398357,18.654978615545225,18.654978615545225,45900
2021-04-29,18.759389877319336,18.759389877319336,18.724586676590327,18.750688662240314,57600
2021-04-30,18.61147117614746,18.707182875415086,18.61147117614746,18.707182875415086,92800
2021-05-03,18.689781188964844,18.698482403751818,18.65497798940398,18.65497798940398,104400
2021-05-04,18.61147117614746,18.63757481947144,18.602769961706134,18.63757481947144,44800
2021-05-05,18.62017250061035,18.62017250061035,18.60277007162487,18.62017250061035,17700
2021-05-06,18.698482513427734,18.715884943103752,18.65497809882472,18.65497809882472,44000
2021-05-07,18.837697982788086,18.837697982788086,18.74198794204083,18.74198794204083,139000
2021-05-10,18.837697982788086,18.872502840941255,18.828996768249795,18.872502840941255,42000
2021-05-11,18.837697982788086,18.872502840941255,18.837697982788086,18.837697982788086,47000
2021-05-12,18.724586486816406,18.79419454715603,18.707184056834734,18.759389687192687,128800
2021-05-13,18.741987228393555,18.75068678301361,18.698481157358696,18.72458479997961,64000
2021-05-14,18.820295333862305,18.820295333862305,18.794193350139317,18.80289456457597,86300
2021-05-17,18.837697982788086,18.85510041186467,18.81159599876019,18.81159599876019,54400
2021-05-18,18.92470932006836,18.933410534998146,18.889904460349204,18.92470932006836,131700
2021-05-19,18.828998565673828,18.93341149051366,18.820297350304916,18.889905413669087,90600
2021-05-20,18.92470932006836,18.92470932006836,18.881204905006474,18.881204905006474,20500
2021-05-21,18.872501373291016,18.90730456915068,18.837696517844503,18.90730456915068,50700
2021-05-24,18.9160099029541,18.92471111871087,18.889906255683794,18.898607471440563,67000
2021-05-25,18.93341064453125,18.950813074491503,18.907306999590872,18.93341064453125,104200
2021-05-26,18.855100631713867,18.924708689244852,18.855100631713867,18.88990383068586,41400
2021-05-27,18.88120460510254,18.88120460510254,18.855100960727796,18.86380217551938,28700
2021-05-28,18.863801956176758,18.881204385557567,18.794193898240522,18.802895112930926,141000
2021-06-01,18.889902114868164,18.942109397964533,18.889902114868164,18.907304542566955,63400
2021-06-02,18.889902114868164,18.89860332871756,18.855098919057436,18.855098919057436,41600
2021-06-03,18.768091201782227,18.820296832973547,18.750688771522753,18.820296832973547,89600
2021-06-04,18.855100631713867,18.863801846353613,18.82899698779462,18.846399417074117,72900
2021-06-07,18.872501373291016,18.88990214142742,18.84639773170613,18.84639773170613,49100
2021-06-08,18.837697982788086,18.85510041186467,18.837697982788086,18.846399197326377,33400
2021-06-09,18.828998565673828,18.889905413669087,18.828998565673828,18.881205857887313,31900
2021-06-10,18.837697982788086,18.85510041186467,18.81159599876019,18.81159599876019,81700
2021-06-11,18.750686645507812,18.794192716223627,18.628872966677342,18.794192716223627,103800
2021-06-14,18.759389877319336,18.776792307477383,18.741989106748374,18.776792307477383,31500
2021-06-15,18.741987228393555,18.75068678301361,18.733286014186582,18.741987228393555,14400
2021-06-16,18.585369110107422,18.741987650183805,18.576667895704627,18.741987650183805,119300
2021-06-17,18.454853057861328,18.51576156034498,18.428751073526765,18.489657916423415,189600
2021-06-18,18.376544952392578,18.40264693602706,18.359142523578285,18.385244507212768,50400
2021-06-21,18.454853057861328,18.46355427250185,18.428751073526765,18.428751073526765,74900
2021-06-22,18.48965835571289,18.49835957056014,18.411349081674672,18.428751511369175,83000
2021-06-23,18.47225570678711,18.533162550407976,18.454853277299144,18.49835935101906,30400
2021-06-24,18.46355438232422,18.48965802640105,18.454853167631942,18.46355438232422,18700
2021-06-25,18.47225570678711,18.515761780507027,18.454853277299144,18.49835935101906,61600
2021-06-28,18.454853057861328,18.472255487142373,18.446153502807807,18.454853057861328,21600
2021-06-29,18.4200496673584,18.428750881908446,18.385244809158205,18.4026472382583,38800
2021-06-30,18.341737747192383,18.385242154072998,18.333036533898913,18.367841387072797,87300
2021-07-01,18.324337005615234,18.359141861989592,18.30693623701495,18.359141861989592,65600
2021-07-02,18.36784553527832,18.39394752146688,18.315638243726962,18.315638243726962,21700
2021-07-06,18.306936264038086,18.350440674983357,18.289533835825218,18.341739460876923,59100
2021-07-07,18.280832290649414,18.306935932495975,18.254728648802857,18.289533504598268,40600
2021-07-08,18.341737747192383,18.37654260036627,18.333036533898913,18.350438960485853,48300
2021-07-09,18.402647018432617,18.402647018432617,18.36784382023514,18.36784382023514,20800
2021-07-12,18.36784553527832,18.38524630620832,18.35914432001976,18.37654675053688,75300
2021-07-13,18.263431549072266,18.32433839275109,18.246029119567737,18.298236408081323,71500
2021-07-14,18.333038330078125,18.341739544224097,18.324337115932153,18.333038330078125,58500
2021-07-15,18.298236846923828,18.324338832219595,18.28083441700194,18.324338832219595,64800
2021-07-16,18.263431549072266,18.28953519332906,18.263431549072266,18.280833978576794,47600
2021-07-19,18.22863006591797,18.280835699759812,18.22863006591797,18.263433268616804,57800
2021-07-20,18.219928741455078,18.219928741455078,18.167721448338074,18.185123879377077,75900
2021-07-21,18.263431549072266,18.27213276382453,18.20252470539344,18.20252470539344,23400
2021-07-22,18.22863006591797,18.298238130902817,18.22863006591797,18.298238130902817,77300
2021-07-23,18.219928741455078,18.22862995697458,18.202526310416076,18.219928741455078,12300
2021-07-26,18.280832290649414,18.306935932495975,18.246027434854003,18.246027434854003,31000
2021-07-27,18.306936264038086,18.350440674983357,18.289533835825218,18.306936264038086,136400
2021-07-28,18.35044288635254,18.359144101507535,18.272133609544667,18.272133609544667,18900
2021-07-29,18.446155548095703,18.446155548095703,18.402649470069193,18.420051901279795,38200
2021-07-30,18.39394760131836,18.42875246250369,18.367845615016485,18.420051247207358,10900
2021-08-02,18.39394760131836,18.420051247207358,18.385246386022025,18.402648816614693,19000
2021-08-03,18.402647018432617,18.420049447324836,18.3852445895404,18.411348232878726,12100
2021-08-04,18.359142303466797,18.446152786908115,18.350441089163972,18.428750358302466,58400
2021-08-05,18.359142303466797,18.37654473207245,18.350441089163972,18.359142303466797,12200
2021-08-06,18.246028900146484,18.28953497338461,18.237327685498858,18.272132544089363,97700
2021-08-09,18.211227416992188,18.263433050209716,18.211227416992188,18.263433050209716,23400
2021-08-10,18.18511962890625,18.202522055877722,18.176418415420514,18.18511962890625,51700
2021-08-11,18.22863006591797,18.2460308374738,18.21122763477496,18.22863006591797,21300
2021-08-12,18.211227416992188,18.211227416992188,18.185123770589843,18.185123770589843,11500
2021-08-13,18.298236846923828,18.30693806188477,18.237328342197227,18.237328342197227,32600
2021-08-16,18.272130966186523,18.2982346078752,18.272130966186523,18.28083218008275,94800
2021-08-17,18.159021377563477,18.21992822488599,18.159021377563477,18.20252579434038,83600
2021-08-18,18.159021377563477,18.20252579434038,18.141618947017868,18.159021377563477,76200
2021-08-19,18.072011947631836,18.124217582752895,18.072011947631836,18.10681515118347,106000
2021-08-20,18.089412689208984,18.09811224459373,18.06330904429356,18.06330904429356,29200
2021-08-23,18.193822860717773,18.202524075168775,18.141617233598723,18.141617233598723,54600
2021-08-24,18.211227416992188,18.219928632459634,18.19382498605729,18.202526201524737,27300
2021-08-25,18.22863006591797,18.22863006591797,18.185123988060454,18.185123988060454,15500
2021-08-26,18.18511962890625,18.211223269363458,18.176418415420514,18.193820842391986,34200
2021-08-27,18.263431549072266,18.263431549072266,18.159020291219143,18.167719846384387,21400
2021-08-30,18.263431549072266,18.263431549072266,18.237327904815476,18.263431549072266,25600
2021-08-31,18.263431549072266,18.306937622833583,18.246029119567737,18.298236408081323,32800
2021-09-01,18.289535522460938,18.315637507600428,18.289535522460938,18.298236737369784,112000
2021-09-02,18.35044288635254,18.359144101507535,18.306938470164653,18.306938470164653,18000
2021-09-03,18.38524627685547,18.402648707344806,18.367845505953248,18.402648707344806,22100
2021-09-07,18.289535522460938,18.324338722509275,18.280834307552087,18.324338722509275,41800
2021-09-08,18.254730224609375,18.272132654009315,18.219927025396508,18.254730224609375,36900
2021-09-09,18.289535522460938,18.315637507600428,18.27213309264324,18.27213309264324,13600
2021-09-10,18.280832290649414,18.306935932495975,18.27213107670056,18.306935932495975,16400
2021-09-13,18.263431549072266,18.280833978576794,18.25473033432,18.27213276382453,9700
2021-09-14,18.272130966186523,18.324336589977023,18.272130966186523,18.315635376080795,8500
2021-09-15,18.306936264038086,18.306936264038086,18.280832621718783,18.29823504993165,13700
2021-09-16,18.219928741455078,18.22862995697458,18.202526310416076,18.211227525935577,29100
2021-09-17,18.159021377563477,18.211227009613186,18.150320162290672,18.18512336379477,23000
2021-09-20,18.150318145751953,18.159019360058036,18.115513288527627,18.115513288527627,93600
2021-09-21,18.1677188873291,18.1677188873291,18.141616904037228,18.150318118330162,20200
2021-09-22,18.106813430786133,18.18512270582087,18.072010230541284,18.15031950557602,34900
2021-09-23,18.18511962890625,18.193820842391986,18.167717201934778,18.167717201934778,19000
2021-09-24,18.12421417236328,18.141616600658136,18.115512958215856,18.12421417236328,19900
2021-09-27,18.11551284790039,18.13291527608927,18.09811041971151,18.09811041971151,17700
2021-09-28,18.0459041595459,18.06330658712224,18.028501731969552,18.05460537333407,173100
2021-09-29,17.924091339111328,17.993699393144137,17.91539012490886,17.993699393144137,60300
2021-09-30,17.941495895385742,17.976299096736366,17.906691034448006,17.924093464916876,96800
2021-10-01,17.985000610351562,17.99370182573035,17.97629939497277,17.985000610351562,17100
2021-10-04,18.028501510620117,18.054605151664138,18.011100742844253,18.011100742844253,53300
2021-10-05,18.002403259277344,18.019804030658666,17.985000828308863,17.985000828308863,24400
2021-10-06,17.9501953125,17.9501953125,17.915392111417976,17.924093326585258,77400
2021-10-07,17.924091339111328,17.96759575053674,17.924091339111328,17.95019332213181,43200
2021-10-08,17.958894729614258,17.97629715820648,17.94149396060897,17.958894729614258,36700
2021-10-11,17.91539192199707,17.9588963377864,17.91539192199707,17.95019512271112,34700
2021-10-12,17.871885299682617,17.90668849609974,17.871885299682617,17.90668849609974,40600
2021-10-13,17.96759605407715,17.976297268426613,17.91539042756732,17.91539042756732,50700
2021-10-14,17.976299285888672,18.002402931866644,17.976299285888672,17.985000501214664,15000
2021-10-15,18.002403259277344,18.002403259277344,17.976299612824622,17.985000828308863,20100
2021-10-18,17.985000610351562,18.011104256487936,17.97629939497277,17.985000610351562,31500
2021-10-19,18.03720474243164,18.063308386396322,18.019802313121854,18.03720474243164,36000
2021-10-20,18.054607391357422,18.08071103563963,18.03720496183595,18.03720496183595,13500
2021-10-21,18.028501510620117,18.07200757902682,18.019800296938776,18.07200757902682,37700
2021-10-22,18.0459041595459,18.080709014698584,18.028501731969552,18.06330658712224,64000
2021-10-25,18.0111026763916,18.02850344603549,18.00240146177616,18.0111026763916,28600
2021-10-26,17.985000610351562,18.02850502765838,17.967598179593978,18.02850502765838,23600
2021-10-27,18.002403259277344,18.037206461627143,17.993702043793103,18.011104474761584,16000
2021-10-28,18.106813430786133,18.12421586070209,18.037205370709373,18.037205370709373,66600
2021-10-29,17.958894729614258,18.037203998692327,17.924091532016746,18.037203998692327,92300
2021-11-01,18.002403259277344,18.011104474761584,17.95889718185614,17.95889718185614,15100
2021-11-02,17.976299285888672,18.011104147192636,17.95889685523669,18.011104147192636,14500
2021-11-03,18.0111026763916,18.019802231420048,17.93279340443961,17.958895388698945,22100
2021-11-04,17.90669059753418,17.941495457622693,17.89798938251205,17.941495457622693,58600
2021-11-05,17.93279457092285,17.941495786104287,17.87188772423991,17.897989710197113,70700
2021-11-08,17.958894729614258,17.97629715820648,17.932792746312856,17.932792746312856,15300
2021-11-09,17.976299285888672,17.993701716540656,17.95889685523669,17.967598070562683,22300
2021-11-10,17.810977935791016,17.950194049497863,17.802276721235966,17.941494494529795,102600
2021-11-11,17.741369247436523,17.784875318663186,17.741369247436523,17.776174104417855,46200
2021-11-12,17.758771896362305,17.767473110715642,17.715267484182558,17.715267484182558,38400
2021-11-15,17.671762466430664,17.750071740694445,17.66306125155835,17.732669310949817,31100
2021-11-16,17.58475112915039,17.64565963031886,17.58475112915039,17.619555986960943,76800
2021-11-17,17.61955451965332,17.628255733381348,17.57605011060002,17.584749664741217,43100
2021-11-18,17.654361724853516,17.66306128015287,17.610855650421517,17.628258080194314,36200
2021-11-19,17.55864906311035,17.610854689994618,17.55864906311035,17.602153475582746,73700
2021-11-22,17.47163963317871,17.51514404827706,17.46293841824163,17.489042063052874,40700
2021-11-23,17.48904037475586,17.49774158885297,17.46293673246452,17.46293673246452,88600
2021-11-24,17.41943359375,17.428134808482582,17.393329949552246,17.393329949552246,79100
2021-11-26,17.541248321533203,17.567351967279656,17.497743904876234,17.497743904876234,67200
2021-11-29,17.532546997070312,17.532546997070312,17.48034136548973,17.497743795878957,59600
2021-11-30,17.602153778076172,17.663060620418992,17.454236449706332,17.636958636321776,24500
2021-12-01,17.541248321533203,17.61955759918544,17.541248321533203,17.610856383936625,43300
2021-12-02,17.541248321533203,17.593453953438992,17.532547106284387,17.584752738190172,38600
2021-12-03,17.541248321533203,17.567351967279656,17.4803414743786,17.515144675786754,56800
2021-12-06,17.51514434814453,17.51514434814453,17.480341147387414,17.51514434814453,45600
2021-12-07,17.506444931030273,17.506444931030273,17.462938855256116,17.462938855256116,60000
2021-12-08,17.593454360961914,17.60215557641228,17.532547512396505,17.532547512396505,38000
2021-12-09,17.523845672607422,17.549949318028503,17.5064449019138,17.53254688774778,24200
2021-12-10,17.54994773864746,17.558648953004766,17.497742112090563,17.497742112090563,10300
2021-12-13,17.48904037475586,17.53254478565453,17.48904037475586,17.506442802950087,43900
2021-12-14,17.44553565979004,17.515143718388604,17.44553565979004,17.48904173365603,14600
2021-12-15,17.506444931030273,17.506444931030273,17.393330793604562,17.454237640101283,16000
2021-12-16,17.567350387573242,17.57605160203962,17.541246744174103,17.57605160203962,56200
2021-12-17,17.436838150024414,17.558651851964445,17.436838150024414,17.558651851964445,31700
2021-12-20,17.462936401367188,17.49774125709574,17.45423518743505,17.480338829231464,29200
2021-12-21,17.462936401367188,17.471637615299326,17.44553397350291,17.462936401367188,45100
2021-12-22,17.541248321533203,17.54994953678202,17.50644512012505,17.50644512012505,33000
2021-12-23,17.54994773864746,17.558648953004766,17.489040897733258,17.489040897733258,42900
2021-12-27,17.532546997070312,17.54124821226493,17.515144566681084,17.515144566681084,63500
2021-12-28,17.51514434814453,17.532546778316632,17.506444792645567,17.506444792645567,73700
2021-12-29,17.55864906311035,17.584751046759006,17.541246634286612,17.541246634286612,60600
2021-12-30,17.541248321533203,17.55865075203084,17.52384589103557,17.532547106284387,30200
2021-12-31,17.610855102539062,17.628257531770462,17.55864947443185,17.55864947443185,32900
2022-01-03,17.49774169921875,17.54124611039182,17.49774169921875,17.532544896239827,43800
2022-01-04,17.49774169921875,17.54124611039182,17.480339270914758,17.480339270914758,16300
2022-01-05,17.506444931030273,17.567351777526994,17.49774371587544,17.567351777526994,73500
2022-01-06,17.48033905029297,17.541245889001317,17.48033905029297,17.515142246874788,18700
2022-01-07,17.593454360961914,17.593454360961914,17.5586511587476,17.56735237419797,12100
2022-01-10,17.541248321533203,17.55865075203084,17.50644512012505,17.52384589103557,31700
2022-01-11,17.61955451965332,17.61955451965332,17.541245255687915,17.541245255687915,26400
2022-01-12,17.750072479248047,17.750072479248047,17.680464416960294,17.680464416960294,76600
2022-01-13,17.758771896362305,17.793576753775657,17.750070682008964,17.793576753775657,48500
2022-01-14,17.697866439819336,17.750072070435994,17.68916522478538,17.74137085540204,23800
2022-01-18,17.593454360961914,17.636960438213745,17.576053589648335,17.62825922276338,48700
2022-01-19,17.628257751464844,17.636958966188985,17.619556536740703,17.619556536740703,11500
2022-01-20,17.576051712036133,17.636958554094992,17.576051712036133,17.62825733957416,12400
2022-01-21,17.610855102539062,17.628257531770462,17.60215388792336,17.628257531770462,19700
2022-01-24,17.576051712036133,17.576051712036133,17.52384442491113,17.541246853952796,40900
2022-01-25,17.54994773864746,17.54994773864746,17.471638469018643,17.506443326447872,12300
2022-01-26,17.44553565979004,17.541247362708198,17.436836104603866,17.5238449331618,19100
2022-01-27,17.315021514892578,17.349826375508073,17.306320299738704,17.323722730046452,58800
2022-01-28,17.315021514892578,17.3411251603542,17.29761908458483,17.306320299738704,21500
2022-01-31,17.42813491821289,17.43683613300026,17.3498256447136,17.3498256447136,29800
2022-02-01,17.48904037475586,17.49774158885297,17.445534304270293,17.471637946561632,24700
2022-02-02,17.54994773864746,17.558648953004766,17.532545309932846,17.54994773864746,45400
2022-02-03,17.654361724853516,17.671762495039268,17.602154435535116,17.602154435535116,20500
2022-02-04,17.645658493041992,17.65435970693383,17.602152423582798,17.619554851366477,56100
2022-02-07,17.645658493041992,17.65435970693383,17.619554851366477,17.628256065258313,41200
2022-02-08,17.61955451965332,17.61955451965332,17.60215209219727,17.60215209219727,25900
2022-02-09,17.61955451965332,17.6456581608374,17.610853305925296,17.6456581608374,19000
2022-02-10,17.602153778076172,17.689164264103194,17.549948150294753,17.549948150294753,39200
2022-02-11,17.523845672607422,17.593453734143203,17.523845672607422,17.558650533168862,42200
2022-02-14,17.48033905029297,17.49774147837732,17.462936622208616,17.49774147837732,34500
2022-02-15,17.541248321533203,17.54994953678202,17.489042689627418,17.497743904876234,15800
2022-02-16,17.58475112915039,17.60215355805567,17.5499479309268,17.567350359832076,92900
2022-02-17,17.576051712036133,17.593452481490825,17.558649282994466,17.58475126696999,25000
2022-02-18,17.51514434814453,17.558650423574782,17.51514434814453,17.558650423574782,10400
2022-02-22,17.523845672607422,17.549949318028503,17.515144457467063,17.523845672607422,16900
2022-02-23,17.506444931030273,17.541248132062503,17.48904250072061,17.541248132062503,21900
2022-02-24,17.341123580932617,17.367225564429784,17.228009453821738,17.288917954351337,75000
2022-02-25,17.436838150024414,17.436838150024414,17.358528867466617,17.358528867466617,41700
2022-02-28,17.393329620361328,17.419433264065038,17.367225976657622,17.367225976657622,36000
2022-03-01,17.28022003173828,17.33242566826433,17.254116383681627,17.323724452245447,61500
2022-03-02,17.28022003173828,17.288921247757166,17.201910747155573,17.236713951643853,26600
2022-03-03,17.219310760498047,17.23671153050437,17.184505901311336,17.23671153050437,11200
2022-03-04,17.062692642211914,17.0713938572273,17.01048535211959,17.01048535211959,74400
2022-03-07,16.958280563354492,17.027888627345575,16.940878132459932,17.027888627345575,39800
2022-03-08,16.958280563354492,17.036589842792857,16.940878132459932,16.958280563354492,58700
2022-03-09,17.141000747680664,17.175803945779396,17.114897104416396,17.13229953325924,117800
2022-03-10,17.080093383789062,17.11489824379179,17.07139382837545,17.106197028791108,42600
2022-03-11,16.98438262939453,17.08009267123502,16.940876556206128,17.053990686908975,65200
2022-03-14,16.993083953857422,17.04528958243391,16.97568152446959,16.993083953857422,30700
2022-03-15,17.001785278320312,17.053990907233853,16.96698041931994,17.027887262983572,45800
2022-03-16,17.097496032714844,17.123599678051132,16.98438355543178,17.053991616741456,56900
2022-03-17,17.17580223083496,17.210607085045506,17.10619418200066,17.10619418200066,45800
2022-03-18,17.141000747680664,17.14970030251513,17.062691477474818,17.07139269189624,23700
2022-03-21,17.080093383789062,17.14100188879383,17.080093383789062,17.13230067379315,24700
2022-03-22,17.080093383789062,17.106197028791108,17.07139382837545,17.088794598789743,37100
2022-03-23,17.05398941040039,17.071391838373163,16.993082572082564,17.019184554454846,48600
2022-03-24,17.036588668823242,17.062692313366313,17.01048502428017,17.027887453975552,53700
2022-03-25,17.02788734436035,17.06269220352706,17.019186129568673,17.045289773943704,8300
2022-03-28,16.975683212280273,16.993085643398345,16.93217713448509,16.940878350044127,25400
2022-03-29,17.088794708251953,17.158402769116208,17.06269272266978,17.12359956847762,59800
2022-03-30,17.17580223083496,17.210607085045506,17.17580223083496,17.17580223083496,45000
2022-03-31,17.088794708251953,17.175805199229043,17.080093493195537,17.114898353421204,88600
2022-04-01,17.071392059326172,17.071392059326172,17.027885988831148,17.04528841702916,24300
2022-04-04,17.001785278320312,17.01918604823348,16.975681634070032,17.010484833483385,22100
2022-04-05,16.897371292114258,17.0278861859363,16.897371292114258,16.993082988724318,57800
2022-04-06,16.87997055053711,16.914775410814073,16.862568120398628,16.914775410814073,19300
2022-04-07,16.862565994262695,16.914773278095524,16.84516522590529,16.897370850151248,30100
2022-04-08,16.85386848449707,16.862568039937717,16.784260423862364,16.792959979303014,25800
2022-04-11,16.8277645111084,16.845166940824324,16.81036208139247,16.81036208139247,22900
2022-04-12,16.766857147216797,16.83646520433686,16.758155932628416,16.82776398974848,34400
2022-04-13,16.83646583557129,16.845167050485898,16.73205291618304,16.749455346012255,25800
2022-04-14,16.758155822753906,16.77555825181657,16.69724898062156,16.77555825181657,20000
2022-04-18,16.688549041748047,16.72335224294672,16.671146611355155,16.72335224294672,27000
2022-04-19,16.636341094970703,16.697247933282654,16.636341094970703,16.65374186335492,30800
2022-04-20,16.74945640563965,16.766858836569803,16.72335275924442,16.732053974709494,19100
2022-04-21,16.705949783325195,16.80165982163649,16.705949783325195,16.80165982163649,16400
2022-04-22,16.618940353393555,16.662444768148987,16.58413549391957,16.662444768148987,30500
2022-04-25,16.5145263671875,16.54063001010585,16.505825152881382,16.54063001010585,74300
2022-04-26,16.4188175201416,16.4884255800535,16.41011630520423,16.4884255800535,51800
2022-04-27,16.323104858398438,16.340507287252876,16.25349680256764,16.29700121511678,44000
2022-04-28,16.192590713500977,16.21869269840842,16.166487069006497,16.20999148357693,137300
2022-04-29,16.27090072631836,16.323106358091135,16.244797080638417,16.262199511091712,123600
2022-05-02,16.192590713500977,16.23609512807141,16.17518828383799,16.21869269840842,89400
2022-05-03,16.227392196655273,16.279597820534725,16.20129021450898,16.25349583838843,55900
2022-05-04,16.37531089782715,16.38401211247353,16.201291583660527,16.244795997305435,151500
2022-05-05,16.218692779541016,16.27959962407912,16.14908472012789,16.27959962407912,157500
2022-05-06,16.18389129638672,16.244798147385712,16.166488864790658,16.20999328419359,52500
2022-05-09,16.18389129638672,16.21869449999162,16.131685661185756,16.18389129638672,57900
2022-05-10,16.149085998535156,16.192592076354327,16.140384782971324,16.192592076354327,22400
2022-05-11,16.131683349609375,16.236094605049775,16.122982135058177,16.17518776277838,63800
2022-05-12,15.983766555786133,16.079476599875136,15.975065340944035,16.079476599875136,97700
2022-05-13,16.01856803894043,16.04467168066933,15.948959987250218,15.948959987250218,64800
2022-05-16,16.088176727294922,16.096877941548893,16.02726988710405,16.035971101358022,60700
2022-05-17,16.236093521118164,16.244794735088462,16.20129032482384,16.209989879207267,66600
2022-05-18,16.140382766723633,16.236094466382376,16.140382766723633,16.19259005358493,23900
2022-05-19,16.34050941467285,16.357910186205793,16.28830212131251,16.297003336872567,149800
2022-05-20,16.297000885009766,16.323104527762677,16.25349647334184,16.323104527762677,104400
2022-05-23,16.47102165222168,16.47102165222168,16.401413598640282,16.401413598640282,83300
2022-05-24,16.523229598999023,16.531930814367566,16.488426397111983,16.497125952893388,66900
2022-05-25,16.462322235107422,16.479724665299152,16.418817819215185,16.444919804915692,53500
2022-05-26,16.50582504272461,16.514526256972655,16.47102184531935,16.479723059567394,30400
2022-05-27,16.50582504272461,16.54933111396484,16.488424273815443,16.53192868546875,70900
2022-05-31,16.523229598999023,16.523229598999023,16.42751788953217,16.462322751006347,42600
2022-06-01,16.38401222229004,16.488425139159457,16.35790857817593,16.488425139159457,65100
2022-06-02,16.49712562561035,16.5145280560022,16.427517563630072,16.44491999402192,66100
2022-06-03,16.43621826171875,16.488425551251773,16.42751704679658,16.47102312140743,19200
2022-06-06,16.41011619567871,16.453620610488144,16.39271376592012,16.43621818072955,28600
2022-06-07,16.41011619567871,16.44491939560885,16.340508136231396,16.366610121282235,76900
2022-06-08,16.37531089782715,16.436217740764818,16.37531089782715,16.401414541766293,36600
2022-06-09,16.236093521118164,16.366608411498902,16.236093521118164,16.357907197528604,20600
2022-06-10,16.096878051757812,16.15778489236569,16.096878051757812,16.15778489236569,136000
2022-06-13,15.931559562683105,16.018570053133384,15.931559562683105,16.00986883812965,106000
2022-06-14,15.896757125854492,15.957663974219221,15.870653479589402,15.957663974219221,74100
2022-06-15,16.01856803894043,16.027269252850065,15.861949507740736,15.922856345521314,179200
2022-06-16,16.175186157226562,16.21869056607731,16.00986641633745,16.01856763002496,311000
2022-06-17,16.053375244140625,16.0707760149198,15.983767182262621,16.0707760149198,345700
2022-06-21,16.088176727294922,16.13168279856478,16.07077429878698,16.105579155802864,118400
2022-06-22,16.122983932495117,16.16648835051412,16.079477854888946,16.079477854888946,454300
2022-06-23,16.088176727294922,16.13168279856478,16.062073084533008,16.105579155802864,65400
2022-06-24,16.122983932495117,16.157787134992883,16.096880285931416,16.096880285931416,59100
2022-06-27,16.140382766723633,16.209990822951728,16.131683211833717,16.131683211833717,75700
2022-06-28,16.06207275390625,16.096877610205702,16.05337319941828,16.096877610205702,37000
2022-06-29,15.966364860534668,16.01857049240161,15.966364860534666,16.01857049240161,74500
2022-06-30,16.027271270751953,16.044673700762264,15.948961995292633,15.948961995292633,29600
2022-07-01,15.966364860534668,15.983767291019353,15.888055582940693,15.922858784322951,96300
2022-07-05,15.757539749145508,15.76624096387744,15.705332460753919,15.757539749145508,179600
2022-07-06,15.661827087402344,15.69663194419829,15.635723444805382,15.67052830160133,94800
2022-07-07,15.670528411865234,15.69663205464587,15.644424769084598,15.687930840385658,79300
2022-07-08,15.679231643676758,15.696634074436469,15.600922364845202,15.644426782157337,73000
2022-07-11,15.479105949401855,15.548714000625129,15.470404735550591,15.531311572922597,132100
2022-07-12,15.487807273864746,15.540014562939435,15.487807273864746,15.505209703556309,53300
2022-07-13,15.522611618041992,15.600920889467849,15.453003561173118,15.470405990287082,164200
2022-07-14,15.409497261047363,15.453003333190416,15.322488435935174,15.374694062919879,1104000
2022-07-15,15.513908386230469,15.531310813081618,15.453001551838216,15.47910519211494,294900
2022-07-18,15.609621047973633,15.696631528069878,15.600919834005321,15.635723030291697,420000
2022-07-19,15.696633338928223,15.757540184146114,15.696633338928223,15.740137754201841,273500
2022-07-20,15.661827087402344,15.740136355606309,15.618322675994325,15.73143514140732,92700
2022-07-21,15.705334663391113,15.705334663391113,15.61832582304304,15.61832582304304,181700
2022-07-22,15.714034080505371,15.792343355524112,15.687932095223832,15.687932095223832,98700
2022-07-25,15.748838424682617,15.792342838452138,15.731435995340005,15.792342838452138,90500
2022-07-26,15.644425392150879,15.67923025057789,15.635724177544125,15.67923025057789,137100
2022-07-27,15.774941444396973,15.783642659639328,15.600922118311235,15.6618289654206,86500
2022-07-28,15.792342185974121,15.792342185974121,15.705331702443006,15.77493975735051,60700
2022-07-29,15.844549179077148,15.853250394139557,15.722735487377575,15.757540347627213,99000
2022-08-01,15.922856330871582,15.948959972576468,15.896754348753555,15.896754348753555,199800
2022-08-02,15.78364086151123,15.905456201439439,15.78364086151123,15.905456201439439,183200
2022-08-03,15.766239166259766,15.78363993415263,15.696631115927822,15.78363993415263,73600
2022-08-04,15.870652198791504,15.879353413510993,15.757539726612178,15.783641711183629,49300
2022-08-05,15.74013900756836,15.757541438898365,15.696634588830541,15.714035360573352,144800
2022-08-08,15.774941444396973,15.801045090124036,15.748839458257025,15.766241888741733,56000
2022-08-09,15.78364086151123,15.827146932766635,15.766240092595993,15.827146932766635,54800
2022-08-10,15.957663536071777,16.035972813129774,15.931559890523411,15.957663536071777,135600
2022-08-11,15.957663536071777,16.035972813129774,15.94896232088899,16.018570382764196,97600
2022-08-12,15.888053894042969,15.90545632267778,15.861950251090754,15.90545632267778,51800
2022-08-15,15.748838424682617,15.85324968156427,15.74013721001131,15.85324968156427,63900
2022-08-16,15.757539749145508,15.774940519022355,15.71403367548585,15.71403367548585,49700
2022-08-17,15.731435775756836,15.766240633956244,15.696632577144412,15.714033346657134,82600
2022-08-18,15.592220306396484,15.705332781044348,15.583519091487103,15.705332781044348,78400
2022-08-19,15.505208969116211,15.531312612417095,15.479106985402286,15.531312612417095,669100
2022-08-22,15.374692916870117,15.453002181303379,15.357290489310095,15.453002181303379,192500
2022-08-23,15.41819953918457,15.4965088148577,15.357292693569262,15.357292693569262,225100
2022-08-24,15.435602188110352,15.46170583356722,15.348591696174552,15.392097771936,63200
2022-08-25,15.461705207824707,15.470406422624855,15.418199133823968,15.444302778224412,72300
2022-08-26,15.400799751281738,15.566117868617098,15.383397320113643,15.540015881452137,124200
2022-08-29,15.400799751281738,15.435602954030747,15.374696104529596,15.409499307278605,59600
2022-08-30,15.400799751281738,15.435602954030747,15.348592457777453,15.4269017384467,62800
2022-08-31,15.409497261047363,15.453003333190416,15.357291634062658,15.374694062919879,41900
2022-09-01,15.244179725646973,15.322488998794135,15.218076081402243,15.322488998794135,307700
2022-09-02,15.244179725646973,15.36599341294833,15.235478510898728,15.30508656929765,349100
2022-09-06,15.165870666503906,15.209375081271986,15.122364592148783,15.157169451632882,131700
2022-09-07,15.278984069824219,15.278984069824219,15.11366595598228,15.11366595598228,462000
2022-09-08,15.261582374572754,15.270281929859058,15.183273100299669,15.218076300206015,128700
2022-09-09,15.374692916870117,15.383394130650128,15.331188507556897,15.365991703090106,396600
2022-09-12,15.479105949401855,15.513909145220067,15.45300230784806,15.461703521699325,223700
2022-09-13,15.226777076721191,15.348590762267122,15.226777076721191,15.331189992608415,301400
2022-09-14,15.261582374572754,15.313788004225797,15.244179944826058,15.278983144732406,88300
2022-09-15,15.25287914276123,15.287682338065435,15.235476715315714,15.261580356483988,36800
2022-09-16,15.226777076721191,15.278982704871305,15.174571448571077,15.21807586209834,55900
2022-09-19,15.278984069824219,15.278984069824219,15.183274019596555,15.183274019596555,35200
2022-09-20,15.209375381469727,15.235479026598025,15.183273395928504,15.20067416642696,38100
2022-09-21,15.061456680297852,15.148467163254995,15.009251054358336,15.13106473474618,183800
2022-09-22,15.04405689239502,15.08756130691704,15.017953247929587,15.070158877273418,111300
2022-09-23,14.85263442993164,14.939644924095498,14.774325151142882,14.939644924095498,229500
2022-09-26,14.661212921142578,14.765624188254892,14.61770684352314,14.713418554698734,308400
2022-09-27,14.6264066696167,14.696014727608238,14.574201041019798,14.678613957800613,293100
2022-09-28,14.835232734680176,14.852635166293151,14.609007762060397,14.635109749892637,542600
2022-09-29,14.91353988647461,14.91353988647461,14.791726201763218,14.835230614992435,330800
2022-09-30,14.887438774108887,14.930943189885511,14.843932698745178,14.870036343963402,137300
2022-10-03,14.974448204040527,15.000551850301854,14.870036938169523,14.89614058443085,187700
2022-10-04,15.200672149658203,15.209373363546526,15.078858474395412,15.087559688283733,231200
2022-10-05,15.035354614257812,15.070157811496705,14.974446114812647,15.035354614257812,170100
2022-10-06,14.904838562011719,14.99184904741557,14.89613900709961,14.965747063505296,151000
2022-10-07,14.817830085754395,14.896139358506517,14.809128871050047,14.870035714393472,132400
2022-10-10,14.783024787902832,14.826530860132506,14.756921144565029,14.774323573456897,69800
2022-10-11,14.774323463439941,14.887437590807828,14.739520265502328,14.791725892202225,133600
2022-10-12,14.774323463439941,14.791725892202225,14.730819051121186,14.774323463439941,60600
2022-10-13,14.887438774108887,14.92224197481277,14.704716576755478,14.72211900690096,129900
2022-10-14,14.756921768188477,14.852633471551547,14.748222212961863,14.852633471551547,89400
2022-10-17,14.930941581726074,14.957045224132766,14.870034742364028,14.870034742364028,153000
2022-10-18,14.939642906188965,14.974446103401336,14.887437280576952,14.948344120388787,156300
2022-10-19,14.826529502868652,14.870033911528843,14.791724648271051,14.843930270580643,93600
2022-10-20,14.826529502868652,14.922239533838434,14.809127075569853,14.861332697879444,62200
2022-10-21,14.96574592590332,14.983146693991815,14.74822055872209,14.7917249683236,156100
2022-10-24,14.957045555114746,14.974446324184031,14.904838269146076,14.913539483474187,87500
2022-10-25,15.122365951538086,15.131067167191286,15.05275788589968,15.05275788589968,373900
2022-10-26,15.29638671875,15.305087934274257,15.183274236109005,15.191973792046094,760500
2022-10-27,15.165870666503906,15.261582370498134,15.157169451632882,15.21807629614301,195100
2022-10-28,15.13976764678955,15.16587129248006,15.096263230225812,15.15717007724989,117000
2022-10-31,15.009252548217773,15.061458179353277,15.009252548217773,15.061458179353277,98100
2022-11-01,15.017951965332031,15.148466857338596,14.991848323095962,15.148466857338596,77300
2022-11-02,14.948344230651855,15.191971591696257,14.948344230651854,15.044055927968971,133700
2022-11-03,14.817830085754395,14.887438143802168,14.809128871050047,14.826531300458743,166500
2022-11-04,15.122365951538086,15.139768382844485,14.965749048542067,14.991851035914474,502200
2022-11-07,15.226777076721191,15.252880720589745,15.165870233948226,15.209374647475487,381900
2022-11-08,15.287683486938477,15.34859032798812,15.200673002758865,15.23547786026549,234300
2022-11-09,15.191972732543945,15.287684437048574,15.165870747378722,15.2441800220485,71600
2022-11-10,15.54001522064209,15.548716435856134,15.418199867232577,15.44430351287471,377700
2022-11-11,15.78364086151123,15.792342075762312,15.644424752667785,15.69663203817427,1081100
2022-11-14,15.696633338928223,15.740137754201841,15.653127264067543,15.679230908983952,408600
2022-11-15,15.766239166259766,15.835847216591707,15.661826260968438,15.835847216591707,382900
2022-11-16,15.78364086151123,15.809744504264472,15.740136449842751,15.792342075762312,254800
2022-11-17,15.714034080505371,15.731436510417772,15.653127235399031,15.670529665311431,987200
2022-11-18,15.670528411865234,15.740136466360001,15.670528411865234,15.73143525209979,164200
2022-11-21,15.54871654510498,15.609623392444128,15.531314114554618,15.609623392444128,225600
2022-11-22,15.661827087402344,15.661827087402344,15.60092024759635,15.609621461795339,161000
2022-11-23,15.81844711303711,15.81844711303711,15.687932206938822,15.687932206938822,190000
2022-11-25,15.8271484375,15.83584965257833,15.766241591538765,15.766241591538765,124600
2022-11-28,15.705334663391113,15.853252015404987,15.705334663391113,15.835851243087722,148200
2022-11-29,15.714034080505371,15.766241370242573,15.696633310180031,15.722735295461572,124600
2022-11-30,15.853249549865723,15.870651979063766,15.67052902204725,15.75753950845047,273600
2022-12-01,16.01856803894043,16.01856803894043,15.948959987250218,16.001165611121163,492600
2022-12-02,16.027271270751953,16.053374915767417,15.931559565282326,15.966364425302942,617400
2022-12-05,15.931559562683105,16.05337491314832,15.90545757725897,16.05337491314832,135500
2022-12-06,15.90545654296875,15.975064598885128,15.888054114092915,15.948960955571376,102100
2022-12-07,15.957663536071777,15.983767181620145,15.931559890523411,15.94896232088899,81500
2022-12-08,16.00986671447754,16.00986671447754,15.957661090967092,15.98376473251574,97600
2022-12-09,15.975065231323242,16.04467328999534,15.966364016540851,16.018569645648167,61400
2022-12-12,15.966364860534668,16.01857049240161,15.940261214807638,16.009869277159268,69500
2022-12-13,16.122983932495117,16.183890781556585,16.105581501452647,16.175189566035353,261400
2022-12-14,16.27090072631836,16.27090072631836,16.088178525732978,16.149085372732404,1091100
2022-12-15,16.035972595214844,16.192591147202524,15.99246651989211,16.192591147202524,310300
2022-12-16,16.00116729736328,16.07077535638896,16.00116729736328,16.01856972701646,447300
2022-12-19,16.01694107055664,16.06075041429242,15.981892258592545,16.008178867565615,207500
2022-12-20,16.13084602355957,16.16589483477744,16.087036680756533,16.095798883561002,421200
2022-12-21,16.10455894470215,16.13960775489618,16.069511805727373,16.130845552347672,143200
2022-12-22,16.06951141357422,16.0782736159089,16.034462604235504,16.06951141357422,117500
2022-12-23,16.0870361328125,16.095798335318516,16.043225120282415,16.051987322788435,82300
2022-12-27,16.11332130432129,16.13084570958913,16.078274165004878,16.078274165004878,107200
2022-12-28,16.034461975097656,16.148368929759947,16.034461975097656,16.122082323787307,188100
2022-12-29,16.13960838317871,16.16589499184752,16.1045595716203,16.113321774509902,291900
2022-12-30,16.20970344543457,16.22722785025198,16.139607497384162,16.148369699792866,215500
2023-01-03,16.04322624206543,16.113322195795604,16.008179100810025,16.10455999267691,426300
2023-01-04,16.09579849243164,16.14837003676165,16.06074968206546,16.14837003676165,159500
2023-01-05,15.95560359954834,15.990652407009156,15.92931866517185,15.990652407009156,172600
2023-01-06,16.13960838317871,16.16589499184752,15.9205583245966,15.938082730375806,170400
2023-01-09,16.279800415039062,16.306087023914653,16.24475327442427,16.24475327442427,123200
2023-01-10,16.25351333618164,16.288562147002303,16.22722839928543,16.27979994429714,130100
2023-01-11,16.271038055419922,16.279800258294088,16.23599091514257,16.262275852545756,113800
2023-01-12,16.428752899169922,16.44627730335497,16.271036603942825,16.349894751556374,517800
2023-01-13,16.446277618408203,16.446277618408203,16.38494387380476,16.40246660710632,112100
2023-01-17,16.411230087280273,16.48132603960234,16.38494514967158,16.472563836659667,144100
2023-01-18,16.411230087280273,16.533899257258387,16.4024678843376,16.533899257258387,176100
2023-01-19,16.446277618408203,16.472562553970135,16.411228809366694,16.446277618408203,125600
2023-01-20,16.481325149536133,16.481325149536133,16.384944264810375,16.411229200999564,90800
2023-01-23,16.481325149536133,16.481325149536133,16.43751580840799,16.446278010877467,199800
2023-01-24,16.49008560180664,16.498847803346127,16.402465257630833,16.46380066840724,104900
2023-01-25,16.533899307250977,16.54265983900081,16.472563886466798,16.490088292405133,305000
2023-01-26,16.498849868774414,16.53389867931999,16.455040526811715,16.53389867931999,268500
2023-01-27,16.481325149536133,16.498849554475083,16.446278010877467,16.472562947066656,85100
2023-01-30,16.41999053955078,16.498848686407797,16.41999053955078,16.481324282390872,329300
2023-01-31,16.472564697265625,16.472564697265625,16.41123094468186,16.455041961684135,197900
2023-02-01,16.630279541015625,16.630279541015625,16.463802704830876,16.525136451974653,245400
2023-02-02,16.516374588012695,16.60399494482297,16.49008797960382,16.60399494482297,309500
2023-02-03,16.30608558654785,16.41999087252944,16.30608558654785,16.37618153281787,348100
2023-02-06,16.22722816467285,16.271037506346,16.200941556937405,16.244752569829817,600100
2023-02-07,16.271038055419922,16.323609601445604,16.174655495023405,16.18341769789757,173100
2023-02-08,16.244752883911133,16.288562226431306,16.244752883911133,16.288562226431306,287200
2023-02-09,16.288562774658203,16.3849453369097,16.2798005716154,16.3849453369097,110400
2023-02-10,16.22722816467285,16.288561911502967,16.21846596209437,16.25351310118904,465200
2023-02-13,16.279800415039062,16.297324820956124,16.21846666554868,16.21846666554868,75900
2023-02-14,16.30608558654785,16.34113272407327,16.253512373430947,16.30608558654785,272900
2023-02-15,16.20970344543457,16.20970344543457,16.157131902201574,16.200941243025866,195100
2023-02-16,16.165895462036133,16.20970480653903,16.139608852602773,16.139608852602773,318100
2023-02-17,16.192180633544922,16.20970504008632,16.113322475328033,16.113322475328033,149000
2023-02-21,16.157133102416992,16.218466852614807,16.1396086962978,16.165895305476585,62100
2023-02-22,16.10455894470215,16.174654893870958,16.07827400827588,16.165894362541703,194000
2023-02-23,16.10455894470215,16.130845552347672,16.060749603178863,16.130845552347672,524100
2023-02-24,15.999415397644043,16.008177599941224,15.973128790752504,15.973128790752504,244500
2023-02-27,16.078275680541992,16.095800087461683,16.034464663242765,16.034464663242765,50900
2023-02-28,16.034461975097656,16.130844525778187,16.034461975097656,16.069510783061176,127600
2023-03-01,16.11332130432129,16.148370114856974,16.0870363676388,16.104559101687368,71700
2023-03-02,16.051986694335938,16.069511098661874,16.01693955690325,16.04322449217297,100000
2023-03-03,16.11332130432129,16.12208350695521,16.051987557103114,16.09579857027272,56400
2023-03-06,16.157133102416992,16.17465583731683,16.113322087119016,16.113322087119016,103100
2023-03-07,15.938081741333008,16.11332077459259,15.938081741333008,16.11332077459259,126300
2023-03-08,15.903032302856445,15.981890449630507,15.903032302856445,15.981890449630507,301200
2023-03-09,15.990653038024902,16.016939644657825,15.964366431391982,15.964366431391982,94300
2023-03-10,16.0870361328125,16.192179220446207,16.0870361328125,16.104558866605288,101400
2023-03-13,16.25351333618164,16.27979994429714,16.2097039938751,16.22722839928543,339300
2023-03-14,16.279800415039062,16.279800415039062,16.21846666554868,16.27103821208053,167300
2023-03-15,16.078275680541992,16.113322823161944,16.04322686670261,16.04322686670261,145600
2023-03-16,16.14836883544922,16.157131037388925,16.078272891150707,16.078272891150707,122100
2023-03-17,16.22722816467285,16.25351310118904,16.16589441784274,16.183417151780443,253000
2023-03-20,16.33237075805664,16.33237075805664,16.297323620024436,16.314848024650143,124800
2023-03-21,16.34113311767578,16.39370466083977,16.323608712881377,16.39370466083977,330400
2023-03-22,16.472564697265625,16.52513791766835,16.332372785297192,16.367421598899007,185300
2023-03-23,16.437517166137695,16.51637532365738,16.428754962944467,16.48132651088446,203800
2023-03-24,16.349897384643555,16.36742179165084,16.34113518113991,16.358659588147198,152000
2023-03-27,16.393705368041992,16.411229773592375,16.376182633710904,16.393705368041992,92700
2023-03-28,16.49008560180664,16.49008560180664,16.437514063788782,16.455038466867755,155500
2023-03-29,16.437517166137695,16.455041572524152,16.411230556558007,16.428754962944467,59000
2023-03-30,16.507612228393555,16.533898836552716,16.498850025673836,16.533898836552716,85800
2023-03-31,16.446277618408203,16.507611363011645,16.446277618408203,16.490086958490892,229600
2023-04-03,16.542659759521484,16.551421962448554,16.455041072689433,16.455041072689433,192600
2023-04-04,16.621519088745117,16.630281292291127,16.542660928050484,16.551423131596493,241500
2023-04-05,16.560184478759766,16.639042635376377,16.52513733760758,16.61275602609772,207400
2023-04-06,16.560184478759766,16.595233291131308,16.516375134514693,16.52513733760758,235200
2023-04-10,16.472564697265625,16.48132690066608,16.42875535148277,16.48132690066608,248700
2023-04-11,16.542659759521484,16.551421962448554,16.516374821959598,16.52513702488667,66100
2023-04-12,16.639041900634766,16.647804103340732,16.603994761030183,16.6302796979288,195900
2023-04-13,16.726661682128906,16.744186086939102,16.70913727731871,16.70913727731871,222600
2023-04-14,16.630279541015625,16.691613288159402,16.603994604365017,16.691613288159402,249700
2023-04-17,16.551420211791992,16.577706817792848,16.525135277010286,16.568944615792564,141100
2023-04-18,16.61275291442871,16.61275291442871,16.577705779841065,16.595230182744412,91200
2023-04-19,16.568944931030273,16.61275427064606,16.568944931030273,16.603993739698247,48300
2023-04-20,16.577707290649414,16.621516630681292,16.560182886148983,16.560182886148983,43900
2023-04-21,16.61275291442871,16.621515115880385,16.55141917548605,16.61275291442871,31700
2023-04-24,16.68285369873047,16.68285369873047,16.63028048002224,16.66532929249439,57900
2023-04-25,16.595232009887695,16.639041350750443,16.577707605054904,16.639041350750443,100400
2023-04-26,16.665328979492188,16.726662728947144,16.647804573585248,16.726662728947144,240600
2023-04-27,16.665328979492188,16.665328979492188,16.603995230037228,16.621517964724838,187600
2023-04-28,16.647802352905273,16.665326756474602,16.586468611631734,16.612753545766616,119500
2023-05-01,16.542659759521484,16.647804523427,16.542659759521484,16.647804523427,172900
2023-05-02,16.595232009887695,16.60399421230409,16.51637385935937,16.542658795389325,157300
2023-05-03,16.691612243652344,16.72666105195227,16.647802904496597,16.674089510721544,291100
2023-05-04,16.665328979492188,16.700376120086734,16.647804573585248,16.682853385399127,253600
2023-05-05,16.647802352905273,16.71789829596348,16.63904015112061,16.647802352905273,190300
2023-05-08,16.656566619873047,16.735424774493232,16.656566619873047,16.726662571622178,96100
2023-05-09,16.639041900634766,16.6565663060467,16.612755292516866,16.621517495222832,99300
2023-05-10,16.674089431762695,16.691612164610518,16.64780282566223,16.682851633796183,71700
2023-05-11,16.568944931030273,16.61275427064606,16.560182728863282,16.61275427064606,226900
2023-05-12,16.472564697265625,16.56018506005075,16.472564697265625,16.56018506005075,294200
2023-05-15,16.525135040283203,16.533897242157966,16.49884843465891,16.49884843465891,132000
2023-05-16,16.481325149536133,16.542658895603225,16.481325149536133,16.49008735200561,200700
2023-05-17,16.463802337646484,16.472562868855125,16.41999132550712,16.45504013521861,108600
2023-05-18,16.34113311767578,16.384944129661793,16.33237091527858,16.37618192726459,220400
2023-05-19,16.411230087280273,16.428754493165624,16.358658540843557,16.358658540843557,83200
2023-05-22,16.402467727661133,16.428754336238065,16.376182790303513,16.428754336238065,91900
2023-05-23,16.358657836914062,16.384944444610948,16.341133431782808,16.358657836914062,141000
2023-05-24,16.30608558654785,16.384943735004022,16.28856118217555,16.384943735004022,132800
2023-05-25,16.235990524291992,16.27103766372565,16.227228321628758,16.27103766372565,168600
2023-05-26,16.271038055419922,16.271038055419922,16.218466509394236,16.23599091514257,265500
2023-05-30,16.271038055419922,16.288562461168254,16.262275852545756,16.279800258294088,154800
2023-05-31,16.25351333618164,16.262275538886808,16.1834173857596,16.22722839928543,141700
2023-06-01,16.314849853515625,16.376183605361796,16.297325446925463,16.297325446925463,101500
2023-06-02,16.29732322692871,16.384943576724613,16.288561024827203,16.349894768318585,64900
2023-06-05,16.29732322692871,16.314847631131723,16.23598948343733,16.23598948343733,88500
2023-06-06,16.26227378845215,16.288560393738212,16.24475105614721,16.24475105614721,119100
2023-06-07,16.30608558654785,16.349894926259417,16.279798979989398,16.314847788734003,45000
2023-06-08,16.402467727661133,16.41122993052011,16.33237177600862,16.33237177600862,71000
2023-06-09,16.367420196533203,16.402467335912753,16.367420196533203,16.384944601832615,52700
2023-06-12,16.376182556152344,16.39370529040044,16.349895947951264,16.39370529040044,47300
2023-06-13,16.411230087280273,16.46380330493632,16.4024678843376,16.428754493165624,53500
2023-06-14,16.481325149536133,16.525136161883513,16.428753605938518,16.481325149536133,131400
2023-06-15,16.595232009887695,16.62151694591765,16.507611656942974,16.52513606177576,110000
2023-06-16,16.577707290649414,16.621516630681292,16.55142068389877,16.60399389740006,138900
2023-06-20,16.551420211791992,16.560182413792276,16.507610873009714,16.525135277010286,46100
2023-06-21,16.630279541015625,16.630279541015625,16.51637424935136,16.525136451974653,52200
2023-06-22,16.586469650268555,16.61275458604939,16.551420840935158,16.595231852601906,95400
2023-06-23,16.472564697265625,16.50761351086744,16.472564697265625,16.49885130746699,114400
2023-06-26,16.507612228393555,16.525136633832993,16.490087822954116,16.490087822954116,59200
2023-06-27,16.560184478759766,16.586471088038422,16.533899540700464,16.56894668185265,160700
2023-06-28,16.481325149536133,16.50761175694456,16.446278010877467,16.50761175694456,55500
2023-06-29,16.402467727661133,16.44627874195602,16.402467727661133,16.402467727661133,101600
2023-06-30,16.481325149536133,16.498849554475083,16.46380241581642,16.46380241581642,40200
2023-07-03,16.49008560180664,16.507610004885617,16.455038466867755,16.455038466867755,9400
2023-07-05,16.428752899169922,16.4813244405059,16.428752899169922,16.472562238413374,21900
2023-07-06,16.463802337646484,16.472562868855125,16.384944187014856,16.45504013521861,27300
2023-07-07,16.595232009887695,16.62151694591765,16.490087252110182,16.490087252110182,81900
2023-07-10,16.656566619873047,16.67409102561516,16.586470668123916,16.586470668123916,116500
2023-07-11,16.726661682128906,16.726661682128906,16.665327936512448,16.691612872508514,42200
2023-07-12,16.89314079284668,16.919425729787925,16.81428263958437,16.81428263958437,136100
2023-07-13,17.05085563659668,17.05085563659668,16.971999153589646,16.989521888024928,211600
2023-07-14,17.01580810546875,17.042094713346543,17.00704590284282,17.02457030809468,102300
2023-07-17,17.04209327697754,17.04209327697754,16.98075786376559,17.015806671315275,133800
2023-07-18,17.02457046508789,17.059617604695536,17.007046059674426,17.059617604695536,169200
2023-07-19,16.9544734954834,16.989520632984284,16.928186888943348,16.945711293303383,95600
2023-07-20,16.86685562133789,16.945713781317025,16.849331214404877,16.945713781317025,148100
2023-07-21,16.823043823242188,16.849328758591213,16.814281621052785,16.823043823242188,125500
2023-07-24,16.761709213256836,16.814282428919213,16.761709213256836,16.787995821088025,105700
2023-07-25,16.779233932495117,16.796758338043873,16.72666238706815,16.735424589842527,43500
2023-07-26,16.840566635131836,16.85809103959257,16.796757295199196,16.823043901890294,60400
2023-07-27,16.700376510620117,16.752949729570346,16.700376510620117,16.744187526411974,207600
2023-07-28,16.752948760986328,16.77923369772239,16.70913774772744,16.70913774772744,92600
2023-07-31,16.700376510620117,16.752949729570346,16.700376510620117,16.700376510620117,78100
2023-08-01,16.639041900634766,16.6565663060467,16.612755292516866,16.647804103340732,79800
2023-08-02,16.595232009887695,16.639041350750443,16.55142099780572,16.639041350750443,69000
2023-08-03,16.603994369506836,16.6215171032863,16.54265895201136,16.54265895201136,48000
2023-08-04,16.691612243652344,16.735423254027253,16.674089510721544,16.674089510721544,94800
2023-08-07,16.68285369873047,16.700376433747184,16.66532929249439,16.68285369873047,15800
2023-08-08,16.621519088745117,16.621519088745117,16.568947538688512,16.612756885199108,93600
2023-08-09,16.630279541015625,16.647803946262208,16.61275513576904,16.630279541015625,67700
2023-08-10,16.586469650268555,16.682852204716184,16.586469650268555,16.665327800049486,38100
2023-08-11,16.525135040283203,16.603993185936957,16.525135040283203,16.560182176563135,33100
2023-08-14,16.498849868774414,16.551421413373507,16.46380272944811,16.472563260865233,89600
2023-08-15,16.516374588012695,16.577708336414094,16.49008797960382,16.577708336414094,23300
2023-08-16,16.463802337646484,16.525136083422364,16.44627793279074,16.481325071283,26300
2023-08-17,16.472564697265625,16.52513791766835,16.437517554883225,16.52513791766835,40000
2023-08-18,16.481325149536133,16.49008735200561,16.446278010877467,16.446278010877467,36500
2023-08-21,16.49008560180664,16.507610004885617,16.46380066840724,16.481323400267154,48100
2023-08-22,16.455039978027344,16.490087116184807,16.437515573339006,16.490087116184807,74500
2023-08-23,16.481325149536133,16.498849554475083,16.411229200999564,16.428753605938518,74400
2023-08-24,16.393705368041992,16.446278584693143,16.376182633710904,16.437516381917952,46400
2023-08-25,16.34113311767578,16.419991268031378,16.323608712881377,16.37618192726459,107000
2023-08-28,16.393705368041992,16.393705368041992,16.367420430935713,16.376182633710904,45500
2023-08-29,16.472564697265625,16.49885130746699,16.323610581896737,16.3498971920981,102300
2023-08-30,16.525135040283203,16.568944378437898,16.51637283840844,16.542657772813605,82300
2023-08-31,16.446277618408203,16.490086958490892,16.437515416147825,16.490086958490892,103000
2023-09-01,16.349897384643555,16.507613705270252,16.34113518113991,16.507613705270252,67100
2023-09-05,16.26227378845215,16.323607529567195,16.253511586690127,16.323607529567195,98700
2023-09-06,16.25351333618164,16.29732434970747,16.235990601990594,16.25351333618164,85200
2023-09-07,16.22722816467285,16.25351310118904,16.21846596209437,16.244752569829817,73800
2023-09-08,16.22722816467285,16.297324114081448,16.22722816467285,16.26227530376752,52400
2023-09-11,16.3236083984375,16.34113280289433,16.288561260743034,16.288561260743034,282700
2023-09-12,16.29732322692871,16.30608542903022,16.27103662062419,16.288561024827203,18500
2023-09-13,16.279800415039062,16.323609758612385,16.279800415039062,16.297324820956124,34500
2023-09-14,16.20094108581543,16.253512628538285,16.174654478844396,16.253512628538285,31900
2023-09-15,16.20094108581543,16.23598989511014,16.19217888349175,16.227227692786464,25000
2023-09-18,16.22722816467285,16.244752569829817,16.192179354358924,16.192179354358924,77600
2023-09-19,16.22722816467285,16.25351310118904,16.21846596209437,16.235990367251333,79800
2023-09-20,16.18341636657715,16.306085525504848,16.18341636657715,16.271036716891455,94100
2023-09-21,16.20094108581543,16.218465490462783,16.165893947739928,16.165893947739928,49700
2023-09-22,16.174654006958008,16.20970281523019,16.165893476109126,16.20970281523019,23100
2023-09-25,16.11332130432129,16.139607912223052,16.0870363676388,16.12208350695521,273600
2023-09-26,16.078275680541992,16.113322823161944,16.0607512736223,16.095800087461683,179000
2023-09-27,15.973130226135254,16.0344639765079,15.973130226135254,16.0344639765079,122700
2023-09-28,16.078275680541992,16.1045606197021,16.025704131002346,16.025704131002346,53700
2023-09-29,16.09579849243164,16.14837003676165,16.07827408724855,16.139607834170107,73700
2023-10-02,15.973130226135254,16.060750585761614,15.973130226135254,16.060750585761614,95300
2023-10-03,15.973130226135254,15.981892429219826,15.911796475762609,15.938083085016324,79200
2023-10-04,16.01694107055664,16.03446380531935,15.964367852610497,16.03446380531935,87800
2023-10-05,16.078275680541992,16.078275680541992,16.016941927542504,16.025704131002346,52600
2023-10-06,16.12208366394043,16.139608069378912,16.008178371028876,16.03446330796731,82200
2023-10-09,16.11332130432129,16.13084570958913,16.069511962370957,16.069511962370957,62700
2023-10-10,16.18341636657715,16.18341636657715,16.122082622722886,16.148369229182933,103700
2023-10-11,16.165895462036133,16.20970480653903,16.13084664945832,16.200942603394576,85100
2023-10-12,16.04322624206543,16.122084398914296,16.034464038946737,16.113322195795604,108900
2023-10-13,16.034461975097656,16.051986379079416,16.016939242335045,16.051986379079416,52700
2023-10-16,16.09579849243164,16.11332122639547,16.06074968206546,16.07827408724855,21700
2023-10-17,16.12208366394043,16.139608069378912,16.04322551068655,16.10455925850195,53300
2023-10-18,16.034461975097656,16.095797389033816,16.034461975097656,16.095797389033816,36000
2023-10-19,16.11332130432129,16.139607912223052,16.078274165004878,16.078274165004878,31000
2023-10-20,16.10455894470215,16.130845552347672,16.095798413372897,16.095798413372897,20900
2023-10-23,16.21846580505371,16.22722800754735,16.113321046349284,16.122083248842927,42500
2023-10-24,16.12208366394043,16.174655209036587,16.10455925850195,16.174655209036587,35900
2023-10-25,16.078275680541992,16.113322823161944,16.0607512736223,16.113322823161944,26400
2023-10-26,16.034461975097656,16.060748581070296,16.008177040344165,16.051986379079416,46300
2023-10-27,16.0870361328125,16.113321069111304,16.06074952529445,16.078273930306484,20600
2023-10-30,16.14836883544922,16.157131037388925,16.1220822296301,16.139606633509512,41500
2023-10-31,16.078275680541992,16.12208502662179,16.034464663242765,16.1045606197021,60600
2023-11-01,16.04322624206543,16.087037257658892,15.99065469457264,16.008179100810025,43000
2023-11-02,16.13960838317871,16.183417726407406,16.130846180289108,16.148370586068314,25900
2023-11-03,16.3236083984375,16.332370600665914,16.26227465405779,16.29732346297145,89400
2023-11-06,16.288562774658203,16.34113432169568,16.288562774658203,16.314849383786616,176000
2023-11-07,16.26227378845215,16.27103599021417,16.218464450861145,16.253511586690127,79400
2023-11-08,16.244752883911133,16.271037820935522,16.218466275667453,16.218466275667453,73200
2023-11-09,16.192180633544922,16.27980099503251,16.183418430274223,16.262276588491115,74200
2023-11-10,16.20970344543457,16.218465647843274,16.192179040617162,16.200941243025866,49100
2023-11-13,16.235990524291992,16.25351325839918,16.209703916302292,16.209703916302292,50900
2023-11-14,16.498849868774414,16.507612071410808,16.37618237430344,16.384944576939834,114100
2023-11-15,16.428752899169922,16.472562238413374,16.428752899169922,16.437515101262445,54000
2023-11-16,16.446277618408203,16.490086958490892,16.437515416147825,16.46380202292896,36100
2023-11-17,16.533899307250977,16.54265983900081,16.481326089435967,16.490088292405133,87300
2023-11-20,16.603994369506836,16.612754900786946,16.560183357010068,16.568945559509423,160900
2023-11-21,16.577707290649414,16.639041035181723,16.560182886148983,16.621516630681292,78200
2023-11-22,16.525135040283203,16.551419974688372,16.48132403090938,16.551419974688372,67600
2023-11-24,16.61275291442871,16.61275291442871,16.568943578389394,16.568943578389394,25900
2023-11-27,16.647802352905273,16.647802352905273,16.60399301520106,16.63904015112061,57200
2023-11-28,16.726661682128906,16.735423884534004,16.674090138917546,16.70913727731871,102900
2023-11-29,16.691612243652344,16.735423254027253,16.682851712796523,16.735423254027253,86000
2023-11-30,16.603994369506836,16.64780371078436,16.58646996450813,16.64780371078436,68900
2023-12-01,16.674089431762695,16.674089431762695,16.551420274513,16.56018247654649,274600
2023-12-04,16.568944931030273,16.603993739698247,16.560182728863282,16.560182728863282,54200
2023-12-05,16.525135040283203,16.59523098406219,16.51637283840844,16.551419974688372,60900
2023-12-06,16.49008560180664,16.55141934136399,16.49008560180664,16.52513440796459,58000
2023-12-07,16.603994369506836,16.630279305785653,16.54265895201136,16.58646996450813,46300
2023-12-08,16.542659759521484,16.586470774156837,16.50761261903253,16.53389922781374,131500
2023-12-11,16.525135040283203,16.542657772813605,16.49884843465891,16.542657772813605,46400
2023-12-12,16.577707290649414,16.577707290649414,16.533897950617533,16.54265848164855,27800
2023-12-13,16.726661682128906,16.76170882053007,16.5601831788705,16.60399419089599,96900
2023-12-14,16.8756160736084,16.91066321261813,16.779233516697943,16.823044529484175,353000
2023-12-15,16.787996292114258,16.849330040888628,16.761709683545536,16.849330040888628,92300
2023-12-18,16.770469665527344,16.853491931948227,16.770469665527344,16.816592364886414,145400
2023-12-19,16.853492736816406,16.871942521228416,16.825818060198394,16.86271762902241,90500
2023-12-20,16.78891944885254,16.871941715272406,16.78891944885254,16.871941715272406,81700
2023-12-21,16.91806411743164,16.91806411743164,16.862716527280085,16.881164551018493,43600
2023-12-22,16.927289962768555,17.001087340284645,16.918065070645508,16.9918624481616,56400
2023-12-26,17.00108528137207,17.00108528137207,16.936512803799058,16.982635499360338,74600
2023-12-27,17.07488441467285,17.07488441467285,17.001087038466874,17.037984846835744,102600
2023-12-28,17.00108528137207,17.084107540956815,16.991860390366202,17.056432867939215,39500
2023-12-29,17.00108528137207,17.04720797693335,16.97341060835447,16.97341060835447,77600
2024-01-02,16.87194061279297,16.899613526812534,16.85349083046787,16.899613526812534,225600
2024-01-03,16.825817108154297,16.825817108154297,16.779694409202285,16.798142433102182,57600
2024-01-04,16.8073673248291,16.85349178324941,16.8073673248291,16.8073673248291,74100
2024-01-05,16.835041046142578,16.908838415966123,16.80736637265822,16.853490828465485,64300
2024-01-08,16.853492736816406,16.890390546172142,16.844267844610403,16.853492736816406,50500
2024-01-09,16.816593170166016,16.853492738994802,16.798143385751622,16.853492738994802,28100
2024-01-10,16.844266891479492,16.85349178316351,16.788919300843585,16.788919300843585,27600
2024-01-11,16.844266891479492,16.862716674847523,16.788919300843585,16.798142433059418,72100
2024-01-12,16.825817108154297,16.90883937384246,16.825817108154297,16.90883937384246,42100
2024-01-16,16.678220748901367,16.733568334190412,16.678220748901367,16.68744563969421,134800
2024-01-17,16.696672439575195,16.696672439575195,16.632099956110125,16.696672439575195,52900
2024-01-18,16.659772872924805,16.67822265662085,16.650547981076784,16.67822265662085,21000
2024-01-19,16.696672439575195,16.705897331422808,16.650547980337134,16.650547980337134,46600
2024-01-22,16.696672439575195,16.73357024749743,16.687447547727583,16.71512222327042,40700
2024-01-23,16.641324996948242,16.668997913270623,16.622875213087838,16.650548129410215,56700
2024-01-24,16.696672439575195,16.7889195985831,16.696672439575195,16.779694706735487,41300
2024-01-25,16.659772872924805,16.68744754846887,16.641324848696975,16.66899776477283,45000
2024-01-26,16.668996810913086,16.715121267513787,16.668996810913086,16.678221702233227,37900
2024-01-29,16.668996810913086,16.678221702233227,16.622874113780497,16.622874113780497,23800
2024-01-30,16.705896377563477,16.705896377563477,16.66899681227989,16.69667148624258,32300
2024-01-31,16.668996810913086,16.770468855966516,16.650547028272804,16.733569290685956,58300
2024-02-01,16.75201988220215,16.77046966573328,16.668997615780246,16.705897182842513,63300
2024-02-02,16.60442543029785,16.668997914345205,16.595200538367052,16.668997914345205,96300
2024-02-05,16.539852142333984,16.55830192529883,16.50295257640429,16.55830192529883,36600
2024-02-06,16.595199584960938,16.595199584960938,16.53062710462332,16.558301778825783,32600
2024-02-07,16.613649368286133,16.632099151088354,16.585974694082797,16.632099151088354,20300
2024-02-08,16.576749801635742,16.58597469303627,16.54907688690228,16.567524910235214,16500
2024-02-09,16.56752586364746,16.60442543137304,16.5583027311843,16.5583027311843,29800
2024-02-12,16.595199584960938,16.61364936776258,16.558301778825783,16.558301778825783,28700
2024-02-13,16.456830978393555,16.50295367942025,16.456830978393555,16.50295367942025,24800
2024-02-14,16.502952575683594,16.502952575683594,16.475279660705677,16.484504552187698,18200
2024-02-15,16.56752586364746,16.576750755578857,16.530628055390114,16.530628055390114,25000
2024-02-16,16.558303833007812,16.58597675117518,16.512179370281622,16.512179370281622,16100
2024-02-20,16.622875213623047,16.650548129946316,16.613650321692546,16.622875213623047,36400
2024-02-21,16.632099151611328,16.64132404301273,16.60442447740712,16.64132404301273,26400
2024-02-22,16.632099151611328,16.650547174946002,16.60442447740712,16.650547174946002,28000
2024-02-23,16.622875213623047,16.650548129946316,16.622875213623047,16.632100105553548,28900
2024-02-26,16.687448501586914,16.687448501586914,16.64132579918068,16.64132579918068,15800
2024-02-27,16.650548934936523,16.678223612065988,16.650548934936523,16.668998719689498,12300
2024-02-28,16.650548934936523,16.65977382731301,16.6044262325224,16.6044262325224,18300
2024-02-29,16.613649368286133,16.668996957224675,16.613649368286133,16.65054717442245,162900
2024-03-01,16.650548934936523,16.678223612065988,16.6044262325224,16.6044262325224,45200
2024-03-04,16.668996810913086,16.687446593553368,16.64132389642078,16.64132389642078,9100
2024-03-05,16.687448501586914,16.715123178711643,16.64132579918068,16.64132579918068,47100
2024-03-06,16.761245727539062,16.788920404410216,16.696673240974672,16.742795942958296,61000
2024-03-07,16.844266891479492,16.844266891479492,16.770469517475554,16.788919300843585,53900
2024-03-08,16.853492736816406,16.918065222790155,16.853492736816406,16.918065222790155,29400
2024-03-11,16.853492736816406,16.871942521228416,16.825818060198394,16.853492736816406,37700
2024-03-12,16.798141479492188,16.825816152973246,16.770468565479213,16.816591261812892,18800
2024-03-13,16.835041046142578,16.871940610788393,16.788918349803392,16.825816154981126,43200
2024-03-14,16.770469665527344,16.825817256651867,16.724345206700075,16.825817256651867,39300
2024-03-15,16.75201988220215,16.77046966573328,16.742794990436582,16.742794990436582,10000
2024-03-18,16.71512222290039,16.752020030821807,16.71512222290039,16.752020030821807,37000
2024-03-19,16.687448501586914,16.696673393961824,16.668998716837095,16.687448501586914,33000
2024-03-20,16.761245727539062,16.779695512119833,16.622875862119898,16.65054877952275,29700
2024-03-21,16.659772872924805,16.715122224012937,16.659772872924805,16.715122224012937,22700
2024-03-22,16.595199584960938,16.650547173897735,16.585974693560118,16.650547173897735,51900
2024-03-25,16.650548934936523,16.650548934936523,16.6044262325224,16.6044262325224,21300
2024-03-26,16.585975646972656,16.6505481310221,16.585975646972656,16.62287521469704,20300
2024-03-27,16.622875213623047,16.622875213623047,16.585975645901048,16.585975645901048,17400
2024-03-28,16.595199584960938,16.6228742591634,16.585974693560118,16.585974693560118,13100
2024-04-01,16.512176513671875,16.558300968418525,16.493726731773215,16.558300968418525,47900
2024-04-02,16.521404266357422,16.558303836546262,16.502954481263004,16.512179373810213,168900
2024-04-03,16.641324996948242,16.641324996948242,16.530628053254038,16.530628053254038,59400
2024-04-04,16.641324996948242,16.69667258906123,16.63210010501804,16.650548129410215,49100
2024-04-05,16.641324996948242,16.650548129410215,16.576750753436823,16.613650321157635,72800
2024-04-08,16.668996810913086,16.668996810913086,16.613649222460356,16.613649222460356,21200
2024-04-09,16.668996810913086,16.705896376193646,16.650547028272804,16.668996810913086,22400
2024-04-10,16.502952575683594,16.576749948071612,16.475279660705677,16.576749948071612,48100
2024-04-11,16.48450469970703,16.512177614932593,16.43838024188416,16.493727831803444,36400
2024-04-12,16.36458396911621,16.401483537855466,16.33690929256177,16.401483537855466,56800
2024-04-15,16.327686309814453,16.37380901169388,16.327686309814453,16.37380901169388,66000
2024-04-16,16.28156089782715,16.336908488744513,16.28156089782715,16.318460464750853,32700
2024-04-17,16.373807907104492,16.383032798751717,16.31846031668931,16.31846031668931,26800
2024-04-18,16.3369083404541,16.373807907042867,16.3369083404541,16.373807907042867,19300
2024-04-19,16.346132278442383,16.392256733987367,16.346132278442383,16.392256733987367,12500
2024-04-22,16.3369083404541,16.364583015395677,16.309235424980706,16.309235424980706,32400
2024-04-23,16.429155349731445,16.43838024129569,16.373807759814145,16.373807759814145,11200
2024-04-24,16.429155349731445,16.447605132859934,16.39225754294263,16.447605132859934,39600
2024-04-25,16.47528076171875,16.47528076171875,16.401483384398986,16.401483384398986,12000
2024-04-26,16.373807907104492,16.4383803891669,16.35535812381004,16.4383803891669,14000
2024-04-29,16.43838119506836,16.475280763466287,16.392258494039215,16.392258494039215,12700
2024-04-30,16.3369083404541,16.401482581984443,16.3369083404541,16.401482581984443,21500
2024-05-01,16.373807907104492,16.42915549751967,16.31846031668931,16.31846031668931,10800
2024-05-02,16.48450469970703,16.50295272336802,16.401482435094028,16.401482435094028,12400
2024-05-03,16.558303833007812,16.604426536265656,16.5306291553721,16.59520164372042,18300
2024-05-06,16.558303833007812,16.59520164372042,16.5306291553721,16.59520164372042,124800
2024-05-07,16.502952575683594,16.576749948071612,16.493727684201573,16.576749948071612,33300
2024-05-08,16.48450469970703,16.493727831803444,16.45683002501331,16.466054916577882,10300
2024-05-09,16.521404266357422,16.53985405145184,16.484506455636932,16.484506455636932,33900
2024-05-10,16.512176513671875,16.567524099899813,16.512176513671875,16.512176513671875,27900
2024-05-13,16.539852142333984,16.56752505731311,16.521402359369137,16.55830192529883,107500
2024-05-14,16.585975646972656,16.585975646972656,16.558302730647597,16.558302730647597,15600
2024-05-15,16.678220748901367,16.696670530487054,16.60442338202664,16.632098054405166,54700
2024-05-16,16.678220748901367,16.678220748901367,16.64132294519801,16.668995858108524,19600
2024-05-17,16.668996810913086,16.678221702233227,16.64132389642078,16.650547028272804,38500
2024-05-20,16.650548934936523,16.678223612065988,16.650548934936523,16.668998719689498,14400
2024-05-21,16.650548934936523,16.65977382731301,16.64132580202835,16.650548934936523,16100
2024-05-22,16.60442543029785,16.64132499802104,16.595200538367052,16.64132499802104,14800
2024-05-23,16.585975646972656,16.64132499855923,16.567525863110465,16.613650322765945,13600
2024-05-24,16.632099151611328,16.650547174946002,16.622874260209926,16.622874260209926,17200
2024-05-28,16.668996810913086,16.705896376193646,16.659771919592945,16.668996810913086,24100
2024-05-29,16.595199584960938,16.632099150564223,16.567524910758475,16.632099150564223,26000
2024-05-30,16.641324996948242,16.650548129410215,16.63210010501804,16.63210010501804,23400
2024-05-31,16.650548934936523,16.696673396818962,16.650548934936523,16.696673396818962,75400
2024-06-03,16.770469665527344,16.770469665527344,16.678222507341008,16.696672290871913,37700
2024-06-04,16.75201988220215,16.77046966573328,16.733570098671013,16.77046966573328,19400
2024-06-05,16.742794036865234,16.752018928105407,16.70589623137265,16.752018928105407,21800
2024-06-06,16.75201988220215,16.77046966573328,16.733570098671013,16.77046966573328,11300
2024-06-07,16.641324996948242,16.668997913270623,16.63210010501804,16.659773021340417,50500
2024-06-10,16.613649368286133,16.613649368286133,16.54907688794648,16.585974694082797,44000
2024-06-11,16.585975646972656,16.59520053890375,16.558302730647597,16.567525863110465,15200
2024-06-12,16.641324996948242,16.76124507310442,16.63210010501804,16.76124507310442,33000
2024-06-13,16.585975646972656,16.6505481310221,16.57675075504156,16.6505481310221,31600
2024-06-14,16.539852142333984,16.55830192529883,16.49372768492187,16.521402359369137,113500
2024-06-17,16.576749801635742,16.576749801635742,16.539851995501753,16.539851995501753,37000
2024-06-18,16.585975646972656,16.604425430834848,16.57675075504156,16.57675075504156,9800
2024-06-20,16.530628204345703,16.585975796964572,16.530628204345703,16.585975796964572,30300
2024-06-21,16.512176513671875,16.521401404621205,16.493726731773215,16.512176513671875,9300
2024-06-24,16.549076080322266,16.576748993706985,16.539851189371344,16.549076080322266,24100
2024-06-25,16.512176513671875,16.549076077469195,16.512176513671875,16.530626295570535,17100
2024-06-26,16.47528076171875,16.493728786447495,16.438381193324737,16.44760608542324,184800
2024-06-27,16.493728637695312,16.558302881802458,16.493728637695312,16.558302881802458,41100
2024-06-28,16.512176513671875,16.539851186519865,16.493726731773215,16.539851186519865,20500
2024-07-01,16.512176513671875,16.549076077469195,16.502951622722545,16.549076077469195,19900
2024-07-02,16.539852142333984,16.549077033816406,16.512177467886712,16.549077033816406,17600
2024-07-03,16.613649368286133,16.632099151088354,16.567524911280575,16.567524911280575,95800
2024-07-05,16.678220748901367,16.696670530487054,16.632098054405166,16.696670530487054,57500
2024-07-08,16.659772872924805,16.696672440316892,16.659772872924805,16.66899776477283,21200
2024-07-09,16.641324996948242,16.659773021340417,16.622875213087838,16.622875213087838,10300
2024-07-10,16.668996810913086,16.678221702233227,16.64132389642078,16.678221702233227,16300
2024-07-11,16.779693603515625,16.788918494756725,16.742794038551224,16.742794038551224,46500
2024-07-12,16.816593170166016,16.825818062373212,16.78892025301271,16.78892025301271,28100
2024-07-15,16.78891944885254,16.835042148211045,16.78891944885254,16.835042148211045,22700
2024-07-16,16.798141479492188,16.798141479492188,16.75201878315851,16.788918347799918,18200
2024-07-17,16.88116455078125,16.890389442384407,16.853491635439944,16.871941418646262,48600
2024-07-18,16.8073673248291,16.862716674933473,16.79814243314504,16.862716674933473,26800
2024-07-19,16.779693603515625,16.788918494756725,16.770468712274525,16.770468712274525,21000
2024-07-22,16.78891944885254,16.816592364680364,16.77046966532186,16.816592364680364,24600
2024-07-23,16.770469665527344,16.788919449058252,16.71512207440282,16.71512207440282,18700
2024-07-24,16.798141479492188,16.8350410441336,16.779693456639567,16.816591261812892,40200
2024-07-25,16.78891944885254,16.816592364680364,16.752019881791178,16.7796945570872,29000
2024-07-26,16.816593170166016,16.83504295458041,16.798143385751622,16.83504295458041,6600
2024-07-29,16.761245727539062,16.779695512119833,16.724346158377525,16.761245727539062,41200
2024-07-30,16.770469665527344,16.770469665527344,16.71512207440282,16.73357009846553,29000
2024-07-31,16.853492736816406,16.890390546172142,16.788920250842658,16.890390546172142,20800
2024-08-01,16.8073673248291,16.84426689156535,16.78891930092916,16.825817108197224,101600
2024-08-02,16.99186134338379,17.0472089330552,16.954961777290748,16.954961777290748,180500
2024-08-05,17.093334197998047,17.17635646616042,17.047209738203264,17.15790668224251,150400
2024-08-06,17.037982940673828,17.05643272252827,17.019534918287423,17.037982940673828,35900
2024-08-07,17.010313034057617,17.019537926615406,16.98263835638425,17.001088141499828,40500
2024-08-08,17.00108528137207,17.019535063383803,16.927287912793194,16.954960826342738,26200
2024-08-09,17.028759002685547,17.04720878557245,17.001086087823328,17.04720878557245,30400
2024-08-12,17.0195369720459,17.028760104618044,16.97341251184392,16.97341251184392,27100
2024-08-13,17.13945770263672,17.13945770263672,17.037985645794603,17.037985645794603,47600
2024-08-14,17.12100601196289,17.16713046878766,17.084108205971198,17.14868068605775,36000
2024-08-15,17.056434631347656,17.065659523307254,17.00108703905831,17.03798484742846,48000
2024-08-16,17.15790557861328,17.176355361344466,17.065658424425465,17.065658424425465,33100
2024-08-19,17.240928649902344,17.250153541700513,17.167131274985188,17.176356166783357,58800
2024-08-20,17.30550193786621,17.30550193786621,17.250154343971285,17.277827261184605,41900
2024-08-21,17.333175659179688,17.379298358305224,17.26860141714847,17.26860141714847,160100
2024-08-22,17.2778263092041,17.323950767798728,17.25937652576625,17.323950767798728,44900
2024-08-23,17.406972885131836,17.43464580058407,17.277826161638085,17.277826161638085,158300
2024-08-26,17.37929916381836,17.416196972935328,17.37929916381836,17.38852405596467,53600
2024-08-27,17.453094482421875,17.453094482421875,17.388522004484173,17.41619491819001,34700
2024-08-28,17.34239959716797,17.379299165757324,17.34239959716797,17.370074273609987,31900
2024-08-29,17.296276092529297,17.33317565940476,17.277826309091566,17.314725875967028,43600
2024-08-30,17.2778263092041,17.33317565951765,17.250153393515514,17.2778263092041,64900
2024-09-03,17.26860237121582,17.296277047901047,17.240929453998884,17.287052155672637,67300
2024-09-04,17.323949813842773,17.35162272800753,17.277825357788025,17.287050248998973,89400
2024-09-05,17.37929916381836,17.37929916381836,17.33317646255508,17.37929916381836,80200
2024-09-06,17.38852310180664,17.425420908898918,17.33317551143413,17.379298210166525,97700
2024-09-09,17.314725875854492,17.333175659292102,17.296276092416882,17.323950767573297,108900
2024-09-10,17.30550193786621,17.30550193786621,17.268602368957403,17.29627704563901,53400
2024-09-11,17.296276092529297,17.296276092529297,17.277826309091566,17.296276092529297,33100
2024-09-12,17.370073318481445,17.370073318481445,17.296275944828903,17.296275944828903,87000
2024-09-13,17.397747039794922,17.443869735999115,17.388522148660467,17.443869735999115,76900
2024-09-16,17.46232032775879,17.471545219320877,17.434645653072526,17.471545219320877,91200
2024-09-17,17.397747039794922,17.443869735999115,17.397747039794922,17.443869735999115,86700
2024-09-18,17.397747039794922,17.53611688787558,17.379297257526016,17.462319518268025,116300
2024-09-19,17.453094482421875,17.489992287185675,17.39774689554214,17.44386959136391,116700
2024-09-20,17.46232032775879,17.480770110882965,17.416195869948353,17.480770110882965,93100
2024-09-23,17.434646606445312,17.45309639057837,17.425421714378786,17.45309639057837,58600
2024-09-24,17.526891708374023,17.526891708374023,17.434644558015286,17.434644558015286,109800
2024-09-25,17.453094482421875,17.545341633533475,17.425419809247977,17.536116742475507,87800
2024-09-26,17.50844383239746,17.51766872438437,17.434646455970416,17.49921894041055,342900
2024-09-27,17.554567337036133,17.563792228521038,17.50844287961161,17.563792228521038,70300
2024-09-30,17.471546173095703,17.536118658087176,17.434646604833,17.536118658087176,159700
2024-10-01,17.37929916381836,17.416196972935328,17.36084937952574,17.37929916381836,112000
2024-10-02,17.30550193786621,17.37007442398834,17.30550193786621,17.37007442398834,130500
2024-10-03,17.250152587890625,17.277825502286817,17.231702805314423,17.277825502286817,69100
2024-10-04,17.15790557861328,17.18557849324194,17.139455795882093,17.139455795882093,130900
2024-10-07,17.15790557861328,17.194803384607532,17.148680687247687,17.167130469978876,62900
2024-10-08,17.167129516601562,17.185577538840118,17.139454844041698,17.176354407454852,41900
2024-10-09,17.093334197998047,17.139456898324593,17.093334197998047,17.12100711440668,51900
2024-10-10,17.093334197998047,17.12100711440668,17.047209738203264,17.084109306039093,23200
2024-10-11,17.11178207397461,17.121006965853525,17.065659374048252,17.065659374048252,39000
2024-10-14,17.056434631347656,17.08410930722645,17.03798484742846,17.08410930722645,28700
2024-10-15,17.037982940673828,17.084107395309935,17.028758049746607,17.065657613455492,82500
2024-10-16,16.99186134338379,17.05643382457846,16.98263645186053,17.01031112643031,38400
2024-10-17,16.936513900756836,16.964186816098724,16.936513900756836,16.95496192449537,180400
2024-10-18,17.010313034057617,17.037985952262634,16.98263835638425,17.001088141499828,72800
2024-10-21,16.936513900756836,17.00108638251213,16.918064117550134,17.00108638251213,94400
2024-10-22,16.899614334106445,16.927289008916112,16.881164550900003,16.91806411731289,61500
2024-10-23,16.853492736816406,16.871942521228416,16.825818060198394,16.871942521228416,46100
2024-10-24,16.91806411743164,16.91806411743164,16.862716527280085,16.890389442621778,29300
2024-10-25,16.862716674804688,16.936514048808437,16.862716674804688,16.936514048808437,41800
2024-10-28,16.88116455078125,16.890389442384407,16.8627165270431,16.871941418646262,22000
2024-10-29,16.853492736816406,16.871942521228416,16.788920250842658,16.816593167992387,49000
2024-10-30,16.927289962768555,16.9365148548916,16.87194236949855,16.88116550215333,69900
2024-10-31,16.964187622070312,16.964187622070312,16.899615137247167,16.945739597455308,85300
2024-11-01,16.88116455078125,16.945738792003354,16.8627165270431,16.945738792003354,43300
2024-11-04,16.94573974609375,17.001087339360744,16.936514853971204,16.96418777087057,260400
2024-11-05,17.028759002685547,17.037983894129,16.982636304936428,17.019535870710232,30400
2024-11-06,16.733570098876953,16.807367473534196,16.68744739951675,16.733570098876953,356500
2024-11-07,16.88116455078125,16.899614333987564,16.825816960630473,16.83504185223363,143100
2024-11-08,16.761245727539062,16.844267998684224,16.73357105066791,16.844267998684224,157500
2024-11-11,16.678220748901367,16.68744563969421,16.65054607652284,16.659770967315684,401700
2024-11-12,16.595199584960938,16.6228742591634,16.558301778825783,16.60442447636176,87200
2024-11-13,16.502952575683594,16.595199731035652,16.502952575683594,16.595199731035652,91100
2024-11-14,16.43838119506836,16.530628356594914,16.429156302968877,16.50295368029647,119400
2024-11-15,16.43838119506836,16.50295368029647,16.43838119506836,16.466055871366805,84100
2024-11-18,16.558303833007812,16.567526966084703,16.502954477736385,16.502954477736385,78400
2024-11-19,16.549076080322266,16.576748993706985,16.530626298420426,16.567524102756064,48400
2024-11-20,16.493728637695312,16.493728637695312,16.43838104507172,16.475280613132945,63300
2024-11-21,16.429155349731445,16.52140250590572,16.401482434506875,16.502952722777234,76900
2024-11-22,16.355358123779297,16.373807907073715,16.318460316658637,16.34613323213209,62500
2024-11-25,16.44760513305664,16.49372783141025,16.410707326267385,16.484504699314055,145600
2024-11-26,16.456830978393555,16.466055870492546,16.419931409997588,16.419931409997588,32100
2024-11-27,16.632099151611328,16.632099151611328,16.549076888466843,16.558301779868245,198800
2024-11-29,16.668996810913086,16.668996810913086,16.604424331140216,16.63209900510064,48800
2024-12-02,16.558303833007812,16.58597675117518,16.493729585191147,16.549078940462575,122000
2024-12-03,16.558303833007812,16.613651428810893,16.549078940462575,16.604426536265656,74300
2024-12-04,16.56752586364746,16.613650323304437,16.530628055390114,16.530628055390114,73200
2024-12-05,16.687448501586914,16.687448501586914,16.62287601443086,16.64132579918068,62800
2024-12-06,16.622875213623047,16.687447697668315,16.60442542976205,16.668997913807317,66600
2024-12-09,16.613649368286133,16.668996957224675,16.595199585483908,16.622874259687244,39900
2024-12-10,16.56752586364746,16.576750755578857,16.530628055390114,16.5583027311843,36700
2024-12-11,16.521404266357422,16.576751862172333,16.502954481263004,16.576751862172333,43900
2024-12-12,16.466054916381836,16.558302072558316,16.373807760205356,16.373807760205356,43200
2024-12-13,16.47528076171875,16.5121785706445,16.456830977521744,16.5121785706445,24000
2024-12-16,16.47528076171875,16.502953678545996,16.44760608542324,16.456830977521744,52000
2024-12-17,16.48450469970703,16.512177614932593,16.466054916577882,16.48450469970703,24000
2024-12-18,16.28156089782715,16.475280105240206,16.272336006096225,16.45683032177835,78400
2024-12-19,16.263111114501953,16.309235573156972,16.24466309050814,16.300010681425967,87000
2024-12-20,16.31846046447754,16.373808055393976,16.272336005823682,16.272336005823682,110200
2024-12-23,16.308748245239258,16.337887167963483,16.250466694434408,16.279607469836833,143200
2024-12-24,16.250465393066406,16.30874693920396,16.250465393066406,16.299033348181034,22300
2024-12-26,16.28931999206543,16.30874717439144,16.240752036250406,16.240752036250406,36700
2024-12-27,16.299034118652344,16.367027406348882,16.289320527170247,16.289320527170247,107700
2024-12-30,16.28931999206543,16.30874717439144,16.260179218576415,16.279606400902424,148400
2024-12-31,16.23103904724121,16.29903418790479,16.21161371687262,16.289320596381422,242600
2025-01-02,16.114479064941406,16.221326715112436,16.085338291437104,16.221326715112436,110700
2025-01-03,16.19218635559082,16.22132712984016,16.143620251186714,16.143620251186714,52700
2025-01-06,16.28931999206543,16.30874717439144,16.250465627413412,16.250465627413412,81400
2025-01-07,16.22132682800293,16.289320113974746,16.22132682800293,16.279606522739044,77600
2025-01-08,16.143619537353516,16.19218563961014,16.12419235537965,16.12419235537965,58000
2025-01-10,16.065914154052734,16.133907444597238,16.056200562163774,16.124193852708277,51900
2025-01-13,16.046485900878906,16.06591308336213,16.017345127154073,16.06591308336213,70900
2025-01-14,16.172758102416992,16.172758102416992,16.09505122890632,16.09505122890632,78600
2025-01-15,16.19218635559082,16.26017964282782,16.13390665977027,16.250466051411372,101400
2025-01-16,16.211612701416016,16.22132629233095,16.15333115592642,16.163044746841354,214900
2025-01-17,16.133907318115234,16.211614199939515,16.133907318115234,16.163046240875463,64500
2025-01-21,16.367027282714844,16.367027282714844,16.26989322130575,16.26989322130575,159700
2025-01-22,16.337886810302734,16.37674117665539,16.32817321871457,16.37674117665539,83800
2025-01-23,16.35731315612793,16.386453929400666,16.299033462260518,16.337885973946104,63900
2025-01-24,16.48358726501465,16.50301444852834,16.415593975394927,16.415593975394927,175300
2025-01-27,16.464160919189453,16.512727022301462,16.44473373687342,16.512727022301462,102800
2025-01-28,16.367027282714844,16.405879795671606,16.367027282714844,16.386454465532285,58400
2025-01-29,16.32817268371582,16.37674064006529,16.32817268371582,16.32817268371582,58600
2025-01-30,16.35731315612793,16.425306441086253,16.31845879176428,16.376740338309755,59200
2025-01-31,16.299034118652344,16.396166328117033,16.289320527170247,16.3184594489384,49400
2025-02-03,16.240753173828125,16.279607541201685,16.163046291759215,16.21161425097616,123800
2025-02-04,16.38645362854004,16.42530613951228,16.289319572092392,16.289319572092392,151600
2025-02-05,16.444734573364258,16.483587087294552,16.43502098171214,16.444734573364258,63100
2025-02-06,16.42530632019043,16.435019911209846,16.376740217771392,16.405879138151594,39800
2025-02-07,16.347599029541016,16.444733084590272,16.347599029541016,16.415592312272093,66100
2025-02-10,16.318458557128906,16.37674010283638,16.3087468188557,16.328172148080153,34900
2025-02-11,16.39616584777832,16.41559303017338,16.34759974446876,16.34759974446876,62300
2025-02-12,16.39616584777832,16.444733803765967,16.318458970876172,16.34759974446876,54800
2025-02-13,16.512727737426758,16.551582103741513,16.386454752260118,16.386454752260118,95900
2025-02-14,16.590435028076172,16.639001134493718,16.580721436257022,16.60014861989532,322600
2025-02-18,16.56129264831543,16.580719830071807,16.541867319237078,16.57100623919362,62000
2025-02-19,16.532154083251953,16.55158126542537,16.483586127818413,16.55158126542537,38600
2025-02-20,16.677854537963867,16.697281720479477,16.58072047806391,16.629288434352937,192200
2025-02-21,16.638999938964844,16.65842712120728,16.609861018279258,16.648713530086063,64500
2025-02-24,16.580720901489258,16.639000597846294,16.580720901489258,16.59043449299512,69800
2025-02-25,16.68756866455078,16.706995847689605,16.62928896781246,16.668141481411954,121100
2025-02-26,16.658428192138672,16.68756896737572,16.61957567783413,16.67785537563004,71500
2025-02-27,16.55158233642578,16.609862034039057,16.52244156128005,16.609862034039057,94100
2025-02-28,16.473873138427734,16.55158186995965,16.464161399664377,16.55158186995965,96200
2025-03-03,16.638999938964844,16.65842712120728,16.580720244915604,16.580720244915604,170200
2025-03-04,16.794416427612305,16.794416427612305,16.677855180704633,16.736134877819385,142300
2025-03-05,17.00811004638672,17.027537229834813,16.920689573548486,16.940116756996577,596600
2025-03-06,17.00811004638672,17.085816927500908,16.99839645466267,17.056676152328766,466700
2025-03-07,17.105243682861328,17.14409619610698,17.056675725456593,17.14409619610698,285400
2025-03-10,17.066389083862305,17.10524344925546,17.03725016249555,17.095529857907174,236300
2025-03-11,17.163522720336914,17.173236311445056,17.11495661747427,17.153809129228772,181700
2025-03-12,17.105243682861328,17.14409619610698,17.076102908418488,17.114957274342277,279100
2025-03-13,17.05667495727539,17.105242912492773,17.01782244577954,17.01782244577954,140000
2025-03-14,17.0858154296875,17.105242611432526,17.07610183881499,17.0858154296875,147200
2025-03-17,17.15380859375,17.163522184554918,17.11495608320833,17.13438141214016,91300
2025-03-18,17.173236846923828,17.18295043833485,17.114957151135822,17.163523255512807,152100
2025-03-19,17.134382247924805,17.144095839203537,17.066388961651786,17.124668656646072,81300
2025-03-20,17.0858154296875,17.0858154296875,17.027535737130446,17.027535737130446,146200
2025-03-21,17.027536392211914,17.06638890451867,17.0178228009657,17.06638890451867,209100
2025-03-24,17.00811004638672,17.046962560604722,16.97896927121458,17.027537229834813,98800
2025-03-25,17.027536392211914,17.06638890451867,17.0178228009657,17.046961722026246,80900
2025-03-26,16.969255447387695,17.008109813752437,16.949830116883483,16.99839622216125,54100
2025-03-27,17.00811004638672,17.056676152328766,16.988682862938628,17.017823638110766,96700
2025-03-28,17.05667495727539,17.085815730405823,17.01782244577954,17.037249627866494,94000
2025-03-31,17.04696273803711,17.05667632986226,17.008110223414715,17.05667632986226,115100
2025-04-01,17.027536392211914,17.05667531327246,16.998395618473275,16.998395618473275,68200
2025-04-02,17.0858154296875,17.124667940499528,17.056674657069962,17.0858154296875,132100
2025-04-03,17.386930465698242,17.503491711063667,17.367503282690983,17.484064528056408,560800
2025-04-04,17.231515884399414,17.386929635682087,17.192663372917774,17.386929635682087,362900
2025-04-07,17.14409637451172,17.24123043765385,17.134382782929688,17.24123043765385,510600
2025-04-08,17.250944137573242,17.280084912502335,17.16352366546413,17.212089771001118,340300
2025-04-09,17.231515884399414,17.41607040880186,17.192663372917774,17.386929635682087,443400
2025-04-10,17.590911865234375,17.629764377871304,17.454923439309844,17.454923439309844,940800
2025-04-11,17.756038665771484,17.872598052771604,17.678331790212052,17.872598052771604,768600
2025-04-14,17.824031829833984,17.824031829833984,17.717184181907648,17.74632495479975,948400
2025-04-15,17.726898193359375,17.785177887847954,17.697757419776043,17.765752558137148,469500
2025-04-16,17.882312774658203,17.901739957946127,17.80460589418468,17.833746669116564,503000
2025-04-17,17.862884521484375,17.88231170360872,17.81431841885157,17.862884521484375,467900
2025-04-21,18.0377254486084,18.057152630725593,18.008586528110666,18.047439039666997,1172000
2025-04-22,17.921167373657227,18.008587846908487,17.911453781887285,18.008587846908487,719000
2025-04-23,17.756038665771484,17.892025234830975,17.7463250747418,17.872598052771604,405000
2025-04-24,17.862884521484375,17.88231170360872,17.81431841885157,17.833745600975917,305600
2025-04-25,17.814319610595703,17.843460385731685,17.77546524374773,17.77546524374773,239800
2025-04-28,17.94059181213379,17.950305403420565,17.8240324220487,17.833746013335475,377000
2025-04-29,17.87259864807129,17.921166604837417,17.87259864807129,17.921166604837417,208100
2025-04-30,17.814319610595703,17.872599308189482,17.814319610595703,17.872599308189482,159300
2025-05-01,17.70747184753418,17.794892319736142,17.688044664227483,17.794892319736142,441500
2025-05-02,17.756038665771484,17.86288446174192,17.7463250747418,17.80460476824186,185700
2025-05-05,17.80460548400879,17.87259877127195,17.765752971006183,17.87259877127195,197900
2025-05-06,17.9017391204834,17.911452711672947,17.833745834834634,17.87259834691475,360900
2025-05-07,17.794891357421875,17.882311824896302,17.794891357421875,17.872598233768247,276100
2025-05-08,17.63947868347168,17.785178853946665,17.62976509174959,17.785178853946665,287700
2025-05-09,17.71718406677246,17.746324839475193,17.69775688497064,17.70747047587155,172000
2025-05-12,17.48406410217285,17.532630205829868,17.43549799851583,17.503491284706897,356400
2025-05-13,17.60062599182129,17.620051322391447,17.503491928257823,17.503491928257823,276700
2025-05-14,17.590911865234375,17.688044073165756,17.581198273905613,17.668618743186343,130700
2025-05-15,17.62005043029785,17.65890479482733,17.610336839165484,17.63947761256259,80400
2025-05-16,17.590911865234375,17.658905151857585,17.561771091248094,17.620050786542546,89800
2025-05-19,17.726898193359375,17.73661178455382,17.6880438285816,17.707471010970487,346600
2025-05-20,17.78517723083496,17.78517723083496,17.70747035682811,17.726897538499326,187900
2025-05-21,17.8337459564209,17.901739242533225,17.8337459564209,17.843459547676673,225000
2025-05-22,17.77546501159668,17.82403296952234,17.765753272689707,17.804605786352077,167300
2025-05-23,17.950305938720703,17.950305938720703,17.853171875634406,17.853171875634406,255000
2025-05-27,17.853172302246094,17.921167444905997,17.843460563115737,17.921167444905997,245500
2025-05-28,17.794891357421875,17.84345931306215,17.78517776629382,17.824032130806042,77000
2025-05-29,17.892024993896484,17.92116576659313,17.862884221199838,17.87259781209872,180000
2025-05-30,17.882312774658203,17.901739957946127,17.843460260760526,17.86288559137028,105700
2025-06-02,18.018299102783203,18.02801269429264,17.950305814895273,17.950305814895273,227600
2025-06-03,17.9017391204834,17.96001881494261,17.9017391204834,17.940591632563514,268400
2025-06-04,17.989160537719727,18.018299460147823,17.940592579209262,17.96001976261345,192500
2025-06-05,17.998872756958008,18.066866041009803,17.989159165996604,18.04743885908699,481800
2025-06-06,17.930877685546875,17.96001845853724,17.901738765234555,17.930877685546875,310300
2025-06-09,17.9697322845459,17.989159466793552,17.921166181604843,17.921166181604843,159700
2025-06-10,17.950305938720703,17.998873896602934,17.950305938720703,17.998873896602934,96000
2025-06-11,18.028013229370117,18.057154004763344,17.979447123059607,17.979447123059607,153700
2025-06-12,18.16400146484375,18.183426795550336,18.1348606897666,18.16400146484375,325700
2025-06-13,18.125146865844727,18.134860457412653,18.047439985979466,18.076580760683246,244700
2025-06-16,18.115432739257812,18.202853208109133,18.105719147976767,18.18342602554704,148100
2025-06-17,17.989160537719727,18.115433524490573,17.979446946017635,18.115433524490573,183200
2025-06-18,17.960018157958984,18.047438622788977,17.95030456712476,18.0085861121301,157500
2025-06-20,17.998872756958008,18.028011677164184,17.9794455750352,18.01829808620278,247600
2025-06-23,18.057153701782227,18.066867293416983,17.89202634934769,17.89202634934769,253100
2025-06-24,18.16400146484375,18.19314038724272,18.105719914689455,18.12514709807422,125600
2025-06-25,18.20285415649414,18.212567748281273,18.115433683088135,18.1348608666624,106700
2025-06-26,18.290273666381836,18.32912803148355,18.261132892555548,18.280560075106408,221500
2025-06-27,18.27084732055664,18.29998809571745,18.231994806353747,18.29998809571745,121600
2025-06-30,18.36798095703125,18.377694548525152,18.28056048626427,18.290274077758173,178800
2025-07-01,18.377695083618164,18.435974781600333,18.348554308287984,18.406835858948348,309400
2025-07-02,18.36798095703125,18.387408140019055,18.309701260745978,18.338840182549543,260600
2025-07-03,18.30970001220703,18.35826611368668,18.2999864213755,18.329127193870097,154400
2025-07-07,18.251420974731445,18.290273486773536,18.212566610011276,18.27084630441345,186600
2025-07-08,18.24170684814453,18.26113217725639,18.193138893669822,18.22227966635465,107100
2025-07-09,18.261133193969727,18.261133193969727,18.23199427234058,18.251421455212096,220100
2025-07-10,18.222280502319336,18.24170768500046,18.183426136957088,18.212566910978772,192600
2025-07-11,18.1737117767334,18.222279731381423,18.1737117767334,18.21256614045182,146500
2025-07-14,18.134859085083008,18.193138777402183,18.134859085083008,18.173711595736453,195400
2025-07-15,18.057153701782227,18.144574173816874,18.028012926877956,18.134860582182117,147300
2025-07-16,18.096006393432617,18.212567641516728,17.99887418148708,18.028013103999463,403900
2025-07-17,18.0377254486084,18.047439039666997,18.008586528110666,18.018298266491204,200900
2025-07-18,18.076580047607422,18.14457333322259,18.066866456422673,18.12514615085309,88500
2025-07-21,18.193140029907227,18.222280804412016,18.134860333575794,18.154287516578986,174900
2025-07-22,18.290273666381836,18.290273666381836,18.193139606305646,18.202853197581074,166000
2025-07-23,18.319414138793945,18.319414138793945,18.23199367143154,18.261132592100296,107000
2025-07-24,18.27084732055664,18.367981385081148,18.26113372883637,18.29998809571745,115000
2025-07-25,18.212566375732422,18.251420739952785,18.19313919362224,18.20285278467733,325700
2025-07-28,18.057153701782227,18.134860582182117,18.04744011014747,18.12514699054736,256200
2025-07-29,17.998872756958008,18.01829808620278,17.969731984073796,17.969731984073796,264400
2025-07-30,17.814319610595703,17.940592597495254,17.814319610595703,17.892026491613468,495800
2025-07-31,17.794891357421875,17.833745721934097,17.775464175165766,17.794891357421875,224700
2025-08-01,18.008586883544922,18.037725804617768,17.950305336043037,18.008586883544922,333900
2025-08-04,18.0377254486084,18.057152630725593,18.008586528110666,18.047439039666997,103300
2025-08-05,18.047439575195312,18.057153166542143,17.98915987979243,18.018298801154813,271500
2025-08-06,18.134859085083008,18.1639998575816,18.096004721751548,18.096004721751548,165900
2025-08-07,18.16400146484375,18.16400146484375,18.09600632299707,18.154287873151368,148800
2025-08-08,18.144573211669922,18.164000393909276,18.125146029430567,18.1542868027896,187600
2025-08-11,18.086294174194336,18.105719504460794,18.05715339977744,18.096005912988495,131500
2025-08-12,18.183425903320312,18.20285308575182,18.09600543505662,18.09600543505662,109800
2025-08-13,18.23199462890625,18.26113355110527,18.21256744565479,18.23199462890625,109800
2025-08-14,18.144573211669922,18.18342572347056,18.125146029430567,18.1542868027896,140300
2025-08-15,18.222280502319336,18.24170768500046,18.212566910978772,18.212566910978772,142400
2025-08-18,18.183425903320312,18.20285308575182,18.164000573566895,18.20285308575182,68500
2025-08-19,18.144573211669922,18.18342572347056,18.134859620550245,18.164000393909276,84300
2025-08-20,18.16400146484375,18.183426795550336,18.144574281458986,18.173713203857954,373400
2025-08-21,18.066865921020508,18.14457279551762,18.066865921020508,18.13485920462073,454600
2025-08-22,18.24170684814453,18.280559359046272,18.05715232649669,18.066865917391635,254700
2025-08-25,18.086294174194336,18.231994340922533,18.086294174194336,18.222280749450235,160800
2025-08-26,18.154287338256836,18.183426259797262,18.144573746850654,18.154287338256836,152300
2025-08-27,18.154287338256836,18.16400092966302,18.076580459685495,18.086294051091677,96000
2025-08-28,18.222280502319336,18.25142127634102,18.183426136957088,18.19313972829765,180400
2025-08-29,18.24170684814453,18.26113217725639,18.193138893669822,18.193138893669822,92000
2025-09-02,18.154287338256836,18.193139851203444,18.125146564038285,18.144573746850654,133000
2025-09-03,18.1737117767334,18.202852549522213,18.144572856622617,18.154286447552224,185600
2025-09-04,18.154287338256836,18.16400092966302,18.125146564038285,18.144573746850654,127200
2025-09-05,18.251420974731445,18.31941426031366,18.251420974731445,18.27084630441345,178000
2025-09-08,18.319414138793945,18.329127729909555,18.28055977433151,18.309700547678336,156500
2025-09-09,18.24170684814453,18.348552642632836,18.24170684814453,18.319413722626038,173200
2025-09-10,18.251420974731445,18.290273486773536,18.251420974731445,18.26113271323341,135200
2025-09-11,18.30970001220703,18.319413603038562,18.280559239712435,18.280559239712435,65700
2025-09-12,18.290273666381836,18.299987257657264,18.24170756268279,18.24170756268279,156600
2025-09-15,18.33884048461914,18.358267667926942,18.31941515398951,18.329128745643413,139800
2025-09-16,18.474828720092773,18.49425590319552,18.406835431911315,18.406835431911315,293700
2025-09-17,18.416545867919922,18.562247878204786,18.406834129733753,18.455400231376693,350300
2025-09-18,18.33884048461914,18.358267667926942,18.280560787373908,18.34855407627304,477300
2025-09-19,18.290273666381836,18.31941444020812,18.280560075106408,18.299987257657264,190700
2025-09-22,18.33884048461914,18.358267667926942,18.29998797068171,18.31941515398951,111800
2025-09-23,18.36798095703125,18.377694548525152,18.329128443733783,18.358267365537348,107300
2025-09-24,18.24170684814453,18.27084576815133,18.24170684814453,18.26113217725639,133800
2025-09-25,18.125146865844727,18.202853745709987,18.105719682708873,18.183426562574134,179200
2025-09-26,18.20285415649414,18.20285415649414,18.15428805023667,18.164001642023802,62700
2025-09-29,18.23199462890625,18.270847142731,18.22228103728052,18.24170822053198,90000
2025-09-30,18.280559539794922,18.290273130785906,18.24170702850903,18.251420619500013,75000
2025-10-01,18.280559539794922,18.31941390375886,18.251420619500013,18.309700312767877,195100
2025-10-02,18.24170684814453,18.290272949941215,18.202852484564765,18.27084576815133,129700
2025-10-03,18.290273666381836,18.299987257657264,18.270846483830976,18.280560075106408,77300
2025-10-06,18.20285415649414,18.222281340068406,18.17371338113274,18.193140564707004,132300
2025-10-07,18.1057186126709,18.164000158634053,18.1057186126709,18.164000158634053,178400
2025-10-08,18.066865921020508,18.09600484103316,18.028011557432936,18.08629310281429,136100
2025-10-09,17.94059181213379,18.05715305489698,17.930878220847013,18.05715305489698,132400
2025-10-10,18.057153701782227,18.07658088505174,17.96973322974758,17.96973322974758,177200
2025-10-13,17.979446411132812,18.00858718537216,17.9697328197197,18.00858718537216,125400
2025-10-14,18.028013229370117,18.03772682116786,17.979447123059607,17.979447123059607,73100
2025-10-15,18.096006393432617,18.115433576893,18.06686747092023,18.06686747092023,94600
2025-10-16,18.16400146484375,18.173713203857954,18.105719914689455,18.115433506381837,114900
2025-10-17,18.144573211669922,18.164000393909276,18.125146029430567,18.1542868027896,196200
2025-10-20,18.115432739257812,18.154287104382,18.105719147976767,18.154287104382,129400
2025-10-21,18.066865921020508,18.08629310281429,18.047438739226724,18.057152330123614,112200
2025-10-22,18.066865921020508,18.09600484103316,18.03772514832983,18.047438739226724,245800
2025-10-23,18.057153701782227,18.066867293416983,18.037726518512713,18.057153701782227,59300
2025-10-24,18.076580047607422,18.076580047607422,18.047439274053172,18.076580047607422,61100
2025-10-27,18.096006393432617,18.105719985162807,18.06686747092023,18.096006393432617,120900
2025-10-28,18.1057186126709,18.134859385652476,18.076579692367368,18.086293283361226,107500
2025-10-29,18.018299102783203,18.125146756708887,17.98916018093303,18.086294243349275,226200
2025-10-30,17.960018157958984,17.979445339627432,17.94059097629054,17.94059097629054,135200
2025-10-31,17.9017391204834,17.930878041373965,17.9017391204834,17.9211663028625,165600
2025-11-03,17.9017391204834,17.9211663028625,17.853171164535652,17.89202552929385,69600
2025-11-04,17.824031829833984,17.853170750048047,17.81431823886995,17.83374542079802,172800
2025-11-05,17.8337459564209,17.8337459564209,17.7948915913978,17.8337459564209,93200
2025-11-06,17.921167373657227,17.94059270451891,17.872599414807528,17.901740190117348,156700
2025-11-07,17.960018157958984,17.989158930461652,17.95030456712476,17.96973174879321,228800
2025-11-10,17.960018157958984,17.960018157958984,17.921165647300107,17.95030456712476,137600
2025-11-11,17.979446411132812,18.01829892410715,17.9697328197197,17.998873593959043,119900
2025-11-12,17.9697322845459,17.989159466793552,17.921166181604843,17.921166181604843,74900
2025-11-13,18.028013229370117,18.066867596561085,17.998874306655093,17.998874306655093,116900
2025-11-14,18.018299102783203,18.04743987731152,17.98916018093303,18.04743987731152,93800
2025-11-17,17.9697322845459,17.989159466793552,17.95030510229825,17.979445875669725,96400
2025-11-18,17.9697322845459,17.989159466793552,17.94059151117442,17.9697322845459,50600
2025-11-19,17.843460083007812,17.911453371160043,17.833746491460616,17.901739779612846,200300
2025-11-20,17.8337459564209,17.8725984687659,17.824032365165124,17.85317128625435,358700
2025-11-21,17.862884521484375,17.862884521484375,17.804604827789397,17.81431841885157,176400
2025-11-24,17.862884521484375,17.862884521484375,17.824032009913743,17.84345919203809,109100
2025-11-25,17.911453247070312,17.960019351791683,17.89202606411051,17.89202606411051,146300
2025-11-26,17.979446411132812,17.979446411132812,17.8920259410929,17.8920259410929,82600
2025-11-28,18.008586883544922,18.008586883544922,17.940591744792723,17.940591744792723,76000
2025-12-01,18.018299102783203,18.0668670603304,17.99887377244247,18.04743987731152,132500
2025-12-02,18.0377254486084,18.0377254486084,17.979445754934872,18.028011857549803,60800
2025-12-03,18.125146865844727,18.134860457412653,18.076580760683246,18.076580760683246,145900
2025-12-04,18.086294174194336,18.13486027887769,18.076580582722038,18.13486027887769,57000
2025-12-05,18.1057186126709,18.115432203664756,18.06686610137351,18.086293283361226,119700
2025-12-08,18.076580047607422,18.10571896848359,18.05715286523792,18.10571896848359,148300
2025-12-09,18.057153701782227,18.07658088505174,18.037726518512713,18.066867293416983,92800
2025-12-10,18.16400146484375,18.183426795550336,18.066867400598102,18.086294583982866,103800
2025-12-11,18.222280502319336,18.261133015003473,18.222280502319336,18.25142127634102,166200
2025-12-12,18.212566375732422,18.231993557842603,18.19313919362224,18.212566375732422,182100
2025-12-15,18.23199462890625,18.270847142731,18.21256744565479,18.23199462890625,259000
2025-12-16,18.251420974731445,18.30970066913362,18.231993792371362,18.290273486773536,122800
2025-12-17,18.222280502319336,18.25142127634102,18.202853319638212,18.202853319638212,54500
2025-12-18,18.212566375732422,18.241707148897696,18.20285278467733,18.241707148897696,163400
2025-12-19,18.16400146484375,18.202853978935103,18.09600632299707,18.183426795550336,157100
2025-12-22,18.25,18.260000228881836,18.229999542236328,18.229999542236328,141000
2025-12-23,18.299999237060547,18.309999465942383,18.270000457763672,18.280000686645508,117500
2025-12-24,18.290000915527344,18.31999969482422,18.290000915527344,18.31999969482422,147300
2025-12-26,18.290000915527344,18.31999969482422,18.270000457763672,18.299999237060547,88600
2025-12-29,18.290000915527344,18.309999465942383,18.260000228881836,18.309999465942383,126400
2025-12-30,18.25,18.280000686645508,18.239999771118164,18.280000686645508,130600
2025-12-31,18.239999771118164,18.25,18.200000762939453,18.219999313354492,133600
2026-01-02,18.219999313354492,18.260000228881836,18.200000762939453,18.229999542236328,241900
2026-01-05,18.239999771118164,18.260000228881836,18.15999984741211,18.170000076293945,369600
2026-01-06,18.200000762939453,18.229999542236328,18.18000030517578,18.209999084472656,188900
2026-01-07,18.18000030517578,18.209999084472656,18.170000076293945,18.190000534057617,86200
2026-01-08,18.1299991607666,18.15999984741211,18.1200008392334,18.1200008392334,94100
2026-01-09,18.100000381469727,18.110000610351562,18.06999969482422,18.09000015258789,546400
2026-01-12,18.139999389648438,18.170000076293945,18.1299991607666,18.15999984741211,110500
2026-01-13,18.09000015258789,18.139999389648438,18.06999969482422,18.1200008392334,80700
2026-01-14,18.100000381469727,18.139999389648438,18.09000015258789,18.1299991607666,212500
2026-01-15,18.040000915527344,18.059999465942383,18.020000457763672,18.059999465942383,174500
2026-01-16,18.040000915527344,18.09000015258789,18.020000457763672,18.059999465942383,138100
2026-01-20,18.209999084472656,18.239999771118164,18.190000534057617,18.200000762939453,386500
2026-01-21,18.15999984741211,18.229999542236328,18.149999618530273,18.229999542236328,269500
2026-01-22,18.260000228881836,18.270000457763672,18.190000534057617,18.190000534057617,318000
2026-01-23,18.40999984741211,18.420000076293945,18.260000228881836,18.270000457763672,473200
2026-01-26,18.510000228881836,18.540000915527344,18.479999542236328,18.479999542236328,546900
2026-01-27,18.729999542236328,18.770000457763672,18.59000015258789,18.59000015258789,1128000
2026-01-28,18.6299991607666,18.670000076293945,18.559999465942383,18.65999984741211,517000
2026-01-29,18.65999984741211,18.670000076293945,18.56999969482422,18.65999984741211,432800
2026-01-30,18.479999542236328,18.579999923706055,18.469999313354492,18.56999969482422,423800
2026-02-02,18.389999389648438,18.440000534057617,18.360000610351562,18.420000076293945,282500
2026-02-03,18.450000762939453,18.450000762939453,18.389999389648438,18.399999618530273,246800
2026-02-04,18.399999618530273,18.420000076293945,18.3700008392334,18.40999984741211,246100
2026-02-05,18.34000015258789,18.389999389648438,18.329999923706055,18.3799991607666,224100
2026-02-06,18.389999389648438,18.40999984741211,18.3799991607666,18.3799991607666,111100
2026-02-09,18.549999237060547,18.559999465942383,18.510000228881836,18.520000457763672,185200
2026-02-10,18.549999237060547,18.59000015258789,18.530000686645508,18.579999923706055,150700
2026-02-11,18.540000915527344,18.579999923706055,18.5,18.530000686645508,184200
2026-02-12,18.530000686645508,18.559999465942383,18.510000228881836,18.540000915527344,91500
2026-02-13,18.549999237060547,18.549999237060547,18.5,18.530000686645508,92900
2026-02-17,18.5,18.5,18.420000076293945,18.459999084472656,105300
2026-02-18,18.3799991607666,18.459999084472656,18.3799991607666,18.440000534057617,240600
2026-02-19,18.3700008392334,18.3700008392334,18.309999465942383,18.34000015258789,169900
2026-02-20,18.3700008392334,18.399999618530273,18.329999923706055,18.329999923706055,147300
2026-02-23,18.3799991607666,18.43000030517578,18.3799991607666,18.389999389648438,122200
2026-02-24,18.360000610351562,18.3799991607666,18.329999923706055,18.329999923706055,127900
2026-02-25,18.3799991607666,18.40999984741211,18.350000381469727,18.350000381469727,148400
2026-02-26,18.3799991607666,18.40999984741211,18.329999923706055,18.3799991607666,154800
2026-02-27,18.40999984741211,18.420000076293945,18.3799991607666,18.389999389648438,64700
2026-03-02,18.229999542236328,18.270000457763672,18.200000762939453,18.229999542236328,297800
2026-03-03,18.139999389648438,18.15999984741211,18.030000686645508,18.079999923706055,368200
2026-03-04,18.190000534057617,18.200000762939453,18.149999618530273,18.170000076293945,203900
2026-03-05,18.1299991607666,18.149999618530273,18.06999969482422,18.1299991607666,251100
2026-03-06,18.149999618530273,18.18000030517578,18.09000015258789,18.100000381469727,201500
2026-03-09,18.18000030517578,18.209999084472656,18.09000015258789,18.1200008392334,801700
2026-03-10,18.170000076293945,18.260000228881836,18.170000076293945,18.239999771118164,244600
2026-03-11,18.1299991607666,18.18000030517578,18.110000610351562,18.139999389648438,84400
2026-03-12,18.030000686645508,18.075000762939453,18.024999618530273,18.059999465942383,256850
