date,close,high,low,open,volume
2021-03-15,17.193614959716797,17.193614959716797,17.18819528231593,17.18819528231593,1500
2021-03-16,17.02095603942871,17.079798667661088,16.895529653184454,17.033344505228072,11400
2021-03-17,17.09063720703125,17.126253490725492,16.955919108669413,16.955919108669413,2300
2021-03-18,16.502208709716797,16.86920047995348,16.502208709716797,16.86920047995348,8300
2021-03-19,16.72519874572754,16.839787278791214,16.56105929265074,16.56105929265074,1400
2021-03-22,16.69268226623535,17.66048622493931,16.638485480828194,17.66048622493931,1400
2021-03-23,16.283876419067383,16.5223436703412,16.25910096514636,16.475889509645388,3400
2021-03-24,16.46582794189453,16.576544431997085,16.46582794189453,16.576544431997085,500
2021-03-25,16.589704513549805,16.603640615589917,16.344269923853417,16.452663469444634,2100
2021-03-26,16.921085357666016,16.921085357666016,16.731396594188926,16.825854066966546,2400
2021-03-29,16.767011642456055,17.861791236684134,16.684941162328467,17.861791236684134,3900
2021-03-30,16.63776206970215,16.738973816129636,16.622190574873464,16.738973816129636,2200
2021-03-31,16.754545211791992,16.79970046755664,16.637761971227032,16.637761971227032,8000
2021-04-01,16.977998733520508,16.977998733520508,16.640104847267658,16.738982255805663,2200
2021-04-05,16.83941650390625,16.870559510338882,16.80126736051247,16.855766136789295,1000
2021-04-06,16.899364471435547,16.899364471435547,16.899364471435547,16.899364471435547,0
2021-04-07,16.958534240722656,16.997462995454846,16.92583497773571,16.92583497773571,400
2021-04-08,16.91259765625,16.91259765625,16.50541316888373,16.50541316888373,700
2021-04-09,16.766220092773438,16.9250460437351,16.766220092773438,16.9250460437351,1100
2021-04-12,16.686811447143555,16.756102076763938,16.686811447143555,16.756102076763938,1600
2021-04-13,16.71095085144043,16.71095085144043,16.606623589732553,16.606623589732553,1100
2021-04-14,16.89780616760254,16.89780616760254,16.89780616760254,16.89780616760254,1200
2021-04-15,16.98032569885254,16.98032569885254,16.894685449004857,16.894685449004857,200
2021-04-16,16.823841094970703,17.128257526763036,16.823841094970703,17.128257526763036,900
2021-04-19,16.862770080566406,16.887683589290123,16.832406695403748,16.887683589290123,1300
2021-04-20,16.67514419555664,16.738986481672782,16.528775597368057,16.738986481672782,4400
2021-04-21,16.84797477722168,16.84797477722168,16.70082813025298,16.75454875898181,4200
2021-04-22,16.746763229370117,16.84018924883399,16.738977480251492,16.84018924883399,2600
2021-04-23,17.009140014648438,17.009140014648438,16.809050828935895,16.809050828935895,3300
2021-04-26,17.14694595336914,17.33068552205428,17.09711744314357,17.09711744314357,6100
2021-04-27,17.28786277770996,17.315112161244315,17.194435259177876,17.315112161244315,1900
2021-04-28,17.660009384155273,17.660009384155273,17.532324891977506,17.587603260293907,3600
2021-04-29,17.778982162475586,17.798549310568596,17.610702001695834,17.673317771320086,1700
2021-04-30,17.61148452758789,17.7789824229032,17.538694795330773,17.7789824229032,6000
2021-05-03,17.74532699584961,18.6986518415433,17.610702268038672,18.6986518415433,1400
2021-05-04,17.8008975982666,17.868992229037833,17.720279216425723,17.720279216425723,5600
2021-05-05,17.98795509338379,18.111620551980344,17.98795509338379,18.041177654128695,2100
2021-05-06,18.09597396850586,18.09597396850586,17.90812518095033,18.09597396850586,2700
2021-05-07,18.219642639160156,18.219642639160156,18.080322799291707,18.09597711645747,11000
2021-05-10,18.410615921020508,18.941286092754325,18.330781312071714,18.941286092754325,17600
2021-05-11,18.251731872558594,18.47167008212963,18.002051060243392,18.47167008212963,15400
2021-05-12,18.170331954956055,18.54994091599506,18.170331954956055,18.54994091599506,3700
2021-05-13,18.18207359313965,18.346440944115475,17.92378332121585,18.31513230854754,13400
2021-05-14,18.54368019104004,18.61412312901509,18.416884096987285,18.416884096987285,7200
2021-05-17,18.822324752807617,18.86302509109358,18.510810338065408,18.86302509109358,12300
2021-05-18,18.823883056640625,18.893543716006622,18.745614464440536,18.863018845618374,9800
2021-05-19,18.505325317382812,18.784748729422468,18.322956870393952,18.784748729422468,5300
2021-05-20,18.773012161254883,18.773012161254883,18.346441688051083,18.346441688051083,8000
2021-05-21,18.756574630737305,18.863021303446786,18.70491657685786,18.85362811571712,2300
2021-05-24,18.89354133605957,19.692675683925543,18.73856721413567,19.692675683925543,8500
2021-05-25,18.479490280151367,18.823876139336125,18.479490280151367,18.769087547778422,13100
2021-05-26,18.717443466186523,19.497011061059364,18.613345064662017,19.497011061059364,2400
2021-05-27,18.830713272094727,18.92668378595882,18.784301191589467,18.92668378595882,1600
2021-05-28,18.9030818939209,19.099743164767492,18.745752277081053,18.88734863215563,26300
2021-06-01,19.36327362060547,19.540269110820784,19.068281637048884,19.540269110820784,4600
2021-06-02,19.498580932617188,19.666135894296552,19.445874632133876,19.461607900947016,16100
2021-06-03,19.754234313964844,19.791993548469172,19.516667422315674,19.563867215649427,2700
2021-06-04,19.941457748413086,20.012255942226687,19.736929799663436,20.012255942226687,3300
2021-06-07,20.197906494140625,20.31668920990621,20.01225814334916,20.21678611459458,30200
2021-06-08,20.323768615722656,20.374113267482187,20.086987908837546,20.106653741543397,4300
2021-06-09,20.203407287597656,20.342643511408507,20.203407287597656,20.334776880071527,5100
2021-06-10,20.397714614868164,20.74383899660623,20.279718109850425,20.74383899660623,4500
2021-06-11,20.403223037719727,20.52357969427547,20.403223037719727,20.42918158109101,13300
2021-06-14,20.349727630615234,20.70843890931501,20.256117244469912,20.60224160973207,7200
2021-06-15,20.48818016052246,20.50784599607217,20.397716116668136,20.50784599607217,1200
2021-06-16,20.488962173461914,20.586506618312296,20.41344520038364,20.586506618312296,2800
2021-06-17,19.796714782714844,20.40557834234536,19.65590460983565,20.404790628800466,6100
2021-06-18,19.19414710998535,19.52453823197819,19.19414710998535,19.367210055090695,15200
2021-06-21,19.8061580657959,19.8061580657959,19.642535673759525,19.705467247588356,2500
2021-06-22,19.736148834228516,19.736148834228516,19.53240704445235,19.563873583583703,4500
2021-06-23,19.729061126708984,19.78884632865369,19.729061126708984,19.78884632865369,2900
2021-06-24,19.689727783203125,19.705459545205866,19.580384160150015,19.705459545205866,2800
2021-06-25,19.72041130065918,19.7723298786742,19.63466605035134,19.681865848842698,1200
2021-06-28,19.351469039916992,19.72119168301145,19.288537494275246,19.72119168301145,2100
2021-06-29,19.32063865661621,19.398899006502948,19.304038204785886,19.383088621589888,2700
2021-06-30,19.56490707397461,19.594156140593558,19.446332181139198,19.446332181139198,2500
2021-07-01,19.774389266967773,19.81786707911587,19.774389266967773,19.81786707911587,600
2021-07-02,19.841585159301758,19.841585159301758,19.690599406111655,19.714313482806787,4900
2021-07-06,19.5253849029541,19.8415851568649,19.331711399317758,19.8415851568649,8800
2021-07-07,19.29060935974121,19.390212121485167,19.248713175354606,19.327763632446246,5100
2021-07-08,19.191787719726562,19.37439420557015,18.932504030015647,18.932504030015647,4700
2021-07-09,19.659774780273438,19.659774780273438,19.462149387060148,19.462149387060148,2000
2021-07-12,19.538034439086914,19.604436274504657,19.485861353006985,19.604436274504657,900
2021-07-13,19.281906127929688,19.52538095267516,19.232894834630933,19.52538095267516,5800
2021-07-14,18.93172264099121,19.177569293749514,18.93172264099121,19.177569293749514,1100
2021-07-15,18.787845611572266,18.987842656786707,18.787845611572266,18.987051081915904,400
2021-07-16,18.53330421447754,18.53330421447754,18.53330421447754,18.53330421447754,100
2021-07-19,17.909595489501953,18.02342695186999,17.683512698712416,18.02342695186999,12800
2021-07-20,18.35938835144043,18.426580221223798,18.20524087816217,18.20603094502705,1700
2021-07-21,18.66531753540039,18.66531753540039,18.66373740116729,18.66373740116729,300
2021-07-22,18.624216079711914,18.624216079711914,18.553070819652508,18.553070819652508,1400
2021-07-23,18.53409767150879,18.53409767150879,18.41868452377303,18.480344449525568,3000
2021-07-26,18.880332946777344,18.880332946777344,18.774405161436647,18.774405161436647,1600
2021-07-27,18.59970474243164,18.77440606220572,18.53725627294565,18.77440606220572,6400
2021-07-28,18.768085479736328,18.768085479736328,18.584688869861036,18.61709971810274,500
2021-07-29,18.926197052001953,18.981018942942157,18.780801444296102,18.780801444296102,4100
2021-07-30,18.69577980041504,18.69577980041504,18.679095016008613,18.683066934258317,2100
2021-08-02,18.504304885864258,19.02868607611983,18.504304885864258,19.02868607611983,1900
2021-08-03,18.637779235839844,18.637779235839844,18.273890317941305,18.289781021049215,800
2021-08-04,18.355737686157227,18.512256512972904,18.27390187726427,18.51146243194146,2300
2021-08-05,18.3946590423584,18.639369226387224,18.3946590423584,18.448685316638876,1600
2021-08-06,18.43359375,18.487620034661585,18.416908961519336,18.416908961519336,2200
2021-08-09,18.285808563232422,18.48841125011636,18.22304285882266,18.48841125011636,1400
2021-08-10,18.591703414916992,18.591703414916992,18.45345758263854,18.45345758263854,1200
2021-08-11,18.656055450439453,18.69339693929183,18.457426189173315,18.457426189173315,4600
2021-08-12,18.696575164794922,18.696575164794922,18.5638909609984,18.600438370004756,2400
2021-08-13,18.515432357788086,18.678308348242723,18.515432357788086,18.678308348242723,300
2021-08-16,18.318389892578125,18.318389892578125,18.281842474163334,18.281842474163334,1000
2021-08-17,18.21430778503418,18.337458507276686,17.99581583915093,18.337458507276686,5300
2021-08-18,17.89569664001465,18.226215921686173,17.89569664001465,18.114982538557154,9300
2021-08-19,17.49049949645996,17.79718284432002,17.281541109951114,17.79718284432002,5200
2021-08-20,17.643047332763672,17.678006584415726,17.63033597974198,17.678006584415726,1300
2021-08-23,18.069704055786133,18.114196823416496,18.04348423747753,18.059374944608727,900
2021-08-24,18.27468490600586,18.27468490600586,18.242109418356193,18.242109418356193,1000
2021-08-25,18.425643920898438,18.519396952091686,18.34539783644533,18.34539783644533,700
2021-08-26,18.150745391845703,18.42485480331755,18.150745391845703,18.424059207115523,1600
2021-08-27,18.567861557006836,18.63857260693011,18.567861557006836,18.63857260693011,1400
2021-08-30,18.4368896484375,18.783489762592147,18.4368896484375,18.783489762592147,1300
2021-08-31,18.373802185058594,18.46484488247575,18.373802185058594,18.432101255785003,1100
2021-09-01,18.428110122680664,18.43130436300272,18.3849840702257,18.42411617984593,1100
2021-09-02,18.771509170532227,18.771509170532227,18.771509170532227,18.771509170532227,200
2021-09-03,18.78429412841797,18.78429412841797,18.687661117735104,18.73557777179729,1700
2021-09-07,18.631750106811523,18.631750106811523,18.56786075439277,18.59181983276567,5500
2021-09-08,18.59261703491211,18.59261703491211,18.59261703491211,18.59261703491211,100
2021-09-09,18.50318145751953,18.640542940891148,18.482416609040186,18.640542940891148,2000
2021-09-10,18.40414810180664,18.55987833619461,18.40414810180664,18.428107185267343,2200
2021-09-13,18.879322052001953,18.879322052001953,18.527931358662304,18.527931358662304,2200
2021-09-14,18.658111572265625,18.775507897292787,18.658111572265625,18.775507897292787,700
2021-09-15,19.150062561035156,19.150062561035156,18.895303204558466,18.895303204558466,900
2021-09-16,19.048633575439453,19.0542238763668,19.047835396233477,19.0542238763668,500
2021-09-17,18.805057525634766,19.030267457917905,18.805057525634766,19.030267457917905,300
2021-09-20,18.303524017333984,18.303524017333984,18.096681361247033,18.268384330364523,800
2021-09-21,18.382583618164062,18.400154220602644,18.36022241800816,18.36022241800816,1700
2021-09-22,18.70442771911621,18.80026252843291,18.583837170770423,18.583837170770423,2700
2021-09-23,19.145925521850586,19.145925521850586,19.08090485184538,19.08090485184538,300
2021-09-24,19.18526840209961,19.18928291405021,19.18526840209961,19.18928291405021,400
2021-09-27,19.68296241760254,19.70704336517395,19.345815371813377,19.345815371813377,8700
2021-09-28,19.397993087768555,19.514387905568046,19.393978575827507,19.393978575827507,1200
2021-09-29,19.45578384399414,19.45578384399414,19.45578384399414,19.45578384399414,100
2021-09-30,19.40039825439453,19.562551144864997,19.40039825439453,19.42608684151638,1400
2021-10-01,19.633188247680664,19.633188247680664,19.633188247680664,19.633188247680664,600
2021-10-04,19.942237854003906,20.136497605524397,19.942237854003906,20.02572191503472,1900
2021-10-05,19.959897994995117,20.18787382453137,19.810590959515217,20.157369973224764,1200
2021-10-06,19.643617630004883,19.643617630004883,19.562541988262357,19.562541988262357,500
2021-10-07,20.060239791870117,20.068267282513595,19.95588547567945,19.95588547567945,4500
2021-10-08,20.29383659362793,20.306680886062697,20.223196812955276,20.223196812955276,1300
2021-10-11,20.41423797607422,20.67512598601268,20.41423797607422,20.598063323499783,2400
2021-10-12,20.619741439819336,20.718476655861235,20.381329737759263,20.381329737759263,2400
2021-10-13,20.769052505493164,20.769052505493164,20.573186614611547,20.573186614611547,700
2021-10-14,21.172822952270508,21.20814360268146,21.139108412322994,21.20814360268146,4000
2021-10-15,21.32132911682129,21.412839135600652,21.32132911682129,21.39277117588741,3000
2021-10-18,21.33016014099121,21.593455094937678,21.33016014099121,21.593455094937678,1300
2021-10-19,21.322128295898438,21.43290549963323,21.322128295898438,21.356645120326196,3900
2021-10-20,21.43611717224121,21.43611717224121,21.176031418404705,21.20412839649768,1800
2021-10-21,21.042619705200195,21.400641166194077,20.957145434224806,21.400641166194077,2000
2021-10-22,20.992626190185547,21.070035199076266,20.992626190185547,21.070035199076266,700
2021-10-25,21.074867248535156,21.239363840986073,20.997458263498018,21.239363840986073,3100
2021-10-26,20.90876007080078,21.215173922943645,20.87247407823139,21.12647602621711,6700
2021-10-27,20.715242385864258,20.868448595418055,20.666860020532646,20.868448595418055,1200
2021-10-28,20.680566787719727,20.680566787719727,20.562033230569874,20.582191779078542,1000
2021-10-29,20.368511199951172,20.682988906366457,20.360447471838103,20.682988906366457,1900
2021-11-01,20.7813663482666,20.7813663482666,20.674121674073415,20.674121674073415,800
2021-11-02,20.652339935302734,20.69023929001878,20.562028673679244,20.69023929001878,3300
2021-11-03,20.498329162597656,20.561225612803103,20.44269052749233,20.561225612803103,1000
2021-11-04,20.370121002197266,20.521716922487244,20.223365163893682,20.521716922487244,1000
2021-11-05,20.60960578918457,20.60960578918457,20.474138882201128,20.521713789486764,3800
2021-11-08,20.69023895263672,20.747489401339973,20.68298113866104,20.717655310324883,8100
2021-11-09,20.668472290039062,20.668472290039062,20.506394912132304,20.506394912132304,1000
2021-11-10,20.217716217041016,20.279805211760486,20.062089236667624,20.279805211760486,1200
2021-11-11,20.325769424438477,20.35237833594242,20.325769424438477,20.347539792760443,900
2021-11-12,20.249977111816406,20.249977111816406,20.11854126911181,20.126603459021094,1000
2021-11-15,20.27658462524414,20.27658462524414,20.27658462524414,20.27658462524414,300
2021-11-16,20.20240020751953,20.29271149041323,20.054031012194738,20.106442931446292,6700
2021-11-17,19.99355125427246,20.26367915687094,19.95645934471538,20.26367915687094,5700
2021-11-18,19.92340087890625,19.949203882597853,19.89275933139789,19.925012701512724,700
2021-11-19,19.460554122924805,19.711329421425585,19.392819123131652,19.711329421425585,5500
2021-11-22,19.546022415161133,19.68310266818076,19.255734458649375,19.255734458649375,1800
2021-11-23,19.829866409301758,19.829866409301758,19.626665988773176,19.62747190022002,3700
2021-11-24,20.085481643676758,20.085481643676758,20.085481643676758,20.085481643676758,100
2021-11-26,19.590412139892578,19.640648344650486,19.32383849322146,19.640648344650486,1200
2021-11-29,19.35380744934082,19.94853730374837,19.35380744934082,19.94853730374837,2000
2021-11-30,18.82067108154297,19.122086811140647,18.700752330866774,19.122086811140647,5300
2021-12-01,18.499805450439453,19.292236499866213,18.499805450439453,19.09777482627616,3200
2021-12-02,18.84659767150879,18.873335401506026,18.311827617122113,18.311827617122113,3700
2021-12-03,18.76475715637207,18.90655162632922,18.708849180947876,18.887105306814554,3300
2021-12-06,18.951929092407227,19.11398126754894,18.700749611837242,18.700749611837242,4000
2021-12-07,19.30600929260254,19.49479916958788,19.30600929260254,19.37326082778942,1000
2021-12-08,19.32221221923828,19.336796571022326,19.32221221923828,19.336796571022326,300
2021-12-09,19.022422790527344,19.022422790527344,18.927623698567842,19.016751010355982,2700
2021-12-10,18.982717514038086,18.982717514038086,18.854697572791526,18.854697572791526,200
2021-12-13,18.614046096801758,19.065360448552532,18.614046096801758,19.065360448552532,800
2021-12-14,18.429311752319336,18.619721257671443,18.429311752319336,18.619721257671443,4200
2021-12-15,18.528162002563477,18.652131323102772,18.133565380393616,18.319925812924183,8200
2021-12-16,18.60027503967285,18.85469683234932,18.60027503967285,18.652132409686633,2800
2021-12-17,18.473876953125,18.545990464999562,18.417970513365404,18.441467445227325,12700
2021-12-20,18.231605529785156,18.231605529785156,17.947205252594546,18.052539604409557,18800
2021-12-21,18.607566833496094,18.700746276679194,18.58731070157695,18.603514679845983,1800
2021-12-22,18.70560646057129,18.716950017000674,18.4900773429693,18.4900773429693,1400
2021-12-23,18.825525283813477,18.870089701004837,18.75746393920578,18.76556670100819,2400
2021-12-27,19.041053771972656,19.130182603319632,18.579207183072402,19.130182603319632,5700
2021-12-28,19.04267692565918,19.105876308526003,19.00135330120386,19.00135330120386,1300
2021-12-29,18.932479858398438,18.95921912772618,18.87090164857507,18.87090164857507,2100
2021-12-30,18.919519424438477,19.11398110569542,18.919519424438477,19.11398110569542,58900
2021-12-31,19.082399368286133,19.082399368286133,18.943943998835557,18.943943998835557,5300
2022-01-03,19.450529098510742,19.505096323616645,19.14755649201061,19.261578023105592,5700
2022-01-04,19.68915557861328,19.73395018459685,19.676939432772848,19.701373277880197,1300
2022-01-05,19.573518753051758,20.067070626947082,19.573518753051758,19.953863045500658,3100
2022-01-06,19.95548439025879,19.95548439025879,19.725810230885205,19.754315613533198,2300
2022-01-07,20.12162971496582,20.12162971496582,19.905802801332637,19.99050495407032,3400
2022-01-10,20.057292938232422,20.393658060001872,19.92127952229305,20.393658060001872,1000
2022-01-11,20.5198974609375,20.5198974609375,20.147697852131856,20.147697852131856,3400
2022-01-12,20.745500564575195,20.75201563896178,20.625777917228035,20.625777917228035,2300
2022-01-13,20.54595947265625,20.845674616268056,20.54595947265625,20.776447685026326,1100
2022-01-14,20.777259826660156,20.777259826660156,20.643691504746737,20.643691504746737,500
2022-01-18,20.75690460205078,21.069651502352343,20.4946534163886,21.069651502352343,6200
2022-01-19,20.601341247558594,20.686857412568422,20.601341247558594,20.686857412568422,2000
2022-01-20,20.271499633789062,20.7194445221329,20.271499633789062,20.336655056202808,13300
2022-01-21,19.972593307495117,20.124892872402185,19.839838964746747,20.027160547899545,13300
2022-01-24,19.87811851501465,19.87811851501465,19.098697185697347,19.750251244559266,5400
2022-01-25,20.120817184448242,20.190045657316677,19.62807947047921,19.79096716215576,4300
2022-01-26,20.213665008544922,20.703145211527996,20.213665008544922,20.703145211527996,16500
2022-01-27,20.167835235595703,20.295505775351003,20.002518674892862,20.2889590484839,1900
2022-01-28,20.24559211730957,20.288148980429302,20.00170849554746,20.042627895826982,10600
2022-01-31,20.607309341430664,20.648228711266036,20.35360581430879,20.35360581430879,3000
2022-02-01,20.87984848022461,20.87984848022461,20.644149092562415,20.852840494494412,8500
2022-02-02,21.00096893310547,21.00096893310547,20.761178251365045,20.838107765010847,14500
2022-02-03,20.77590560913086,20.885571864332057,20.697340207514866,20.697340207514866,4200
2022-02-04,20.959228515625,21.065619849182617,20.730075909765123,20.86920399886319,11900
2022-02-07,21.04924964904785,21.098354778107186,20.885570568439586,21.09017058993063,4600
2022-02-08,20.884754180908203,20.951045646761983,20.8201017382989,20.8201017382989,2000
2022-02-09,21.009153366088867,21.081991566020736,20.95104764506825,21.081991566020736,2000
2022-02-10,20.811920166015625,21.253855522408664,20.811920166015625,20.82010435644555,4600
2022-02-11,21.419986724853516,21.419986724853516,21.24566647440433,21.33487303701219,5600
2022-02-14,21.009967803955078,21.286586496994182,20.975593589104736,21.104083626850116,4300
2022-02-15,20.982145309448242,21.016517968948506,20.86920567910478,21.000149589860413,3600
2022-02-16,21.06398582458496,21.22930239625882,21.06398582458496,21.221118206644576,1700
2022-02-17,20.90848731994629,21.05743549797365,20.90848731994629,21.04925130915163,1800
2022-02-18,20.66951560974121,20.910124216469395,20.640052216384557,20.910124216469395,1400
2022-02-22,20.273412704467773,20.721896365662577,20.001704753061446,20.721896365662577,4800
2022-02-23,20.498464584350586,20.55820774414773,20.44363068793917,20.468183248764017,12600
2022-02-24,20.639089584350586,20.639089584350586,20.376762915758423,20.451597100234178,5400
2022-02-25,21.11111831665039,21.11111831665039,20.90882238928462,20.90882238928462,9200
2022-02-28,21.727874755859375,21.75912220462266,21.37262285280029,21.37262285280029,6400
2022-03-01,21.865198135375977,22.112721388310504,21.70072951325945,22.112721388310504,8800
2022-03-02,22.501689910888672,22.593791588437213,22.129169053892568,22.129169053892568,9900
2022-03-03,22.581459045410156,22.737704108100424,22.433439140665456,22.737704108100424,15600
2022-03-04,22.86927604675293,22.86927604675293,22.45810602722884,22.77059612042107,23700
2022-03-07,22.692466735839844,23.247547054640446,22.581450672079725,23.231099881826637,17000
2022-03-08,22.629152297973633,23.214658302210406,22.629152297973633,22.95150974774297,2800
2022-03-09,22.41616439819336,22.58967691577703,22.211401307494114,22.490997004263622,3000
2022-03-10,22.649709701538086,22.680136820673603,22.449881059231622,22.45810464733552,4300
2022-03-11,22.2952823638916,22.565010732894017,22.2952823638916,22.552674565942194,5300
2022-03-14,21.632478713989258,22.23607730784327,21.512417133321662,22.23607730784327,10900
2022-03-15,21.460613250732422,21.528867640931857,21.027239594787407,21.495973278599322,3100
2022-03-16,21.61520767211914,21.627542270714844,21.43840443929804,21.5699787192827,3300
2022-03-17,21.958955764770508,22.178520822606067,21.86603214948023,21.914550247376628,7200
2022-03-18,22.048580169677734,22.06338200098432,21.898913374604543,22.005818452298115,9000
2022-03-21,22.566650390625,22.639017328570183,22.367645232497836,22.400538011891143,5800
2022-03-22,22.580631256103516,22.639018255438106,22.435900511265377,22.449878884349857,12800
2022-03-23,22.899703979492188,22.951511177926214,22.74592616087672,22.74592616087672,4600
2022-03-24,23.206111907958984,23.319260938435892,23.125174151291617,23.125174151291617,6700
2022-03-25,23.951066970825195,23.975844503756825,23.57528305205264,23.57528305205264,3300
2022-03-28,23.544729232788086,23.901518536201834,23.38120126151269,23.901518536201834,15500
2022-03-29,23.6942195892334,23.70330579034388,23.133434946459165,23.58767884032472,4000
2022-03-30,23.87674331665039,24.025405409569274,23.806542647926225,24.025405409569274,9400
2022-03-31,23.728076934814453,23.951070033886143,23.6950417952912,23.918033319085627,5300
2022-04-01,24.141027450561523,24.141027450561523,23.827186522921366,23.827186522921366,6200
2022-04-04,24.094776153564453,24.141026293825163,23.934551553217126,24.09973197581446,10500
2022-04-05,23.79745101928711,24.36401836413904,23.79745101928711,24.36401836413904,18600
2022-04-06,23.87096405029297,24.0749609348105,23.678529703959967,23.678529703959967,8100
2022-04-07,23.951066970825195,23.951066970825195,23.52159918500597,23.711555544983952,27000
2022-04-08,24.211231231689453,24.240137572584242,23.90151908615033,23.931250872419987,15000
2022-04-11,23.89656639099121,24.339247762585664,23.843709525087675,24.339247762585664,5600
2022-04-12,24.159196853637695,24.364019126170664,24.08321335598245,24.198838705373866,7800
2022-04-13,24.297954559326172,24.41357994339108,24.091479759051573,24.091479759051573,19100
2022-04-14,24.573801040649414,24.768713274364796,24.380541273015304,24.434223579132983,17000
2022-04-18,24.515989303588867,24.96692982899869,24.463132440832148,24.96692982899869,13800
2022-04-19,24.671255111694336,24.735676079082054,24.587014004639855,24.719157720749063,8700
2022-04-20,24.88763999938965,25.032997133119803,24.74393218094891,24.77696889560947,8500
2022-04-21,24.431583404541016,25.091627131463344,24.361929229631805,24.950662871898775,12400
2022-04-22,23.76573371887207,24.42826526450914,23.6488173176277,24.36192923537932,21100
2022-04-25,23.201040267944336,23.4249248853648,22.51197485467486,23.4249248853648,8800
2022-04-26,23.09242057800293,23.458098224674956,23.002036702875827,23.458098224674956,7000
2022-04-27,23.28230857849121,23.424931906605533,23.051790765728462,23.05593765705801,2900
2022-04-28,23.78314971923828,23.87270487179972,23.09740056025086,23.09740056025086,5200
2022-04-29,23.068374633789062,24.1380448251533,23.068374633789062,24.1380448251533,5600
2022-05-02,23.075841903686523,23.075841903686523,22.64134031091617,22.928242917625088,54400
2022-05-03,23.726755142211914,23.83952620044678,23.3005459244039,23.3005459244039,8800
2022-05-04,24.544353485107422,24.544353485107422,23.831240015315338,24.44484865474607,9400
2022-05-05,23.923274993896484,24.453134317659064,23.756605436088748,24.395090507790737,8400
2022-05-06,24.14052963256836,24.14633401431085,23.532723877482283,23.963908780603553,35000
2022-05-09,22.786449432373047,24.13804832364069,22.720113397202454,24.13804832364069,19000
2022-05-10,22.612321853637695,23.133889277601288,22.293907880667117,22.910833272873,13800
2022-05-11,22.62807273864746,23.37932919147249,22.62807273864746,23.201050794665417,21100
2022-05-12,22.653776168823242,22.761573208782522,22.27234438207687,22.595732338803206,15300
2022-05-13,23.37518310546875,23.531072708887987,23.118129585555913,23.118129585555913,22400
2022-05-16,23.866065979003906,23.955619534297245,23.375179706908895,23.375179706908895,6400
2022-05-17,24.35446548461914,24.453139984261444,24.038539438753638,24.038539438753638,13300
2022-05-18,23.832061767578125,24.303877269171405,23.60900747810305,24.29558507060995,10000
2022-05-19,23.622282028198242,23.831239797685413,23.55760349366011,23.831239797685413,7200
2022-05-20,23.706857681274414,23.885136030055467,23.27567276414929,23.83952972014746,5600
2022-05-23,23.93488883972168,24.021954573017226,23.777340192632927,23.777340192632927,5700
2022-05-24,23.932401657104492,24.212672665408448,23.511167980620886,24.212672665408448,7900
2022-05-25,24.444847106933594,24.51118312911565,24.200232728591843,24.30388286209978,207100
2022-05-26,24.65549087524414,24.794533266784285,24.553081380227912,24.794533266784285,16400
2022-05-27,25.053462982177734,25.152540750828788,24.736245790334124,25.044304759837445,8700
2022-05-31,24.877796173095703,25.585498208945253,24.7862123247198,25.585498208945253,10700
2022-06-01,25.229148864746094,25.302416257762875,24.84449227233831,25.169201949710647,7700
2022-06-02,25.45811653137207,25.553032104322316,25.144230863432952,25.144230863432952,12300
2022-06-03,25.452287673950195,25.527220935227074,25.306584992600776,25.402332695778984,7800
2022-06-06,25.38567543029785,25.793644444528834,25.269113308528944,25.793644444528834,16000
2022-06-07,25.91853141784668,25.91853141784668,25.227481636949225,25.227481636949225,10500
2022-06-08,25.618804931640625,26.08505507354405,25.400665400465925,26.08505507354405,6300
2022-06-09,24.83616828918457,25.535544259884258,24.83616828918457,25.535544259884258,8300
2022-06-10,24.40654754638672,24.636343246279864,24.128462734635225,24.43235795598399,9400
2022-06-13,23.121023178100586,23.85869760335595,22.979482823780128,23.670532415335476,20800
2022-06-14,22.84127426147461,23.60392701268107,22.72970655263249,23.279215830130724,18300
2022-06-15,22.61064910888672,22.996139368751354,22.288437462819328,22.79631634633794,7000
2022-06-16,21.533281326293945,22.16355208988217,21.455850093744047,22.16355208988217,7700
2022-06-17,20.936309814453125,21.647341810134993,20.63741060197083,21.239372866585654,23000
2022-06-21,21.798046112060547,22.022013737865592,21.189423450430823,21.189423450430823,9700
2022-06-22,21.10532569885254,21.505800669606355,21.097831740572456,21.505800669606355,7600
2022-06-23,20.646059036254883,21.214913423277974,20.353266149335013,21.214913423277974,8800
2022-06-24,20.9790096282959,21.16807146880729,20.654429268920858,20.654429268920858,3800
2022-06-27,21.506874084472656,21.591365535078126,21.3320353559484,21.3320353559484,1300
2022-06-28,21.84233283996582,22.227145282488245,21.71684899553225,22.160221310067243,16900
2022-06-29,21.542850494384766,21.87579661847288,21.49516618108805,21.87579661847288,7900
2022-06-30,21.250051498413086,21.373859949612374,21.022508752837698,21.156358271431333,20900
2022-07-01,21.50938606262207,21.50938606262207,20.86356962186977,21.081072940266683,3700
2022-07-05,20.998245239257812,21.382221452933816,20.46619961028262,21.382221452933816,11900
2022-07-06,20.56658935546875,20.835122895538767,20.010284208740334,20.835122895538767,13000
2022-07-07,21.44413185119629,21.486794820339735,20.629331049569966,20.629331049569966,4700
2022-07-08,21.528627395629883,21.591367725096358,21.323671823281817,21.323671823281817,1600
2022-07-11,21.352951049804688,21.43242436795012,21.08943719731038,21.30694051731911,5400
2022-07-12,20.984865188598633,21.0727041897773,20.842653157989705,20.91375917329417,5900
2022-07-13,21.14297103881836,21.365494029526857,20.981516177718756,20.981516177718756,7000
2022-07-14,20.963123321533203,20.963123321533203,20.378374899097114,20.863574225475915,8700
2022-07-15,21.257572174072266,21.257572174072266,21.064329960079476,21.16471506990643,41000
2022-07-18,21.730236053466797,21.875795664479107,21.730236053466797,21.758679102881498,1000
2022-07-19,22.244709014892578,22.244709014892578,21.967811384970332,21.967811384970332,2900
2022-07-20,22.397798538208008,22.45133706970281,22.20622843722665,22.294065838394577,2800
2022-07-21,22.275955200195312,22.275955200195312,21.865040080382865,21.88184679840497,2000
2022-07-22,22.150745391845703,22.315446722218887,22.041503339728386,22.310404386822295,1300
2022-07-25,22.828880310058594,22.828880310058594,22.083520236584874,22.259985948550124,17200
2022-07-26,23.012910842895508,23.528865520358437,22.93644236333191,23.520462161767952,15000
2022-07-27,23.37761116027832,23.37761116027832,23.11711342288822,23.20114541640092,3300
2022-07-28,23.58936882019043,23.58936882019043,23.075093851043153,23.150722475836083,1800
2022-07-29,23.84650421142578,23.982636049233093,23.62886156248609,23.62886156248609,6900
2022-08-01,23.70532989501953,23.70532989501953,23.474243156634884,23.621299519444516,1300
2022-08-02,23.522987365722656,23.663320112430956,23.44483755992123,23.44483755992123,1700
2022-08-03,23.43979263305664,23.478448405489033,23.27677259533082,23.478448405489033,15500
2022-08-04,22.840646743774414,23.369205674975813,22.823000170991815,23.369205674975813,13700
2022-08-05,22.93056297302246,22.999469560213672,22.83224542856109,22.88182412835607,8200
2022-08-08,23.166690826416016,23.242319456067793,22.806194251557407,22.806194251557407,5400
2022-08-09,23.391056060791016,23.453238996598383,23.243159821349185,23.412063657760555,4900
2022-08-10,23.75827407836914,23.801970584162834,23.335594570670207,23.52886702225802,4600
2022-08-11,24.36330223083496,24.453216413096495,24.117090051967466,24.13389516794123,1100
2022-08-12,24.490188598632812,24.490188598632812,24.293555123534592,24.452375886647314,7900
2022-08-15,24.20867919921875,24.285147670935533,23.856586043458382,23.856586043458382,8300
2022-08-16,24.444812774658203,24.503634686837156,24.142298251707135,24.175911688824765,4700
2022-08-17,24.337244033813477,24.646480501605314,24.192710468854454,24.646480501605314,4200
2022-08-18,24.95572853088379,24.991021682960778,24.755732399670418,24.83388220903108,2300
2022-08-19,24.628843307495117,25.007826336161603,24.61119673291563,25.007826336161603,3600
2022-08-22,24.521282196044922,24.87337543023399,24.394395152471652,24.87337543023399,5000
2022-08-23,25.021265029907227,25.133868102526833,24.81958924847313,24.81958924847313,6600
2022-08-24,25.31622314453125,25.33554942944816,25.117066884378573,25.209502238809513,5000
2022-08-25,25.2833194732666,25.39468484142612,25.20063946552109,25.39468484142612,4900
2022-08-26,24.90450668334961,25.128082237177242,24.90450668334961,25.128082237177242,5300
2022-08-29,24.880033493041992,25.048769529637045,24.820976362989555,24.820976362989555,8900
2022-08-30,24.146039962768555,25.03190029804098,24.020331929861957,25.03190029804098,4000
2022-08-31,23.909809112548828,24.103854459099118,23.850751973093207,23.88449822027369,3700
2022-09-01,23.47025489807129,23.56390311343968,23.319235966943847,23.319235966943847,6200
2022-09-02,23.85834503173828,24.03636127978979,23.786633247980834,24.03636127978979,13900
2022-09-06,23.58077621459961,23.833878707643382,23.58077621459961,23.833878707643382,6700
2022-09-07,23.59343147277832,23.59343147277832,23.416258435670628,23.547028972364725,3600
2022-09-08,23.719139099121094,23.719139099121094,23.521717672349396,23.547028565552193,3100
2022-09-09,24.18062973022461,24.26415455172119,23.985741162043297,23.985741162043297,9200
2022-09-12,24.481822967529297,24.481822967529297,24.331648861341893,24.331648861341893,2200
2022-09-13,23.909809112548828,24.490258724893174,23.87606125618198,24.490258724893174,9400
2022-09-14,24.472543716430664,24.575472112624073,24.095419595506094,24.095419595506094,2500
2022-09-15,24.175569534301758,24.386488823736364,24.175569534301758,24.386488823736364,3300
2022-09-16,23.547029495239258,23.585838245666665,23.27705306049585,23.487972351287446,3900
2022-09-19,23.675268173217773,23.675268173217773,23.437351566931987,23.509063351540068,2000
2022-09-20,23.395170211791992,23.43735504062531,23.15894160707215,23.310802163312044,3100
2022-09-21,23.09903907775879,23.715767904230916,23.083009969618026,23.715767904230916,6200
2022-09-22,22.633817672729492,22.955827226678245,22.633817672729492,22.904984208364912,4400
2022-09-23,21.190711975097656,22.21859695743636,21.083092606065556,22.21859695743636,4400
2022-09-26,20.559404373168945,21.04919734870137,20.447548761631495,20.964457906206544,7700
2022-09-27,20.766172409057617,21.10851793805127,20.608556923172006,20.895823179333874,19100
2022-09-28,21.613554000854492,21.650838116504737,21.083086115602722,21.083086115602722,5700
2022-09-29,21.287311553955078,21.532207200957757,20.913612100822885,21.532207200957757,4000
2022-09-30,21.16020393371582,21.43052190413883,21.100038272846955,21.100038272846955,1800
2022-10-03,21.872865676879883,21.988110628514022,21.711013942567288,21.97285788166506,9000
2022-10-04,22.55586051940918,22.55586051940918,22.33977645989218,22.33977645989218,10700
2022-10-05,22.622800827026367,22.79482047192534,22.133856442388876,22.79482047192534,15500
2022-10-06,22.260969161987305,22.557556431222725,22.171144924038963,22.557556431222725,3100
2022-10-07,22.103347778320312,22.354175127609476,22.103347778320312,22.33722853502046,6400
2022-10-10,21.675416946411133,22.108433518960357,21.566103742208163,22.108433518960357,8200
2022-10-11,21.75676727294922,21.941498893979556,21.438995589607583,21.438995589607583,2300
2022-10-12,21.685585021972656,21.712701187705733,21.5101760621757,21.52373333690712,4900
2022-10-13,22.523653030395508,22.523653030395508,21.650839706329936,21.701684330755562,9800
2022-10-14,21.794898986816406,22.142329216113392,21.744055972260096,22.141482290480702,6800
2022-10-17,22.279603958129883,22.32027901048623,21.998269526223513,21.998269526223513,1700
2022-10-18,22.582971572875977,24.574340900103955,22.353328671700805,24.574340900103955,17600
2022-10-19,22.66516876220703,22.735502376280536,22.608394038851024,22.701607573892094,900
2022-10-20,22.485523223876953,22.845663803112227,22.405021649391617,22.710081353310457,4300
2022-10-21,22.88465118408203,22.88465118408203,22.481293044659363,22.68466677423015,2300
2022-10-24,22.624496459960938,22.913458130503848,22.608396790527728,22.913458130503848,9600
2022-10-25,22.86685562133789,22.89651418866935,22.625349220912756,22.89651418866935,1900
2022-10-26,23.154117584228516,23.201571286471797,23.13378005237132,23.201571286471797,3600
2022-10-27,23.4486026763916,23.66989640530829,23.354979592795853,23.354979592795853,41100
2022-10-28,23.516693115234375,23.516693115234375,23.176241846291003,23.295401007970963,9300
2022-10-31,23.770336151123047,23.857152343555033,23.432438400175396,23.465632062740504,7700
2022-11-01,23.871618270874023,23.96779497463401,23.831614450503125,23.92779277766301,15400
2022-11-02,23.635854721069336,23.91672724991727,23.635854721069336,23.91672724991727,2800
2022-11-03,23.82820701599121,23.87842363847208,23.67415287940748,23.67415287940748,7900
2022-11-04,24.040990829467773,24.35846126935384,23.75501109874319,24.35846126935384,14300
2022-11-07,24.216323852539062,24.35931453536046,24.155042131329893,24.163553616781154,2700
2022-11-08,24.240156173706055,24.367825212948063,23.99332958095816,24.044396871974982,7400
2022-11-09,23.414566040039062,24.061424469757142,23.397543065293796,24.061424469757142,1800
2022-11-10,24.09120750427246,24.10823047452401,23.83161288983564,24.048650078643593,7700
2022-11-11,24.32186508178711,24.427405556590976,24.27334977554344,24.427405556590976,2500
2022-11-14,24.133764266967773,24.492089201004415,24.133764266967773,24.39335889173584,1500
2022-11-15,24.274200439453125,24.401869469873994,24.174617848960942,24.401869469873994,9100
2022-11-16,24.144832611083984,24.172068394197314,23.984820558968067,24.035037193589556,3900
2022-11-17,23.816295623779297,23.908217401022032,23.72862877789225,23.89970591491067,5300
2022-11-18,24.023967742919922,24.095462269404923,23.712455181778225,23.746499498647367,3600
2022-11-21,23.70734977722168,23.746501312802163,23.26135799070512,23.576276468652274,5300
2022-11-22,24.429962158203125,24.46145449896559,24.15504744886658,24.189093398166563,4300
2022-11-23,24.315053939819336,24.580604798107093,24.214620691875982,24.580604798107093,3100
2022-11-25,24.391124725341797,24.513349282772896,24.29966946214935,24.29966946214935,1300
2022-11-28,24.011627197265625,24.23129000887073,23.92359057058427,23.92359057058427,9700
2022-11-29,24.211633682250977,24.25693337543554,24.06034832478762,24.06034832478762,2300
2022-11-30,24.573177337646484,24.573177337646484,24.188553040262573,24.188553040262573,4000
2022-12-01,24.3765926361084,24.71847999932746,24.3765926361084,24.624460363099388,6400
2022-12-02,24.390270233154297,24.390270233154297,24.308218233766492,24.308218233766492,600
2022-12-05,23.849231719970703,24.393688782580114,23.795384640640734,24.393688782580114,6500
2022-12-06,23.303922653198242,23.966331456407296,23.287683754957516,23.96547557631731,13400
2022-12-07,23.164602279663086,23.419308922649176,23.085968911226527,23.35520595212436,14800
2022-12-08,22.974010467529297,23.171451486838794,22.9150345998167,23.171451486838794,2700
2022-12-09,22.665443420410156,22.940663432889206,22.665443420410156,22.936388923955363,5700
2022-12-12,23.078279495239258,23.078279495239258,22.735537789934934,22.735537789934934,4200
2022-12-13,23.527008056640625,23.650088524863357,23.40221908844839,23.607353202152947,3200
2022-12-14,23.361190795898438,23.393670223737598,23.231273084541805,23.393670223737598,1700
2022-12-15,22.915023803710938,23.128703627099416,22.8928018976394,23.128703627099416,1700
2022-12-16,22.65604591369629,22.65604591369629,22.350910804038858,22.59023281029421,900
2022-12-19,22.201337814331055,22.422709184526088,22.201337814331055,22.419290554558497,1300
2022-12-20,22.382535934448242,22.382535934448242,22.342363368417455,22.350910757578212,2300
2022-12-21,22.795364379882812,22.795364379882812,22.543222114716826,22.543222114716826,2500
2022-12-22,22.442485809326172,22.4948600443621,22.091325259151276,22.4948600443621,3400
2022-12-23,22.969654083251953,23.00142219388894,22.833997258212175,22.833997258212175,700
2022-12-27,23.173147201538086,23.224661705728053,22.976531681874544,23.224661705728053,6700
2022-12-28,22.60991096496582,22.888950929110823,22.58071881969751,22.86405097573908,6200
2022-12-29,22.92500877380371,22.92500877380371,22.793645771823755,22.793645771823755,5800
2022-12-30,22.864055633544922,22.958500250670838,22.76961265403548,22.76961265403548,6300
2023-01-03,22.400419235229492,22.643397275585503,22.21153166061158,22.59789283200498,6300
2023-01-04,22.617639541625977,22.743850621065466,22.36607385601217,22.36607385601217,3000
2023-01-05,22.623645782470703,22.623645782470703,22.486272734246896,22.499150945762906,2000
2023-01-06,23.092437744140625,23.092437744140625,22.924156286639487,22.924156286639487,4100
2023-01-09,23.346572875976562,23.490815732519412,23.181725534686464,23.181725534686464,18600
2023-01-10,23.370615005493164,23.473645625801957,23.32768653564059,23.370615005493164,4200
2023-01-11,23.672840118408203,23.69602221566819,23.533749172464642,23.69602221566819,2400
2023-01-12,24.083240509033203,24.134756642478607,23.69687933389047,23.69687933389047,9700
2023-01-13,24.126169204711914,24.16909767578143,23.973341948069653,24.040310624956685,9200
2023-01-17,23.955312728881836,24.143343841172193,23.902940119561524,24.126171795853637,4200
2023-01-18,23.536319732666016,24.143338126299465,23.536319732666016,24.130458276551096,5000
2023-01-19,23.719205856323242,23.803348234047025,23.50885400605524,23.559510399860923,3500
2023-01-20,23.801624298095703,23.825664503417844,23.593846834140493,23.593846834140493,5000
2023-01-23,24.035154342651367,24.096114594688284,23.945861697854454,23.963033738226763,12600
2023-01-24,23.89006233215332,23.945869024013334,23.688294890088393,23.688294890088393,7300
2023-01-25,23.725202560424805,23.725202560424805,23.524294958037903,23.56808316325153,3100
2023-01-26,23.99339485168457,23.998569262981814,23.688130901288595,23.714001313015974,15000
2023-01-27,23.895084381103516,24.02443476856633,23.817476451287728,23.817476451287728,8100
2023-01-30,23.610515594482422,24.076173024281122,23.610515594482422,24.076173024281122,24000
2023-01-31,23.998565673828125,23.998565673828125,23.610517779746885,23.614830336769227,6000
2023-02-01,23.825239181518555,23.998567141826786,23.498417405949223,23.998567141826786,10400
2023-02-02,23.981321334838867,23.981321334838867,23.77436298381405,23.895088277388833,18000
2023-02-03,23.838178634643555,24.0934287900976,23.826106103288232,24.02444266167303,41700
2023-02-06,23.705371856689453,23.757111022320924,23.584646588629884,23.757111022320924,14900
2023-02-07,23.958908081054688,23.964082493532622,23.54585312134917,23.71400672404914,9100
2023-02-08,23.745044708251953,23.88646765327661,23.645015409224637,23.88646765327661,10200
2023-02-09,23.463924407958984,23.78298622401057,23.463924407958984,23.78298622401057,7000
2023-02-10,23.97701644897461,23.98132736278926,23.6622671082115,23.6622671082115,1100
2023-02-13,23.95285987854004,24.11066457764676,23.95285987854004,24.015809716454985,5400
2023-02-14,23.984771728515625,24.076179202135958,23.984771728515625,24.076179202135958,1500
2023-02-15,24.003740310668945,24.012363780036345,23.713997990007044,23.713997990007044,7700
2023-02-16,23.822656631469727,24.024442246071185,23.822656631469727,23.860599577112524,1600
2023-02-17,23.3897647857666,23.43805490120255,23.351821847313204,23.43805490120255,2500
2023-02-21,22.86460304260254,23.308702627491105,22.791306026943897,23.308702627491105,2800
2023-02-22,23.048282623291016,23.048282623291016,22.937904514799758,22.937904514799758,1100
2023-02-23,23.517772674560547,23.563681703183914,23.40516528031565,23.40516528031565,2100
2023-02-24,23.42075538635254,23.42075538635254,23.2145951625876,23.313344094029137,2500
2023-02-27,23.358383178710938,23.62950858206806,23.318537647561023,23.587064177903308,6000
2023-02-28,23.026630401611328,23.30988286971406,23.026630401611328,23.301220507572562,2100
2023-03-01,23.18687629699707,23.18687629699707,23.067338031431664,23.067338031431664,5900
2023-03-02,23.472732543945312,23.474465677335175,23.14530250739953,23.153964869995388,2100
2023-03-03,23.775903701782227,23.907568942486833,23.33586634698145,23.33586634698145,2600
2023-03-06,23.62432098388672,23.717004792415164,23.587940052948067,23.706610948794136,1400
2023-03-07,23.319408416748047,23.457137151003312,23.301217953897464,23.370515191258235,1800
2023-03-08,23.23192024230957,23.338465795839365,23.212864039381696,23.309879839271126,2300
2023-03-09,22.925277709960938,23.197270536435862,22.925277709960938,23.197270536435862,1100
2023-03-10,22.495637893676758,22.954733151490124,22.495637893676758,22.954733151490124,2400
2023-03-13,22.337120056152344,22.60737977675838,22.088515412378054,22.088515412378054,9400
2023-03-14,22.423744201660156,22.752907373679456,22.35704582664425,22.564937573730614,2000
2023-03-15,21.4475154876709,21.655407198515473,21.239623776826324,21.655407198515473,7000
2023-03-16,21.64501953125,21.72297749940183,21.153007852035365,21.222305108752376,9200
2023-03-17,21.274269104003906,21.42152592197712,21.196309514948894,21.42152592197712,2400
2023-03-20,21.52806854248047,21.65540174963719,21.27426621623428,21.27426621623428,9500
2023-03-21,21.8892879486084,21.988902632361054,21.8026659816393,21.8026659816393,1500
2023-03-22,21.55319595336914,22.0538682546929,21.55319595336914,22.0538682546929,2800
2023-03-23,21.222442626953125,21.723801477827873,21.090139274047697,21.723801477827873,5000
2023-03-24,21.379976272583008,21.379976272583008,21.064016931707904,21.064016931707904,700
2023-03-27,21.734243392944336,21.734243392944336,21.512288487958262,21.577570221286578,2100
2023-03-28,21.931821823120117,21.931821823120117,21.708125453449295,21.708125453449295,3300
2023-03-29,22.262577056884766,22.2651885244903,22.134626765493454,22.25648418586613,2400
2023-03-30,22.40271759033203,22.421866141622825,22.28260002634802,22.369641763440537,20200
2023-03-31,22.636859893798828,22.63947136193238,22.413163492494917,22.56113395865852,10200
2023-04-03,22.895368576049805,22.90929418942769,22.779602368794997,22.88231123827953,600
2023-04-04,22.655139923095703,22.900596360572493,22.535893938783023,22.900596360572493,2500
2023-04-05,22.786575317382812,22.78744525349704,22.68299481336988,22.68299481336988,1100
2023-04-06,22.723033905029297,22.857077107540462,22.723033905029297,22.857077107540462,2200
2023-04-10,22.86578369140625,22.951083919552183,22.71781319638058,22.71781319638058,2200
2023-04-11,23.07293701171875,23.172164500410393,23.031156841724037,23.031156841724037,2400
2023-04-12,23.08599281311035,23.214813058457416,23.085121216997155,23.126901384206015,3400
2023-04-13,23.22699737548828,23.249628989745876,23.171291596086924,23.171291596086924,9000
2023-04-14,23.30185317993164,23.404562058783807,23.20088583300195,23.404562058783807,7600
2023-04-17,23.118196487426758,23.334930061987077,23.10514080805716,23.2139425632919,4700
2023-04-18,23.09905242919922,23.15301834935863,22.996343525717336,23.13822113510954,10000
2023-04-19,22.941511154174805,22.961529648118177,22.859692325429467,22.859692325429467,700
2023-04-20,22.82312774658203,22.865777849758942,22.656878673711947,22.865777849758942,5200
2023-04-21,22.850114822387695,22.850114822387695,22.686475527803093,22.691698464696405,4800
2023-04-24,22.98328399658203,23.057268395259687,22.852720558614042,22.852720558614042,1700
2023-04-25,22.62902069091797,22.717803947899558,22.62902069091797,22.717803947899558,1100
2023-04-26,22.509780883789062,22.678641445124686,22.421869198792155,22.64817708201602,2700
2023-04-27,22.785242080688477,22.849952487905107,22.553507535825485,22.553507535825485,1700
2023-04-28,23.128908157348633,23.278444115543373,23.059826127361013,23.059826127361013,137500
2023-05-01,23.10267448425293,23.234718931842345,23.077313717448614,23.129783234195084,1600
2023-05-02,22.456436157226562,22.456436157226562,22.316520802246917,22.456436157226562,2600
2023-05-03,22.220325469970703,22.394344815579608,22.220325469970703,22.386475557793645,5100
2023-05-04,22.20458984375,22.281542794361755,22.089159583871005,22.281542794361755,3000
2023-05-05,22.744142532348633,22.85257587089875,22.744142532348633,22.85257587089875,800
2023-05-08,22.62433624267578,22.88667880731525,22.5526305759874,22.86743931846292,25300
2023-05-09,22.735395431518555,22.82371694673092,22.587609133190007,22.587609133190007,1600
2023-05-10,22.70128631591797,22.823713497729052,22.624333374034094,22.823713497729052,6900
2023-05-11,22.505407333374023,22.526394804316592,22.417085824288613,22.526394804316592,2500
2023-05-12,22.588483810424805,22.588483810424805,22.50365992671681,22.583238193108034,1800
2023-05-15,22.76774787902832,22.858693029116786,22.683799664431564,22.683799664431564,14500
2023-05-16,22.329639434814453,22.59635362642522,22.329639434814453,22.59635362642522,1300
2023-05-17,22.436325073242188,22.50890640072379,22.35237685204822,22.50890640072379,18300
2023-05-18,22.477426528930664,22.477426528930664,22.421459378960314,22.457313047735838,2300
2023-05-19,22.52202033996582,22.587606391741293,22.43982011134951,22.587606391741293,4700
2023-05-22,22.508907318115234,22.624337586393935,22.500162398648925,22.552631915446767,2000
2023-05-23,22.523775100708008,22.578866596095136,22.465185970872596,22.465185970872596,1600
2023-05-24,22.396099090576172,22.526395545835786,22.361119415212883,22.526395545835786,3600
2023-05-25,22.116708755493164,22.184359775515837,22.070144007081723,22.184359775515837,800
2023-05-26,22.082447052001953,22.153612180545924,22.017430341208893,22.153612180545924,5000
2023-05-30,22.175573348999023,22.27221861941923,22.105286336631934,22.27221861941923,3100
2023-05-31,22.10441017150879,22.10441017150879,21.96471424037884,22.02533706618145,2400
2023-06-01,22.52700424194336,22.562148579510307,22.193141413928625,22.193141413928625,13000
2023-06-02,23.14202308654785,23.185951844773438,22.816944578044495,22.816944578044495,12700
2023-06-05,23.087547302246094,23.185948780160963,23.087547302246094,23.133233942102926,1600
2023-06-06,23.213180541992188,23.213180541992188,23.06294236162843,23.12180728038896,2800
2023-06-07,23.614700317382812,23.614700317382812,23.45831201747285,23.45831201747285,3400
2023-06-08,23.625246047973633,23.625246047973633,23.45831542667712,23.467979619391166,2600
2023-06-09,23.344974517822266,23.519814784015704,23.344974517822266,23.480278234086615,4500
2023-06-12,23.15871238708496,23.15871238708496,23.084911278745455,23.084911278745455,500
2023-06-13,23.14202308654785,23.433715135520863,23.14202308654785,23.168381346948028,9000
2023-06-14,23.37044906616211,23.49345089165651,23.27380381711697,23.361662982087623,6100
2023-06-15,23.578676223754883,23.616454880539113,23.352879037256443,23.352879037256443,4200
2023-06-16,23.629634857177734,23.732428531189566,23.629634857177734,23.72188623479387,3100
2023-06-20,23.402957916259766,23.581312255632746,23.292256262991646,23.581312255632746,23200
2023-06-21,23.51805877685547,23.59713188303594,23.51805877685547,23.572531510070878,1000
2023-06-22,23.23829460144043,23.319489599472703,23.23829460144043,23.282422866671403,2300
2023-06-23,22.973527908325195,23.070608392306312,22.973527908325195,23.070608392306312,2500
2023-06-26,23.290353775024414,23.406849646894116,22.866732728829202,23.07854325192681,4100
2023-06-27,23.421857833862305,23.421857833862305,23.27182513914537,23.27182513914537,6100
2023-06-28,23.563945770263672,23.563945770263672,23.33889591375703,23.405087444099113,5800
2023-06-29,23.830480575561523,23.848130196068578,23.563951947713715,23.563951947713715,5800
2023-06-30,23.996400833129883,24.05817871846294,23.996400833129883,24.05817871846294,1100
2023-07-03,24.107593536376953,24.15966369259651,23.99639337732791,23.99639337732791,1300
2023-07-05,23.90990447998047,24.00522083298743,23.846362489070135,24.00522083298743,1300
2023-07-06,23.676034927368164,23.802238555348335,23.556009087587576,23.802238555348335,3600
2023-07-07,23.900197982788086,24.022871670524918,23.834890185116343,23.834890185116343,1600
2023-07-10,23.91431427001953,23.95932457571803,23.91431427001953,23.91696213309832,700
2023-07-11,24.16672706604004,24.172904853555448,23.93461900414987,23.93461900414987,1000
2023-07-12,24.356473922729492,24.402366298211057,24.244391689333888,24.32293712205755,3800
2023-07-13,24.408544540405273,24.420018055319645,24.367065831337623,24.420018055319645,2500
2023-07-14,23.945205688476562,24.269982204546903,23.945205688476562,24.269982204546903,2500
2023-07-17,23.902843475341797,24.00257180715234,23.899313551942242,23.908139202101456,1000
2023-07-18,24.190553665161133,24.190553665161133,23.969917457574244,23.969917457574244,1000
2023-07-19,24.250574111938477,24.35912644232561,24.209975772672006,24.225862957596004,2300
2023-07-20,24.446491241455078,24.446491241455078,24.28763291067025,24.340585126491664,1900
2023-07-21,24.57358169555664,24.57358169555664,24.534749165265577,24.539162832716407,11400
2023-07-24,24.734203338623047,24.80833847272215,24.734203338623047,24.767740140163802,1100
2023-07-25,24.652124404907227,24.653006464911183,24.64153295157727,24.64153295157727,1800
2023-07-26,24.564756393432617,24.645067635642643,24.564756393432617,24.645067635642643,500
2023-07-27,24.40165901184082,24.703023617016733,24.40165901184082,24.703023617016733,1700
2023-07-28,24.470800399780273,24.470800399780273,24.339617552969777,24.339617552969777,1200
2023-07-31,24.7296142578125,24.7384781218311,24.640977308235698,24.640977308235698,2900
2023-08-01,24.590457916259766,24.5966624527116,24.437116263601915,24.525753223175006,1100
2023-08-02,24.39013671875,24.419385948665607,24.172090396088553,24.419385948665607,2200
2023-08-03,24.55500030517578,24.617047354868212,24.295295676267784,24.295295676267784,5500
2023-08-04,24.499160766601562,24.801412974084066,24.499160766601562,24.632117046590455,1500
2023-08-07,24.595781326293945,24.675554436264186,24.55234956273833,24.56741627651052,4800
2023-08-08,24.601978302001953,24.605523509482758,24.375068117138525,24.375068117138525,2200
2023-08-09,24.853708267211914,24.943231101784505,24.649842762847577,24.649842762847577,7000
2023-08-10,24.7739315032959,24.777476710484617,24.765067640019574,24.765067640019574,2200
2023-08-11,24.94943618774414,24.954753154128202,24.694162629982138,24.694162629982138,900
2023-08-14,24.718090057373047,24.718090057373047,24.718090057373047,24.718090057373047,200
2023-08-15,24.465476989746094,24.496499668673486,24.465476989746094,24.496499668673486,500
2023-08-16,24.31391143798828,24.48054804303401,24.31391143798828,24.48054804303401,1000
2023-08-17,24.49207305908203,24.613504468708392,24.454845837564047,24.454845837564047,3300
2023-08-18,24.582483291625977,24.582483291625977,24.50891472346423,24.535506322154735,800
2023-08-21,24.617046356201172,24.7118861494613,24.579819142261496,24.7118861494613,800
2023-08-22,24.537275314331055,24.692388718657874,24.525752121264116,24.692388718657874,2000
2023-08-23,24.558547973632812,24.578933340479963,24.392797257392274,24.392797257392274,800
2023-08-24,24.375165939331055,24.52739346084777,24.375165939331055,24.516711572479707,900
2023-08-25,24.487327575683594,24.49890089213177,24.43658564658481,24.49890089213177,900
2023-08-28,24.656478881835938,24.721465046292984,24.561224816571237,24.579029663865583,2400
2023-08-29,24.82027816772461,24.82027816772461,24.685853786528092,24.685853786528092,1700
2023-08-30,24.870128631591797,24.91463904591517,24.828287415838513,24.828287415838513,2100
2023-08-31,24.76864242553711,24.935114155548494,24.765971529071226,24.90484625955307,11300
2023-09-01,25.024137496948242,25.024137496948242,24.917310124642178,25.00722238476652,6800
2023-09-05,24.91641616821289,25.07754608324042,24.91641616821289,25.07754608324042,400
2023-09-06,24.295040130615234,24.792674062002423,24.27634555688692,24.792674062002423,2100
2023-09-07,24.380502700805664,24.453501537544643,24.25854309328681,24.25854309328681,600
2023-09-08,24.530954360961914,24.631550209531,24.530954360961914,24.631550209531,3100
2023-09-11,24.394746780395508,24.641338588257103,24.34756547537822,24.596826481479543,4300
2023-09-12,24.802471160888672,24.802471160888672,24.561221119643132,24.570123541950323,4800
2023-09-13,24.72323989868164,24.87279821089617,24.6502427551386,24.863895788910263,2200
2023-09-14,25.04639434814453,25.050844710716113,24.997431870039172,24.997431870039172,700
2023-09-15,24.877256393432617,24.977852265330107,24.877256393432617,24.952926155119034,1200
2023-09-18,24.892385482788086,24.944018857265597,24.801583484467397,24.944018857265597,1100
2023-09-19,24.87368392944336,24.98674280265857,24.774869268699465,24.97071742689218,2400
2023-09-20,24.88793182373047,24.99742838655398,24.88793182373047,24.99742838655398,400
2023-09-21,24.464147567749023,24.854850056690765,24.464147567749023,24.854850056690765,2800
2023-09-22,24.608091354370117,24.6849808592666,24.608091354370117,24.68408558569498,700
2023-09-25,24.792264938354492,24.792264938354492,24.532988618076313,24.532988618076313,2500
2023-09-26,24.406034469604492,24.550870977704708,24.406034469604492,24.53388465353316,400
2023-09-27,24.689453125,24.711804271658043,24.604518085586168,24.604518085586168,6000
2023-09-28,24.781538009643555,24.8280291378547,24.781538009643555,24.81908833951222,1100
2023-09-29,24.490074157714844,24.574115614744432,24.452523828315424,24.452523828315424,2600
2023-10-02,23.897315979003906,24.300536996424395,23.86244805482755,24.300536996424395,1400
2023-10-03,23.666648864746094,23.808802970096796,23.558467409517114,23.808802970096796,3200
2023-10-04,23.414522171020508,23.414522171020508,23.31707035955945,23.38144309007625,1200
2023-10-05,23.66306495666504,23.66306495666504,23.2902424189086,23.2902424189086,1200
2023-10-06,23.883899688720703,23.937542766818044,23.50124107052027,23.55846183173578,2500
2023-10-09,24.389944076538086,24.434646369979497,24.19324989271623,24.19324989271623,1700
2023-10-10,24.572330474853516,24.577695295656767,24.39888441995223,24.39888441995223,1200
2023-10-11,24.797636032104492,24.797636032104492,24.797636032104492,24.797636032104492,100
2023-10-12,24.7556095123291,24.7556095123291,24.703755268648692,24.703755268648692,200
2023-10-13,24.991640090942383,25.060484065691895,24.908493908761198,24.908493908761198,3400
2023-10-16,25.189228057861328,25.230354365250285,25.034555489432698,25.034555489432698,4300
2023-10-17,25.182079315185547,25.21247769181102,25.182079315185547,25.21247769181102,700
2023-10-18,25.078365325927734,25.114128520232597,25.06942623263448,25.071213369179947,1600
2023-10-19,24.988962173461914,25.159727513839243,24.79226800415243,24.79226800415243,3800
2023-10-20,24.770809173583984,24.770809173583984,24.770809173583984,24.770809173583984,100
2023-10-23,24.605411529541016,24.67604265327244,24.586636361809227,24.586636361809227,11300
2023-10-24,24.580373764038086,24.580373764038086,24.479344279767282,24.479344279767282,200
2023-10-25,24.534774780273438,24.640273804848043,24.534774780273438,24.586630724383113,700
2023-10-26,24.514129638671875,24.514129638671875,24.39828965768092,24.438699112703166,1100
2023-10-27,24.17827796936035,24.52400286503127,24.148645287728836,24.52400286503127,800
2023-10-30,24.27077293395996,24.308488193088234,24.237546852587144,24.308488193088234,800
2023-10-31,24.317461013793945,24.352482070722107,24.24562220170719,24.28154246413676,1600
2023-11-01,24.525798797607422,24.58686085759515,24.452163273134268,24.452163273134268,1700
2023-11-02,25.27022933959961,25.275616009690868,24.86074649739374,24.892175876145593,3400
2023-11-03,25.341167449951172,25.359127583246604,25.287288762837456,25.359127583246604,2000
2023-11-06,25.1094913482666,25.395051687389426,25.1094913482666,25.359131415370495,800
2023-11-07,24.803274154663086,24.847275281424274,24.803274154663086,24.824825971636074,1000
2023-11-08,24.657800674438477,24.657800674438477,24.65510648312674,24.65510648312674,1000
2023-11-09,24.67217254638672,24.683846806099506,24.67217254638672,24.683846806099506,200
2023-11-10,24.79339599609375,24.79339599609375,24.766455797335553,24.766455797335553,300
2023-11-13,24.935283660888672,24.93708035973305,24.912834345585264,24.912834345585264,700
2023-11-14,25.245981216430664,25.28279897496486,25.18850913382855,25.18850913382855,3500
2023-11-15,25.348360061645508,25.529753008610474,25.27831620609311,25.27831620609311,11500
2023-11-16,25.019691467285156,25.23341296733796,24.884096384743103,25.23341296733796,4800
2023-11-17,25.484848022460938,25.484848022460938,25.484848022460938,25.484848022460938,200
2023-11-20,25.54500961303711,25.716524934861532,25.54500961303711,25.716524934861532,1400
2023-11-21,25.64020538330078,25.64020538330078,25.601592625570323,25.60338761182394,500
2023-11-22,25.729476928710938,25.729476928710938,25.412052368306828,25.412052368306828,800
2023-11-24,25.90171241760254,26.00722073555786,25.90171241760254,26.00722073555786,900
2023-11-27,25.80973243713379,25.828669651512673,25.75472335536581,25.79981318960218,2300
2023-11-28,25.79079246520996,25.79079246520996,25.79079246520996,25.79079246520996,200
2023-11-29,25.88908576965332,25.95311281241286,25.8539169061663,25.95311281241286,1900
2023-11-30,26.25701904296875,26.25701904296875,25.97115476683814,25.99820867297086,1500
2023-12-01,26.55369758605957,26.55369758605957,26.426548204995587,26.426548204995587,1500
2023-12-04,26.45269775390625,26.49959014878196,26.408510921042772,26.49959014878196,7500
2023-12-05,26.06313133239746,26.394984940587992,26.06313133239746,26.394984940587992,2300
2023-12-06,25.814237594604492,25.989182347338282,25.814237594604492,25.989182347338282,3000
2023-12-07,25.60863494873047,25.826863538956868,25.605929386867988,25.826863538956868,12200
2023-12-08,25.89449691772461,25.935076904863696,25.718650880122276,25.718650880122276,30000
2023-12-11,25.641101837158203,25.880974955832325,25.601423124294442,25.880974955832325,5400
2023-12-12,25.32187271118164,25.56535266994334,25.24973069228944,25.56535266994334,4400
2023-12-13,25.689790725708008,25.689790725708008,25.24070536996323,25.321865332567686,6400
2023-12-14,25.91524314880371,26.045098099385093,25.91524314880371,25.926063678018217,1500
2023-12-15,25.715944290161133,25.88096979392901,25.65552581217005,25.88096979392901,1900
2023-12-18,25.87917137145996,26.086579468832102,25.87917137145996,25.880975653002952,6000
2023-12-19,26.097400665283203,26.097400665283203,25.944098660366144,25.971150842409426,2800
2023-12-20,25.806121826171875,26.156009600748252,25.806121826171875,26.156009600748252,5500
2023-12-21,26.079362869262695,26.079362869262695,25.862936828356105,25.862936828356105,3800
2023-12-22,26.165029525756836,26.331859320562618,26.165029525756836,26.259717310917292,1000
2023-12-26,26.378759384155273,26.394991040045664,26.367937133560556,26.385973071217297,8200
2023-12-27,26.302688598632812,26.449376928062296,26.186785578644546,26.385992868792016,23300
2023-12-28,26.164152145385742,26.232062906324344,26.141515225072872,26.232062906324344,4100
2023-12-29,26.1125431060791,26.33167240479565,26.078134358949338,26.33167240479565,9300
2024-01-02,26.184978485107422,26.286394724918626,26.170491684481814,26.22300892737923,4200
2024-01-03,26.351587295532227,26.41316137597711,26.177733608226504,26.177733608226504,14900
2024-01-04,26.197654724121094,26.612369606937346,26.197654724121094,26.476546355078646,6200
2024-01-05,26.290924072265625,26.530878570941635,26.230256702577478,26.340726340387793,125800
2024-01-08,26.299074172973633,26.33076621137423,25.86987071035523,26.15962747692444,24200
2024-01-09,26.19131851196289,26.322615081499283,26.041913440524564,26.322615081499283,4700
2024-01-10,26.114351272583008,26.20490068573405,26.041912087479457,26.20490068573405,9600
2024-01-11,26.036481857299805,26.26828796881019,25.90609199900435,26.26828796881019,11400
2024-01-12,26.230255126953125,26.353401572736416,26.141517424691713,26.277340685083775,7300
2024-01-16,25.954986572265625,26.204902904640768,25.95136487176674,26.204902904640768,12300
2024-01-17,25.715930938720703,25.906084849822008,25.600027914950733,25.806480337955318,3200
2024-01-18,25.761211395263672,25.842705697346183,25.670661978829052,25.842705697346183,5000
2024-01-19,25.68334197998047,25.715939014023128,25.589170851538693,25.715939014023128,9800
2024-01-22,25.933246612548828,25.946830144072006,25.8608074437406,25.8608074437406,2900
2024-01-23,25.954986572265625,26.01022225436164,25.924199527395274,25.940499770270083,3300
2024-01-24,26.018369674682617,26.159626351370328,26.014747974319313,26.159626351370328,8400
2024-01-25,26.266605377197266,26.266605377197266,26.05110453473052,26.205683585949124,8800
2024-01-26,26.54212188720703,26.54212188720703,26.40572901001541,26.43118896750906,4700
2024-01-29,26.62486457824707,26.62486457824707,26.33207335661283,26.5239335451752,7500
2024-01-30,26.712158203125,26.75125692683898,26.523934893719794,26.55121416205271,8500
2024-01-31,26.315706253051758,26.73306914788676,26.315706253051758,26.73306914788676,12900
2024-02-01,26.4102725982666,26.513931731716703,26.332982208897466,26.378447653917366,2900
2024-02-02,26.193859100341797,26.323888701568997,26.03018871464259,26.323888701568997,7400
2024-02-05,25.881067276000977,26.105661206753215,25.732853214671117,26.105661206753215,22200
2024-02-06,25.821964263916016,25.95108335522637,25.81468875198104,25.93289717688307,4900
2024-02-07,25.80559539794922,25.878338376246386,25.769224775965338,25.878338376246386,43800
2024-02-08,25.859241485595703,25.859241485595703,25.732850505170305,25.778315947179358,6900
2024-02-09,25.83924102783203,25.94653705659938,25.778319235530756,25.9328982894215,2900
2024-02-12,26.1856746673584,26.19113086679134,25.832870499066328,25.832870499066328,2600
2024-02-13,25.81014060974121,26.069287556232222,25.678293430837574,26.069287556232222,4100
2024-02-14,25.709209442138672,25.94198764529437,25.651014024185123,25.94198764529437,8700
2024-02-15,26.429370880126953,26.486655787141284,26.02382911878952,26.02382911878952,4500
2024-02-16,26.715795516967773,26.758531130273315,26.378449350835126,26.378449350835126,2900
2024-02-20,26.80672264099121,26.80672264099121,26.73306914121797,26.751255319013538,4300
2024-02-21,27.19316864013672,27.19316864013672,26.842183743017046,26.842183743017046,1400
2024-02-22,27.260730743408203,27.315507342616865,27.123786633411513,27.17856497393687,4800
2024-02-23,27.22420883178711,27.265291711968537,27.15117279383307,27.15117279383307,1600
2024-02-26,27.023361206054688,27.278074028223546,27.023361206054688,27.151173842079697,4400
2024-02-27,27.064443588256836,27.189517131013147,27.014230984654834,27.189517131013147,3100
2024-02-28,26.98684310913086,27.18769353315651,26.959455681357632,27.078138598113735,3300
2024-02-29,27.2972469329834,27.381239340703125,27.059879356362387,27.059879356362387,2800
2024-03-01,27.552871704101562,27.552871704101562,27.507223092337696,27.507223092337696,1400
2024-03-04,27.488967895507812,27.571133662858504,27.488967895507812,27.534614770117464,1700
2024-03-05,27.716291427612305,27.863277706481533,27.61678040560641,27.61678040560641,3500
2024-03-06,27.927181243896484,28.027606447129685,27.918051521664694,28.02304071535556,1800
2024-03-07,27.959138870239258,28.045868633330056,27.928098157952704,27.97283258511761,2700
2024-03-08,27.856884002685547,27.981957539169827,27.84501518977847,27.981957539169827,3900
2024-03-11,28.033998489379883,28.033998489379883,27.79024029160498,27.808497995670916,8500
2024-03-12,28.15542221069336,28.15542221069336,27.98196095160836,28.073256442775026,11800
2024-03-13,28.216585159301758,28.39278548275552,28.216585159301758,28.24671341558113,3400
2024-03-14,27.968265533447266,28.002957783150666,27.918052929298938,28.000218692211376,2200
2024-03-15,28.093339920043945,28.128032170787716,28.064125851343036,28.118902447821817,2400
2024-03-18,28.15998077392578,28.16454650532825,28.110682367466865,28.137157340862412,2800
2024-03-19,28.427478790283203,28.427478790283203,28.29236133951164,28.3370957593882,2800
2024-03-20,28.54068946838379,28.593641171684485,28.392792465255067,28.447569068587303,6400
2024-03-21,28.65524673461914,28.69373827868433,28.61400554483122,28.630501671141083,3600
2024-03-22,28.545269012451172,28.68548870501346,28.49394695483637,28.68548870501346,4000
2024-03-25,28.63050079345703,28.795465547551625,28.584678027553633,28.584678027553633,2300
2024-03-26,28.53060531616211,28.612169976428923,28.511359545399852,28.603005073966933,6000
2024-03-27,28.758806228637695,28.758806228637695,28.540687483405115,28.621336181504134,3700
2024-03-28,29.066741943359375,29.070407555110076,28.800049023196646,28.84129021443858,14100
2024-04-01,28.95126724243164,29.042914528100866,28.95126724243164,29.042914528100866,5500
2024-04-02,29.13547706604004,29.13547706604004,28.987924397838572,29.006254204128755,5500
2024-04-03,29.268362045288086,29.33617847480685,29.253697852401373,29.253697852401373,3000
2024-04-04,29.125398635864258,29.46265766050139,29.052081152590674,29.446163280696187,14600
2024-04-05,29.110729217529297,29.134558313032276,28.923769056913006,29.097898703958883,5800
2024-04-08,29.059406280517578,29.176714578752076,29.059406280517578,29.116227624039468,5900
2024-04-09,28.990671157836914,29.052075827994116,28.896275986089048,29.052075827994116,3500
2024-04-10,28.84954071044922,28.93293906336958,28.685491902550034,28.93293906336958,4000
2024-04-11,28.80554962158203,28.88711604183508,28.593846112155806,28.88711604183508,2900
2024-04-12,28.493030548095703,28.960430098746922,28.438042879791574,28.905442430442797,2400
2024-04-15,28.183263778686523,28.590174610958623,28.13560733461529,28.590174610958623,6300
2024-04-16,27.898237228393555,27.898237228393555,27.824003801002647,27.8762418150877,5800
2024-04-17,28.003639221191406,28.108117028170632,27.924822445958654,28.108117028170632,5200
2024-04-18,28.19609260559082,28.263910782240902,28.117275847414273,28.117275847414273,3800
2024-04-19,28.703819274902344,28.78538568894106,28.26391441389865,28.26391441389865,3700
2024-04-22,28.833953857421875,28.928350772309308,28.694650147536887,28.731309754570315,9600
2024-04-23,28.94026756286621,28.97142788353706,28.85961886350624,28.85961886350624,6000
2024-04-24,29.063072204589844,29.063072204589844,28.75880374814266,28.75880374814266,2200
2024-04-25,29.16150665283203,29.16150665283203,28.950837930831916,28.96003764522487,3700
2024-04-26,29.139432907104492,29.140354106975018,29.015241127226375,29.12563421037724,1500
2024-04-29,29.243385314941406,29.254423920331405,29.107231987133897,29.22682652952328,8300
2024-04-30,28.702451705932617,29.208423698048133,28.702451705932617,29.208423698048133,3500
2024-05-01,28.373111724853516,28.665656706310916,28.30687658198234,28.665656706310916,5600
2024-05-02,28.76593017578125,28.76593017578125,28.592060296432496,28.592060296432496,1000
2024-05-03,28.937957763671875,28.95635719187413,28.812844810295434,28.95635719187413,5600
2024-05-06,29.086071014404297,29.1716250220757,29.04283253339526,29.134827920166742,4900
2024-05-07,29.466012954711914,29.594805461307296,29.217627656944583,29.25442476397199,41200
2024-05-08,29.402536392211914,29.429214337304263,29.180827297618467,29.180827297618467,2900
2024-05-09,29.671161651611328,29.68220201203489,29.53040933887511,29.53040933887511,2300
2024-05-10,29.684036254882812,29.732794914675843,29.627002590066606,29.677596630532715,9200
2024-05-13,29.555246353149414,29.778794334951854,29.555246353149414,29.778794334951854,5700
2024-05-14,29.912179946899414,29.912179946899414,29.57640009187091,29.57640009187091,4800
2024-05-15,29.861581802368164,29.99957573218487,29.861581802368164,29.990374265220332,3500
2024-05-16,29.958187103271484,30.045583524732688,29.958187103271484,29.982106714927426,4300
2024-05-17,30.109973907470703,30.155970722146602,29.925983139435097,29.925983139435097,3400
2024-05-20,30.303165435791016,30.441159401906237,30.220369757988347,30.220369757988347,56400
2024-05-21,30.296722412109375,30.40435713211105,30.284762608850084,30.365719387426545,9200
2024-05-22,29.78155517578125,30.183573751442882,29.78155517578125,30.183573751442882,4600
2024-05-23,29.3291072845459,29.88959345399856,29.326336925056737,29.88959345399856,4000
2024-05-24,29.401124954223633,29.44637004263006,29.32725517053228,29.44637004263006,3900
2024-05-28,29.43898582458496,29.589494001236805,29.298632696571918,29.511008120636827,2600
2024-05-29,29.04932403564453,29.35403892444423,29.02162396298627,29.35403892444423,5000
2024-05-30,29.125961303710938,29.206294676607378,29.08625693086597,29.206294676607378,6100
2024-05-31,29.728923797607422,29.728923797607422,29.37250202582642,29.390969913158827,9900
2024-06-03,29.501771926879883,29.769550977401785,29.390966377410088,29.769550977401785,4000
2024-06-04,29.569181442260742,29.569181442260742,29.187829940242683,29.187829940242683,14800
2024-06-05,29.718769073486328,29.718769073486328,29.640279670869614,29.640279670869614,2000
2024-06-06,29.754777908325195,29.75570077432637,29.66798271315353,29.69568278274608,9600
2024-06-07,29.63935661315918,29.65874736658603,29.63935661315918,29.65874736658603,400
2024-06-10,29.898828506469727,29.90251997078149,29.667985180958603,29.667985180958603,2500
2024-06-11,29.82218360900879,29.888665179940272,29.638431139432505,29.75847063587068,4400
2024-06-12,29.93206214904785,30.066874534414,29.93206214904785,30.028093034064373,2500
2024-06-13,29.75016212463379,29.94499251304141,29.63289122281764,29.94499251304141,9900
2024-06-14,29.45283317565918,29.723380836001986,29.418669523986633,29.723380836001986,3900
2024-06-17,29.414051055908203,29.474993669273907,29.319867657504663,29.427902850669387,5600
2024-06-18,29.67074966430664,29.72892192065578,29.566409453736004,29.566409453736004,2000
2024-06-20,29.941303253173828,29.944075373961393,29.788022937809536,29.788022937809536,2900
2024-06-21,29.884044647216797,29.982847651209056,29.884044647216797,29.908053248828605,2900
2024-06-24,30.43623161315918,30.43623161315918,29.98193142555978,29.98193142555978,7800
2024-06-25,30.51841163635254,30.55442454990373,30.41591713728049,30.41591713728049,8700
2024-06-26,30.475933074951172,30.475933074951172,30.295875584971572,30.434379449823243,8400
2024-06-27,30.52134132385254,30.545437538281693,30.434229407809585,30.545437538281693,4300
2024-06-28,30.742835998535156,30.803073001544327,30.517637493418245,30.517637493418245,7300
2024-07-01,30.69649314880371,30.981002363783126,30.610303946025333,30.981002363783126,11400
2024-07-02,30.847553253173828,30.990270990075988,30.767854747830196,30.767854747830196,16700
2024-07-03,31.082942962646484,31.220099743756546,30.93466431042855,30.93466431042855,6400
2024-07-05,30.787317276000977,31.10148367542867,30.647378235018994,31.10148367542867,2100
2024-07-08,30.698348999023438,30.79565654897992,30.67610878842303,30.79565654897992,7400
2024-07-09,30.6937198638916,30.77342192062986,30.601973233753153,30.647383431970184,4100
2024-07-10,30.827167510986328,30.827167510986328,30.647379210292826,30.712250913095364,3900
2024-07-11,31.064411163330078,31.064411163330078,30.851260797881555,30.851260797881555,2600
2024-07-12,31.249767303466797,31.268302583076863,31.184895592453113,31.203427336820074,6200
2024-07-15,31.338733673095703,31.54632313801655,31.338733673095703,31.379509165064317,7300
2024-07-16,31.46384048461914,31.50925067732758,31.314635565719986,31.314635565719986,20100
2024-07-17,31.579689025878906,31.796547923862338,31.49999049964666,31.49999049964666,8400
2024-07-18,31.81229591369629,31.944821560350295,31.75020290924592,31.86141457708922,2500
2024-07-19,31.981895446777344,32.08383772989679,31.759479133829053,31.759479133829053,6400
2024-07-22,32.298831939697266,32.35258176233346,31.97261746431219,31.991152739245205,12200
2024-07-23,31.888296127319336,32.06530223564622,31.888296127319336,32.05047542427945,3800
2024-07-24,31.35170555114746,31.944820281598137,31.35170555114746,31.944820281598137,4500
2024-07-25,31.183368682861328,31.426111051393853,31.183368682861328,31.342407153399293,15300
2024-07-26,31.37030792236328,31.472613082909024,31.23080378802359,31.240102644515144,5200
2024-07-29,31.324729919433594,31.37030175772503,31.249395360127995,31.37030175772503,23300
2024-07-30,31.60281753540039,31.640020056050467,31.268001945204993,31.268001945204993,4000
2024-07-31,31.709768295288086,31.863222457170885,31.709768295288086,31.863222457170885,2700
2024-08-01,31.46796989440918,31.705131595358502,31.222438865703342,31.705131595358502,5000
2024-08-02,30.903423309326172,31.174995289995948,30.654170709556684,31.174995289995948,16400
2024-08-05,30.088712692260742,30.319360527024713,29.61253033717698,30.319360527024713,15700
2024-08-06,30.921092987060547,31.119189453337018,30.282154185908453,30.282154185908453,16600
2024-08-07,30.74903106689453,31.31356478671993,30.74903106689453,31.17499022671427,2700
2024-08-08,31.300554275512695,31.300554275512695,30.933187354831368,30.951788615757636,4700
2024-08-09,31.0103816986084,31.305206191882693,30.998294249166936,31.305206191882693,5000
2024-08-12,30.990846633911133,31.228937779416523,30.970386313594492,31.19359787120184,3100
2024-08-13,30.91179847717285,31.026194638958387,30.70998028888448,31.026194638958387,1900
2024-08-14,31.280086517333984,31.323799292728474,30.956432459372962,30.956432459372962,1800
2024-08-15,31.47539710998535,31.53771114727159,31.305200742603464,31.42610714642251,1400
2024-08-16,31.73115348815918,31.73115348815918,31.472602084548594,31.472602084548594,9200
2024-08-19,31.982267379760742,32.09108277393037,31.86322005325161,31.86322005325161,4100
2024-08-20,31.598167419433594,31.910663636676446,31.578636627595152,31.910663636676446,6700
2024-08-21,31.593517303466797,31.73116236648539,31.547012380765356,31.547012380765356,1600
2024-08-22,31.616846084594727,31.705514393755443,31.616846084594727,31.63084559437709,1600
2024-08-23,32.08164978027344,32.10685032206906,31.817514064790032,31.817514064790032,7600
2024-08-26,32.26925277709961,32.38685293819069,32.17218546883966,32.26551791276462,3300
2024-08-27,32.07044982910156,32.21885104667472,32.03311542811617,32.21885104667472,4400
2024-08-28,31.827789306640625,32.06952301156315,31.76151948633393,32.06952301156315,2500
2024-08-29,32.23938751220703,32.29258708135092,31.99485178687303,31.99485178687303,2100
2024-08-30,32.44285583496094,32.489525624311355,32.06018706096083,32.106856850311246,900
2024-09-03,32.15445327758789,32.16285227240635,31.873519540347452,32.09751884514113,1600
2024-09-04,32.020042419433594,32.22817650123151,32.020042419433594,32.20950930442583,2000
2024-09-05,32.21885681152344,32.28419024473562,32.21885681152344,32.27485842302177,2000
2024-09-06,31.933258056640625,32.40552802835129,31.845522547251697,32.302860178796095,8200
2024-09-09,31.85765266418457,32.00418825121018,31.85485418588435,32.00418825121018,2700
2024-09-10,31.79324722290039,31.79324722290039,31.612179295690982,31.612179295690982,600
2024-09-11,31.767114639282227,31.780181323828316,31.7521823027737,31.7521823027737,1400
2024-09-12,32.00605010986328,32.03031782720868,31.95751823557703,31.97618187617629,1600
2024-09-13,32.37845230102539,32.37845230102539,32.321517875333996,32.321517875333996,1000
2024-09-16,32.835792541503906,33.03086001155796,32.564190605211216,32.564190605211216,36200
2024-09-17,32.849788665771484,32.937524157143216,32.778854723940505,32.937524157143216,600
2024-09-18,32.72658157348633,32.94124900896837,32.72658157348633,32.94124900896837,1700
2024-09-19,32.654720306396484,32.853522615271096,32.654720306396484,32.853522615271096,1000
2024-09-20,32.73499298095703,32.80685975416801,32.73499298095703,32.78819255119822,600
2024-09-23,33.200714111328125,33.200714111328125,33.01218005729982,33.06911447193104,1600
2024-09-24,33.20259094238281,33.23619047925787,33.079390266904625,33.21005711053233,6700
2024-09-25,33.11018753051758,33.26418926387361,33.030854598935775,33.26418926387361,1600
2024-09-26,32.50333023071289,33.00248905737568,32.50333023071289,33.00248905737568,2200
2024-09-27,32.716861724853516,32.716861724853516,32.576384295691334,32.62789244821817,2600
2024-09-30,32.78897476196289,32.78897476196289,32.496784403562415,32.496784403562415,2500
2024-10-01,33.17106628417969,33.17106628417969,33.02122535198509,33.02122535198509,3000
2024-10-02,33.44920349121094,33.45201504002886,33.19915784335301,33.33026818848368,3500
2024-10-03,33.81350326538086,33.85471192414655,33.53629956635484,33.55503012534128,11900
2024-10-04,34.23212432861328,34.23212432861328,33.97645558937401,33.97645558937401,5200
2024-10-07,34.14690399169922,34.35668054728707,34.08322080232747,34.322966968351736,9800
2024-10-08,33.77323532104492,34.02328454091388,33.6767745466006,34.02328454091388,3200
2024-10-09,34.086029052734375,34.086029052734375,33.620587316281934,33.620587316281934,5500
2024-10-10,34.12723922729492,34.21995246734592,34.12723922729492,34.21995246734592,600
2024-10-11,34.63387680053711,34.63387680053711,34.44470282990881,34.48216394176288,4500
2024-10-14,34.78371810913086,34.78371810913086,34.683513384784604,34.70692747310737,3400
2024-10-15,34.404449462890625,34.49154676637357,34.404449462890625,34.49154676637357,7300
2024-10-16,34.684452056884766,34.80994286312039,34.47280354364358,34.47280354364358,3300
2024-10-17,34.60954666137695,34.697576386129874,34.598307608007666,34.65075176041109,2500
2024-10-18,34.72098922729492,34.72098922729492,34.49154606884264,34.697575129038846,11000
2024-10-21,34.455013275146484,34.52899595030932,34.37166353376717,34.52899595030932,5400
2024-10-22,34.59455871582031,34.60392578409244,34.42598721182013,34.44471777587457,45800
2024-10-23,34.396018981933594,34.500907275982435,34.29113068788476,34.425985024524934,4100
2024-10-24,34.670372009277344,34.70795234282012,34.46366404589357,34.52943410984302,9100
2024-10-25,34.55292510986328,34.89586850425617,34.48245615982922,34.89586850425617,5000
2024-10-28,34.46366500854492,34.46366500854492,34.247562851789134,34.303935145777736,12300
2024-10-29,34.262596130371094,34.30393629190392,34.050253792079886,34.30393629190392,7100
2024-10-30,34.43077850341797,34.454265763509,34.30393367896785,34.36970732614174,3700
2024-10-31,34.36970901489258,34.57641340116829,34.32272732400284,34.52943529447835,7700
2024-11-01,34.008914947509766,34.487161976172494,34.008914947509766,34.487161976172494,2400
2024-11-04,34.335880279541016,34.335880279541016,34.14420803310252,34.18179195097664,8900
2024-11-05,35.005802154541016,35.00861933570872,34.61399892023212,34.61399892023212,3700
2024-11-06,36.270469665527344,36.3381178497557,35.73209062002785,35.882422706023924,10800
2024-11-07,36.59556579589844,36.69046107120492,36.42644174163753,36.47435890947151,13300
2024-11-08,36.83046340942383,36.83046340942383,36.59087037913798,36.637848491064574,2300
2024-11-11,37.49098205566406,37.517290083075785,36.8971697339423,36.8971697339423,12900
2024-11-12,37.1658935546875,37.51729573617905,36.991131524462226,37.51729573617905,13700
2024-11-13,36.91407775878906,37.22601782736612,36.91407775878906,37.22601782736612,9700
2024-11-14,37.15460968017578,37.15460968017578,36.92535351539626,37.1320614799252,10900
2024-11-15,37.47031021118164,37.48440328460321,37.16964603085559,37.16964603085559,17900
2024-11-18,37.98237991333008,38.04251203612077,37.611246759690715,37.611246759690715,17700
2024-11-19,38.44465255737305,38.45686751099344,37.97768147539357,38.05284931791904,11200
2024-11-20,38.409889221191406,38.44935126307202,38.200364058225325,38.44746955807771,7000
2024-11-21,39.36636734008789,39.388981925456704,38.60024299140608,38.68316673251047,10100
2024-11-22,39.47190856933594,41.255761123383486,39.374846669981515,41.255761123383486,61200
2024-11-25,38.69259262084961,39.67262629847775,38.44475603020667,39.57839346622093,34000
2024-11-26,38.88200378417969,38.88200378417969,38.636050843151516,38.636050843151516,6000
2024-11-27,38.96586227416992,39.149618780395215,38.93570949874409,39.107215091920835,13500
2024-11-29,39.453060150146484,39.52090749786487,39.22972540292557,39.22972540292557,3500
2024-12-02,38.58233642578125,41.340571648063765,38.38161625934384,41.340571648063765,33000
2024-12-03,38.673736572265625,38.81979850759278,38.42401638809289,38.73027482090772,18500
2024-12-04,38.49375534057617,38.84336654657329,38.21293690468236,38.66431913614818,45600
2024-12-05,39.06952667236328,39.229726797325796,38.77269002210456,38.77269002210456,13700
2024-12-06,38.60306930541992,38.92817869108206,38.3910436333155,38.92817869108206,23000
2024-12-09,37.72480010986328,38.78681912600983,37.72197104040083,38.78681912600983,26100
2024-12-10,37.52125549316406,37.938710405944974,37.45811727542272,37.853899430587916,15900
2024-12-11,37.97264099121094,38.17429938613613,37.76909535151168,37.825633610190835,7600
2024-12-12,37.82374954223633,37.99996787565994,37.75966949467284,37.88217504504398,2500
2024-12-13,37.6626091003418,37.98677665108987,37.55235446008592,37.9481402560108,6300
2024-12-16,37.134891510009766,37.693699191379466,37.08588786054832,37.693699191379466,25000
2024-12-17,36.91155242919922,36.92097786685899,36.55346488265424,36.81731962110869,53700
2024-12-18,35.783573150634766,36.977523142521,35.783573150634766,36.977523142521,8000
2024-12-19,35.940948486328125,36.36688705241766,35.86556294278009,36.167112306476184,21700
2024-12-20,36.777748107910156,36.77963175788466,35.88440913374264,35.88440913374264,11400
2024-12-23,37.200862884521484,37.200862884521484,36.61943690792576,36.61943690792576,8700
2024-12-24,37.589107513427734,37.59004933847367,37.326194535527414,37.326194535527414,1200
2024-12-26,37.23196029663086,37.38273499213542,37.14714930573753,37.38273499213542,10600
2024-12-27,37.19698715209961,37.19698715209961,36.97202732178113,37.17524836676558,9400
2024-12-30,37.47676467895508,37.57128818294828,36.977692116120565,37.213050773364586,6300
2024-12-31,37.59965133666992,37.76128421877487,37.43707376018187,37.63840544059978,8300
2025-01-02,38.394569396972656,38.451283502125605,37.92196267114093,37.950321526568985,13600
2025-01-03,38.682861328125,38.819917716756706,38.60251904690399,38.687588405168384,22900
2025-01-06,38.440887451171875,39.04204475014299,38.41820397088213,38.97115301496947,15300
2025-01-07,38.312339782714844,38.673411311745696,38.23388688895064,38.58361487520265,8400
2025-01-08,38.753746032714844,38.753746032714844,38.252784128068015,38.252784128068015,11000
2025-01-10,38.470191955566406,39.03731863959103,38.309503778147196,39.03731863959103,11400
2025-01-13,38.73579406738281,38.86717868814453,38.517450697542934,38.517450697542934,10300
2025-01-14,39.60634231567383,39.74623280930315,38.72729334271543,38.79156862017081,34600
2025-01-15,39.893680572509766,40.190476820625506,39.81238999369756,40.190476820625506,13100
2025-01-16,40.596923828125,40.596923828125,39.925823054239885,39.954178307707146,17300
2025-01-17,40.89937973022461,41.00240907557085,40.62526700915258,40.62526700915258,87000
2025-01-21,41.38428497314453,41.57049071208283,41.126239198138556,41.15459805598198,37000
2025-01-22,40.67253494262695,41.53267906629962,40.67253494262695,41.53267906629962,44400
2025-01-23,40.65924835205078,40.99320635439104,40.46381008508382,40.79586802834818,38800
2025-01-24,40.579551696777344,40.8527910308627,40.51124367283595,40.682017351849325,28100
2025-01-27,38.62040328979492,40.0178984754361,38.43349901238097,40.0178984754361,75000
2025-01-28,39.01413345336914,39.045439188362224,38.376578588384575,38.70863652891814,14300
2025-01-29,39.205780029296875,39.33480671046738,38.8889008366637,38.8889008366637,36300
2025-01-30,39.842384338378906,39.885079572903976,39.56250743100474,39.56250743100474,13300
2025-01-31,38.869930267333984,39.79969626034782,38.869930267333984,39.79969626034782,25600
2025-02-03,39.183006286621094,39.277882567101265,37.83579567624301,38.31016622116375,31400
2025-02-04,39.27314376831055,39.5719959537619,39.18301219305798,39.18301219305798,11800
2025-02-05,39.66592025756836,39.847131627454,39.40122209158682,39.40122209158682,19600
2025-02-06,38.81300354003906,39.932518479976956,38.80351772017814,39.932518479976956,15900
2025-02-07,38.91736602783203,39.03880334285227,38.64223020013733,38.87941550970298,12900
2025-02-10,39.305397033691406,39.51981055996585,39.20862430938089,39.26839473991263,10500
2025-02-11,38.96100616455078,39.22095959133901,38.831975861574826,39.22095959133901,7900
2025-02-12,38.389862060546875,38.86043613030656,38.30067871431569,38.66120135999461,17800
2025-02-13,39.13273239135742,39.19250283027494,38.395560025547326,38.395560025547326,4300
2025-02-14,38.9629020690918,39.42019382405277,38.92684799468975,39.42019382405277,5800
2025-02-18,39.28167724609375,39.5245554684238,38.9344369200353,39.07864597764252,51800
2025-02-19,39.315834045410156,39.608996900418454,39.089086404063785,39.2873729675268,10800
2025-02-20,39.03120803833008,39.34429433662901,38.49896350271793,39.34429433662901,11800
2025-02-21,38.45247268676758,39.04069472961759,38.34811059467613,39.04069472961759,10400
2025-02-24,38.135597229003906,38.51888800431247,37.883233191439786,38.51888800431247,7700
2025-02-25,37.72954559326172,37.81493245525049,36.95347445505545,37.797853635188396,15200
2025-02-26,37.879085540771484,38.16962075583607,37.65999406665025,37.796213562949696,78600
2025-02-27,37.780982971191406,38.117242151823525,37.76955473034625,38.04579838608217,3700
2025-02-28,38.91072463989258,38.91262874049713,37.88385117817693,37.88385117817693,6500
2025-03-03,38.24583435058594,39.331767754303506,37.97053916424911,39.17935611226911,9500
2025-03-04,37.769554138183594,38.03627365007002,37.28373944578381,37.92196580694453,7100
2025-03-05,37.651432037353516,37.740972024678946,37.102749338347635,37.66476801209011,17800
2025-03-06,36.67028045654297,37.32184278480269,36.422612860703445,37.32184278480269,10500
2025-03-07,36.79792404174805,37.017015562608364,36.12159393481879,36.57883252088772,16100
2025-03-10,36.72457504272461,36.969386453550406,36.35973623567512,36.51215151547915,6000
2025-03-11,37.11132049560547,37.30278802345699,36.81697700827311,36.81697700827311,5400
2025-03-12,37.59237289428711,37.91243629386328,37.369469521707614,37.712396669128175,8600
2025-03-13,37.31040573120117,37.760020630836785,37.205622043506054,37.760020630836785,12300
2025-03-14,38.1915397644043,38.21725966387018,37.64571683999467,37.64571683999467,8600
2025-03-17,38.94121551513672,39.04599920795902,38.19820552684241,38.19820552684241,13700
2025-03-18,38.968841552734375,39.16697707547438,38.817381942212315,39.036473477857015,14200
2025-03-19,39.59086990356445,39.684221722771056,39.232702701854905,39.236510903743905,22600
2025-03-20,39.79186248779297,39.79186248779297,39.55943498486807,39.55943498486807,15700
2025-03-21,39.522281646728516,39.56990960164022,39.39844605693406,39.45559814931609,12400
2025-03-24,40.41389083862305,40.41579857328841,39.93188804874105,39.93188804874105,24600
2025-03-25,40.311012268066406,40.73204746449961,40.31006021768567,40.73204746449961,8100
2025-03-26,40.07286834716797,40.56058703563142,40.025240392276,40.446275583354655,7700
2025-03-27,39.49245071411133,39.962906859671165,39.49245071411133,39.70760027668978,25200
2025-03-28,39.325111389160156,39.52974110155989,39.05163586503771,39.481931307438366,11100
2025-03-31,39.309814453125,39.39587354450074,39.01338788335221,39.07076182682057,5800
2025-04-01,39.45132827758789,39.45132827758789,38.8039756144005,38.972267390642685,6700
2025-04-02,40.061397552490234,40.065223941337194,39.38631167121061,39.38631167121061,9000
2025-04-03,38.06578063964844,39.242878408211375,38.06578063964844,38.72652388102751,11500
2025-04-04,34.53449630737305,36.58460874530851,34.28970594590614,36.58460874530851,54000
2025-04-07,34.1940803527832,35.56146143876723,32.81713876831074,33.467362095113764,51700
2025-04-08,33.84507369995117,35.74315227271358,33.40999613796513,35.74315227271358,13100
2025-04-09,35.57676696777344,35.867452111865646,32.705264935585085,33.343057125977,23600
2025-04-10,34.429317474365234,34.911245489326646,33.92156771842659,34.911245489326646,14200
2025-04-11,35.23635482788086,35.379787859345015,34.15679529397792,34.49051181863568,9000
2025-04-14,35.97645950317383,36.14762197655915,35.637960944489905,35.75270516760136,13900
2025-04-15,36.387638092041016,36.72804809426479,36.02045066274862,36.02045066274862,5600
2025-04-16,36.48133850097656,36.909718879798106,36.26045486814671,36.699355078478135,3200
2025-04-17,36.96040344238281,37.387828183168494,36.88103779772243,36.88103779772243,4300
2025-04-21,35.74888610839844,36.842788200167874,35.46584643808096,36.842788200167874,10800
2025-04-22,36.483253479003906,36.76629314846712,36.059651483839744,36.20212882760201,11600
2025-04-23,36.67258834838867,37.28265114946088,36.43258002431335,36.90972596893125,7900
2025-04-24,37.45899963378906,37.55406010985576,36.872307415401146,36.872307415401146,5700
2025-04-25,37.345703125,37.3908304889318,37.20743097718658,37.22759543647591,6100
2025-04-28,37.707698822021484,37.707698822021484,37.26600015297369,37.41003041656671,5100
2025-04-29,37.52429962158203,37.678897468666,37.30440995285489,37.49645398746526,7500
2025-04-30,36.68506622314453,36.920318195662084,36.33650503275453,36.920318195662084,12700
2025-05-01,36.589046478271484,37.19878596010995,36.51030802804501,36.94912763807161,12300
2025-05-02,37.133487701416016,37.20742403835513,36.760923287110785,37.02594393859549,9600
2025-05-05,36.69755172729492,36.939528886487906,36.488225972062615,36.939528886487906,5900
2025-05-06,36.60248947143555,36.71867776891748,36.29618019688859,36.59576798575208,5400
2025-05-07,37.058597564697266,37.15077533109552,36.766690926119516,36.766690926119516,7300
2025-05-08,37.1306037902832,37.56078249081142,37.1306037902832,37.37161756006851,8100
2025-05-09,37.27079772949219,37.37162001053915,37.11332449844805,37.352418906188625,5300
2025-05-12,37.43980026245117,38.12059336615448,37.35242094743534,38.12059336615448,7700
2025-05-13,38.20701599121094,38.34144571717182,37.573273238155835,37.573273238155835,11700
2025-05-14,38.2415771484375,38.2415771484375,37.952553282691404,38.14939573274311,4000
2025-05-15,37.989036560058594,37.989036560058594,37.76530818794479,37.78450929023233,5200
2025-05-16,37.96023941040039,37.97175934166441,37.77491686592609,37.93815191102932,10300
2025-05-19,37.88629913330078,37.91894687152213,37.71729864569205,37.78451349999046,7100
2025-05-20,37.91606521606445,38.13019306695832,37.901662555868846,37.966958034161536,7800
2025-05-21,37.352420806884766,37.827726916845144,37.352420806884766,37.74610939893038,5100
2025-05-22,37.30710220336914,37.44883636723508,36.96674527274342,37.26564307543099,7300
2025-05-23,37.614681243896484,37.614681243896484,37.063166638542555,37.063166638542555,5600
2025-05-27,38.10736846923828,38.22114198789138,37.82486381657908,38.027341177386404,73100
2025-05-28,37.830650329589844,38.13243907319886,37.815224533552055,38.114118641614645,7500
2025-05-29,37.68024444580078,37.988782474424326,37.48740725839521,37.988782474424326,6600
2025-05-30,37.76702117919922,37.81523323952704,37.51633538458803,37.60311194388879,4000
2025-06-02,38.27707290649414,38.28574945815037,37.76316284839166,37.99842282023888,6100
2025-06-03,38.792903900146484,38.87582214873505,38.36480681046765,38.36480681046765,11300
2025-06-04,38.35902404785156,39.05901830631139,38.3368490053735,38.83725684734147,9300
2025-06-05,38.486305236816406,38.721565243454805,38.373495336348846,38.480519642168844,9600
2025-06-06,38.745662689208984,38.79965665653649,38.66370440760416,38.71191645962929,5200
2025-06-09,38.20282745361328,38.93367697797193,38.191256267162856,38.93367697797193,12000
2025-06-10,38.30117416381836,38.64442574655325,38.249107499239095,38.355168133585494,7500
2025-06-11,38.65310287475586,38.692634700077186,38.40338076085642,38.41302096500298,7000
2025-06-12,38.81508255004883,38.81797350770721,38.56728775564333,38.56728775564333,6400
2025-06-13,38.98092269897461,39.05901901436222,38.88643325601752,39.037807624033945,5000
2025-06-16,38.548973083496094,39.31935456556508,38.54511847270891,39.136161245453124,6700
2025-06-17,38.398555755615234,38.87582490114743,38.398555755615234,38.66370364621619,3800
2025-06-18,38.43905258178711,38.52775643261663,38.22693131939792,38.43230333576678,3100
2025-06-20,38.643455505371094,38.67623808141252,38.52871832825764,38.586570582106575,3900
2025-06-23,38.18161392211914,38.750481571314225,38.003242567802616,38.750481571314225,5100
2025-06-24,38.58753967285156,38.72638289481864,38.01770831706216,38.01770831706216,7600
2025-06-25,38.25971603393555,38.58657449692697,38.053380353476484,38.58657449692697,6900
2025-06-26,39.05160903930664,39.05160903930664,38.34587448789044,38.34587448789044,5500
2025-06-27,39.071937561035156,39.24135181178481,38.89768184799159,39.139703261335015,4600
2025-06-30,39.41464614868164,39.43981732501075,39.1009850774503,39.17843371447701,7400
2025-07-01,38.76118469238281,39.07193937431589,38.675991939643424,39.05257721719539,18200
2025-07-02,39.08646011352539,39.0932366838776,38.43300300501698,38.84928015119795,7200
2025-07-03,39.09808349609375,39.181337459539826,38.888977340477744,39.168751871027396,1100
2025-07-07,38.515289306640625,39.0913014780891,38.345875048259856,39.0913014780891,7200
2025-07-08,38.58015060424805,38.636298272214994,38.387500288881576,38.4717254837857,7100
2025-07-09,38.328453063964844,38.7234329963806,38.26456126076981,38.7234329963806,8900
2025-07-10,38.313926696777344,38.313926696777344,37.7901919884935,38.258746581058986,15600
2025-07-11,38.78828811645508,38.78828811645508,38.190978723274426,38.190978723274426,3700
2025-07-14,39.153255462646484,39.15906447866915,38.79119090518034,38.820232292340066,25400
2025-07-15,38.82895278930664,39.081621015453116,38.563695282654265,39.081621015453116,10300
2025-07-16,38.679866790771484,38.820235970646195,38.49108667748511,38.820235970646195,12600
2025-07-17,38.849281311035156,38.936409174301055,38.53562026468713,38.53562026468713,8600
2025-07-18,39.51725387573242,39.78831666184441,39.17842539309243,39.17842539309243,12200
2025-07-21,38.27617263793945,39.4978978588436,38.27617263793945,39.4978978588436,14500
2025-07-22,38.256813049316406,38.48624889261592,38.22002384201937,38.40395879964265,14300
2025-07-23,38.31296157836914,38.69438833611667,38.2974733291365,38.2974733291365,5800
2025-07-24,38.751338958740234,38.82229418528442,38.27796792814156,38.292547566037236,8400
2025-07-25,38.45292663574219,38.72508973343281,38.39460438283243,38.72508973343281,8700
2025-07-28,38.517086029052734,38.75425730898893,38.355731098581934,38.715379506663666,13800
2025-07-29,38.86117935180664,38.90006086182023,38.53069393258093,38.67649774115944,7300
2025-07-30,38.73480987548828,39.026417444292875,38.54040977354424,39.026417444292875,8600
2025-07-31,38.958377838134766,39.18194092844626,38.895194465953786,39.17027573543679,6100
2025-08-01,38.867977142333984,39.00891981237189,38.43834505446592,38.86117306457966,20300
2025-08-04,39.23442077636719,39.31801636933538,39.13430629377055,39.14305333319445,9100
2025-08-05,38.776611328125,39.12361930827883,38.23908545484422,39.12361930827883,14800
2025-08-06,38.60068130493164,38.83979554587936,38.54916311888286,38.83979554587936,2500
2025-08-07,38.425716400146484,38.80285516315821,38.425716400146484,38.80285516315821,22100
2025-08-08,38.080650329589844,38.598735522844315,38.05440920312776,38.598735522844315,37700
2025-08-11,38.06121063232422,38.215761475325415,38.006778004142134,38.1418880930862,3100
2025-08-12,38.09133529663086,38.23908203747096,37.74335586613291,38.23908203747096,20200
2025-08-13,38.42279815673828,38.42279815673828,37.94748414312585,38.248806560217936,6700
2025-08-14,38.328514099121094,38.35573041423564,38.12244877266665,38.3071303812375,8200
2025-08-15,38.005802154541016,38.3946098130408,38.005802154541016,38.3498957086916,3900
2025-08-18,37.77445983886719,38.00579848226994,37.73849648733067,38.00579848226994,9300
2025-08-19,37.80168151855469,37.850281551087384,37.60727768047909,37.69475922221587,16500
2025-08-20,38.24102783203125,38.24102783203125,37.88915874210947,37.88915874210947,2700
2025-08-21,38.46751022338867,38.5549917577674,38.180763752057764,38.180763752057764,9100
2025-08-22,38.56568145751953,38.84173421476051,38.56568145751953,38.69593413057573,7100
2025-08-25,38.3567008972168,38.73481485433365,38.3567008972168,38.61817403658574,2800
2025-08-26,38.47334289550781,38.47528585842496,38.151604551383485,38.394608402029235,7900
2025-08-27,38.599239349365234,38.83542237044969,38.41380818350269,38.41380818350269,33200
2025-08-28,38.899837493896484,38.90178834278544,38.43820484506839,38.65779820387985,13400
2025-08-29,38.848106384277344,39.03353753128572,38.83834469480687,38.86274519548936,4700
2025-09-02,38.61875915527344,38.88226895387353,38.38940782743665,38.71635372231314,5200
2025-09-03,38.497737884521484,38.667554806719174,38.38647993387242,38.56019855371033,4000
2025-09-04,38.6148567199707,38.70952128885466,38.46748572478045,38.60900045038112,7700
2025-09-05,38.44601821899414,38.62754397546938,38.06246417638885,38.56996414550002,7600
2025-09-08,37.73454284667969,38.30645434045126,37.64280082091727,38.30645434045126,7100
2025-09-09,37.892642974853516,38.15517733494928,37.769672486688066,37.769672486688066,49100
2025-09-10,38.02537536621094,38.36500920866577,37.87702895086383,37.95510385615531,8800
2025-09-11,38.197147369384766,38.203979063967154,37.95413263795656,38.0429446675276,75600
2025-09-12,38.17176818847656,38.3845298499137,38.17176818847656,38.22837258933906,6900
2025-09-15,37.945350646972656,38.22837640251018,37.945350646972656,38.22837640251018,19900
2025-09-16,38.15029525756836,38.21861219323117,37.97559749794756,38.179572880568486,12600
2025-09-17,38.47138595581055,38.66755422610987,38.345489194913206,38.579717631602804,13700
2025-09-18,38.761253356933594,38.88227301542045,38.51531234174741,38.51531234174741,3500
2025-09-19,38.300594329833984,38.77491120446596,38.19909434590052,38.77491120446596,6600
2025-09-22,38.48115158081055,38.61290462454719,38.17957787706646,38.21861719483815,4600
2025-09-23,38.86274719238281,39.15553460064859,38.550440127166794,38.550440127166794,13100
2025-09-24,39.35072708129883,39.575197549648735,38.98962273856148,38.98962273856148,8600
2025-09-25,39.28116226196289,39.3409338507455,39.07637420579243,39.20375186838601,10000
2025-09-26,39.39482879638672,39.703479869764166,39.370331077526096,39.38992850504917,6800
2025-09-29,39.06657028198242,39.47810871820302,38.85688195277979,39.47810871820302,6800
2025-09-30,39.04305648803711,39.04305648803711,38.870600644813926,38.94899034406566,11100
2025-10-01,38.87942123413086,38.948989661410174,38.802010846802546,38.8608031202109,13200
2025-10-02,38.55411148071289,39.1645583695425,38.547252568903865,38.860803890981074,4600
2025-10-03,38.842185974121094,39.05677460025595,38.76380001211667,38.77163823453445,69900
2025-10-06,38.59233093261719,38.98818923653751,38.548235787759026,38.98818923653751,8100
2025-10-07,38.571754455566406,38.571754455566406,38.37088363241823,38.5472567373879,14300
2025-10-08,38.635440826416016,38.640341117304665,38.31698919953538,38.53647438716441,10600
2025-10-09,37.84764099121094,38.537456911269196,37.74377800031059,38.537456911269196,10900
2025-10-10,36.862892150878906,37.684006716524344,36.862892150878906,37.626197488101376,9400
2025-10-13,37.09708023071289,37.19800529612593,36.9794994084212,37.07748280402645,16800
2025-10-14,36.96969223022461,36.994189943668644,36.58755182258591,36.754124312961224,9100
2025-10-15,37.104915618896484,37.4792178430077,37.06278283676183,37.067683127515785,10800
2025-10-16,36.5787353515625,37.19505806922264,36.559137927803995,37.19505806922264,6800
2025-10-17,36.53954315185547,36.626750385660976,36.36219075248965,36.626750385660976,8000
2025-10-20,36.881507873535156,36.95009698983877,36.71983192603671,36.90110529788283,9400
2025-10-21,36.84721374511719,36.978512378168745,36.763927494038114,36.93049999619627,6000
2025-10-22,37.20682144165039,37.26267204981805,36.72473522906682,36.989294872722205,6900
2025-10-23,36.83782196044922,37.52956959103846,36.83585505145168,37.52956959103846,8800
2025-10-24,36.534751892089844,36.873244159632655,36.437333594524624,36.873244159632655,12600
2025-10-27,36.643978118896484,36.643978118896484,36.52687946222536,36.63413606613999,10000
2025-10-28,36.65972137451172,36.67349724563488,36.427498474537494,36.6144561892599,19900
2025-10-29,36.20117950439453,36.59477527997175,36.20117950439453,36.59477527997175,10900
2025-10-30,36.3782958984375,36.58985497095037,35.90794566367899,36.1027747493891,11200
2025-10-31,36.43733215332031,36.53277978451939,36.279893109927876,36.279893109927876,7400
2025-11-03,36.407814025878906,36.52589237169957,36.142134932550206,36.52589237169957,17800
2025-11-04,35.9581298828125,36.18149792713958,35.94533746687712,36.18149792713958,7800
2025-11-05,36.20117950439453,36.46685862357189,35.945338684308204,35.945338684308204,6100
2025-11-06,36.46882629394531,36.53573874081965,36.17165785491536,36.17165785491536,8300
2025-11-07,36.855533599853516,36.88997327384166,36.3487730345381,36.516054132225456,4700
2025-11-10,37.19993209838867,37.28357077436496,36.83191741972127,37.017891668049295,9100
2025-11-11,37.26290512084961,37.38197067467713,37.195009227481634,37.2540502771712,4400
2025-11-12,37.36720657348633,37.39180794859385,37.22453060951975,37.303248253306734,6700
2025-11-13,37.06512451171875,37.3918115862773,36.958855119221425,37.303251882374596,1700
2025-11-14,37.72636795043945,37.781471429476426,36.998210008481365,37.0966117593638,8900
2025-11-17,37.383941650390625,37.95268993579263,37.26389262905517,37.730309089691765,167400
2025-11-18,37.43117141723633,37.51481009296268,37.20485301334219,37.50005076826311,11300
2025-11-19,37.37016677856445,37.39181404029147,36.97853789738447,37.08874486882634,20300
2025-11-20,37.165496826171875,37.80509141391763,37.12613611976315,37.52957397634368,15700
2025-11-21,37.29242706298828,37.34261327343249,37.03757345355601,37.254053567896946,6900
2025-11-24,37.07693099975586,37.19500934586789,36.811251905771584,37.19500934586789,4000
2025-11-25,37.1470947265625,37.20836285191453,36.770593369534,37.047289466806134,9700
2025-11-26,37.53248977661133,37.659968042475846,37.478138957874165,37.478138957874165,2100
2025-11-28,38.1333122253418,38.21335321225402,37.56114714855043,37.56114714855043,9000
2025-12-01,38.10070037841797,38.22916629232233,37.88725146727014,37.88725146727014,6300
2025-12-02,37.60264587402344,38.203467751249704,37.60264587402344,38.203467751249704,4700
2025-12-03,38.06512451171875,38.15208657156026,37.69949483248654,37.69949483248654,3500
2025-12-04,38.5691032409668,38.5691032409668,38.084891639976306,38.084891639976306,6500
2025-12-05,38.57799530029297,38.806266458080195,38.57404093740767,38.697564829710075,67900
2025-12-08,38.33193588256836,38.54933537373394,38.2528787805808,38.54933537373394,5400
2025-12-09,38.099708557128906,38.5532879148457,38.099708557128906,38.32205004907442,6900
2025-12-10,37.709373474121094,38.193588787803904,37.62043612138956,38.193588787803904,4900
2025-12-11,37.78843307495117,37.88626303853509,37.65008314070743,37.65008314070743,4300
2025-12-12,37.78843307495117,37.936659492879784,37.57102980507556,37.936659492879784,8800
2025-12-15,37.64020538330078,37.90701747684495,37.42280209900912,37.90701747684495,10600
2025-12-16,36.87929916381836,37.531505273674284,36.85953488538022,37.531505273674284,10700
2025-12-17,37.16586685180664,37.30421299885711,36.889174557705694,36.93858335741661,14000
2025-12-18,36.93759536743164,37.353621452977286,36.921781686736615,37.353621452977286,4900
2025-12-19,37.082862854003906,37.235043630904215,37.00776011389529,37.00776011389529,10100
2025-12-22,37.294342041015625,37.393159665064104,37.2054046715117,37.2054046715117,14500
2025-12-23,37.84015655517578,37.84015655517578,37.33403119095247,37.33403119095247,6500
2025-12-24,37.77069091796875,37.90962611198653,37.740916386607715,37.90962611198653,10300
2025-12-26,37.6912956237793,37.76076321785496,37.502741266388206,37.76076321785496,7900
2025-12-29,37.8739013671875,37.95825433904723,37.681375797808705,37.681375797808705,12000
2025-12-30,38.10810470581055,38.13688359662513,37.909624244548006,37.95031294732032,21700
2025-12-31,37.860008239746094,37.989017332503536,37.730995361288414,37.989017332503536,15900
2026-01-02,38.26490020751953,38.42567130925386,37.67144632577147,37.67144632577147,7600
2026-01-05,37.9195442199707,38.17756993937159,37.14547463316743,38.17756993937159,81300
2026-01-06,37.0472297668457,37.711143092987626,37.00654106481819,37.711143092987626,7900
2026-01-07,37.0174560546875,37.12066559207722,36.962873832991974,37.00654188176836,8200
2026-01-08,37.52953338623047,37.66152180419697,36.95691981570532,36.95691981570532,8700
2026-01-09,37.393577575683594,37.73099323328891,37.393577575683594,37.56228351163624,11600
2026-01-12,37.59205627441406,37.622818871377504,37.39357581709237,37.48289183360214,5500
2026-01-13,38.247039794921875,38.2569621143946,37.71114368659699,37.71114368659699,2700
2026-01-14,38.48521423339844,38.723391549100185,38.2569630231051,38.2569630231051,14600
2026-01-15,38.37604904174805,38.567582743985234,38.18749468535544,38.48521348491742,8900
2026-01-16,39.00126266479492,39.00126266479492,38.73331459921518,38.73331459921518,15400
2026-01-20,38.733314514160156,39.10050470638909,38.72339219428643,38.83255664139773,10800
2026-01-21,39.2592887878418,39.57685602735173,39.07073063671395,39.07073063671395,4800
2026-01-22,39.8471794128418,40.00660782890237,39.51835616661315,39.51835616661315,38700
2026-01-23,40.151084899902344,40.32546292963719,39.9767106712406,39.9767106712406,8700
2026-01-26,39.98667907714844,40.3653191922292,39.829242422395794,40.3653191922292,14100
2026-01-27,40.335426330566406,40.4031842610487,39.986677866426916,39.986677866426916,13000
2026-01-28,40.85356903076172,40.93328513631245,40.35535477428902,40.35535477428902,7100
2026-01-29,41.262107849121094,41.43150268634573,41.05784196428737,41.1624665103349,10300
2026-01-30,41.232215881347656,41.351786247159374,40.47492802870219,41.26210752253224,4000
2026-02-02,40.604461669921875,41.0528552583933,40.604461669921875,41.0528552583933,6900
2026-02-03,41.40758514404297,41.49128477847899,40.684180074682075,40.684180074682075,4100
2026-02-04,41.595909118652344,41.595909118652344,41.18239415560734,41.541105243837954,3100
2026-02-05,41.70053482055664,41.73043026287866,41.21228694182004,41.55107281324016,2500
2026-02-06,42.358177185058594,42.358177185058594,41.85996289597919,41.85996289597919,13900
2026-02-09,42.79959487915039,42.79959487915039,42.29839295760306,42.29839295760306,4300
2026-02-10,42.946067810058594,43.09553360890023,42.8982389064722,42.97596325047082,3200
2026-02-11,43.56385803222656,43.633607727617175,43.19517672679236,43.19517672679236,42900
2026-02-12,43.434322357177734,43.98235732104711,43.34464363210286,43.593750779413796,20900
2026-02-13,44.35601806640625,44.4706090267046,43.414393353138955,43.414393353138955,9100
2026-02-17,44.00228500366211,44.39089153341441,43.69339078205406,44.39089153341441,14300
2026-02-18,44.325130462646484,44.49053797315204,44.19160635590324,44.19160635590324,8100
2026-02-19,44.5054817199707,44.74960564834656,44.32114107140015,44.32114107140015,4200
2026-02-20,44.69978713989258,44.70974975331678,44.3908929087145,44.50050066174779,8200
2026-02-23,44.78946304321289,44.9737998879978,44.54035591149432,44.70974693654782,4700
2026-02-24,44.63999938964844,44.7994278095693,44.191605770785586,44.7994278095693,6900
2026-02-25,44.66999816894531,44.869998931884766,44.099998474121094,44.869998931884766,10000
2026-02-26,45.01499938964844,45.27000045776367,44.65999984741211,44.65999984741211,21000
2026-02-27,45.33300018310547,45.43000030517578,45.0099983215332,45.0099983215332,5400
2026-03-02,46.55699920654297,46.709999084472656,46.194000244140625,46.220001220703125,13300
2026-03-03,46.33000183105469,46.869998931884766,46.060001373291016,46.66999816894531,16000
2026-03-04,46.41699981689453,46.435001373291016,45.849998474121094,46.290000915527344,9900
2026-03-05,46.09000015258789,46.560001373291016,46.02000045776367,46.31999969482422,12700
2026-03-06,46.18000030517578,46.43000030517578,46.0,46.150001525878906,9200
2026-03-09,45.91999816894531,46.36000061035156,45.83000183105469,46.25,8500
2026-03-10,45.57899856567383,45.90999984741211,45.470001220703125,45.77000045776367,12600
2026-03-11,46.099998474121094,46.099998474121094,45.48099899291992,45.56999969482422,5900
2026-03-12,45.90999984741211,46.560001373291016,45.90999984741211,46.02000045776367,7443
