date,close,high,low,open,volume
2021-04-07,42.352725982666016,43.35065062712467,42.318897153743436,42.318897153743436,678200.0
2021-04-08,42.34004592895508,42.361189757638655,42.331590333138834,42.361189757638655,1257800.0
2021-04-09,42.34004592895508,42.361189757638655,42.335819744094614,42.361189757638655,743600.0
2021-04-12,42.34425735473633,42.361171765279956,42.34425735473633,42.361171765279956,605900.0
2021-04-13,42.34425735473633,42.361171765279956,42.34425735473633,42.361171765279956,539900.0
2021-04-14,42.335819244384766,42.34427484010121,42.32736042257305,42.34427484010121,564600.0
2021-04-15,42.335819244384766,42.34427484010121,42.335819244384766,42.34427484010121,311100.0
2021-04-16,42.34004592895508,42.3696453534549,42.335819744094614,42.35273416182241,965800.0
2021-04-19,42.34004592895508,42.35273416182241,42.335819744094614,42.35273416182241,462300.0
2021-04-20,42.34004592895508,42.34427533991086,42.335819744094614,42.34427533991086,391400.0
2021-04-21,42.32735824584961,42.34427266250792,42.32735824584961,42.34427266250792,470300.0
2021-04-22,42.335819244384766,42.34427484010121,42.32736042257305,42.335819244384766,370700.0
2021-04-23,42.335819244384766,42.34427484010121,42.32736042257305,42.34427484010121,469400.0
2021-04-26,42.335819244384766,42.34427484010121,42.33158983347891,42.34427484010121,571000.0
2021-04-27,42.335819244384766,42.34427484010121,42.32736042257305,42.34427484010121,361800.0
2021-04-28,42.33750915527344,42.344274276975675,42.335818681371684,42.344274276975675,393700.0
2021-04-29,42.34425735473633,42.352716173055114,42.33580176251149,42.34425735473633,669300.0
2021-04-30,42.352725982666016,42.36118157684932,42.335811568204726,42.352725982666016,398900.0
2021-05-03,42.34342575073242,42.36034320728584,42.334965409118254,42.351882865671676,730600.0
2021-05-04,42.34765625,42.360346763486625,42.34342930551297,42.360346763486625,199600.0
2021-05-05,42.36033630371094,42.36033630371094,42.3434188499146,42.36033630371094,227500.0
2021-05-06,42.36033630371094,42.36879341727192,42.35187596347558,42.36033630371094,238500.0
2021-05-07,42.3687858581543,42.37724297020642,42.36032874610218,42.37724297020642,199400.0
2021-05-10,42.36033630371094,42.38571087106825,42.35187596347558,42.38571087106825,338600.0
2021-05-11,42.36033630371094,42.38571087106825,42.36033630371094,42.38571087106825,279900.0
2021-05-12,42.364559173583984,42.368789343294914,42.35187189112528,42.368789343294914,244700.0
2021-05-13,42.36033630371094,42.36879341727192,42.36033630371094,42.36879341727192,1038600.0
2021-05-14,42.37303161621094,42.377258560455154,42.36880144529172,42.377258560455154,642000.0
2021-05-17,42.38571548461914,42.38571548461914,42.37302819955951,42.38571548461914,367500.0
2021-05-18,42.38571548461914,42.39417259910065,42.377255143462904,42.39417259910065,416000.0
2021-05-19,42.38571548461914,42.39417259910065,42.38571548461914,42.39417259910065,379400.0
2021-05-20,42.389949798583984,42.40263708488372,42.38571962759239,42.40263708488372,493000.0
2021-05-21,42.389949798583984,42.394176742900534,42.38571962759239,42.394176742900534,264400.0
2021-05-24,42.389949798583984,42.40263708488372,42.38571962759239,42.40263708488372,457400.0
2021-05-25,42.39839553833008,42.40262570818672,42.38993842529099,42.40262570818672,295000.0
2021-05-26,42.3941650390625,42.402625378710034,42.38570792608913,42.3941650390625,337800.0
2021-05-27,42.402645111083984,42.41110222799294,42.394184767499375,42.402645111083984,503900.0
2021-05-28,42.40684509277344,42.411075261876086,42.402618150344395,42.411075261876086,335900.0
2021-06-01,42.40685272216797,42.42377523782709,42.39839307815832,42.42377523782709,942900.0
2021-06-02,42.40685272216797,42.415315593817446,42.39839307815832,42.415315593817446,372200.0
2021-06-03,42.402652740478516,42.406880951478044,42.398421301837,42.406880951478044,315500.0
2021-06-04,42.39755630493164,42.41532446594436,42.38993907332583,42.41532446594436,488300.0
2021-06-07,42.40685272216797,42.415315593817446,42.39839307815832,42.415315593817446,276100.0
2021-06-08,42.40685272216797,42.40685272216797,42.39839307815832,42.40685272216797,197000.0
2021-06-09,42.39839553833008,42.40685518283059,42.39839553833008,42.40685518283059,429700.0
2021-06-10,42.40685272216797,42.40685272216797,42.39839307815832,42.40685272216797,509700.0
2021-06-11,42.402652740478516,42.41534382876107,42.398421301837,42.41534382876107,272300.0
2021-06-14,42.39839553833008,42.41531805497113,42.39839553833008,42.41531805497113,292700.0
2021-06-15,42.39839553833008,42.40685518283059,42.39839553833008,42.39839553833008,219000.0
2021-06-16,42.39839553833008,42.41531805497113,42.39839553833008,42.39839553833008,391300.0
2021-06-17,42.39839553833008,42.40685518283059,42.38993266618954,42.40685518283059,1030800.0
2021-06-18,42.42377853393555,42.42377853393555,42.381473855320806,42.39839637229472,201500.0
2021-06-21,42.38993835449219,42.43224626559212,42.38147870885647,42.38993835449219,247000.0
2021-06-22,42.381473541259766,42.398396058108275,42.381473541259766,42.381473541259766,463900.0
2021-06-23,42.38993835449219,42.40263266440644,42.38147870885647,42.38993835449219,381400.0
2021-06-24,42.38993835449219,42.40263266440644,42.38993835449219,42.38993835449219,456400.0
2021-06-25,42.381473541259766,42.398396058108275,42.381473541259766,42.398396058108275,266800.0
2021-06-28,42.381473541259766,42.398396058108275,42.381473541259766,42.381473541259766,274800.0
2021-06-29,42.394161224365234,42.398392660148254,42.385701580439,42.398392660148254,1087800.0
2021-06-30,42.39839553833008,42.40685518283059,42.38993266618954,42.40685518283059,259800.0
2021-07-01,42.39756393432617,42.401793325804796,42.384869302804084,42.401793325804796,367300.0
2021-07-02,42.393314361572266,42.41024160634703,42.3848523534558,42.41024160634703,370600.0
2021-07-06,42.393314361572266,42.41024160634703,42.393314361572266,42.393314361572266,361800.0
2021-07-07,42.40601348876953,42.410246107547906,42.39331886097657,42.410246107547906,163700.0
2021-07-08,42.401798248291016,42.410263489317224,42.39333623580829,42.401798248291016,272300.0
2021-07-09,42.422935485839844,42.42716810409447,42.401775623108506,42.418702867585225,340500.0
2021-07-12,42.410240173339844,42.41870218117039,42.401774936967584,42.41870218117039,252000.0
2021-07-13,42.393314361572266,42.40177636968874,42.393314361572266,42.40177636968874,713200.0
2021-07-14,42.401798248291016,42.401798248291016,42.39333623580829,42.401798248291016,318400.0
2021-07-15,42.401798248291016,42.410263489317224,42.3975688563214,42.410263489317224,529700.0
2021-07-16,42.410240173339844,42.410240173339844,42.401774936967584,42.410240173339844,253100.0
2021-07-19,42.410240173339844,42.41870218117039,42.401774936967584,42.401774936967584,816500.0
2021-07-20,42.410240173339844,42.41870218117039,42.401774936967584,42.401774936967584,779800.0
2021-07-21,42.410240173339844,42.410240173339844,42.401774936967584,42.410240173339844,1049000.0
2021-07-22,42.401798248291016,42.42719074282616,42.3975688563214,42.42719074282616,533600.0
2021-07-23,42.410240173339844,42.41870218117039,42.401774936967584,42.410240173339844,208400.0
2021-07-26,42.40601348876953,42.410246107547906,42.40178086999116,42.40178086999116,192600.0
2021-07-27,42.418701171875,42.418701171875,42.410239164245795,42.410239164245795,262400.0
2021-07-28,42.427188873291016,42.427188873291016,42.41026162052797,42.41872363263782,258800.0
2021-07-29,42.427188873291016,42.43565088540086,42.41872363263782,42.41872363263782,232300.0
2021-07-30,42.427188873291016,42.427188873291016,42.41872363263782,42.41872363263782,325100.0
2021-08-02,42.4314079284668,42.4314079284668,42.4229433859964,42.4314079284668,224800.0
2021-08-03,42.4314079284668,42.43987570044596,42.4314079284668,42.43987570044596,655700.0
2021-08-04,42.4314079284668,42.43987570044596,42.4229433859964,42.43987570044596,262800.0
2021-08-05,42.427181243896484,42.43141190077336,42.42294735751054,42.42294735751054,302700.0
2021-08-06,42.414493560791016,42.43142588240512,42.414493560791016,42.414493560791016,179600.0
2021-08-09,42.41869354248047,42.43139196616342,42.414459658083636,42.4229274268773,394400.0
2021-08-10,42.414493560791016,42.43142588240512,42.414493560791016,42.414493560791016,274200.0
2021-08-11,42.422935485839844,42.43140002673395,42.41446771543758,42.41446771543758,189300.0
2021-08-12,42.422935485839844,42.422935485839844,42.41446771543758,42.422935485839844,220500.0
2021-08-13,42.427181243896484,42.43141190077336,42.41447958473864,42.41447958473864,493600.0
2021-08-16,42.428863525390625,42.43986968969948,42.329811276119244,42.431401918919605,1294500.0
2021-08-17,42.422935485839844,42.43140002673395,42.422935485839844,42.43140002673395,150400.0
2021-08-18,42.4314079284668,42.43987570044596,42.4229433859964,42.43987570044596,358400.0
2021-08-19,42.439876556396484,42.439876556396484,42.431408784246536,42.439876556396484,180000.0
2021-08-20,42.422935485839844,42.44833233803031,42.422935485839844,42.43986779713621,465000.0
2021-08-23,42.4314079284668,42.4314079284668,42.4229433859964,42.4229433859964,135900.0
2021-08-24,42.4314079284668,42.43987570044596,42.4229433859964,42.4314079284668,704500.0
2021-08-25,42.43563461303711,42.43986849830819,42.42293618673208,42.43986849830819,158800.0
2021-08-26,42.4314079284668,42.43987570044596,42.4229433859964,42.43987570044596,149200.0
2021-08-27,42.4314079284668,42.43987570044596,42.427177271985975,42.43987570044596,311000.0
2021-08-30,42.44832992553711,42.44832992553711,42.41446530486903,42.41446530486903,357600.0
2021-08-31,42.45680618286133,42.45680618286133,42.4398738691424,42.448338411247555,311000.0
2021-09-01,42.44240951538086,42.45087948287825,42.44240951538086,42.45087948287825,1157000.0
2021-09-02,42.44240951538086,42.45087948287825,42.433942778229586,42.45087948287825,282900.0
2021-09-03,42.45087814331055,42.45087814331055,42.43394143919633,42.43394143919633,194800.0
2021-09-07,42.44240951538086,42.45087948287825,42.425472810732195,42.446644499129555,498200.0
2021-09-08,42.45087814331055,42.45087814331055,42.43394143919633,42.43394143919633,407000.0
2021-09-09,42.44240951538086,42.45934622002953,42.433942778229586,42.44240951538086,347000.0
2021-09-10,42.44240951538086,42.45087948287825,42.433942778229586,42.45087948287825,206400.0
2021-09-13,42.45087814331055,42.45087814331055,42.43394143919633,42.43394143919633,150900.0
2021-09-14,42.4593391418457,42.4678091079311,42.442402440020466,42.450872406105866,375600.0
2021-09-15,42.46781539916992,42.46781539916992,42.45087869483566,42.45934543182977,156200.0
2021-09-16,42.4593391418457,42.4678091079311,42.450872406105866,42.4593391418457,207200.0
2021-09-17,42.4593391418457,42.4678091079311,42.450872406105866,42.4678091079311,342100.0
2021-09-20,42.44664001464844,42.46781170080901,42.442405031347164,42.459341734206475,1137600.0
2021-09-21,42.4593391418457,42.4678091079311,42.442402440020466,42.442402440020466,371600.0
2021-09-22,42.44240951538086,42.467816187526914,42.44240951538086,42.45934622002953,341600.0
2021-09-23,42.44664001464844,42.459341734206475,42.442405031347164,42.450874997949704,658000.0
2021-09-24,42.44240951538086,42.45087948287825,42.433942778229586,42.433942778229586,225500.0
2021-09-27,42.45087814331055,42.45087814331055,42.442408176080434,42.442408176080434,858000.0
2021-09-28,42.44240951538086,42.45934622002953,42.44240951538086,42.45087948287825,370200.0
2021-09-29,42.45087814331055,42.45934488019465,42.442408176080434,42.45087814331055,400600.0
2021-09-30,42.4593391418457,42.4678091079311,42.446637423063166,42.450872406105866,472800.0
2021-10-01,42.472049713134766,42.472049713134766,42.455107941161,42.472049713134766,252000.0
2021-10-04,42.45513153076172,42.46360403711253,42.44666225572531,42.46360403711253,255400.0
2021-10-05,42.43817138671875,42.45511316077541,42.43817138671875,42.45511316077541,450500.0
2021-10-06,42.43817138671875,42.44664388940358,42.42970211534692,42.43817138671875,319500.0
2021-10-07,42.43817138671875,42.44664388940358,42.42970211534692,42.43817138671875,469700.0
2021-10-08,42.43817138671875,42.44664388940358,42.43817138671875,42.43817138671875,155100.0
2021-10-11,42.4296875,42.4381567684545,42.4296875,42.4381567684545,147200.0
2021-10-12,42.4296875,42.4381567684545,42.4296875,42.4296875,181900.0
2021-10-13,42.4296875,42.4381567684545,42.4296875,42.4381567684545,182100.0
2021-10-14,42.42122268676758,42.438161225455524,42.42122268676758,42.438161225455524,229800.0
2021-10-15,42.41276168823242,42.42970346282712,42.41276168823242,42.42123419118632,247900.0
2021-10-18,42.41276168823242,42.42123419118632,42.41276168823242,42.42123419118632,174900.0
2021-10-19,42.41276168823242,42.42123419118632,42.41276168823242,42.42123419118632,156800.0
2021-10-20,42.41276168823242,42.42123419118632,42.41276168823242,42.42123419118632,209700.0
2021-10-21,42.41276168823242,42.42123419118632,42.41276168823242,42.41276168823242,242400.0
2021-10-22,42.39580535888672,42.4127471276652,42.39580535888672,42.4127471276652,288300.0
2021-10-25,42.39580535888672,42.421219627710435,42.39580535888672,42.421219627710435,401900.0
2021-10-26,42.400047302246094,42.40428355283754,42.39581105165465,42.39581105165465,201400.0
2021-10-27,42.39580535888672,42.4127471276652,42.39580535888672,42.39580535888672,1590800.0
2021-10-28,42.40428161621094,42.40428161621094,42.387339845931315,42.39580911541499,167300.0
2021-10-29,42.39580535888672,42.404277858931955,42.387336090153475,42.404277858931955,235800.0
2021-11-01,42.37377166748047,42.38648397255071,42.37377166748047,42.382246537527294,295600.0
2021-11-02,42.40767288208008,42.40767288208008,42.38225473145718,42.38225473145718,475400.0
2021-11-03,42.4034423828125,42.41615469242001,42.3992081784937,42.41615469242001,232000.0
2021-11-04,42.43309020996094,42.44156184862017,42.39919719089159,42.40766882955083,378400.0
2021-11-05,42.42462921142578,42.42462921142578,42.4076826963498,42.416157569996415,201400.0
2021-11-08,42.40767288208008,42.42461939323418,42.40767288208008,42.40767288208008,241200.0
2021-11-09,42.43309020996094,42.43309020996094,42.41614370042626,42.4246153390855,676000.0
2021-11-10,42.38226318359375,42.43310272719479,42.38226318359375,42.43310272719479,476700.0
2021-11-11,42.39073944091797,42.39921431521626,42.38226779883718,42.38226779883718,360800.0
2021-11-12,42.40767288208008,42.41614775376539,42.38225473145718,42.38225473145718,369400.0
2021-11-15,42.39073944091797,42.407685957297055,42.39073944091797,42.407685957297055,333600.0
2021-11-16,42.39073944091797,42.407685957297055,42.38226779883718,42.39921431521626,291700.0
2021-11-17,42.39920425415039,42.39920425415039,42.38225774179261,42.38225774179261,745800.0
2021-11-18,42.386505126953125,42.39921420615037,42.38226768981488,42.39921420615037,178200.0
2021-11-19,42.39920425415039,42.39920425415039,42.39072938186313,42.39072938186313,177500.0
2021-11-22,42.38226318359375,42.390734824752016,42.3568450279018,42.390734824752016,265200.0
2021-11-23,42.38226318359375,42.38226318359375,42.365316669060064,42.37378831021833,381300.0
2021-11-24,42.37377166748047,42.37377166748047,42.365300029649525,42.365300029649525,197200.0
2021-11-26,42.39073944091797,42.39073944091797,42.3653212824581,42.3653212824581,108300.0
2021-11-29,42.37377166748047,42.39071817535824,42.365300029649525,42.37377166748047,684500.0
2021-11-30,42.37377166748047,42.39071817535824,42.37377166748047,42.382246537527294,257100.0
2021-12-01,42.385650634765625,42.385650634765625,42.36022536339146,42.36022536339146,268500.0
2021-12-02,42.368709564208984,42.37718357835074,42.35175830280294,42.360232316944696,388000.0
2021-12-03,42.36021423339844,42.3686914770438,42.343262979228875,42.3686914770438,322300.0
2021-12-06,42.35599899291992,42.3771888806094,42.34328635355541,42.36871486540737,549000.0
2021-12-07,42.33480453491211,42.36022980895458,42.326327288149734,42.36022980895458,543100.0
2021-12-08,42.34327697753906,42.35175422398692,42.32632571776556,42.32632571776556,246300.0
2021-12-09,42.33480453491211,42.35175579531453,42.33480453491211,42.343278548552156,193100.0
2021-12-10,42.34327697753906,42.34327697753906,42.32632571776556,42.32632571776556,184600.0
2021-12-13,42.326332092285156,42.343283354611586,42.31785807768329,42.33480934000972,389300.0
2021-12-14,42.326332092285156,42.339047963872005,42.31785807768329,42.326332092285156,1915900.0
2021-12-15,42.326332092285156,42.326332092285156,42.30938082995873,42.31785807768329,367900.0
2021-12-16,42.34327697753906,42.34327697753906,42.32632571776556,42.32632571776556,1436000.0
2021-12-17,42.351741790771484,42.37716705640652,42.34326454681229,42.34326454681229,3704500.0
2021-12-20,42.34327697753906,42.35175422398692,42.33056434098949,42.34327697753906,1270000.0
2021-12-21,42.33480453491211,42.343278548552156,42.326327288149734,42.33480453491211,647700.0
2021-12-22,42.351741790771484,42.351741790771484,42.33479053597437,42.34326454681229,970000.0
2021-12-23,42.34496307373047,42.35344405292519,42.32800434988686,42.35344405292519,799600.0
2021-12-27,42.328006744384766,42.33648772405925,42.31952899925629,42.328006744384766,587100.0
2021-12-28,42.33649444580078,42.34497219227526,42.328013464779765,42.328013464779765,557500.0
2021-12-29,42.34496307373047,42.34496307373047,42.32800434988686,42.32800434988686,533000.0
2021-12-30,42.35343933105469,42.36191707475841,42.344958352805484,42.344958352805484,380900.0
2021-12-31,42.35343933105469,42.38735677496053,42.344958352805484,42.35343933105469,864600.0
2022-01-03,42.34496307373047,42.35344405292519,42.33648532908159,42.34496307373047,388100.0
2022-01-04,42.35343933105469,42.357679820179285,42.32799963085256,42.32799963085256,280400.0
2022-01-05,42.34496307373047,42.3704027767688,42.33648532908159,42.35344405292519,1752100.0
2022-01-06,42.33649444580078,42.35345317329627,42.328013464779765,42.33649444580078,2229100.0
2022-01-07,42.31953430175781,42.31953430175781,42.311056555567106,42.31953430175781,315700.0
2022-01-10,42.31105041503906,42.328005904959745,42.31105041503906,42.3195281599994,285500.0
2022-01-11,42.31529235839844,42.328010594521,42.30257412227588,42.311055102721795,475300.0
2022-01-12,42.323760986328125,42.33647921873877,42.31104275391748,42.319520497342786,455300.0
2022-01-13,42.328006744384766,42.328006744384766,42.311051254127825,42.328006744384766,526600.0
2022-01-14,42.30257034301758,42.32800681299023,42.29409259787536,42.32800681299023,354300.0
2022-01-18,42.294090270996094,42.30256801567189,42.28560929177445,42.30256801567189,317000.0
2022-01-19,42.26865768432617,42.294097391728336,42.26017993822305,42.27713866497569,370500.0
2022-01-20,42.26017761230469,42.27713633812396,42.25169986666816,42.26865535794121,479500.0
2022-01-21,42.27288818359375,42.277128672916284,42.26016995017177,42.26016995017177,669700.0
2022-01-24,42.27288818359375,42.277128672916284,42.268647694271216,42.268647694271216,518200.0
2022-01-25,42.28561019897461,42.28561019897461,42.27713245411693,42.27713245411693,1518000.0
2022-01-26,42.26017761230469,42.30257280957975,42.26017761230469,42.26865535794121,1623300.0
2022-01-27,42.238975524902344,42.26017473937182,42.23473826964525,42.26017473937182,461800.0
2022-01-28,42.217769622802734,42.24320608655114,42.217769622802734,42.23472834348342,1026400.0
2022-01-31,42.22200393676758,42.2347254023011,42.19232698627936,42.22624442527875,704100.0
2022-02-01,42.23897933959961,42.306834675760626,42.21353520629949,42.222015505559355,641300.0
2022-02-02,42.23897933959961,42.27290700768012,42.23049904033974,42.23049904033974,792000.0
2022-02-03,42.23050308227539,42.24746691793928,42.23050308227539,42.23898338234692,353500.0
2022-02-04,42.20505142211914,42.230498790789404,42.19657112290938,42.230498790789404,298500.0
2022-02-07,42.196571350097656,42.205051649353074,42.18809105084224,42.196571350097656,349900.0
2022-02-08,42.188087463378906,42.1965677619132,42.171123630790085,42.1965677619132,441700.0
2022-02-09,42.17961120605469,42.19657504157007,42.17536943829564,42.19657504157007,442000.0
2022-02-10,42.111759185791016,42.162647456920645,42.10327565025555,42.162647456920645,455900.0
2022-02-11,42.12023162841797,42.12701651426817,42.10326779603238,42.11175132998527,890300.0
2022-02-14,42.08631134033203,42.10327517569097,42.077831040412946,42.09479487577188,217700.0
2022-02-15,42.094791412353516,42.111755246316726,42.08630787761167,42.094791412353516,425700.0
2022-02-16,42.10326385498047,42.10920103398367,42.08630002418276,42.094783557341565,442100.0
2022-02-17,42.10326385498047,42.11174738813927,42.094783557341565,42.10326385498047,550000.0
2022-02-18,42.111759185791016,43.38401773236451,42.10327565025555,42.12023948580569,586200.0
2022-02-22,42.094791412353516,42.111755246316726,42.07782757839031,42.10327171157488,755500.0
2022-02-23,42.08631134033203,42.09903340797104,42.077831040412946,42.09479487577188,558400.0
2022-02-24,42.07782745361328,42.11175512143909,42.069343918896585,42.11175512143909,368800.0
2022-02-25,42.094791412353516,42.094791412353516,42.06934404364846,42.08630787761167,247300.0
2022-02-28,42.12871551513672,42.13804675617565,42.09479108299623,42.103271382151235,499600.0
2022-03-01,42.157569885253906,42.18302631896791,42.123625815578805,42.140597850416356,1257900.0
2022-03-02,42.10665512084961,42.149083590751516,42.10665512084961,42.149083590751516,1038500.0
2022-03-03,42.10665512084961,42.11514275708085,42.0896830854719,42.11514275708085,154200.0
2022-03-04,42.11513900756836,42.12362340595947,42.098166973701666,42.12362340595947,152400.0
2022-03-07,42.08967971801758,42.09816735356974,42.07271092108223,42.09816735356974,193500.0
2022-03-08,42.03877258300781,42.06422901896508,42.030284946298764,42.06422901896508,215000.0
2022-03-09,42.03028869628906,42.038776333755386,42.01331665844164,42.038776333755386,316400.0
2022-03-10,42.00483322143555,42.012469505662196,41.98786118319887,42.00483322143555,392300.0
2022-03-11,41.96239471435547,41.99633878271536,41.95390707872323,41.99633878271536,319700.0
2022-03-14,41.9284553527832,41.96239942495358,41.919970953283055,41.94542738886839,421600.0
2022-03-15,41.936946868896484,41.95391890786179,41.92846246795655,41.945434506921856,236800.0
2022-03-16,41.91997528076172,41.953068003021905,41.89451560546325,41.92845968113773,221500.0
2022-03-17,41.9284553527832,41.93693975228335,41.919970953283055,41.919970953283055,503900.0
2022-03-18,41.9284553527832,41.94542738886839,41.9284553527832,41.94542738886839,192900.0
2022-03-21,41.9072380065918,41.93693825941238,41.902997425535126,41.92845386021426,190500.0
2022-03-22,41.89451217651367,41.9055441620592,41.88602777683209,41.90299981328022,592800.0
2022-03-23,41.90299606323242,41.90299606323242,41.88602402830318,41.89450842722547,843200.0
2022-03-24,41.90299606323242,41.91148046215471,41.88602402830318,41.88602402830318,615100.0
2022-03-25,41.89451217651367,41.89451217651367,41.84359930425425,41.88602777683209,2480000.0
2022-03-28,41.886024475097656,41.89450887411044,41.860568040974584,41.860568040974584,329600.0
2022-03-29,41.886024475097656,41.89450887411044,41.87329625803612,41.886024475097656,355000.0
2022-03-30,41.91147994995117,41.91147994995117,41.88602351641075,41.88602351641075,240600.0
2022-03-31,41.91147994995117,41.9199675858544,41.90299555113258,41.91147994995117,438300.0
2022-04-01,41.89280319213867,41.905537338718865,41.880069045558486,41.89704574860359,309000.0
2022-04-04,41.90554428100586,41.90554428100586,41.88007598362627,41.88007598362627,622700.0
2022-04-05,41.880062103271484,41.89703880350243,41.86308216444835,41.89703880350243,526700.0
2022-04-06,41.8546028137207,41.88007434869919,41.84611446112329,41.88007434869919,1301300.0
2022-04-07,41.8546028137207,41.87158275750865,41.84611446112329,41.8546028137207,1269800.0
2022-04-08,41.8546028137207,41.86309440491124,41.84611446112329,41.8546028137207,337100.0
2022-04-11,41.82913589477539,41.85460419199942,41.82064430330522,41.82913589477539,1128200.0
2022-04-12,41.85884475708008,41.86309055228461,41.82913066783402,41.82913066783402,550300.0
2022-04-13,41.89706039428711,41.92253193494413,41.863103737734164,41.863103737734164,550300.0
2022-04-14,41.888553619384766,41.89704197014181,41.86308532852123,41.8927994140595,698200.0
2022-04-18,41.888553619384766,41.89704197014181,41.88006526862773,41.88006526862773,319000.0
2022-04-19,41.867340087890625,41.8715858838029,41.84611758551599,41.85460593874717,638300.0
2022-04-20,41.86308670043945,41.871575051474665,41.85459511081171,41.85459511081171,315400.0
2022-04-21,41.87157440185547,41.88006599135148,41.837614521056416,41.837614521056416,1237500.0
2022-04-22,41.8546028137207,41.8546028137207,41.82488872174008,41.82913451733535,485100.0
2022-04-25,41.86308670043945,41.89704334317285,41.85459511081171,41.86308670043945,1711300.0
2022-04-26,41.888553619384766,41.888553619384766,41.85459373917176,41.86308532852123,442100.0
2022-04-27,41.89706039428711,41.92253193494413,41.88857203979733,41.88857203979733,1659700.0
2022-04-28,41.87157440185547,41.981942395156146,41.87157440185547,41.92251422305405,738300.0
2022-04-29,41.8546028137207,41.87158275750865,41.84611446112329,41.8546028137207,398100.0
2022-05-02,41.85374450683594,41.85374450683594,41.828261226289094,41.845247919654625,660100.0
2022-05-03,41.819793701171875,41.862266945098966,41.819793701171875,41.85377359251387,290400.0
2022-05-04,41.88773727416992,41.88773727416992,41.819777517784956,41.82827410758285,367100.0
2022-05-05,41.85374450683594,41.887724374564094,41.845247919654625,41.887724374564094,1042100.0
2022-05-06,41.8707389831543,41.88772891886157,41.86224239505121,41.879232330758484,518700.0
2022-05-09,41.90472412109375,41.91321746976537,41.87923759408028,41.87923759408028,363900.0
2022-05-10,41.89622116088867,41.921704443527666,41.87923122562973,41.921704443527666,644600.0
2022-05-11,41.89622116088867,41.904717748767546,41.87073787824967,41.87073787824967,407900.0
2022-05-12,41.89622116088867,41.913211096147606,41.89197286694923,41.913211096147606,460300.0
2022-05-13,41.9132080078125,41.9132080078125,41.89621807380545,41.90471466105826,576900.0
2022-05-16,41.9132080078125,41.94718787582659,41.90471466105826,41.93019794181955,594800.0
2022-05-17,41.90047836303711,41.93870329512238,41.887736719008686,41.887736719008686,357800.0
2022-05-18,41.87922668457031,41.904713204944564,41.87922668457031,41.88772327152788,420900.0
2022-05-19,41.91747283935547,41.93021448476314,41.88774125323762,41.88774125323762,557400.0
2022-05-20,41.92170333862305,41.93019992627798,41.88772670949949,41.88772670949949,507600.0
2022-05-23,41.92170333862305,41.94718986108912,41.92170333862305,41.94718986108912,392500.0
2022-05-24,41.96247863769531,41.96417989952973,41.92170344214762,41.92170344214762,842100.0
2022-05-25,41.97267150878906,41.97267150878906,41.94718822781394,41.97267150878906,411100.0
2022-05-26,41.97267150878906,41.98966144293868,41.96417816196356,41.98116485561457,285800.0
2022-05-27,41.9981689453125,42.015158885188605,41.96419230605999,41.972685655748194,828800.0
2022-05-31,41.98116683959961,41.98116683959961,41.96418014514582,41.972673492372714,437500.0
2022-06-01,41.956520080566406,41.99052817109237,41.93951927849344,41.99052817109237,320400.0
2022-06-02,41.965023040771484,41.9820270857573,41.94801899578567,41.965023040771484,378100.0
2022-06-03,41.956520080566406,41.97352412582939,41.956520080566406,41.96502372479291,375700.0
2022-06-06,41.956520080566406,41.956520080566406,41.94801967952993,41.956520080566406,339300.0
2022-06-07,41.973514556884766,41.973514556884766,41.95226193754363,41.965014157786165,423400.0
2022-06-08,41.94800567626953,41.965009715856155,41.94800567626953,41.965009715856155,172800.0
2022-06-09,41.939510345458984,41.960762965118434,41.939510345458984,41.95651114391081,312300.0
2022-06-10,41.89276123046875,41.92251750049075,41.88850940812555,41.92251750049075,528300.0
2022-06-13,41.78647994995117,41.85874469926579,41.777976306979134,41.84599247799728,628900.0
2022-06-14,41.709964752197266,41.786481325516746,41.701461108945296,41.76947728220246,912300.0
2022-06-15,41.75247573852539,41.76947978285768,41.684459561196235,41.701463605528524,1040200.0
2022-06-16,41.811988830566406,41.811988830566406,41.73547225164402,41.73547225164402,304500.0
2022-06-17,41.811988830566406,41.82899287512581,41.794984786007,41.80348518669176,487400.0
2022-06-21,41.820499420166016,41.84175529184141,41.80349537146384,41.811999017410265,501500.0
2022-06-22,41.82899475097656,41.84599879629853,41.82899475097656,41.82899475097656,507100.0
2022-06-23,41.87151336669922,41.88851741613255,41.86301296357796,41.88001376982048,569400.0
2022-06-24,41.86299514770508,41.87999594671248,41.85449150501195,41.85449150501195,574100.0
2022-06-27,41.837493896484375,41.86725016410731,41.837493896484375,41.86300158529684,470100.0
2022-06-28,41.833248138427734,41.8545007634829,41.82899631614064,41.84600036209886,1043900.0
2022-06-29,41.82474136352539,41.84599723017983,41.82048954155652,41.84599723017983,555900.0
2022-06-30,41.82899475097656,41.84599879629853,41.82049110672057,41.84599879629853,740100.0
2022-07-01,41.87409973144531,41.88260929865133,41.85707735034606,41.86558691755207,691300.0
2022-07-05,41.882606506347656,41.89962888631204,41.87409693970896,41.891119319673344,297200.0
2022-07-06,41.86558532714844,41.89963008805365,41.852819353480754,41.89963008805365,377400.0
2022-07-07,41.861331939697266,41.874097913295614,41.84856271941184,41.874097913295614,424700.0
2022-07-08,41.87409973144531,41.87409973144531,41.83154540204078,41.84856453645282,213300.0
2022-07-11,41.84856033325195,41.88175446006463,41.84856033325195,41.857073146290176,279500.0
2022-07-12,41.857078552246094,41.86558811969646,41.84856573810841,41.86558811969646,266500.0
2022-07-13,41.83154296875,41.85707491557012,41.82217952334954,41.82303015535194,261400.0
2022-07-14,41.84856033325195,41.84856033325195,41.80600600812151,41.81451882115973,305200.0
2022-07-15,41.84431076049805,41.857076734462844,41.84005435361405,41.857076734462844,587100.0
2022-07-18,41.87409973144531,41.87409973144531,41.8400549692468,41.84856453645282,899500.0
2022-07-19,41.840065002441406,41.86559695686922,41.840065002441406,41.840065002441406,605300.0
2022-07-20,41.83154296875,41.85707491557012,41.82303015535194,41.84856210217205,873800.0
2022-07-21,41.86558532714844,41.86558532714844,41.83154381293032,41.835796973028145,548900.0
2022-07-22,41.90815353393555,41.90815353393555,41.88261833343468,41.88261833343468,265300.0
2022-07-25,41.91666030883789,41.92091671641896,41.89963792520132,41.91666030883789,252400.0
2022-07-26,41.9251708984375,41.9251708984375,41.908151761074116,41.91666132975581,719300.0
2022-07-27,41.94218444824219,41.95069726181862,41.9166525008871,41.925162067776434,472500.0
2022-07-28,41.976226806640625,41.984739619729815,41.95920442714915,41.976226806640625,509700.0
2022-07-29,41.980491638183594,42.0017671818025,41.97623523078478,41.9847480455824,393400.0
2022-08-01,41.97877883911133,42.004338248688086,41.96173814933375,42.004338248688086,462000.0
2022-08-02,41.92765426635742,41.97877633263777,41.92765426635742,41.97877633263777,368900.0
2022-08-03,41.92765426635742,41.92765426635742,41.9106135775973,41.92765426635742,392000.0
2022-08-04,41.92765426635742,41.95321692458712,41.914023015420945,41.95321692458712,1160400.0
2022-08-05,41.893577575683594,41.90209954610657,41.893577575683594,41.90209954610657,322400.0
2022-08-08,41.88933181762695,41.8935895538764,41.876552108517934,41.88507083119717,349100.0
2022-08-09,41.88933181762695,41.8935895538764,41.88507083119717,41.8935895538764,280200.0
2022-08-10,41.91914367675781,41.927662397700445,41.90210298469287,41.90210298469287,372900.0
2022-08-11,41.92765426635742,41.95321692458712,41.92509962562398,41.936176235827006,619500.0
2022-08-12,41.9447135925293,41.95749330223306,41.927672896197436,41.927672896197436,433300.0
2022-08-15,41.95322799682617,41.96174671836496,41.93959349211225,41.95322799682617,280800.0
2022-08-16,41.9447135925293,41.96175428886115,41.9447135925293,41.9447135925293,438200.0
2022-08-17,41.95322799682617,41.96174671836496,41.9361873035687,41.944706025107486,442500.0
2022-08-18,41.97877883911133,41.9872975589105,41.95321942953458,41.95321942953458,508200.0
2022-08-19,41.97026443481445,41.97026443481445,41.95322699214489,41.97026443481445,245300.0
2022-08-22,41.96601104736328,41.970268783381904,41.953231338947084,41.961750061164494,315300.0
2022-08-23,41.96175003051758,41.97879072512012,41.95323130830639,41.96175003051758,285300.0
2022-08-24,41.95322799682617,41.97026543990374,41.95322799682617,41.97026543990374,332400.0
2022-08-25,41.95322799682617,41.97026543990374,41.95322799682617,41.96174671836496,356400.0
2022-08-26,41.96175003051758,41.970268752728764,41.944709335915036,41.96175003051758,811900.0
2022-08-29,41.95322799682617,41.97026543990374,41.95322799682617,41.96174671836496,614700.0
2022-08-30,41.936187744140625,41.97026588083368,41.9276657723324,41.953228437577124,556700.0
2022-08-31,41.936187744140625,41.953228437577124,41.9276657723324,41.9447064657689,564900.0
2022-09-01,41.89948272705078,41.95921696524494,41.85681587909379,41.95921696524494,1323900.0
2022-09-02,41.925079345703125,41.929343751188654,41.899476636433135,41.899476636433135,372800.0
2022-09-06,41.91655349731445,41.933620888927884,41.91228909086517,41.933620888927884,353100.0
2022-09-07,41.9421501159668,41.9421501159668,41.91228299880258,41.925082726834155,452700.0
2022-09-08,41.92934799194336,41.94215097550894,41.92508358602653,41.93361565313189,407600.0
2022-09-09,41.93361282348633,41.93361282348633,41.9250807569567,41.9250807569567,319700.0
2022-09-12,41.93361282348633,41.94214814528742,41.9250807569567,41.94214814528742,276800.0
2022-09-13,41.890953063964844,41.9250878463984,41.890953063964844,41.9250878463984,448100.0
2022-09-14,41.856815338134766,41.86535066077895,41.848283270762366,41.86108299945686,404100.0
2022-09-15,41.848289489746094,41.85682155838642,41.83975416583348,41.848289489746094,547000.0
2022-09-16,41.856815338134766,41.86535066077895,41.82268055810159,41.83974794811818,1120100.0
2022-09-19,41.856815338134766,41.86535066077895,41.83974794811818,41.856815338134766,1176200.0
2022-09-20,41.83121871948242,41.84401844904552,41.82268339625901,41.83975078743382,614900.0
2022-09-21,41.80987548828125,41.84827792473068,41.7970757612219,41.83121053689442,1348300.0
2022-09-22,41.80562210083008,41.81415416936119,41.78855470849563,41.81415416936119,1151300.0
2022-09-23,41.780006408691406,41.81414118275875,41.762939021657736,41.805609116877534,1584900.0
2022-09-26,41.754432678222656,41.78003214690788,41.737365280674766,41.78003214690788,761400.0
2022-09-27,41.745872497558594,41.771475206273955,41.72880836544341,41.771475206273955,669000.0
2022-09-28,41.7714958190918,41.788563214900456,41.754428423283144,41.788563214900456,565200.0
2022-09-29,41.745872497558594,41.771475206273955,41.745872497558594,41.771475206273955,585500.0
2022-09-30,41.7714958190918,41.78002788935968,41.76296049355102,41.76296049355102,699600.0
2022-10-03,41.79029083251953,41.81080947294984,41.76464579304972,41.77746831278463,635000.0
2022-10-04,41.80738830566406,41.82021082530485,41.79456578602328,41.79456578602328,536800.0
2022-10-05,41.803123474121094,41.80996193503084,41.77747516937376,41.803123474121094,415100.0
2022-10-06,41.79457092285156,41.82021596528508,41.77747314087306,41.82021596528508,410000.0
2022-10-07,41.786014556884766,41.786014556884766,41.77746403722451,41.786014556884766,374500.0
2022-10-10,41.773193359375,41.78601587820309,41.760367579479045,41.78601587820309,485600.0
2022-10-11,41.777462005615234,41.786012524859686,41.76891474743838,41.76891474743838,397600.0
2022-10-12,41.777462005615234,41.786012524859686,41.76036422819393,41.76036422819393,441000.0
2022-10-13,41.76038360595703,41.777481391312094,41.74328908167108,41.751836343814055,609600.0
2022-10-14,41.734718322753906,41.75181609981885,41.734718322753906,41.74326884182015,287700.0
2022-10-17,41.76038360595703,41.76038360595703,41.73473855845899,41.74328908167108,367200.0
2022-10-18,41.76038360595703,41.777481391312094,41.76038360595703,41.777481391312094,429300.0
2022-10-19,41.734718322753906,41.75181609981885,41.734718322753906,41.734718322753906,472900.0
2022-10-20,41.717628479003906,41.73472625932029,41.717628479003906,41.726178999696174,266100.0
2022-10-21,41.75182342529297,41.76037068479132,41.72617838572982,41.72617838572982,283700.0
2022-10-24,41.7432746887207,41.76036920711252,41.7432746887207,41.76036920711252,536800.0
2022-10-25,41.76038360595703,41.76893412916912,41.751836343814055,41.76893412916912,220500.0
2022-10-26,41.777462005615234,41.786012524859686,41.76891474743838,41.777462005615234,392200.0
2022-10-27,41.803123474121094,41.803123474121094,41.78602569131241,41.78602569131241,722700.0
2022-10-28,41.786014556884766,41.80311233513753,41.786014556884766,41.786014556884766,433000.0
2022-10-31,41.777462005615234,41.786012524859686,41.76891474743838,41.777462005615234,393800.0
2022-11-01,41.780025482177734,41.805724677414425,41.780025482177734,41.805724677414425,632800.0
2022-11-02,41.780025482177734,41.79715936832041,41.76289159603506,41.780025482177734,447000.0
2022-11-03,41.75434875488281,41.780047963948206,41.70294706879564,41.77147938228882,1132200.0
2022-11-04,41.76291275024414,41.76291275024414,41.728644960601095,41.74577885542262,865200.0
2022-11-07,41.771480560302734,41.78004914220377,41.754349932413625,41.754349932413625,915700.0
2022-11-08,41.771480560302734,41.78861445614832,41.762915246358176,41.771480560302734,846700.0
2022-11-09,41.797176361083984,41.80574167366026,41.78004246797548,41.78860778055175,673900.0
2022-11-10,41.887123107910156,41.891407397793635,41.83144041124761,41.83144041124761,519300.0
2022-11-11,41.908538818359375,41.917107398289275,41.874274302506976,41.874274302506976,368900.0
2022-11-14,41.891414642333984,41.89997995562653,41.88284606108521,41.891414642333984,535200.0
2022-11-15,41.882843017578125,41.899976910874365,41.882843017578125,41.89141159820424,313600.0
2022-11-16,41.9171028137207,41.92566812475806,41.89996892369061,41.908534234727966,522500.0
2022-11-17,41.89997863769531,41.91711253169769,41.882844743692935,41.90854395071844,739400.0
2022-11-18,41.891414642333984,41.90854526891906,41.88284606108521,41.89997995562653,585800.0
2022-11-21,41.891414642333984,41.89569566500214,41.88284606108521,41.891414642333984,391800.0
2022-11-22,41.908538818359375,41.908538818359375,41.89997350638521,41.89997350638521,364000.0
2022-11-23,41.9256706237793,41.9256706237793,41.891406109632115,41.891406109632115,824800.0
2022-11-25,41.934242248535156,41.94280756070507,41.917108356239524,41.92567366840944,198900.0
2022-11-28,41.94280242919922,41.9599363193986,41.917103227877845,41.917103227877845,701000.0
2022-11-29,41.951377868652344,41.95994318117503,41.94280928817371,41.95994318117503,383600.0
2022-11-30,41.9770622253418,41.98562753483462,41.95136302890855,41.96849691584898,682400.0
2022-12-01,42.00798416137695,42.00798416137695,41.990812887937544,41.999398524657245,573000.0
2022-12-02,42.04232406616211,42.06379306683215,41.99938934053163,41.99938934053163,682600.0
2022-12-05,42.0251579284668,42.05092138956709,42.0251579284668,42.0251579284668,534300.0
2022-12-06,42.04232406616211,42.05091297671396,42.025149520768,42.03373843131985,1492600.0
2022-12-07,42.050926208496094,42.06810075929437,42.03375165769783,42.050926208496094,1732000.0
2022-12-08,42.07666778564453,42.08525341939079,42.05519878771512,42.068082151898274,857800.0
2022-12-09,42.07666778564453,42.09384232884622,42.05949324244284,42.07666778564453,1709800.0
2022-12-12,42.06809997558594,42.09386016344813,42.06809997558594,42.09386016344813,715400.0
2022-12-13,42.102439880371094,42.11961442843432,42.08526533230787,42.08526533230787,775700.0
2022-12-14,42.119625091552734,42.12821400561379,42.098159357821956,42.11103945320261,639100.0
2022-12-15,42.119625091552734,42.13679964396392,42.119625091552734,42.12821400561379,768400.0
2022-12-16,42.12820053100586,42.13678616660989,42.119611619691945,42.12820053100586,730000.0
2022-12-19,42.158267974853516,42.162559156104045,42.13250450879595,42.13679896575736,682700.0
2022-12-20,42.1496696472168,42.15396410321908,42.14537846692466,42.15396410321908,1222400.0
2022-12-21,42.162559509277344,42.179734061555955,42.153115634736196,42.15397387099349,1038200.0
2022-12-22,42.17972946166992,42.18831837472802,42.16684936779332,42.17972946166992,416100.0
2022-12-23,42.187469482421875,42.204689251841046,42.178861239879886,42.187469482421875,826300.0
2022-12-27,42.170265197753906,42.187484973496105,42.161656952051004,42.187484973496105,689100.0
2022-12-28,42.161651611328125,42.17887138488906,42.161651611328125,42.1702598559406,1393300.0
2022-12-29,42.17887878417969,42.20470680688401,42.17026725372054,42.17887878417969,597800.0
2022-12-30,42.187469482421875,42.187469482421875,42.178861239879886,42.178861239879886,693400.0
2023-01-03,42.187469482421875,42.204689251841046,42.178861239879886,42.196077724963864,409900.0
2023-01-04,42.21330261230469,42.21330261230469,42.1960828407978,42.21330261230469,534500.0
2023-01-05,42.20468521118164,42.21329345289948,42.19607368512892,42.21329345289948,1235600.0
2023-01-06,42.22621536254883,42.23052112638124,42.196081584392914,42.20469311205775,516000.0
2023-01-09,42.24774932861328,42.26496910304394,42.23052955418263,42.23052955418263,561200.0
2023-01-10,42.26496887207031,42.27357711707052,42.252054862401934,42.25636062707011,406700.0
2023-01-11,42.273582458496094,42.28219398892053,42.25636596632031,42.273582458496094,645800.0
2023-01-12,42.29079055786133,42.298541589970455,42.282182314150305,42.29079055786133,1010900.0
2023-01-13,42.299407958984375,42.30801620389062,42.290796429742045,42.30801620389062,414600.0
2023-01-17,42.32522964477539,42.33383788839355,42.303704109226594,42.316621401157235,426800.0
2023-01-18,42.342445373535156,42.35966514346295,42.33813960996938,42.342445373535156,404700.0
2023-01-19,42.368289947509766,42.37690147800745,42.35107017085097,42.35537593609981,332100.0
2023-01-20,42.368289947509766,42.37690147800745,42.359681701348656,42.368289947509766,387100.0
2023-01-23,42.359676361083984,42.37689613557189,42.359676361083984,42.368284606159854,1124300.0
2023-01-24,42.359676361083984,42.37689613557189,42.35106483167195,42.368284606159854,754300.0
2023-01-25,42.376895904541016,42.385504149569954,42.36828437517593,42.36828437517593,466900.0
2023-01-26,42.351051330566406,42.39410239522999,42.351051330566406,42.39410239522999,4267700.0
2023-01-27,42.368289947509766,42.37690147800745,42.359681701348656,42.359681701348656,613100.0
2023-01-30,42.385498046875,42.385498046875,42.36827827496029,42.37688980308548,550400.0
2023-01-31,42.394100189208984,42.40270843109269,42.385488662990326,42.40270843109269,1508000.0
2023-02-01,42.42433166503906,42.432970385601514,42.39842209276481,42.40705751862071,457200.0
2023-02-02,42.4329719543457,42.450246101402676,42.424333233463884,42.4329719543457,756300.0
2023-02-03,42.41570281982422,42.43297696892259,42.407064097921506,42.41570281982422,902000.0
2023-02-06,42.38116455078125,42.407074133206564,42.38116455078125,42.407074133206564,840300.0
2023-02-07,42.38547134399414,42.3897907046868,42.372516556623026,42.3897907046868,544400.0
2023-02-08,42.389801025390625,42.398436454171566,42.38116230190203,42.398436454171566,881800.0
2023-02-09,42.389801025390625,42.4070718829525,42.363888149632494,42.4070718829525,1516700.0
2023-02-10,42.38116455078125,42.415712857153565,42.37252912154209,42.407074133206564,1217700.0
2023-02-13,42.36819839477539,42.38979190414283,42.363879033960515,42.381153182513074,1081400.0
2023-02-14,42.36387634277344,42.38115049022865,42.355240916399204,42.38115049022865,573500.0
2023-02-15,42.37252426147461,42.381159689723304,42.36388553851846,42.36388553851846,440800.0
2023-02-16,42.38116455078125,42.39843870396741,42.37252912154209,42.39843870396741,776900.0
2023-02-17,42.389801025390625,42.398436454171566,42.37339008652842,42.389801025390625,598700.0
2023-02-21,42.36387634277344,42.389789211309626,42.355240916399204,42.389789211309626,822100.0
2023-02-22,42.36387634277344,42.372515063854415,42.355240916399204,42.36387634277344,726300.0
2023-02-23,42.37252426147461,42.381159689723304,42.36388553851846,42.368204899996535,1283900.0
2023-02-24,42.37252426147461,42.37684032824523,42.35525011026977,42.37684032824523,527500.0
2023-02-27,42.39842987060547,42.4113846591191,42.38979444316543,42.40706529804551,449800.0
2023-02-28,42.39842987060547,42.39842987060547,42.38115572101823,42.39842987060547,432300.0
2023-03-01,42.38370132446289,42.401029481861435,42.38370132446289,42.401029481861435,450700.0
2023-03-02,42.38370132446289,42.38370132446289,42.357710740869116,42.38370132446289,1756000.0
2023-03-03,42.409690856933594,42.409690856933594,42.392362701314916,42.40102512662038,1083800.0
2023-03-06,42.4183464050293,42.444340286746844,42.40968398112825,42.4183464050293,590400.0
2023-03-07,42.392364501953125,42.42702081466252,42.38369877127183,42.418355083981226,717200.0
2023-03-08,42.35771179199219,42.660949596479554,42.35771179199219,42.38370237623093,448500.0
2023-03-09,42.388038635253906,42.392371501309945,42.375043342094216,42.38370576919787,614600.0
2023-03-10,42.470333099365234,42.470333099365234,42.41834863820056,42.41834863820056,453600.0
2023-03-13,42.56563949584961,42.600292500893346,42.24507358538587,42.57430192085863,1432400.0
2023-03-14,42.54397964477539,42.56564066540457,42.53098435440097,42.56564066540457,508000.0
2023-03-15,42.58297348022461,42.617626490012135,42.548317165429005,42.58297348022461,1104400.0
2023-03-16,42.530982971191406,42.59162986097147,42.51365481625316,42.59162986097147,803800.0
2023-03-17,42.57430648803711,42.60029707085997,42.53098774832967,42.53098774832967,882200.0
2023-03-20,42.63496780395508,42.6782865583131,42.60897721234208,42.61763964121005,664400.0
2023-03-21,42.61328887939453,42.63494659329439,42.60029028504566,42.63494659329439,916300.0
2023-03-22,42.64362335205078,42.65228577884965,42.600301303031486,42.60896703483867,824900.0
2023-03-23,42.71292495727539,42.71292495727539,42.652278065625715,42.66960622109815,983900.0
2023-03-24,42.738914489746094,42.756239338446164,42.730248760388676,42.730248760388676,763500.0
2023-03-27,42.69993209838867,42.73025554594022,42.69559923302191,42.73025554594022,614700.0
2023-03-28,42.66093444824219,42.67825929491078,42.643606296566595,42.66093444824219,426400.0
2023-03-29,42.64362335205078,42.66095151065684,42.61762946163754,42.65228577884965,594200.0
2023-03-30,42.617618560791016,42.63494671496483,42.608956136207844,42.617618560791016,1059300.0
2023-03-31,42.66093444824219,42.66093444824219,42.6349405682253,42.6349405682253,1091000.0
2023-04-03,42.702659606933594,42.703528306331265,42.654854614889274,42.676582046770704,436600.0
2023-04-04,42.72004699707031,42.74612124369557,42.70266306077121,42.711353371097346,668200.0
2023-04-05,42.75480651855469,42.79826801200717,42.75480651855469,42.75480651855469,483200.0
2023-04-06,42.77219772338867,42.78958166059537,42.763507412608824,42.78089134981552,900100.0
2023-04-10,42.72874450683594,42.75481875785448,42.72439769311705,42.74612844606409,651000.0
2023-04-11,42.72004699707031,42.741774430709086,42.711353371097346,42.72873730739646,1080500.0
2023-04-12,42.74612045288086,42.75046726578693,42.72873651690336,42.73742682706873,1223500.0
2023-04-13,42.76350402832031,42.78957827424335,42.75481040258148,42.77219433841241,635200.0
2023-04-14,42.77219772338867,42.77219772338867,42.73742984897528,42.77219772338867,580500.0
2023-04-17,42.72874450683594,42.75481875785448,42.71136056760778,42.74612844606409,778100.0
2023-04-18,42.74612045288086,42.74612045288086,42.72873651690336,42.73742682706873,491600.0
2023-04-19,42.73743438720703,42.746128014557044,42.728744075504366,42.728744075504366,254100.0
2023-04-20,42.77219772338867,42.776544536602096,42.75481378618198,42.763507412608824,272400.0
2023-04-21,42.79045486450195,42.806970103933864,42.77220222586058,42.78958616489722,236800.0
2023-04-24,42.78089904785156,42.79828298818634,42.77220541986038,42.79828298818634,541900.0
2023-04-25,42.833038330078125,42.833038330078125,42.80696408301426,42.80696408301426,471000.0
2023-04-26,42.833038330078125,42.85303168076418,42.8243480196058,42.85042226666967,561900.0
2023-04-27,42.81566619873047,42.84174376863139,42.81566619873047,42.84174376863139,540900.0
2023-04-28,42.84172439575195,42.84172439575195,42.80695652870449,42.81564683764321,330100.0
2023-05-01,42.81644058227539,42.842605604628474,42.79027555992231,42.83388503957412,455000.0
2023-05-02,42.825164794921875,42.85133314669385,42.79899977034021,42.79899977034021,621000.0
2023-05-03,42.877498626708984,42.894943085678825,42.86005416773915,42.86005416773915,202200.0
2023-05-04,42.903656005859375,42.929824353245934,42.88621154999825,42.894935441523685,355600.0
2023-05-05,42.91238021850586,42.929824674497524,42.90365632691514,42.90365632691514,817400.0
2023-05-08,42.87313461303711,42.90366158296488,42.868775993897565,42.87749655936685,269600.0
2023-05-09,42.88621139526367,42.88621139526367,42.86877026665523,42.86877026665523,861600.0
2023-05-10,42.88621139526367,42.89493528675764,42.86877026665523,42.86877026665523,651500.0
2023-05-11,42.91238021850586,42.929824674497524,42.91238021850586,42.91238021850586,582000.0
2023-05-12,42.93854522705078,42.94726911863909,42.921100771063934,42.929824662652244,356800.0
2023-05-15,42.91238021850586,42.94726913048918,42.90365632691514,42.90365632691514,429400.0
2023-05-16,42.92110824584961,42.92110824584961,42.894943220907535,42.894943220907535,833300.0
2023-05-17,42.903656005859375,42.91237989738481,42.882724655139874,42.894935441523685,574100.0
2023-05-18,42.877498626708984,42.88621919259873,42.86877806081924,42.88621919259873,277600.0
2023-05-19,42.88621139526367,42.89057334101065,42.86004637516127,42.86877026665523,874000.0
2023-05-22,42.88185501098633,42.886213629770666,42.868772500253485,42.868772500253485,315600.0
2023-05-23,42.877498626708984,42.88621919259873,42.86005416773915,42.877498626708984,384100.0
2023-05-24,42.8687744140625,42.886215544358315,42.86005052172453,42.87749497921041,307600.0
2023-05-25,42.85567855834961,42.886205520016915,42.85131994038948,42.86876439379784,980200.0
2023-05-26,42.851318359375,42.87748337492753,42.84259446939805,42.84259446939805,480500.0
2023-05-30,42.91238021850586,42.91238021850586,42.86004685053087,42.86004685053087,3848500.0
2023-05-31,42.92110824584961,42.9298321389572,42.894943220907535,42.91238767993237,563400.0
2023-06-01,42.94648742675781,42.971873062037325,42.93773168672849,42.963995567480055,623800.0
2023-06-02,42.928977966308594,42.95523850691646,42.92022222654845,42.95523850691646,1620400.0
2023-06-05,42.911476135253906,42.93773667972276,42.902720394206426,42.911476135253906,536800.0
2023-06-06,42.91585922241211,42.937741899017176,42.911481351356215,42.937741899017176,482900.0
2023-06-07,42.911476135253906,42.93773667972276,42.902720394206426,42.928984278012074,476300.0
2023-06-08,42.94648742675781,42.95523982745073,42.93773168672849,42.93773168672849,1848100.0
2023-06-09,42.90271759033203,42.93773387355991,42.893965189193345,42.93335600332228,962400.0
2023-06-12,42.928977966308594,42.928977966308594,42.90271408636444,42.928977966308594,1153700.0
2023-06-13,42.89395523071289,42.96398778090952,42.88520283160621,42.94647964336036,705600.0
2023-06-14,42.89395523071289,42.94647964336036,42.88520283160621,42.94647964336036,692700.0
2023-06-15,42.94648742675781,42.95523982745073,42.93247891057818,42.94210955674315,953400.0
2023-06-16,42.94648742675781,42.94648742675781,42.92022354600625,42.93773168672849,689000.0
2023-06-20,42.972755432128906,42.99026357589214,42.946494886152536,42.95524728836567,2947500.0
2023-06-21,42.99026870727539,42.99902111053322,42.95525241556932,42.95525241556932,362900.0
2023-06-22,42.98150634765625,42.990262088903506,42.96400154383546,42.97275394574586,370700.0
2023-06-23,42.99026870727539,43.007776853128426,42.981512964680185,42.99026870727539,527700.0
2023-06-26,43.02528762817383,43.02528762817383,42.99902373812065,43.01653188504358,378100.0
2023-06-27,42.9990119934082,43.02527587628769,42.990259592006154,43.01652013554897,444600.0
2023-06-28,43.042781829833984,43.042781829833984,42.99901314298025,43.007768883953055,390400.0
2023-06-29,42.99026870727539,43.007776853128426,42.981512964680185,43.007776853128426,435100.0
2023-06-30,43.034027099609375,43.034027099609375,42.999010816286436,43.00338868653594,1247400.0
2023-07-03,43.02963638305664,43.064781587512286,43.012062104853406,43.02084756797961,341300.0
2023-07-05,43.04722213745117,43.05600760291954,43.03843332003108,43.05600760291954,436300.0
2023-07-06,43.03842544555664,43.0472142613687,43.005036660543716,43.02085116588364,1175900.0
2023-07-07,43.08235549926758,43.09992977732133,43.06478122121382,43.0735700362161,3333700.0
2023-07-10,43.099937438964844,43.10872625552946,43.07357769317378,43.08236315778701,384300.0
2023-07-11,43.108707427978516,43.117492888754725,43.09113315447617,43.09113315447617,450100.0
2023-07-12,43.17021560668945,43.18778988015004,43.13506705976827,43.13506705976827,844800.0
2023-07-13,43.20536804199219,43.22294231839787,43.18340271044796,43.187797117536995,3708100.0
2023-07-14,43.14386749267578,43.19659033135388,43.14386749267578,43.187804867549744,768600.0
2023-07-17,43.17021560668945,43.17021560668945,43.15264133322886,43.16142679398419,452800.0
2023-07-18,43.19657897949219,43.214153254433114,43.179004704551254,43.179004704551254,594500.0
2023-07-19,43.18780517578125,43.20537610351493,43.174621952054316,43.19219623173911,647800.0
2023-07-20,43.17901611328125,43.17901611328125,43.1702306494646,43.17901611328125,263700.0
2023-07-21,43.19657897949219,43.19657897949219,43.179004704551254,43.179004704551254,370800.0
2023-07-24,43.20536804199219,43.20536804199219,43.196582579764595,43.20097698685363,526500.0
2023-07-25,43.20536804199219,43.20536804199219,43.187797117536995,43.20097698685363,483900.0
2023-07-26,43.24932098388672,43.24932098388672,43.19659813568318,43.20538360107459,787600.0
2023-07-27,43.21415710449219,43.24051684327693,43.21415710449219,43.23173138099885,540500.0
2023-07-28,43.25809860229492,43.25809860229492,43.231738858950635,43.24052432274837,454100.0
2023-07-31,43.26249313354492,43.27567300525465,43.25809872565798,43.25809872565798,375800.0
2023-08-01,43.281009674072266,43.29865059543642,43.26336875270812,43.29865059543642,716200.0
2023-08-02,43.281009674072266,43.281009674072266,43.2545499743569,43.272190895721046,4528300.0
2023-08-03,43.28983688354492,43.28983688354492,43.27219596011615,43.28101473949948,718000.0
2023-08-04,43.35157012939453,43.35157012939453,43.30746614693949,43.32510706698921,705000.0
2023-08-07,43.33833694458008,43.3427480157608,43.32510709569938,43.333929238060826,498600.0
2023-08-08,43.34275817871094,43.351580323140986,43.32511725451311,43.33393939894315,753400.0
2023-08-09,43.33393859863281,43.360398302109765,43.3251164543657,43.360398302109765,975500.0
2023-08-10,43.33393859863281,43.36921708171468,43.3251164543657,43.360398302109765,727300.0
2023-08-11,43.307464599609375,43.33392766106919,43.29864582223033,43.33392766106919,1035800.0
2023-08-14,43.28983688354492,43.316296586357026,43.28983688354492,43.30747444231159,1057100.0
2023-08-15,43.307464599609375,43.3251055190288,43.289827044851286,43.30305689325052,1633200.0
2023-08-16,43.298648834228516,43.32510853286762,43.289830056236006,43.31628975487511,692600.0
2023-08-17,43.307464599609375,43.31628674164976,43.289827044851286,43.31628674164976,893300.0
2023-08-18,43.329524993896484,43.34275484486168,43.31629514293129,43.325113922020755,1051600.0
2023-08-21,43.33393859863281,43.34275737823773,43.316297674760776,43.33393859863281,735100.0
2023-08-22,43.307464599609375,43.33304611979742,43.307464599609375,43.3251055190288,1098700.0
2023-08-23,43.360382080078125,43.37802299735032,43.33480392766477,43.342741162805936,936400.0
2023-08-24,43.36921691894531,43.378039063179315,43.35157935980167,43.35157935980167,792700.0
2023-08-25,43.360382080078125,43.360382080078125,43.333922386500305,43.351563303772494,611700.0
2023-08-28,43.37803268432617,43.37803268432617,43.35157298483949,43.36921054138949,620500.0
2023-08-29,43.43095397949219,43.43095397949219,43.36039029703134,43.36039029703134,725700.0
2023-08-30,43.43095397949219,43.43977275746901,43.423013378185324,43.43095397949219,733900.0
2023-08-31,43.4486083984375,43.4662493258994,43.430970835638476,43.430970835638476,713300.0
2023-09-01,43.46188735961914,43.49730605208317,43.453030152977206,43.47959501683387,834600.0
2023-09-05,43.435306549072266,43.46187478327558,42.576343545259704,43.45301757919661,610500.0
2023-09-06,43.435306549072266,43.45301757919661,43.426452723026884,43.45301757919661,536100.0
2023-09-07,43.45302200317383,43.47073303510135,43.44416817622703,43.461879208154556,2429700.0
2023-09-08,43.47074508666992,43.479598916071296,43.46189125726855,43.479598916071296,474200.0
2023-09-11,43.46188735961914,43.488452223475804,43.46188735961914,43.46631258490554,566500.0
2023-09-12,43.479576110839844,43.488433313630445,43.47072228608234,43.47072228608234,872100.0
2023-09-13,43.4973030090332,43.506160215055495,43.47516675004615,43.47959197502296,746000.0
2023-09-14,43.479576110839844,43.506144341178555,43.479576110839844,43.488433313630445,1135200.0
2023-09-15,43.515010833740234,43.515010833740234,43.48844597370124,43.497299801036206,633200.0
2023-09-18,43.515010833740234,43.53095177658408,43.497299801036206,43.515010833740234,781900.0
2023-09-19,43.4973030090332,43.52387124906574,43.48844918104525,43.51501404304345,471100.0
2023-09-20,43.47074508666992,43.54158585598553,43.47074508666992,43.51502098974654,1230600.0
2023-09-21,43.48843765258789,43.50614868190308,43.453015593957524,43.45744419579468,1166500.0
2023-09-22,43.52385711669922,43.54156476692539,43.50614608843981,43.50614608843981,1442000.0
2023-09-25,43.50615310668945,43.532717964347285,43.50615310668945,43.52386413780593,717500.0
2023-09-26,43.52385711669922,43.52385711669922,43.5149999135529,43.5149999135529,980800.0
2023-09-27,43.48843765258789,43.541567362500004,43.48843765258789,43.52385971121826,1243000.0
2023-09-28,43.55044174194336,43.55929557107608,43.515019669342955,43.52387687651044,531700.0
2023-09-29,43.559288024902344,43.5769990581343,43.55043419730345,43.563716627718875,743300.0
2023-10-02,43.52906799316406,43.57352102074398,43.52906799316406,43.5557425229509,1234800.0
2023-10-03,43.520172119140625,43.56462513995341,43.520172119140625,43.56462513995341,1097800.0
2023-10-04,43.5912971496582,43.5912971496582,43.542397808317574,43.555736767222605,1075900.0
2023-10-05,43.609073638916016,43.617966277085344,43.60018439229442,43.60018439229442,891500.0
2023-10-06,43.613525390625,43.61797171026351,43.57351529697473,43.59129718398061,2850000.0
2023-10-09,43.66241455078125,43.671303796437314,43.62685078506227,43.6357434222657,715900.0
2023-10-10,43.66241455078125,43.671303796437314,43.64463266792176,43.66241455078125,709300.0
2023-10-11,43.64463806152344,43.662419946580414,43.64463806152344,43.65797362742922,1279300.0
2023-10-12,43.64463806152344,43.64463806152344,43.62685617646646,43.64463806152344,627000.0
2023-10-13,43.6357536315918,43.66242476634751,43.6357536315918,43.6535321270635,919200.0
2023-10-16,43.64463806152344,43.64463806152344,43.635748814768846,43.635748814768846,918800.0
2023-10-17,43.61796951293945,43.64464064633059,43.609076874110414,43.64464064633059,1038700.0
2023-10-18,43.60018539428711,43.62685652631256,43.60018539428711,43.60462832192614,1049700.0
2023-10-19,43.65351867675781,43.65351867675781,43.61795830522293,43.635740186763925,1201000.0
2023-10-20,43.689090728759766,43.69798336699098,43.65352695893042,43.66241959716164,777800.0
2023-10-23,43.71576690673828,43.71576690673828,43.671313885093994,43.671313885093994,855900.0
2023-10-24,43.71576690673828,43.72465954599603,43.68909577206134,43.706877659028684,867400.0
2023-10-25,43.689090728759766,43.715761860357894,43.689090728759766,43.69798336699098,1093600.0
2023-10-26,43.724666595458984,43.742448485293195,43.70688470562477,43.70688470562477,1165200.0
2023-10-27,43.742431640625,43.76021352361163,43.715757120371364,43.715757120371364,2057900.0
2023-10-30,43.7513313293457,43.7513313293457,43.724660194273326,43.7513313293457,1459300.0
2023-10-31,43.742431640625,43.76021352361163,43.73353900335799,43.75132088634462,889700.0
2023-11-01,43.76296615600586,43.780821711861485,43.75403667527852,43.76296615600586,1438300.0
2023-11-02,43.794219970703125,43.807610788471,43.77189967069023,43.77189967069023,1813500.0
2023-11-03,43.85224914550781,43.86117862798956,43.81654143237999,43.81654143237999,978200.0
2023-11-06,43.81207275390625,43.8522452046648,43.807608013066606,43.834389646905635,1360000.0
2023-11-07,43.82099533081055,43.843315627627035,43.82099533081055,43.83438614666078,1408200.0
2023-11-08,43.825462341308594,43.843317898566816,43.82099760059421,43.825462341308594,1090200.0
2023-11-09,43.80760955810547,43.85224675127795,43.80760955810547,43.84332067488327,1439300.0
2023-11-10,43.825462341308594,43.852243974396266,43.825462341308594,43.843317898566816,991200.0
2023-11-13,43.861175537109375,43.87010161336239,43.83439049715138,43.84331997900388,1124300.0
2023-11-14,43.9415283203125,43.968309957398155,43.91474327762701,43.91474327762701,919300.0
2023-11-15,43.90581130981445,43.91473738577882,43.90581130981445,43.90581130981445,910000.0
2023-11-16,43.95938491821289,43.9683109955856,43.95045543524027,43.95938491821289,906000.0
2023-11-17,43.950439453125,43.95936893285051,43.94151337899817,43.95936893285051,948300.0
2023-11-20,43.950439453125,43.96829500697734,43.950439453125,43.950439453125,976200.0
2023-11-21,43.995086669921875,43.995086669921875,43.96830503583401,43.96830503583401,1347300.0
2023-11-22,43.995086669921875,44.01294222784694,43.98616059375907,44.004016151684134,854500.0
2023-11-24,44.012939453125,44.012939453125,43.99508389632561,43.99508389632561,377300.0
2023-11-27,44.03972625732422,44.04865233328227,44.00847647747259,44.01294121825131,951400.0
2023-11-28,44.08435821533203,44.08435821533203,44.03079154914415,44.03079154914415,582500.0
2023-11-29,44.12007522583008,44.13793078499193,44.106684407858616,44.111149149049,761900.0
2023-11-30,44.097755432128906,44.11114624922008,44.093290691232035,44.11114624922008,769700.0
2023-12-01,44.17844009399414,44.18740679016329,44.115686899980496,44.115686899980496,635200.0
2023-12-04,44.169471740722656,44.187401711207464,44.151541770237856,44.16050504558416,1153300.0
2023-12-05,44.187400817871094,44.20533078799341,44.16947084774878,44.16947084774878,7715000.0
2023-12-06,44.17844009399414,44.20533676270899,44.17396016570216,44.20533676270899,1052700.0
2023-12-07,44.209808349609375,44.22325839132537,44.18829443848928,44.20532842216265,777300.0
2023-12-08,44.16050720214844,44.19636714486926,44.16050720214844,44.18740386908523,803300.0
2023-12-11,44.1739616394043,44.17844156784574,44.16051159470187,44.16051159470187,702000.0
2023-12-12,44.207130432128906,44.21430173746413,44.17844179099527,44.18740848750885,620800.0
2023-12-13,44.330833435058594,44.339796709470725,44.21429034894978,44.21429034894978,971200.0
2023-12-14,44.371177673339844,44.39359099126726,44.35773105050026,44.35773105050026,1340400.0
2023-12-15,44.33979797363281,44.35772794276012,44.33083469896513,44.34428132086262,1322300.0
2023-12-18,44.3353385925293,44.363127834690246,44.33085524322177,44.34878522065837,1368300.0
2023-12-19,44.35773849487305,44.37566846826566,44.348775218073115,44.348775218073115,886400.0
2023-12-20,44.38462829589844,44.39359499179431,44.35773504779579,44.35773504779579,842800.0
2023-12-21,44.41600036621094,44.42945040868426,44.411520438511964,44.411520438511964,868800.0
2023-12-22,44.43852233886719,44.443025227717726,44.4250171070134,44.443025227717726,718800.0
2023-12-26,44.43400573730469,44.45201385245156,44.41600105685459,44.443011512226505,670300.0
2023-12-27,44.483524322509766,44.48802720967988,44.45201098171209,44.45201098171209,851000.0
2023-12-28,44.47452163696289,44.4970292032453,44.47001874982781,44.488026863671635,854500.0
2023-12-29,44.51504898071289,44.51504898071289,44.47003040165601,44.47003040165601,882700.0
2024-01-02,44.479034423828125,44.497039106982754,44.47002864755353,44.479034423828125,1007600.0
2024-01-03,44.479034423828125,44.479034423828125,44.46102630597621,44.46102630597621,734000.0
2024-01-04,44.488037109375,44.488037109375,44.47903476772808,44.47903476772808,589100.0
2024-01-05,44.483524322509766,44.51503766330744,44.46101675605231,44.46101675605231,1119000.0
2024-01-08,44.51955795288086,44.542068962834264,44.48804459976482,44.48804459976482,819800.0
2024-01-09,44.51955795288086,44.52406084181112,44.50605272078797,44.5150550639506,787300.0
2024-01-10,44.53305435180664,44.551062469257865,44.53305435180664,44.53305435180664,608200.0
2024-01-11,44.60057830810547,44.60508119557463,44.5420545097935,44.5420545097935,680300.0
2024-01-12,44.63209915161133,44.64110492806311,44.614091033405124,44.614091033405124,763400.0
2024-01-16,44.60509490966797,44.6321053733939,44.596089131960774,44.6321053733939,683100.0
2024-01-17,44.57357406616211,44.58707929575542,44.5600688365688,44.58707929575542,661400.0
2024-01-18,44.61860275268555,44.62310564180266,44.614099863568434,44.62310564180266,526900.0
2024-01-19,44.60057830810547,44.60508119557463,44.58707308039477,44.59607542063631,775400.0
2024-01-22,44.60509490966797,44.6321053733939,44.596089131960774,44.6321053733939,1046100.0
2024-01-23,44.62310028076172,44.63210262321637,44.596086384002525,44.61409450360945,1151600.0
2024-01-24,44.62310028076172,44.659113085277944,44.62310028076172,44.659113085277944,672300.0
2024-01-25,44.6771125793457,44.68611835475928,44.65010212249887,44.65010212249887,587700.0
2024-01-26,44.65910720825195,44.67351576285993,44.65910720825195,44.65910720825195,710300.0
2024-01-29,44.686126708984375,44.695129051384015,44.66811858948749,44.66811858948749,482300.0
2024-01-30,44.686126708984375,44.70413482848126,44.65911281239025,44.686126708984375,1021900.0
2024-01-31,44.72663497924805,44.75814832446341,44.70592719087709,44.71312975054103,691900.0
2024-02-01,44.750152587890625,44.76371679860526,44.727543270234534,44.736588377175984,700700.0
2024-02-02,44.691368103027344,44.70041320963711,44.67328478920264,44.70041320963711,964000.0
2024-02-05,44.66423797607422,44.68232473890528,44.66423797607422,44.68232473890528,667100.0
2024-02-06,44.7230224609375,44.72754156453835,44.69136803754711,44.70945480104273,739100.0
2024-02-07,44.70040512084961,44.736578641348046,44.70040512084961,44.71849188109883,708500.0
2024-02-08,44.718502044677734,44.7365888090377,44.718502044677734,44.718502044677734,548500.0
2024-02-09,44.718502044677734,44.72754370200893,44.709456937648966,44.72754370200893,664500.0
2024-02-12,44.750152587890625,44.754675141361346,44.727543270234534,44.727543270234534,567500.0
2024-02-13,44.67780303955078,44.700412355945986,44.67328393602961,44.700412355945986,713100.0
2024-02-14,44.7275390625,44.7275390625,44.69136553753229,44.69136553753229,837300.0
2024-02-15,44.7411003112793,44.76370962531229,44.736581208230284,44.76370962531229,1255400.0
2024-02-16,44.718502044677734,44.72754370200893,44.709456937648966,44.718502044677734,703000.0
2024-02-20,44.76372146606445,44.77276312425113,44.71850627573528,44.71850627573528,617600.0
2024-02-21,44.745635986328125,44.78180951951053,44.745635986328125,44.78180951951053,712900.0
2024-02-22,44.759193420410156,44.772757630874864,44.74562920994545,44.74562920994545,524800.0
2024-02-23,44.76372146606445,44.77276312425113,44.75467980787778,44.75467980787778,752800.0
2024-02-26,44.745635986328125,44.772764411365934,44.73659432788153,44.772764411365934,577500.0
2024-02-27,44.76823806762695,44.78180227795242,44.75919296094502,44.772757171270484,513500.0
2024-02-28,44.79084777832031,44.799892885778384,44.78180612055997,44.79084777832031,1191400.0
2024-02-29,44.795372009277344,44.81798132907133,44.790849455378975,44.790849455378975,610300.0
2024-03-01,44.829864501953125,44.84802568953507,44.80262445252638,44.81170331437118,707400.0
2024-03-04,44.829864501953125,44.829864501953125,44.81170331437118,44.81170331437118,1297200.0
2024-03-05,44.85258102416992,44.85712218847334,44.83896099515312,44.85712218847334,886400.0
2024-03-06,44.85258102416992,44.86620105318673,44.84803985986651,44.86620105318673,8583400.0
2024-03-07,44.88889694213867,44.89343464189474,44.866194587786545,44.87527345119163,764800.0
2024-03-08,44.90251541137695,44.92067660145,44.90251541137695,44.92067660145,760700.0
2024-03-11,44.8934326171875,44.90251494407591,44.88435375419187,44.8934326171875,691500.0
2024-03-12,44.870731353759766,44.89343024199429,44.86619019055582,44.884351379479,593200.0
2024-03-13,44.88434600830078,44.89342486972963,44.87526368297974,44.88434600830078,539100.0
2024-03-14,44.87981414794922,44.89343417486163,44.87527298434745,44.88435531155099,488000.0
2024-03-15,44.88434600830078,44.90250719505066,44.88434600830078,44.90250719505066,431900.0
2024-03-18,44.90705490112305,44.91159260055257,44.90251373780084,44.91159260055257,514800.0
2024-03-19,44.93429183959961,44.93883300260715,44.91158948845438,44.91158948845438,452400.0
2024-03-20,44.9615364074707,44.96607757093452,44.92975519100957,44.93883751793721,525500.0
2024-03-21,44.97062301635742,44.97970188025672,44.96608185246121,44.96608185246121,430700.0
2024-03-22,44.9842414855957,44.99332034918045,44.9660802945332,44.9660802945332,491600.0
2024-03-25,44.97062301635742,44.99332190805224,44.96608185246121,44.975160716360506,512700.0
2024-03-26,44.988765716552734,44.988765716552734,44.975145693306715,44.98422801806538,513500.0
2024-03-27,45.020565032958984,45.020565032958984,44.993321513713596,45.00240384142643,578500.0
2024-03-28,44.99332046508789,45.01148165619718,44.98424160147976,44.99332046508789,771000.0
2024-04-01,44.97325897216797,45.00974926752243,44.96413813828241,45.00974926752243,1335200.0
2024-04-02,45.00517654418945,45.00973870001417,44.973248413227,44.973248413227,1424000.0
2024-04-03,45.018863677978516,45.0279879904683,45.00062201281016,45.00062201281016,643600.0
2024-04-04,45.06447982788086,45.06447982788086,45.03711036937741,45.0553555150778,482800.0
2024-04-05,45.0234260559082,45.04623335733935,45.01886389964085,45.03710904480464,624300.0
2024-04-08,45.0234260559082,45.03710904480464,45.01886389964085,45.02798821217556,473500.0
2024-04-09,45.05535125732422,45.07359640130044,45.037106113348,45.037106113348,524700.0
2024-04-10,44.97325897216797,45.00062843363687,44.95501382449074,44.9915041198452,676800.0
2024-04-11,45.02798080444336,45.02798080444336,45.00973566228115,45.018856493409736,761200.0
2024-04-12,45.04623031616211,45.04623031616211,45.03710600424341,45.03710600424341,589500.0
2024-04-15,45.014305114746094,45.027988103609545,45.00062212588264,45.00974295848974,848200.0
2024-04-16,45.00517654418945,45.018859531758324,44.99149355662058,45.00973870001417,495800.0
2024-04-17,45.04623031616211,45.055351148175426,45.01886086031139,45.01886086031139,462600.0
2024-04-18,45.03254699707031,45.064475128740234,45.02798484114451,45.064475128740234,376400.0
2024-04-19,45.05078887939453,45.05535103534246,45.04623020335198,45.05535103534246,411400.0
2024-04-22,45.06447982788086,45.06447982788086,45.0553555150778,45.06447982788086,991600.0
2024-04-23,45.09640121459961,45.106433781294825,45.064473084378115,45.064473084378115,1122000.0
2024-04-24,45.1009635925293,45.1009635925293,45.07359761578031,45.09184276024813,916600.0
2024-04-25,45.09183883666992,45.10095966815746,45.07359369378966,45.10095966815746,1046800.0
2024-04-26,45.09640121459961,45.11008420185094,45.091839058880765,45.11008420185094,822300.0
2024-04-29,45.11465072631836,45.13745454731041,45.10096425783648,45.10096425783648,637200.0
2024-04-30,45.1009635925293,45.11920873699712,45.1009635925293,45.11920873699712,387300.0
2024-05-01,45.145870208740234,45.16419653433238,45.11838246804662,45.11838246804662,458700.0
2024-05-02,45.19167709350586,45.200842002540114,45.16418935718039,45.173350770826,750700.0
2024-05-03,45.23291015625,45.24665402379376,45.20083996685173,45.22832770193925,452300.0
2024-05-06,45.223751068115234,45.24665984722895,45.2191686132147,45.23749493742789,631900.0
2024-05-07,45.237491607666016,45.246656516792484,45.22833019392823,45.246656516792484,510300.0
2024-05-08,45.223751068115234,45.23749493742789,45.2191686132147,45.2191686132147,499200.0
2024-05-09,45.24665451049805,45.26498083254969,45.242072056138,45.24665451049805,652000.0
2024-05-10,45.237491607666016,45.246656516792484,45.22833019392823,45.246656516792484,358900.0
2024-05-13,45.25123596191406,45.264983325751395,45.24665700269034,45.264983325751395,1096100.0
2024-05-14,45.26040267944336,45.27414654844109,45.255820224647834,45.26498513423889,603700.0
2024-05-15,45.3199577331543,45.3199577331543,45.30071561870127,45.301631410524465,792300.0
2024-05-16,45.29155349731445,45.31995702494422,45.28330438025732,45.301630702600775,1021200.0
2024-05-17,45.29246520996094,45.3199529433062,45.274138889268,45.274138889268,1045600.0
2024-05-20,45.306217193603516,45.31996106273847,45.30163473876223,45.30163473876223,791800.0
2024-05-21,45.3199577331543,45.32912264216353,45.3107963195337,45.3107963195337,699600.0
2024-05-22,45.31079864501953,45.31996005911032,45.30163373553992,45.31996005911032,540300.0
2024-05-23,45.306217193603516,45.33828738671471,45.29247332446856,45.33828738671471,3668000.0
2024-05-24,45.31538009643555,45.319959055685146,45.30163273252052,45.3107976417972,802100.0
2024-05-28,45.306217193603516,45.32912597242104,45.30163473876223,45.31996106273847,568900.0
2024-05-29,45.324546813964844,45.3291292691394,45.31080294383032,45.3291292691394,535400.0
2024-05-30,45.35203170776367,45.35661416265062,45.338287838491766,45.338287838491766,494600.0
2024-05-31,45.39326095581055,45.39326095581055,45.365769725423824,45.365769725423824,613900.0
2024-06-03,45.419036865234375,45.42363652946785,45.386821659629696,45.39602449929071,2120600.0
2024-06-04,45.43284225463867,45.45125144490126,45.423635903910366,45.423635903910366,1126400.0
2024-06-05,45.451255798339844,45.4604586387556,45.41443741428811,45.44204944672973,1202100.0
2024-06-06,45.455848693847656,45.469658219206366,45.44204267968278,45.45124902992192,754500.0
2024-06-07,45.42363357543945,45.44204276475836,45.414430736376914,45.44204276475836,566000.0
2024-06-10,45.442039489746094,45.45124583933897,45.42363030175394,45.43283665134681,456400.0
2024-06-11,45.46506118774414,45.469664363485734,45.44204882023048,45.469664363485734,430500.0
2024-06-12,45.47885513305664,45.54328553156099,45.47885513305664,45.50646715778897,599300.0
2024-06-13,45.51108169555664,45.515684871225815,45.48806932840503,45.497275679743375,748500.0
2024-06-14,45.52488327026367,45.52488327026367,45.50647408057712,45.52488327026367,629900.0
2024-06-17,45.492671966552734,45.53409352469736,45.4788659509026,45.53409352469736,396800.0
2024-06-18,45.515682220458984,45.54329425047742,45.5064758696568,45.515682220458984,794900.0
2024-06-20,45.515682220458984,45.52488506006711,45.48806667924649,45.48806667924649,2180500.0
2024-06-21,45.543296813964844,45.55250316528522,45.534093973838715,45.543296813964844,1180200.0
2024-06-24,45.543296813964844,45.55250316528522,45.524887622518335,45.524887622518335,629100.0
2024-06-25,45.543296813964844,45.55250316528522,45.534093973838715,45.55250316528522,3397900.0
2024-06-26,45.54789352416992,45.55249669917669,45.5248811603298,45.5248811603298,5522600.0
2024-06-27,45.566307067871094,45.58011308301714,45.543294701831634,45.543294701831634,594700.0
2024-06-28,45.580101013183594,45.60771303616389,45.57089466472806,45.580101013183594,495300.0
2024-07-01,45.58658981323242,45.59121278083145,45.56348202781945,45.58197037192447,528000.0
2024-07-02,45.61431121826172,45.61893065826587,45.60044584566911,45.60044584566911,784900.0
2024-07-03,45.63280487060547,45.637424311147505,45.61893597010789,45.637424311147505,630800.0
2024-07-05,45.6928825378418,45.70212494384163,45.66977123340727,45.683636605552,600900.0
2024-07-08,45.688262939453125,45.71137424559122,45.67439756628636,45.71137424559122,641200.0
2024-07-09,45.7021369934082,45.7021369934082,45.67440624180741,45.67440624180741,532900.0
2024-07-10,45.70676040649414,45.71138337390299,45.7021374390853,45.7021374390853,473000.0
2024-07-11,45.757598876953125,45.76684128475432,45.739110535060085,45.739110535060085,597400.0
2024-07-12,45.789947509765625,45.794570476298276,45.76683620339264,45.776082136457944,783200.0
2024-07-15,45.7945671081543,45.80380951424956,45.78532117576903,45.78532117576903,609700.0
2024-07-16,45.808441162109375,45.81306412917816,45.785329853056126,45.785329853056126,500300.0
2024-07-17,45.7991943359375,45.803817302916244,45.785328961291874,45.79457489524936,578200.0
2024-07-18,45.7991943359375,45.822305644540606,45.785328961291874,45.785328961291874,813900.0
2024-07-19,45.7945671081543,45.831543785115365,45.74834802509796,45.74834802509796,541200.0
2024-07-22,45.81306076049805,45.82230316766534,45.79457241987305,45.79457241987305,446400.0
2024-07-23,45.840789794921875,45.85003220174372,45.82230145498791,45.82230145498791,533700.0
2024-07-24,45.850032806396484,45.85927873963054,45.84079039945275,45.84079039945275,476200.0
2024-07-25,45.85927963256836,45.86852203969205,45.850033699154274,45.850033699154274,684000.0
2024-07-26,45.89625930786133,45.90550171558798,45.88701337384405,45.89625930786133,637700.0
2024-07-29,45.910125732421875,45.91474517324552,45.89626035736952,45.910125732421875,448300.0
2024-07-30,45.91474151611328,45.91474151611328,45.8962567017096,45.91474151611328,520400.0
2024-07-31,45.94248580932617,45.94248580932617,45.905509119874175,45.92399746460018,979200.0
2024-08-01,45.98332977294922,45.98332977294922,45.96476147762067,45.96476147762067,687700.0
2024-08-02,46.07152557373047,46.07616853267388,46.048314320553395,46.048314320553395,856800.0
2024-08-05,46.06687927246094,46.1030879748205,46.029746228227765,46.085447565347394,1569100.0
2024-08-06,46.04830551147461,46.07615971826657,46.030668645635586,46.07615971826657,836100.0
2024-08-07,46.04830551147461,46.06687380215614,46.02974076233241,46.02974076233241,2603100.0
2024-08-08,46.04830551147461,46.05759142758504,46.02045484622198,46.02045484622198,566000.0
2024-08-09,46.06687927246094,46.085447565347394,46.05759689678758,46.06687927246094,587200.0
2024-08-12,46.080806732177734,46.08544969099844,46.048313103512626,46.048313103512626,596800.0
2024-08-13,46.113304138183594,46.12259005658565,46.09473938445988,46.113304138183594,515500.0
2024-08-14,46.117942810058594,46.131868144826925,46.1132998512892,46.1132998512892,588500.0
2024-08-15,46.0947380065918,46.104020383176184,46.076169711882926,46.076169711882926,668400.0
2024-08-16,46.13650894165039,46.141151900202225,46.104015314866984,46.141151900202225,623600.0
2024-08-19,46.13650894165039,46.15043427576618,46.1225836075346,46.1225836075346,533200.0
2024-08-20,46.15972137451172,46.165292216608584,46.14950757374417,46.150435457170346,500100.0
2024-08-21,46.18757247924805,46.206140772566194,46.1690041859299,46.17829010335889,537300.0
2024-08-22,46.178287506103516,46.1875698814706,46.15971921382973,46.16900158919681,694100.0
2024-08-23,46.22935104370117,46.23399400267284,46.18757503757624,46.18757503757624,1022400.0
2024-08-26,46.22935104370117,46.24327992061617,46.224711626269524,46.23399400267284,739800.0
2024-08-27,46.24327850341797,46.2525608795368,46.21542429198163,46.21542429198163,517000.0
2024-08-28,46.261844635009766,46.261844635009766,46.243276342100025,46.25255871778502,483600.0
2024-08-29,46.2479133605957,46.261842235710425,46.2432739437637,46.25255631896728,321700.0
2024-08-30,46.27112579345703,46.28040816889784,46.25255750103576,46.25255750103576,674400.0
2024-09-03,46.28977966308594,46.30842296969415,46.28045445325634,46.28977966308594,857000.0
2024-09-04,46.336395263671875,46.336395263671875,46.29910153722658,46.29910153722658,976600.0
2024-09-05,46.34571075439453,46.37274745768835,46.336389102285466,46.36435761513769,802300.0
2024-09-06,46.396995544433594,46.429626666393844,46.368095217779754,46.38301128595428,1014700.0
2024-09-09,46.401649475097656,46.42029633509274,46.39232426683767,46.39232426683767,599900.0
2024-09-10,46.429630279541016,46.44827714447305,46.41564601997345,46.42030862533792,745200.0
2024-09-11,46.4202995300293,46.43894639130778,46.41097432112749,46.4202995300293,494900.0
2024-09-12,46.429630279541016,46.43895549026995,46.410983414608985,46.429630279541016,491900.0
2024-09-13,46.46224594116211,46.4855554037011,46.45758689387403,46.47623019607565,528400.0
2024-09-16,46.49022674560547,46.50421100314742,46.4762389315382,46.48556414091638,568700.0
2024-09-17,46.50421142578125,46.51353307871883,46.48556456338074,46.48556456338074,724100.0
2024-09-18,46.50421142578125,46.54150159405691,46.48556456338074,46.50421142578125,673500.0
2024-09-19,46.522857666015625,46.54150097164146,46.51353245667741,46.522857666015625,417400.0
2024-09-20,46.54149627685547,46.56946834552319,46.53217462498286,46.54149627685547,3889700.0
2024-09-23,46.54149627685547,46.560143137125635,46.54149627685547,46.54149627685547,1061400.0
2024-09-24,46.56946563720703,46.57692366957638,46.5508187780213,46.5601404293518,1086000.0
2024-09-25,46.560150146484375,46.57786519988667,46.560150146484375,46.569475356285785,649900.0
2024-09-26,46.54149627685547,46.57413094972197,46.54149627685547,46.550821485253024,530800.0
2024-09-27,46.588111877441406,46.59743352864806,46.56946501850341,46.56946501850341,503400.0
2024-09-30,46.560150146484375,46.58812221936313,46.55082849320844,46.57879700956172,765100.0
2024-10-01,46.588226318359375,46.60601617462913,46.57886530384762,46.57886530384762,515000.0
2024-10-02,46.588226318359375,46.59759090441424,46.57886530384762,46.588226318359375,411700.0
2024-10-03,46.578880310058594,46.606031189587235,46.578880310058594,46.597605916658,433500.0
2024-10-04,46.54142379760742,46.560149402074714,46.54142379760742,46.550788385613,425700.0
2024-10-07,46.51333999633789,46.53206560194033,46.50397540776463,46.50865770205126,671500.0
2024-10-08,46.53206253051758,46.54142354692887,46.51333692615115,46.51333692615115,731500.0
2024-10-09,46.522701263427734,46.54142686913083,46.522701263427734,46.53206585205133,547100.0
2024-10-10,46.54142379760742,46.550788385613,46.52738048714292,46.53206278114571,476300.0
2024-10-11,46.588226318359375,46.60695191892599,46.56950428933587,46.57886530384762,373100.0
2024-10-14,46.578880310058594,46.578880310058594,46.56109044805751,46.56951929253102,379800.0
2024-10-15,46.57419204711914,46.578874341055034,46.56951332472706,46.56951332472706,423300.0
2024-10-16,46.60696029663086,46.60696029663086,46.59291698656736,46.59759928043645,478600.0
2024-10-17,46.597591400146484,46.60695241475783,46.58822681399199,46.60695241475783,382000.0
2024-10-18,46.621009826660156,46.62569212115393,46.616331103710614,46.62569212115393,555900.0
2024-10-21,46.597591400146484,46.61631700091232,46.58822681399199,46.60695241475783,410900.0
2024-10-22,46.61164474487305,46.61632703895855,46.59011190655002,46.59760143416047,489900.0
2024-10-23,46.61631774902344,46.625678763785004,46.59759214795709,46.61631774902344,637800.0
2024-10-24,46.62568664550781,46.63505123339561,46.606961041276044,46.606961041276044,524200.0
2024-10-25,46.61631774902344,46.644404364851354,46.61631774902344,46.644404364851354,690700.0
2024-10-28,46.61631774902344,46.63504335008978,46.61631774902344,46.625678763785004,549900.0
2024-10-29,46.63505554199219,46.64441655920103,46.62569095323921,46.62569095323921,722900.0
2024-10-30,46.62568664550781,46.64441224973959,46.62568664550781,46.63505123339561,508700.0
2024-10-31,46.62568664550781,46.63505123339561,46.61632562916384,46.63505123339561,516800.0
2024-11-01,46.647308349609375,46.6802147008981,46.642606417561474,46.6802147008981,1320700.0
2024-11-04,46.66611862182617,46.67082055485314,46.66142027532325,46.66142027532325,839400.0
2024-11-05,46.670814514160156,46.68961865731011,46.670814514160156,46.680218378996926,887500.0
2024-11-06,46.66141891479492,46.68022305983045,46.66141891479492,46.670819194050715,1063300.0
2024-11-07,46.69902801513672,46.70843188180184,46.66142330804905,46.66142330804905,844800.0
2024-11-08,46.69902801513672,46.72441343399857,46.69902801513672,46.71783216194269,469200.0
2024-11-11,46.689613342285156,46.7084174832945,46.68021306504207,46.7084174832945,587800.0
2024-11-12,46.68022918701172,46.68962946750138,46.67082531999765,46.68962946750138,579800.0
2024-11-13,46.694313049316406,46.70841525777069,46.689611117657314,46.70841525777069,775800.0
2024-11-14,46.689613342285156,46.72722162430384,46.689613342285156,46.71781776053758,649900.0
2024-11-15,46.70842742919922,46.72723157421264,46.6896232841858,46.70842742919922,959600.0
2024-11-18,46.72723388671875,46.73663416642871,46.72723388671875,46.72723388671875,937500.0
2024-11-19,46.746028900146484,46.764833042416846,46.73662503574959,46.73662503574959,499600.0
2024-11-20,46.746028900146484,46.75542917801996,46.73662503574959,46.746028900146484,801200.0
2024-11-21,46.73662185668945,46.755425997680746,46.73662185668945,46.74602572044669,673700.0
2024-11-22,46.746028900146484,46.764833042416846,46.746028900146484,46.764833042416846,720500.0
2024-11-25,46.76953887939453,46.78364109172527,46.76484053296695,46.77424081234611,1551800.0
2024-11-26,46.783634185791016,46.79303805030602,46.77423390779947,46.783634185791016,446700.0
2024-11-27,46.80244064331055,46.811844508290704,46.79304036485403,46.80244064331055,817200.0
2024-11-29,46.83066177368164,46.84006205477212,46.82125790606652,46.82125790606652,262200.0
2024-12-02,46.85708999633789,46.85708999633789,46.828763697392674,46.828763697392674,578700.0
2024-12-03,46.85708999633789,46.86652969494379,46.83820699756233,46.86652969494379,4577500.0
2024-12-04,46.875972747802734,46.894852144914935,46.8570897491268,46.8665294476829,717700.0
2024-12-05,46.88540267944336,46.89484237603303,46.875962982853686,46.88540267944336,509900.0
2024-12-06,46.92317581176758,46.9326155097942,46.91373251217742,46.9326155097942,507700.0
2024-12-09,46.9326057434082,46.94204904103327,46.91844439853339,46.92316604734592,520600.0
2024-12-10,46.9326057434082,46.94204904103327,46.92316604734592,46.94204904103327,778300.0
2024-12-11,46.913734436035156,46.95150043281744,46.894851437644014,46.94206073440371,1134100.0
2024-12-12,46.92317581176758,46.94205880938436,46.92317581176758,46.92317581176758,552200.0
2024-12-13,46.942054748535156,46.95149444574517,46.932611449761914,46.942054748535156,481900.0
2024-12-16,46.942054748535156,46.942054748535156,46.932611449761914,46.942054748535156,532700.0
2024-12-17,46.93733596801758,46.95149731547978,46.93261431834237,46.93261431834237,543000.0
2024-12-18,46.92317581176758,46.96094180700114,46.9042928141508,46.94205880938436,722200.0
2024-12-19,46.913734436035156,46.92317773601257,46.90429473762143,46.913734436035156,771800.0
2024-12-20,46.951499938964844,46.96094323884293,46.942060240650406,46.96094323884293,569100.0
2024-12-23,46.9609375,46.9609375,46.94205450411506,46.951494201275935,640200.0
2024-12-24,46.979896545410156,46.979896545410156,46.96093348888007,46.97041682556172,511000.0
2024-12-26,46.98464584350586,46.98938751261667,46.97042445300721,46.979904174395045,452400.0
2024-12-27,46.998863220214844,47.00834655762658,46.989383499636595,46.998863220214844,561400.0
2024-12-30,47.02256774902344,47.02730580087588,46.998863022427344,46.998863022427344,607800.0
2024-12-31,47.04627227783203,47.04627227783203,47.036792556604745,47.04627227783203,458100.0
2025-01-02,47.04627227783203,47.05575561589305,47.036792556604745,47.05575561589305,669600.0
2025-01-03,47.055755615234375,47.06523533646153,47.055755615234375,47.055755615234375,808500.0
2025-01-06,47.055755615234375,47.074718674522416,47.055755615234375,47.06523533646153,760200.0
2025-01-07,47.065223693847656,47.07470702956263,47.04626063925054,47.065223693847656,909300.0
2025-01-08,47.084190368652344,47.084190368652344,47.07471064904133,47.07471064904133,807900.0
2025-01-10,47.074710845947266,47.08419056559793,47.06522750946346,47.08419056559793,1054300.0
2025-01-13,47.074710845947266,47.074710845947266,47.0557477898128,47.074710845947266,653700.0
2025-01-14,47.088932037353516,47.09367008874251,47.065227313076065,47.0747106495203,772100.0
2025-01-15,47.11737823486328,47.131599623729315,47.10315684599725,47.10315684599725,663400.0
2025-01-16,47.131595611572266,47.131595611572266,47.10315283626144,47.10315283626144,594500.0
2025-01-17,47.131595611572266,47.15055866739051,47.131595611572266,47.14107894789793,698700.0
2025-01-21,47.15056610107422,47.16004943889501,47.14108638008708,47.14108638008708,676000.0
2025-01-22,47.15056610107422,47.16004943889501,47.15056610107422,47.16004943889501,628000.0
2025-01-23,47.16004180908203,47.16952152853549,47.14107875334205,47.15055847279551,384300.0
2025-01-24,47.18848419189453,47.20744724747683,47.179000855686866,47.18848419189453,933400.0
2025-01-27,47.19797134399414,47.226417740263834,47.19797134399414,47.216934402562735,649500.0
2025-01-28,47.21693801879883,47.21693801879883,47.19797495877789,47.2074582972053,543700.0
2025-01-29,47.22641372680664,47.22641372680664,47.207450669849585,47.21693038991147,495000.0
2025-01-30,47.24537658691406,47.24537658691406,47.21693019318035,47.22641353003601,426300.0
2025-01-31,47.250118255615234,47.254859924406055,47.24538020365797,47.254859924406055,500900.0
2025-02-03,47.23773956298828,47.25678363481568,47.228215710931934,47.25678363481568,5334400.0
2025-02-04,47.26630401611328,47.27582786820218,47.23773972441722,47.24250165046167,1037800.0
2025-02-05,47.27582550048828,47.27582550048828,47.26630164887637,47.27582550048828,767600.0
2025-02-06,47.28058624267578,47.28534816872836,47.27582794890852,47.27582794890852,516000.0
2025-02-07,47.27106857299805,47.28535071964094,47.26630664668858,47.28058879333147,891300.0
2025-02-10,47.28535079956055,47.29487101991007,47.266306726576,47.266306726576,787000.0
2025-02-11,47.294864654541016,47.294864654541016,47.266300365051386,47.266300365051386,811300.0
2025-02-12,47.26630401611328,47.27582786820218,47.26630401611328,47.27582786820218,674900.0
2025-02-13,47.32344055175781,47.3520048460614,47.29487262516858,47.304396478126876,3958700.0
2025-02-14,47.33295822143555,47.342482073880554,47.32343800127599,47.33295822143555,1524900.0
2025-02-18,47.33295822143555,47.34819565889047,47.33295822143555,47.33295822143555,600000.0
2025-02-19,47.35295486450195,47.36152705832459,47.34248298535338,47.34248298535338,650000.0
2025-02-20,47.38055419921875,47.39007804917376,47.36151376387773,47.38055419921875,945000.0
2025-02-21,47.41865539550781,47.41865539550781,47.38056724976575,47.39009110234401,770800.0
2025-02-24,47.428184509277344,47.428184509277344,47.399616580659014,47.399616580659014,556900.0
2025-02-25,47.44721603393555,47.46625647159682,47.428171963989335,47.428171963989335,1047700.0
2025-02-26,47.44721603393555,47.456736252766184,47.428171963989335,47.437692182819966,1045300.0
2025-02-27,47.44721603393555,47.456736252766184,47.437692182819966,47.44721603393555,1239400.0
2025-02-28,47.50435256958008,47.50435256958008,47.46721971440654,47.475788276018044,1046400.0
2025-03-03,47.511043548583984,47.52060323353222,47.482371785642364,47.52060323353222,1013000.0
2025-03-04,47.511043548583984,47.54927499647384,47.511043548583984,47.53015927252891,1481300.0
2025-03-05,47.51581954956055,47.539715114047716,47.51103970747286,47.53015542987235,979700.0
2025-03-06,47.52537155151367,47.53015139319541,47.5110356724194,47.5110356724194,2060700.0
2025-03-07,47.53015899658203,47.55883075935719,47.51104327274808,47.53971868147477,947500.0
2025-03-10,47.568382263183594,47.568382263183594,47.54926654263727,47.54926654263727,900300.0
2025-03-11,47.520599365234375,47.558827164060844,47.51581952314935,47.54927112584204,1423900.0
2025-03-12,47.511043548583984,47.53015927252891,47.511043548583984,47.511043548583984,940400.0
2025-03-13,47.520599365234375,47.53015540345318,47.501483642845514,47.51103968106432,763000.0
2025-03-14,47.52824783325195,47.53971799657737,47.520602273018824,47.53015831182237,964200.0
2025-03-17,47.53970718383789,47.53970718383789,47.520591464627145,47.5301475012572,749800.0
2025-03-18,47.53015899658203,47.53971868147477,47.52060295764082,47.53015899658203,1000200.0
2025-03-19,47.57316207885742,47.57793827452823,47.52059475887143,47.539710479407326,654100.0
2025-03-20,47.568382263183594,47.58749798372992,47.568382263183594,47.57793830048131,661500.0
2025-03-21,47.60184860229492,47.60662844539928,47.58751271893388,47.58751271893388,702800.0
2025-03-24,47.57794189453125,47.60661730049233,47.568385856511675,47.59705761652158,606000.0
2025-03-25,47.59706115722656,47.60662084190845,47.57794543381423,47.58750511849612,1130500.0
2025-03-26,47.592281341552734,47.6066208685836,47.587505145160556,47.6066208685836,544500.0
2025-03-27,47.60184860229492,47.60662844539928,47.59706875919057,47.59706875919057,755100.0
2025-03-28,47.63528823852539,47.63528823852539,47.616172516864914,47.616172516864914,665400.0
2025-03-31,47.64963150024414,47.65441134288754,47.63529561826562,47.63529561826562,889400.0
2025-04-01,47.66786193847656,47.66786193847656,47.64867133537486,47.66786193847656,931100.0
2025-04-02,47.65826416015625,47.667859461208444,47.64866885910406,47.65826416015625,1200300.0
2025-04-03,47.71584701538086,47.71584701538086,47.677458489256225,47.677458489256225,1436400.0
2025-04-04,47.59108352661133,47.73503866122025,47.57668874533667,47.71584439921032,2188300.0
2025-04-07,47.5862922668457,47.619881315933114,47.504719384909386,47.55270321775829,4801700.0
2025-04-08,47.52391052246094,47.63907244590531,47.51431155996384,47.581493314648895,3966300.0
2025-04-09,47.58149337768555,47.58149337768555,47.437538227490705,47.50471632133322,1726600.0
2025-04-10,47.50471878051758,47.58149584084443,47.495123478442586,47.52391304559929,1686600.0
2025-04-11,47.49512481689453,47.52391438486255,47.43274253838804,47.466331587994674,2658900.0
2025-04-14,47.55270004272461,47.58149326925689,47.52391047712386,47.54310474116821,1982800.0
2025-04-15,47.59108352661133,47.62947205063119,47.56229396406201,47.58148822607194,1453000.0
2025-04-16,47.63907241821289,47.64867138070441,47.6006838901099,47.6006838901099,1139900.0
2025-04-17,47.68225860595703,47.68705442608804,47.648669560383006,47.66786016276982,578300.0
2025-04-21,47.67745590209961,47.70624546466519,47.67745590209961,47.68705120264442,2154100.0
2025-04-22,47.68705368041992,47.71584690541272,47.65826411635847,47.67745837937655,1519800.0
2025-04-23,47.68705368041992,47.7350411684308,47.67745837937655,47.72544220645609,895000.0
2025-04-24,47.73503494262695,47.73983076205747,47.70624172138949,47.715840682112265,1042700.0
2025-04-25,47.75423049926758,47.763829460986756,47.735039897691706,47.735039897691706,1861500.0
2025-04-28,47.78302764892578,47.79262295050198,47.76383338484183,47.77342868641803,1059100.0
2025-04-29,47.802215576171875,47.81181087647609,47.773422353397116,47.783021314632386,888800.0
2025-04-30,47.83100509643555,47.84060039673142,47.80221553461687,47.81181083491274,944400.0
2025-05-01,47.81559753417969,47.873401665813994,47.80596106208246,47.873401665813994,1100400.0
2025-05-02,47.80596160888672,47.815598081094166,47.78669233970913,47.796328811916574,2445200.0
2025-05-05,47.81559753417969,47.81559753417969,47.7963282652225,47.80596106208246,1098700.0
2025-05-06,47.82522964477539,47.83486611673434,47.81559684805365,47.82522964477539,1101100.0
2025-05-07,47.83486557006836,47.83486557006836,47.81559630160788,47.82522909821954,851100.0
2025-05-08,47.80596160888672,47.83486735027176,47.80596160888672,47.82523087806431,803300.0
2025-05-09,47.83486557006836,47.844498366680014,47.82522909821954,47.83486557006836,663100.0
2025-05-12,47.82522964477539,47.82522964477539,47.80596037609471,47.80596037609471,951900.0
2025-05-13,47.80596160888672,47.85413294421205,47.76742674576884,47.8445001472419,5916700.0
2025-05-14,47.796321868896484,47.82522393084583,47.796321868896484,47.81559113527497,2043600.0
2025-05-15,47.84449768066406,47.84449768066406,47.8059591442957,47.83486488419053,985900.0
2025-05-16,47.863765716552734,47.873398512778266,47.854129245090185,47.873398512778266,774900.0
2025-05-19,47.863765716552734,47.873398512778266,47.854129245090185,47.873398512778266,1491200.0
2025-05-20,47.902305603027344,47.902305603027344,47.87339986306142,47.88303633479577,908300.0
2025-05-21,47.883033752441406,47.90230301963378,47.86376448524903,47.883033752441406,875600.0
2025-05-22,47.902305603027344,47.902305603027344,47.88303633479577,47.892669131293,1052200.0
2025-05-23,47.90711975097656,47.92157445845357,47.902305190387985,47.91193798680223,721100.0
2025-05-27,47.902305603027344,47.93120766775614,47.892669131293,47.92157487125891,3771800.0
2025-05-28,47.902305603027344,47.92157487125891,47.902305603027344,47.92157487125891,1094500.0
2025-05-29,47.92156982421875,47.940835415184175,47.92156982421875,47.92156982421875,949000.0
2025-05-30,47.960105895996094,47.960105895996094,47.940836629305934,47.95047310026943,801500.0
2025-06-02,47.96398162841797,47.96881920316094,47.95914774366335,47.96881920316094,1207800.0
2025-06-03,47.98332595825195,47.98816353276515,47.96881692470055,47.97848838373876,1067300.0
2025-06-04,48.02201461791992,48.026852191974115,48.00750558574517,48.01717704386573,789700.0
2025-06-05,47.99783706665039,48.02685882499594,47.99783706665039,48.02685882499594,904100.0
2025-06-06,47.988155364990234,48.00750196976197,47.988155364990234,47.99782682238232,758800.0
2025-06-09,48.02685546875,48.03652692753042,48.01718031998149,48.02685546875,913700.0
2025-06-10,48.03168869018555,48.03652626450303,48.026854805856104,48.03652626450303,721300.0
2025-06-11,48.065547943115234,48.0752230924774,48.055876483741386,48.055876483741386,797400.0
2025-06-12,48.075218200683594,48.08488965907334,48.065543052305905,48.065543052305905,937600.0
2025-06-13,48.075218200683594,48.075218200683594,48.05587159391615,48.075218200683594,877800.0
2025-06-16,48.08972930908203,48.09456688347969,48.07522027587715,48.08489173468437,864500.0
2025-06-17,48.099395751953125,48.113908473632684,48.08488672026128,48.08488672026128,796800.0
2025-06-18,48.08489227294922,48.10423888076833,48.07522081403373,48.094567421852844,1368000.0
2025-06-20,48.138092041015625,48.14292961521812,48.10423640157406,48.10423640157406,3388600.0
2025-06-23,48.1525993347168,48.17194594084017,48.133252728593426,48.1525993347168,1340600.0
2025-06-24,48.16228103637695,48.19129910451669,48.152605887004825,48.152605887004825,5548600.0
2025-06-25,48.16228103637695,48.171952495760756,48.16228103637695,48.16228103637695,786300.0
2025-06-26,48.20580291748047,48.21064049164258,48.18162242664575,48.18162242664575,1023700.0
2025-06-27,48.20580291748047,48.220311949978885,48.19613145914417,48.21064049164258,540600.0
2025-06-30,48.23482131958008,48.24933035106994,48.22998374575423,48.23965520341826,789100.0
2025-07-01,48.23385238647461,48.24356532346424,48.22414315388506,48.24356532346424,1406900.0
2025-07-02,48.2484245300293,48.26299023194026,48.23385512371805,48.26299023194026,1462300.0
2025-07-03,48.2484245300293,48.253277294399425,48.24356806125888,48.24356806125888,603100.0
2025-07-07,48.243568420410156,48.27269982444895,48.243568420410156,48.27269982444895,1044700.0
2025-07-08,48.23385238647461,48.24356532346424,48.23385238647461,48.23385238647461,944500.0
2025-07-09,48.27269744873047,48.27269744873047,48.24356604612536,48.24356604612536,798500.0
2025-07-10,48.26298522949219,48.27269446162637,48.2532722929581,48.26298522949219,857200.0
2025-07-11,48.27755355834961,48.28241002688106,48.26298785715535,48.28241002688106,752400.0
2025-07-14,48.292118072509766,48.292118072509766,48.282408840085616,48.282408840085616,801300.0
2025-07-15,48.292118072509766,48.301831009333924,48.27269590326146,48.301831009333924,850300.0
2025-07-16,48.3115348815918,48.32124411293871,48.29211271449838,48.301825650244886,903100.0
2025-07-17,48.3115348815918,48.3115348815918,48.301825650244886,48.3115348815918,872000.0
2025-07-18,48.35038757324219,48.35038757324219,48.340674635816775,48.35038757324219,1073000.0
2025-07-21,48.3600959777832,48.36980891504221,48.345530276294866,48.35038674492437,1586600.0
2025-07-22,48.36980438232422,48.36980438232422,48.3600914459754,48.36980438232422,808500.0
2025-07-23,48.3600959777832,48.36980891504221,48.35038674492437,48.36980891504221,812700.0
2025-07-24,48.35038757324219,48.36009680626736,48.35038757324219,48.36009680626736,830100.0
2025-07-25,48.3795166015625,48.3795166015625,48.36009443206544,48.36009443206544,733300.0
2025-07-28,48.38922882080078,48.38922882080078,48.379515883996284,48.38922882080078,609500.0
2025-07-29,48.39893341064453,48.39893341064453,48.38922417917137,48.38922417917137,596000.0
2025-07-30,48.384368896484375,48.41350029601711,48.369803196718,48.39893459625075,715700.0
2025-07-31,48.38922882080078,48.408647285609774,48.38922882080078,48.39893805320528,1068700.0
2025-08-01,48.480865478515625,48.480865478515625,48.4613673986589,48.480865478515625,1599300.0
2025-08-04,48.51011276245117,48.51011276245117,48.49061840065972,48.50036558155544,1077700.0
2025-08-05,48.51011276245117,48.519863662225525,48.50036558155544,48.51011276245117,952200.0
2025-08-06,48.51498794555664,48.51986339541701,48.50036531485415,48.50036531485415,924700.0
2025-08-07,48.519859313964844,48.529606493987046,48.519859313964844,48.519859313964844,935000.0
2025-08-08,48.52960968017578,48.53936057971647,48.519862499513636,48.53936057971647,780700.0
2025-08-11,48.539363861083984,48.54911104240506,48.529612960884116,48.539363861083984,1005600.0
2025-08-12,48.568607330322266,48.568607330322266,48.539362068560244,48.539362068560244,918400.0
2025-08-13,48.57835388183594,48.59784824201321,48.57835388183594,48.588101061924576,1103000.0
2025-08-14,48.568607330322266,48.578358230162046,48.568607330322266,48.578358230162046,970500.0
2025-08-15,48.58810043334961,48.59784761331215,48.57835325338707,48.57835325338707,859600.0
2025-08-18,48.59785079956055,48.59785079956055,48.58810361895895,48.58810361895895,902500.0
2025-08-19,48.60759735107422,48.617344530803926,48.58809927273661,48.58809927273661,1150100.0
2025-08-20,48.60759735107422,48.617344530803926,48.59784645246632,48.60759735107422,702600.0
2025-08-21,48.59785079956055,48.607601699040664,48.58810361895895,48.607601699040664,1082600.0
2025-08-22,48.63684844970703,48.656346530386074,48.6076031881278,48.6076031881278,889100.0
2025-08-25,48.646602630615234,48.65634981217287,48.63685173017872,48.65634981217287,762700.0
2025-08-26,48.65634536743164,48.66609254809887,48.64659818676441,48.65634536743164,787200.0
2025-08-27,48.66122055053711,48.66609228140476,48.65342206227035,48.656345100790936,1191400.0
2025-08-28,48.67097091674805,48.675846366813325,48.65634828543099,48.66609546668277,649000.0
2025-08-29,48.69533920288086,48.69533920288086,48.666090224518584,48.67096567405869,993800.0
2025-09-02,48.69533920288086,48.71491173318365,48.680660738423384,48.69533920288086,2309700.0
2025-09-03,48.71980285644531,48.72469692199503,48.70512439287439,48.70512439287439,1074700.0
2025-09-04,48.7393798828125,48.7442739488138,48.72470141788717,48.7442739488138,982700.0
2025-09-05,48.7932014465332,48.80298584506359,48.7834133149244,48.7932014465332,836900.0
2025-09-08,48.812767028808594,48.812767028808594,48.80297889859301,48.80297889859301,1044600.0
2025-09-09,48.7932014465332,48.81277397667238,48.7834133149244,48.81277397667238,1234400.0
2025-09-10,48.80788040161133,48.81277446746494,48.79320193712896,48.79320193712896,980500.0
2025-09-11,48.80298614501953,48.812774276688494,48.80298614501953,48.812774276688494,1195800.0
2025-09-12,48.82256317138672,48.832351303957076,48.81277877189515,48.82256317138672,859800.0
2025-09-15,48.847023010253906,48.851913342783575,48.84212894464597,48.851913342783575,865600.0
2025-09-16,48.86170196533203,48.871486363568025,48.851913834017736,48.851913834017736,1007400.0
2025-09-17,48.86170196533203,48.88127449488232,48.86170196533203,48.86170196533203,866900.0
2025-09-18,48.86170196533203,48.871486363568025,48.851913834017736,48.851913834017736,1108400.0
2025-09-19,48.876380920410156,48.891059384450806,48.871486854703825,48.891059384450806,668300.0
2025-09-22,48.876380920410156,48.891059384450806,48.871486854703825,48.891059384450806,959500.0
2025-09-23,48.88127517700195,48.89105957537448,48.87148704555107,48.88127517700195,1058800.0
2025-09-24,48.87148666381836,48.88127479519279,48.87148666381836,48.87148666381836,797600.0
2025-09-25,48.86659622192383,48.87148655452178,48.86170215624756,48.87148655452178,751900.0
2025-09-26,48.88127517700195,48.88127517700195,48.87148704555107,48.88127517700195,1265300.0
2025-09-29,48.89595031738281,48.91062878048301,48.881271854282616,48.89105625199005,904700.0
2025-09-30,48.92531204223633,48.93020610810911,48.91063357769645,48.92042170944201,904800.0
2025-10-01,48.942996978759766,48.95773084872476,48.93808443971498,48.95773084872476,1964600.0
2025-10-02,48.95772933959961,48.95772933959961,48.93808293119543,48.947908008982154,1045700.0
2025-10-03,48.96263885498047,48.97737272358145,48.95772631639047,48.97737272358145,1011500.0
2025-10-06,48.96754837036133,48.97737344768659,48.95772704020514,48.96754837036133,954200.0
2025-10-07,48.9822883605957,48.98719715232719,48.967550743893455,48.967550743893455,989200.0
2025-10-08,48.97737503051758,48.97737503051758,48.96754995287479,48.96754995287479,939900.0
2025-10-09,48.97246551513672,48.9773780542614,48.96755297601204,48.96755297601204,752800.0
2025-10-10,49.00193405151367,49.006846590718155,48.98720018106973,48.99702525947869,1439500.0
2025-10-13,49.01667022705078,49.01667022705078,48.98719873986046,48.98719873986046,866700.0
2025-10-14,49.021575927734375,49.02648846648455,49.001929519902816,49.001929519902816,975200.0
2025-10-15,49.04613494873047,49.055956279076575,49.0264885408691,49.03630987121521,1720900.0
2025-10-16,49.06087112426758,49.065783663256155,49.01666951487839,49.02649084568621,1451100.0
2025-10-17,49.05595779418945,49.06578287200816,49.05595779418945,49.06578287200816,926200.0
2025-10-20,49.06578063964844,49.075601969851036,49.05595556227674,49.06578063964844,1491300.0
2025-10-21,49.085426330566406,49.085426330566406,49.075601253338164,49.075601253338164,862000.0
2025-10-22,49.08051300048828,49.085425539023184,49.065779132052555,49.08051300048828,1040300.0
2025-10-23,49.07560729980469,49.08543237824345,49.07364378298473,49.07560729980469,1047500.0
2025-10-24,49.094268798828125,49.105075634982974,49.08542922653641,49.08542922653641,886500.0
2025-10-27,49.100162506103516,49.11489637546908,49.08542863673795,49.09524996725859,1041800.0
2025-10-28,49.10507583618164,49.10507583618164,49.08542942765459,49.10507583618164,1566900.0
2025-10-29,49.07069778442383,49.11489939523821,49.065785245276864,49.11489939523821,1170000.0
2025-10-30,49.06578063964844,49.075601969851036,49.05595556227674,49.06578063964844,1410600.0
2025-10-31,49.07560729980469,49.07560729980469,49.05596089009666,49.06578596853542,1308900.0
2025-11-03,49.08743667602539,49.10222590153113,49.082505680440946,49.082505680440946,1954400.0
2025-11-04,49.112083435058594,49.112083435058594,49.08250122548454,49.09236321575831,1637100.0
2025-11-05,49.10222625732422,49.11208824856456,49.09236802733148,49.11208824856456,2339200.0
2025-11-06,49.13180923461914,49.13180923461914,49.112089013079085,49.112089013079085,1848800.0
2025-11-07,49.13180923461914,49.15152569491153,49.12194724322528,49.13180923461914,2023200.0
2025-11-10,49.15152359008789,49.161385581059434,49.14166536036386,49.15152359008789,1522100.0
2025-11-11,49.16138458251953,49.171242812043324,49.151522591748304,49.16138458251953,644000.0
2025-11-12,49.16138458251953,49.171242812043324,49.16138458251953,49.16138458251953,789400.0
2025-11-13,49.15152359008789,49.161385581059434,49.14166536036386,49.15152359008789,943700.0
2025-11-14,49.15152359008789,49.171243810783466,49.15152359008789,49.171243810783466,1296000.0
2025-11-17,49.17124557495117,49.181107566276545,49.16138734487345,49.17124557495117,1189800.0
2025-11-18,49.18603515625,49.20082814334499,49.181107921799345,49.19096615194833,1739700.0
2025-11-19,49.19096755981445,49.20082955149337,49.18110932938332,49.20082955149337,1481200.0
2025-11-20,49.19096755981445,49.210687781924506,49.19096755981445,49.19096755981445,1483200.0
2025-11-21,49.21068572998047,49.22054396000055,49.20082749996039,49.20082749996039,1409000.0
2025-11-24,49.240264892578125,49.240264892578125,49.220544671005484,49.220544671005484,1092900.0
2025-11-25,49.2501220703125,49.25998029951145,49.230401850667306,49.230401850667306,1090800.0
2025-11-26,49.2501220703125,49.25998029951145,49.240260079866246,49.2501220703125,924600.0
2025-11-28,49.259986877441406,49.26984886920458,49.259986877441406,49.26984886920458,848400.0
2025-12-01,49.2797737121582,49.284722537636384,49.26987983604965,49.2797737121582,1786400.0
2025-12-02,49.30946731567383,49.30946731567383,49.28967578683263,49.28967578683263,1406100.0
2025-12-03,49.31935501098633,49.31935501098633,49.2995634846258,49.3094611352299,1159600.0
2025-12-04,49.30946731567383,49.30946731567383,49.28967578683263,49.304518489751494,1272900.0
2025-12-05,49.299564361572266,49.31935588828485,49.299564361572266,49.309462012352434,1275800.0
2025-12-08,49.30946731567383,49.31936119267035,49.29956966382915,49.30946731567383,935700.0
2025-12-09,49.30451202392578,49.31935472489816,49.2896693229534,49.31935472489816,3719600.0
2025-12-10,49.344093322753906,49.34903837300386,49.29956144657175,49.30945909676669,1197800.0
2025-12-11,49.32826232910156,49.36883439393062,49.31935746299329,49.3589405176823,2870000.0
2025-12-12,49.34904479980469,49.358942451288605,49.33915092316878,49.35399362554665,1987700.0
2025-12-15,49.36883544921875,49.38862697698631,49.36883544921875,49.38862697698631,947200.0
2025-12-16,49.39851760864258,49.39851760864258,49.368832206365134,49.37872985702275,1226200.0
2025-12-17,49.39851760864258,49.40841525930019,49.38862373283266,49.39851760864258,1975700.0
2025-12-18,49.40547561645508,49.415404698479485,49.40547561645508,49.410442051607305,1744000.0
2025-12-19,49.42036819458008,49.425334629436946,49.405472678289286,49.405472678289286,1761700.0
2025-12-22,49.432289123535156,49.43526671166213,49.415404759308814,49.415404759308814,1211800.0
2025-12-23,49.42036819458008,49.425334629436946,49.405472678289286,49.41043911314616,1222900.0
2025-12-24,49.430301666259766,49.435264312897246,49.42533523134241,49.430301666259766,1008100.0
2025-12-26,49.48492431640625,49.48492431640625,49.455129493236676,49.46506236371991,1133400.0
2025-12-29,49.48492431640625,49.48492431640625,49.47499144592302,49.47995788116464,1058800.0
2025-12-30,49.494850158691406,49.494850158691406,49.47498820730522,49.48492107713825,1206000.0
2025-12-31,49.494850158691406,49.50477924024456,49.48492107713825,49.489883723774895,1646000.0
2026-01-02,49.50477981567383,49.514712685622314,49.494850734005254,49.50477981567383,1224500.0
2026-01-05,49.52960968017578,49.534576115298215,49.5147141630885,49.5147141630885,1675300.0
2026-01-06,49.53457260131836,49.53457260131836,49.51471065051765,49.52960616654824,1754100.0
2026-01-07,49.52464294433594,49.54450489642505,49.52464294433594,49.52464294433594,2526000.0
2026-01-08,49.52464294433594,49.5345758145205,49.52464294433594,49.5345758145205,1796600.0
2026-01-09,49.53457260131836,49.54450168257883,49.52463973177812,49.53457260131836,3699600.0
2026-01-12,49.54450607299805,49.54947250820827,49.5345769908577,49.54450607299805,3477000.0
2026-01-13,49.54450607299805,49.554438943418496,49.54450607299805,49.54450607299805,1687300.0
2026-01-14,49.569332122802734,49.57429476949879,49.554436606154724,49.55939925285078,1863900.0
2026-01-15,49.55443572998047,49.56436481147695,49.55443572998047,49.55939837658878,3882700.0
2026-01-16,49.564369201660156,49.574298284036104,49.5544401192842,49.56933563698822,1669700.0
2026-01-20,49.569332122802734,49.57429476949879,49.554436606154724,49.56436568782676,1746700.0
2026-01-21,49.59415817260742,49.59415817260742,49.5643671384395,49.5643671384395,1501300.0
2026-01-22,49.584228515625,49.59415759747249,49.584228515625,49.589194950688736,1650500.0
2026-01-23,49.59912109375,49.60408752851947,49.59415465898053,49.60408752851947,1314600.0
2026-01-26,49.633880615234375,49.633880615234375,49.60408958194384,49.61401866361405,2904600.0
2026-01-27,49.633880615234375,49.633880615234375,49.61401866361405,49.61401866361405,1409200.0
2026-01-28,49.633880615234375,49.6438134851845,49.62395153356417,49.633880615234375,1262300.0
2026-01-29,49.64877700805664,49.653743443119346,49.64381436127392,49.64381436127392,1124500.0
2026-01-30,49.683536529541016,49.683536529541016,49.65374549449397,49.65374549449397,2725200.0
2026-02-02,49.675559997558594,49.69549446659102,49.66559466409798,49.69549446659102,5355100.0
2026-02-03,49.685523986816406,49.685523986816406,49.66559332043439,49.6755586536254,2391000.0
2026-02-04,49.69050979614258,49.695494363918186,49.67555989492695,49.69050979614258,1442100.0
2026-02-05,49.7353630065918,49.7353630065918,49.69549406884604,49.715428537718914,2653000.0
2026-02-06,49.72539520263672,49.7453296720434,49.72539520263672,49.7453296720434,1963300.0
2026-02-09,49.745330810546875,49.75529614442265,49.7353654766711,49.7353654766711,2294500.0
2026-02-10,49.775230407714844,49.78519954366061,49.76526507388043,49.775230407714844,1625000.0
2026-02-11,49.75529479980469,49.76526393552241,49.735364132591755,49.735364132591755,2239200.0
2026-02-12,49.765262603759766,49.77522793709955,49.74532813496904,49.750312702694515,1534200.0
2026-02-13,49.78519821166992,49.78519821166992,49.77522907599088,49.78519821166992,1818500.0
2026-02-17,49.78519821166992,49.79516354523772,49.78519821166992,49.79516354523772,1654400.0
2026-02-18,49.78519821166992,49.79516354523772,49.78519821166992,49.79516354523772,1684800.0
2026-02-19,49.80513381958008,49.80513381958008,49.78519934987749,49.79516468367312,1172900.0
2026-02-20,49.80513381958008,49.81509915337571,49.79516468367312,49.79516468367312,3144100.0
2026-02-23,49.83503341674805,49.83503341674805,49.80513361337362,49.81509894712799,1949200.0
2026-02-24,49.81509780883789,49.82506694447578,49.80513247531123,49.81509780883789,1365800.0
2026-02-25,49.82506561279297,49.82506561279297,49.80513114416121,49.81509647742153,1142800.0
2026-02-26,49.83503341674805,49.83503341674805,49.81509894712799,49.825068082993674,1148300.0
2026-02-27,49.84499740600586,49.85496654160264,49.83503207252029,49.84499740600586,1936000.0
2026-03-02,49.83000183105469,49.849998474121094,49.81999969482422,49.849998474121094,3008300.0
2026-03-03,49.83000183105469,49.83000183105469,49.779998779296875,49.779998779296875,2307800.0
2026-03-04,49.810001373291016,49.83000183105469,49.810001373291016,49.83000183105469,1698300.0
2026-03-05,49.810001373291016,49.810001373291016,49.790000915527344,49.79999923706055,1593500.0
2026-03-06,49.810001373291016,49.83000183105469,49.790000915527344,49.790000915527344,1802100.0
2026-03-09,49.810001373291016,49.83000183105469,49.790000915527344,49.79999923706055,1291100.0
2026-03-10,49.79999923706055,49.83000183105469,49.79999923706055,49.81999969482422,1356500.0
2026-03-11,49.790000915527344,49.79999923706055,49.779998779296875,49.790000915527344,910800.0
2026-03-12,49.720001220703125,49.775001525878906,49.720001220703125,49.7599983215332,1920009.0
